x_m,y_m,z_m,area_weight_m2,pressure_real_pa,pressure_imag_pa,normal_velocity_real_m_s,normal_velocity_imag_m_s
-0.1999701048105022,-0.11787555851115113,0.19338229228454323,1.5807904715315664e-05,3318.6084958420333,-9958.0738567502976,-7.7092914742267906,-37.241831506837734
-0.19992832072856451,-0.11111634915348453,0.19511711215271937,1.6662918530275444e-05,4024.0854289871518,-10089.547162704926,-6.9028457550439848,-39.097660999017691
-0.20000000000000001,-0.10580359683743601,0.19637703451451632,1.6362283812741301e-05,4504.9911474328273,-10168.410587436296,-6.0473833698131187,-40.374314159939061
-0.19987382661170983,-0.098480913133130107,0.1980766431054731,2.0424275569644977e-05,5163.2688701770085,-10268.324838517952,-4.9841252292465104,-40.765411382778076
-0.20000000000000001,-0.090772011712525733,0.19964305107257804,2.3227924671903357e-05,5741.3942122671469,-10347.789051098565,-4.0643369438683257,-40.031175832361043
-0.20000000000000001,-0.082666681620486723,0.20118904863574136,1.7444136813836384e-05,6284.972651742004,-10419.262380504066,-3.5554921226026899,-40.146996613970785
-0.19983307644294723,-0.075273967238548511,0.20250920161154443,1.8416265742307833e-05,6749.5907589980507,-10473.21400481104,-2.3527089967435071,-38.506737051710481
-0.19998214727189342,-0.054804880204953735,0.2053742830218187,1.2618082514974596e-05,7672.4936075376572,-10581.361726577883,-1.1802776872710423,-33.55697098144384
-0.20000000000000001,-0.043711750034850089,0.20656461150605362,1.4405365738745967e-05,8031.5961873486804,-10623.212763714475,-0.75722833121746191,-31.165622607234837
-0.19951977141235133,-0.032783731861708007,0.20756616206760875,2.0063977804644586e-05,8430.5338910693263,-10657.097911314107,-0.18405700025903915,-30.269338097835124
-0.19959228701698492,-0.022379550530939228,0.20800847900325056,1.3940218048623965e-05,8574.6290456485403,-10678.434258574813,-0.24977940618545158,-28.336922358409979
-0.19948102319771568,-0.012076500221800696,0.20855955682909205,1.3642702782519977e-05,8704.8985402573508,-10691.769953918556,-0.25434663043647193,-26.784493458324096
-0.19964501864777448,0.00073101668668726176,0.20855926983347273,1.321035486871712e-05,8693.4795963301713,-10695.365133352239,-0.06808119820267565,-24.98933998617693
-0.20000000000000001,0.011126198357847856,0.20849977418233165,1.4422089143599459e-05,8573.0822832616177,-10690.971959118317,-0.55951927028140036,-23.658105053036362
-0.19974142704930645,0.022074040541578542,0.20805596851445363,1.2831069895437321e-05,8536.8638970552092,-10678.139714138339,-0.40149080650784374,-27.01824266886905
-0.20000000000000001,0.032350767326698907,0.20749360674620329,1.643563422544272e-05,8303.753635802821,-10655.053917668056,-0.45731279894998905,-28.040273753079738
-0.20000000000000001,0.043711750034850061,0.20656461150605368,1.8996863060753966e-05,8045.3548811253786,-10622.829198441785,-0.756680065800031,-30.557907826414045
-0.20000000000000001,0.054051774261796803,0.20546626674534366,1.6409483803936236e-05,7701.5695707332761,-10583.673172527455,-1.0946800219170139,-33.145241981454973
-0.20000000000000001,0.064008184690156372,0.20418579604128986,1.7792118814548733e-05,7294.3538572285561,-10537.701395614053,-1.6440015293825916,-35.243442681968709
-0.1998615170252622,0.07452303559703187,0.20254205100530409,2.080707166513851e-05,6796.5656058854411,-10478.208537995411,-2.3011944045681809,-37.748746274245995
-0.20000000000000001,0.082343017860852782,0.20124767616694061,2.2361589788920069e-05,6301.4461753813093,-10421.720659071249,-3.3805930468649303,-39.165575385342883
-0.19985239968787474,0.090549629827350125,0.19973352379514303,2.3904644967105324e-05,5786.4770161987208,-10355.890791142294,-4.2987252013340695,-40.35050202907135
-0.20000000000000001,0.098696682239565084,0.19798706017043474,1.9250550292189787e-05,5125.2962152253212,-10264.056717705658,-5.4275653676028197,-41.260385694666596
-0.19999999999999912,0.10632581581370711,0.19625047873093215,1.5991285414933908e-05,4460.5259854442902,-10161.679281893195,-6.2672400078629744,-40.215718730988392
-0.19999999999999038,0.11155734354521893,0.19498265790961436,1.5186241854829593e-05,3961.1482269655385,-10077.202491924354,-6.8984685737125311,-38.999370933359899
-0.19999999995084483,0.1177021658920667,0.19341514269992127,1.652745171555465e-05,3332.6176674982667,-9962.8262597686553,-8.0775293665293777,-37.633272133171424
-0.19998820822727686,-0.12595589220735653,0.19116590248990789,1.2027073581161789e-05,2340.2598467230237,-9746.2627987555588,-7.756190135730427,-29.63519330663954
-0.19998539063918308,0.12674010076817641,0.19094772106523272,7.4346135818671305e-06,2228.3122701632565,-9720.1873464174787,-8.3610384119618164,-30.290691133367858
-0.19898025681242157,-0.1291847481375035,0.19047564553442514,2.5781184878160177e-06,2002.5582300759268,-9676.6524907322128,-10.065502657098616,-33.391612756102816
-0.19919788545452038,0.12947862554543826,0.19051244880323009,6.9578077279776728e-06,1964.0665554115737,-9660.1719433234775,-6.7966332951064468,-25.337829884415591
-0.19472558655040637,-0.1297992169059837,0.19238766597939835,1.304268077567806e-05,2497.9296621089525,-9830.8177610782895,-5.6368904531812793,-26.234222335147606
-0.19053687736198491,-0.10872145124060403,0.1993129780860223,3.5296972090000681e-05,5795.7814456622073,-10377.084162051566,-1.6517753936101491,-29.606067394637336
-0.19080937697591724,-0.10123709881590016,0.20077556742489605,3.7780958831358089e-05,6540.3143590181089,-10443.26993678811,-0.96465082506798339,-30.820984439918348
-0.18870961663440369,-0.094705438297343542,0.20272537414713149,3.1635879746218112e-05,7483.0468518359639,-10515.648961379105,0.2680518286416107,-33.155297940376059
-0.19083026174448828,-0.087903398848728498,0.20326034886082917,3.6645656708845729e-05,7706.3115347780167,-10525.465752628863,0.28824351005064436,-33.597832962561554
-0.1904751916771914,-0.080900692083684278,0.20451095902110558,3.4538676761606906e-05,8292.71486646837,-10557.368042257775,1.0344120336366083,-33.10889022620055
-0.19084389770634214,-0.071090306665871947,0.20582267523826356,2.2609413886199561e-05,8864.7601391737753,-10586.163273198459,1.4092993866799028,-31.706158942610202
-0.18989048337351788,-0.060426473309817451,0.20736785117293938,2.7511458842809242e-05,9618.8916361428292,-10612.747581176636,2.0432493784248118,-32.614711827042726
-0.19017478362763141,-0.05061529034763404,0.20827493291270191,2.9200964105303877e-05,9985.835027218578,-10628.673085817953,2.3846078142002161,-32.568982881613259
-0.19001647961361234,-0.040326183187907608,0.20909926393551403,2.334025318830553e-05,10378.942067750351,-10639.521966795039,2.58299402737619,-31.441921138109311
-0.19020543394879191,-0.030554517965405759,0.20960871435132952,2.2907511783082038e-05,10584.781207803859,-10650.812337748241,2.6332343748382128,-30.579216197087206
-0.1905743412047772,-0.018690287301549504,0.20991888375629292,3.0537894832995255e-05,10699.851837570801,-10663.356787072727,2.4858720722316319,-29.478030315825283
-0.19055911679250598,-0.0072831409600858064,0.21003124035694698,3.0848664797004711e-05,10801.065104281755,-10667.812773705935,2.5525422338416304,-29.36787744784456
-0.19032776264481535,0.0029126179439628512,0.21006508570355356,2.3943932221619225e-05,10864.608139687063,-10666.025171372448,2.5889534295987926,-29.260418432788665
-0.1911987730920422,0.014438873249451962,0.2098522545536704,2.5905752722906209e-05,10608.499554464002,-10668.765427963443,2.5455107709304068,-29.184623023260723
-0.19027321961014942,0.024581760042834737,0.20980256696109148,2.4582141780434584e-05,10676.871349750381,-10657.05372219763,2.4650575112840825,-29.858868898494915
-0.1903277038551415,0.03652931443187029,0.20925944933581198,2.4048798662679022e-05,10418.267232830322,-10644.885572751242,2.5348571591025664,-30.67576596628485
-0.19011071776846281,0.046626131291280494,0.2086210989274597,2.7302929225468653e-05,10158.106479023654,-10629.622708611736,2.6929210765319742,-31.809008649291474
-0.19111512714882944,0.055999422488563579,0.20753099744183698,3.3062578705473749e-05,9582.6044298107627,-10619.444886046378,2.0433251759932691,-32.45334825770292
-0.19047619047619047,0.066005392537648339,0.20659105218829482,2.3795697298335312e-05,9216.142671270336,-10599.055492109703,1.8755196872504045,-32.4369549651299
-0.19011775897247879,0.075494899067016702,0.20543948429331088,3.9204779556409252e-05,8722.0688498876989,-10578.078117174256,1.1801387860397481,-33.044488904302895
-0.19039439156849183,0.083530902555774944,0.20413704030472343,3.5238890184878349e-05,8114.4170087184202,-10546.989015661762,0.87076377196613974,-33.507787686427719
-0.1900579539606648,0.091248722164993884,0.20293405283751695,3.901812259410596e-05,7570.6759405948615,-10516.863404156395,0.20670158174745371,-32.724026862175016
-0.19036392429308097,0.09894663186401445,0.20138800277387137,3.2366934105324322e-05,6830.5416094690809,-10466.681482716222,-0.68744285556979323,-32.356219120635835
-0.1909099934984152,0.10539689822328163,0.19987783582946178,2.7956497290199913e-05,6100.7657118991792,-10402.596602277572,-1.3412602940478064,-30.734312905308993
-0.19108031410475973,0.11080841041745219,0.19864326329535056,2.6146420654405606e-05,5487.4599604252298,-10339.27049115545,-1.7413430624302257,-29.013180626816133
-0.19011476794951707,-0.1152177374501293,0.19800029188476087,3.7299005107721026e-05,5085.7879088636155,-10303.166507286463,-2.3514560704439078,-27.867493732543057
-0.19039630097804561,0.11609542710411706,0.1976888541363655,3.1385960125698129e-05,4949.9365985292625,-10283.401376090644,-2.475224298921872,-27.902301608060093
-0.18967025777588387,0.12201773244156307,0.19655006661806473,3.7340504558164772e-05,4251.2915228782931,-10196.643295569582,-2.8133114068041793,-24.920759806357161
-0.18874446070765441,-0.12999996526044511,0.19489847254997406,2.2638671569348857e-05,3160.8403832777853,-10031.04592406658,-4.0534826615031925,-25.921954816392816
-0.18826717708983973,0.12999996747881057,0.19509444422178884,2.8225741244948486e-05,3214.9210351185211,-10045.569637812672,-3.8379511704026537,-25.810654658417768
-0.18861480901867222,-0.12249338477059733,0.19686223461149366,4.059008964932948e-05,4312.4266756634415,-10217.794468504399,-2.8740096142507787,-25.113854236826597
-0.18158455791088321,-0.12355528241065734,0.19935506709872586,4.0679824263834068e-05,4959.9173566367799,-10374.778946982444,-1.7770060440809243,-25.322397566409219
-0.18161739844088998,-0.12999999838630183,0.19782482965802017,1.458676066965996e-05,3885.3873137141386,-10243.786057768675,-3.3064719416989226,-26.74247109501307
-0.18082052775595045,0.12968802625739101,0.19821598393153467,2.339133306509016e-05,4032.1050499270186,-10273.281896938212,-3.0757800093333767,-27.706684394843602
-0.18113130929771079,-0.10456174561181,0.20348214676268364,3.061405206561493e-05,7548.462062037077,-10556.275529182618,1.1597786035669597,-31.957529756454953
-0.18123879842227203,-0.098375319445492132,0.20457196715789441,2.7754898707170269e-05,8211.0044828720074,-10576.317417894508,1.7792378980739543,-33.1055683102119
-0.18063408330742317,-0.091749185706843372,0.20585459727539238,3.074741927235074e-05,8960.8315909241355,-10589.065253724782,2.8175073143375009,-34.041375742147878
-0.18121640117655327,-0.084411028128250978,0.20678866220225184,3.679348445836682e-05,9520.606206458393,-10592.773279459174,3.1454488329830892,-34.627215545290142
-0.18101110139384116,-0.076919861094231171,0.20783188796777596,3.343419865737689e-05,10150.190888916119,-10588.95875168378,3.945383833619347,-34.968847214361347
-0.18095238095238098,-0.06791336898418486,0.20886879907072214,2.7602762866826707e-05,10776.371449514001,-10580.377304512695,4.6284897756371013,-35.270398788644279
-0.18132483999245372,-0.0588372503278684,0.20964883525145925,2.5906082777024011e-05,11241.005484049187,-10574.369997047306,4.7760215621524189,-34.802419467443492
-0.18090353885639815,-0.049078988788496009,0.21048177151398653,2.226134828687315e-05,11788.928343215259,-10558.213652077395,5.362923364219915,-34.666436123103097
-0.18074761458739338,-0.038430394965723855,0.21107195694248465,2.6912034928969157e-05,12213.115185258801,-10546.459129403296,5.8762904422301254,-35.593297446343598
-0.18128934427387225,-0.027813774721883951,0.21128733937885233,2.559269551102963e-05,12413.988613273699,-10545.376376332519,5.6832040358384956,-34.648619692005731
-0.18124972529588704,-0.017472284402056067,0.21139895291382521,3.1511628466951457e-05,12622.087609284714,-10536.580577115119,5.9828705848493193,-35.051297279858147
-0.18128410766963104,-0.0053818668765101378,0.21140438717788043,2.5785012422316456e-05,12742.351799511753,-10532.26672181219,6.0178799651530355,-34.996349876718156
-0.1816417170431327,0.0051268876901266261,0.21135144381493012,2.4609030777864013e-05,12676.978994760177,-10538.336098228023,5.7647747639296236,-34.505878250870666
-0.18125892614022551,0.016098584745869594,0.21140650367847996,2.6053676718088866e-05,12641.855126167819,-10537.228466320954,5.7580173205311471,-34.691392663750101
-0.18102548214401862,0.027470478282167463,0.211344084532683,2.8962477573924957e-05,12471.373610150893,-10540.542621274752,5.837073426447418,-34.976588964992885
-0.18041247988453241,0.038033782399857947,0.21114124101905396,2.9185379245140126e-05,12284.659835145399,-10542.286431225561,5.8001059803824289,-35.828392585829235
-0.17958492083359048,0.049363869963579381,0.21073617181818677,3.2942570122589001e-05,12002.81941490737,-10545.182748875342,5.5521263974908548,-35.032424407251995
-0.18083736698918257,0.058494926669139843,0.20979971993068161,3.1293083204669141e-05,11338.683733264173,-10570.592439421322,5.0330558857000316,-35.329060626860951
-0.18016451108164694,0.068439670777884931,0.20900723540563301,2.4540001471167178e-05,10872.784843776966,-10577.123056099448,4.6635655950129493,-34.880998910855219
-0.18115756583161594,0.078132719485714777,0.20762788493422685,2.9163879677989447e-05,10023.87748131357,-10590.600546466485,3.7330386635350767,-34.404987718282896
-0.18043973837313532,0.084977986465346461,0.20693558976496598,3.5369511536428511e-05,9581.0413863651811,-10594.256837950103,3.3076916559306322,-34.77797815608843
-0.18052997876526433,0.092600873520319385,0.20576010325513769,4.4906873694259688e-05,8889.2967704777529,-10590.465248719567,2.5867188510975301,-34.063844544747027
-0.18185838101039373,0.099699830830807828,0.2041291129415809,3.2773611424852337e-05,7989.3393967146303,-10564.579725158668,1.7215764013589336,-32.729100457741986
-0.18141354410587485,0.10508839129890525,0.20328437064212398,3.2048879146865071e-05,7446.4757536738416,-10552.203019889073,0.78651241054886589,-31.521006439975618
-0.17997507982384239,-0.1105980018577112,0.20273553785588008,4.5335183858237858e-05,6960.4559775966454,-10541.276286162114,0.4872880356530252,-30.533729389914335
-0.18148203107843741,0.11089437263430267,0.20214164090127268,2.8959188445923259e-05,6738.9387557340151,-10517.898286533737,0.014171397403437534,-29.356469011600424
-0.18058553910582478,-0.11642147906483784,0.20131672859497671,3.0542613552629662e-05,6114.9899470624878,-10485.569330380966,-0.45825609746572837,-28.514379285710387
-0.17906362903176382,0.12380949394522756,0.20028440532332301,4.8489452004530297e-05,5186.9509768538919,-10428.208351147905,-1.4862084489240015,-26.313947862810284
-0.17566652949124756,0.11879575157599705,0.2026101529133566,2.6472245942005107e-05,6315.5844813924068,-10554.10264697302,-0.044499774586911393,-27.49652385827698
-0.17481779599130209,-0.12371701126118191,0.20187196958243164,3.6105414861975828e-05,5631.03572640328,-10523.575290874409,-1.1025886619097554,-26.241078086940121
-0.17187185111464434,-0.12973853634836396,0.20166850088029856,1.8065378702877018e-05,4860.5108209627424,-10501.392294250169,-1.9318550475429133,-27.190939964255698
-0.17260433922645801,0.12999999999999304,0.20134597844648211,2.3040459734907712e-05,4757.0290977732384,-10479.743785806477,-2.1785251619671278,-27.468395485290252
-0.17151960195101323,-0.10176917751255386,0.20709726055809013,3.4278555987886596e-05,9080.8165081343177,-10647.590308796651,3.5244559889847573,-33.637717147773735
-0.17108470401059281,-0.094974691030438721,0.20824918032658329,2.4242751966780035e-05,9910.5782210265079,-10633.093602176896,4.1093646686533205,-33.560088198806845
-0.17100281140840923,-0.089348588236976847,0.20902982904245676,2.3367455529345441e-05,10505.876209161186,-10611.242047737567,5.1510826480861693,-35.396366987154877
-0.17073230336503284,-0.080410081123779051,0.21015699187291628,3.2671844101506451e-05,11378.513820123622,-10569.72171693054,6.0761027574231763,-35.99846777585261
-0.1715493768123966,-0.072707797501111227,0.21074633964904191,3.3577103490446594e-05,11881.339989198605,-10539.531639662608,6.8038412686409693,-37.12736355626059
-0.17192609787248594,-0.066205102454521395,0.2112259040542237,3.048053954088632e-05,12298.501648304193,-10513.322815863236,6.786976550680488,-36.437938828181096
-0.17245990347180254,-0.056184569888711719,0.21181359659607824,2.9774864324819995e-05,12838.358333707285,-10474.407855112951,7.6532116669623251,-37.28188027980422
-0.17287168664579824,-0.04684635684151546,0.21219405742034256,3.0785451951494659e-05,13248.485803085752,-10445.404614983032,8.0830688490096296,-37.642391899776214
-0.1712285784083391,-0.035078940767559408,0.21282077143416769,2.3985598428606892e-05,14009.581522347025,-10372.957240643085,8.8353183607293513,-37.267287964283248
-0.17172491435161841,-0.024181261617312634,0.21281960690881788,2.5906284966570769e-05,14247.868624319904,-10354.629204127466,8.9785636328706833,-38.118309587604976
-0.1710100727717338,-0.013586586251762586,0.21292543779586989,2.6401588840161865e-05,14581.510893601197,-10316.24416619678,9.6770577621182614,-39.189574971015865
-0.17216543213438906,-0.0024476207143135967,0.21275438911927583,2.8037079749052054e-05,14471.960242538657,-10333.65854455258,9.3325079392116166,-38.543376815226289
-0.17198339741594043,0.0082571463458773961,0.21278133900057788,2.6733864343401272e-05,14467.103367345373,-10335.106125839893,9.3256718414968311,-39.09378913435846
-0.17177010671264392,0.017889524584628766,0.21281291626883567,3.1261242186398815e-05,14383.523183277526,-10340.044805297439,9.0048846614443701,-37.781941778384116
-0.1711582015830182,0.030500011621774323,0.21288235232252944,2.7531202603851245e-05,14170.458354416551,-10358.174908336681,9.2126842814707519,-38.141390352555312
-0.17072944296028034,0.040467451141659311,0.212825349073967,2.3921829139808403e-05,13883.586686052706,-10384.77465412988,8.4295424099830036,-36.922787237334099
-0.17324601692357602,0.050348811648712341,0.2119881661314002,3.2285609454997442e-05,13023.45483335356,-10462.756627558134,7.5071308363174696,-36.468750191137666
-0.17201392718235856,0.059957314443542895,0.21168571386685781,2.9611248138979441e-05,12683.69512459314,-10484.953725594483,7.6406614344773267,-37.415980109073274
-0.17097733862549774,0.070267559420646275,0.21110778494141216,3.3323495277534309e-05,12152.745655494713,-10520.627945488699,7.0219465866356723,-36.767982596055177
-0.17077600563675924,0.077400225222608796,0.21044485539951271,4.7112741840802518e-05,11607.324093979943,-10558.070369207973,6.5413596286761306,-37.274400659396164
-0.1713495432581518,0.08506787582489661,0.20947208142237217,3.6060027793385639e-05,10858.858237741162,-10594.538179106452,5.5074071275149752,-35.802451963955605
-0.17208714895732863,0.092769153393104251,0.2082577720123143,3.9351237277963712e-05,10018.111261945296,-10621.919002300159,4.480609602079376,-34.851513602764072
-0.17061892820979663,0.097883589768452378,0.20795701532015737,2.9009077287872597e-05,9649.3407393972029,-10643.710640246341,3.8012711034169366,-33.033844607236254
-0.1723706680604542,0.1232849505392184,0.20286437626665965,3.6227948434054658e-05,5944.7973741142187,-10577.778260864308,-0.71771704632278621,-26.310659668652622
-0.17150212089342184,0.109008286113041,0.20590413490114151,3.0505006045317022e-05,8176.630113884783,-10653.168729173925,2.2363866201220688,-31.251277957583408
-0.16831460772349427,-0.1181230857875379,0.2052929974537486,3.3308948299217851e-05,7187.5482579276168,-10682.507498268949,0.92602043955857549,-28.385404380243944
-0.16885551245228014,0.11886640426223533,0.20496797761417243,3.1511005800396578e-05,7017.0818637675593,-10670.097552137375,0.87861855806901379,-28.557889900695617
-0.16802004489889411,-0.11127244532803275,0.20664350407389381,3.165194180198823e-05,8240.5674098708296,-10692.876190898785,2.3800045246552815,-31.04094997358829
-0.16771002413032898,-0.12393465742820942,0.20439451287397264,4.2964513648510143e-05,6294.7540722079302,-10662.983207997453,-0.3691391467472141,-26.541049162317186
-0.16552487513387212,0.11083111163805338,0.20749758078333813,3.0234997986530698e-05,8565.0231405320283,-10719.632159967598,2.8040245551751171,-32.278072880456889
-0.16288857506271795,-0.11107915784573441,0.20828668919566146,3.4649575186766793e-05,8798.5898648872226,-10749.320584666293,2.9561028367644275,-32.282376204162112
-0.16277476436528615,-0.13,0.20495031609873202,2.3811978433112024e-05,5612.602928651886,-10702.26509919377,-0.98439103931062988,-26.135692296557018
-0.16315847554230076,0.12987404073818706,0.20483652151084569,1.5095962665255742e-05,5595.9827575957424,-10695.498865557929,-1.1767816581919033,-27.127259289026
-0.16283849602816644,0.12430084037078161,0.20600096741184024,3.0124213981643976e-05,6674.2683368727157,-10748.491497757088,0.19320235837698102,-25.949907623748931
-0.16217307264975661,-0.091601860123452353,0.21116402395329384,3.128032565824077e-05,11376.357725749902,-10619.338583028479,6.5765243081223659,-36.230637611866044
-0.16124609995203115,-0.086427476045015675,0.21194226377591802,2.5680595253553528e-05,12043.248992544182,-10571.266834890817,7.5416940737863163,-37.001015499472871
-0.16166467328964668,-0.079448858631380584,0.21251934340111364,3.3799708241016553e-05,12668.076945539608,-10512.617768099526,8.1280464478587557,-37.21011300977603
-0.16190476190476191,-0.07097703511324889,0.21313203387291338,3.8394871177253768e-05,13370.058989763911,-10438.847265792065,9.1246791511978724,-38.351208314269904
-0.16256871807485154,-0.06133823199367841,0.21357468699315518,3.7768398109975895e-05,14004.851581354224,-10365.397927996601,9.7267641940172531,-38.212972792001779
-0.16255340663056755,-0.053932788547413402,0.2138661058116153,3.1763876821930398e-05,14483.238513045997,-10308.568390938704,10.219938182090859,-38.602602061024328
-0.16280749999421246,-0.043490554575176692,0.21405902196588464,3.0303115637172751e-05,15014.918756097326,-10239.849296102369,10.808086834943989,-38.972068424985636
-0.1615585003785853,-0.032786546147601736,0.21432472446098655,2.5278825355262211e-05,15679.259498860079,-10145.827103362424,11.498856306254586,-39.433107951960665
-0.162128224445446,-0.022042704276224304,0.21424037793573197,2.8733472686497644e-05,15921.797737156014,-10111.827841646698,12.151465537325556,-40.837071135910733
-0.1615629461150894,-0.010948089975097362,0.21432406627845904,2.5784909538768011e-05,16239.166701033077,-10059.501394378185,12.58665774425028,-40.858192452650023
-0.16205548501588946,-0.000240800986105719,0.21425114686491889,2.7376898865198395e-05,16216.776843380005,-10067.591844240744,12.593330573901484,-41.558723977368714
-0.16212293735116981,0.01074054519282598,0.21424116067961946,3.000854242823089e-05,16147.637818632653,-10077.27769673038,12.16117045645065,-40.491697241656233
-0.16197741004287178,0.021893768158176386,0.21426270571079961,2.9698093250791894e-05,15947.540279885419,-10106.613971328678,12.408530287750981,-41.211527259698769
-0.16191451415293742,0.032843782619415202,0.2142713522150651,2.5819186256426723e-05,15618.840896068532,-10153.660226765431,11.764087180205587,-39.987448771403407
-0.16174263997949723,0.043269144989967354,0.21424458542285055,2.7457314570366342e-05,15191.271751211712,-10213.609513003816,11.195378391034302,-39.102775758424499
-0.1624081516406134,0.052482986639052147,0.21394679029736552,3.0536621509337356e-05,14590.01746741159,-10293.702754200938,10.311895529798104,-38.222048978219149
-0.16049574181877205,0.062793001649087007,0.21390636359526471,3.3930801833849055e-05,14196.912466348191,-10345.835097066316,9.8800620514148765,-37.860318720632577
-0.16146400507506822,0.071214868449013188,0.21320704135028462,2.7261457955252437e-05,13408.237245914253,-10435.973216998749,9.0558980300995433,-37.708809101351385
-0.16271562091618744,0.078430139677473878,0.21235219541271139,4.2192938614798249e-05,12618.823093093846,-10512.054345929724,8.0945368558351838,-37.645757983566838
-0.16196836471349077,0.086097429710635304,0.21179575716827423,3.2984769607047424e-05,11980.368795869825,-10573.154382524319,7.3304102525389503,-36.790949621998024
-0.16200631595955642,0.0925186040121935,0.2111067897890401,3.0701379054408307e-05,11294.948989350138,-10626.792684649672,6.5550543501031955,-36.020344169849878
-0.16175098933334109,-0.099681391906020198,0.21027698465727493,4.2586050120543399e-05,10485.006174422866,-10683.298064657072,5.4568233607172321,-34.909551687999155
-0.16177610502143294,0.098155647837416538,0.2104739773113469,3.7614292365563762e-05,10669.176929249088,-10672.201421819223,5.6457700275560256,-35.064021865318736
-0.16011402718876577,-0.11752834540370204,0.2081123336071132,4.3299721272453181e-05,8088.9972561003724,-10797.250002703813,2.2418015596322705,-29.790217291108345
-0.16225197668279942,0.11755642964862552,0.20742567708555568,4.6423021448040561e-05,7877.9673094469836,-10769.713489001631,1.7798425911664748,-29.516174346939295
-0.16034044367152328,0.11124197663299437,0.2090634070357888,3.5310438344404684e-05,9042.5209359732653,-10770.642883356077,3.5381210203196254,-32.089298895165385
-0.15769919161730026,-0.12387001942748027,0.20783190170951302,3.7052604030219299e-05,7188.5005742187786,-10839.439224799535,0.50546033303467375,-26.194334685167977
-0.15646720032771419,-0.10467284195658287,0.21110272617782652,2.8879550876450253e-05,10387.928105919538,-10748.176283236484,5.2716504277494334,-34.011330188412835
-0.1576675530274895,0.10481109120537291,0.21075614132916926,4.1549082118982111e-05,10230.891525541641,-10746.305281114144,5.1911729001076701,-35.169087148894548
-0.15670276929240981,-0.11078816852488445,0.21022271430234626,3.8652688054694968e-05,9468.6656649924753,-10801.144522590525,3.8417338018478682,-32.551285176697782
-0.15284594346431682,-0.11753030381867981,0.21038786034407886,3.076947489680423e-05,8728.4093135299081,-10888.000460193049,2.6922796417340287,-29.540070978939372
-0.15147476468225274,0.11746380605194483,0.21079853946744245,3.0530567403472278e-05,8870.2273649907675,-10901.726619553385,2.8920172879826547,-29.438990679737994
-0.15279812145319743,0.12304502703880237,0.20951207434334404,2.9475045528697411e-05,7761.0468086325136,-10912.906819369198,1.2150120934665365,-26.213806053603129
-0.15305695794305799,-0.08761298822533696,0.21384134438484947,2.4113741294433529e-05,12886.309965613174,-10547.165212772814,8.7996095212838839,-37.638258848997182
-0.15269466713080743,-0.082008247580787993,0.21436388296907016,3.2432056217621619e-05,13532.914773155975,-10469.173603642856,9.6466073187739045,-38.138270131787365
-0.15153045285602862,-0.075399654807217151,0.21504141209318764,3.5217926632516227e-05,14328.071024076842,-10368.210629035579,10.513752522094954,-38.451960623334067
-0.15217537266187878,-0.067770714893767708,0.2152820201663547,3.0320497609732446e-05,14926.688277747342,-10274.603604691627,11.332381256416546,-38.885813082722976
-0.15296338682502589,-0.060832485396843612,0.2153934281913894,3.084890055351006e-05,15370.068045022363,-10202.425769874932,11.736673807491826,-38.99064914469281
-0.15220420168570284,-0.050262420567131157,0.21567972169678476,3.1894832249803121e-05,16206.415308635487,-10063.735062128406,13.023016732445361,-40.284675951250094
-0.15042757074209478,-0.040378701034317066,0.21597263665620856,3.56239911390551e-05,17018.132899231718,-9919.0197752326676,14.631090268586934,-42.315019320197301
-0.15159895706476464,-0.03076483091164138,0.21579921521977116,2.5415859749673113e-05,17286.577101524024,-9866.5390865062309,14.588682184936186,-41.922130629469933
-0.15149733653694683,-0.018657582160603772,0.21581425993863515,3.0127257766068982e-05,17685.925065127714,-9787.5802449939056,15.27894240695122,-42.842695318068643
-0.15217761705197227,-0.0087927545316154529,0.21571354574912063,2.4084231518383293e-05,17754.178514086143,-9774.53059096584,15.646054863135191,-43.406002088578276
-0.15173432669412257,0.0035546529908731714,0.21577917401293878,3.5739470085975725e-05,17853.605155973255,-9755.9116823597378,15.934249567917904,-44.026341511860188
-0.15207372032297695,0.014570327052719692,0.21572892745508288,2.7833482659581816e-05,17685.978243546168,-9787.5569950957743,15.185184489617692,-42.456851891362788
-0.1532734748550113,0.024411244201890663,0.21555130616115872,2.8744546659890496e-05,17257.550582323813,-9870.6156518990156,14.604807515860958,-42.257049481460975
-0.15228792670910418,0.035136968057148978,0.2156972146217867,2.8183277107633282e-05,17009.256815262677,-9917.3736676010667,14.002212243230151,-41.042524491201831
-0.15217349727891655,0.043978982854041816,0.21571415567340202,2.8025765843540552e-05,16580.293153069786,-9996.3672177333392,13.61172638844268,-40.836285857104393
-0.15142974928782982,0.056640563568469415,0.21571781250804023,3.4964571247669582e-05,15870.91424178906,-10126.064368790547,12.967325676985146,-40.903305464603129
-0.15282517944220234,0.064311787100557988,0.21528624089562984,4.8265820782483049e-05,15115.585989688565,-10243.738557315497,11.721570358927723,-39.698893128115436
-0.15318851372101994,0.071605874005909009,0.21491882947649918,2.5601423940527351e-05,14460.643320029469,-10339.618477248161,10.795834930820877,-39.14942665121702
-0.15176325469577573,0.079954484588036487,0.21472413472370883,3.1642378913918064e-05,13846.139035818669,-10436.000296439272,9.9529732030014362,-38.795854253794715
-0.15303203941517954,0.085700948726526324,0.21400679467890879,2.4912608586067491e-05,13094.8950293052,-10522.767852993165,9.2665420691553617,-38.487763262472114
-0.1516733878729683,0.090847821000275636,0.21389683605175644,2.9302451574011787e-05,12686.1870287938,-10579.735226074947,8.5858892394131541,-36.743005063303215
-0.15229242496830367,-0.092932165785197668,0.21353661022675566,3.78074475808653e-05,12362.009221342445,-10613.368887267701,8.0239200401972859,-36.875575637324161
-0.15182165072241399,-0.12973277117531318,0.20873086926912676,2.5344024367923505e-05,6542.4934110354689,-10919.25897980733,0.040157523312931244,-26.242795718265914
-0.15168747376678082,0.12981845923313673,0.20867275270797264,1.5111418226903426e-05,6517.424341262702,-10922.729191983437,-0.23437445080503477,-26.152744276478167
-0.15095835118333045,0.11113004395439388,0.21180894111187359,3.1554855153995525e-05,9969.5167031861183,-10847.690231816738,4.3639281733536395,-31.836690902635954
-0.14968714325331234,-0.10509976607488344,0.21293445068031136,3.7582395355483398e-05,11008.448342560172,-10781.92842975657,5.8422805172868806,-34.332588785438027
-0.15038859088207007,0.1048730085081165,0.21277282179773216,3.9547728813191071e-05,10974.422764327073,-10773.899388153492,6.2609705104080655,-35.361431995396551
-0.14897898783766092,-0.098128113457824601,0.21381710344869906,3.1936040051559217e-05,12052.350530811273,-10681.155844845143,7.9495605325939893,-37.171224813277121
-0.14690136591468067,-0.11152129490418139,0.21291065110941781,3.031644880482073e-05,10276.241800735406,-10880.939849751076,4.6989293254696829,-32.045980690005173
-0.147488805915725,0.098802720095131052,0.21415215815147273,3.7634593626242332e-05,12120.380492869679,-10690.19935259044,7.8021641831662798,-36.663356797542349
-0.14700040643688614,-0.12380952380952381,0.21120785642641574,3.5963040916726693e-05,8086.6832153707164,-10998.528129311557,1.4574577128086885,-25.899783698851135
-0.14262643601068498,-0.099441913053417652,0.21528696975717607,2.808344108082087e-05,12517.292366986907,-10697.388830970194,8.181561299842679,-36.139663545451924
-0.14196262622557976,-0.080329978640333713,0.21669485763536672,2.9874665614248278e-05,14952.415210748444,-10334.631954120041,12.054514921261942,-39.917524833548597
-0.14203556811016696,-0.073784314230107076,0.2169315361914575,3.4869614480582338e-05,15627.862750988656,-10213.448636481846,12.873781074172603,-40.170381224626816
-0.14272743152397521,-0.066074310824973184,0.21701812921010979,3.9324571157403333e-05,16253.021174601958,-10093.226682663613,14.125096512550407,-41.706490272402327
-0.14265606291309549,-0.058741212658906854,0.21710082708679024,3.5000840409356558e-05,16875.10733338018,-9971.4053895763245,14.684069455946206,-41.809414818100734
-0.14374566619643053,-0.049250288892143612,0.21695905709723726,2.5615962843016239e-05,17434.999064810832,-9848.607685058043,15.426793315150645,-42.120757547834543
-0.14364530951023635,-0.039920390859626377,0.21697673706472437,3.4074815359097689e-05,17999.028629610359,-9730.1386609076799,16.515699091010372,-43.816898408517353
-0.14229370695238933,-0.028588375312214379,0.21717683915959948,3.5132533020689877e-05,18713.570939013123,-9571.9227661017103,17.678887307167763,-44.601916329018337
-0.14350014728375185,-0.018721613536666525,0.21699822804626154,2.894476857180125e-05,18853.927472054911,-9539.4739535116369,17.856266270492753,-45.037043623706495
-0.14344149957575433,-0.0078036009684470742,0.21700691072384437,3.3698485421349453e-05,19061.031496691034,-9490.5497150202518,18.182730298231849,-45.111621420475473
-0.14237532091954555,0.0037322329977314125,0.21716475637261137,3.323148627795644e-05,19245.471878781078,-9448.3829212028468,18.32018652903804,-45.058237541173831
-0.14275277296285324,0.014918880467080438,0.21710887534150333,3.3437756120202872e-05,19041.959308245296,-9498.0344404861844,18.267331645417041,-45.612678422052852
-0.1434343698322966,0.026456765891106081,0.21700796626831159,3.1513570413968875e-05,18640.881626427377,-9585.0407771715236,17.108913237537543,-43.58926212908235
-0.14166301778022369,0.036971162695091771,0.217270211448541,3.2343450024666124e-05,18422.631150296576,-9640.7797609273221,17.222842533846279,-44.471705649996352
-0.14232197821313222,0.047334045022025852,0.21717259281125159,2.582941482462594e-05,17741.668370203173,-9788.8052002501408,16.333406566876871,-43.518440032559795
-0.14282116468264008,0.056396728539242165,0.21709498309343478,3.0974898943685792e-05,17039.745892234183,-9936.2897882403104,14.790884370048012,-41.607114817847069
-0.14101744127017779,0.064135262058702833,0.21730253637603097,3.9877811234594966e-05,16637.845434850125,-10026.646507040035,14.49009262262871,-41.662918006238741
-0.14312212631563254,0.070668534796387142,0.21683624925403203,3.2909335097072567e-05,15793.766886711725,-10176.134228537327,13.294499021670298,-40.695913601804492
-0.14318978300713095,0.078069106931878143,0.2165565449424432,3.5712694071633527e-05,15063.583927860975,-10305.991706927824,11.830256243744424,-39.40208886473804
-0.14182560650279633,0.084766406234238312,0.21651222831320924,2.7606887976100801e-05,14479.126758525683,-10414.835250976083,11.107194927085935,-38.659853439952762
-0.14101900191067104,-0.091130084652633364,0.21628848863118047,3.0150881116922115e-05,13789.999466734587,-10532.806227081255,10.323091816364428,-38.428027378425668
-0.14215761821692433,0.11296293707625314,0.21400603666095536,3.2439397692093963e-05,10446.436782440209,-10931.992106586633,5.2956273253217399,-32.867007438106882
-0.1430059152475241,-0.11766181457559022,0.21320188428113035,3.1990498403715357e-05,9544.5042163787166,-10992.389146521748,3.4104582842473796,-28.826381570331716
-0.14194417972276743,0.11807148644353978,0.21344795639087008,2.1901237845029302e-05,9549.7259991207975,-11008.691035512054,3.2300980409836328,-27.766136760076144
-0.14029590096552375,-0.10472781336539755,0.21532638930435763,3.9556703662056383e-05,11945.517324110848,-10799.859838997741,7.4566494098211562,-35.845520971603733
-0.14207828521386145,0.10561261404449375,0.21481535121770079,2.9665070795076461e-05,11657.734614655372,-10809.93182035314,6.7539042414492068,-34.426563216434147
-0.14108620317810797,0.12273015131472026,0.21306221919621474,3.2218421813627473e-05,8733.3811348802446,-11068.855205287886,2.1815343444084636,-26.317225212227818
-0.14007778786313563,0.099611246000376602,0.21586963524939229,3.686940884900801e-05,12731.537427553669,-10700.34953472899,8.4955916488475509,-36.60131188897288
-0.13990165561475101,-0.12962367411957024,0.21247928473566521,2.0028042512734729e-05,7417.789803788809,-11124.35939976675,0.64208020002472654,-25.135635462097415
-0.13982565334104052,0.12952400731845606,0.21251370603933828,2.5751379560639481e-05,7441.5140860355859,-11125.389466131828,0.70545451292906547,-24.98576507482445
-0.13749833656585111,0.092969828434123145,0.21694108835300002,3.7012549064720533e-05,13899.028711361894,-10555.128975935515,10.181403306574056,-38.262596479647591
-0.02493491291013384,0.12331874436542718,0.23223886101693861,8.201594503325068e-06,13490.053039757069,-11831.628695859437,3.2105988496145241,-15.438614844026604
-0.1370330532916364,-0.1108085647022511,0.21554508047962853,3.2334730305062029e-05,11240.438922652145,-10926.829509626623,6.3337380704919317,-34.007380147228794
-0.13648941937382833,-0.098933633026495799,0.21672571281847341,3.2131655059898327e-05,13172.16355016166,-10679.325473040908,9.1538132523166045,-37.352704931940046
-0.13493739201666977,-0.092228660112892755,0.21750067940951706,3.5046050039232757e-05,14258.585830043163,-10521.144218274303,10.83345707378159,-38.624940201383339
-0.13538726922663147,-0.123800047239408,0.21454808826693886,3.7297105775128631e-05,8930.3533288107446,-11149.955917275853,2.2123246771433869,-25.511880196888576
-0.1328458604910277,-0.076348386661110393,0.21847704150879232,2.864764832605641e-05,16398.476742332274,-10129.563137992454,14.389068420902928,-41.333377524130725
-0.13276361427833008,-0.07060599734458424,0.21854389358974133,3.0303086403657769e-05,17015.040195146597,-9996.2104848197541,15.491167791583399,-42.257888436703283
-0.13300370965550212,-0.064146625787957962,0.21855030197628997,3.3650273798434166e-05,17609.951380969109,-9861.7126058116901,16.179037735848745,-42.616677537920857
-0.13317605944358724,-0.056634563119115716,0.21852668890370652,3.1857858947063009e-05,18232.803447528509,-9715.5736555499916,17.44518768818001,-43.946932522864223
-0.13246749410270214,-0.045838675977783037,0.21863159060594425,3.3343887070706132e-05,19119.792404975291,-9499.3219369565049,18.887826235697169,-44.93273580135655
-0.13336727856472388,-0.03679882259320872,0.21849837928968763,2.811838012260292e-05,19537.878160940687,-9391.5242858676229,19.428200515878174,-45.64356871925807
-0.13338622755508359,-0.025185868497424397,0.21849557392901059,2.9839295217697182e-05,20047.755953370892,-9258.4461090404802,20.28063452986056,-46.112707800152918
-0.13356311668131307,-0.015011746753801531,0.21846938584249531,2.3031149763274119e-05,20317.970959627604,-9186.4204815415069,20.470894582838781,-46.071171824971685
-0.13351152869894475,-0.0051862717753915809,0.21847702334161245,2.2302650910419901e-05,20446.072529621626,-9155.2557605807779,21.913349636621799,-48.797761309245423
-0.13330131182461358,0.0061006935215955817,0.21850814553554998,2.9639281623503396e-05,20475.694674494829,-9147.8046915912037,21.165955500560994,-47.513378416510797
-0.13317287362672611,0.017853554514026017,0.21852716055761404,2.4645932531562294e-05,20311.995043735802,-9185.7762867584497,20.159773940497661,-45.247432731734847
-0.1328114846846809,0.028583451953608913,0.21858066347823824,2.852291695083768e-05,19986.691359505607,-9276.6283178970825,20.510178296594603,-46.914617130950269
-0.13341810799877063,0.038633974954083099,0.21849085409215452,2.5097687580469541e-05,19431.26896114487,-9418.1583317973455,19.129190616685825,-45.151569980267773
-0.13375543890414013,0.048747354776679942,0.2184409059512073,3.3306466177465821e-05,18754.821916509001,-9587.3626721386008,18.213375020382763,-44.827643276378254
-0.13357846767453846,0.056897752147040938,0.21846708107088147,4.0516795372298978e-05,18163.692167409517,-9729.6386527055292,17.259201679186983,-43.828365297643664
-0.13376764527730736,0.064892505626677158,0.21843271770403289,3.8789823017151877e-05,17447.172937424857,-9894.8453064918813,16.024263575969968,-42.878912214755729
-0.13333333333332989,0.072590305107704256,0.2184420095645743,3.3486035254489978e-05,16742.176987089802,-10053.247103792648,14.84764058827032,-41.585436804297203
-0.13361599828213222,0.079223773759181867,0.21829986562199413,3.2249416113550838e-05,15992.714681836529,-10208.831789014464,13.564091537927037,-40.784134732860075
-0.13328315264314258,-0.082714664214813244,0.21824341316424969,2.4945279754555299e-05,15611.566843744338,-10290.158863102804,13.09280051864031,-40.738551781044848
-0.13289527740859228,-0.10472819558859905,0.21709532592263653,4.1198257107533913e-05,12589.637708567367,-10812.232244224477,8.374374759718334,-36.869065881902436
-0.13196521356101693,0.1049858807059659,0.21727726593681218,2.4741579312466734e-05,12634.645363353471,-10815.158311999765,8.2517886755096157,-35.418670219640852
-0.1332780320915472,0.098449642486664046,0.21747611344382323,4.1911473313472019e-05,13533.954085324265,-10660.776996397037,9.9541749739619227,-38.144791473790605
-0.13180893208081781,0.1113250607050955,0.21683032625011373,4.0698859243502977e-05,11570.356050753362,-10963.212931135409,6.211812832335144,-32.611308845272148
-0.13092530559996171,-0.11819957049817104,0.21633278509527387,3.1788605390927372e-05,10360.603175550388,-11111.517309167884,3.8916691917035626,-27.411635235538643
-0.13033529977744479,0.11794132909170166,0.21651116483144303,3.4352373318307703e-05,10451.010516712311,-11110.877544482933,4.2995842711410877,-28.620569070195454
-0.1309496213947495,0.092148140463475331,0.21829950243780813,3.8417725081687889e-05,14649.743857160887,-10494.192624039822,11.655141687295705,-39.376318835172547
-0.13024516609494946,-0.087758630642644594,0.21860889494995728,3.7994248549084081e-05,15309.915195541005,-10374.947415397348,12.710146739226834,-39.856644006942204
-0.12896262092311486,0.12380952380952381,0.21625230463022624,3.63432549186752e-05,9357.5411234034073,-11225.981504700349,2.3363905469678192,-24.029948861810801
-0.12854445067174683,-0.093046739275768467,0.21871794803617078,2.9962309590982213e-05,14749.529510908234,-10503.306103279303,11.627044327609591,-39.16674215318659
-0.12661142134101203,0.085734827456511467,0.21932404094240754,3.5250848648289652e-05,15910.298388434583,-10291.637998868908,14.045428003470278,-41.989760135509471
-0.12853330353200135,-0.09932146366500795,0.21842037416583446,2.7227005668248692e-05,13826.123426785187,-10670.023610678516,10.309206678992787,-37.994782596919286
-0.12633543349942505,-0.12956188530489024,0.21632039714352785,2.2251093235280534e-05,8293.3543161137713,-11324.569805384619,1.3886369454778311,-23.546267750505852
-0.12675378519260205,0.12986429444411832,0.21618078022009188,2.1142682154651161e-05,8196.827667724905,-11321.315439212221,1.2006319222483215,-21.941405465424396
-0.12503453247433255,-0.11116144293111513,0.218364435078824,2.7962821879023518e-05,12127.060983670874,-10985.901939471518,6.9517098856051627,-33.445505049300714
-0.12356912839401156,-0.066706283733181104,0.21994897611171768,2.5233182066540284e-05,18432.877768765054,-9723.4837373621085,17.993757055347171,-44.042468827367394
-0.12397053229811192,-0.060381324610968311,0.219889549054825,3.5143239136484627e-05,18973.011125234927,-9585.4528109873718,19.422226591263726,-46.163284362815972
-0.12446716459331426,-0.052225370116711065,0.21981602362231101,3.3820826675712115e-05,19614.767662502731,-9409.3087115236376,20.214452681456248,-46.32631291746705
-0.12467011444046207,-0.045649827522143867,0.21978597729742572,3.5793788746734017e-05,20084.060402493898,-9277.6546850714494,20.558063204639218,-45.922795317864086
-0.12514503754906295,-0.034591831940952882,0.21971566586720248,2.7723200326388912e-05,20676.315365261824,-9112.3425893318254,21.712343378232489,-47.165621934544667
-0.12400069697487937,-0.023705514128299566,0.21988508323387979,3.1290838935981476e-05,21280.912070698341,-8942.4770721753757,22.893008622927148,-48.2710074785941
-0.12360638934477325,-0.013053170800510151,0.21994345970139337,3.5648973603340386e-05,21629.641460653776,-8838.4231674765997,23.353346124473749,-48.437224228321178
-0.1247891318536061,-0.0017964344243514572,0.21976835700397596,2.5977183413756936e-05,21611.062968617494,-8838.4285384594732,23.12471268736012,-47.622004653184455
-0.12377974063324299,0.0099203320951465335,0.2199177953847859,2.6335607787527383e-05,21657.834035684107,-8828.8290560210171,23.486402238044246,-48.398350544338008
-0.1233351965065049,0.020973382454381323,0.21998360926661695,2.712059355358977e-05,21458.26589350147,-8889.4929179871051,23.245905334065295,-48.396267904200009
-0.123970229360728,0.031238744504759525,0.21988959390410759,2.4834300595795759e-05,20984.060439573281,-9025.9802966498428,22.518489540864206,-47.845848377258854
-0.12349134252773786,0.042153375539203029,0.21996049215591476,3.2530587024134843e-05,20438.687975262488,-9186.2962501701932,21.529834448210412,-47.313491776351817
-0.12340189763841448,0.049182574148645297,0.21997373429549608,3.1555321343522231e-05,19957.082613803959,-9324.3166226833364,20.859583375700847,-47.220422569749893
-0.12441490161709952,0.059465247329270096,0.21982355236950493,2.9606427733438648e-05,19015.873423146906,-9568.739405956132,19.142375584567972,-45.406228445935206
-0.12384552446440932,0.066490320934657954,0.2199080438082289,3.3684167417062003e-05,18413.262085301089,-9728.9967144334951,18.067700426521061,-44.646542999747169
-0.12416113790285609,0.073294528556881927,0.2198543578027943,3.4518912664736412e-05,17667.594644963574,-9909.90430313039,16.809759674021148,-43.321182228158868
-0.12435286154778301,-0.07718184147735159,0.21980474576640704,3.3095256595453314e-05,17199.684829365284,-10023.300593791202,15.804011803448512,-42.53227200782559
-0.12387637078271604,0.079630655641088094,0.21985997973131208,3.5617654276153358e-05,16958.58010234488,-10082.684393707586,15.543457696972457,-42.511634165427388
-0.12301142253086507,-0.083864037556280843,0.21995000961157377,3.5304366522956597e-05,16515.017358686775,-10193.434279689558,14.738683632803404,-41.755955665508552
-0.12231681866248593,-0.12338913336106934,0.21797286310666278,3.9828967154678202e-05,9866.0787309832376,-11291.457409927058,2.7146708544876708,-24.086838973870194
-0.12189208901170369,0.099707615829444082,0.21970559183019395,3.0308952492924277e-05,14331.085881336296,-10660.679717268589,10.799115243410485,-37.707353408071739
-0.12168810021828341,0.09346466559107354,0.2199948184763007,2.9521851911918624e-05,15307.98902181799,-10469.740691856654,12.415109077521278,-39.251022691199879
-0.12095230912357345,-0.10474318064459776,0.21967641484318712,3.0616525345616326e-05,13570.972675964076,-10812.708032565302,9.466841609646071,-36.187007225163086
-0.12254876807380483,0.10493170804525753,0.21933474782002776,2.6666059513680712e-05,13400.975184910072,-10820.602880995037,9.22206296697005,-36.046648502085809
-0.11938690410183386,0.086495585079554668,0.22050466768874524,4.6620976232952161e-05,16503.679171686344,-10232.596454882227,14.742179124046741,-41.93350620211784
-0.12044888358511958,0.11028054840307691,0.2194494800050979,3.8903874448474131e-05,12603.860590494605,-10981.07240792252,7.6597983550934012,-33.916313190134936
-0.11996483865351781,-0.093794835171768912,0.22029250243314821,2.8683773982681632e-05,15392.909570928037,-10473.080571367182,13.090379736246634,-40.903161986404129
-0.11815057040298418,-0.11795644413273181,0.21940038884471297,3.2012320358876455e-05,11262.565111826938,-11207.354269827787,4.5183491938239584,-27.204735775419589
-0.11835570299684128,0.11726981453268465,0.21940633193141235,5.4728262315186318e-05,11382.34001600505,-11187.831451845188,5.209366073529794,-29.169126990432332
-0.1171986665032002,-0.081238902296280766,0.22088273442938014,4.1473156191347075e-05,17402.811444694256,-10039.868555448063,16.744248226043162,-43.888363400493553
-0.11672998878142767,-0.099774096526769801,0.22068389363979046,3.3860024448636642e-05,14739.979685388991,-10644.675935867846,11.603272227191377,-38.590202602769033
-0.11569852715219152,0.12380952380952381,0.21951792233956438,4.3733619472328221e-05,10154.69587717869,-11366.961690644468,2.801123124240497,-22.517443694657334
-0.11436718987449897,-0.065209914339526359,0.22131130497383497,2.7744666278642139e-05,19543.686740993293,-9492.8246974357626,20.265964922640428,-46.022697591699291
-0.11405261689700216,-0.058161335811302221,0.22135787688317532,4.1711123592271651e-05,20236.547391452325,-9299.8980632478033,22.196128375331455,-48.526444513545094
-0.11525941029260858,-0.051197014218011171,0.22117921349937189,2.5440456341184737e-05,20713.371621817634,-9151.0670113445103,22.651903830692412,-48.607015699105865
-0.11507040502895131,-0.041789988191679235,0.22120719535615418,2.6747624316182136e-05,21426.768900300147,-8933.5204306155465,22.906071634654342,-47.521997317898098
-0.11482315196704197,-0.031265941967937576,0.22124380068466962,2.7991327632729036e-05,22035.300548861444,-8743.5096862743176,25.161833281909615,-49.789394149434834
-0.11491617589148552,-0.019900519766032999,0.22123002867599253,2.3000043257962364e-05,22485.346607150186,-8598.4334371870045,24.882305245208144,-48.576697837325511
-0.11464428305695863,-0.010342118616317481,0.22127028187428258,2.3101045526035251e-05,22741.151828410646,-8515.756997246719,25.396562673386285,-48.923738636265945
-0.11432506627720081,0.0012325883811523679,0.22131754128939543,3.2484316437165875e-05,22835.458824568796,-8491.2252589410728,26.867388927918409,-51.684894620270349
-0.11344411877994999,0.012518451999282865,0.22144796383014265,2.5421940291293215e-05,22831.430876293452,-8491.3267357126842,25.935604636703228,-49.713980907606484
-0.11440619195422166,0.023304377665246873,0.22130553079279952,2.704105690544331e-05,22421.770992278263,-8621.7964388922355,25.924642298638179,-50.687846035609468
-0.11500199402949189,0.033185320681034712,0.22121732346979592,2.6983068997128841e-05,21935.123210088957,-8772.998415907532,24.039724010869246,-48.281574081762869
-0.11428571428571427,0.043203193047646485,0.2213233672741779,3.4978527253078386e-05,21412.270877845775,-8940.3992358532942,23.754425733467066,-48.749589968247314
-0.11428571428571427,0.051884509755531549,0.2213233672741779,4.609061484484042e-05,20762.384654955011,-9141.0692902083501,22.676525198429278,-48.282480315004413
-0.11464062623118268,0.059312418394775482,0.22127082326013164,3.8350322245687461e-05,20082.363045625778,-9338.0270318023595,21.630309124703441,-47.686227692992681
-0.11486573893592424,0.066677204114714478,0.22123749576785942,3.4276144969475228e-05,19335.621499763245,-9548.6813100371073,19.919920769946881,-46.040661435113968
-0.11449235593204886,-0.086496473323820544,0.22126925028375627,2.9323130625182634e-05,16950.17449733652,-10177.152217207024,15.37997166195292,-42.006131071920969
-0.11347199103825294,-0.073764546981504489,0.22144383739723314,3.8346916033095794e-05,18684.987879060256,-9740.3023083104108,18.675637302223603,-45.351351894500446
-0.1141680357193704,0.072442054137082906,0.22134078935399759,2.6249892786982105e-05,18780.639688321764,-9705.0059657880265,18.708037782025752,-44.598507162474412
-0.11458203260895553,-0.11285341520126355,0.2204948113523878,3.0673176744039518e-05,12523.344413678989,-11077.023368553348,7.2991706103290204,-32.448656253786964
-0.11300225366520655,-0.12965065451844765,0.21968720882561407,2.1646337579791817e-05,9027.9055647703499,-11496.693390211623,1.6085250622344089,-20.589954099243954
-0.11269581073377191,0.12990592597398343,0.21973507036438727,2.3174549556917353e-05,8979.7102516014802,-11503.320915627583,1.5749963486815663,-19.333780797105167
-0.11127037188503879,0.087038290003293731,0.22176539585910135,3.989220809169507e-05,17162.021297467894,-10155.962731254302,16.062797334948957,-42.646963854288728
-0.11143380484938815,0.092670837971426417,0.22169566465216303,3.6393441950851277e-05,16295.285293257488,-10370.398280871472,13.956868114814856,-41.063766818971246
-0.10913259206199986,0.08045960729913515,0.22208627686333651,2.6305008898888858e-05,18266.376884134341,-9889.4305392042115,17.632117681053494,-43.468934984508259
-0.11151982763532929,0.099199214385819259,0.22160572241575643,3.550881038352803e-05,15219.385722507521,-10613.730218292752,12.287049956468222,-39.639877406464734
-0.10874820122249702,-0.10332080463894902,0.22197899956687742,2.8972382256543401e-05,14726.508260198896,-10750.55518144855,10.762281056421582,-36.742616500868031
-0.10956168372177516,0.10520891676394833,0.22181453920256611,3.6086811608205236e-05,14310.563975228031,-10826.954773626119,10.005454736626287,-36.16574447615379
-0.10871035341929766,-0.12333375967363504,0.22109798360006369,4.282883901101653e-05,10650.851646793944,-11420.768075680789,3.0914109588319718,-22.124071798503433
-0.11047194529964495,-0.080085132422389196,0.22188798825617562,3.8125185375197802e-05,18169.05480209105,-9907.1653225767168,18.296930128747597,-45.38484384339251
-0.1077037582578594,0.074334491266256186,0.2222978128920137,3.3378582358956812e-05,19163.905567851471,-9656.038741832419,19.568239407514728,-45.722426199597017
-0.1081038013489965,-0.092505244601833056,0.22221237473112554,3.3969983204605838e-05,16594.123722760603,-10334.477005581812,14.928788401610506,-42.108963186245141
-0.10588368686330797,0.11168967256479491,0.22222617011087428,4.4661266579782227e-05,13310.400579578412,-11065.284776267497,8.3918410408011876,-33.397598544086676
-0.10516815665863057,-0.060033017173211307,0.22267320371147367,2.1953511600193448e-05,20955.160944496012,-9141.0483056194189,22.979004916409732,-48.010757128909432
-0.10421913912423109,-0.053999468540894956,0.22281370388706451,3.1256667828383265e-05,21613.503952626703,-8934.9344925356181,24.268730278201524,-48.698300381532299
-0.10568514857586418,-0.048281568587033447,0.2225966640770439,2.5392103510072004e-05,21940.404203102975,-8819.9793073446999,24.857642265426492,-49.203215532789038
-0.10450017880376197,-0.037614941787009616,0.22277209651639876,2.8779762512170948e-05,22785.544742569597,-8547.0008538931907,26.339622452706049,-50.179297664143419
-0.10530773816819874,-0.02857242389928984,0.22265253894407719,2.6811799955076035e-05,23188.068008675637,-8403.7696009139054,26.586439484714088,-49.64582966703999
-0.1049017309225489,-0.018376293640923927,0.22271264751661379,3.2430499074198871e-05,23599.864702910036,-8265.421765353607,28.069046367278261,-51.548345851864369
-0.10514297906910908,-0.0068681770562275301,0.22267693120398094,2.8739061734024224e-05,23802.721195116417,-8193.5071188205984,28.730887533670675,-52.114868771802591
-0.10419551081463359,0.0044598608228882137,0.22281720201173244,2.3367002589506048e-05,23939.270348676127,-8145.1954324267363,27.920146142326729,-50.332146763417505
-0.10448736803465747,0.015250088601077062,0.22277399312551652,2.5721608889200226e-05,23731.164121445909,-8219.823459651192,28.201615172405834,-51.379991100568027
-0.10496917179421818,0.026119799033236066,0.22270266302847944,2.745424753615026e-05,23329.506215920836,-8355.29544800037,27.085742929636119,-49.943888734069908
-0.10592375820654763,0.035841780320383806,0.22256133839148648,3.1008713881770516e-05,22741.590874672191,-8553.6040692314473,26.730375604324561,-50.60418801850701
-0.10336312127981521,0.045806484690769457,0.22294043564184235,2.2777990895808137e-05,22342.748779091409,-8703.5591689953289,25.524827607996016,-49.615535198147292
-0.1044297280414304,0.052841588616434114,0.22278252661291362,3.127642262652517e-05,21687.140128236671,-8910.095254891392,24.563240209909303,-48.9960988921178
-0.10430920184646326,0.060984800095962979,0.22280037027853872,3.3904235143166683e-05,20948.934618079416,-9147.2338964093124,23.111390965673166,-48.269168358739719
-0.10438665467514685,-0.065976192070965334,0.2227889035399005,2.7664959343046238e-05,20427.346533964479,-9309.2768095844403,21.991972744288155,-47.333523875733988
-0.10550511961748385,-0.098812150133890539,0.22256555055313801,2.8142367819917525e-05,15761.669066660068,-10561.615292014934,13.237839628886432,-39.995326911569947
-0.10492923422228866,-0.11761197094319309,0.22217869496931109,4.2683644707576487e-05,12108.845129942723,-11283.383089010302,5.3930269481903519,-27.246816078624725
-0.10535565842540866,0.11738543739545092,0.22209781700618872,3.6003044289190724e-05,12137.825130729549,-11272.991665043766,5.1321467229093187,-26.619319920121544
-0.10459044349462876,0.068013863872325137,0.22275873300681465,3.69568377628256e-05,20175.333950043783,-9386.6112776591126,21.787480041740537,-47.934629574335922
-0.10373027973887122,-0.087399325664602859,0.22288419986801056,3.1229888163598225e-05,17732.852937513024,-10091.13451546658,17.049269674612532,-43.995315348704594
-0.10208657181334709,-0.074010087669493907,0.22312942627445764,3.3185195438744169e-05,19697.543363687586,-9550.7784375705087,20.9017623704766,-47.100397947199205
-0.099653621546856502,0.081187943686390124,0.22348961976641674,3.8566535679218895e-05,18964.797789912671,-9787.4742734216507,19.396868467273695,-45.739896479315099
-0.10167143542975428,0.1229453846098829,0.22257649942729529,5.018513843331249e-05,11101.524169189928,-11469.101328216688,3.4043410965611383,-21.876576942625384
-0.10122166201599245,0.074342407709530434,0.22325747446534325,3.6377601119882076e-05,19729.482782357121,-9548.8351376410719,21.040567076039103,-47.300005032850351
-0.099706040383975486,0.08701409573582021,0.22348185926089126,3.6010108662481651e-05,18110.150557664514,-10030.412235934036,17.728876517338211,-44.51219669257911
-0.10036142480706113,-0.11181173390661929,0.22324743921736384,5.0723841604218812e-05,13602.751182632708,-11089.553485743681,8.4768596732667127,-33.255656595922943
-0.099920574366834117,0.09261517883448972,0.22344895207224694,3.5062530113678869e-05,17205.728777368433,-10273.299068992665,15.703568862557235,-42.600004669871971
-0.098507583633578477,0.068317603301741983,0.22365928842080177,2.5331979472169043e-05,20689.404330057077,-9273.9844294950763,22.155021895240274,-46.903478028171541
-0.09842273034949299,-0.078320007483433388,0.223671850782277,2.7161297796629024e-05,19437.533133693309,-9663.9860212971962,20.860977317495124,-47.767224479447862
-0.098336466703259198,-0.13,0.22292012009936918,2.2818478062640036e-05,9667.3240681813495,-11663.964349574324,1.724196331000732,-17.10038043434183
-0.097690883475229084,0.12951983356665919,0.22293934362113216,2.3724337878468343e-05,9805.7894504208871,-11661.392944439995,1.9370436131502051,-18.363266422733474
-0.098822883880384363,0.10008322789009393,0.22359655294536593,3.666500450449779e-05,15996.893917864862,-10589.096778791469,13.396026517311705,-39.981997204739137
-0.099213478503260386,-0.067897952598286196,0.22355478207656254,3.8042984656545108e-05,20667.332253905697,-9278.2589138985495,22.838731833687479,-48.488164092574998
-0.09739243900406834,-0.093746198021349744,0.22381807181141022,2.401846092814052e-05,17212.672035645857,-10299.219676567274,16.013558881010184,-43.203832609064158
-0.09601276212029651,-0.10503505686192131,0.22400114314437788,4.0281196374262814e-05,15243.489534557151,-10802.682277795342,11.411325500952078,-37.573234684796475
-0.0958593523667568,0.10523809523809524,0.22402399229567591,4.0286920859610177e-05,15211.794257301794,-10811.506811676614,11.432887242031375,-37.434943026342026
-0.094827331701077239,-0.050968416455653462,0.22420414246616163,2.7046213060897384e-05,22719.511655482358,-8628.9350528416162,26.479077599903366,-50.378950035115729
-0.095605938473161761,-0.045132454812064952,0.22408887126807642,3.1253180723748501e-05,23110.474576923738,-8486.8965001530159,27.797351703896954,-51.719210957913191
-0.09549736845073982,-0.035921530987709088,0.22410494484592011,2.7238888234001283e-05,23745.285975364914,-8259.8329290311158,27.880162490222951,-50.562485372125948
-0.095686806475309541,-0.025667515154316294,0.22407689891973762,3.1188751797614356e-05,24236.998613102001,-8079.9154574308895,29.31374177140432,-51.81142132118174
-0.095638634540283332,-0.015272681152644478,0.22408403067977831,2.5531734706660277e-05,24594.019084869142,-7946.8196828397477,29.485850034270335,-51.315193450070403
-0.095672835978508203,-0.0035182260088184535,0.22407896722425524,2.7481488649469978e-05,24766.922956323935,-7881.3835994254969,30.640625604887376,-52.636512419789241
-0.09524795178337099,0.0065334048353076065,0.22414187049195969,2.5438604471946689e-05,24786.27394320906,-7875.6117188709422,30.702585131908421,-52.867293623340871
-0.094940276459156661,0.017827752562893633,0.22418742121732582,2.6085511512242585e-05,24585.214131792396,-7953.5087055398735,29.9743506427887,-52.081922279385275
-0.095184836803086176,0.028137198126201458,0.22415121454040032,2.8432289694583902e-05,24177.081891814611,-8103.4444198421197,28.83537223890275,-51.136552693363932
-0.095633434818454863,0.037897943843321298,0.22408480048834711,4.0455681010794555e-05,23603.210997088925,-8310.7605125227838,28.293067981883656,-51.41190062901579
-0.095512184145574774,0.045826077977287542,0.22410275141149941,3.3905181149201266e-05,23062.602513768376,-8505.514364921477,27.544799202524548,-51.455744497223428
-0.09473839001100523,0.052890122938090083,0.22421731010808557,3.0861208376967287e-05,22555.673606484215,-8686.5998409962504,26.451587897756255,-50.538836106444535
-0.095477246954344827,-0.056637945162923115,0.22410792379380479,3.4349882267813731e-05,22143.92597199557,-8824.4572496383389,26.097323314760434,-51.042661026237027
-0.094435684328401021,0.058230597582035998,0.22426212508780574,2.4679130712685778e-05,22086.7779265262,-8849.4048103489058,25.759922501974486,-50.358847870012561
-0.09476732170622959,-0.12366625295257166,0.22386043059405897,4.4575015267804598e-05,11273.216421576404,-11543.68305405271,3.1671812801648955,-20.15634077351076
-0.09413521594330361,-0.073445560126121301,0.22430660884003945,4.1339191240648743e-05,20416.017765128279,-9402.5697994644197,22.337151891754253,-48.326597251757903
-0.092941874739076724,0.11106373440263825,0.22442914726290344,3.8754989479469723e-05,14192.109155448616,-11069.592343346807,9.0070484766441297,-33.02918352822136
-0.091941706231594811,-0.08632173739640378,0.22463135362976594,3.3013625877230173e-05,18803.143643322186,-9912.3243576785444,19.059436325418645,-45.527934384977357
-0.0914934286926955,-0.099146210329620815,0.22469772023590953,2.753006773681545e-05,16657.568885377987,-10513.047005276811,14.61147442954525,-41.528526217781653
0.026014461997544619,-0.12250859159519624,0.23218200695759364,1.3994443355573635e-05,13674.36328471118,-11791.522918370403,3.6589862428776527,-17.151506206379654
-0.092344524894080432,0.074228675181468237,0.22457171712068263,2.7060338559259293e-05,20457.357906081663,-9403.4008070069722,22.791972076234359,-48.880283987995341
-0.093223068956069632,-0.063081178534482266,0.22444165040378899,4.0640906958781613e-05,21692.405907853354,-8992.3989622514891,25.035774802670922,-49.951468369957396
-0.091188416435977415,0.081186170776406122,0.22474287669938137,4.6087232900402456e-05,19606.857082887273,-9679.7962441195778,20.998511778573413,-47.411911946463285
-0.090008015868383709,-0.11761904761904762,0.22483437536632886,4.5956904691089104e-05,12881.565582883972,-11361.85390535612,5.5956256318688853,-25.912751348620709
-0.090656794369473478,0.1171076103978895,0.22472894521110451,3.5808881489024548e-05,12973.028162238756,-11335.908754848209,5.7591729585902494,-26.211663600028146
-0.089496481488726382,0.061253008050877383,0.22499336433376163,3.4423182683643595e-05,22190.291921789674,-8851.0086094170456,25.588694859774282,-50.194500044971818
-0.088874834072808606,-0.068095238095235544,0.22508539800851066,3.7130241640383178e-05,21488.450345614645,-9093.3252072931227,24.163199059409447,-48.826843842873835
-0.087818476412606733,0.086714459805554769,0.22524178967817457,3.5821395434517075e-05,19029.548163967491,-9888.594080557501,19.129996188481158,-45.336810529737015
-0.087683324020242107,-0.080858952738883855,0.22526179872349825,3.493063631857403e-05,19910.888981643395,-9618.8261039717672,21.285587009355275,-47.240798658112645
-0.086458753610330966,0.12179677001457839,0.22534848768679841,2.876396436496345e-05,12084.202799294844,-11538.062666362342,3.91357557217116,-21.057566050233714
-0.085947662939885192,0.09270579529964712,0.22551875992570691,4.4434591341616131e-05,18164.634598840821,-10164.559493396022,17.103367459371611,-43.720255693582168
-0.084571937880938086,-0.11138877787340222,0.22572243330932792,3.6859011879685983e-05,14561.451710594929,-11099.278141516081,8.8463120088750067,-32.298170962007745
-0.085869634993536392,-0.047556823498759553,0.22553031180938199,2.8990854115315897e-05,23743.184790869735,-8317.9876798262558,28.455604551842995,-51.050142248640121
-0.085438130166535869,-0.040923984386524781,0.22559419524858548,3.7275177952543094e-05,24270.154248445037,-8125.4756763268488,29.442299138421383,-51.886096483634866
-0.085976125468068404,-0.033996769409376217,0.22551454610450491,2.836533363913498e-05,24658.386615200325,-7975.151493004144,30.442500927255086,-52.634291997113309
-0.084310090848649655,-0.022517647652629806,0.2257611992463954,3.3697816428578612e-05,25339.180295853519,-7718.880264162859,31.757622131105663,-52.970377221690555
-0.086139729262341883,-0.011850591115949027,0.22549032488520224,2.8006865731882296e-05,25489.306630631101,-7652.644964367717,32.389092209864941,-53.879221562777609
-0.085714285714285701,-0.0013871623926667775,0.22555331096400397,2.6441326100926271e-05,25646.003797023313,-7591.6406427006423,32.237757693183468,-53.416599524321306
-0.085513412608487729,0.0091381675945180346,0.22558304983142538,2.5377084426125031e-05,25607.624113152378,-7604.2095789560126,31.668782142939509,-52.433058517355256
-0.08669003931670817,0.020660799349148277,0.22540885256623525,3.4809776946945126e-05,25205.598275628854,-7760.3292613524691,31.858453749691002,-53.594703058317421
-0.084937035931611005,0.039435491988571499,0.22566838126248151,3.4366656007248214e-05,24398.106431440552,-8080.5813127881956,30.227681627826797,-52.596130501681188
-0.085909553320407991,0.046039206437749114,0.22552440197976192,2.9799643537131808e-05,23853.301322192459,-8276.9344204481786,28.875687550161906,-51.352907473742974
-0.084948545086461644,0.051203578003217204,0.22566667735478874,2.5109894240649387e-05,23492.835942576545,-8419.3685799896393,28.675726094280666,-52.093758897725479
-0.084555559114071047,-0.053147261177860797,0.22572485815348239,3.4342583869028827e-05,23354.717816362321,-8473.2648362582113,28.059538534809086,-51.604497935146284
-0.083808614187329822,0.09949913895242779,0.22583544187776544,4.0287589057719034e-05,17049.834538832427,-10499.685748408949,15.261870579630187,-42.494011182927956
-0.083373418446278463,-0.061522596370925269,0.22589987174951992,3.2483877289407434e-05,22622.42526680998,-8745.0584187511176,26.812093011841917,-50.698279806032545
-0.082622141380614175,0.12945670779122698,0.22588727980748727,5.4385217526328317e-06,10439.032374382015,-11798.81380369424,1.8046451585089618,-16.190933316746015
-0.083112916970128806,-0.091227473618751026,0.225938438479653,2.9336531823304309e-05,18599.735587312647,-10065.049330705986,18.341763377350592,-44.770956310225898
-0.083552010561254011,-0.074580852156965499,0.22587343153887718,4.7683468243662848e-05,21059.707012256338,-9284.0261881524766,23.862807671333471,-49.416776040663841
-0.081485326887237905,-0.10497802380180304,0.22617939998367917,4.03010983751439e-05,16094.640879617764,-10777.06744430445,12.352139993491583,-38.25865042844579
-0.082236121557707653,0.10648646572825454,0.22606304472688496,3.2811639341507363e-05,15739.505115105345,-10855.872928484336,11.517600659058262,-37.112686624273977
-0.079917658895454519,0.061987406158289939,0.22641149014021469,3.0890902934384404e-05,22808.070288915886,-8707.7519733855297,26.994204715618235,-51.297032508955802
-0.081083089030569488,0.068746026087710091,0.22623895050560597,3.6300325113617432e-05,21958.103327464632,-9000.0172282053754,25.330887120483503,-50.090195683877297
-0.079772325559780935,0.074922285844619033,0.22643300645413003,3.6866021088066991e-05,21254.078990449492,-9254.3199768363847,23.932574462194939,-49.314850664934966
-0.079068626822425686,-0.12365472766648827,0.22649320012644747,3.9099325324932513e-05,11942.13195226147,-11651.722934633866,3.1744301851417402,-18.238462584226966
-0.078993745852242628,-0.086855675849263708,0.22654827364536259,3.7407022740864967e-05,19556.497548295429,-9816.5596220359039,20.686610642669343,-47.268344509179727
-0.077652840279137866,-0.068317580441215137,0.22674587358152581,4.2456219588740828e-05,22232.166549519665,-8931.6074875182494,26.084105575956812,-50.691552879681744
-0.078823848971754734,0.11168313071387617,0.22656947757466017,3.3911580301354103e-05,14779.900434643998,-11119.632314867362,9.0791099526812786,-32.494400492490982
-0.078238421351420076,-0.055718469674751435,0.22666009794907346,3.9387051105229187e-05,23559.397466977513,-8443.2978304246881,28.651903212296343,-51.977450289505462
-0.077588336040716854,0.080536666899097248,0.22675571863914398,3.6126515729215741e-05,20616.371540109936,-9485.9066271921129,22.314372275151154,-47.787161132861144
-0.077368645593956523,-0.0997955970166539,0.22678886653576305,3.2184660165368554e-05,17360.646933506661,-10485.033398986281,15.215710210799093,-41.4709658472513
-0.07625393160308902,-0.044947397581709764,0.22695389774517011,3.4781054131586655e-05,24642.549911643931,-8041.143627463056,30.315359043321429,-52.235841480538653
-0.075487759567218371,-0.037859854111179821,0.2270662156417998,3.8019921314211374e-05,25188.350968738127,-7832.0398463742458,32.139101767802934,-53.791330765167331
-0.076586942404620953,-0.02989956915248167,0.22690459615231973,3.8777640281202764e-05,25583.593154696307,-7668.1957371399321,32.523710243654612,-54.061111085207799
-0.077308042376775438,-0.022120309669342118,0.22679783872262652,3.7950140078371036e-05,25878.720575012081,-7541.7563339380795,33.192617833138485,-53.916714504436818
-0.076447873026291718,-0.0095961372471304908,0.22692518509969564,2.5976514516610561e-05,26280.356111682195,-7380.5248603711862,33.764489117611156,-53.726457874064259
-0.076495063363937008,0.0011015123723866569,0.22691819866321261,2.489214956159313e-05,26354.694058774512,-7349.7766285927464,33.987094399632504,-54.04804623382514
-0.075110244044841429,0.011643485111284763,0.2271215084982208,2.6145649757641403e-05,26322.038168830535,-7375.6990119851052,34.63342289712795,-55.465847204362333
-0.076696998616176848,0.022341787646073662,0.22688830254710385,2.6986481773492034e-05,25913.531533851685,-7531.3123698871905,32.614280112562078,-53.02596859651679
-0.076045305914819269,0.032209265648031921,0.22698455457222069,2.7471281109526951e-05,25502.975564643526,-7699.7501580073886,31.713488552448005,-52.412767037981332
-0.075870491691067382,0.040077874918439151,0.22700994631733432,3.4408183712494985e-05,25021.067714319277,-7893.9661871015187,31.250816652149375,-52.634777682752265
-0.076066640482900336,0.045397898525190841,0.22698134760519431,2.3142808854995951e-05,24612.149580001849,-8055.4220676043515,30.219405964243016,-52.200766614339237
-0.075470270545551485,0.086160949893577338,0.22706991722025544,4.1677693213320704e-05,19875.069776047498,-9749.7474220102031,20.902930030880682,-47.238565653253779
-0.075332798513839061,-0.1186589397120673,0.22708347241294272,3.5811297139134756e-05,13286.069017538037,-11469.997854229159,5.3638655998727298,-24.030842476121073
-0.07458778575515336,0.11484478654341486,0.22719791478985146,2.4963379801023129e-05,14242.851047356893,-11284.978612666277,7.7556580020738251,-29.569485468851479
-0.07419276908563735,-0.08072643975101694,0.22725904879362419,3.9296966725616738e-05,20791.580593066436,-9458.5894216757442,22.655008898591138,-48.147861899696196
-0.073484228546591493,-0.06089922833328279,0.22736394682399849,4.1695978749332178e-05,23340.412678858949,-8559.6513123420882,27.996830015751261,-51.346307612531533
-0.071492637807857765,0.091722504695188625,0.22764616120896092,3.3867565713780772e-05,19148.643261365323,-10019.31249492447,19.164098853234037,-45.671816595911373
-0.071222825582402588,0.055791850142606417,0.22769874307594684,2.9546537538481789e-05,24005.143418354346,-8321.7073722441564,29.206272818664672,-51.50659177458531
-0.070973380410219347,0.12293542088251072,0.22773146269882091,1.6037861184434398e-05,12438.480476456285,-11665.879398329584,3.4762008902803854,-18.197639693362643
-0.070676545972151839,0.061518698379495654,0.22777961869560595,3.1730620495965836e-05,23442.583109429161,-8541.6771998983641,27.759072534479216,-50.749247790065724
-0.07046149471998564,-0.11132286463304147,0.22781104883061815,3.2875756879099813e-05,15229.528903728422,-11110.420342798066,9.8139642175250668,-33.30974205484199
-0.072078251771147225,0.049119893035499712,0.2275720989146251,3.6580964285820076e-05,24564.916959370828,-8100.7962159615327,30.007946495748683,-52.020972540041491
-0.069369634105060113,-0.075326041152238413,0.22796471122496584,4.8166195169143256e-05,21818.082604490781,-9147.808850118492,24.835465887543066,-49.729929151861413
-0.069550873577369166,0.098574213035772795,0.22793902964380244,4.0357705942877756e-05,17970.154852533637,-10393.675486358417,16.838216070707126,-43.780324096803668
-0.069651237052787238,0.067236926605964226,0.22793141366038158,3.1976384085636417e-05,22846.64851955741,-8772.905173986961,26.363544996772234,-49.939002963740101
-0.068807175583038616,-0.056015269024670807,0.22805534119448648,3.0817719847710716e-05,24126.665045189453,-8293.9310392884672,29.058611032927551,-51.438599572651263
-0.068355519074568175,-0.093067530831346751,0.22812308871620526,2.8502480521919773e-05,19065.589442187029,-10074.620675149423,18.873543212531803,-45.192277281193988
-0.068939740494491489,-0.12905444571946537,0.22803052359076836,1.5344458103185479e-05,11029.259893228467,-11888.67056691775,1.9792892086947047,-14.840480047150757
-0.068250073968917274,0.12925329544262831,0.22813433747703196,5.6941370569959896e-06,11006.256582579736,-11898.724180867936,2.0290120790558754,-16.582365443791893
-0.066652562711191271,-0.034255280830642464,0.22835992070490824,2.9311678011826873e-05,25978.709253979621,-7563.3050767993791,32.536599881408343,-52.682944652557019
-0.06728295060313616,-0.026907710816017737,0.22826793377895821,3.3844156204136407e-05,26340.374475748577,-7407.9644060054643,32.985562938438036,-52.727126570091038
-0.067561050048777507,-0.017279811728094122,0.22822720191711907,2.7563294317800122e-05,26683.643069881633,-7264.2788385626782,33.726349607082469,-53.27147325415293
-0.067207446124390363,-0.0068358408635910131,0.2282789925496416,2.4866954305389935e-05,26929.5014641208,-7157.2656666224048,34.253638060867843,-53.088664263397561
-0.066062555382257915,0.0040504176627963783,0.22843199186691687,2.4458659585062609e-05,27022.121247095845,-7125.8534421486847,34.444387407786813,-53.537658884275551
-0.066928490846476937,0.014994251910151673,0.22831984976103617,2.698026936739893e-05,26786.765110310804,-7220.4774979177646,34.176571064742937,-53.198285597574518
-0.066967739400923001,0.025631236515136577,0.22831410121776452,3.0733430345898591e-05,26403.908396012623,-7384.7878107868082,33.438784224970078,-53.138179446438926
-0.066553275075761739,0.032529422145520064,0.2283720489868932,3.4497829813857567e-05,26072.473237691087,-7527.7831478014286,33.19658190158971,-53.592940842795301
-0.066219073728065722,0.039154419173007306,0.22841287268228158,3.5202190499118866e-05,25681.299026505349,-7689.3062889122757,32.391464042492103,-53.000152378177162
-0.065344209212427812,-0.041670280984313988,0.22851974000265216,3.8428992960801641e-05,25549.495774516578,-7750.8676696970297,32.518835313869843,-53.708347722253471
-0.066394370368623501,0.076182927527132141,0.22837541447520127,3.5273195546480287e-05,21867.079439211389,-9152.0721281970764,24.462856261465863,-48.81009825182651
-0.067357846254046033,-0.10579020183132554,0.22825125870900587,4.4283924245244157e-05,16592.97447573785,-10801.936992980824,12.845266475633695,-38.3810835811259
-0.067066925501363464,0.10535773011017731,0.22829218779759305,3.9277601869761844e-05,16702.298437590031,-10774.435689308239,13.293054365638859,-39.018649243845587
-0.064562386517496184,-0.06841622772361132,0.22861524198600938,3.7749468695274913e-05,22991.541253305339,-8753.5968754602127,26.362953046805526,-49.217863559156413
-0.063573188126040667,0.11584576783678371,0.22871370173321276,1.7296265766522235e-05,14431.567920584932,-11363.552917918869,7.2818025809394094,-27.99829905464204
-0.064926420664558435,-0.087403422207461612,0.2285614344003597,5.1010466250900554e-05,20211.393698923872,-9737.2265617034082,21.461184059649121,-47.517881434481652
-0.063330236556962571,-0.048921898074580798,0.22876575279336672,3.6976752819233695e-05,25097.216864616901,-7943.8503648331816,31.20431355633286,-52.415262556468207
-0.024387458559631866,-0.12367275214445467,0.23226769250083784,1.322081191919347e-05,13407.623817017464,-11848.892863693125,3.5292154986329969,-16.646635547165868
-0.062743515795986124,0.081321192929599356,0.22883742249125777,4.4228817063834259e-05,21291.291668186728,-9385.581550330211,23.567548738442053,-48.704077204502518
-0.0621363804891326,-0.12316290747485602,0.22891158588705909,3.488703406083829e-05,12673.643276790341,-11719.131669719462,3.3896367885563854,-17.739279268899434
-0.061866909759689753,0.11084431976168826,0.22894377196850196,3.1958169397658947e-05,15690.29639963356,-11086.99824237953,10.4252231493977,-34.231985852608588
-0.062622751352120462,-0.10056269057847164,0.22885217422970555,3.4468474746313085e-05,17895.1424197302,-10483.376837836031,15.847659672911771,-41.992673947587448
-0.060662822407702023,-0.061899667547862101,0.22909158541928165,4.0401385782256057e-05,23941.517238924003,-8421.6717620123072,29.184015091473,-51.95156071123283
-0.061375523232362728,0.049947586570810228,0.22900143696977854,3.3330946530517411e-05,25106.082747561664,-7952.3582191462956,31.244018694264739,-52.373083824139854
-0.06132857788732176,0.04267076261793093,0.22901026139383857,3.1906849192319466e-05,25707.782510602716,-7706.808927310477,32.087907735029724,-52.65070629018463
-0.060191212546626849,0.087047588171012574,0.22914691072652052,3.4000921004919363e-05,20498.601155081044,-9678.7529085991046,21.653729508440133,-47.098310365136875
-0.059657128737074475,0.055971502310233949,0.229211240023352,4.1423425800848756e-05,24625.86208552602,-8157.4322446447586,29.902493156480652,-51.727440795709214
-0.059755499573641263,-0.080497617735924051,0.22920241762044413,4.0201120518410752e-05,21547.049430689913,-9322.4581698751135,23.922013234500071,-49.050603019480661
0.04480584873567664,-0.097552017560748217,0.23081910823359211,2.6972749695855273e-05,19132.076527361911,-10248.284612400175,18.647719475544193,-45.044570145641842
-0.059128600253131859,-0.11878511055137718,0.22927899524969697,2.4631017998624745e-05,13857.124761161849,-11526.781289770979,5.5145604871494331,-23.08009558045713
-0.058345815251144267,0.11746534827258652,0.22936941505739858,2.2432302828319744e-05,14215.071831800367,-11460.954646254997,5.9912365070523483,-24.630100019652676
-0.059086940301058884,-0.041903570592946381,0.22928408413759357,4.0019890971223284e-05,25874.647470993405,-7650.2929101429372,33.180791625890151,-53.677081614164024
-0.058400756245033755,0.06272401204514684,0.22936503070505346,3.9943913085976003e-05,23960.010879587571,-8428.34295686941,28.961991825532845,-51.45586382817492
-0.057760831181390568,-0.02931937584766009,0.22944607233760034,2.7195980072506241e-05,26748.719994240939,-7284.2384091813228,34.158737466153568,-53.143644496491923
-0.05729277194387198,-0.023438185101077289,0.22950324717506856,2.9951847121197217e-05,27037.076525716027,-7164.4364749089927,35.218193792506803,-54.295547654621657
-0.057664482492364486,-0.01630027302914884,0.22945784161848143,3.5904358765150719e-05,27263.488619964643,-7064.221926667281,35.832764542652647,-54.523173746023303
-0.057366538137673263,-0.0037974759533578803,0.22949423641360256,3.4232938320331082e-05,27496.930476023179,-6964.2981146538023,36.324116147261478,-54.902067429032762
-0.057203396032021459,0.0068861798862499633,0.22951416471033764,3.9270809395215099e-05,27490.947458966577,-6963.9092944995482,35.623049362754621,-53.741396277397079
-0.057169294508605174,0.01704282317790488,0.2295183303135401,3.2280444769237183e-05,27259.32786493481,-7071.5749387214773,35.677851856789751,-54.606596729700058
-0.05774476134769245,0.02606053701847344,0.22944803531590777,2.7070938000706296e-05,26888.022975286996,-7228.6213011586115,35.399312879470422,-54.684642798808042
-0.056853037888422595,0.032682578674686283,0.22955341895142495,3.4897527185747173e-05,26599.27321613648,-7357.617376673682,33.862858628737762,-53.428621299350411
-0.057233138622836549,-0.035415305909818361,0.22951053156380527,3.4176866760304053e-05,26423.531014648452,-7427.9065076302077,33.473421586662631,-53.033203995193766
-0.056652472164604992,-0.055766295907521246,0.22957962004014407,4.0148310907150871e-05,24795.125713421527,-8107.0535648380546,30.519048210261492,-52.091569415761704
-0.057742069394109238,0.093461967203838883,0.22944227477957391,4.2302557971268685e-05,19465.271214309545,-10044.503828340514,19.054232767760698,-45.315422041437586
-0.055961855364119947,-0.075423463448221109,0.22966378657920553,3.9252991420452763e-05,22463.790829733742,-9014.3916799187464,25.92750511883963,-49.934257584333174
-0.056352583937397532,0.067899277832976793,0.22961421552182817,3.9737784067066368e-05,23435.209638972588,-8645.9433473911722,27.901284734998747,-51.072029785856643
-0.05447208548463419,0.12322371222499374,0.22984083791762491,4.3429249485708458e-06,12904.708069171544,-11748.10174602854,3.710454536086869,-17.90360006167472
-0.054184542313070225,-0.11064500276479146,0.22988102798547141,4.7525928670214706e-05,15982.711855075142,-11086.321841871171,10.930879480079732,-35.102948780889079
-0.054501513127114272,0.099361293720857724,0.22984420779797163,3.5502354069930445e-05,18446.408206487147,-10388.873874074035,17.181148738748664,-43.266180837375998
-0.052859882658947137,-0.090739570236689743,0.23003456724173188,3.5707490012318592e-05,20165.319070473051,-9849.6624328855814,20.383935753725453,-45.500283921518417
-0.051660068275038232,-0.049461601704196549,0.23017204481548317,3.4126128968553886e-05,25614.089782603955,-7800.8472592579601,31.61135555970456,-52.069933686471117
-0.052701714795352156,0.073864348306848099,0.23006405855369991,3.9086564795162609e-05,22800.636596285829,-8913.1642720912641,26.944936848628924,-50.993979728849723
-0.050856417608355901,-0.067285767574068095,0.23027377926832712,3.8251618466094178e-05,23751.404340721223,-8558.4436723106337,27.901199155278753,-50.319541280451617
-0.051993858347656248,-0.12937799266493577,0.23015052533846506,1.3562048301781977e-05,11462.625260988187,-11992.05807553768,1.9306539329387808,-13.851540803718827
-0.050483186110655949,0.12886452118904845,0.23013203078064418,1.0881980898698818e-06,11634.956391162923,-11980.741026805457,3.8784007564463172,-27.70804169482939
-0.051034059523673438,0.043173241614130171,0.2302651377957381,4.0888191348187219e-05,26145.581544117143,-7582.6782041498627,33.250251427883427,-53.189585338576371
-0.051472356091916957,0.036607662984216298,0.23020792005419169,4.3335601846640149e-05,26603.04771180842,-7383.5099529779909,34.073445563577977,-53.471018289480888
-0.050268725005540235,-0.10428042556892034,0.23033767314403769,3.8642214402021229e-05,17548.803008530838,-10690.900602872784,14.483895509993662,-40.12796372986093
-0.052125124741839231,0.10463846994974182,0.23012176559391828,3.3382685916368341e-05,17413.43740131758,-10716.122807341428,13.787911541891589,-39.025354333204675
-0.049231862022241571,0.05006487570348965,0.23042438252604222,4.0866626852439718e-05,25648.134357882183,-7802.1365656989747,32.378161657801392,-53.20808819500072
-0.048575246092715164,-0.086935421516899661,0.2304849674464963,3.234077618990821e-05,20948.640180751678,-9615.8581596838103,23.200989939237321,-49.06900506026706
-0.048468566543716354,0.080204390792562433,0.23049263812171983,4.5333148944631999e-05,22056.009610305668,-9216.1188176103096,25.114201474278872,-49.756647855374041
-0.048025981301461976,-0.043361480972230526,0.23053254901466258,4.5627238633127461e-05,26270.664317247101,-7543.2288303497908,33.48485882781425,-53.367419456120444
-0.048554635315633352,-0.022689801269484305,0.2304694961188051,3.3474958674391714e-05,27477.13909835519,-7012.144628577812,35.843472705244913,-54.066444634007752
-0.04797759665112783,-0.014705486714748714,0.2305331875285494,3.6116008083631018e-05,27764.037606637459,-6888.5717111517624,36.260108132308034,-54.307919846993933
-0.047526082660271661,-0.0034510217739733315,0.23058090358302533,3.0705413305124661e-05,27967.187072780049,-6797.398881073429,36.625402930858769,-54.322128252236638
-0.04838536567873674,0.0075202415904667159,0.23048817948001471,4.0613705507940458e-05,27888.672774072085,-6829.5610729669097,36.689788096380688,-54.510447730204696
-0.047801938243416282,0.018368400211709872,0.23055257605883128,3.0687745283545679e-05,27663.60362417527,-6933.2241495003909,36.077600136736521,-54.130080852193807
-0.047895224106668952,0.024703058088486721,0.23054227950765496,3.170577070221288e-05,27409.469017942993,-7046.6153134080896,36.502817761005502,-55.125861022684703
-0.047032045589246112,-0.028394543453808992,0.23062416527710489,2.8393903614862332e-05,27291.550379078348,-7098.8144990316259,34.721758954624427,-52.893760821335214
-0.046978051456824398,-0.061515148381166014,0.23062842085648771,4.0368167513937851e-05,24580.080367853545,-8251.2747413294255,30.478015366159976,-52.3593802466795
-0.046054581282792495,0.056023256104095247,0.23070975958627626,4.5560549021805135e-05,25215.205417984707,-7994.6702675303823,31.431118926595612,-52.529432908824191
-0.047295752170118735,0.11106710110128783,0.23058999353555049,3.9849015094417325e-05,16095.258835618091,-11111.75914255962,10.983326087260036,-35.029818446677616
-0.046332827088819056,-0.099032775013410526,0.23068429694793499,3.2424959262688996e-05,18794.878063632455,-10343.226549340659,17.455363345487285,-43.289485713279959
-0.044992544644747737,0.086480815480373813,0.23079590212418497,3.2494269812232714e-05,21183.552434097743,-9550.5298838768249,22.600946259939413,-47.412662904108245
-0.044298608659211487,-0.0811855876429739,0.23086352608459948,4.6929660059414045e-05,22047.240739384382,-9246.5215125894392,25.124875710786014,-50.058338731944524
-0.043951533019617371,0.062047853564210324,0.23088435834963747,3.3472524760131982e-05,24644.82522157504,-8239.3759274097592,30.04387047781443,-51.799008147869088
-0.043855230061943085,-0.036529836937533387,0.23089901458432258,3.7554137835113081e-05,26931.445393706585,-7274.4698001066026,34.948400271632039,-54.066754351917602
-0.04346862600314276,-0.055463586584670481,0.23093333020980961,4.5352996824421891e-05,25352.6270694423,-7955.3587060514383,32.277436187470762,-53.788849830719926
-0.044291437757172994,-0.11747727813056563,0.23084832240724401,3.217726620500788e-05,14598.341077605646,-11493.39719767948,6.631113081013444,-25.483970964914448
-0.041679913579418346,0.11824783673623272,0.23109046295699992,2.6413814131692318e-05,14467.454672607495,-11539.756170458204,6.2087506107787078,-24.217114807932081
-0.040374131041470154,0.030778319275473504,0.2312067234053265,2.5299740446845161e-05,27401.688672129796,-7081.146643986237,36.564608896654022,-55.284755173289128
-0.040004040413412191,0.091448291085784936,0.23123377263745004,4.104562092139664e-05,20443.079951713797,-9843.2229266961313,21.296141855756616,-47.112863641969078
-0.03949754183182537,0.03790073808162734,0.2312748448461289,4.0094821355516064e-05,26996.169850235401,-7263.3027513923635,35.326922011769987,-54.391409438743153
-0.040625462327728692,-0.075835316635048167,0.2311835618276312,2.218742319104473e-05,22994.203151112513,-8908.3490009910947,25.354239565890204,-48.091513644859162
-0.041484171169919877,0.068783851325296436,0.23110585895110652,2.5845551893517371e-05,23921.251856881405,-8540.4166038723088,28.074085595385068,-50.124085577116119
-0.039263256003259327,-0.049615585656346162,0.23130446037670091,3.3123970756230712e-05,26076.725274360895,-7663.2319467792877,32.910102011324824,-52.834416614129744
-0.038114101598474164,-0.11142857142857143,0.23140508919430522,3.0582453506023377e-05,16243.850290616971,-11136.937168444763,10.768637081487574,-33.95569382991674
-0.037754414011184484,-0.017985155816313006,0.23142966602931322,3.4620889067106648e-05,28058.018123859896,-6793.5560506202282,36.988479556095967,-54.443346458325152
-0.038842314968521294,-0.011457274100118178,0.23134132121840367,3.4608611243477855e-05,28199.836894097745,-6724.0520002134963,37.248487341035684,-54.614357512537509
-0.03838648784453786,0.0002766139103729793,0.23138123695499002,2.752847126006297e-05,28330.041377142137,-6664.8798575282199,37.717482693305129,-54.801799856144385
-0.038151115015937584,0.011002238357977255,0.231401848014165,3.2677612538213991e-05,28222.560165616011,-6718.3656482892666,37.277926240242152,-54.628527322968921
-0.039040120023721356,0.018579193864920962,0.2313239998830478,3.5103359346618636e-05,28000.010149578637,-6814.6774197880932,36.937969695753431,-54.53170978976091
-0.038791135517566716,0.045375925140563274,0.23134580288563111,3.867634643458548e-05,26465.08830222375,-7496.4354343450514,33.572105833068086,-52.964397547157319
-0.037343348181264925,0.097576993152678884,0.23145491639395507,3.7726774405524703e-05,19335.155332241171,-10229.292171967267,18.617858357275079,-44.466042447844821
-0.036815850186417608,-0.024212645147328491,0.23149894022156359,3.9225662378526206e-05,27836.626722193134,-6900.5680397483893,37.364003458854263,-55.421230930894666
-0.037885247759593524,0.025359004795616043,0.23141959241355772,3.2755845316948404e-05,27788.835329879836,-6910.4618420033867,35.482586772255075,-52.882784888717026
-0.036546396242814111,-0.092455799343763689,0.23154236955944599,3.0186689490834485e-05,20354.167562376017,-9894.0775110399427,20.241036749444294,-45.314306183819305
-0.035074135162266581,0.074621101644623891,0.23165132875634259,4.132866721623654e-05,23304.317155559842,-8819.8276020464546,27.183526613617726,-50.576203159326852
-0.035458330896648585,-0.066965100531333296,0.23162695140897591,3.020999218620914e-05,24303.755756586685,-8421.2283821532492,29.905933592033143,-52.157838566255414
-0.035034801781816921,-0.031094434028444768,0.23167473642213562,3.7687332480536721e-05,27553.647897877821,-7033.7272999289671,36.005496165806314,-54.064543970162461
-0.034569806341821073,0.050505294364685115,0.23170298570821829,4.1911779930353562e-05,26114.811433116447,-7671.4843894178657,33.681280025701383,-54.092277838483767
-0.034176826196800437,-0.042639233825197041,0.23174173552382488,2.7022993886659303e-05,26825.756267057161,-7357.2608832959149,33.579372203611513,-52.214307231515107
-0.035071372962454293,-0.12852313706816967,0.23167110300387958,6.1753065571155191e-06,12032.324891108083,-12028.591953099498,2.499564992600908,-15.976818444796272
-0.034003389756254741,0.12867098485594042,0.23174739162326921,6.8645841666075334e-06,12014.728441311148,-12037.095974381249,2.5081696583489728,-16.406504835975642
-0.033840313540420386,-0.10487096012617368,0.23176838455731383,4.3360065869068932e-05,17855.214013955356,-10712.81044916401,14.41517571803741,-39.614189137426138
-0.033286297353224838,0.10611565878092558,0.23179903839814583,4.0494212990969821e-05,17588.785531410394,-10793.920749879633,13.380003444768821,-38.104347217768485
-0.031525025144047029,-0.086393618586427801,0.23189179515730668,4.2091241386789918e-05,21563.97141335969,-9491.4703444586376,22.793286340748214,-47.251022300153593
-0.030787583736372814,0.080923366816854803,0.23193063224034841,4.5418638837621628e-05,22461.030695925656,-9163.4308676452965,25.852712833095463,-50.312550035917283
-0.031264398846021835,-0.062207082162173827,0.23190552094633063,4.7879829827246781e-05,24983.975942169713,-8163.4407121221857,31.326561749085201,-53.210189889082528
-0.030881937210453653,0.056148579795606612,0.23192566314901444,4.9228378998789848e-05,25664.959685704318,-7875.9377483786102,32.828242963113318,-53.693124776293566
-0.030281423138257494,-0.024817841540461773,0.23195728900382392,4.1493230712244289e-05,28007.419483366913,-6842.6550836121696,37.301216152228925,-54.944949284948073
-0.02878570371561532,0.024058847081350095,0.23203579991689699,2.6784048745672676e-05,28109.51188936747,-6793.50775889128,36.286833247414783,-53.344271256517771
-0.03065045336661771,-0.037521596264933045,0.23193618609935507,3.5571163932309007e-05,27287.915457083891,-7165.7017613151802,35.575433055600875,-54.017322280585617
-0.030076386602275337,-0.12289394184105594,0.23196082830574077,1.0554418410086606e-05,13516.910883851293,-11803.359305445081,3.4593669213741536,-16.275714278205122
-0.030187620839207716,0.11156269130908217,0.23195334005352841,3.8753771688130558e-05,16350.30640413786,-11154.221159411209,10.806578784794649,-34.049350386422695
-0.029643393498443388,-0.09974602589070998,0.23199089060233286,4.1707704206485963e-05,19048.069264485133,-10367.799720125533,17.504471475846902,-43.734440632061762
-0.028031584801284388,-0.017572842865414686,0.23207577592009163,4.5512788155455323e-05,28354.004021079454,-6687.0419090563655,37.853514703721892,-54.941707279100463
-0.028461890468111938,-0.009097687087706979,0.23205311402893392,3.1152766581461519e-05,28579.510329372981,-6573.906791068981,36.455783911162271,-52.563993029752154
-0.027522072898500873,0.0036631951564534003,0.23210260917880646,3.9021681734636562e-05,28636.314994077191,-6557.6640282014332,38.364757566501694,-55.288582760083308
-0.028471466712851719,0.012719106929775128,0.23205260969949393,3.8670254984415358e-05,28460.516792108912,-6639.9683270777823,38.975037312268235,-56.292045327093014
-0.027145886340029537,0.030091217022392244,0.23212117077080974,2.9314078737842605e-05,27842.736625047397,-6922.2718486617659,36.498713676446307,-54.201221024470549
-0.028904020619211414,0.019150164800135809,0.23202602607280773,3.0075310482374673e-05,28289.562973507786,-6711.7978657663398,37.187338294803617,-54.086084242797867
-0.02972324498897258,0.087328859328107064,0.23195517772518398,2.6442331728309954e-05,21435.495952130652,-9545.4581196688814,23.735879556418389,-49.146359122104002
-0.025943189493718686,-0.081352704313921942,0.23217579374619765,3.5562341175444473e-05,22508.739625219729,-9163.2228811936584,25.653851524716082,-49.915110705321297
-0.026460393632998375,0.062034053525312868,0.23215439083992692,5.8639691643357061e-05,25131.484680134668,-8114.8894795742817,31.382818112521825,-52.847509803998442
-0.027210135881732052,-0.057295508645793587,0.23211903722813748,4.018129208190963e-05,25651.401370497031,-7892.4528041302401,31.953072522056825,-52.599602508525308
-0.026385164926211676,0.037052665154348692,0.23216131010841776,4.3244285242466713e-05,27424.778099047657,-7115.6327352127473,36.094820067141917,-54.424776918422161
-0.024280002390155264,-0.1186782442822647,0.23226347397188679,1.6431849047358427e-05,14686.169678113962,-11586.499861640656,5.8152545572200633,-22.94721779273646
-0.025998230961628909,0.11642520938957374,0.23218279562332658,3.4288622057452973e-05,15219.362037295818,-11457.501103716982,7.5753009562824687,-27.428504711239885
-0.023477980738729611,0.093649726614768045,0.23231558981889919,3.776942973511522e-05,20408.879746067058,-9932.2401237933136,20.854839591864504,-46.156408367785929
-0.023990478097442827,-0.074228119982068352,0.23228654657783199,5.2066446347609426e-05,23607.80911551051,-8743.0902829410297,28.423630106292237,-51.695020696546393
-0.021597762964951271,0.068719104269303985,0.23239643777409222,4.4320796355314871e-05,24403.447458789535,-8429.6510252095395,29.820281052207971,-51.979630476045337
-0.021746835809166185,-0.049803688639850047,0.23238609340443239,3.2916415925942831e-05,26518.892783853451,-7529.191602367594,33.693701528208067,-53.067841975725308
-0.022827509027374453,0.04270756165415069,0.23234342357836191,3.7293366610187361e-05,27085.241776888815,-7279.0297879248101,35.059877514534776,-53.843193323148846
-0.019229849218039514,0.12350164488746693,0.2324982584156555,8.5644254631943147e-06,13503.75276312019,-11848.936180234161,3.35567285928453,-15.358265640625422
-0.021035279824002062,-0.11010639219511728,0.23244382446613776,3.4321593037101474e-05,16862.732321728559,-11052.360225105404,11.78998111385507,-35.015134948678273
-0.021715695728351445,0.099882828324785108,0.2324083669216877,3.1329603522209629e-05,19181.571528417251,-10351.504951091098,17.310484032338142,-42.625109483046771
-0.021110857337126265,-0.031113976692489068,0.23244025351036174,2.9865810916999507e-05,27919.523809877508,-6899.3257493779038,35.980263151513959,-53.010678818553984
-0.018598878005629496,0.016947946039471733,0.23254457556777652,3.0593665912998663e-05,28562.137292231317,-6611.9147625035903,38.42340819584463,-55.238117911369969
-0.018505038139287222,-0.093127030415031523,0.23256022682297606,4.6154530412939934e-05,20572.37614189037,-9894.9875609021528,20.911178642196479,-46.529681642045674
-0.018328034422067589,0.075175885590304928,0.23256844340776237,3.9476307987499104e-05,23571.51805441855,-8772.326963042211,27.558113998293223,-50.363583829599605
-0.019508278117328158,-0.067637790889841773,0.23252465276105813,4.4439805607712707e-05,24569.826749512773,-8369.0266833311707,29.860848399799572,-51.839594196865903
-0.020019188345607064,-0.0062033858632938761,0.23249774586004066,3.6078832477886839e-05,28771.833113059201,-6509.3211565561269,38.391032909025874,-54.765789027925976
-0.018862756234506593,0.0053439383651814765,0.23255347583337679,2.045669618702831e-05,28815.795846542453,-6486.9113393732205,37.026838212020017,-52.742319816574899
-0.018263065299719172,0.050576369338196453,0.23257622369441158,3.7351321023067492e-05,26484.492944277863,-7556.3010513458712,33.540497897670527,-53.01956971757658
-0.018793080290486746,-0.012271472751278316,0.23255714475450764,3.2550869849804075e-05,28675.283021682222,-6562.1995901674409,38.068763311663169,-54.775461433909214
-0.018867910545365841,0.010999741313162783,0.23255506654043698,2.5961964362298659e-05,28710.928983446564,-6541.2983169345207,38.032382355377734,-54.387884780213135
-0.017907445206754746,-0.043950059371939847,0.2325805838498966,4.42698147420346e-05,27063.34208245423,-7301.4353909432984,35.435514144026236,-54.477557406108048
-0.017166663335767985,-0.12909742501835619,0.23250748002961433,7.9382283172632699e-07,12120.513376944862,-12091.611820316981,3.2030021925139343,-22.150060824951304
-0.01552489219991999,0.12867096122195534,0.23247464255290529,3.5067252523315706e-06,12252.25973296242,-12076.03703134339,3.1321271351257294,-20.217328930316341
-0.017044863072879425,-0.10516561074640184,0.23265140067819584,3.941369192054403e-05,18054.638288671293,-10722.851662446619,14.313116251362274,-39.156997507569471
-0.017057349870036636,0.10477843505181604,0.23264525949350059,2.1814838803887299e-05,18163.742570890849,-10685.401295830141,14.907440025885297,-39.530488736907181
-0.017343308286169964,-0.025409275162985748,0.23262923273795785,4.3952875591224324e-05,28254.21497625624,-6758.1737975009291,37.199459687528424,-54.22443142164493
-0.016393794302182681,0.025001316216693187,0.23266329111688588,3.5686768419410008e-05,28285.327943458789,-6746.0691225955679,37.405416007455166,-54.6258735625875
0.11075596810448164,-0.10930600153238523,0.22139611108184168,1.7336598310975157e-05,13464.257609220937,-10971.062599907391,8.7498168143724495,-34.227334978546629
0.077741457023053628,-0.032452891626276861,0.22673367253844293,2.5656087419332101e-05,25357.911998922169,-7750.74268435248,32.19919006447239,-53.452884662913817
-0.013774588589823457,0.080139355617461286,0.23270932450405291,3.3337453508269149e-05,22868.37928161717,-9061.7739494403831,26.63938695832158,-51.060138691284919
-0.015171949231327002,-0.062861447357036304,0.23267702329771231,3.991952382197305e-05,25225.464339857717,-8104.4309342761408,31.180696139479604,-52.437453234986492
-0.01443285724132792,0.055543171434266209,0.23269775521968869,4.3103546068463177e-05,26039.584639918776,-7757.9675832839566,33.196869847891691,-53.393272995691163
-0.01374417697474048,-0.038153564833164622,0.23270985899801985,3.5690740810552868e-05,27568.636045352228,-7078.2731668502402,35.529520373003962,-53.520007341932562
-0.033465431476267911,0.10107626439940393,0.23174509090045997,2.1388368473149785e-05,18701.936255691995,-10452.976418968279,16.566827688507502,-41.531598512402425
-0.013161087392186653,0.031180276971139679,0.23271273803392392,4.2175187332696469e-05,28004.79346961555,-6880.9642035407242,37.646900464426338,-55.395425820869058
-0.014493570196684931,-0.1242533542343459,0.23267304889265583,8.3650656269685646e-06,13357.073666572904,-11889.842974998588,3.0762696802196143,-14.783649976353724
-0.012510363082785627,0.11208362405173754,0.23273018263501383,3.7382737344711508e-05,16440.790234420441,-11192.298207164049,10.210841669771698,-32.289105783556394
-0.012582882849778414,-0.099846814892020214,0.23273026911770497,4.5243527509312314e-05,19279.168819105191,-10345.792532302583,18.318057005851305,-44.385013108863269
-0.012365892970053203,-0.018276838773147661,0.23273408278499255,6.0402608048647527e-05,28591.410277321429,-6611.8206244251296,38.857261663142872,-55.894341459752781
-0.012250106902762573,0.08692919535535662,0.23271372317973088,3.6928083147085913e-05,21771.777506808023,-9476.706288858888,24.340871736001088,-49.524247770740509
-0.010320545858750751,0.060951776170828711,0.23277003042172123,3.8248068928096307e-05,25500.694302128122,-7994.190837532823,31.98668182535928,-52.821471243001945
-0.0091818369094593122,-0.055193230237478838,0.23278516557229045,4.1540534153069688e-05,26149.336745997818,-7714.0463719088948,32.919845463932432,-52.842520337332019
-0.010393235342027378,0.036579139052333995,0.23276875288055263,4.0972708974179088e-05,27710.365852439885,-7016.5377075873457,36.379586234855836,-54.226937358271385
-0.1156443237766043,-0.037066042041732132,0.2211222278166754,3.1028205603860599e-05,21641.961046651399,-8865.3993633296941,23.982723784558157,-49.053377979281919
-0.0094552801633437135,-0.0028383330626694033,0.23278523774605284,3.3694202223912928e-05,28949.628422698046,-6438.4306721776838,37.975474891115219,-54.019638595105455
-0.010468088067542921,0.0064622513216728815,0.23276059254632794,3.0123818086006814e-05,28902.370569972496,-6460.8030366055946,38.891433825240718,-55.288581033573756
0.17353244421061628,0.12982534076277125,0.20102321180504049,1.5133198122459819e-05,4701.4138250465066,-10460.08610093588,-2.3732014977129241,-27.730622865436455
-0.007546733340248332,-0.11880816333861505,0.23281566584430111,3.2695977514385176e-05,14788.565868881769,-11608.886568318045,5.8849430067609569,-23.161986379621585
-0.0086610212003585367,0.11783062204366654,0.23279919710410607,4.123313900072627e-05,15026.348776283046,-11552.576264584764,6.9566941340922464,-25.798334054857733
-0.0079748170832063918,-0.012532962082802216,0.23280645320956492,3.0841184495936058e-05,28807.609807534689,-6510.4702308995611,38.848834251500016,-55.419950367253094
-0.0075304275391050255,0.012430209206455951,0.23281160062869044,3.6114790435531671e-05,28827.361430503694,-6497.6169508242101,38.294908476582556,-54.627734553863583
-0.0064491911746974856,0.09285714285714286,0.23283807073187748,4.2251041662221103e-05,20731.902988562397,-9860.1941404025638,21.502517304001497,-47.046043848889255
-0.0065284026279687438,-0.072007665760809914,0.23283667856497767,3.6905286235018286e-05,24128.923426458317,-8568.1772274912237,29.457094205651984,-52.085453518512615
-0.0057506917229554269,0.066584105415695885,0.23284282606955467,3.8795304322153208e-05,24854.248782871793,-8269.9132431111411,30.748580275462679,-52.496460852692614
-0.0068607732881558175,-0.049441817398116227,0.23282890257325722,4.8168307752012314e-05,26710.086689384683,-7472.437637719323,34.703670967199102,-54.128966690017521
-0.0062453958991346608,0.043492813005599436,0.23284152178490858,3.5719586234728508e-05,27235.471633003704,-7234.7226724927359,35.101507525775567,-53.465033888773803
-0.0041230118340945081,-0.030138156013333816,0.23287895408582732,4.0250412114792137e-05,28123.904224553735,-6837.1049662340092,37.985724649003593,-55.764484472496193
-0.004590160577295283,0.01898596217962556,0.23287074379563943,5.1007913056931685e-05,28637.176677336149,-6593.1741500549788,38.661294051978238,-55.484449532351121
-0.0036530334672174427,0.12411664223518581,0.2328799973457843,2.0013365523172849e-05,13437.591600311271,-11891.587486673892,3.1447356305299032,-15.390964975489316
-0.0042942599913771209,-0.11131415837762429,0.23287594434409969,3.7295670925434507e-05,16698.23927148497,-11134.245371027007,10.739736994155978,-33.365607569859399
-0.0039671689722670916,0.099285507474617049,0.23287918877315594,2.9258744855136032e-05,19443.511874260163,-10302.660210930562,18.066172233430553,-43.384925856574839
-0.003987943699756435,-0.0068958168751957396,0.23287508902618781,3.3711321250423808e-05,28941.353284148565,-6446.033550856625,38.523625238138642,-54.642840050821839
-0.1247721117516306,-0.089308502343554641,0.21952623171038557,3.2118592129855605e-05,15627.576165681912,-10368.622741595002,13.140149054963564,-40.564932121552516
0.010801361250209229,0.11342394320898233,0.23276157993577182,3.1698851333981888e-05,16132.841088081859,-11276.938685000376,8.986222765837498,-29.747187212467225
-0.0021497303915657988,-0.09285714285714286,0.23291363514512897,3.03825292607751e-05,20739.949834307099,-9858.8057000920708,21.816842449678276,-47.235242620656663
-0.0015952681345346364,0.074081186822752984,0.23290768211459817,3.6016510853155576e-05,23869.291547656849,-8674.033630283795,27.826133801710853,-50.191977460399499
-0.0021296777294634744,-0.067234802113474698,0.23290867972309356,3.4447132119905251e-05,24772.960816828898,-8307.2797165317406,30.848523052896031,-52.818519331616386
-0.0029263854384100393,0.048852116272897518,0.23289998518159311,3.1861343805505589e-05,26787.201233885196,-7438.1789580227878,34.157824114274547,-53.198574314998815
-0.0018672791311831239,-0.043710423358199836,0.23291179615501123,4.6228638401745969e-05,27202.1416033282,-7259.4279892327504,36.104749125302753,-55.154358773509905
0.00017096513177615544,-0.12900716935031104,0.23293936843178906,1.1027403097010433e-05,12216.252754404222,-12101.171624753697,2.065615550051906,-13.660824391843375
3.6778432128160972e-05,-0.10489004235407885,0.23294933535172871,3.6088835118419741e-05,18228.753943949381,-10691.401605487694,14.701301279823197,-39.312339687306604
0.0007763187520633245,-0.024079705570912324,0.23293777329870835,4.13436646628232e-05,28442.286619521081,-6686.2207232440469,37.695563776513204,-54.498808225118587
0.00083060611282029066,0.00070589748966382818,0.23293681918079229,3.4080086489957454e-05,28984.477856629099,-6427.1687896975327,38.482430126412069,-54.458109368550801
0.00025823670386846103,0.025569308497505619,0.23294093975882882,4.5318404924468049e-05,28368.598861820552,-6722.1800102994448,38.017904990121345,-55.141420250253184
-0.045658077626029928,0.091805842528696613,0.23071435106539481,2.5120526298867883e-05,20206.404513029109,-9888.527727966517,21.155277662291521,-47.455304357258342
-0.000385707080657401,0.10496615276299345,0.23294463842511551,3.4985389186890517e-05,18216.084117639679,-10693.038485401665,15.038030927546272,-39.690979464211679
-0.00091846226174552986,0.12910142465681657,0.2329352750805716,9.9999383536059312e-06,12181.863390770333,-12106.251499227659,1.9855975744851782,-12.872047756362379
0.002485962042296945,-0.036135327026225683,0.23290772576516586,4.1349494680938322e-05,27762.861078118032,-7003.5807653870734,37.251954824651413,-55.579542333877178
0.0036488292346427936,0.056142607996433655,0.2328872879983129,3.3280054696972544e-05,26073.108041460488,-7751.7156854035893,33.054134860813257,-53.186453420218164
0.0023314635258747962,-0.062913024314897828,0.23290600602300304,4.0519945640514593e-05,25314.419882653045,-8079.0302823001202,31.368398099161254,-52.455621227244066
0.0028353966041941531,0.079725177778767919,0.23290158433977051,3.2159234952502591e-05,23027.926962514615,-9006.4547813258905,26.147000226514386,-49.282653928173538
0.00326395252225266,-0.085767444501028009,0.2328940523309613,3.6394056797296329e-05,22024.374373114391,-9391.8690403780165,24.189985228218223,-48.592495227279912
0.079257729078817785,0.046400257767264003,0.22650919144894102,3.1705516661283339e-05,24320.945274841662,-8145.1368201445475,29.895265469853268,-52.229649645332522
0.0036094947030462878,0.0069375518026536494,0.23287672687703517,4.0284112406557697e-05,28927.637886026732,-6456.0459975954564,39.390788636449912,-55.863413254963575
0.0046248417684331238,-0.099520322466120692,0.23287013426249298,3.3844335765338679e-05,19401.268972939684,-10316.508054660821,17.79832276196306,-42.973355352506651
0.0037900388699386358,0.11122913252792946,0.23287881638947433,3.8209446207282419e-05,16722.408064153238,-11127.022569358449,11.178398658950929,-34.227255098451906
0.0045690951342889459,-0.01923310845905888,0.23287111402761057,5.4124989909702764e-05,28625.269738486561,-6599.9999071689754,38.59273150411142,-55.375802065527921
0.0035694822903821841,0.031030281705669776,0.23287269497732449,3.0034264442255566e-05,28095.266294718953,-6845.5190200559437,37.269346056943654,-54.771760569734191
0.075331847431611629,-0.084057583976110295,0.22709041048946219,2.7508189204438807e-05,20222.29746404284,-9637.2113048380197,20.970028675795376,-46.267795656307648
-0.029221967252501983,-0.12906287516258971,0.23186721387968781,2.5705760306078504e-06,11991.089491779083,-12065.448827746824,2.9058746523519123,-18.790754708224259
0.0069339916839286459,0.037321955760912122,0.23282387247610073,3.4038658108581243e-05,27700.965092094626,-7021.6324594020398,36.046178708222214,-53.998942250883154
0.0073651707321923448,0.06153119430557262,0.23281710729536514,4.0758443229591171e-05,25458.18533230048,-8014.441767186765,32.18435360053725,-53.309454604408224
0.0068698796002139581,-0.080514715561253669,0.23282864910272028,4.1095456662599119e-05,22869.226556437112,-9068.2563627380168,26.549155673932926,-50.51376732668048
0.0058766064855235774,0.085976603366756305,0.23284696817945832,2.8283522767141238e-05,21986.272657984937,-9402.9491068533607,24.589650420045253,-49.401956795530879
0.018950167818240885,-0.058475475891872332,0.23252076949791034,2.4808602945589808e-05,25675.15942850427,-7904.0580176872181,32.284450790513603,-52.875201532969143
-0.20000000000000001,-0.063895156538484418,0.20414890771843719,1.4669771422493424e-05,7292.570996275269,-10539.544715240179,-1.7659786440651921,-35.888658508281495
0.0028629746602658575,-0.0058787781715284601,0.23283457218860396,3.9309542535848291e-05,28950.504967952107,-6443.5767897945361,39.449197250811679,-55.82401873385782
-0.14681597922685577,0.065583356003603113,0.21629414960798565,2.8926451954533884e-05,15781.987937341133,-10159.430568648833,13.452062807930597,-41.704109770127559
0.10787793492009301,0.082280394918511593,0.22227202638044713,2.148638915930965e-05,18122.741905058778,-9942.2111467649775,17.505761510376843,-43.55595126925779
0.00786651015150229,-0.012341379898214216,0.23280815284233758,4.2335434951033564e-05,28801.270706314732,-6515.0317522460373,39.425742524683024,-55.998690973723413
0.0074657500788789166,0.012743837728446453,0.23280953599729376,3.7107233294713316e-05,28821.524803796103,-6500.5245986175196,38.040753321633126,-54.170422000135837
0.0078064793671083392,-0.11729148251324335,0.23280574933094936,1.6925881191246556e-05,15174.567482506833,-11519.212054663623,6.5563009465416675,-24.540959045898546
0.0072734437087536036,0.11911915204312927,0.23281943750333525,2.5761228921468119e-05,14702.078976294981,-11627.737480415082,5.7658978945129524,-22.589439731599626
-0.090039537098116504,-0.024435995998265476,0.22491296602107583,3.0566393009290224e-05,24787.632751497444,-7903.5078304948038,30.803615056708644,-52.952481616670127
0.008612408293982474,-0.0065186687898143173,0.23279128630983209,2.8639161497255217e-05,28901.343412465267,-6466.7323426373077,39.30318253211157,-55.767678830478452
0.0095238095238095333,0.0027319322732341322,0.23278403332038752,2.9694993747165046e-05,28935.357073572315,-6446.9364772165227,39.053718151295293,-55.254469283047072
-0.18589304006164201,0.057070151987598683,0.20870121641246231,1.7377455462492974e-05,10510.360740992903,-10604.377428256306,3.6791135088690456,-35.18849684939299
0.18606901403038678,0.11238688755678285,0.20012521300095043,2.4542890154992326e-05,5973.3480053352596,-10424.416433330942,-1.1129215445986447,-29.4282146474124
0.00099046134624625973,0.013374893916999512,0.2328612703427736,3.41592746561624e-05,28825.772652777941,-6501.2543174900875,38.601072710101789,-54.822639350877211
-0.099940575145386096,-0.083654978109767103,0.22344713685169867,2.3390599083217311e-05,18591.640372708385,-9891.9174270262265,18.726232645204497,-44.908287055937024
0.011287693251083723,0.044245984072987764,0.23275204685894604,3.7955835394382093e-05,27134.976082511581,-7275.8209952003072,35.431390156125055,-54.239099900972008
0.0097264013292693349,-0.051368492456277483,0.23277895530343135,3.5350801325631181e-05,26522.691670550852,-7549.6472578340727,33.90095534894806,-53.524332406598973
0.012500631272577266,0.067910503390397198,0.23270683926591682,4.1046838707522391e-05,24647.502279289118,-8345.752722976149,30.330076075775235,-52.250826905908589
0.011510454793853276,-0.074652738637764518,0.23273534256897943,3.4143434550784884e-05,23731.581913138867,-8722.1178736041329,28.038491066870229,-50.992403557221465
0.009430937842501437,0.092395434086648687,0.2327779401644752,4.4389042502906723e-05,20807.270172250021,-9828.0607000102591,22.028928962966432,-47.492820601412994
0.060101915071128456,0.085280397569277508,0.22916010193008343,2.0412436879041068e-05,20797.12832565323,-9576.5197088007171,22.176901720182659,-47.050663007783548
0.006642659891838233,-0.074308729353584818,0.2328168565485319,2.3025896403744554e-05,23817.822664193944,-8692.3275228822786,27.950907386230039,-50.497474011099065
-0.18188398674266884,0.072479252428234178,0.20809280146930134,1.9502185634048437e-05,10325.118939592419,-10587.671814668014,3.7776695590930909,-33.824350791555169
-0.14915714782491832,0.025400794951729776,0.2161607202652758,2.0952051916754873e-05,17845.699719574441,-9753.5929932999807,15.813832205344783,-42.906096055159487
-0.14868160492118793,0.12573593370963432,0.21032356806883853,1.8022216947290876e-05,7577.2484902536544,-10978.229145347075,1.0603069774365708,-25.312894969699105
0.01125038468662286,0.018580261959872963,0.23275368820371045,4.0086334945880312e-05,28607.654119977418,-6602.2927384526856,38.089670314475775,-54.81293878556081
0.012775540612734041,0.099047619047619051,0.23272688309523601,3.2416526720552959e-05,19460.339941498136,-10282.592944366728,17.931725895222876,-42.908692481888963
0.013305759788248137,-0.11160400195791127,0.23270673113340851,4.076744701841697e-05,16579.70959718047,-11151.735229383477,11.209329533501782,-34.314051276559184
0.014625125402360134,0.12394137530972549,0.23266468445449984,5.9083207646425577e-06,13445.477269063858,-11872.605585791811,3.1427960705633828,-15.29697977643162
0.012466459087109963,-0.03055661456726488,0.23273231530297292,3.2604646616342455e-05,28059.716842391023,-6853.3580059820715,37.168268616983134,-54.467341308551994
0.099601938702221268,-0.10920497625713975,0.22333214168975984,2.8758140482605341e-05,14194.707950124459,-10980.881687493216,9.5265494243791142,-34.360856449620563
0.11443637050819257,0.049544284681306498,0.22130106291736171,1.7164892985692526e-05,20928.908195547458,-9087.4816941660993,23.716230957879457,-49.280342468186241
-0.011659088401867098,0.1062893401810111,0.23274650510378378,3.2329430307605068e-05,17865.86352050097,-10787.816286319012,14.392115772468753,-39.087027669310757
0.015071459154576446,-0.043286288397715041,0.23267876999802961,3.5799015500768929e-05,27181.90810442634,-7246.6260220539207,34.430806195921512,-52.525049458283583
0.016257681386984045,0.049237271444510455,0.23262765104717645,3.2101554423910464e-05,26648.211092273439,-7486.1279516481509,33.68465393663444,-52.909033690633429
0.014937443008986648,-0.067259183393804184,0.23268414979364282,3.9280482309117513e-05,24689.453579357894,-8327.899643990153,30.379110267315685,-52.357460139083429
0.014935562376480416,0.074524485098539983,0.23268777541423805,4.0665014406645064e-05,23714.549267202648,-8721.7032153084165,28.113041700017334,-50.959841210138137
0.014902835913671727,-0.091943523074505429,0.23268498430745119,3.7722429710342886e-05,20838.820217821249,-9808.6735880586548,21.586094132962174,-46.706860842731366
-0.00018146994909759529,0.044464541261651599,0.23287710802822795,2.2291614850782234e-05,27173.343275889489,-7264.721876549087,34.74618406469439,-53.00315968597242
0.016201392791675123,-0.025744311301786716,0.23266660478331533,2.8450295252976812e-05,28246.504071246629,-6765.3061198770729,37.53468246488228,-54.720260270307257
0.015719935148381957,0.024796595542116988,0.23267513440936821,4.463215282761727e-05,28290.34722217749,-6747.4806825180813,37.86577723268946,-55.069170154274765
0.017729082500067484,-0.10574351354434496,0.23261553356512898,4.319080315034011e-05,17925.43469015662,-10756.694835011331,14.645285307150397,-39.675114842574075
0.017034468007499661,0.10388465255470448,0.23263389648386804,3.3657358864007832e-05,18358.57963639907,-10628.387654063015,15.069284208574384,-39.961581351590738
0.018218965260675471,-0.12939639330772221,0.23259255395288095,4.1101120430904678e-06,12028.826111221872,-12101.754858197495,2.0597324352505164,-13.923599539555997
0.017049504470327513,0.12848167323064733,0.23263463428679571,2.2824351975710802e-06,12271.839253172926,-12068.058230759159,2.4200969095133176,-15.416140984367757
0.018865079712396336,-0.037007290233285299,0.23255849835758619,2.743903274015989e-05,27555.129943116121,-7079.7484013946996,36.484762875121433,-54.926873979447528
0.01911338228652415,-0.012871165904816535,0.23254544980610359,3.7497092515948221e-05,28667.098795486982,-6561.408962878867,37.980857932944723,-54.450600488253656
0.019311370038330587,0.012704431760193322,0.23253461083405025,3.9066437026290443e-05,28673.122855037407,-6557.007167800004,38.051013239461675,-54.54298024302247
0.017598477449159516,-0.0066923712946141784,0.23258499774341215,3.3468936014570945e-05,28798.970865871201,-6502.2121799581673,38.638167394101842,-54.994729985459784
0.018437715811647857,0.0059499757706612142,0.23256354345031349,2.8047655303531437e-05,28802.469792605658,-6497.3410534663308,38.336735680129415,-54.645060366618168
0.019057050799237033,0.055714285714285716,0.23254841648335664,3.5183908394093357e-05,25981.791458971493,-7769.5955930779146,32.175139910067792,-52.162612608016694
0.019830982537980973,-0.063416260746391298,0.23250469719877481,2.8454855334691857e-05,25111.671062211637,-8138.6239858281051,29.877831826460522,-50.542153634656231
0.020287518946126994,0.080517044989223407,0.23248361432673295,4.5606860445754168e-05,22727.994205727846,-9097.9905860512426,26.380617052580018,-50.637405863404418
0.019384721742858636,-0.086654580928933064,0.23253115981250069,4.140043731159374e-05,21734.966580236221,-9473.1267170241063,23.893048693974428,-48.581393320875911
0.018467437259628267,-0.020517796566600039,0.23256779442438896,4.3032889087537788e-05,28448.992232769884,-6663.6234979981064,37.537427881905714,-54.24464405965854
0.020176169004391974,0.03142282566914225,0.23246714585859943,4.5600815947684632e-05,27885.918238398619,-6926.0115131536531,37.359954251927682,-55.402692743955768
0.021995360940874793,-0.100070371758383,0.23239367145034723,3.4215058447528688e-05,19123.200094938671,-10370.921760318708,17.389340330496243,-42.759223452881713
0.021163366129786716,0.10962112788510674,0.23243700797815015,3.901180271473146e-05,16975.100481561301,-11021.057693186685,11.785195471254507,-35.195187001182234
0.021156745152769246,-0.12279753360601074,0.23243002571998383,1.9490156973958237e-05,13664.260475527468,-11811.934188548403,3.7872782766955804,-17.342975568854776
0.022726435236402595,0.037432914831200793,0.23235455406197836,4.3854984933668184e-05,27474.392610001105,-7103.5716713330048,35.832529198190151,-53.988787663624102
0.023648335725541425,-0.05512923199695708,0.23230638728638117,4.5542966743096822e-05,25946.748826239142,-7775.9645222333702,32.957628488201095,-53.28068509459272
0.023300652398831351,0.062477943190069656,0.23232315231766559,4.3195112275731649e-05,25151.564221649987,-8113.280112391174,31.5110446879577,-52.874630198839078
0.022944483397212865,-0.080325068374050942,0.2323352435333581,4.6102476289600553e-05,22725.643927354824,-9089.6558770434294,26.067957076819241,-50.129003264865752
0.023451253951399485,0.087169669892594837,0.23231364518914374,3.584405507538798e-05,21580.843800039671,-9516.6525249879214,23.907368023703594,-48.94431600931761
0.024934968641817788,0.01919920856662782,0.23223875464618726,4.2704494854443369e-05,28370.176720812069,-6687.9469344790532,37.85821419690857,-54.951715680708503
0.025257251735629378,-0.1181252112648884,0.23222188516014097,2.7712744731688944e-05,14803.834797981499,-11556.029112179802,6.4559162188483397,-24.58016777642813
0.024634969134036233,0.11660764338905834,0.23225263278533659,3.8440240018594577e-05,15199.251626061947,-11467.293818330221,7.557274537600378,-27.413092476856452
-0.13726083736006339,0.038434141869861924,0.21792194558368166,1.4271922875510144e-05,18940.810111638326,-9527.2001707901582,18.45313567067495,-44.64622526687841
0.027443595587736971,0.043794154656059306,0.23210477672522667,3.8919494101322531e-05,26898.240063704154,-7349.1805567414312,34.82061623678613,-53.81471639126525
0.027028000611788547,-0.049639491381530891,0.23212861995837508,3.8880770355477041e-05,26398.893924299569,-7572.4742405228108,34.311497409106607,-54.38207545734943
0.02831070633627367,0.068266598251576882,0.23205348573992068,4.3894423546660564e-05,24333.041519928625,-8436.8867477567546,29.758914424990394,-52.102832936340832
0.027835932315237736,-0.073984417227537153,0.23208584291195461,2.797342630160271e-05,23587.925006795216,-8734.0729520175264,27.663829159067728,-50.454089847516883
0.027930701359164374,0.092387755913440797,0.23207925658260245,3.1248211180495518e-05,20562.624599952753,-9863.0054723735393,20.905167179859369,-46.192666608198621
0.028327680785944841,-0.019132818629919276,0.23206018213294477,2.9562840017587975e-05,28296.585411922293,-6712.4650239173843,37.411858186523531,-54.458674843653775
0.027824651830990997,-0.030737410078692691,0.23208618441355588,3.1824691809065701e-05,27769.496220244586,-6959.5429797937613,37.025715069527251,-55.155561213398862
0.028571428571428577,-0.012854056975928145,0.23204734524463394,2.8841922582905969e-05,28454.3344905872,-6642.3304450755822,38.747725246687637,-55.938917628804788
0.027162684691184359,-0.0022975435124212747,0.23212153622779841,3.0200291158459571e-05,28653.537024796933,-6549.0897065521649,38.03885728766106,-54.569403962703582
0.027452750880754721,0.0076494729468371764,0.23210625999761295,3.1409085323476261e-05,28602.506418150882,-6570.382627585569,38.170698315255137,-54.742594202113665
0.029660145711605114,0.099848299983121058,0.23199000835313052,4.5380355767441551e-05,19034.916534213637,-10367.510613712322,17.807878277966317,-43.890309732389056
0.028466730138182902,-0.11129644032947364,0.23205261358329921,3.7252714421982234e-05,16457.84334480004,-11133.307865863328,10.896914556421844,-34.150798062152084
0.028681695498095478,0.12353316755684016,0.2320415380771178,8.8005269596964092e-06,13388.047482223961,-11833.979394363696,3.2652339759729814,-15.952011033686478
0.030053796607336744,-0.025003305499675981,0.23196913026225627,4.1090760585541937e-05,28019.405464359203,-6835.1884294072979,36.568080302924209,-53.957138279926347
0.030444524711662528,0.025282484626726807,0.23194664325817479,4.0435408052470558e-05,27984.646357768848,-6851.507146170029,37.217215075417059,-54.83503704420152
0.031747741347111613,-0.044958804286207181,0.23185770110516618,3.626047555371971e-05,26703.159128673309,-7420.3274687992489,33.964397626015256,-53.037674795678711
0.031207815332815414,0.049961299853551563,0.23190639892190454,4.3056284581285731e-05,26261.226456127588,-7618.9217016242819,33.997112118487806,-54.099150647743841
0.031222182038428033,-0.06826343826078958,0.23190774427912048,4.1536789208290648e-05,24264.021146881896,-8453.0080778740939,29.757079399552236,-52.096261829646899
0.031880227142311417,0.07472826895128741,0.23186982940121317,3.5808004187512567e-05,23385.457076013332,-8798.6306205591573,26.853139129756272,-49.502636045783809
0.031046629356419404,-0.092465787375093353,0.23191698969715424,3.3390153004125981e-05,20490.892547372005,-9871.9990802594002,20.98973560018138,-46.302327467469205
0.033823164419058568,-0.039132565095252342,0.23174199131022308,2.8703153158618366e-05,27070.60594386001,-7257.1270993798325,35.289465981085236,-54.444019179173985
0.033335994381857956,-0.10586605420412568,0.23179642112224041,3.7890477893187437e-05,17659.780792485442,-10769.420401977242,14.02822689380435,-38.505275991443035
0.033561147984477277,0.10593645891281191,0.23178194554388076,4.2737250292455057e-05,17628.251207672311,-10780.671611834696,13.79852424076177,-38.711349242062113
0.034307747110155454,-0.12923243601541051,0.23173279293868346,4.5748551125858578e-06,11865.509316170837,-12057.482321708003,2.2357758580923104,-15.546198157018303
0.034733939038740683,0.12926765586250774,0.23158186074114429,6.9283587354493564e-07,11852.80206042664,-12056.917871498417,4.0938578606892575,-27.856628365728888
-0.028282414327721758,-0.051195854697326695,0.23205982670998598,3.624356284290071e-05,26259.190326754586,-7622.2326751692663,32.543745771130084,-51.798464442957169
0.034490386435936708,0.030229960658026512,0.23170739683491168,2.9607438388158257e-05,27630.02978900442,-6998.0337766976209,35.570812779723489,-53.301248792171272
0.034308718952929834,0.056007776685201988,0.23170874252973606,3.81054907371627e-05,25598.633154361636,-7888.460109781191,32.11152844620505,-52.64351761406035
0.034937772372022412,-0.060923347738907174,0.23166545798157614,4.0202365035845849e-05,25046.057097009369,-8120.4818099705262,30.618186964862943,-52.052628570693948
-0.16634569782548653,-0.080368870757465183,0.2112550834299371,1.6002231340453305e-05,11985.923329472869,-10545.387423949807,6.987856512334357,-35.190603439077137
0.036173193954223554,0.080187053793309246,0.23157505002855588,4.4243533658921689e-05,22450.85238151317,-9142.5921960314608,25.275097011012789,-49.619277054623524
0.03599735510951424,-0.085658082130800853,0.23158017457362251,2.9636933012509251e-05,21568.592341735904,-9466.3154588518755,23.959163893630812,-48.855108036177697
0.035977056142881943,0.037026507599517845,0.23156314271715528,3.358055403124267e-05,27167.389615831173,-7200.2998476304592,35.413934163788483,-53.974954259713336
0.037553146846932395,-0.025255443049472654,0.23144390581185045,4.0002884316084723e-05,27786.206573753079,-6916.541116201669,36.34046779484374,-54.098776160430532
0.037636068294731588,0.024858626108455597,0.23144318804903827,3.6658006609787459e-05,27801.685977368441,-6908.802008768188,36.588930846732445,-54.40293790133417
0.038177394879138647,-0.098681235272785092,0.23139954674677243,2.9400293549664106e-05,19107.874698048567,-10295.774933485178,17.565048859499463,-42.846017499646251
0.038282911900807369,-0.018913956788754082,0.23139030686300799,3.3391111171419068e-05,28001.381362807126,-6819.9926093387994,37.062993752192867,-54.80213214190362
0.037779076393682796,-0.011675029040194837,0.23142800715256184,3.6808206819297877e-05,28209.598676355057,-6727.083833583034,38.115017774385073,-55.66181226082918
0.038443423044511399,-4.997622039254327e-06,0.23137625127001199,2.8129576595243161e-05,28323.715580129676,-6669.0471505810474,37.760299973864008,-54.898569480183191
0.03857685652810082,0.010955918177840397,0.23136456680565579,3.0591384450118827e-05,28218.131000955967,-6716.4887171947175,36.96878854928714,-54.189077240408736
0.038301456739513073,0.019596407888716281,0.23138868293398343,1.9741152969083441e-05,27989.544412624007,-6820.6336297939433,36.552679069193076,-53.761130881913154
0.03683888377757278,0.11135801330330822,0.23149425008880997,2.5111035426187622e-05,16294.129779528486,-11129.214083441017,10.762333278726709,-33.488123687790377
0.038567553723075805,-0.12428021658081594,0.23136538143097177,9.8303007135993284e-06,13024.668936755128,-11846.037036804697,3.0096165603621454,-15.385175362607795
0.025925685736840721,0.082522063336418233,0.23218668232701717,2.4578311200278879e-05,22317.615756700157,-9234.5504551504655,25.113443171891927,-49.385982938557184
0.038691242835916552,-0.056589243287909832,0.23135455025883001,4.0581589564919511e-05,25416.385916391897,-7945.304386241979,31.465864511144581,-52.012597406094457
0.039422341991944033,0.061696679698506923,0.23129052958126378,4.9187030868337815e-05,24830.021326598231,-8186.9137300308366,30.838587303595396,-52.554241872710215
0.040158226258816043,-0.079150575238690707,0.23122207248611565,4.4099344464807846e-05,22497.355228602453,-9103.6701873068596,25.661828778798721,-50.210399645385849
0.040822075409967948,0.086549604280494893,0.23116613919025766,4.1102905217283564e-05,21292.143565418111,-9540.3309264484124,22.94919377734568,-48.012177182469117
0.040975630442198416,-0.031269730407566441,0.23115451167148884,3.8468560840191771e-05,27348.948186268746,-7102.7946470113602,36.153402514340804,-54.793712325472598
0.041934401598148652,0.044172532150898107,0.23107055427866624,3.60654220928414e-05,26446.332805559396,-7494.1080882103088,33.662440301484317,-53.307490805607635
0.042343690505432227,-0.050271891148640439,0.23103189342764646,3.802481121429823e-05,25910.282843148587,-7721.0664606196515,32.614481043477021,-52.884548843052045
0.043048021716741186,-0.11799144345325466,0.23096581168752342,1.1455379280733622e-05,14502.217053849921,-11523.245789283872,6.2677349590392417,-24.496108581328567
0.042535159429962527,0.11778889310516924,0.2310174895135455,1.2667256109743572e-05,14579.693591211515,-11508.133101747106,6.6504403671437933,-25.362060947563386
0.043534083146908743,0.068630820753016214,0.23093047383157844,4.0220960740217645e-05,23864.702902469122,-8554.5529274751989,28.475716452225818,-51.027359553450417
0.04432515132236764,-0.073731820044248317,0.23086012812674267,2.9253417183389091e-05,23174.384231611406,-8816.4291480034281,26.376768795534542,-49.05184627558112
0.045012560936780535,0.093145897068889524,0.23079065234764679,3.4524604356727047e-05,19987.629963204636,-9964.9940517991108,20.523467310279319,-46.457914222349174
0.04478755219951646,0.030386833206537824,0.2308207104193318,2.8599509219299789e-05,27279.870546746875,-7112.7200997720802,34.962549093985068,-53.327118515298075
0.045382592314823875,-0.0437460179175026,0.23075865244138419,3.6386410413435469e-05,26357.409211774084,-7514.9783057047734,33.42177619759579,-53.093790128776121
0.051207907832629643,-0.08231929707719754,0.23015843036376737,1.7578841319916091e-05,21624.003211990192,-9353.8069318366906,25.146226322016336,-50.587168787718596
0.044762855422914465,0.049078663211973329,0.23082287305945898,2.8256049110102902e-05,25920.375790830916,-7707.024419542292,33.00992655160757,-53.364163438571694
0.046138819311259655,-0.036874048581717757,0.23070009463995111,3.3095779585217447e-05,26822.050368656735,-7310.8646693333794,34.680462742724998,-53.835020008066913
0.047358312944952297,0.098907716964042242,0.23056631568542929,3.4426511788172529e-05,18789.802914457239,-10335.803124775148,17.659178813852421,-43.562045391200336
0.046181766750937304,-0.11061872785398902,0.23069862224631346,3.8117402390682286e-05,16234.713062346696,-11084.435652512326,11.082117512987374,-35.085536862262423
0.047061286062361707,0.12310802826909717,0.23061431276580982,8.9391992322339078e-06,13127.306502685426,-11768.989658759885,3.4179945642141782,-16.725842214098314
0.047089958270314855,-0.030551310448033889,0.23061909399634747,3.3719975917941586e-05,27159.496393139398,-7160.4217345347906,35.306024300036825,-54.145879936153037
0.047024537813595439,-0.067972565278117444,0.23062482271581233,3.6627438647187468e-05,23821.242187722997,-8552.862908865307,28.309875531052949,-50.948217077827849
0.04710216775425774,-0.018815754346529958,0.23061802483982019,2.5541523019972019e-05,27681.770943797703,-6927.9469348585644,35.724838041440982,-53.703716300659877
0.047910046941892492,-0.0071893901493866466,0.23054064341751085,2.4640267179962458e-05,27920.686855447304,-6814.0259446391383,36.655951619092221,-54.121893496941652
0.047495212492764928,0.0035271811482125142,0.2305836068128459,2.5220048003885581e-05,27968.240413209187,-6796.7125130678332,36.606605484710634,-54.228463939295864
0.047602243702815628,0.013981204665729979,0.23057423433507501,3.0047921216422469e-05,27795.479774499021,-6875.4102556448097,36.702315492531788,-54.806013201499866
0.047962709443486844,0.021671677848220262,0.23053483072388473,3.8589496274282065e-05,27542.728328129404,-6985.3311200945363,36.271367560623581,-54.624343488015057
0.048703937650781848,0.074414920375701049,0.23046151054887129,3.7847729669729672e-05,22887.999987339113,-8905.0608014809713,26.758173107446492,-50.524099898407613
0.046163626161350779,0.037749854809951425,0.23070021077616906,3.9930003387180678e-05,26755.198805224747,-7341.1541580879266,34.76741796897133,-54.087879451976661
0.048200760201415678,-0.093044711605024547,0.23052182361696785,3.1043316175308463e-05,19899.254836749551,-9972.9746269387815,19.961912793613763,-45.556702856590981
0.049601360611853197,0.057027945729016233,0.23039600034116064,3.0341645026719594e-05,24958.699100341717,-8084.4314586751116,30.886054981830014,-52.235750234852738
0.051662238093704044,-0.10569536646975766,0.23017575210441396,4.2170907459626097e-05,17199.642499993039,-10779.625394176104,13.713063374743093,-39.112485690605361
0.049401271291966739,0.10520806715563853,0.2304166976120898,3.7695750930329838e-05,17376.023518961912,-10747.010384710104,14.28788277019129,-40.068813556208788
0.049667395822713914,-0.062400751447748252,0.23039339369683434,4.1046859359919339e-05,24368.798837339265,-8321.3730091665202,30.019683631710127,-51.983638703443873
0.050900223923048347,-0.12913183897676675,0.23027483686460962,5.5274749188025475e-06,11538.46686423722,-11990.777074645039,2.0122398775661465,-14.892076728085117
0.051563410186591781,0.12873047026000381,0.22998248892800729,5.3573629694970834e-06,11625.996856158101,-11974.004154991046,2.2056200661506642,-16.248889640952651
0.050970347701797473,0.08096251691158543,0.23024146056850894,4.7784803671573994e-05,21834.368990065261,-9284.0024467920666,24.775389451309774,-49.965730501607801
0.052150568747827863,-0.087798041278841069,0.23012558618414922,4.3267774756080753e-05,20690.520999962686,-9678.3061506994618,21.87384489054406,-47.462707040061105
0.055572832111196346,0.043857490446539193,0.22971334297599685,4.5613802400787387e-05,25904.935984607193,-7657.7197231311948,32.697264617262796,-53.091158535157938
0.053384547761821347,-0.055497670129479017,0.22997578288870438,4.2022767141923403e-05,24947.49740511016,-8069.3569244957644,31.067591881927598,-52.74237030050552
0.051324542823649157,-0.098498024832870609,0.23020067556029286,3.8817648397341201e-05,18738.344111283888,-10325.302534837394,17.215441534967166,-43.076705135561056
0.05469770647596274,0.063850194468938526,0.2298131136890772,2.5864319660129728e-05,24015.43448326816,-8428.1199451963421,28.210424742747279,-50.180955778334017
0.055054192324723833,-0.036417756902538748,0.22977669637898349,3.6727291937255473e-05,26471.763780858848,-7417.4972804932486,33.312885727753276,-52.81221090930859
0.051741236184439016,0.11166323987621141,0.23012526907648823,2.7078935509133058e-05,15828.55054886335,-11144.183727036851,9.7550419267857897,-32.393393898332434
0.053822714970041902,-0.12319169230287647,0.22990386560871059,8.6286554385702865e-06,12927.513139868559,-11750.308728222495,3.2760464871969655,-16.634408551513872
0.055567765567514929,-0.050033709394979191,0.22971396186947934,2.8383700011194981e-05,25380.56773960905,-7876.768299499261,31.226268681048381,-52.049233348328741
0.055795910332598328,0.036059076314867163,0.22967990703352234,3.6577224653969925e-05,26436.440946791383,-7433.6797500652319,34.463657702419681,-54.54953485665844
0.0561110822785637,-0.081500617230983508,0.22964759410626059,3.3021175583340132e-05,21561.857561118115,-9341.7036482017065,23.793264610756058,-48.632899145321602
0.055130205274253115,-0.043823478536163571,0.22975171337133554,3.5110854104628e-05,25939.07482962529,-7641.7032026299703,32.557311246032256,-52.596376511915359
0.054963543354768218,0.086622954412009429,0.22976995762614152,3.8721325632549304e-05,20788.075577888911,-9623.6965543727056,22.148789940647273,-47.815039357266151
0.057551226147474162,-0.029028499532247398,0.22947167622015641,2.9491310786674115e-05,26770.944162666157,-7276.3427763419004,34.179934911794561,-53.180856571907178
0.056912133205390972,-0.02221212101655113,0.22954702617826894,2.7476003468942641e-05,27108.430429045799,-7134.0197749477647,34.876180151624013,-53.508181243090782
0.056737819679065944,-0.012389701582427979,0.22956626626547985,2.8427224460233116e-05,27417.189558955608,-7001.0497050134945,35.658403981107384,-54.185453153594814
0.057536056069722612,-0.0014168130661710403,0.22947352929058057,2.5913178727975881e-05,27507.359355859113,-6957.9931816176895,35.830055751203751,-54.313286835106425
0.056672791734469791,0.010870295880853326,0.22957344381131667,3.1249047864798576e-05,27448.200265765539,-6987.5365955986363,35.7835896738979,-54.244195505128801
0.057569945085121428,0.021378065206233341,0.22946938964586883,3.4541591428434256e-05,27114.587324782304,-7125.9464084283682,34.926020719669275,-53.539601302720172
0.0570539734532838,0.028339030483318574,0.22953137037297,3.7679566446176507e-05,26826.349263564742,-7256.2755649486789,34.724549569484537,-54.03562447390145
0.057832734248906469,0.050380380761030706,0.22943486719831455,3.6198035683858715e-05,25253.763323537401,-7913.3827375991777,31.111766369101858,-52.144026907762189
0.05779883444784556,0.068561151143081409,0.22943326331003497,3.9308682514607368e-05,23293.531030180351,-8690.0424032915562,27.657660593279871,-50.95714777162258
0.05962486933129086,-0.11819630176011929,0.22921311637137948,3.5087531902110354e-05,13987.387111137679,-11496.873095874811,6.1740147391102118,-25.497927910717689
0.060274427157476849,0.11927476827238395,0.22913718776382588,1.750325334830851e-05,13709.462179305297,-11543.328079218834,5.8130163182603818,-23.954804268847568
0.0088074349046290638,-0.11327975673451154,0.23279662383591895,2.0759428691251814e-05,16183.158806469763,-11266.415717126187,9.4848084732393421,-30.613624782523747
0.059437632451224472,-0.073749144175209183,0.2292407579346607,2.6990250147652088e-05,22540.174695996709,-8961.8995453289917,26.304499591239008,-50.637125910770365
0.06147689221900348,0.093690807446837651,0.2289810313771472,3.1282101823094589e-05,19276.539448363608,-10070.670710434983,19.012251724577247,-45.237151513287898
0.063081154386237945,0.09982732759377333,0.22878879250351064,3.6676388474818299e-05,18025.703390283539,-10439.029837911576,16.501680031162202,-43.01610065784616
0.061176064922392533,-0.067559509993298308,0.22902862643058761,4.1561289869345639e-05,23264.649386285288,-8675.7788139992263,27.63297351816686,-50.914016432463768
0.062583131094490707,0.043486360805451429,0.22885635070965027,3.3948003765057386e-05,25574.489957810762,-7754.5642000794487,32.538113878182102,-53.460276141617236
0.062024241140540802,-0.11017940953066345,0.22892528404429133,4.3468309287516135e-05,15824.321580596408,-11053.88948757964,10.544958512890574,-34.683213636775037
0.061947471907396585,0.074323561689327605,0.22893466163600568,4.5552944869312993e-05,22336.153868843474,-9020.0602367505344,25.754079354451989,-50.184034103037739
0.062538625224599437,0.055343133296534855,0.22886202838008149,3.5779510587548557e-05,24540.880742607034,-8172.234903031318,30.264676840567738,-52.29284998909749
0.06302314232627064,0.12380952380952381,0.22880326527324069,2.5830671420693185e-05,12503.069682808222,-11739.010445858481,3.0572230090526209,-17.282507382007534
-0.0053219014312667458,0.038693253752304139,0.2328244935115604,1.670189691451907e-05,27594.406403618465,-7074.9973442681485,36.805982134652872,-55.188653310239552
0.063900633639778284,-0.0425779425143957,0.22869607708164436,3.9670071103301034e-05,25574.341940803755,-7745.6035304181232,32.3132207068818,-53.152703900148914
0.063769935911513448,-0.092546578309884775,0.22871204220052679,3.7386955964111647e-05,19371.644877717663,-10020.799085202219,19.848385650168048,-46.534973423744198
0.064119745808072101,-0.062384204892134837,0.22866927123058042,4.187976906742326e-05,23720.544334421596,-8480.8998706382645,28.4005591869014,-51.099919464563001
0.065277968783145041,-0.056877003081854706,0.2285278314694463,2.7061329151009634e-05,24230.038404665782,-8277.8255258576337,29.825174430275997,-52.190149083170596
0.064938319430094718,-0.049864279692359972,0.22856932065500282,3.3547783728385401e-05,24914.058073199485,-8009.8909792956974,30.872372279699569,-52.529885865035659
0.066462969605015867,-0.10480105295287701,0.22838003034475174,3.6555313483678467e-05,16847.054453388682,-10742.265724106381,13.204675976544825,-38.676324334911214
0.067024550751942982,0.10437693492764227,0.22829248079911199,2.3805767395236047e-05,16926.076376624242,-10713.302476255358,13.482410347234046,-38.74364885478424
0.066542217826640118,-0.036250337141012376,0.22837339966298439,3.9299671979353547e-05,25852.653680048865,-7617.2549181948452,32.87804295469298,-53.404271419326498
0.066345122607606416,-0.028406541627351484,0.22839747543419181,4.1498045080078018e-05,26300.906782313534,-7432.7179149678532,34.024567278179426,-54.147330610148444
0.066508095000834516,-0.020030797537604391,0.22837756786833746,3.7514759741903321e-05,26650.704194472459,-7282.7124090686548,34.54060984730696,-54.170722885027082
0.06716939743818684,-0.0091610055212869006,0.22828456535409658,3.1520555432290869e-05,26889.676765204513,-7177.9715183995304,34.547515002229972,-53.889098711473856
0.066928018275929674,0.0015012794987497244,0.22831991897612647,2.6070367199609369e-05,26983.595990684586,-7135.7235259682138,34.384328252396777,-53.122919470642934
0.06666666666666668,0.012258641836486893,0.22835819786451256,2.91128796864619e-05,26860.884310097452,-7192.5440054239725,34.623470712333933,-53.8399031362244
0.067671064229980663,0.022194641469113877,0.22821108867957274,2.9454935955970116e-05,26506.931085084987,-7336.8810843044539,33.892740150849917,-53.627379207205202
0.066736596456421896,0.031386353760178287,0.22834795559117949,3.0867298275409703e-05,26129.095433923467,-7501.0576902588773,33.56652218710542,-53.870187375896755
0.066951663773709466,0.037284240773798265,0.2283164557359364,3.2944076548754777e-05,25764.370869167578,-7650.6868647509154,32.77175584527037,-53.420153704659576
0.067053663065669164,0.079565399480854837,0.2283059365988464,3.2928505809240792e-05,21343.926087267457,-9332.3635379496955,23.395358566903464,-48.217293161427897
0.068268110903307075,-0.12940653644630315,0.22813075432831431,5.9952955236812033e-06,10970.56193226643,-11902.806125931826,1.8884009525115895,-15.650272529282674
0.066112939604250395,0.12898687230601927,0.22842583728332472,1.0016023792343152e-05,11142.332880061778,-11903.412805584703,2.0826895341565419,-15.40088761099846
0.067635487411892889,0.061955879199808286,0.22822957089020993,3.4727089087670449e-05,23562.851576828398,-8519.2173447866153,28.17880610776384,-51.122731230933567
0.067162829629142093,-0.08591225193299995,0.22828157622319181,4.8374593831531042e-05,20347.997302324184,-9672.961155392044,21.426959676438447,-47.3491769364948
0.0705637278693656,-0.099840965534638892,0.22779632119337526,3.2674298919356369e-05,17676.394573894522,-10468.808802470929,16.104376009407247,-42.957333982288581
0.070270981302239605,0.11067397479632206,0.22783753865128323,1.4711993584639528e-05,15397.659155618325,-11071.469201076592,10.055486134722269,-33.559666199085157
0.071805137765935806,-0.079922658502564872,0.22761253290482827,3.4605765182902309e-05,21029.832176970402,-9399.7578602587,23.756921454450417,-49.499565743299804
0.071532738227677584,-0.12424005090106463,0.22764633506880935,8.4378439672411357e-06,12103.617453173898,-11712.511725779445,2.9614578230414645,-16.39522180672963
0.071448703786665416,0.088475449909680648,0.22765172998261493,2.9222486151485272e-05,19703.866484971164,-9844.9973817641585,20.525361033308197,-47.231216298444323
0.072566953244118965,0.067667209516672627,0.22749974762471192,4.6193375350823065e-05,22623.012380782588,-8831.6344340407923,26.662484289721743,-50.726653928439418
0.073647446955007217,-0.073372627558344825,0.22733978266031252,3.5765105345698487e-05,21844.667402822473,-9102.1557853226004,24.762269210157445,-49.64945901573271
0.073729964137581927,-0.049244248865275557,0.22732756615406183,3.76580005726856e-05,24448.365050037668,-8135.0270792641677,30.234307321073608,-52.492057572269871
0.075835886864780128,0.056514281867882973,0.22701578844477074,3.3575016646317906e-05,23644.402319946148,-8427.9113538240836,28.654197293460129,-51.72604078906577
0.07444716750921139,-0.11706861455871086,0.22722044951196202,2.689522573857042e-05,13722.507491050917,-11394.385781507281,6.0993452270042106,-25.817554293220837
0.075408119252201547,0.11811452071982684,0.22707461545949101,4.2121241596723989e-05,13412.641576561196,-11444.51284912882,5.6467904028779268,-24.968921523616316
0.07474596061626318,0.049009992532432052,0.2271771498777759,3.8466342376901529e-05,24420.88695603592,-8135.4937678509123,29.604326683194405,-51.560050394557386
0.075454866178884444,-0.067678449553958714,0.22707219780638072,3.7399329181551631e-05,22457.730951841309,-8867.4508815377794,26.081371541905305,-50.300876232145519
0.075482247741678207,0.093559048796091143,0.22706528527682196,4.0885927302128373e-05,18622.629453097132,-10138.509110458232,18.515515789112619,-45.346626301020109
0.076608481037787904,-0.043005071907044022,0.22690140740012887,3.5213225016199117e-05,24754.7226613026,-7997.7887466307202,30.608125440183009,-52.606480584730996
0.075777680732112773,-0.03731066686094793,0.22702374968616099,2.7428478453637111e-05,25207.303252371319,-7822.1431104019475,31.567549993108091,-52.828082858377932
0.076469450112189308,-0.027095075040503923,0.22692199065465385,3.1289697419597813e-05,25728.503491918713,-7607.4639189502159,32.388726868808099,-52.953353910535711
0.076442110547386699,-0.017397020397946814,0.22692603822334051,2.9325686435133057e-05,26101.080074290039,-7455.8746053528594,33.126074851337435,-53.407977557211616
0.076420945752326538,-0.0065234056300525149,0.22692917162953638,2.3894753523488644e-05,26333.771945031895,-7356.9904343251246,32.915877777785447,-52.346563766079221
0.075885977286034439,0.0040286788211976489,0.22700789065503713,2.4912537657225268e-05,26381.885287371952,-7342.5545533665609,34.035124846185063,-54.017875291684078
0.076424494773584109,0.014261453388306408,0.2269286462039338,2.8554208024928844e-05,26189.108146471568,-7417.7066951341276,33.543248336711343,-53.548904524049192
0.07654592300522961,0.026152150050757578,0.22691066899355625,3.224951611292503e-05,25777.743068585307,-7585.3434259225296,32.286943630522323,-52.796450710840006
0.076190476190476211,0.034044937138646605,0.22696329219394601,3.4066657854909011e-05,25392.929825037449,-7742.8850973880453,31.832099359197031,-52.872691474532367
0.075687884683082921,0.041058888219432724,0.22703690430702236,3.4590984371631841e-05,24980.93152086527,-7908.3335930314597,30.602167518524762,-51.812779894783205
0.076059473845877551,-0.061516912530505743,0.22698217323281231,3.0646324497051853e-05,23129.956657635179,-8615.8559960465882,27.114027889586851,-50.526515664147503
0.075575383555719522,0.074446652449137382,0.22705414322977382,3.9128023733826531e-05,21583.254567312975,-9177.9734104447307,24.395659081959256,-49.593704536832441
0.075966259299016597,0.099579249812376383,0.22699100082503385,2.7333309930492109e-05,17473.319966065468,-10469.932902151071,15.240878994619351,-41.709566804221488
0.077540045978037764,-0.10962660281522889,0.22676349104670535,2.8079349531728173e-05,15305.548345125229,-11012.401875498534,10.668190453369172,-35.535311756525104
0.078697888618003614,0.063062866932997813,0.22659207472579959,4.3530096933712771e-05,22775.27954511964,-8726.0084402763732,26.946890845333385,-50.646313673783567
0.080006732432282304,0.12373045949033734,0.22634599524921425,4.6198451786361232e-05,11889.113359604535,-11648.553229779722,3.1876001350356429,-18.53700025767424
0.080123199579619914,-0.093746961115621252,0.2263810602470151,3.1481317655414985e-05,18341.998649664736,-10172.928936979546,17.584667334171854,-43.893906869368848
0.080084268797443403,0.081060401317184561,0.22638682387258938,4.1768138907342697e-05,20374.314377977873,-9543.260312907134,22.465780463443139,-48.45785467888718
0.082910919452182,-0.10547557152934464,0.22596440260497475,3.8579290572528269e-05,15916.043480718548,-10802.78283430269,12.110915311365602,-37.720754981727204
0.0824007150209492,0.10558994154471023,0.22604387857458144,3.7098763011526346e-05,15914.361809070793,-10809.910953790937,12.336481236999701,-38.615758722631973
0.082107172002812048,0.056814327410061143,0.22608733703988562,3.4718019938458011e-05,23187.129883559886,-8551.623517329017,27.645687816188747,-51.153268321126959
0.080877069408174213,-0.086703123476922758,0.22626945130466661,4.1814805137664455e-05,19472.620924687006,-9823.3878238722191,20.417403880638371,-47.021016197633358
0.083728503988037606,-0.056289582251664957,0.22584730203488498,3.3419065179833359e-05,23124.92705793291,-8562.8449649610648,27.615065825615947,-51.345058455637563
0.083940579417795383,-0.12937526894102139,0.22552071338770807,3.6430811019032673e-06,10416.70601282692,-11785.166605704473,1.9768716883189807,-17.953116594247287
0.08407264521905361,0.1293449301154794,0.22565136494986024,1.8398817476897707e-05,10416.093944236291,-11782.990906674771,1.9457992229921508,-15.955126882514278
0.083260164693480382,0.068006529145446137,0.22591663874441484,3.8272988215154735e-05,21891.686876065072,-9007.0006638235009,24.983101679900876,-49.901067259480854
0.084294538596557791,-0.079569161176649708,0.22576350172666637,4.6375005821799052e-05,20318.505473705642,-9523.258836316847,22.350010120145662,-48.732957925819782
0.085342933314790537,-0.098929677719625769,0.22560828895486706,3.9122246960720078e-05,17083.520772700027,-10471.865509835387,14.946487541529384,-41.577529852614319
0.084978216091762995,0.086429803026396801,0.22566228462093116,4.4725231367363625e-05,19241.891699502296,-9856.2955984574273,20.146173615122148,-47.349832427157025
0.085228591311145907,-0.061260360604674817,0.22562521706315505,2.797598684829097e-05,22519.048484892577,-8767.2342671659662,26.091997319540258,-49.981387717531184
0.085343722023543858,-0.048876563695858827,0.22560817218809059,3.8236717409676049e-05,23645.879375193712,-8365.3884620790941,29.159340321854408,-52.914333130743067
0.084321472165840336,-0.042167296800237154,0.22575951426481625,3.8374077847268862e-05,24248.708122962402,-8142.6122375461055,30.258274809762593,-52.877227557877362
0.08570127002804416,-0.033192073520589574,0.22555523791069998,2.5297752867376923e-05,24711.410192002077,-7958.8185229475048,31.216190329032536,-53.72288672105735
0.08543918701467626,-0.024392589933824732,0.2255940387843012,2.5832974524371311e-05,25167.428176471334,-7781.5933859332017,31.588133944132561,-53.21290957159944
0.085307271961589243,-0.015843974443829588,0.22561356854792516,2.5639954777994506e-05,25471.503785194549,-7662.3064244950629,31.594373254238977,-52.546035017431173
0.08540998252327929,-0.0037868260877759433,0.22559836245169468,2.9715083266470609e-05,25647.943844804791,-7594.8708078099999,33.00316585970446,-54.57822400011937
0.085342924201487216,0.0061927275329074216,0.22560829030407367,2.8817437715032032e-05,25651.187127767946,-7589.3861375032729,32.018117112513444,-52.806903859183727
0.085458909477661674,0.016563147714133652,0.22559111891252634,3.1311887317851633e-05,25439.532122293713,-7673.1521993950291,32.109219268847859,-53.379099157796389
0.085316991813437146,0.028621874060087048,0.22561212954301549,2.6448084504440231e-05,25001.52657966176,-7845.4851038359429,30.967394432756389,-52.712679395042478
0.085274487153897544,0.036656949274153534,0.22561842227408976,2.6484253579639643e-05,24555.220561020553,-8017.6783603953954,30.444803060593035,-52.47837932490409
0.085052514878290991,0.046083065102368433,0.22565128483201788,3.294928708081783e-05,23913.463881099458,-8263.3370853591696,29.137782938294055,-52.118985806335438
0.08422696231648294,0.11144996945283915,0.2257735062617483,3.0449907972492995e-05,14561.722421555083,-11102.498502981538,9.3762988079779142,-33.478457186728107
0.085402850244592821,-0.072213866836823459,0.22559941837149755,3.4449636923461091e-05,21226.860767682963,-9213.3893647136756,24.234448094158957,-49.828601984466452
0.087711474402759823,-0.065864792765520222,0.22525763111484687,3.4653191767760954e-05,21825.524870682773,-8991.7892221072088,24.755577030467446,-49.619996935931958
0.086568601358273989,-0.12388441946068107,0.22531922476069355,2.4186891505361855e-05,11602.520189535384,-11607.461768989453,3.1246006623094349,-18.8580395595298
0.08605017323260622,0.061683532736233851,0.22550358347890259,4.1556297694435976e-05,22389.094858063123,-8810.9901442110531,26.613193332844272,-51.261119469265779
0.088706215981029943,0.073689957574577872,0.22511036158467648,3.7860096981926518e-05,20800.420778629079,-9325.6720679063728,22.983787445588671,-48.375076583593568
0.089766877575503973,0.092494004570060309,0.22495333272602594,3.9336100977108976e-05,17950.328035546561,-10184.211693147412,17.037689402349777,-43.943117900226781
0.089526968044058935,-0.11815774752429237,0.2249042211819671,4.3604616227025338e-05,12777.622997177219,-11386.031479696117,5.4468073499421248,-25.654836989438703
0.090287807895091096,0.11744687302708531,0.22479206129674065,3.4325837618108535e-05,12910.609281911151,-11352.07135334926,5.4983258959457482,-25.414284624002264
0.091222551821130454,0.099726857579994818,0.22473782302288539,3.3133671894248595e-05,16577.321739120394,-10535.600587666804,13.887026090571503,-39.982585016657424
0.092330366559459767,-0.062352819579089599,0.22457381323421916,4.016274586366613e-05,21850.95136280364,-8944.8339760480358,24.873543323724586,-49.408177080979073
0.092096621317783123,-0.11184276667353263,0.22455312595493204,4.8935195718903586e-05,14061.10620522942,-11109.366720928963,8.5590175356160092,-32.550585966217
0.094207049952032024,-0.093231917551638177,0.22429573429498367,3.5520000749511021e-05,17527.885666844239,-10249.964971343585,16.27258771827076,-43.034060003273595
0.096012214556752976,0.067637123130019766,0.22402872289461243,3.8485675343103185e-05,20958.607251901802,-9213.0152006354801,23.302815554176046,-48.773955417491912
0.093373796165760969,0.07987439709893486,0.22441933553745583,3.9022742421015453e-05,19637.241517302107,-9648.1207000214054,20.844314343714171,-46.939386744326519
0.093412869050536654,0.061410161112992169,0.22441355087387185,3.9195534648629805e-05,21850.356942076578,-8938.070231085534,25.276555122206663,-50.131713729849245
0.09424146668451043,0.12380952380952381,0.22395428289869929,4.2022171620055364e-05,11262.779400289091,-11551.08240147021,3.3613461588575406,-20.52037322217387
0.094484990892444332,-0.087218122183397709,0.22425482534817526,3.5330867848387625e-05,18479.298424333512,-9981.3186613807666,18.255576550342738,-44.857640871871808
0.095421841556625212,-0.05587160175116207,0.22411612645374113,3.1399891788300699e-05,22229.779111450116,-8793.3136994729393,25.930167953779577,-50.334141058613277
0.095009244158221526,-0.049422255130202063,0.22417721068540469,3.6808081466317454e-05,22821.579981472056,-8593.4260263132346,27.010632780156694,-51.0590972334452
0.096309813251072865,-0.042063985360926218,0.22398466399444258,3.2030874771243354e-05,23277.496119462561,-8420.8562280041861,27.471052830143741,-50.648691318003003
0.09483482950867711,-0.033020851150234953,0.22420303243052356,3.0400044459842533e-05,23970.167090365529,-8179.2528978516648,28.388319387273178,-50.644731230149553
0.095238095238095247,-0.023075233649339291,0.22414332973406195,3.6424640057080418e-05,24385.118766424202,-8025.6894748918676,29.646893150471062,-51.993941056784656
0.09564313598697062,-0.011235681512563706,0.22408336424946795,2.9396524464358764e-05,24683.236128116707,-7912.8365663513132,29.829532777610556,-51.724797660152689
0.095447134319654792,-0.0012732632545777562,0.22411238191002297,2.7016867816599289e-05,24794.596508777417,-7874.5169305542195,30.40887467617528,-52.599564852916707
0.095561004179480866,0.0096752384157675914,0.22409552370169683,2.4387097740686179e-05,24712.662729063075,-7901.783109853216,30.276208808846217,-52.15400481388653
0.09571878804642471,0.020054828680195879,0.22407216411116512,2.7611828297283183e-05,24442.252209879269,-8003.5928256694324,29.934580169451888,-52.288503774762034
0.095199936746404423,0.030932068354594094,0.22414897902355188,2.6467188599740618e-05,24040.044110607774,-8154.0727244896807,28.845109374564366,-51.37690063069558
0.09532684084993466,0.040501004352202601,0.22413019112113394,3.1078926805829439e-05,23468.135298917761,-8359.3199783770215,28.111719527733005,-51.165261956585752
0.094358628626416585,0.047034860488983067,0.22427353303261885,3.6400651430199785e-05,23078.108245536045,-8505.3653742145143,27.443821701919571,-51.164671514630662
0.095094811733614254,0.05536085516872196,0.22416454257450918,3.7085858491117091e-05,22319.253389679208,-8762.7666150388013,25.410820028032365,-49.071685449455735
0.095859703318959599,-0.069211444676325132,0.22405130188279002,2.7296748186153871e-05,20798.382498509782,-9262.5559606506849,23.134173627596567,-48.541598469889024
0.09562811085178842,-0.10515113065636636,0.22405875050933433,3.8204776127837233e-05,15242.620521088656,-10807.451160566972,11.508817096988198,-37.613712631065319
0.096112515966506384,0.1051145266256749,0.2239854594100319,4.4885941716578803e-05,15215.97505939487,-10810.054086551248,11.245957020682456,-37.580878155682313
0.095083156835575069,-0.080885128908529752,0.22416626805919376,3.1886817929324638e-05,19360.60148679855,-9715.2213927173125,20.396437277244399,-46.725744349532171
0.096907460996786335,-0.075130663401078782,0.2238961834235674,3.1284707078063696e-05,19983.050457052625,-9510.7903339387285,21.667443800695334,-47.763089553796611
0.098076251177562093,0.087151760107513215,0.22372314634082077,3.0156631462367686e-05,18212.861875806204,-10020.046021023516,17.878320089850732,-44.87455263678352
0.0984899849749271,-0.099408368422284496,0.22365631572618316,3.5175703671489514e-05,16144.978605138798,-10556.995678682619,13.775857627535942,-40.464011649442035
0.098263498594323206,-0.12960027551780418,0.22294811879067675,2.1891011847246197e-05,9756.5527793015699,-11657.959714341512,1.7835831455351931,-17.682695725204727
0.098591174128373871,0.12955766447479608,0.22289014308092939,2.4346482465634139e-05,9764.1463151791122,-11652.802141543396,1.7877093550266059,-18.188677778257301
0.10008028393649668,0.07511229385345404,0.22342645324052066,4.228838602686893e-05,19736.404471674636,-9555.0501999826156,21.012634424746143,-46.995368474122102
0.10045101544695086,0.11154903251680169,0.22324092140161295,4.4657125018563518e-05,13653.884220327314,-11078.618102431736,8.3338245378800178,-32.675494992749165
0.10141482755389612,0.068209506552812382,0.22322887668815811,3.4512020010494642e-05,20432.842584781352,-9334.1618986174562,22.390320640945419,-48.280577465690783
0.10154675775022826,-0.12380952380952381,0.2225678400274653,4.2276419486341896e-05,10910.959515207765,-11494.195152991606,3.0292842973212482,-20.576159830781986
0.10280367665617858,0.092977659435617921,0.22302146982845414,3.4899097484783042e-05,16939.082706342349,-10307.503848282402,15.508424509395724,-42.438395356849306
0.10378919414214921,0.08069750862940471,0.22287735639430206,2.4000096692601477e-05,18690.097591472229,-9826.2143234384166,18.690998339210438,-44.941073387914798
0.1044811017975097,-0.11764580330673068,0.22226651956764359,4.1913455804070326e-05,12119.987328215546,-11288.115501535154,5.3226743228223539,-26.955325244444094
0.10573120654327486,0.117465971645517,0.22202653849955112,3.8240566891267767e-05,12101.055112104328,-11272.510771687741,5.4186859331626138,-27.552460130757936
0.10417141594804956,-0.066885536391174463,0.22282076920924268,2.9230214606727486e-05,20343.685260094182,-9337.0998770643728,22.048892622552227,-47.729185879685481
0.10508360729130586,0.098481178791683624,0.22263826800377534,3.7690630889225688e-05,15844.725606271322,-10548.712611780364,13.07963901120768,-39.682794148862691
0.10462217691286389,0.063358084029160502,0.22275403493678692,2.5843210345590609e-05,20663.240700436705,-9237.3953552286512,23.25062713775727,-49.405404733622653
0.10466944313959539,-0.05621756672241137,0.22274703726507428,2.8881177231596529e-05,21368.698177169201,-9011.4796741090649,23.691637713012707,-48.347546593102379
0.10492950965120909,-0.048595242839552813,0.22270853493058348,3.2935822062117159e-05,21980.141352034461,-8814.1096724067957,24.997314346160366,-49.667729825747017
0.104548245098181,-0.041743081447935107,0.22276498039624176,3.0047481141269982e-05,22519.264493146395,-8636.1601686985705,25.942762139912748,-50.102788868759468
0.10415739414474956,-0.03162321587780112,0.2228228451095863,3.0639112580988832e-05,23150.379909847761,-8424.0112658045909,27.152079461191086,-50.780691109173198
0.10476190476190479,-0.020564971410927724,0.22273334850411991,2.4519254254805473e-05,23555.295770820008,-8278.808238534386,27.542894085677617,-50.443247971186324
0.10449513152016733,-0.010554169454039137,0.22277284375678746,3.0168839518865558e-05,23832.425529271099,-8181.9041357219867,28.098891662699224,-50.753808322144941
0.10553165582644643,0.0020260076608363663,0.22261938837608308,2.7738900495772002e-05,23802.266839327145,-8191.3345492972539,28.43436090708229,-51.726649945045303
0.10532710941793798,0.010889551374619937,0.22264967106873124,2.3651668860073902e-05,23740.573920711489,-8211.7637490396373,27.881583185100069,-50.852941317839012
0.10455557515035731,0.022778055696829037,0.22276389519646356,2.4096531674538859e-05,23500.920737815693,-8299.4471036052,27.253784384130128,-50.197306086313198
0.10564601011330903,0.034258282257191075,0.22260245844928894,3.0339558131267876e-05,22861.396773296921,-8516.2647963461386,26.409342793400963,-50.208933133999267
0.10549697258166653,0.043714465738066574,0.22262452316211706,3.4896207031146444e-05,22281.987865961797,-8712.8257266817764,25.646654311149401,-50.248332434569825
0.10410382261294579,0.051199385241274112,0.22283077626928807,4.217737983002192e-05,21847.324782819345,-8864.6833330698337,24.911581012624556,-49.852540763592451
0.10488366696136672,0.05778288932984451,0.2227153218504653,2.8115155371502954e-05,21203.477610481485,-9064.1106879000054,23.226285323974302,-48.069522963968645
0.10585979443017517,-0.074108251084386872,0.22257080810251503,3.1072185614757624e-05,19352.757239743434,-9618.0465333692937,20.121364206258111,-46.159286313143035
0.10634923894647447,-0.09369946247572794,0.22248162601590957,3.4535795284501923e-05,16540.288946606677,-10368.048132170949,14.83067322255352,-42.007490020850391
0.10640100720415313,-0.080235046295023274,0.22249068261798005,3.6885250685414325e-05,18531.238530519378,-9843.9455384038629,18.515876532289496,-44.68079019860852
0.10571333843710728,-0.086453978477290888,0.22259249062364503,3.4348225633858003e-05,17707.448007170024,-10078.721285844493,16.730791387097888,-43.740310014424601
0.1061086754904972,-0.11130998273693292,0.22219836020032571,4.9963126092296634e-05,13366.446407572057,-11054.960948820768,7.9562412062854539,-32.65240804400549
0.10868297552580111,0.12444601390429687,0.22103197287671536,3.8778631573118436e-05,10417.062732775899,-11445.979220927591,2.7830701425940911,-21.612345997533996
0.10914955821273283,-0.10431962732115226,0.22190635346039461,4.3553166990711807e-05,14508.097129474381,-10790.527941818169,10.779417353173711,-37.224924472226391
0.10808417200958086,0.10439463534539228,0.22207584912758546,3.2618457549057858e-05,14568.324035558306,-10793.344353604083,10.430681437088412,-36.267047505440253
0.10999476871283816,0.08704817461855098,0.22195109790475562,3.4973800553957102e-05,17260.923680157801,-10147.377495102517,16.167862975660221,-43.204928847398961
0.049226661030306561,0.11695475580387024,0.23037484658227692,2.0944015784957869e-05,14625.237633269817,-11448.145642053994,7.3436300017912872,-27.57758558008759
0.11120199004208216,-0.098131011857805164,0.22168589498801755,3.6258143873126897e-05,15433.796823649773,-10567.8583518203,12.68577634237608,-39.675870095785918
0.11199706121732576,-0.075023379935856421,0.22166219785034696,3.633741982299334e-05,18681.021614225934,-9751.9933184621295,18.840558242482853,-45.108460943620301
0.11294973359978756,0.072539747332512616,0.22152115658170368,4.4232399321079329e-05,18870.65114184091,-9693.7809555951317,19.532509492255567,-46.350864136751269
0.11285970223775461,0.080721981603868315,0.22153430680838018,3.8984659090767828e-05,17878.044138583777,-9960.2076482986213,17.347037150387656,-44.258829286420251
0.11258621145090893,-0.12951012860862876,0.21978513762004911,2.112648024602528e-05,9080.9913669827038,-11498.978978451039,1.7069413754453699,-20.878161931384405
0.11433243776966454,0.11201431633388383,0.22060118470281134,3.9810150526802882e-05,12695.347086457194,-11055.143385519606,7.2763158913540682,-32.764571955920175
0.11388942389758927,0.093401818408730963,0.22130084071599318,4.0105884011749859e-05,15980.108202643367,-10412.43336806918,13.942879522511859,-41.21362351254205
0.11435277759773645,-0.068633452430983108,0.22131343868300513,3.2753958324482327e-05,19184.19951171739,-9594.6963808241744,19.445702789526614,-45.409787984358715
0.11397640249042255,-0.062383155778122215,0.22136916027586179,3.0864607976720558e-05,19862.376524222458,-9405.9404726950252,20.994544308493058,-46.884090976148123
0.11374927048635861,-0.05543246863502941,0.221402786721419,3.1173542713869899e-05,20523.468671842998,-9216.1388868719769,22.106251797960979,-48.023196948736093
0.11479200707463692,-0.046710715622084363,0.22124841162460812,1.8968419234692967e-05,21123.808235637469,-9023.8726208172029,22.625993774787382,-47.143370197754777
0.11425771996933486,-0.039116446761369265,0.22132751177754512,2.6065887511044703e-05,21677.959342183542,-8857.8887056692784,24.218068732402095,-49.105533600058926
0.11461724392900764,-0.028003916763814772,0.22127428496388554,2.6129392189467344e-05,22213.05179197816,-8687.492359568083,25.186075580551723,-49.63257158786422
0.1147700336192464,-0.017934094232449772,0.22125166475137217,2.5024576114526727e-05,22550.645384066072,-8579.0085034873027,25.696566802945458,-49.981068464895131
0.11512492291951824,-0.0064346023426775333,0.22119912408990267,3.4141423080065696e-05,22724.669995237451,-8520.7098046940682,26.052800499404242,-50.1375614447023
0.1142857142857143,0.0041804894025573467,0.22132336727417787,2.3641015191303991e-05,22841.283737339909,-8485.5199426266408,25.944518403434845,-49.813794709024997
0.1134603716329495,0.01444661475753692,0.22144555762728813,2.9797353316072636e-05,22793.180837396307,-8502.8391304724537,25.807633419307219,-49.631355072680876
0.11394880713355096,0.02604000834889119,0.22137324571406014,2.4795011328577225e-05,22371.394415611328,-8638.7813576676417,25.433079362509368,-49.67550544742911
0.11540765466228955,0.036743123408962533,0.22115726621260895,3.0238590993052806e-05,21679.431274760613,-8854.9670139702012,24.460807394440735,-49.709434360411962
0.11477542745694287,0.043802989100604865,0.22125086620433168,3.9362856913666971e-05,21319.22334349485,-8967.6175593288281,23.358986807595315,-48.412019187606447
0.11405769469727151,0.054474654651655498,0.22135712512485303,3.0673478025311713e-05,20585.224916925719,-9192.7567274972207,21.871995231840273,-47.118901016629046
0.11353224641534247,0.060371180770856236,0.2214349167074097,2.4959130715786498e-05,20111.573067120833,-9334.3446907837388,21.221335347835254,-46.527604014117706
0.11419075623099348,0.066380479153530611,0.22133742562703063,2.8296653774559962e-05,19437.461762236711,-9524.9723123500335,20.011594940493083,-45.868726494115656
0.11573373314392787,-0.079992610343583667,0.22110505210558065,4.0900610073798186e-05,17701.908568763251,-9977.8095544877433,17.147194623688485,-44.214876158567499
0.1156985271521916,-0.12380952380952381,0.21951792233956435,4.0488398454604749e-05,10163.792921265473,-11366.111200679386,2.788467462839562,-22.804872376656309
0.11734759013342892,-0.088108800811171423,0.22080855494234919,4.2689914381162987e-05,16464.021976674008,-10262.67447737874,14.905173961381852,-42.023021253010626
0.11656648866727606,0.098843822863931272,0.22074595980548828,2.5892502834276179e-05,14890.311261505867,-10619.143985793376,11.421012595885431,-38.239255286268467
0.11571057289855055,-0.093888041093043453,0.2210161827286074,3.4966751488033941e-05,15752.877151423816,-10444.833388541965,12.885501608409774,-39.815090903831184
0.11847222074180837,-0.11830889080351525,0.21929043213372276,3.8181749611473791e-05,11161.497444175408,-11214.510341122172,4.6696705883901526,-27.66210947440506
0.11962546540447662,0.11808083988995104,0.21904091282163524,3.7442270397524187e-05,11139.562741762966,-11199.101417726866,4.6318778952399642,-27.522326906701508
0.12139795875456348,-0.1123098164422779,0.21907470515485181,4.3430961332601986e-05,12158.772849147894,-11035.046820650296,6.9389988779540364,-32.77231194306767
0.1214949658661853,-0.10536390227699378,0.21954219204968561,3.6112148000969264e-05,13405.952710623069,-10835.240942607508,9.1788832939794975,-36.041085872667821
0.12254204418357946,0.10709834995112667,0.21919236293611843,3.3319985478987664e-05,13025.541674193581,-10885.523781463708,8.3925995138256972,-35.100094757374919
0.12125160676907927,-0.098951183937170284,0.21985149978408516,3.3677497946923342e-05,14503.660029462155,-10635.243170100481,11.237727242404333,-38.464745002652428
0.12249643394024289,0.12380952380952381,0.21789621510729543,4.061734368931903e-05,9757.352142922422,-11298.303402096659,2.562217032758058,-23.554554976627351
0.12433838136209358,0.079694449430840836,0.21978416857820932,2.4011490130938556e-05,16912.287752406064,-10088.918737558812,14.831880043877222,-41.058813922346538
0.12264555673960371,-0.078694039950880867,0.22006097783029455,2.9713551078014932e-05,17197.127007204279,-10036.042774221683,15.961930679182515,-42.232044113330879
0.12337138861886987,-0.068598999517558851,0.21997825109571073,3.5401159475374308e-05,18252.8250479608,-9771.642542287047,17.919409179195018,-44.384908035701606
0.12298284244904001,-0.060917393747815365,0.22003577459038548,3.5706765494818033e-05,19042.32979373596,-9571.3405887241952,19.354918028807106,-45.680980548166495
0.12308026925614757,-0.052925047818493207,0.22002135074360743,3.5278860940495744e-05,19716.038344528537,-9389.6537714455153,20.580967664655862,-46.774568362404978
0.12437236359947819,-0.046239343712755239,0.21983005872260933,3.4195825564551651e-05,20073.825921184107,-9282.3604609530939,20.807051448269714,-46.442337314521552
0.12404828819219345,-0.036625716029454129,0.21987803744795184,3.3664045614231056e-05,20704.178887099686,-9106.4316565949302,21.839812243186472,-47.239868391505503
0.12336116169764925,-0.026741094988930601,0.21997976517124168,2.6306106821002526e-05,21260.225628512489,-8944.9241384987326,22.585741928377111,-47.143736033386965
0.12324177785742069,-0.015547827668540893,0.21999743971349917,2.9773009199602944e-05,21618.910843784135,-8842.7112516763136,23.241816308428042,-48.286498937536187
0.12417696042097227,-0.0037626596968207277,0.21985898777807561,2.6169570778946818e-05,21671.441871878687,-8824.1399109365702,23.592880118697323,-48.684654219171748
0.12442528194225314,0.0066678058338222592,0.21982222426625594,3.0375048100146445e-05,21613.065385849248,-8842.2276707755373,23.763274543356307,-49.246225455383275
0.12344423683736905,0.018221657082317513,0.21996746606053533,2.5618097966632003e-05,21524.110665669297,-8870.4666138558296,23.280952932216149,-48.384555170029905
0.12344039894263688,0.029005617997673743,0.21996803425328645,2.3299561292463647e-05,21156.202139290363,-8976.6007200196127,22.317490262894943,-47.042105818334363
0.12495311511727396,0.040005356901720926,0.21974407960497733,2.7776372379522898e-05,20407.030981954267,-9185.9486405012303,21.29495154333862,-46.601889373594574
0.12434494928788502,0.049068543969216019,0.21983411735741101,3.3110477630002206e-05,19869.156656762869,-9340.0274175769209,20.583017521924724,-46.367316313808516
0.12326182534192509,0.0566299420848334,0.21999447172292902,3.7876451074462241e-05,19391.335867114529,-9478.4659026733807,19.828421228179533,-46.363687130661859
0.12370224166760965,0.063446138598880306,0.2199292689539086,3.5692810750908279e-05,18728.298208627828,-9648.7389222608708,18.758522865213159,-45.139915552255836
0.12396142394779552,0.070608899630716135,0.21989060464925969,2.8036565124083076e-05,17979.298984647845,-9835.7324669385034,17.2759734445143,-43.545899658634148
0.12496467476534204,0.093520113796184912,0.21938086516908251,3.1084343418581071e-05,15007.105798988718,-10493.290946164254,12.163027988644734,-39.701200643005009
0.12413685036277329,-0.088046737705637673,0.21971167033980127,3.3723391428303543e-05,15846.556409900399,-10328.674460367134,13.669625021407075,-40.687245344800736
0.12635008164997841,0.11226348459905028,0.21797952090404238,3.2216129585987399e-05,11823.129577128042,-11007.217817207695,6.7323661830521386,-32.730290495903944
0.12742967123218854,-0.092667242183924609,0.21894649748780812,3.2328169084645671e-05,14902.312160220099,-10487.099428951962,11.69426346602828,-39.164306604551982
0.12524822247078127,0.086655471949396864,0.21956069107572151,4.0741773629440716e-05,15939.974687213547,-10296.397615998245,13.588346714368564,-40.653091536861076
0.12696715503670858,-0.12988804339292015,0.21612558815414978,2.0344752235116015e-05,8184.9323237832768,-11318.395694327835,1.1854153543457426,-22.565187003344469
0.12722852518536254,0.099047619047616761,0.21872175142820391,2.5122942100878146e-05,13981.619647630288,-10660.160821423602,10.131709560958043,-37.31927224409629
0.12896262092311497,-0.12380952380952381,0.21625230463022621,3.9149304914698417e-05,9362.6313598083834,-11226.167767806015,2.2966873084617192,-24.339921355991088
0.13027200214065598,-0.11772770643726045,0.21654740044692652,2.960352842076805e-05,10497.429123691547,-11106.320688800752,4.3668425523822476,-28.365587095041246
0.13083399658412187,0.1178121945016012,0.21639950571686756,3.4192118316386948e-05,10435.453658435996,-11106.781920647882,4.0624575649976045,-28.283119982540857
0.1306349321826562,-0.087298192659104365,0.21856214226866227,3.4863323837920443e-05,15318.181324008565,-10370.308709192537,12.898885435313163,-40.594063833327596
0.13166608974698815,0.086666317564887074,0.21839321403851172,3.9217771930480658e-05,15296.030505811086,-10367.563379423964,12.588181990586317,-40.608442794264931
0.13136249271668704,-0.11165403649410816,0.2169004768099502,2.8876928417370631e-05,11544.365581517797,-10973.230254932194,6.1110889808538875,-32.391198241578756
0.13173196986854618,-0.098939632650142981,0.21777415916180753,3.6727550606096235e-05,13600.611035360655,-10668.383545365365,9.988574556100577,-37.871464117665852
0.13082592612008662,0.093587638349955538,0.21826567781284595,4.2149646994289611e-05,14457.258340736895,-10532.536658175964,11.317735574508102,-39.162143467199293
0.13180844354850707,-0.10614394325012251,0.21723026751709612,3.0133174340999629e-05,12462.291154327851,-10841.572236760509,8.1186897085209377,-35.33117425427038
0.1329746228499433,0.10609068697320477,0.21695414941005178,2.8243798801239951e-05,12375.431849474262,-10838.646289375736,7.8486775150984833,-35.115936771937641
0.13208001045825149,-0.082097583376889424,0.21847142194791425,3.2162582561630725e-05,15822.273965010108,-10256.01962567436,13.186865763316829,-40.064832514591231
0.13364823883375743,0.081042340303912011,0.21823520311356151,2.0536666008490211e-05,15779.733013383153,-10250.856026786898,13.223407850384195,-40.28137525302953
0.13356015700903606,-0.075416603956624778,0.21837271440716097,4.4563616709149351e-05,16408.428849999342,-10124.380063219753,14.44749431691884,-41.847506783582439
0.13324363911332618,-0.067376983619441111,0.21849172564739311,3.3519779539876161e-05,17272.401075316757,-9937.0470099447084,15.671120507312201,-42.167552615020902
0.13388102617003445,-0.06141551841108827,0.21842011843332793,3.4100267104791534e-05,17739.953784250803,-9827.2784872250031,16.849835528897241,-43.65812538314978
0.13311958277398175,-0.054553731189381165,0.21853505016333422,2.8758131110641815e-05,18407.312811314303,-9673.1667728910652,17.704146282726899,-44.075719037172661
0.13333031039290172,-0.043976685254026336,0.21850385235466696,2.5720356651858946e-05,19131.743893318777,-9494.0736306463059,18.366269069024753,-44.298696087079065
0.13331972409264373,-0.034735775728690535,0.21850541963555606,2.9239449925925542e-05,19648.427191782397,-9362.0166269475649,19.638081834896383,-45.615207807745279
0.13332572193778847,-0.022620565887679547,0.21850453166640327,2.926703278581705e-05,20132.801713235145,-9238.2286779683745,20.658065191107834,-47.077300697431532
0.1332617914092577,-0.01313930480647971,0.21851399645515437,3.1156922036411127e-05,20391.630103298758,-9167.3444016503599,20.937054073959693,-46.879329004298889
0.13336940986524648,-0.00046272097277274757,0.21849806375484573,2.6440240636659153e-05,20503.812169489873,-9136.7792970306655,21.038467321411751,-46.950703044979576
0.13363617107501449,0.0093280980992365651,0.2184585702834875,2.6603570617764746e-05,20401.732573693858,-9164.525558292371,21.164922133986519,-47.568204869529644
0.13354119668441566,0.020608472180017982,0.21847263105483483,2.8389110136416065e-05,20172.225987518483,-9226.1941259623236,20.600245889382141,-46.675683051234415
0.13327415843624207,0.031840989526927106,0.21851216554118297,2.5828176049753196e-05,19792.469856371172,-9326.5590659063455,19.72520294815881,-45.974457871183368
0.13450939455226094,0.041981468882788295,0.21832929126867898,3.2775764839581883e-05,19094.54294396747,-9500.1807544502662,19.036896890257069,-45.824191711666096
0.13371108962659825,0.050187118010769499,0.21844747873957923,3.6071255707706868e-05,18666.437574166968,-9606.9411500153674,18.088931858173982,-44.366346619818373
0.13265291852159616,0.059417497714053094,0.21860413888617186,2.9498179609964455e-05,18068.873085758474,-9758.8169151655093,16.638875505298529,-43.091659674883566
0.13345611100874508,0.066672197412777912,0.21846812859835488,4.0177533060979165e-05,17313.517075376378,-9927.0315181563565,16.03426366351723,-43.07271263211117
0.13316298891893849,0.075252931318991731,0.21843896855989395,3.3657704002923821e-05,16479.696215295404,-10110.227719935496,14.635120249874081,-41.687843975802167
0.13381272176113099,-0.092573409269193482,0.21772680358414898,3.3910468091815443e-05,14309.308886586534,-10525.119151027329,11.155001533259773,-39.149965750040465
0.13502722295819836,0.12398426198491455,0.21462616921053965,4.0697306762290923e-05,8920.0253067652411,-11156.959090994424,2.0886583842806314,-24.978365775284015
0.13586937112573608,0.099849718300282136,0.21679594505314614,3.9947115460537516e-05,13098.098776379344,-10697.772798694408,8.9868548916070079,-36.956576591797472
0.13772291631328076,0.11079311547957869,0.21538161986022433,3.0741897189705358e-05,11181.139189780699,-10923.315439235592,6.1961645401299883,-33.568190617144722
0.13962857258549138,-0.12954442775522265,0.21256513348471265,2.3421520377004411e-05,7449.2137869609342,-11127.74679560416,0.78371031173793149,-25.135657605894703
0.13946526549226573,0.12988552007208912,0.2125692247777429,1.9524608927597396e-05,7376.7737555408903,-11131.890928187388,0.66284673071330291,-23.983776702802604
0.14050483612088932,-0.092719218534948245,0.21628823084868545,3.2310744460234358e-05,13640.506486137625,-10560.511323642217,10.111127873743115,-38.205283633304205
0.1399148720898104,-0.099278564565165831,0.21593828880975111,2.4473587714334431e-05,12799.804223697871,-10690.947621010431,8.7315415809611103,-36.908881463935714
0.14086482307333564,-0.12273089700066701,0.21312017251324056,3.4484665702441539e-05,8747.8491316281288,-11072.489090853174,2.1071285502155712,-26.294994236025236
0.14064963786046988,-0.1056121424998909,0.21516926176943557,2.717180769251105e-05,11784.873866237042,-10813.28230523311,7.0817902501040786,-34.78570726483661
0.14142778361760736,0.10534520980194893,0.2150028276173031,3.9846551696629242e-05,11750.176136438929,-10809.104441009078,6.926624755308648,-35.044741684707333
0.1407623579432658,-0.11719238023599408,0.21386261238017976,3.3421397579408879e-05,9807.0227647082374,-11007.478979126272,3.8217939241313097,-29.351706190649075
0.14228709013732069,0.1182540066396922,0.21332673437717273,2.9248272967229686e-05,9493.4260228565799,-11007.16689651476,3.2482648459990253,-28.262082887421641
0.14149034051850112,-0.1110466623149991,0.21439855953210871,3.0602019810839089e-05,10827.013986884192,-10906.497093362639,5.6325331345474234,-32.94779446975938
0.14131992112715985,0.09222793996645462,0.21614514183900274,3.0971319421691834e-05,13619.007287396986,-10557.941028278237,9.6770171513839518,-37.66754137508093
0.14310875633816589,0.088200806251490071,0.21604204827331258,1.9355805272966747e-05,13927.387331405644,-10492.205482724559,10.420916773042537,-38.323332117959552
0.14311967751079069,-0.087589694634031004,0.21608077414153945,2.8826252072453891e-05,14004.316776307194,-10479.367703590668,10.458061942705402,-38.459374598713239
0.14217433570375254,-0.081780801351100801,0.21660096762699929,2.9495361297422747e-05,14764.96954577223,-10366.698026366312,11.457025795390599,-39.135609941908527
0.14141534246792112,-0.075552635753440844,0.21697526883004997,4.2789533120624821e-05,15510.463910914894,-10241.382074707075,13.161132642987836,-41.443827394188737
0.14339814464594938,-0.069148862956258744,0.21685018557105043,3.3744408038921303e-05,15903.157726348507,-10154.060226635313,13.150706091849443,-40.074442153852345
0.14339682733328787,-0.061809146475602511,0.21694929696101756,3.1428002608367235e-05,16544.643595766702,-10030.741585800806,14.241975561684288,-41.155503100036618
0.1430195684122347,-0.051193323429810443,0.21706937680103786,2.7006772496544446e-05,17399.712817011434,-9857.5928518576093,15.466712976347701,-42.109870630185959
0.14285714285714288,-0.041812592506956459,0.21709342358435177,2.98924103040312e-05,18004.210595832323,-9729.7501730090717,16.585808437603788,-43.553784914678033
0.14341174922513591,-0.031462737447058201,0.21701131520461975,2.7272005479997033e-05,18434.115382180302,-9635.0266504221272,17.16203150488235,-44.333865639808096
0.14268674466626985,-0.020897333672677126,0.2171186507006802,2.9587315335263099e-05,18907.634802805893,-9527.4002995545488,18.243903990282533,-45.549906873465254
0.14245762268220619,-0.0091492145209341093,0.21715257175885441,2.6529272374699851e-05,19190.84585062569,-9458.7659812353286,18.270885761509767,-44.843276185038583
0.14175394248294734,0.0027575816195504702,0.21725675022550228,2.45226981071387e-05,19343.2204472497,-9423.261645784336,18.588761002000041,-45.225076736772102
0.14285823028396205,0.011785301096832321,0.21709326259295439,2.9621591836534492e-05,19099.893175288333,-9479.8634412493866,18.070494604420258,-44.757615736212053
0.14279332134806,0.024412755600568915,0.21710287223298849,2.4055585202290851e-05,18796.688660083044,-9550.8089728498089,17.820615338742815,-44.727956442153562
0.14309121923768803,0.034273234906729372,0.21705876903754295,2.4457933275709982e-05,18356.878789027316,-9652.3585716039834,17.088702272985977,-44.346609764577565
0.14268215623263925,0.045157168365271477,0.21711933000923608,2.2417003512138502e-05,17827.954466245712,-9768.6321054689306,16.371935319704416,-43.265693674798477
0.14329260895993157,0.052992699991355675,0.21702756499359044,2.629076964094846e-05,17230.555296353406,-9893.7822200139199,15.281154409568179,-42.223648658452269
0.14285714285714288,0.062626795688160791,0.21703738246314616,2.8545754324884733e-05,16545.554532836501,-10033.753082778981,14.103960549420263,-40.868202627384292
0.14262386844489805,0.069429639405708621,0.21696831065671732,3.5307109716106269e-05,15965.181701498916,-10148.018574680649,13.463254703549763,-40.817555104588095
0.14159578050457533,0.077360385016192024,0.21688042241785127,3.8672308112981436e-05,15311.685307146055,-10274.013596060733,12.646859111752281,-40.493096680747207
0.14267511234317629,0.083543986824687763,0.21642174263685993,2.6554540724106475e-05,14522.335188809868,-10400.882246232148,11.028502638076642,-38.304024426434076
0.14351838822798818,0.099530386067326088,0.21507617294742126,3.84620728226977e-05,12411.60763227773,-10701.734771126927,8.1881881176627598,-36.68417334499452
0.14700040643688614,0.12380952380952381,0.21120785642641576,3.6518125254559815e-05,8075.7951313402527,-10999.192100409669,1.4699500679362425,-26.481473122293064
0.14764643040765354,-0.098704245112958874,0.21412228403693465,2.7925893145486153e-05,12114.693397708255,-10689.789119457835,7.6457726037707765,-36.025218008512283
0.14707044854975096,0.11019347415009283,0.21301708251826521,3.4303321690221404e-05,10472.192281261681,-10861.575375699056,5.2675038536573178,-33.094161012994419
0.14939448012796544,0.099008786627817966,0.21364403157616185,2.919833175747594e-05,11896.551504627052,-10694.160058873815,7.5340094745231525,-36.354446609721116
0.14968694718137585,-0.10442925720361261,0.21300466362908718,3.0593795214252577e-05,11108.250624214892,-10771.211882960833,6.1570168231499212,-34.646813205979413
0.14749163737696203,0.10442096091003522,0.21356357922277161,3.1017107418032014e-05,11320.748008847131,-10777.224062182313,6.6714490892792968,-35.322411581829513
0.15216775522670317,-0.11063841418888884,0.21153781426276108,3.8516064489126023e-05,9923.6315690971041,-10833.837930228108,4.7124678763321617,-33.333691766844574
0.15207238512862253,-0.099979206537077064,0.21284596401195496,2.7885354732906201e-05,11483.642501167045,-10708.226395700696,6.8386753066602566,-36.024895849359538
0.15220953150265887,-0.12964642894514958,0.20861414937886225,2.3847053462120148e-05,6525.3197318547691,-10913.158895998084,-0.045052733720627361,-26.282569083568742
0.15169231962046614,0.12960625304161721,0.20860280432861933,1.8620564924797925e-05,6571.781192978704,-10923.442767139957,-0.064660582020415941,-26.859540307952273
0.15228427239245515,-0.092545673085010507,0.21358678391737021,3.6847361120219605e-05,12414.276307058915,-10607.108901379948,7.9872997883773031,-36.76191553926504
0.15233148685867434,-0.085395762163520822,0.21419860616527331,2.7882123371026707e-05,13225.357644758762,-10509.496937882577,9.1658625457922458,-37.449120325645147
0.1512070745875663,-0.079002883612537572,0.21488595920602313,3.6151625435208892e-05,14024.879614682612,-10411.779968197734,10.224347757718213,-38.531546421305919
0.15252120110915771,-0.071700070295908719,0.21505378301795217,3.3299948443221564e-05,14548.888122619321,-10328.210158034242,10.894437545055164,-38.783950652505197
0.1523308826420616,-0.063034125997152926,0.21542378884291469,2.7490103162147247e-05,15284.360908142102,-10217.179233670035,12.156836079675934,-40.213116132843247
0.15194553687998025,-0.054802158853458884,0.21567423711939812,2.4385965646969892e-05,15938.463618207597,-10110.726944142232,12.673082898257125,-39.999527862496571
0.15225443404353844,-0.045663921952778165,0.21570040647992689,2.2979591221619165e-05,16470.15817922126,-10016.193713552328,13.527908339368997,-40.834606740190146
0.15217562630502973,-0.035955356490084092,0.21571384047528197,2.0409873861318973e-05,16992.561853723193,-9918.5593105375865,14.085702943125716,-41.162519079129808
0.15231779299687093,-0.025736184571462952,0.21569279297674496,2.4434613073358536e-05,17357.973825580695,-9852.7224168286757,14.864830098794803,-42.750022189118745
0.15241358560039836,-0.013512475065600063,0.21567861107058617,2.8209114576058883e-05,17644.889056533033,-9799.0892681629011,15.161716843279791,-43.300488965320312
0.15141663656880705,-0.0037324408479146908,0.21582620740987021,2.6635750363153474e-05,17906.526408590787,-9745.4167135040789,15.667655173737035,-43.583622613711981
0.15212493994968554,0.0070127858133564131,0.21572134449029517,2.6785597037973719e-05,17774.108505604152,-9770.8239019534267,15.884699082157212,-44.002109137954818
0.1517608112771936,0.01903428785169882,0.21577525302261241,2.7922392859022309e-05,17629.227599306512,-9799.8977945580118,15.548117623853136,-43.527930046065435
0.15190721065673304,0.030034156369075658,0.2157535788830037,2.560576071170817e-05,17274.652302444338,-9867.9955244434041,14.443626082156097,-41.854048742548201
0.15240163425543549,0.041143960918118908,0.21567793076233524,4.2783681694761289e-05,16691.280809991422,-9979.0393154508238,13.805734638685896,-41.584894565582239
0.15211745940575228,0.050302281725673768,0.21569292101023643,3.4215135125349187e-05,16204.054952698274,-10066.051507445143,13.202861624471,-40.769267629557042
0.15205855898483314,0.060737930543536857,0.21556011523682694,3.4877895257116919e-05,15499.688776519526,-10183.763526219398,12.077612534907775,-39.471467725064919
0.15258647042586607,0.074965402595459502,0.21485527992044554,3.2975313143328971e-05,14231.03472450968,-10373.916451688612,10.914194686158146,-39.402482313027278
0.15197283037439061,0.081408154951285325,0.21455685273473479,3.1917585805840095e-05,13676.071246081794,-10455.409409603299,10.036842920898026,-38.947492978676514
0.15194905519987897,0.088590751659528677,0.21402593700219419,3.6721866021187281e-05,12907.837730723382,-10553.284504128364,8.8785949064399272,-37.695364059886515
0.15096728339622348,-0.12297938694100526,0.21005850588527084,3.6073311765115194e-05,7921.5753674167026,-10938.953584081495,1.4440856976026866,-26.899056592670444
0.15217992193373497,-0.11682310053788676,0.21068449855895457,3.6231742983913467e-05,8917.4079207644136,-10887.834911711489,3.2064443491874961,-30.516812552800037
0.1524857928496407,0.11761904761904393,0.2104869577890337,2.573915782573209e-05,8758.797418422535,-10890.711307658812,2.7669804780716212,-29.227856671874008
0.15658736012030597,0.11148257353872192,0.21015244354093229,3.7228200330924013e-05,9383.0957260211999,-10804.80533995409,4.0102940607578264,-32.886837926187894
0.15643605220555179,-0.1056805951130536,0.21098922471883869,4.3233720593630214e-05,10244.60200356064,-10758.404485132158,5.2226654370878629,-34.58904666838567
0.15851388025407503,0.10445295275857269,0.21056327833889088,4.3879056674658942e-05,10197.375829099647,-10737.980709125088,5.0653237448737878,-34.763591202934805
0.15757771730278813,0.12402137476723732,0.20784495971845321,2.6316091611802498e-05,7193.4527369494317,-10839.500687570084,0.5900989603927328,-25.719603362312881
0.15846659949640729,-0.11305015600126632,0.20935861005877363,4.0659333958137177e-05,8958.8553963166596,-10799.248546346878,3.045740179050378,-30.443778522239565
0.16258787982678607,-0.11832328024560197,0.20717466988010258,4.110425796902573e-05,7723.4421366060178,-10765.01716333177,1.5846946166244682,-28.733386685117665
0.16157749519798309,0.11761904759864593,0.20764010622582604,3.6457293380882779e-05,7932.7477904859024,-10780.010987189004,1.5478323407256342,-28.244737217823847
0.16243488780231227,-0.097636893054993887,0.21035510807282162,2.1008098934162941e-05,10650.236949628832,-10666.905212839129,5.6977509598799525,-34.960122581675812
0.16117938770480417,0.0970361288894796,0.21077012531906342,4.1885359309652618e-05,10860.717727330048,-10667.104679983997,5.9067199237219645,-35.942154136903447
0.16265961033203774,-0.092932034463541507,0.21087481621844609,2.8224391593781367e-05,11174.553094596322,-10629.777891214459,6.3089262050880874,-35.565327183274377
0.16200882974192513,-0.086182506236460052,0.21177634979537499,3.455844752661712e-05,11974.973931238697,-10571.973206351699,7.337486535668523,-36.719940058923797
0.16225133788074428,-0.079632694135940124,0.21235499127536409,3.082892007886816e-05,12572.348999140668,-10517.166204719246,8.2420615605029646,-37.765761249959844
0.16172916318920727,-0.071016139736724937,0.21316624430585365,2.8179773608132472e-05,13398.229248808311,-10434.450837716182,8.9775310554869048,-37.582601602255281
0.16190476190476191,-0.06230857903839189,0.21366585073204553,3.1989558983163266e-05,14023.878245203667,-10365.284299949302,9.6839935042252705,-38.112118434036965
0.16258951268845612,-0.052088777406742538,0.21392144985758185,3.7801628156290471e-05,14580.274759504426,-10295.571901652489,10.498459290503531,-38.870817920861896
0.16096065308867244,-0.044146514869763807,0.21435101827397793,3.831143399581891e-05,15256.518681649588,-10207.030913649673,11.352371466292661,-39.893177558730912
0.16199208110333027,-0.033599187005129011,0.21425521744138371,2.9857529433476408e-05,15580.134009869445,-10158.632050436107,11.811124901303586,-40.027144381138747
0.16230252868106737,-0.022029294569112279,0.21421436262161644,2.8467973552592577e-05,15896.837650389116,-10114.732460701569,12.12989677056143,-40.809059188382321
0.1621589059617633,-0.011734088102675433,0.21423583559771003,3.1576277958113188e-05,16125.971265469196,-10080.326429015098,12.360293857654288,-41.021281677211029
0.16192374507434668,-0.00035334783298483254,0.21427065070362381,3.484552268882882e-05,16239.952727849801,-10063.567237178175,12.525988969776492,-41.420903972780778
0.16162039659894742,0.011025965844138969,0.21431556084755049,2.6741336975500137e-05,16224.830876504893,-10061.386974373649,12.632263570795331,-40.887172281351113
0.16230806423363656,0.022010869472268779,0.21421375300952869,2.7694402560224877e-05,15897.533724370413,-10114.939986684469,11.960857771186872,-40.153963386733068
0.16229990336746181,0.034087008644262534,0.21420564666782674,3.0104646103109811e-05,15508.245190786694,-10172.147949615104,11.374932777914172,-39.676456149438664
0.16222146532092097,0.042833742348809586,0.21417443538907888,3.7551695415594718e-05,15132.512327359491,-10224.593816431663,11.04032334780306,-39.514230419438029
0.16201899562746416,0.050623451339627132,0.214055269883835,3.3472915316446641e-05,14749.773387927737,-10274.024711244974,11.094584139798538,-40.093957109567391
0.16235558165653638,0.063296359128874727,0.21350800363324668,3.561182231313298e-05,13889.17147330953,-10379.646760160316,9.7178441608200856,-38.637230032484844
0.16253870605068343,0.071833246348964985,0.21291679824666096,3.7620857972851885e-05,13214.75837278078,-10452.343962766781,8.9960453923664474,-38.136300732724315
0.16173096421669364,0.078199712876210956,0.21260874983346897,3.7646747705251275e-05,12778.870114796195,-10500.48474387537,8.1151623792030776,-36.931341037089048
0.16145115937676607,0.085392067505991723,0.21198836329677065,2.8949745334395355e-05,12124.55944760278,-10563.151067722572,7.4762073236740054,-36.498226906252789
0.16178311945152085,0.091366993296539953,0.21129101974509901,3.0984541404103326e-05,11448.56806560256,-10616.970712549795,6.7915987585572033,-36.216437084885754
0.16251259897757719,-0.1239299114229509,0.20618362337346111,2.6769066665704702e-05,6755.8957297445468,-10756.657922936531,0.17725813167635751,-26.116059995270895
0.16277476436528615,-0.13,0.20495031609873202,1.6615378591963368e-05,5597.307166044322,-10700.906617771996,-0.94633114031822219,-26.806385917773561
0.16277476436528615,0.13,0.20495031609873202,1.7245186541950674e-05,5610.3722816394411,-10702.089483782611,-1.1055492617881357,-27.017403422493846
0.16575979899623466,-0.11285330090636249,0.20709086508974028,3.4412167827018736e-05,8259.9658312186057,-10719.758538349937,2.317071057446991,-30.647352608753284
0.16765614243717961,0.12396669108167534,0.20440720831179804,4.0775538967479128e-05,6290.2108318193086,-10663.820964034783,-0.21216572950271062,-26.466339462906287
0.16971850631162314,0.1112451764917629,0.20609416659800292,3.0719597242253241e-05,8068.7343307917281,-10673.2492081788,2.0154850432676534,-30.128208290040543
0.1702301603036547,-0.11750069688064224,0.20475908084101654,4.0354705772098425e-05,7094.7533918219679,-10653.689488885209,0.95882723706034734,-29.087555644120521
0.16937642936874309,0.1176190226596078,0.20503161953930593,3.986824727657841e-05,7148.2235185273203,-10669.237778972238,0.81992951308429485,-29.23784163467683
0.172065430699746,-0.12362004653258404,0.20290518635650676,3.1585603155708094e-05,5935.0029066486104,-10580.107639846188,-0.58596078091391401,-25.596879035418706
0.17042207937502815,-0.10349609124639182,0.2071452910812871,2.6431842913337512e-05,9004.2940147527333,-10660.850752824475,3.0702596939107525,-32.331401821759499
0.17153356437254141,-0.098467714841525486,0.2076084652122728,3.0701094129666474e-05,9458.4514897031404,-10643.142109766726,3.6656552228486596,-33.973852433187595
0.17226245667565696,-0.091762643987705908,0.20833966082322963,3.3212746329813448e-05,10088.400633397217,-10619.019600307898,4.6542552455061443,-35.104573412606214
0.1712943580452306,-0.085189751197417812,0.20947238362665976,3.5550561412195429e-05,10860.691212476664,-10594.378165548222,5.5123845985116171,-35.995208605792399
0.17124935989166656,-0.077717062697611,0.21030404750320486,3.7877762373302796e-05,11516.139582611162,-10563.368347233767,6.2051463498867596,-36.625622067091349
0.17163770564124947,-0.070633022632765205,0.21091262908117997,3.3636136069666508e-05,12021.817935799807,-10533.029972196224,6.4236291618577601,-36.509221580998698
0.17278062777114744,-0.060796860221175406,0.2114438478733674,2.7005280095998112e-05,12525.22270328844,-10494.952499668781,7.111300621419085,-36.315603839158697
0.17182960769739258,-0.050803677274068558,0.21225288346488941,3.7408211022080884e-05,13226.848804867497,-10444.42832644784,7.7419470073347387,-36.7287517653631
0.17121128529763263,-0.040681786184595073,0.21274731039433328,2.4886931376834447e-05,13793.229880249413,-10393.937682407332,8.364463399711962,-36.823954884809517
0.17038760456431823,-0.031542470552089322,0.21298741268244389,2.9229925902973579e-05,14278.789407637527,-10343.055860996743,9.0139591536555006,-37.309878536206128
0.17201271588058889,-0.018598181680723774,0.21277699845966919,2.9124846397170109e-05,14331.225443373633,-10345.697143580561,8.9822613666688564,-37.738352628581268
0.17215135921333785,-0.0089012022302710873,0.21275647258750174,2.708227838797099e-05,14433.95321415473,-10337.761390228385,9.3325514890372645,-39.065411193093546
0.17205004997401949,0.0028734432846982769,0.21277147122071691,2.8230194775659176e-05,14490.249821232248,-10331.246363415436,9.2623905767217778,-38.594875464632601
0.17142159220664235,0.013754133660334577,0.21286451315457725,2.6176418940337538e-05,14506.230331817633,-10328.284696982493,9.2537267355201571,-38.824241466571955
0.17239968279319262,0.024050832754832503,0.21271873762564961,2.661108357043547e-05,14130.275149983325,-10369.063395069805,9.0265880729583401,-38.28408158582063
0.17101238648370576,0.035306692505125428,0.21285244227579111,2.1745332884848324e-05,14039.171500576584,-10370.480536110159,8.6785232349656827,-37.092549729483409
0.17178249198334,0.046198832395337931,0.21244036122554746,2.5512913501530285e-05,13465.302147830116,-10424.480835247969,7.8079558859106335,-36.113561765407944
0.17149191650917434,0.055634012500843891,0.21206427651845933,2.4016093718566661e-05,13023.549917556957,-10461.147577503278,7.354077591033521,-36.142777509656604
0.17189939192510612,0.065092927982504725,0.21133150595498262,2.6684566655336417e-05,12373.754843917755,-10507.752571179104,7.1581261563280423,-36.853845370634119
0.17120211197029003,0.073914593943666632,0.21072342824084658,3.0668537110487426e-05,11843.819826499366,-10542.064346621226,6.4737499725897676,-36.258212584287413
0.17193111625233942,0.081609558845834457,0.20972504711451062,4.1091218975424656e-05,11097.39608991012,-10582.957867447101,5.5848500749288199,-35.97467110636795
0.17134415975563619,0.088841493374365824,0.20899806793343886,3.7734731208336191e-05,10506.033234345956,-10609.771740954133,5.108680050957191,-35.458595747012168
0.17147017699079226,0.095538501930006126,0.20806517983611564,2.8317017232875696e-05,9796.5264357276283,-10632.862844215751,4.2261240669029734,-34.289582455073749
0.1715894229461894,0.10138031329365545,0.20713871329998351,3.0167649616727135e-05,9117.3052473273256,-10646.647898615185,3.5264245213292233,-33.952727755564993
0.17260433922645801,-0.12999999999999304,0.20134597844648211,1.2409292359146098e-05,4734.6637625520398,-10478.562694310709,-2.2059261608775862,-26.927611711977015
0.17454244497786775,0.12268269389050571,0.20217865198928933,4.4813096869736441e-05,5839.2271966343296,-10540.225778578933,-0.62026706346569827,-26.671142318659356
0.17581136923205301,-0.11799943075514502,0.20272721094886245,3.679619307562491e-05,6428.120107046534,-10558.78689525027,0.0059642181716380339,-27.965816698886865
0.17928972055741302,-0.12358585424760989,0.20024558893240846,2.9731042460292336e-05,5202.4621563205937,-10428.379509491102,-1.6309821305531311,-25.494053112157061
0.1791489541186676,0.1175482165045611,0.20160479327847541,3.1977415015711598e-05,6112.2193253614632,-10502.702720254205,-0.48194052461064135,-28.14583570412881
0.18071378077738706,-0.10923193056738885,0.20274347648866556,3.019718643514478e-05,7044.9370139523098,-10537.456506805784,0.66105801122900698,-30.250681306340038
0.18122107904674234,0.11114913265469271,0.20218344675139654,3.8831032579906425e-05,6743.3814080080128,-10518.642377022505,0.13879211365115654,-30.076125910738604
0.1804108198590729,-0.10491443171163622,0.20365595024016789,2.6105648755806026e-05,7610.5219190992138,-10563.401938992294,1.2010466174953975,-31.606725186613659
0.18130072655792703,-0.099363626894765578,0.20437952784105176,2.7359071790563223e-05,8102.3131739676692,-10574.421752621245,1.4313868483916965,-31.819735962940907
0.1808358381720501,-0.0931831332611575,0.20556872434938778,3.050826025316562e-05,8790.7324956544744,-10587.06685872356,2.4825903593589502,-33.344786876646843
0.18175756820233413,-0.08600656442386688,0.20637672704074639,4.1353472727085418e-05,9301.1270484287397,-10588.386805807928,3.1343082183316429,-34.616827429620081
0.18110173998781956,-0.07724888095594741,0.20776075131910399,4.0116453903919632e-05,10100.447089492065,-10589.256907551977,3.8413018746198957,-34.51421224999492
0.18118950733756614,-0.069657380996414067,0.20860561056008262,3.2014949463879523e-05,10629.159878370645,-10583.254879713275,4.2895003636579494,-34.509608055993553
0.18095238095238098,-0.058505210314449413,0.20977346872899047,2.3834913183457016e-05,11317.559597425696,-10572.498092403373,4.7465137633425698,-34.710106369942508
0.18012879354159012,-0.04901113596748833,0.21064843723476251,3.5228844351915055e-05,11921.83957324607,-10551.104846373762,5.4996803850689027,-35.230484222035869
0.18043981907696538,-0.038221286106501398,0.2111339961838361,2.708331493596439e-05,12276.723491619816,-10542.600939882672,5.5728028024282299,-35.062072605653007
0.18132289494070092,-0.027429774463593255,0.21129400396292261,2.730282325824132e-05,12418.677266405592,-10543.275693290141,5.9980534489798627,-35.243554578231624
0.18094395388576789,-0.016938028826247439,0.21145187757769668,2.7465365391494316e-05,12687.785064347503,-10531.497262333549,6.0962355103608799,-35.510588931363131
0.1812042702003312,-0.0048631441488124942,0.21141620695786212,2.4432441908202654e-05,12762.687973915019,-10530.941189267969,5.6125286045256511,-34.204750175253174
0.18075275473532182,0.0061669592568136377,0.21148305293258474,2.3756341017294739e-05,12843.414100977054,-10520.785345373723,6.2434430708191249,-35.019235028427232
0.18003093417031549,0.017250580565330995,0.21158991704462948,2.4770198452604507e-05,12867.366025555655,-10513.496099727805,6.319665729800886,-35.125086058664778
0.1803740084814833,0.027862132216239607,0.21144393240610596,2.5216424702764497e-05,12589.233910065836,-10528.32159455468,6.1665658844137203,-35.155854980205973
0.18061885573171002,0.03826649625562175,0.21109996960683727,2.6068889568545702e-05,12240.572635125485,-10545.250029552415,5.7959547403756639,-35.233295604199689
0.18074498597894642,0.048523819320301004,0.21055173157603216,2.5712111481585936e-05,11831.115645231688,-10557.93789781578,5.4995804080420054,-35.442987475871476
0.18170504940515086,0.059245234373711674,0.2095149700779019,2.7198316850712879e-05,11149.293869886271,-10579.17398730612,4.6470913230929769,-35.135046199125291
0.18133231631326382,0.067470358677152675,0.20881683201802703,2.8029141903787985e-05,10748.62671817161,-10581.561429624981,4.3505548739356286,-34.853633055717218
0.18127763203486419,0.078112342240384366,0.20759763692553557,2.9993198471927663e-05,10008.259847036437,-10591.208047746395,3.7555663364366318,-35.343665990148672
0.18165084184104707,0.084864661304534059,0.2065924743656917,3.8056746020475094e-05,9416.8248217464716,-10589.851021621096,3.199129596906932,-34.614926316538664
0.18043426809829027,0.092421283765117143,0.20581418311833993,3.6570538677145686e-05,8919.2653975973499,-10592.551647938611,2.4760347946728172,-33.751984097904995
0.1806426526010308,0.099466874809065534,0.20457808812608191,2.8965576454905814e-05,8181.4876735105408,-10576.928512108829,1.8650950485702038,-32.406507555429698
0.18137240263495069,0.10484783194407128,0.20334681847310129,3.0433853427762641e-05,7491.7423500081732,-10551.115425188647,1.0084645614152936,-31.524311473016162
0.18160348483872832,-0.12999999845097082,0.19783054255445073,1.9083856974004502e-05,3893.1520244444177,-10244.442429562245,-3.2003314715727953,-26.625251019305818
0.18173750762282601,0.1231055901134552,0.19939722557071901,3.9875575966800424e-05,5007.6653834518729,-10378.295995708278,-1.7708715967771154,-25.543811017705224
0.18760735880380358,0.12356871609855921,0.19700381219446295,3.8822034564377411e-05,4282.2309866621263,-10223.45903466864,-2.7702212792149687,-24.677206261873231
0.18861377008954064,-0.12999996586788173,0.19495213384897178,1.6208455238997477e-05,3172.5372764905819,-10035.814226102124,-4.3501142430492603,-26.643967327765889
0.18870411548499394,0.12999996544796558,0.19491503821541784,1.8481921256962611e-05,3155.1732291709295,-10030.914331928445,-4.0717597953068472,-25.769446381482787
0.18971227186144798,-0.12331297670994119,0.19620907989490585,2.7305510434734102e-05,4072.5962266040078,-10170.914074081591,-2.9757489024154991,-24.061905982916052
0.18976099430212959,-0.1164414140812572,0.19784984735278668,3.5515477606584349e-05,4987.3958943143589,-10295.113067350698,-2.5256447182609216,-27.329246500552244
0.19088046876704384,-0.11081265884570736,0.19871744493200802,3.1225550100922625e-05,5516.6038390643162,-10344.1329072633,-1.7612795188946837,-29.492690687316628
0.19025867705974636,-0.10574797816976021,0.20004739326835808,2.8812001318932168e-05,6164.8485183492603,-10413.966058364187,-1.4591531203913706,-31.074829432594846
0.19053436128888868,-0.099232872867974331,0.20127377401982666,3.6321544044381797e-05,6772.7173069316032,-10461.685673048087,-0.64757201198445291,-32.653019911693654
0.19038787865727436,-0.091423757133681893,0.20280324404309791,4.3554164686591204e-05,7494.5362634270468,-10513.307345455101,0.0071564151542563344,-33.587764895915143
0.19079275130563578,-0.083473375652831791,0.20402102003631739,3.6173264234384286e-05,8037.0186517767861,-10547.294488594634,0.35639424617818466,-33.311521813654728
0.19025281630537202,-0.076336906110355512,0.20527266187940257,3.7214388636083127e-05,8618.6274277527082,-10574.828750112354,1.2612502206501131,-34.380836186021028
0.19067864366969794,-0.065458463656040175,0.20659574010715751,3.2344005360475682e-05,9209.7922479306999,-10601.140376976029,1.6991362119442748,-32.743367990691091
0.19083482635263518,-0.056119829492688532,0.20759081006028873,3.1111737829276979e-05,9631.3940992995813,-10619.274569236271,2.048144104131886,-32.347500686302133
0.19041215170913456,-0.047090943644845791,0.20851120271008844,2.6166667017657104e-05,10078.000376908078,-10631.138092380059,2.4711372002667957,-31.356539304594563
0.19143034643468496,-0.035842762071903629,0.20906678491605443,3.1695269942922623e-05,10199.558614942605,-10652.876990234001,2.2497679224171967,-30.992052269799888
0.18993629023628489,-0.025084358433317171,0.20985136900290191,3.1855669475138113e-05,10733.676215621128,-10654.454481927,2.481481431860193,-30.07871056072246
0.19047619047619047,-0.013873229399320884,0.20999344868182901,2.4380586909137511e-05,10774.755606508035,-10664.344012253754,2.4452197469675463,-28.948921280702521
0.19024868148395238,-0.0030241349237070357,0.21007639419413876,3.1228975076056701e-05,10882.053817832744,-10664.782186202629,2.6519729620065151,-29.483535052365731
0.18972845923131917,0.0082948450658280777,0.21015421757177416,3.3615996202190404e-05,10974.061583772445,-10659.396430988387,2.8270705797602593,-30.059211009779535
0.19053729581611031,0.020260105574249478,0.20988744484665603,3.0052207321585717e-05,10684.634512587249,-10663.541005230425,2.2801734802846267,-29.058548866913409
0.19001442644222766,0.03029148354467423,0.20965153516768376,2.3090189493166944e-05,10625.702767371165,-10650.360043562212,2.7293347522905447,-31.088836939995904
0.19003945003705575,0.039875000830406869,0.20911991796070689,2.7596040262971757e-05,10387.78325602752,-10639.614036338127,2.7159928031837444,-31.694264201166519
0.19001859280949071,0.050461807091466963,0.20832216987276789,2.8918863259021849e-05,10027.105361698808,-10627.505770153173,2.5013921123599845,-32.725988012476556
0.19030237586148943,0.060312211681542424,0.20727766711301082,2.6566583510017122e-05,9541.6840508106015,-10612.800662560217,1.9624279792466395,-33.100898522233912
0.19083850971022934,0.080484252322519031,0.2044626655202581,3.7886254763411006e-05,8256.4628405872445,-10557.900770528662,0.74667454126945121,-33.129164286633682
0.19073975897029638,0.088760427107117526,0.20313495929413528,3.6103044874548938e-05,7653.6898201835811,-10521.642177127354,0.37193881004058066,-33.084593384930088
0.18993428438615001,0.095036131996534545,0.2022676511894807,3.6579021004874452e-05,7259.1158932627977,-10497.445028948398,-0.030876010261444226,-33.048571662290108
0.19009326063107349,0.10237450091251236,0.2008043367332128,3.1350919294071283e-05,6530.8688593891475,-10445.890815709872,-1.0686239552571317,-31.704855552248226
0.19081010070492119,0.10835727254335889,0.19928958689407422,3.0411961562325705e-05,5789.8911766473057,-10374.698275224971,-1.6534305359186658,-29.421104515080305
0.19454061425619154,-0.12973321768524068,0.19230520857366451,1.3238008837834184e-05,2531.2882925640683,-9839.010268070042,-5.4448692401685967,-26.684317574963785
0.19472717735179332,0.12996609502134285,0.1923438335395167,1.5345945422979056e-05,2464.3654812129121,-9821.8493855129982,-5.1525725015043893,-25.247445874173202
0.19919788545452038,-0.12947862554543826,0.19051244880323009,3.0948301832664608e-06,1942.7168097351737,-9658.7242783620859,-8.6567301395529554,-26.65025540237972
0.19919788545452038,0.12947862554543826,0.19051244880323009,2.8352025687387271e-06,1933.3617280262017,-9656.1142029880302,-8.7843564551538673,-27.949362421184833
0.19998859288667101,-0.12584883142350564,0.19119568879359611,1.9408962869606585e-05,2367.4306151151841,-9750.9008039865985,-7.5117068567850485,-30.37598481866857
0.19998796785646866,0.12602279369873451,0.19114728924920765,1.4788089332705304e-05,2328.5305596482399,-9742.9386236658956,-7.2574476301562862,-28.398142340724167
0.19990319182629643,-0.11762590835268964,0.19338850626898305,2.0078508277652029e-05,3350.6537018232048,-9966.5185837611207,-7.7832711639038257,-36.751115849992644
0.1999999999999893,-0.11219282049719774,0.19482865491994592,1.5986957255607659e-05,3903.4876779582119,-10067.559850613827,-7.1215173547884385,-39.288058201628679
0.20000000000000001,-0.10580359683743601,0.19637703451451632,1.5729502957149546e-05,4509.8871043620748,-10169.422758940815,-6.3534153776431443,-40.992641363532961
0.20000000000000001,-0.098696682239565084,0.19798706017043474,1.6461926864596335e-05,5126.1793434333522,-10264.299051637874,-5.4696184062585935,-40.875828530014552
0.20000000000000001,-0.090139012763855553,0.1997637882690915,1.8169470137676099e-05,5774.14025413947,-10352.689686785548,-3.9909143603505814,-39.559851828783714
0.20000000000000001,-0.083051937343920343,0.20111556558164487,1.736730960912515e-05,6246.2710202985163,-10415.354797247772,-3.5010782106917588,-39.258313248710699
0.20000000000000001,-0.075787317613988867,0.20236875609411478,1.6129266281390825e-05,6702.1541499605119,-10468.652429452666,-2.7445308668558912,-37.329529711354652
0.20000000000000001,-0.064008184690156372,0.20418579604128986,1.3658180401737596e-05,7283.2358177277329,-10539.191129545748,-2.0899788675820292,-36.095853353222914
0.20000000000000001,-0.054051774261796803,0.20546626674534366,1.7075847686977678e-05,7708.420850365399,-10583.592589366674,-1.0537264935441082,-33.054717568581118
0.20000000000000001,-0.043711750034850061,0.20656461150605368,1.4034464178174628e-05,8033.3673261006052,-10625.880032112998,-1.2773277472072391,-31.186012767540461
0.1997446337928282,-0.033154918097753679,0.20738917724153305,1.1408913190212313e-05,8354.8579411719238,-10655.679488591401,-0.63194469194040281,-29.947890860746647
0.20000000000000001,-0.021982254850318038,0.20810894249242159,1.3857278110006029e-05,8482.1465743866829,-10678.418308814777,-0.7861220193570797,-26.67689028977529
0.20000000000000001,-0.011126198357847856,0.20849977418233165,1.2752012877687217e-05,8579.906934625853,-10691.03362515011,-0.55731707974527578,-25.018701741139616
0.20000000000000001,1.4432899320127036e-17,0.20863353620469963,1.478139672172193e-05,8610.1606776195222,-10696.053118436243,-0.59861256512426653,-23.365708676206133
0.19973581526583375,0.010974268399585169,0.20854349343862416,1.3846877005623787e-05,8647.5987376302091,-10691.559726972439,-0.30997989191107878,-25.220558859151073
0.20000000000000001,0.022585458098354126,0.20807740859772836,1.4994148691095739e-05,8475.9593993248618,-10676.904349035678,-0.5764231676655851,-26.593188303133253
0.19989598666356065,0.033330669306054106,0.20745246758682634,1.5240649605271467e-05,8314.3970028919903,-10654.070414694681,-0.41113440336487389,-29.557381510430616
0.19975302148529037,0.044782556938018761,0.20639127312668165,1.6337904336308512e-05,8065.0041175268634,-10623.04928564191,-0.90587484317036615,-33.139484990629676
0.19969486117849591,0.063281604865624702,0.20436250300566106,1.872225221640198e-05,7409.6974107049182,-10545.414870495972,-1.3640041918493637,-36.13436225950214
0.20000000000000001,0.075588373557922042,0.20240277720238523,1.8787143171904306e-05,6692.3440996500376,-10467.380633730601,-2.3374298496080526,-37.409492048176062
0.20000000000000001,0.081808887909821673,0.20133901688479758,1.4696442514373929e-05,6321.166647271164,-10424.597723668547,-3.3875391140998921,-39.793047145791455
0.20000000000000001,0.090913133309151281,0.19961613376729678,1.6651905531225738e-05,5726.1954996184259,-10346.332452114264,-4.278907809178202,-40.381062786647007
0.19985693507523392,0.098391813660515304,0.19810123852873118,2.3429954893826478e-05,5184.1673817495212,-10270.012749510695,-4.7702404799336149,-39.96239482107444
0.20000000000000001,0.10508840049189379,0.19653905763291526,1.6718575920631194e-05,4571.4131446970923,-10179.239793721215,-6.122975879993259,-40.155454819369247
0.1999999999999893,0.11219282049719773,0.19482865491994592,1.6029640451526663e-05,3891.8261274609486,-10065.20642470195,-6.9664241623387841,-38.820280373123744
0.1999999999514282,0.11763676900032306,0.19343192133676576,1.4660197635216183e-05,3336.9162137755843,-9963.1245047862594,-8.0351429459307706,-37.677171601974727
-0.082172049705331651,-0.12954149754743005,0.22595876601524573,1.9014572814817617e-05,10441.351530017912,-11804.6767211637,1.7490487047175347,-15.043853578736009
0.0041695360252650146,-0.12396360712375834,0.23287813640812655,1.3531213540996724e-05,13470.979281453612,-11885.661155465568,2.9441389167819612,-14.812923571051657
-0.0046729603184387427,-0.12489565779748311,0.23286928856342021,2.3676719359322857e-05,13236.681373604109,-11927.298510633045,3.062404169602913,-15.006546092174311
-0.046758305606368129,-0.1239991037130852,0.23079006378369779,2.8910110246570363e-05,12915.639737482568,-11809.372967804535,3.3025905544473515,-16.87802759762463
-0.084671826329614883,0.061911856539787355,0.22570764502136709,1.7057880683691002e-05,22495.226256127684,-8777.8371558116942,25.674675705654199,-48.742964094763593
0.059680482182811995,-0.12380959803947576,0.22921158121937385,1.4366579205957747e-05,12612.920872094377,-11750.924140825557,3.3190818106227145,-16.991167143187603
0.12709152079976752,0.12987554840259083,0.21609410131341586,2.1071671443653426e-05,8183.3461498576489,-11316.901838430511,1.1262121027061796,-22.09861837234082
0.10420165985489935,0.076125404245564701,0.22281629165843997,1.2590878564576319e-05,19255.736684712738,-9658.8448727467221,19.208970349361834,-44.203187948980613
-0.09568361832048565,0.095947309152456001,0.22407737091977592,1.9740402273065869e-05,16939.174826838167,-10390.287373300554,15.840500721963071,-43.212507396686313
-0.030648682140058579,-0.042343944371093692,0.23193329731998685,1.3599043890772079e-05,26951.483647365621,-7311.9162684255652,33.702535455290523,-51.831652180461568
-0.0017118218091552793,0.030472869651135354,0.23287137784103351,1.9092805832177431e-05,28146.31779096814,-6818.2030985882921,35.902552314519106,-52.502864297947362
-0.071353344257906418,-0.028026219842403936,0.22767176318395813,1.5101819552328628e-05,26043.180028162293,-7505.1038711794718,31.707068473003602,-50.974069947945061
-0.095602717331404838,-0.020394773864793086,0.22408934815176512,2.760719174946816e-05,24447.258883201375,-8001.5332166420831,29.713411769076082,-51.886571697236924
-0.13708737140092961,0.085031313694598792,0.21740696893983341,2.2177107829910211e-05,14961.229765455988,-10373.064504770195,12.014229212989248,-39.258825204854716
-0.015021696123530451,-0.08959917783146247,0.23267975442711872,1.3793188553438469e-05,21286.261647548403,-9645.1908349602872,21.540391693121531,-44.730632321815563
0.0053304007518661222,-0.10369047619047619,0.23285773383525649,1.7138099310740262e-05,18483.891559684515,-10609.181828789582,15.61627886160464,-40.077683932190752
-0.19999269529552216,0.12216416080323592,0.19219604911151922,1.4097266584905437e-05,2814.7526896817626,-9851.6378670619997,-7.4451036941836186,-33.159703925177197
0.03505587522412807,-0.080525618367071311,0.23160407675066644,1.679050424130411e-05,22419.396853711754,-9157.5227212789268,26.216815987224514,-50.882154241108644
0.061715407637013824,-0.081833801738819212,0.22894066048189099,2.3499877617934939e-05,21282.01553636113,-9393.7943237569925,22.798641958765284,-46.937748125985287
0.00063978649980227318,0.059905443793317338,0.23288224011923431,2.0456452283922484e-05,25680.220256201846,-7919.679015457863,30.974797069938024,-50.748448550381141
-0.15027668159572483,0.094472095903591721,0.2138480569782848,2.3470178786219503e-05,12402.224848295609,-10626.120703337716,8.1660619835802972,-36.645564909964158
-0.1852001139836276,0.07521797819455292,0.20685584835904106,2.1364544190349715e-05,9594.5830487947933,-10589.213279011567,3.0461495704250656,-34.615838037494882
-0.063193607501650886,0.069013141861097596,0.22876235009574053,4.3633851830989745e-05,22971.627103112998,-8774.3487927296555,27.128898949229164,-50.866409013982441
-0.15547431527079092,-0.071637146356297018,0.21442339565758406,2.4725233831910897e-05,14165.190062280542,-10370.12216113843,10.362352701588287,-38.997033575038131
0.13595666268147316,-0.11515875848059355,0.21533937294360295,3.1248388277801353e-05,10562.126558575394,-11013.073435034456,5.0897405685620383,-31.819497698582797
0.15754903095604533,-0.11811015861590916,0.2088221386441598,2.6599739051815389e-05,8225.9920244828372,-10831.673906424065,2.1609517462479673,-28.495432575570732
-0.19539151071677627,0.10196525883487388,0.19890489278430995,3.2664227936386736e-05,5708.8943979208507,-10345.30136557912,-2.7171088438367956,-33.705383315195562
-0.016012805987594282,-0.084117218840114152,0.23263392786195058,1.1591307842132692e-05,22236.494122167129,-9289.8685625222151,22.836434313488969,-44.906414904322617
-0.040210313606390928,-0.12520900793009249,0.23122152871285359,1.198461676952882e-05,12754.699096516351,-11882.651285120881,2.6015660893579819,-13.8306104717153
0.018217925627915146,0.11872409608084569,0.23252085589206659,2.1818607531850745e-05,14733.76530623844,-11597.378178203217,5.8543961271310643,-22.874307704285908
-0.15833525576693838,-0.095789251235585515,0.21165391941133962,2.4914328331588391e-05,11339.24034276774,-10654.828573578272,6.8652487684876746,-36.544020467836745
-0.038700919102904123,0.12282590630678887,0.23135193743391469,1.4383045672867844e-05,13381.851547047303,-11780.003106619257,3.7128969790680459,-17.472456934846839
-0.065936130712364441,0.11913069912042351,0.22839846989427406,1.734317913236429e-05,13545.727234033517,-11522.391485415994,5.0721222694706602,-22.613032639482423
0.00073279033322138027,-0.10995444932017363,0.23289423206770846,1.7796591502865917e-05,17027.386338656139,-11042.381792469489,12.44749417268422,-36.055309350986811
-0.19487983733949873,0.095745267134235965,0.20038348763386665,3.2080774904874593e-05,6359.209180794277,-10416.80932760671,-2.1399695283789648,-34.884835377364574
0.010090619896034088,0.12272681630761244,0.23277407144484957,9.6936669140329132e-06,13771.507956856052,-11819.46879662948,4.0390352743818312,-18.039529064125542
0.063123971179281937,-0.071707537778932073,0.22876113760159672,1.7879641976531999e-05,22650.371956607622,-8889.6458220235163,25.873658300892306,-49.142909898072517
0.057200776036181178,-0.10650790466058284,0.22951001340823338,2.357724017477806e-05,16837.205605475017,-10831.172487428925,13.044848071148976,-37.676687585937422
-0.19484757392207977,-0.12070739983392155,0.19471819689844427,3.3682494099347991e-05,3761.3014629613658,-10076.611567779826,-4.3473708380260874,-27.285487124597186
0.18105210634672655,-0.064343273989441799,0.20918632045920804,2.6818976964930904e-05,10976.200750744487,-10577.081942105746,4.9242114347735049,-35.68377368953773
-0.025580462030146967,-0.028802899022685492,0.23220486340774479,2.2145879852719405e-05,27943.541814833105,-6880.4938195972572,36.384342711072456,-53.530272625981496
-0.055590451321781059,0.088444439704523176,0.22968986792708257,2.0262783643893903e-05,20458.369820726686,-9727.7440509155749,21.201590720738402,-45.927767313763653
-0.05228915837577737,-0.025647590650408777,0.23005955064707656,2.7898851855194493e-05,27197.847142570037,-7114.6740785537595,34.769183737456892,-53.075066954891113
0.0018535527324225433,-0.081173890697171139,0.23286480989289446,1.6118666114901167e-05,22790.759188973014,-9098.749463276079,26.222380229350826,-49.592287345056995
0.11298212457541804,0.12981706284120367,0.21967941905163671,2.0600279866274696e-05,8990.8756045848404,-11498.269564303931,1.5957690108519007,-20.002375458567286
0.12537868695090296,0.11818479696726639,0.21767059938484093,3.1152726536254169e-05,10741.842095520864,-11158.783814443294,4.1578012915666305,-27.58159213147734
-0.040721065772176379,0.073845196462766854,0.23117680331623341,2.4080621395248038e-05,23258.916982424049,-8806.4685247645502,27.031075722254162,-50.088715538222459
0.043919944766245118,0.073817327270685587,0.23089668481388767,1.6967618858661889e-05,23154.078985941618,-8829.7969212696844,26.755565083588124,-49.797994769202141
0.17107333820618406,0.12632478429168076,0.20267505230551025,1.3975975122761591e-05,5560.6024943784669,-10569.225158202378,-0.87777956326504536,-25.192105722040505
0.067011794301140556,-0.10975617187703922,0.22827440881380548,1.5986639547936039e-05,15721.997802794176,-11027.218711380558,11.360807318194777,-36.101794275547689
-0.070296277693427237,-0.038184213921117913,0.22782658641128714,2.2068922581572274e-05,25504.860435876097,-7736.3245368104635,32.345867040969061,-53.270582075675556
0.11740866705404625,0.081737102542943141,0.22084106077647903,1.5393503665807689e-05,17320.450610844855,-10056.76808589041,16.378521656097586,-43.187390206132818
0.18486513711517077,-0.091352126094084302,0.20457216214558677,2.4215474356824397e-05,8367.0747355510775,-10564.956311076347,1.5831736149283229,-33.541907500802303
-0.13319900406394095,-0.12968868863772498,0.21438005523512071,2.0845173065836687e-05,7840.48886974584,-11227.71508353161,1.0114945894233618,-24.365717662609274
0.078726169654958864,0.052360086625278773,0.22658788777401623,2.1760696725312306e-05,23854.497233867318,-8326.0728672210007,28.266566122684544,-50.557655181117816
0.14913293627115373,-0.08905719165110032,0.21461214455818803,1.9884453530938267e-05,13179.699984826841,-10541.228505036041,9.2178600979487975,-37.049830899574935
0.04908737750414912,-0.072224752470835957,0.23039959716720118,1.4785705756708673e-05,23196.607178338283,-8782.0846754326467,26.508613179305641,-49.310355773490102
0.067347752504820516,-0.072525653733168827,0.22819361669921634,1.5517921794606128e-05,22333.285130286466,-8972.4011091163757,24.449679978481736,-47.314188298979417
0.0070863047057705044,-0.06105631734327293,0.23282687325559417,2.0461384518711142e-05,25536.990042765083,-7976.276901514183,30.256125556668973,-49.870491476576653
0.014038504360068836,0.094434855028846312,0.23266254674517389,2.1979626580783424e-05,20380.513826589813,-9968.0450556685646,20.399592131308651,-45.093916597430514
0.015279305304451318,0.10929906076124228,0.23266510801490178,2.9670548254849559e-05,17114.662090816048,-11000.451088691556,12.33209378589828,-36.202162404857283
-0.0082575700327485683,-0.12307024932958198,0.23280628788881,9.990532303727544e-06,13691.576540355147,-11837.18579063805,3.6532349861567579,-16.33105240772462
-0.11896146868066876,0.021825800727606474,0.22063113105124388,2.6098283252458452e-05,21954.472597498552,-8751.8848556093726,24.333541450576764,-48.791967472516745
-0.12426757556249284,-0.11840433321622253,0.21791579247629053,3.5546599034590617e-05,10780.793117168523,-11170.069743508466,4.5190203004664982,-28.449358825727121
-0.12925381034278835,-0.12331722198708384,0.21619706216894438,3.8764244379881535e-05,9439.6677461620657,-11215.454653166404,2.5957816040813508,-25.05419046514838
-0.18592213903870158,0.096044155739323844,0.20337328580198699,2.8196676038979292e-05,7780.4947975082296,-10538.512893975623,0.94454042440448982,-32.96937342263675
0.11817220594870768,0.063814744623972824,0.22074797984318748,2.0515707183410673e-05,19288.621180713537,-9537.5096795165409,19.552381304743779,-45.38293149751555
0.031266507465292186,-0.1170051175263556,0.2318602525289972,2.6979705951486637e-05,14996.207564250204,-11483.356943155524,7.4637525767913457,-27.222445973168441
0.12881586437162065,0.12315277244076481,0.21632903805020956,3.1012774234654443e-05,9501.8727779865676,-11217.994249837429,2.6636436835507915,-24.480011927066148
-0.18510454612856581,-0.12627089407432723,0.19729031211450751,1.8206994779886898e-05,4144.5311491084776,-10231.925273028937,-2.6589818219119739,-25.03833964176992
0.19510506549117956,-0.1033424677523419,0.19871858929144037,2.8238318737143703e-05,5636.537519268898,-10339.315340556184,-2.9355341970337587,-33.454686049050835
0.054536265178798699,-0.076260218128438931,0.22981188150577009,2.1617205404472612e-05,22402.581126811398,-9048.2351161898532,25.78958325846251,-50.15141192677779
-0.13218756411395641,-0.096078043255979143,0.21778791808449352,1.6487148720018373e-05,13988.980728371873,-10596.86186523062,10.610837447349503,-38.034985855201583
0.01984711567053405,0.12697367330194015,0.2325068080047771,2.0002880901994897e-06,12630.869792849226,-12002.405528367248,2.3203266609736066,-13.578392996655907
0.19537969702307648,-0.095308236877702776,0.20028847821741896,2.6902302368458533e-05,6312.1476918512572,-10410.827424802274,-2.1006207882674826,-33.91038477146077
0.0030729380697028601,-0.11883037843434274,0.23285668718083891,1.6356522484088835e-05,14785.999508351548,-11612.40258018472,5.7100763913023131,-22.132231451521154
-0.1901112191856984,-0.075787557080666548,0.2053684320861052,1.9882129143028581e-05,8704.5200352507782,-10577.864353280294,1.1455664618296091,-33.425008003806226
0.030362362467019531,0.079871088366541609,0.23193490331400873,2.5292118612559998e-05,22648.416188595689,-9091.1994414336386,25.872424493708436,-49.813805668107811
-0.0067061658183464974,0.087382669372239083,0.23281801778405489,1.8846801601421348e-05,21713.905502457383,-9507.503617732933,24.894078461145387,-50.635259183826861
-0.03888685954136728,-0.10616490952447541,0.23133475140619786,1.7924726594256279e-05,17445.023910104086,-10803.371483230942,13.718720697409905,-39.402986456719077
-0.047809601854790072,-0.032865066480103504,0.23053456678618622,2.1184408580196276e-05,27018.154943521913,-7214.0863274153899,33.903754682723516,-51.97753331756752
0.034743025622994209,0.071182252056614825,0.23164407532202549,2.1417951977195755e-05,23804.5765817375,-8619.6843907314978,27.649483583848191,-49.525507070487194
0.13535929671405519,-0.12526170156539468,0.21430361822407423,2.5538129454454404e-05,8638.076444296541,-11164.415319744585,1.8451787019092012,-24.669088899544622
0.058411489553619474,-0.09082192946100337,0.2293665924690334,2.4672939247937249e-05,19917.173558184346,-9890.6821831071375,20.316793786131655,-46.240735251416133
-0.041750438953028365,-0.12157848963171526,0.23108666346589529,1.9396340365707544e-05,13629.084654088236,-11712.693205894857,4.3607443248916864,-19.371857091930906
-0.011446347279120934,0.042301282415990071,0.2327330984494356,2.7629471540057583e-05,27297.402960251988,-7200.4498023796468,34.585753741595951,-52.438722582999716
-0.093937730850344417,-0.068030096966441189,0.22433584611883736,1.8083919058808573e-05,21082.412790556205,-9191.1477213496364,23.540373170281075,-49.320303552033437
0.013014327782320416,0.01411273074749273,0.23270161734939773,2.5865940722815615e-05,28739.118368435582,-6533.2631947697946,37.500340326050889,-53.508054055647342
0.025192454506957354,0.096894014201296827,0.23222450806964573,2.1442837765600913e-05,19732.077102269552,-10156.300736745536,19.595364481982653,-45.260771334085888
-0.0031699640307148625,-0.11641027066097709,0.23285579568902634,1.5951983961810265e-05,15405.845842570534,-11466.463043420868,7.9606361107333798,-27.457207798634105
-0.020923454878839131,0.12890046924723342,0.23245012299254567,3.1111606401069806e-06,12130.950427021953,-12078.24668082785,2.4053420450966105,-16.295796648272457
0.0080892994158311103,-0.057385141977257248,0.23280480049195765,2.4744998283268796e-05,25933.49909172325,-7806.2735198900846,32.177394688846618,-51.907640880154915
-0.018470739309902555,0.081474858347528809,0.23252923836809927,2.2408411457467815e-05,22615.596396450572,-9144.0662973423841,25.557575269850901,-49.113994847312107
-0.10536534357059119,0.041229264915640634,0.22264401057778493,2.5319728780423202e-05,22471.074665315096,-8648.7740535360408,25.492837397640752,-49.487713928524819
0.04640040907278975,-0.082941711130115919,0.23065489104553097,3.3752222796156732e-05,21711.066120697556,-9354.0773226970123,24.040014236964268,-48.687841680794278
-0.00075657154252574237,0.109610094654276,0.23289840668064016,1.607869234548435e-05,17111.066574098251,-11019.83560613774,11.898277372830623,-34.729103484496981
-0.076159359913723204,0.027382953392155247,0.22696784964238942,2.4616676767346499e-05,25743.23403722627,-7601.704294467364,32.116102317678497,-52.482585298724565
-0.0034420523226075484,0.11970230932637191,0.23285872268000724,2.0424972283677248e-05,14557.987050980064,-11662.787623855853,5.4129809280949566,-21.250797927367394
-0.05149077659046522,-0.12445303971492541,0.23021197828158635,1.4067094153095476e-05,12672.219619183952,-11814.420722684165,2.9134535185681383,-15.792886144230316
-0.050896093507340208,-0.095106905354015836,0.23024533445376985,1.9694376067132138e-05,19433.375105589377,-10105.816141028252,18.026670852919427,-42.786765659679787
0.013646886546570787,-0.047927756146524593,0.23268646254009553,2.3344525782042808e-05,26817.028395366171,-7411.0013322913337,33.261820280922137,-51.825252047584542
-0.011354126944469224,0.092855778857254101,0.23271473281570995,1.8989930184961294e-05,20715.576154695817,-9856.0943371136109,21.217294468471316,-45.86914643853337
-0.0068936207551197537,0.10364996011256207,0.23283025973832033,2.6147067751333534e-05,18483.854774900203,-10608.456517744818,15.849571913913193,-40.866106058456495
0.0066252990314236964,0.066418596963254667,0.23282216830955477,2.0377244148319988e-05,24877.644050989114,-8257.6922266411293,30.434442796405513,-51.786188537323874
0.1574184916102648,0.11762220327745854,0.20894188528387994,2.2622581794458043e-05,8319.7001486635345,-10833.575374807338,2.1076242022755087,-28.285719426274962
-0.14325246238866893,-0.12628023083111803,0.21195841894592365,1.396626312233927e-05,7869.1397752483917,-11062.893503025358,1.2208314729041021,-24.933071193666386
-0.036156966300008149,0.079603307404469401,0.23154471847417835,1.9177054661027687e-05,22540.310685214201,-9105.9134027418713,25.973623289951561,-49.930893136633905
-0.11880571008759991,0.081678865345950341,0.22063597659501932,1.6290693699144353e-05,17191.642554881557,-10074.416359203866,16.271901197618512,-43.036634356866301
0.055536402655826239,0.093335972616369084,0.22965203812680779,2.5410193864381558e-05,19603.369968544164,-10013.34924401319,19.120794070852224,-44.495856869962282
-0.10351082689609251,-0.070048235183211793,0.22291856811645899,1.9681318653180997e-05,20064.959864831537,-9424.6838480683746,20.021847465858173,-44.101611334003252
-0.016236814552441133,0.09903002834776041,0.23259740931730549,2.2586474472322526e-05,19439.170653201658,-10281.159435276149,17.950366110787943,-42.866786888157293
-0.046620607003192288,-0.12876619881590692,0.23045890362884125,7.286821570246863e-06,11758.16500848445,-11994.13767421804,2.2590965852445453,-16.298724927283104
-0.022495702640349169,-0.05432791340163682,0.232349412210727,2.3864250574508598e-05,26077.869716661877,-7717.1587370255265,31.674798169553366,-50.821022637496753
-0.18094667429923869,0.063804544107018413,0.20926521580272112,2.2475296502083205e-05,11032.921830357649,-10576.428074358953,4.6442590697905759,-35.259709285945853
0.18341656454706634,0.12987862668398192,0.19709018685495633,1.8522951025025851e-05,3733.2981895021908,-10195.944762771471,-3.3571540124057426,-26.23164758223615
0.12081537104650621,0.090857499007665862,0.2201699905490368,2.5286601442959636e-05,15775.925974156329,-10376.89573502245,13.362393788805203,-39.918905488670909
-0.071092930598579296,0.11849379594558644,0.22769432907140888,1.9196142601640251e-05,13503.138684070265,-11475.385245906416,5.4589439234759212,-23.962578070245968
0.038259153266747774,0.1060384829251019,0.23138900067072807,2.4324857818434117e-05,17513.151101777523,-10784.382978693404,13.540266027107057,-37.7434472430838
-0.087951906315406211,-0.062855766221419654,0.22522203564403626,2.2132489564404601e-05,22145.465474583903,-8877.9720958031976,24.561049649819541,-48.155478704283688
0.010342315143984433,-0.044530679353749991,0.23276964781949541,2.1992186580914011e-05,27145.61393099383,-7265.9348443390591,33.490815798309583,-51.064457182928457
-0.055820173117602526,0.078452481081284567,0.22968312953140069,2.8909949940401585e-05,22031.479027036257,-9174.7719020000532,24.741041171905565,-48.977837369038014
0.021614281803226734,0.046730616557141058,0.23238299597595879,2.1602655742595302e-05,26797.086710323154,-7405.0181660560811,33.502173871252332,-51.911203920592257
0.19182505109549183,-0.12654983144803925,0.19446870535188124,1.5760920243242094e-05,3350.5203478268318,-10029.062739674555,-3.739057366039082,-24.081342557817251
0.11228648029773265,-0.042933956283895625,0.2216193499258961,1.1807860137338008e-05,21662.387123918732,-8869.1303580361164,22.539208898420881,-45.565106819227196
0.066265553316731396,-0.081394528987479092,0.22837284053221976,1.5900086201075395e-05,21109.172679960677,-9419.9371207764016,23.10940289747548,-47.996996514759132
0.042607788504129371,-0.10673651022819736,0.23100962797794516,1.6845487158056061e-05,17229.700630048974,-10837.939849166729,13.79385207509363,-38.746366221260558
-0.0079228553364867286,0.12848522782355648,0.23257975298135009,3.0266193178209156e-06,12340.132464717388,-12076.630608716863,2.9893969466245944,-18.449695767287249
0.008020528192292483,-0.12842118982692993,0.23281045397579012,4.5548044142746921e-06,12348.651780711352,-12074.907856057556,2.430631622036858,-15.323288081833329
0.0089615713219928124,0.12902597498825133,0.23279391483855244,4.9403761879328809e-06,12184.632362811448,-12098.70451034373,2.2233786998238014,-14.146133948846551
0.090797725232984905,-0.090301073334485699,0.22480059793116924,1.4511937821411021e-05,18244.025698093075,-10089.487266310409,17.368304375435091,-43.47133468791727
-0.18476419186620191,0.11738536029107417,0.19952517097240194,4.0896606771527658e-05,5491.6844023970916,-10390.738867223492,-1.2437436623263245,-27.541977294588758
0.02518558098788844,0.12876890087881476,0.23222565967395686,2.2182071916595411e-06,12112.7083918396,-12064.799970737229,2.2655944079184476,-15.145298598547123
-0.025391088968511315,0.12864244806453193,0.23221483667103604,5.7197410390261275e-06,12152.221829575505,-12057.978715840754,2.7009309537897961,-17.236945496991748
0.026103382542848625,-0.12875041403200915,0.23217732398947422,7.2078104357902035e-06,12108.358704850916,-12062.177143229308,2.3620882492378188,-15.815252035405353
-0.076358250701123273,0.11947659806559686,0.22691687148606871,2.1898381340471573e-05,13062.793434559422,-11498.257495644651,4.6393454635433722,-22.119888833265591
0.031979988217956126,0.03363026517095706,0.23183345797526289,1.6242606956882145e-05,27499.196133573481,-7066.8930581357272,35.928732079597339,-54.108500524719823
-0.00048270922974290786,0.069257402573695087,0.23287526794139246,1.7583931640737461e-05,24508.977610315305,-8414.9542864231189,31.156948777148656,-53.55630792901335
-0.041197880238989064,0.12899529888219041,0.23113504976613417,4.017410964013374e-06,11797.109934106431,-12025.302014335384,2.3057232654160655,-15.746634660610082
0.043357535109354486,-0.1288504489204905,0.23075365390824928,4.4751199488753938e-06,11785.51392066094,-12013.325818389154,2.2327337202896533,-15.28737286615417
-0.041779220265252145,-0.12969694810097637,0.23103480799306103,3.2029450640312007e-06,11619.220745734478,-12046.828779837866,2.0339638133184459,-15.111494142022616
0.043357171681267022,0.12896786388513654,0.23094596556318045,6.6086346277360793e-06,11755.432116506654,-12017.07283697837,2.2442568505171621,-15.419294814676871
0.028729668000473406,-0.12565618247360802,0.23203901162275931,1.3304451979094325e-05,12841.922926277224,-11931.384392296657,2.7945778481519468,-14.545183736302461
0.038834741189293705,0.12855703642138921,0.23134198443689311,4.8948027284490434e-06,11954.761358844069,-12018.145511323866,2.5311785450157167,-17.043550530030203
-0.13355240784367972,0.044070637531272633,0.21847097126480139,2.0136899687472839e-05,19100.753958234574,-9499.7422164610198,18.395039950236889,-43.961510997290304
0.036922780551171729,0.098896535661817983,0.23146765116760037,4.2317236878439093e-05,19084.183169695632,-10312.425021235766,17.741756972602662,-43.438288297255134
-0.05984444795472426,0.12910918617802772,0.22903131305712596,1.8206256124914101e-06,11302.481796819491,-11945.186220704434,2.2816608003496355,-17.567436719239694
0.059684476372442785,-0.12883139576831487,0.22921109331714981,8.6295484685072476e-06,11383.43844037039,-11936.000084261565,2.0085617462953582,-15.851373317648228
-0.058956360167443808,-0.12911796145487714,0.22930003489193745,1.5593111105194375e-05,11328.92755856148,-11949.750425846045,1.9191180171083353,-13.791382104828969
0.058934106942374609,0.12907610155936639,0.22914219952785647,6.4463584636454294e-06,11339.11349843308,-11949.058695177264,1.9216643726729945,-15.385187535932085
0.17447687166387243,-0.10585033446977035,0.20545517273623171,2.6943837707110442e-05,8231.1628102785762,-10627.087126939365,1.9675555772378832,-31.29303040474376
-0.023557150665847123,-0.024107605444206349,0.2323114203635338,3.9283161704968294e-05,28200.288249674686,-6771.741403280439,37.736353114803201,-55.204636178111308
0.18479943579344799,-0.11399988369572983,0.20026632895842406,3.4271700645780696e-05,5929.6146222881653,-10429.879296501049,-0.795866578719582,-29.761187566488829
0.019606606159226735,0.094558069909653111,0.23244555598055777,2.7857133883644633e-05,20285.386155106073,-9988.7981571003729,20.590720067152368,-46.363544291826635
0.0049260827524724143,0.10018817514173071,0.23286483985480919,2.7675731600048424e-05,19262.825392525705,-10361.44333866626,16.667006852981789,-41.099488486929388
0.18310972481949175,-0.11922159723226988,0.19973214270516762,3.2953893561517613e-05,5439.5468655677705,-10402.697717829278,-1.1158392957392709,-26.759407530956029
-0.00024465925827518199,0.039679444973749887,0.23284309788579416,3.5419949272218354e-05,27540.950542950119,-7100.0315720265098,36.508542463047277,-54.895924154316404
0.055361788773266057,-0.12909345702157973,0.22957605394479028,7.3571417443519304e-06,11436.866143939116,-11968.045802293909,2.0436658148681781,-15.668748975412592
0.015117455511253984,0.037088216990588244,0.23258150352791307,3.935742547128558e-05,27640.548849887051,-7040.0559939112673,36.331674538799682,-54.465426853964075
0.033452669700050862,0.092808181564106404,0.231705588332483,3.6266002628193569e-05,20366.505787240214,-9905.3963465009747,20.700801306384275,-46.245518241414146
-0.010601126983872146,0.098839338946895783,0.23276509911773718,3.4118422305690649e-05,19518.227586069177,-10269.572056447507,18.190577215414521,-43.673411932366207
0.0034519202625591877,0.095597853371212307,0.23281941816602053,2.0817908298403718e-05,20223.500909964325,-10038.833370628518,19.335468050226588,-44.067814790925375
-0.015961531897365631,0.092230905657898779,0.2325957027072843,3.3585650989357524e-05,20787.720619502812,-9821.9575166554805,21.633797812909748,-46.773012066983711
0.012512694555888645,0.030675624288067166,0.23272128431253764,3.4652934027162403e-05,28049.701999406552,-6859.9910999974691,37.296876977078149,-54.903766896859679
-0.086336427957525649,-0.017664359309309735,0.22546120403104511,2.1633944369355137e-05,25328.642950552461,-7715.6816988228966,31.969285844310161,-53.608245884652689
0.089927710123849675,-0.082519622100505882,0.22492952178422118,2.6199835000104519e-05,19507.754801593241,-9721.8364465161303,20.461217187458306,-46.504086609447889
-0.0078027839036439719,-0.083095344699979229,0.23281106860372888,1.3945584199732255e-05,22471.52171608969,-9216.0261294103602,24.896695258586433,-48.216143402209305
0.081346116882601627,-0.11309866182536128,0.22617770146340108,2.2293144786288358e-05,14348.959120350944,-11181.825103042,8.5683606011461766,-31.249336324819559
0.051032609618361806,0.093124557802749572,0.23013857667779122,3.4310269721730094e-05,19800.713095128089,-9983.9850001451068,20.14413924398341,-46.141912249850307
-0.020112951120005249,-0.01801309791699961,0.23243583835119455,4.5826514599196668e-05,28489.189615384512,-6647.0540003213364,39.194917104664746,-56.503427770791816
-0.0041356377200512748,0.03426321319096079,0.23281609830717537,2.5186973358206151e-05,27913.409337887024,-6925.1814479476507,36.671915057079318,-54.110798348779653
-0.16064613691522778,0.056944735851624358,0.21409344144659898,2.0944066792775573e-05,14571.633837809668,-10297.492987938131,10.559253434338833,-38.593337488511992
-0.075507472332506945,-0.12925592799853763,0.2268562743518352,1.7917947980315535e-05,10761.068240062972,-11847.354889766506,2.1204252700445227,-15.530857704071831
0.074591394850707038,0.12924104804434744,0.22714598159485544,1.6854708947486997e-05,10792.618038401259,-11854.250045343333,2.1024957641263615,-15.341388759654908
-0.075721760535015475,0.12902786457222595,0.22677245769459006,5.3819444144023327e-06,10803.232515171268,-11841.729656684867,2.0380655947418749,-17.703020509061211
0.076362920433811626,-0.12944992211367287,0.22675496238340284,2.3020008924109876e-06,10678.011552356375,-11848.033935311552,1.845883995712285,-16.528965598155423
-0.033530480695565953,0.092363408233386887,0.23170247977802721,3.4997909703885474e-05,20440.091902494049,-9879.8306653634318,21.544374487280269,-47.567510688283605
0.053860351539046836,0.099146591661843461,0.22983977072498957,3.5519482947786962e-05,18522.807805123004,-10371.518426297418,16.974804620636245,-43.321226008026969
0.05971595963057591,-0.078236498845353525,0.22919132618196558,1.9317932769395938e-05,21904.271917140366,-9189.6889327242625,24.492636676003162,-48.58345394950824
-0.012081239206181076,-0.024536070371279139,0.23273908566691931,1.8998274978485088e-05,28358.029556171317,-6718.159314476331,37.705954011317068,-54.526992743835862
-0.044562376223898977,0.097982925306486945,0.23083927861640696,3.5605856951161151e-05,19068.171282685442,-10268.194645073083,18.078758434454173,-43.678201765304983
0.089613049686754861,0.050266300973001402,0.22497610664178264,3.0231772741302599e-05,23212.084641638332,-8488.9701405505075,27.617306806116154,-50.970269371089699
-0.017884835102326673,0.037375711402781953,0.23248745800950693,4.993132837377417e-05,27564.18776339235,-7073.6266703241845,36.747457049712196,-55.194408790108021
-0.16608173311905278,-0.10472099225545829,0.20826165918386247,3.5065817871433275e-05,9353.0040151647445,-10693.173724164733,3.7973418500000014,-33.151224011545708
0.16505068479124377,0.10338750313377409,0.20876481920858955,3.7524238017263771e-05,9632.1495979462015,-10694.660055726481,4.3768563919096195,-34.476336661517067
-0.062263150627275589,0.099332675038073845,0.22886445481014411,4.5049031157536304e-05,18151.624311566513,-10410.429324202572,16.748443609269785,-43.279033871291119
-0.02981547115604857,0.096878635837864102,0.23193957605043181,3.0648507486310098e-05,19661.917205374342,-10159.711272345599,18.808041229895668,-44.188401024814461
0.079175447866615012,0.12942274072314142,0.22642389405486046,9.1208823506904343e-06,10568.789765883466,-11828.849140465416,1.43007238311188,-14.716553383630055
-0.12146545826775926,-0.1099947566514749,0.21921353331898746,1.2171429583948755e-05,12615.562843259881,-10962.908211192427,7.294527147055514,-31.917717602079083
0.13850361985185958,0.051836541226466026,0.21773795408511665,1.829524417335062e-05,17936.32923884338,-9760.1778309633264,16.383560809166667,-42.945611237485565
0.10044872403942293,0.11718120743705585,0.22303634401830111,1.7732708900731725e-05,12451.882947151556,-11290.910404309501,6.0200653200981717,-27.974422832400094
-0.090817548431722933,0.12925625474971805,0.2243672613240455,1.3903068274426976e-05,10164.520049372575,-11721.836306862733,2.0333814818599607,-18.104504821867039
0.090870352014939496,-0.12927280255293386,0.22418064154369341,1.2182814126744579e-05,10160.417026250449,-11722.786413906844,1.8308160359769043,-17.923155690945869
-0.091194558505222276,-0.1291449641709938,0.22431105073910387,1.9797069566195835e-05,10176.416557103204,-11716.306831545191,2.0126773582222151,-17.764462771875724
0.090980971716257367,0.1294168149021265,0.22434030105983205,2.1827477853760128e-05,10122.713543376409,-11724.88024837505,1.7967566053180541,-17.242689866321449
-0.021000077969669718,0.031424823228745319,0.23237644557399448,4.1759235977518069e-05,27885.045057792409,-6920.468927749358,37.520816563047433,-55.514782103047281
-0.064149487000942723,0.093244019483724627,0.22860797612213005,4.0743321411365702e-05,19237.238257888119,-10058.715977477823,19.208286070711221,-45.5912753148042
-0.0323303431592801,0.11848621264118933,0.23178656412850876,2.659797262770279e-05,14612.520505128494,-11564.887749031361,6.1705070761026644,-24.20049961245406
0.1742488156860881,-0.1107283034758549,0.20466760776778889,3.5255811549772737e-05,7623.4550394888702,-10620.787552813888,1.2969789977815691,-30.827073711880939
-0.026599564409667705,-0.12609399626992687,0.23215119275224652,7.0082166318853315e-06,12769.487636400609,-11954.173849631221,2.6164436326635476,-14.566398551521457
-0.041719470651819884,0.11275480952396555,0.23108745249963994,2.4615422674174297e-05,15825.779328342445,-11220.343510153034,9.3144214112078725,-30.984492193076424
0.16509999755439661,-0.10604758992989398,0.20835784477762101,2.9756671977808027e-05,9277.7942673918587,-10706.661506124336,3.8563865777994426,-33.6922484719721
-0.022540213746747598,0.074033364402827276,0.23236497697584801,1.8213109583308888e-05,23673.687039944401,-8719.3574098880781,26.939858597247223,-48.881692826208912
-0.17388313554682738,-0.091916413753850748,0.20785854947115701,1.352461980078231e-05,9876.01307453548,-10614.458188866898,4.1427846766727852,-33.742084303650842
0.069594447075678967,0.098900068166813571,0.22787275458130687,3.3234009692435257e-05,17914.132818397688,-10408.86622317072,16.849652904042518,-43.74459309894646
0.045034629718770793,-0.077958149554096093,0.23078842457686563,1.4697995569756792e-05,22532.76168795125,-9057.6252966802367,25.413611400480843,-48.780808001897704
0.067691159395506906,0.093123205828737676,0.22813082213880032,4.0126574820754508e-05,19083.468532159179,-10076.480485317063,19.43882203130816,-46.68112319857147
-0.14491062566978116,0.12529118262046623,0.2115334985207247,1.9351948581708558e-05,7955.1262711503168,-11032.852047049797,1.3868743290885555,-24.730595988802683
-0.049689887043014351,0.095543897414287288,0.2303196168776879,2.9999718916738832e-05,19384.110381402348,-10130.114674845279,18.717824301748372,-44.222108952767911
0.00027506829700485696,0.034360474964765408,0.23285456558480538,2.1463693712704127e-05,27911.980728664286,-6928.1415105533679,36.289579529644087,-53.773788971353831
0.013513390933589262,0.12004702482559036,0.23268562024751593,2.4019976436728315e-05,14441.202531540821,-11674.529049132616,5.3769765585107798,-21.870041325549352
0.029323333510522145,0.12874636249907312,0.23200774644497998,1.3072486678295364e-06,12069.368457763516,-12053.109965692116,3.3303198001371173,-22.539867064050885
0.020276188260733529,-0.068902647114748694,0.23245120034872516,2.2653040305971568e-05,24416.200426226133,-8425.2291603156482,29.256980162869372,-50.920585654904691
0.094078572572931396,-0.12380952380952381,0.22394058199381084,4.0511610505367809e-05,11274.534152280776,-11553.70497354964,3.0194731966089581,-19.91337457722058
-0.062360689530827774,0.10493087716642294,0.22888020321884944,1.778539841914978e-05,16980.479950671994,-10745.751397865804,13.412624109601053,-38.481113078401975
0.1770705269140197,-0.060416722584351157,0.21048782562209833,2.0517265055570855e-05,11859.520502406176,-10539.601719496188,6.0711445988392301,-35.950592833803483
-0.072850847960538076,-0.01842870831596732,0.22745243116127611,1.9369620526690426e-05,26321.944696967483,-7382.6126528602126,33.262456387826369,-52.902103851018694
-0.029895521452941248,0.041587319888312213,0.23196119147285707,3.0647034488700307e-05,27019.587091644029,-7286.6583220996527,34.852067803851561,-53.755719702757574
0.015048038274785475,-0.086469872779983512,0.23264608391330455,1.6177305688091438e-05,21830.721402307256,-9447.4037401340865,22.744471968956173,-45.984303771443244
-0.044514510088395375,-0.0753611270165295,0.23084051384193818,1.4730222067974843e-05,22916.313620648973,-8917.0774493021454,26.889606645363923,-50.244884764127995
-0.093636376367438837,0.12345642787252445,0.22403016641939738,4.1953519279742175e-05,11373.915578919632,-11545.588320961651,3.197846065014728,-20.271647293056848
0.033117292290356391,-0.12561027094895247,0.23177300446993485,1.1668939474787794e-05,12783.873559048023,-11919.626145709879,2.4783830153444861,-13.550911264450457
-0.0067321827648558312,0.081542385055434138,0.23282914317179765,3.7169454717521079e-05,22709.934389529204,-9130.6765821496992,26.021764746941408,-50.283499893203931
-0.0022534846943160184,0.087083772285129632,0.23287251348407584,2.7927736374223139e-05,21803.115173576294,-9474.6554553060323,23.80964919234626,-48.442582873647538
0.010711354806712313,-0.086285164631033959,0.23276100801410837,3.4401107657995994e-05,21892.236939925577,-9433.8307440379194,24.526774132340865,-49.314767854078106
-0.02048341324304569,0.087164652085867572,0.2324427906054039,3.085120597497411e-05,21644.287780349412,-9502.1039410230496,23.274048927551149,-47.954432081506162
-0.0055464560924863345,-0.087107868129626675,0.23284877168955964,2.271677642003545e-05,21797.411354018102,-9473.6436565801014,23.067479679530564,-46.923584063908372
-0.0032744954633817389,-0.081643387608993728,0.23285753164538581,3.3184117347066241e-05,22724.377586343351,-9125.4944384953742,25.284220624113168,-48.993278980862414
0.012784086749010184,-0.12164773925391066,0.23270147234685504,1.4268163927207057e-05,14047.145630107192,-11757.616554280903,4.4057237997153189,-18.821025746402089
-0.012405546930021069,0.12255877722772551,0.23272570890460137,1.7748545727263428e-05,13803.670394183308,-11808.947492454501,4.0268202397387949,-18.000432823500216
0.014926494353608766,-0.080757587358633059,0.23265065032091886,4.7689263612668814e-05,22756.094959807044,-9101.3210392653018,26.698534596635007,-51.012546849168885
-0.030521620143855056,0.12285638597769521,0.23192160032036266,1.2125701361083162e-05,13527.925012417818,-11797.722200526596,3.8790522860385792,-17.497758536260768
-0.010254167829037755,0.024660603117586156,0.23277119703705304,3.4353192591595383e-05,28385.734186917431,-6704.1195434415231,37.376751022577011,-54.17189163693741
-0.0037969947038386715,0.060792673860780209,0.23285108743421734,3.0271632259705486e-05,25566.613875518655,-7969.7916476839373,31.836257689623277,-52.606834178315609
-0.01438039190605326,0.070198584020903065,0.23265787641097219,3.6818366257729588e-05,24314.007176595002,-8481.1901089382663,29.682472573387674,-51.979670494991723
0.0068141225197566766,0.074436075523815814,0.23283165694550811,1.8421302877477796e-05,23813.467323630583,-8691.464747474698,27.295505350120099,-49.44672130521969
0.0043579287733800792,0.12415259692671611,0.23287482534467227,1.5387348462121412e-05,13427.792335577718,-11892.977242621377,3.1302811847537475,-15.351149558466961
-0.015465766960841742,0.11829256962827285,0.23261540564234878,2.9452993933494484e-05,14867.878700588961,-11575.033217206073,6.5641155261481066,-24.791116023753354
0.014691125565277543,-0.11775581421299466,0.23263896522949415,2.1185320824597047e-05,15027.444873396533,-11538.660909769113,6.7647992077937973,-25.153562785997551
-0.006722654753377205,0.054519106609959095,0.23283326452107317,4.3161761652790651e-05,26214.414336957791,-7691.5318845380443,33.920162856194914,-54.222512578928587
0.017331774797070997,-0.073784440912963906,0.23256437942528796,3.6931251859154052e-05,23785.141328286281,-8691.0964595534188,28.213476586413915,-51.242258257905306
-0.025675738292258575,0.10517809984064204,0.23219984571811547,2.904076439383815e-05,17971.979064128554,-10711.716319431716,14.646607807279088,-39.381116442644853
0.02544957271532174,-0.1052851164403816,0.23221172829435238,3.3231925515020858e-05,17930.660009918367,-10728.43465412642,14.399435900397716,-39.175287136025268
6.5312441690914408e-05,-0.012380952380952378,0.2328764008599874,3.9292008269666713e-05,28837.777204534086,-6500.8149237598409,38.829517284406002,-55.499645536710069
0.038813133599168763,-0.12881610791295411,0.23134387656404026,3.1721612001138698e-06,11894.34674481933,-12026.77696223728,2.4259303402948325,-16.474652564698641
-0.046587785214213757,0.12453648837323733,0.23066306813999415,5.3869360841965922e-06,12790.419758865855,-11831.718232695466,2.7530152988396432,-14.922894574587994
0.047338005417489747,-0.12375348959871751,0.23058458078058222,1.0092023222332561e-05,12956.92896019611,-11797.753213452957,2.9846604152211063,-15.437478984875437
-0.086302910935538144,0.11182573490173484,0.22543295838330207,3.7514655333207818e-05,14376.743045702564,-11115.641796765975,9.1262104281502179,-33.044675792290839
0.085664481117198849,-0.11221573245016506,0.22552747558119296,3.6759171342114391e-05,14328.489406703187,-11135.153822185906,8.6286401263089161,-32.102335034336733
-0.078948588712103474,0.12380952380952381,0.22648949800656992,1.2579243579714464e-05,11928.841075761775,-11654.182976052483,3.1016658546180489,-17.867438190802119
0.079682814657081324,-0.12385038371720287,0.22637650556879621,1.2432714616841021e-05,11889.516711305474,-11651.363480391941,3.1125070657989502,-17.805207332328344
-0.0023751158071768684,-0.058073514914919827,0.23286604476030009,2.6487108513059428e-05,25867.755823198306,-7841.7122700553555,32.721043768720655,-53.100253668189005
0.0022605400448347896,-0.049772281294928916,0.23287477034559648,4.1765936387128681e-05,26702.960613261439,-7476.7231784032556,34.359416803441455,-53.642411352093788
0.026836470304819442,-0.086715303155132706,0.23213871618959717,3.3720532065841976e-05,21600.454806939368,-9498.1026752744692,23.389783956477846,-48.138774843463175
0.039448827923315985,-0.11016301155428369,0.23128429156369984,3.2803166210653419e-05,16519.620658855605,-11055.79017161841,10.988281922709794,-34.187329144434493
-0.023743912322354833,0.080155537331562804,0.23230158462894215,4.0958604900880399e-05,22732.807701822872,-9084.6428743946235,26.442171793229637,-50.529028308141683
-0.083713226842641555,0.11647281414559481,0.22579771564289916,2.8865922577120025e-05,13450.63775382068,-11336.930939703258,6.3635384446159486,-27.231310017778597
0.08227379364076623,-0.11824003280413801,0.22600749841698609,4.1360084495935995e-05,13107.320311337628,-11418.311879015442,5.5631399077714496,-25.10965073044845
-0.010907705409725462,0.048532142843452176,0.23275212826909961,4.8690354876366706e-05,26756.814917416203,-7448.08812038005,34.957437127874243,-54.415178548682668
-0.027559147678091565,0.073514230369409503,0.23209717757536968,4.4086446059598117e-05,23641.25940081615,-8718.0860785135519,28.127858322224586,-51.380809286640947
0.025001769822291086,-0.067765758752724586,0.23223534002201976,3.6723894819960696e-05,24476.050148040242,-8387.681438007603,29.714746500685369,-51.686271360881435
0.06386745608095841,-0.12326382233750831,0.22868532087334315,2.5004652082264887e-05,12606.846702805711,-11712.764916914321,3.380201585727908,-17.841310910488769
-0.063129312254042169,0.12246298169068656,0.228777820926476,1.2407834589235505e-05,12826.740806355017,-11682.204529033907,3.6671686489529192,-18.272301951260015
0.0091753163701732282,0.10446360526761278,0.2327901582002283,3.8848319754603835e-05,18287.631592394686,-10667.080906681822,15.455380648423501,-40.958989288981329
-0.0091012611061370915,-0.10605719673143534,0.23279145974543533,3.8530313561714115e-05,17934.794055649229,-10772.479455096649,14.520629942788171,-39.148487412306515
0.016059978578272339,0.088364401173631243,0.2325930345478914,5.1593068920648328e-05,21470.459526751802,-9581.2771713785078,23.718042747961558,-49.336542462805625
-0.0057585589142662066,-0.061279947138346801,0.23284083192327773,3.1296505532265443e-05,25512.261974682868,-7989.8337980953438,30.8291482224944,-50.917878742415354
0.073922525764148858,-0.10520086043722209,0.22729891413660089,2.7327320365733329e-05,16429.478927737917,-10774.015888019667,12.935366539331358,-38.740376966128331
0.0053450181092192456,-0.043838000668552549,0.23284545655998359,3.3911493069548557e-05,27203.467923481723,-7252.1103429695086,35.703767541721767,-54.423881320918312
-0.053379626085781992,0.11092505272295773,0.22995659914021918,2.9356115343979703e-05,15952.859647024179,-11098.56466726283,10.856685958705647,-34.625495739496202
-0.016936572967849898,0.06297705773677495,0.23256300743938599,5.0078832981576203e-05,25194.339086320197,-8111.9980683427466,31.499900970316993,-52.822367719594411
-0.014065189402442396,-0.11136191960603646,0.23268300151825966,3.4180638190902612e-05,16629.012767309901,-11137.46852399518,11.208448892150033,-34.351160739260912
0.03002263419221619,-0.082080148163546404,0.23193948568751346,3.2119020029439867e-05,22314.078784577698,-9218.458256602953,25.073154649350609,-49.336757843679322
0.031775778818237663,0.013524265375223903,0.23183180961526029,3.0754932425529803e-05,28381.058691630355,-6660.9992050856008,37.366428975689153,-54.214325341603598
0.041738426515862889,-0.086818031371109494,0.23108771536748787,3.4203689291432679e-05,21210.93310841293,-9563.1332014343752,23.528067206534669,-49.054074400149858
-0.04978020145935514,0.11620468142403977,0.23032740726082288,2.2204189344474815e-05,14780.000523154753,-11410.65208180722,7.2459697185408416,-27.197102611448624
0.050951328834486893,-0.11752572698695886,0.23020335625163124,1.1126697522599032e-05,14426.219697995219,-11478.746353955758,6.1664289593262547,-23.897538279800443
-0.036126368966941692,0.085434854073306518,0.23153641723993337,3.9463280093345251e-05,21608.396901985714,-9452.45530671304,23.528239558206199,-48.379338800390904
0.060303605133795499,-0.086287783800583009,0.22913477045450642,3.4713141236525626e-05,20621.763983206558,-9635.7926498228844,21.968400235970915,-47.360755657489712
-0.016364135919619324,-0.11748553482142463,0.23259574371604666,1.8602602228230604e-05,15078.904184424127,-11523.454029732959,6.8619335022521213,-25.499046517261732
-0.041672853898532994,0.10183955215129034,0.23109345741130868,2.1581075271037154e-05,18345.265300352479,-10516.625915412535,15.426722662022323,-40.610105599617803
-0.016135143055689,0.043532089793733575,0.23260797629966182,3.5830113643005143e-05,27131.185425016465,-7272.3947612593238,34.962715789464582,-53.674153484620803
0.019793521001375637,-0.048679696497077506,0.23246950793334309,4.5403455149129837e-05,26643.488116981167,-7479.6373706053027,34.344339525480898,-53.644331399598187
-0.14502940902921838,0.091362673371299455,0.21537027797197908,4.1252257685444242e-05,13341.154265509467,-10559.321247095557,9.6516909326031186,-38.253850369859236
-0.032024133649363858,0.067852010620468917,0.23182493431512216,3.3211073616903607e-05,24314.012905104337,-8426.3565103772398,28.756866976685018,-50.408687139435777
-0.057888063522987393,0.10476462865838065,0.22943011073327804,3.5940441786871115e-05,17191.992390121486,-10730.696089935542,13.507710469077109,-39.049540325105475
0.049299330473538037,-0.07741688457135136,0.23035026589940064,3.2264783176819175e-05,22462.18794215794,-9058.308232960102,25.147061590541938,-48.805046633027082
0.028654129800283361,-0.061268631194380578,0.23203298997032218,3.8780285056287004e-05,25172.014082448597,-8090.9092526743889,31.571492872807777,-53.158326406470955
0.0074056220783944079,0.049937609566340191,0.23282126114953705,3.0962997974570813e-05,26672.773895272312,-7485.2879190183494,34.172563207006043,-53.453843204160705
-0.023974775191958588,0.053919732241047943,0.23228942632003144,3.908574473014166e-05,26065.33566067195,-7723.1399129747988,32.900548395513503,-52.869335562479556
-0.045999780303081113,0.067182789047013511,0.23070366898195571,2.387778770027186e-05,23954.621807830339,-8505.0463041714156,28.7170002565509,-51.032961739317834
-0.038950429349520949,0.057429984004951008,0.23131531107878064,4.5493420489038601e-05,25321.973168281329,-7983.107498266022,31.597550411806616,-52.474354380147616
0.042560540954401337,-0.062556090652651733,0.23101572469022025,4.6502182294743058e-05,24625.597256918827,-8255.7178048879141,30.299750914612794,-52.140605913940355
-0.045909944343149989,0.073548407197350521,0.23071297019191558,4.0418498288504701e-05,23119.224268869741,-8832.9955885784057,27.052508129811507,-50.606755759539816
0.038316922354840272,-0.066629149646459954,0.23138314090773962,2.8807730636317666e-05,24271.950170345117,-8420.302610861263,30.109996706345569,-52.741169947284462
-0.10491487924629027,0.12966200476554363,0.22148043218945612,2.3486529513183692e-05,9435.2412150955533,-11589.102716222105,1.6798686738111612,-19.092930227210005
0.10566199638326824,-0.13,0.22129467699481661,2.2116180298720144e-05,9319.9876544833169,-11586.737066976762,1.5843312564449903,-18.562477128672938
-0.10556604141742643,-0.13,0.22131602719178625,2.4447904573672895e-05,9326.0335626175511,-11587.654843218912,1.6231693775999765,-18.450797254154949
0.10548558843210354,0.12985735837789611,0.22130153980536788,1.6584179463779262e-05,9363.7103109630661,-11586.228922546527,1.5495100132763371,-19.012488106538534
-0.033983366369208012,0.062676114986165127,0.23167724026870978,3.7603511528033397e-05,24886.49716699346,-8185.6980214656487,30.649517261637545,-52.01737959647221
-0.019835051372915836,-0.081340132600189144,0.23247058014162716,3.4449871146044978e-05,22629.010663478028,-9132.3028981110638,25.689933636820395,-49.228730793944074
0.030961915735218195,-0.055545350559477312,0.23189855226707889,3.6794560591229552e-05,25747.048726570007,-7837.3486382231586,31.955220319255194,-52.210301883154202
-0.01273384368761276,0.019045627896074339,0.23272761593217536,4.7320234028887667e-05,28569.495897856767,-6618.9977880403676,38.661565213600795,-55.609270642324518
0.0039389746280800182,0.018630569735783895,0.23287819425688527,4.7998405201590472e-05,28640.238795274061,-6596.2473457366177,38.887084321180325,-55.961528610579755
-0.0036029910072232982,-0.017747892973993092,0.23286741008397566,4.6905735224027051e-05,28683.943787056935,-6571.4093542861874,38.621444603320704,-55.303207000225456
0.012605590944915894,-0.017129945806576157,0.23271717531979297,4.2874541943946916e-05,28636.397232761159,-6588.3022131066637,38.626851936760289,-55.565858420173164
0.020893041009657654,-0.042287170732832752,0.23243844105999642,3.5293661605715745e-05,27147.182356555251,-7256.5479444442981,35.799524763207842,-54.732144639861161
0.0099838971646223282,0.055611127429138901,0.23277594713135688,3.1492566908358869e-05,26089.709323924471,-7740.1573880094384,33.384138740391457,-53.68158565620422
-0.027563488041398163,0.047948875491595822,0.23209507873053087,4.6715235230491792e-05,26547.055985285031,-7503.4682836999682,34.306052399405836,-53.906564880769373
-0.16451123471940232,0.10421284887892966,0.20883229128113198,3.7715693056990853e-05,9586.3747362720951,-10701.952027748704,4.2147182547737732,-33.940278040826115
-0.02397393643058434,-0.086194382737843217,0.23228947049309359,3.434518257964352e-05,21751.613395978446,-9451.737143121838,23.556562633080379,-48.036120403262643
0.01458307941921117,0.061294223891596764,0.23266055893664725,3.4913999223956706e-05,25429.517946916607,-8015.4124504652427,32.001004805014105,-53.115540907675616
0.025154360047365716,0.10497534233470991,0.23222713026966352,2.9589807141045102e-05,18019.528279314927,-10699.937990207603,14.917912953752651,-39.570526223266945
0.019981679164400509,0.06817975959000884,0.23246556767435869,4.2843027271066227e-05,24513.90168006808,-8386.2501752285134,29.64191592202905,-51.640859745421089
0.094655191236173275,-0.037626295353955813,0.2242296275227266,1.5843609744820102e-05,23704.573000401651,-8279.8139689783438,28.773943545763121,-51.974398971826261
0.0010720241285559645,-0.096186670037848865,0.23289606063508983,1.3373048332990744e-05,20094.738295706673,-10082.865305812789,19.942375276712699,-45.01099233495308
-0.034983097163608437,-0.048008742691190029,0.2316147048405473,2.9318544764236318e-05,26384.09443140935,-7542.3517774633947,31.974723618253012,-50.606601820155831
0.030901578881759241,0.11307594815731811,0.2318865209817686,3.242080175040129e-05,15978.775215631205,-11245.67703348989,9.7727730731588824,-31.968374033955158
-0.15488397759625319,0.098662475123183158,0.21224507359810674,3.9204139757014229e-05,11355.461581706591,-10689.185957108486,6.8630023289881432,-36.765213785362164
0.021088042832080954,0.074491681301894833,0.23242204879731762,2.7710058756101422e-05,23618.453000519912,-8749.9545083727571,28.608505364959932,-52.405632917936842
0.037653820256405172,0.12348366902408288,0.23143119474042437,1.1621170888821614e-05,13232.44085291288,-11814.244770503768,3.3423750039261475,-16.211577308690529
-0.012316104229540192,-0.045329713019811806,0.23271202941120026,3.0055380918885609e-05,27031.766859337844,-7321.8703003742557,34.997571067627121,-53.696848749176404
-0.0068360596567464682,-0.024031025616915822,0.23283127139323337,4.0100898136277703e-05,28418.177782461597,-6696.9469067197315,38.470307914322539,-55.611334454595898
0.008499078211880718,0.025325370340177289,0.2328020433044837,5.0625253287963043e-05,28345.665604419257,-6731.205843357563,38.467085391523369,-55.913177067788467
0.16241838500937003,0.038488064524872849,0.21416551756674768,1.2784772295933695e-05,15314.022089209662,-10197.039901566641,10.975926278391658,-38.101994036299971
-0.025653624989366321,0.098117596320889816,0.23217988423477443,1.3332368320120091e-05,19489.410035583132,-10234.473338732079,18.186199268406742,-43.177876154872038
-0.060024609610089166,0.074954774447074865,0.22916954502364092,3.9845433772837144e-05,22338.048983061541,-9033.3502484738656,25.893967683902957,-50.306377208973885
-0.014240669259591981,-0.050314267710987258,0.23267421194569629,3.7772999501317598e-05,26579.573948650519,-7517.2290826837552,33.779399256523206,-52.884419640413348
0.030785443030465383,0.08696858094165999,0.23190322751031819,4.0433035718354771e-05,21481.410372474595,-9522.3529355412775,23.686407328087654,-48.536504374651578
0.080654949581302676,-0.061003639412576985,0.22630233570726868,1.6778016024790403e-05,22884.429018916257,-8667.6676803864411,26.383869483458259,-49.230803482807936
-0.1523006808083765,0.019321669442722206,0.21569532640252592,1.4322620732405492e-05,17543.665204378878,-9815.3861374169628,15.350433419032381,-43.060761986155903
0.057588358617163854,0.11500187092845167,0.22946714037779045,2.0492719156316447e-05,14846.485708967994,-11327.943665749803,7.5129288839152384,-28.03523752248724
-0.050667811115686488,-0.11771383757082832,0.23031250597870409,3.5412624320644403e-05,14372.052091274571,-11493.791116696118,6.4478632014141173,-25.193726512169853
-0.017216144046248893,-0.054973820941635686,0.23256024055324034,4.0179222446135211e-05,26091.552644707172,-7725.2367880780193,32.584722613104553,-52.426509317860479
0.020312904884524495,0.050698812624907358,0.23246340967597173,1.4375568107409755e-05,26459.084870775336,-7557.5698507265533,32.48833177990894,-51.146309357788624
0.042597061897532373,0.1036313055381194,0.23101194794826185,3.8477216260841975e-05,17933.532455464861,-10634.037153618281,14.88572627708186,-40.404375628216052
0.052528315039138851,0.12440718587584407,0.23005090627054792,8.6380228423258406e-06,12660.014546110557,-11807.230408477772,2.8815340972840477,-15.450270729912994
0.046692509698892166,0.11058606507708842,0.23065389765687755,2.8852757776256583e-05,16237.33099924719,-11078.957072053781,10.906527451275858,-34.496933113405149
-0.048016310377651875,-0.11152711304879755,0.23051106621070411,3.4502400690238878e-05,15959.036083444076,-11142.610097599054,9.9979132421386527,-32.949860974485063
0.061479421557336433,-0.031521662857464064,0.22899183538784426,3.2655574376428796e-05,26431.88873277144,-7400.8614760570063,33.50416611186575,-53.068023662859574
-0.059422124433162235,0.12388514275328148,0.22924314039214691,1.1380539343260128e-05,12591.654420104314,-11758.608107845163,2.9979632245459946,-16.365373380901499
-0.11233887182200011,0.07695036772058908,0.22161159346398446,2.121388405656318e-05,18414.030587771354,-9821.5099666078604,18.085179746136678,-44.363030602664146
0.054283185054833094,-0.065836984570240453,0.22984029886211368,3.0426803850507866e-05,23776.931334892637,-8529.9566014240918,28.659853384976298,-51.970027932774471
0.022880652835857808,0.091857051209150511,0.23231370466600948,2.2477045549551993e-05,20759.218180555024,-9811.0655256644895,21.273203096997719,-45.810800672699713
-0.0020193131573593343,-0.12022781925859835,0.23284271922384323,2.2974171346618267e-05,14433.161856641003,-11690.549368586286,5.0022250232913823,-20.365813068560762
0.017755920360887727,0.042525362211391651,0.23254730220173295,3.3289509551743233e-05,27181.734886534527,-7248.8534978682146,35.831268578673978,-54.973442061187733
-0.021172166718797601,0.10522602432164851,0.23243549264804803,1.8252495420925334e-05,18010.817063253809,-10720.839015169839,13.982329275113994,-38.163998052513563
-0.16744703172016503,-0.063148520626363988,0.21242575519736376,1.8993023934198088e-05,13181.038988721219,-10442.986748484844,8.4850039671779349,-37.370361991534672
0.025030090334422314,0.049379011222543345,0.23223384853256721,2.5127340045199815e-05,26484.859383935076,-7537.4474299706562,32.853342378225925,-52.143594942953236
-0.13203218727555668,0.084999171354401007,0.21838960780929609,2.7124138660057628e-05,15474.768285691123,-10325.775324864671,12.932012862330176,-40.269940299994552
-0.050712143172944514,0.062573305510067442,0.23018434559565751,4.1296941288787603e-05,24336.906228000855,-8325.0434653969023,29.050128680728736,-50.926960135913696
0.026902667533758536,0.05597789182978085,0.23213522993665467,4.4938095522482572e-05,25782.028387970626,-7838.2034361927263,33.150269026831914,-53.954892537847932
0.031177668267729833,0.061516341141140338,0.23188983235774296,4.3203415809393508e-05,25074.698627371479,-8122.7509192988509,31.49402654718136,-53.094636322465291
0.026064403104082992,0.072651575629054721,0.23217937682741427,2.5590460493513032e-05,23801.620309782989,-8656.917864416162,27.933692999081295,-50.207612471568439
0.039388081859208557,0.074190183495243006,0.23128843551072159,3.4411022866395375e-05,23260.172307162349,-8811.7458538013379,26.71756259687308,-49.575328087094995
0.09031422113714295,-0.024050628077507085,0.22487229959046071,1.4596125639849612e-05,24776.225375598922,-7906.066129581136,30.591982603025986,-52.525262472220717
-0.011286297801237168,-0.12127111750943838,0.23275120918776057,1.102764377548339e-05,14136.586431780333,-11742.896414262101,4.2075796054383297,-17.847427845083249
0.047886443589525145,0.087670549620057825,0.23052653506395263,3.5869334945203556e-05,20863.256940779633,-9648.8341796081968,22.33501216396979,-47.941405166870553
-0.1617424154715047,-0.066588604478633046,0.21343133738316733,1.5554250538972944e-05,13742.984476334212,-10395.814214382057,9.6371892897150282,-37.797152130278256
0.02358210564114294,-0.11277961406731611,0.23230917221712949,1.8791836022377459e-05,16162.850681025047,-11232.082043491466,9.4019346411088964,-30.579779844465858
0.058407529947011295,0.10484442320802528,0.22936668054742154,3.4109266215162973e-05,17164.416007606302,-10732.20899338542,13.348837408819316,-38.64088319418574
-0.060361853948791282,-0.10551976835520105,0.22912834961778888,3.1498666365928707e-05,16925.27676030144,-10780.367866819457,13.568010075342608,-39.315196116583024
0.062043065819035986,0.11146557818371265,0.22892298455344259,2.5724172709666728e-05,15539.461140657872,-11121.694288653835,9.9662834466020609,-33.239196686935273
-0.061890057108092804,-0.11093408943253939,0.22894167502566948,3.231165713122599e-05,15656.564083601332,-11096.082846669338,10.226472322439825,-33.575377882264391
-0.072490683223730479,-0.1241661225330393,0.22750151347952219,3.054071433230294e-05,12075.303624300677,-11707.650591291516,2.9447472747853163,-17.301809880804633
0.071187900593660342,0.12353050892341198,0.22770377817899556,3.1325405341045792e-05,12278.028013909292,-11689.924382444337,3.1749485782985296,-17.803761782604717
0.06928931591366394,-0.07557773308689672,0.22793319229520254,1.2925834295759699e-05,21793.471938315342,-9154.5281185741187,25.073086109509809,-49.992883047895269
0.046091199263607212,-0.056022752651748733,0.23066551717488087,4.7220747103600148e-05,25195.654858128324,-8007.3990417966352,32.2082599863204,-54.021787907449784
0.11069030919118529,0.10859771497457651,0.22146189975488748,1.8141059420640982e-05,13602.587787115603,-10945.739870542975,9.2543048608578946,-34.758838073765673
-0.088379186583308206,0.10563674252080651,0.22514349405295886,4.310047003340085e-05,15569.564925964245,-10823.210930202586,11.8976611987787,-38.161278978327239
0.088922443085984876,-0.10571807673966258,0.22506157647433092,4.0985428539866883e-05,15529.052921983923,-10825.119572386728,11.73554896729099,-37.622937709106807
0.10862264245120992,-0.12380952380952381,0.22104288118351484,4.1890692351098829e-05,10551.070531939667,-11432.748676232372,2.9675819017407066,-21.759542333266779
-0.10850698487659513,0.12380952380952381,0.22106780711839535,4.196743974914402e-05,10556.297431451945,-11434.004628639103,2.9799597213538407,-22.019084570976752
0.028777610007788671,0.037310845240785019,0.23199351709213795,3.7004494899531614e-05,27348.775339249125,-7144.1023285502279,36.061141044935717,-54.672565972945584
0.082669562783562522,0.098992783558557118,0.22600407619318683,2.8264864972634319e-05,17227.574891454235,-10462.131314402497,15.238825602946427,-41.835479518579724
0.10878509250597962,-0.059585810160777415,0.2221377234877337,3.0001175144312251e-05,20653.679402905942,-9206.6662393408587,22.629818731817174,-48.037930010532484
0.059455185879173561,-0.043501412191340669,0.22923125293839308,1.2369460679819531e-05,25751.822559891873,-7694.9932743905156,31.570983631911883,-51.247544049163466
-0.057658473597708995,-0.086097030035330563,0.22945857562295724,3.162604196109863e-05,20745.297865801283,-9617.6314905006948,22.870848828588155,-48.766119600333163
-0.052436949036302555,-0.081821724561029666,0.23005021110393128,4.8624902361891325e-05,21647.307097423425,-9341.4470204505142,24.194653268505721,-49.368338241885589
-0.076298730605101089,0.091440459747340927,0.22694726534121468,2.0245354331872268e-05,18953.673918336819,-10030.352889817834,18.38891898373209,-44.227766059026635
-0.070974460840611334,-0.11583845881526432,0.2277179498503516,2.5048475088572661e-05,14152.553723794481,-11344.964875590949,7.0443431478987675,-27.504839696351066
0.082117290234095433,0.092743852894315082,0.22608583905568572,4.0033369668226369e-05,18390.539417693024,-10138.319251414598,18.169984710939993,-45.042786510234286
0.048511907441664101,0.027862474508621105,0.23047421208057617,1.8900130096542428e-05,27265.988448894212,-7100.699232271023,33.74718039550639,-51.379177821701475
-0.039304940244429237,-0.061904761904761907,0.23130081018323329,4.7351517038051006e-05,24795.233832602455,-8205.2138603153999,31.22981742433036,-53.110883742290653
0.0017032304234971415,0.091048626314052153,0.23284931704088283,3.4378066025344414e-05,21096.904803782785,-9731.5431778502625,21.994978153989837,-46.916742493921788
-0.034292347086870754,-0.054061578945738001,0.23166340055968015,5.5193368937656763e-05,25799.180214056727,-7805.2307640883901,32.774045642752704,-53.609989272172371
0.0066089484264844345,-0.027527860346643049,0.23283526294652884,3.3402800124159212e-05,28294.49465319029,-6745.4933117561459,36.071541329878322,-52.481323579220302
-0.0068785885363465442,0.029049251217371751,0.23283052393442508,3.6056709247186414e-05,28200.401725507298,-6792.0393959147268,36.871802774393053,-53.930517263751454
0.0081751369854263616,-0.091065511197233232,0.23280773667626678,2.6275037057161971e-05,21062.156606485489,-9740.1338035021035,22.09994959597163,-46.932312235042225
0.0013249108265061095,-0.076449871712452627,0.23285262959501898,3.3429809881926945e-05,23527.540883207039,-8810.1573876231032,27.552473373262483,-50.507383548740663
-0.11944171848936591,-0.12944327397766789,0.21808536693391006,2.0748634777493524e-05,8723.3880210735351,-11415.026784847822,1.5619430316890817,-22.782289713282186
-0.12001000424776255,0.13,0.21788283852584683,2.1972316199970476e-05,8562.3066680874763,-11413.794540436273,1.3065211305613567,-20.705552386481951
0.11977319957539077,-0.12966151923413544,0.21797251138151214,2.1801341057741229e-05,8654.4921289166377,-11412.508521670177,1.5213573193524181,-22.085143317685283
0.0042194134208986007,-0.069926851379517471,0.23284673481030016,3.4737061349932238e-05,24437.672674704776,-8441.3403156307959,29.584876072048022,-51.544337165536433
-0.010100949330028317,0.075625337056377501,0.23277388990170769,3.2513578663371776e-05,23601.215688545715,-8775.1101830227235,27.559334772790571,-50.32368503326154
0.0045033759705544289,0.070540055443130051,0.23283757632214708,2.4667311405362627e-05,24358.825908641236,-8472.6434354123357,29.079893702560536,-50.967526750058404
0.030693527466974162,-0.12864044060502641,0.23193558567950603,6.5915073997664155e-06,12068.424147694437,-12047.138117672299,2.2451012894355169,-15.356312330498277
0.0014694135914695098,0.064974963120867701,0.23284487048023833,3.2810901724577947e-05,25075.278461023812,-8178.1966018844805,31.049461142171758,-52.477184684581353
0.0096308549972697211,0.077955298170444207,0.23278215196158439,2.5610525516394663e-05,23277.497430886709,-8901.5775790484986,26.314417253670619,-49.007494111953733
0.16154449310263053,0.057021762939544925,0.21393897829494962,3.4473981585452582e-05,14442.434960654526,-10313.142291963011,10.173418839908416,-38.155667258309641
0.001605405022925695,0.11972431490209058,0.23284941279446256,2.8648483875127609e-05,14565.842927445929,-11661.332245007501,5.495594464718887,-21.730278938234736
0.0020835813199993605,-0.11447029196405863,0.23283947250168888,3.5076622393803123e-05,15908.576679147152,-11344.093052461838,8.6782251344951487,-29.46371946818309
-0.0026392326387756166,0.11431882481406622,0.23284130415168816,3.1269818676179157e-05,15939.15118787336,-11336.193687931172,8.7862159286258983,-29.601656350832709
0.0083616722793751277,-0.065857196883301189,0.23280445825816992,3.0509890414660683e-05,24940.45945202393,-8229.7123472299245,30.607482771393716,-51.897674291748643
0.006217898290864065,-0.1083530862044388,0.23284213577908636,3.8144196631717533e-05,17398.301156534377,-10935.379600703511,13.056326639462402,-37.378251482593157
-0.005989615660292308,0.10901102745505298,0.23284614792012093,4.0025480387368181e-05,17238.179137336123,-10984.611434925466,11.654700236385358,-34.958633141409081
-0.0014652023801404153,-0.053534945001457758,0.23285382200635113,2.7064162654800643e-05,26343.974462824342,-7635.5551362812812,33.40424236127695,-53.093506371332531
0.064392944936029914,-0.11655094552357533,0.22860596032731362,2.4315572101323485e-05,14220.056869175382,-11401.415647235135,6.8843059446447414,-27.041276239120581
-0.14555724860515337,-0.10233476852208812,0.21427344925564562,1.9697764548243086e-05,11821.720168579694,-10745.57702377195,7.3229718264719104,-35.037819773084195
-0.099478453343288656,0.10967162461838505,0.22334635872639705,2.9394243825106742e-05,14107.373019973242,-11001.460823686706,9.1547494348779619,-33.963324618088173
-0.0086950700017868667,-0.064845486946846984,0.23279859868541322,3.6271110389524452e-05,25056.47655857413,-8182.5747452304086,30.787683504001301,-52.193526437372782
-0.0060465234501809947,-0.10065303043463736,0.23284514774731574,2.7850808828979331e-05,19151.308384076889,-10397.438171158912,17.151606391737769,-42.083987534353135
0.01129846839063107,-0.10279275803212,0.2327528431170674,4.6067831613333119e-05,18650.070418060877,-10552.432893184441,15.971157971783125,-41.591383448823343
0.087168496491225156,0.11454023662278748,0.22529521855790702,1.630596750380308e-05,13740.247383280068,-11234.975148216456,7.0249395233184995,-27.641937242177836
0.075307933409831496,-0.10085571927279878,0.22709395091325565,1.7533994606513468e-05,17260.748436794544,-10532.877652868341,14.883434826041631,-40.46455076367117
-0.078966503777320479,0.09652172524946756,0.22655230678086458,3.6751259236469179e-05,17896.81812361738,-10317.554265404746,16.256600674428441,-42.811864260512408
0.01890011609746254,-0.1127374078719412,0.23249731063146661,2.7186552459201938e-05,16249.840379584562,-11225.105277189061,9.9518895164611152,-32.087168374626508
-0.019616666595640483,0.11302795013045305,0.23246875541121245,2.9852703962668829e-05,16160.317918228924,-11246.069535565246,9.5903179954109508,-31.344966255615873
-0.08630835487765387,-0.1232051372659361,0.22536560446108139,4.7483797959556747e-05,11750.930191588406,-11590.340437787812,3.2856962042939482,-19.325826233195208
0.086706776135052718,0.1233288630404577,0.22530230010990765,4.2076577140188378e-05,11707.011021301698,-11591.261710863942,3.2544155613747834,-19.37787666015214
-0.16137244701109787,-0.10538865534991819,0.20961136954812146,2.5851415109133879e-05,9773.393913190479,-10727.798830755264,4.4298237062330363,-33.404110706058958
0.015552815015052205,0.11471751859543383,0.23260050549029973,2.5443595051405885e-05,15778.042630752134,-11356.77602103241,8.4720167374807573,-28.947559821824264
-0.013116113111266439,-0.070961688279692792,0.23268343320997267,4.603835695281941e-05,24212.727630864883,-8527.6229996020829,30.037460254210089,-52.868508666421683
-0.082410694900923204,-0.11777165673444256,0.22601865495634879,4.3408777106313952e-05,13193.154301629018,-11402.395753854305,5.7949575096362258,-25.536901344669857
0.08317085162501886,0.11790463314943522,0.22589897756789548,4.4325713076658139e-05,13135.615373009188,-11403.356133181132,5.7051152955249806,-25.466601091958299
-0.023657221259481449,0.10961112119466251,0.2323048481044436,2.9432516613764458e-05,16937.375901749292,-11022.178206704064,11.514098214404671,-34.394813912916831
0.022174234885932606,-0.10860382698680304,0.23238256455728665,2.0615125629443282e-05,17202.593557812266,-10952.433132940118,12.376586561402686,-35.442276333378302
0.077399577559628646,0.11138299539806931,0.22678428711920776,3.8529815247728283e-05,14907.555633492115,-11108.752223716667,9.1666744954123569,-32.855456971931233
-0.077938187221098507,-0.11180474381858214,0.22670454702034928,4.8336088303189677e-05,14776.99546335155,-11132.067084102535,9.1942723613969193,-32.823852157271197
0.024638694031892873,-0.090931709897385679,0.23225446127623114,2.6351108028723275e-05,20891.008651593194,-9759.6785486324752,22.236695204643468,-47.344641420975549
-0.094420511574271837,0.11547237813012844,0.22409228274825879,1.2939047892747122e-05,13159.173427595091,-11251.02900161192,6.4555359195243858,-27.430342518970885
0.012841579866752944,-0.060425636011511227,0.2326991892772044,3.9746422980145926e-05,25535.04145899586,-7976.1846773062834,32.513187082065414,-53.673006858060702
0.075673597132123072,0.10594766821970608,0.22703981511984092,2.5010410552933046e-05,16193.449192911799,-10815.567964432523,12.363896264568904,-37.732557085099245
-0.07515253388408269,-0.10572535877562948,0.22711695750677266,3.8085572216699532e-05,16252.391699764297,-10808.125356108623,12.471577820170355,-38.206230288687991
0.15455096385565395,0.094610587101089105,0.21277313049277022,3.9612458159100258e-05,11909.943763812367,-10639.829419163325,7.5094495918016833,-36.731783011185506
0.19299557511567458,0.12462720663986884,0.19448085005219767,3.4534201151880903e-05,3474.3558920488267,-10041.543060180162,-4.142410873880765,-24.61134117276076
-0.19402195956927565,-0.1250611157761331,0.19393763573079961,3.1186125605572543e-05,3291.5320063716003,-9997.3531027704921,-4.1850558351906599,-24.642819372281373
0.005102777157518789,0.044732559070523911,0.23283331971211421,3.5616052502273111e-05,27143.735578095679,-7276.311105471802,35.330232401825107,-53.975988827626487
-0.030264081746760874,-0.076291176647282105,0.23193964864001018,2.6784875061080108e-05,23193.634925265724,-8881.4514264878089,26.715848939735693,-50.035594521178666
0.031334885517106288,-0.1213805954236036,0.23184734684040967,8.8814565467988234e-06,13893.271765720643,-11722.064561033534,4.420825687703636,-19.307610579490191
-0.017186983319305817,-0.075300514742044411,0.2325551639042947,3.9968719147951131e-05,23566.174320290233,-8777.0588393207108,28.185837954973096,-51.369201501179681
0.19373250672872586,0.12001647908656449,0.19535471707852217,3.1906954212905647e-05,4007.3384275948661,-10124.683674305372,-3.8544248933640213,-26.478246700296872
0.163361314022755,0.10990845505966781,0.20831343176361902,3.2450180250189052e-05,8941.9660765466506,-10736.016484566015,3.347395006943966,-32.092609640216402
0.069264190121315183,0.042341297560085998,0.22792513068715947,2.2585710249093745e-05,25293.003893467736,-7824.2117445748145,31.882448853633374,-52.797880049048857
0.12008153173027124,0.1299709755633984,0.21785739017697878,2.2132413244015563e-05,8566.8308130900732,-11412.481160032765,1.3723247311061539,-21.062877983975888
0.17579722207146775,0.10941329536226621,0.20437105445685641,3.2610796011537692e-05,7616.8264926449465,-10603.458138561422,1.4980441884874707,-31.272085923511135
0.072210063787846682,0.10226248161428529,0.22754209562692942,1.5753632263475374e-05,17128.251630521583,-10605.228760557229,13.766064938273072,-38.886934040128459
0.035261298344443796,-0.095056421057235163,0.23162400835801658,1.854865730070454e-05,19913.477517251871,-10045.654038005787,19.040826495366801,-43.454884614500202
0.19494629217753656,-0.12551683260431126,0.19342629580693088,1.3064286032723398e-05,3099.7923601940643,-9952.0221457904918,-4.7740248242014918,-25.172040169881523
-0.025911276937197133,-0.091109211684340247,0.23218744116120041,3.0796908965897987e-05,20825.311822171945,-9780.5395347917329,22.245915072889446,-47.929674496354764
0.02821264120443466,-0.10160086334786944,0.23206624065058926,2.4167689293210408e-05,18702.153628857333,-10479.412887147651,16.431345527786942,-41.683251839581786
-0.027966874959315859,0.10184475971289561,0.23207918384034129,2.3945462280244644e-05,18663.489055909831,-10489.541943305001,16.246253496156747,-40.900881400172686
0.065357448898147472,0.08651628988721359,0.22849743146090462,4.3598700735065654e-05,20344.742338803073,-9688.7049040736983,21.589016211570552,-47.632346306395192
0.10485146770040521,0.038658424890446658,0.22272008888759059,1.4856464791531426e-05,22681.268522194499,-8581.3708796688534,26.227155963959394,-50.053183320849065
0.036656740284548156,-0.1168662966169285,0.23147635136972089,2.4751157666403442e-05,14939.126671397371,-11466.556187653301,7.4524099698648802,-27.449968154660713
-0.036060312634503537,0.11452380952380953,0.23150900280778186,4.008025600161829e-05,15526.957408662092,-11330.777309122628,8.8777119636258242,-30.397572625905539
0.0089689668765687361,-0.03968488485889933,0.23279378485928987,3.1403901220932277e-05,27508.870435738965,-7109.582154443664,35.80142581737752,-53.884849216859102
0.058086325834005262,0.080559767467585322,0.22940631219108837,3.4610545376159437e-05,21624.633670415751,-9303.5131348180003,24.143479071075301,-48.729416366277647
-0.023874914828436809,-0.10375460390878068,0.23229376286770012,3.7237133095922612e-05,18292.878826006974,-10624.679258626404,15.81473959738007,-41.242394686971494
0.022209301841336765,0.10063028067198132,0.23238076240120714,2.9120564367265661e-05,19015.631707361674,-10403.815483367829,16.665485720487574,-41.419504521216716
0.01822930615279417,0.064321777624857565,0.23250197643386195,1.9003233718182859e-05,25053.879744966423,-8160.8723838887836,28.411618331126391,-47.94920797957851
0.055318728471138459,0.074250620754285748,0.22974336919868321,4.2865314131957131e-05,22645.4748428284,-8952.4891557220599,26.464444046926491,-50.45815602592333
-0.0020656023585188619,0.0082555869847939171,0.23283892579918986,3.2513944321463729e-05,28936.28887342702,-6446.8861118049299,38.347324850849184,-54.405432619994727
-0.02793604626032517,-0.1079479217849493,0.23208080742254092,3.7703884016763866e-05,17275.348128721133,-10907.955461938318,13.378620742937139,-37.936752035833585
0.027877335357196571,0.10907941408156664,0.23208389941086235,2.9653134576423226e-05,16995.514332775849,-10988.994344484257,12.073949522073823,-35.848768206134409
0.015692769700706908,-0.053891368201266443,0.23260637466804049,4.312502688517958e-05,26211.760202890535,-7677.3298781110107,33.290890250893149,-53.196886699435794
-0.17134904670513018,-0.084818892796158701,0.20947372810862069,2.089343369322474e-05,10898.383876672129,-10591.911312942215,5.3491073240783269,-35.003314182899004
0.067620102423126716,0.046358826648651506,0.22822462221079698,2.410046869077917e-05,25066.840592076001,-7930.6431877362365,30.471133571286948,-51.697609762685019
-0.19977357740304424,-0.12206650876101985,0.19233474150997382,1.2362483012060208e-05,2872.4192439714961,-9866.0877837115768,-7.6050808359699094,-34.022578838698024
0.070356779420983784,0.12919423361795568,0.22778534604584222,1.0463567404585759e-05,10951.45185279484,-11882.136444156937,2.0706246609320624,-15.291063313033689
-0.04028172661398749,0.10817818078192783,0.23121135145628327,3.8469442583260534e-05,16960.024712484148,-10928.383386080954,12.594669410671685,-36.719010276143209
-0.1798186985601779,0.11565205931710783,0.2017632716194788,3.2721895674747702e-05,6313.2948409715273,-10506.868123645936,-0.24423679302488874,-28.294109997928381
-0.032564652500576746,-0.11325921036046672,0.23176922291410371,3.9350413888470305e-05,15913.86584891639,-11254.27119774243,9.7080748964565124,-31.991812017424422
0.027262878108555121,0.030796981487424671,0.23210275484094503,4.276587903813389e-05,27792.80184026092,-6947.3650337539493,36.459361197472397,-54.278021679302
0.042556336408546676,0.098169005240846541,0.2310140967964823,2.348014979643378e-05,19094.905166228229,-10271.791075117109,17.667418416832863,-42.674966723206545
0.050010426669521546,0.068179405693273409,0.23031195106548311,4.2741797813436988e-05,23674.699241537644,-8593.7403540905652,28.275853338185854,-51.276223235916291
-0.050111766633414226,-0.036798659200284044,0.23030960860469432,3.0920926278086651e-05,26661.202707712939,-7363.5876253221231,34.021714761540032,-53.403955580869251
0.035051694158901185,0.11999016334629148,0.23159372088377339,1.5310337741141712e-05,14166.37341855542,-11646.416825207754,4.9225076002113086,-20.876715608430679
-0.037078601045686513,-0.12184379165953982,0.23145192931085087,1.5768361605868443e-05,13661.753963959924,-11736.254779053243,4.2901169766239242,-19.077306156315831
-0.020184977371651085,0.057310028075118258,0.23245030799237407,3.266410874519219e-05,25782.964428798306,-7854.653198132637,32.382565377547941,-52.795360434162262
0.17475890702492433,0.11466874086265876,0.20372890475674341,3.6967827558217998e-05,7019.5006697940453,-10598.455859006448,0.61970766250414144,-29.134568046600716
-0.11418515433301837,-0.04632307915407053,0.22133825497698531,2.6437512883281382e-05,21210.908104614133,-9002.9574851489415,23.106475046846313,-47.818625797463703
-0.086994019599163169,-0.12948383515840972,0.2250674018489055,9.649394663034421e-06,10258.731366533877,-11763.688557913121,1.7833114693522383,-16.608912938451954
0.0797708390057974,-0.047246206558367691,0.22643322653551753,2.8845056133883836e-05,24189.123753645788,-8198.5514457325316,30.409000742997758,-53.586255222327914
-0.0078108676388043766,-0.041604074774265004,0.23281413882779961,3.8960622322946369e-05,27363.472163479601,-7178.7198773037398,35.824037701291147,-54.210375418527846
-0.03053090112971012,0.033186941328730672,0.2319008910062067,2.0284862295971068e-05,27586.520240418395,-7027.053771426502,35.376637917584489,-52.997232128470507
0.02604299686363723,0.077563438304024471,0.2321805041792678,2.6858620310901402e-05,23101.41243160412,-8931.2735689457713,26.285723922993689,-48.990701135733026
0.045989408565913388,0.061814482405593098,0.23071546661173106,3.679595890495305e-05,24592.406978441675,-8252.7660261137607,29.970769821463964,-52.088453494044558
0.033793328302800921,-0.076379496964817689,0.23167702897457773,2.9449522631426457e-05,23100.839452242722,-8899.8954055772047,26.937612944325689,-50.261611845949396
0.012256722316715176,0.051046391308420036,0.23273600149451915,2.1646382448002388e-05,26530.174233269263,-7542.56676438466,33.470679824243334,-52.531899688793878
0.010395032445136718,-0.023595386942727243,0.23276872129588447,3.9643433630189231e-05,28422.497142519558,-6689.1608613947583,38.271531965407164,-55.390810420414425
-0.13408238302910616,-0.051174925637636537,0.21839250948310382,2.1772160224312944e-05,18539.906748677087,-9637.8474513876172,18.08513039140875,-44.741433818670316
-0.010620791511911209,-0.028894586284064095,0.23276475350729944,3.0852625219702185e-05,28176.372761496397,-6801.4807358878415,36.577683536471255,-53.552042833121945
-0.037881314073700378,-0.1167427940518329,0.23139095470771412,2.5109579058085562e-05,14940.082277874802,-11459.266099722936,6.7302587221654218,-25.352011250107044
0.043253563409345983,0.055214107286038705,0.23095503830210398,4.218715844130504e-05,25408.110610965628,-7927.0082584970396,31.563568561077584,-52.269893868409213
0.045475427969113844,-0.10277252715838968,0.23076047471465624,4.1421504110685143e-05,18029.038779853126,-10587.373198906713,15.208003839775724,-40.829011439571573
0.091905938551398947,-0.099749368667560789,0.22463354727180013,3.7670621240146081e-05,16512.824765348229,-10546.784947272881,14.226876268614301,-41.356056966114998
-0.091084329919090115,0.098960242123546469,0.22475828650306698,4.9304024951186436e-05,16709.094847154254,-10504.324434689534,14.846990064513365,-41.99751692408266
0.089384216521222554,0.055811533267989287,0.22500998494094246,3.6477590458399341e-05,22727.861104921245,-8665.9483285448914,27.018908255796145,-51.310601395979447
0.11147532117797838,-0.11859545899382312,0.22074943190681703,4.0663390310920513e-05,11530.00033532972,-11271.179265891495,4.7922792982894018,-26.736470656306633
-0.1111167406228252,0.11855053561326415,0.22082693406236509,2.943587133165975e-05,11551.596185800807,-11273.466229929538,4.6341259708311666,-25.897704870365175
0.038782698658953091,0.050344829957952794,0.23134654168200441,4.3138531042089723e-05,26020.849989681865,-7690.0864529756182,32.992917615475811,-53.020527880042884
-0.020981457147841821,-0.059799670400788034,0.23241336164451382,3.8182990945241203e-05,25498.668554777963,-7974.4308406295786,31.952203377480139,-52.804950192827967
-0.026176617098584667,-0.11257833953676731,0.23217346711828002,2.2980758240847741e-05,16185.88247059959,-11215.353906847231,9.3726789112712172,-30.615245245206445
0.068724895266758304,0.050551918757125336,0.22806477729133237,2.3994991718457529e-05,24645.886083016758,-8089.9243170946365,29.951326147599925,-51.353949053359308
-0.025306087000298183,-0.06568683388075322,0.23221931326872072,4.771119216139669e-05,24714.388276911053,-8292.4156127675087,30.630569579488682,-52.587721448410534
-0.072754792327646492,-0.088198809689501792,0.2274719384185995,4.4961957586803497e-05,19689.106112265701,-9836.0092548968914,20.485806781436008,-47.020703738171022
0.069951655695502477,0.11532970961103133,0.22786472193994814,2.4340708772265143e-05,14309.416484966016,-11323.283027644837,7.411154382706413,-28.797168548686582
-0.0037332334713135081,0.013618583874474881,0.23285163143874088,1.5636665947674227e-05,28821.519407875523,-6499.4112084465751,37.521213386772075,-52.98922250943135
-0.076406834076373956,0.10723939880411244,0.22693126083534909,1.8611735113883335e-05,15893.540660016026,-10881.239872645978,11.311562084367004,-35.53156039705506
0.068188183200870472,-0.11945802938002394,0.22810676792993681,2.3863039779608398e-05,13380.708011793138,-11529.474869455931,5.1912915846837118,-22.917782458654809
-0.086272707846814733,-0.10717965784226889,0.22547063766785272,1.4633387691572656e-05,15382.10099033531,-10890.929091003643,10.886513885999461,-35.172747399542047
-0.17778556399939588,-0.12030366524850634,0.20151713437244401,1.5453049528872061e-05,5866.2229885543684,-10499.753816223403,-0.5723183257061597,-25.457485226265067
0.014733397264762508,0.055591929784675212,0.23265994107690821,2.0626614840899102e-05,26057.328915617196,-7744.4141940984073,32.175377519876946,-51.700277678350574
-0.14231345549756971,-0.023289796261696385,0.21717391542640707,1.5015990250201968e-05,18884.520027393908,-9534.3644932155748,18.439187964112271,-46.018077994516567
-0.025179640518308909,0.086192142291459536,0.23221329588457199,3.1338681033455064e-05,21734.439573552867,-9453.2968016531704,23.574885889609785,-48.03649325756534
-0.016730573887892071,0.085448739524218026,0.23258908081410951,2.0523812608107499e-05,21993.415023007408,-9382.6805462125794,23.140714594106903,-46.402563307039635
-0.050457965770216516,0.068215408742995337,0.23025993402938519,2.6596064061446917e-05,23648.383387472404,-8601.3563854913482,28.071215592225755,-50.979671664148775
-0.074207293603051921,0.096007372841649188,0.22725689846744671,2.2933009844287537e-05,18248.946274501512,-10262.698588213372,17.058087353780774,-43.229847466091542
-0.00094126307866090539,-0.071907823651765762,0.2328842022937028,1.8193654387703449e-05,24174.477111059998,-8549.3238840841805,28.556432092141684,-50.232868429308887
0.042978155799908241,0.12347650618223094,0.23097915511528549,9.9042046092474463e-06,13131.08738864493,-11797.853451806799,3.4122214802241073,-16.635736522611982
-0.00038227453125246644,0.052834320354812905,0.23289965854789299,1.8897393133090815e-05,26424.778218971191,-7595.3676885307177,32.8813550510989,-51.761681197014639
0.074868923534802401,-0.0557509151600857,0.22715550485958944,2.5491639364544188e-05,23802.299567149683,-8370.0321967927212,28.166912026594744,-50.183159507087034
0.17119888046648848,-0.065470158952460861,0.21144349237538915,1.791542195843005e-05,12469.821942531442,-10497.867388368173,7.0034336455046828,-35.445550628730096
0.044120910557393159,0.025524162022865039,0.23087908670012863,2.0494378642158247e-05,27557.662917372942,-6989.5023450176204,34.784931839734682,-52.186798862292427
-0.13474574844060319,0.088421067242345608,0.21770481965087912,1.845370991948694e-05,14777.660349662439,-10429.035280933551,11.743272976444636,-38.730835543512157
-0.011784327925093246,0.065892690544206503,0.23272759644694987,2.5247180099017497e-05,24909.543723207324,-8238.9713698339474,29.574444547659567,-50.495786278808737
0.0092465789004675027,0.070790038628214119,0.23277759313000482,1.4406755812705728e-05,24315.255433934584,-8481.9526353374204,28.345701987661901,-49.269007577350216
0.095719893579358201,0.083195030151183846,0.22407200043919315,1.2918705340445843e-05,18999.054953476523,-9814.2798217049694,18.303922258104155,-42.824583307586877
-0.091250029014956699,-0.10407636303086734,0.22472596560502228,1.3956044185998488e-05,15728.057792413785,-10745.810432187523,12.638691025273408,-38.449067264203492
-0.06756075341867944,0.1099265165801797,0.22819938615943058,1.6313008673612621e-05,15667.000540204031,-11034.478222856433,10.908698972075515,-35.144203284398408
0.15154434586333426,0.11222286880969411,0.21150022608935315,2.4108111229601112e-05,9736.2861609636311,-10853.683929789227,4.3611198010675816,-32.319385990792341
0.041705796745201092,-0.070392599531321917,0.23109057268172409,2.2302603440183806e-05,23710.93347094013,-8622.2509526435369,27.231914511905266,-49.140150976432658
0.058515446469274361,0.097611686836445,0.22932094692914465,2.3492378558629635e-05,18663.375967752007,-10287.339718745576,17.006368778097862,-42.513871079471045
-0.17697870565772944,-0.10065287288752314,0.20553887762659967,2.2950023107337796e-05,8522.0865108259677,-10610.160237435241,2.2467128192714987,-33.095712243504913
-0.0045836783932329834,-0.0014842159902575321,0.23287085772211996,1.6512087400992179e-05,28993.303876508555,-6416.5054000540822,37.42878024048229,-52.67772051841677
-0.00015541520884436769,-0.12436064949292013,0.23288298714513725,1.4221015237392824e-05,13370.389749037126,-11904.778594969182,2.9980599184105188,-14.469562539334627
-0.066166809758224171,-0.11129411325843373,0.22837751240281318,1.5807142309108799e-05,15412.953897300435,-11111.506018149728,9.7998443639221353,-32.651907962024062
-0.049060286064342283,0.10055229353041754,0.23041392597161389,2.166620294684393e-05,18399.172535466056,-10445.218201916412,15.937297868523011,-40.676397132664619
0.046276044063264909,-0.08870324525307155,0.23068674857295138,2.6068668476076812e-05,20748.776576553497,-9696.9268958568628,21.462661114221728,-46.268277095063929
0.051163312699119459,0.039463853427763949,0.23020853978991276,2.8407218127087574e-05,26428.004874045684,-7458.0365987113955,33.785267457384343,-53.24475356048081
-0.063470023628480948,-0.12980292784689113,0.22873934027602627,1.5238296489113797e-05,11030.021487928512,-11944.468641168249,1.6965674381361555,-13.136468706678992
-0.15194439221942085,-0.11153769910006554,0.21148097636135907,2.2465694392912822e-05,9813.480622013305,-10843.272126424985,4.3947211514558955,-31.972704495829561
0.022331919447443012,-0.073794383552079096,0.23235048448575352,2.5038062653894476e-05,23715.598405410208,-8702.5861067013047,28.206724237296335,-51.006757248710542
-0.12582708193345271,0.09145681384610517,0.21929635286544444,2.6867262859127269e-05,15221.129242583633,-10440.889159308674,12.545678074760309,-39.76190839562237
-0.11238153864685721,-0.10764606496453936,0.2211805668390659,2.8991048223211381e-05,13677.225095245834,-10909.404073374104,9.2082768150275385,-35.289325092329157
0.11329336659098074,-0.050748031708319125,0.2214702823946087,1.8838009249553131e-05,20971.787980543399,-9078.920860046579,22.727118818275951,-47.287274620781552
-0.069824950629318913,-0.08270882098980091,0.22787091931785189,2.8558782104340421e-05,20733.333684639434,-9516.9174159256108,22.145431023090222,-47.233908324711976
-0.037640427373960603,0.10351259783820556,0.23144318312193848,2.0131349644312883e-05,18085.829028094689,-10618.181858201653,15.232568821144666,-40.030938238355226
-0.039160479748384429,-0.079452964310046323,0.23129369233438771,1.49455971417354e-05,22504.504068198632,-9099.6764465888464,24.8851657336572,-47.870834814541915
-0.14996119660166266,0.07505059692829083,0.21534712294903519,1.3869674583245355e-05,14561.864371526735,-10338.070746656835,11.115883570322524,-37.918905663339523
-0.073293131773305348,-0.071278652442699125,0.22739000749203361,1.5903840805960734e-05,22137.987101820425,-8998.9189518419716,25.188116589701735,-48.849010310535213
0.079034126608969746,-0.057377122799981722,0.22654229535391376,1.6131954858920219e-05,23373.162745528913,-8500.4314623326882,26.383519839704821,-48.29204021693532
-0.019979097239801544,0.022090868642327129,0.23249526495286527,2.1730392519470622e-05,28377.938548353981,-6690.4819446193796,35.824997575677386,-51.965032839541109
-0.013952751768640689,0.10190897522501562,0.23270300851870768,1.2346648925840028e-05,18828.273499509396,-10485.005810162265,16.616288106700065,-41.291892876948481
0.040954373319110865,-0.045342222855013048,0.23113103694583545,2.003026619719541e-05,26399.794702327621,-7512.8169060687624,33.285160896570559,-52.23339238158303
0.020478699434135404,0.11478833095350716,0.23244582947832873,1.471782161343437e-05,15699.31917652469,-11360.283668712624,8.9715265117175509,-29.818218955588812
0.010050249092651401,0.10926270965544234,0.23277478097477061,1.7684106050728165e-05,17158.069006990645,-10997.366701477182,13.043432592463065,-37.128262636852973
-0.0013152689008368132,-0.087433516972851913,0.23288791862483038,2.3344573035736228e-05,21744.096595042731,-9496.1169290492689,23.498844828970753,-47.96747620376501
-0.10432985022044038,0.078665391121199385,0.22279731332746638,2.2960917725611373e-05,18915.432922552292,-9756.508771628618,19.096080772956068,-45.064637839000277
-0.046191972998239031,0.11767673288575353,0.23066553511513266,2.0854806484973205e-05,14520.983283986305,-11495.781744087739,6.4415491021412823,-25.060503787215143
-0.045271404145648245,-0.1035781570509204,0.23077834061329699,1.4908164667704502e-05,17865.754748515636,-10631.9279742124,15.394716843937045,-40.612479997789734
-0.15344585796959534,-0.10763870358957189,0.21155987134143681,1.2891924966414774e-05,10266.077820162576,-10792.991974269844,5.2757710717386859,-33.466818839889733
-0.0012728377912832039,0.080822257341872483,0.23288153079169774,2.682340355262813e-05,22856.413256120773,-9076.6615681127751,25.030360388015016,-48.469271383894508
0.16075489744300073,0.11373853038811921,0.20851524685124267,1.737866903533947e-05,8638.7810057803727,-10777.421327147016,2.7644331863890685,-29.149239005074243
0.1429422827386336,0.057838506934534566,0.21705449409209976,2.0486343314892157e-05,16911.555285699236,-9961.8221714718911,15.001964870612007,-42.308895480652673
-0.034401157156561557,0.12312076507468456,0.23165389208344586,1.2956003161337858e-05,13398.863301472456,-11802.190683911227,3.3730038760980046,-16.1972975691003
0.030290650490945661,0.11911646796000616,0.23192611752612075,2.3247015929539205e-05,14477.591199742994,-11606.046169326903,5.7905504085094819,-23.391121546819114
0.17731800658460381,0.12619480001309424,0.20035985189101038,1.659920498040645e-05,4973.4606213780016,-10430.27242231773,-1.6191292129435599,-25.896492512273333
0.0010300211469957132,0.12458480040080869,0.23288571376008216,1.6472094712105072e-05,13312.765085183075,-11916.676205263229,2.8448108312741192,-14.805361843049679
0.054682990259461849,0.10868472995625933,0.2298186226422014,1.6496427047952562e-05,16436.000602635777,-10959.646626478305,12.110665565622984,-36.174414693926344
0.06266056385855942,0.1055089406223601,0.22884755531881434,1.6826131876073173e-05,16859.206732199451,-10773.737646951575,13.346205471432931,-38.39041646430551
0.045333883130235834,0.083834692615508424,0.23075521594956186,1.8477442313608377e-05,21592.715443673424,-9403.8645809908885,24.160962953562034,-48.699029904419866
-0.14474194944521418,-0.10685630365020755,0.21399168135474125,2.1347365868063304e-05,11217.422916290894,-10821.196028338456,6.5273391577373348,-34.316607966799772
0.0070997497732593947,-0.047898781471618988,0.23280628676567033,1.3972223897498177e-05,26862.886121322957,-7398.620055982291,34.460272098448065,-52.873730247918793
-0.036829273229161956,0.068790506442849508,0.23148221433673841,2.7222730506919771e-05,24070.024378063346,-8501.5005384444885,28.425795715950709,-50.10151767468053
0.05746456860703774,0.11101287812318332,0.22948226169821706,1.7501064757317365e-05,15805.696784103535,-11097.337243842232,10.705289008391988,-34.142303308056135
0.041676448209625905,-0.11400081021346022,0.23109160815371882,2.115383827125616e-05,15533.427951307003,-11293.199223401216,8.5920136382094867,-29.551023714170068
-0.027278461564657984,0.068139379695595276,0.23210088963494657,2.0138503610587717e-05,24371.522854153307,-8423.4941926462234,29.674707156676426,-51.548782605082479
0.0080418397218267636,0.032547663528097709,0.23281007941876866,2.1144404919692272e-05,27996.57434740636,-6883.6806849339355,36.42433659618542,-53.302230170988537
0.10002809402740978,-0.04099557180546877,0.22343417985370218,1.1250292726971424e-05,23017.755932601598,-8488.2427769108072,25.310240200626165,-47.483500185664177
0.16206849114612953,-0.075298830245204951,0.21275552946908571,1.4592845701133721e-05,12987.03330078565,-10476.645617858438,8.6399526892902792,-37.114007504799915
0.056992637329240425,-0.061294087652536876,0.2295384764412283,3.8281296959474299e-05,24188.881189539166,-8348.225871752129,29.079696851281192,-51.223577917817018
0.055592980107816423,-0.11114737990479046,0.22970307835564027,3.2513483340612887e-05,15817.02957565758,-11115.530898690806,9.8881268794226731,-32.823872363421053
-0.033412831621467222,0.03691249497520404,0.2316857574314577,2.6901012105010061e-05,27273.755816800454,-7158.1333916425829,35.551644469384435,-54.063322983920436
-0.030780292141012119,-0.071139999460795564,0.23189868118625567,4.6030776339178698e-05,23902.208741206974,-8599.1741356247257,28.811017613461633,-51.320942637325992
-0.040689682140327102,-0.10172217590518939,0.23117588873334677,3.1703265320836168e-05,18401.362560804402,-10502.268671928576,15.877142567177469,-40.772496130239723
0.037494103303680554,-0.072045882198211869,0.23141755377400211,3.3243524544751263e-05,23616.24815527377,-8681.2151713967978,27.647275381415188,-50.283044429420698
-0.10162193063636073,-0.12341889693793606,0.22256978956359241,4.3680376645077311e-05,10998.115819915285,-11482.961481989869,3.1009399081381184,-20.864649371310684
-0.082028068597967935,0.08612709913077711,0.22609904814307138,3.3293293888168231e-05,19499.565309060094,-9803.0638039160713,19.837860786349655,-45.696653135317177
-0.041266447546259549,0.079587114093117958,0.23112904548417848,3.8206082015822193e-05,22414.966489302882,-9123.9577264988729,25.024810638037202,-48.732921013508467
-0.16408837983491728,-0.11767764871101007,0.2067723313684805,2.3543644239905023e-05,7696.9460359320301,-10742.635504853375,1.6768475764363315,-27.539658702796547
0.034326644569587381,0.043567059116511278,0.23168421038816225,4.9028474173978496e-05,26725.82443068624,-7404.4303861487451,34.924761172308791,-54.379444109975346
-0.065194159674766938,-0.08041240722642061,0.2285116168529637,3.1578865958122153e-05,21302.67613575896,-9362.9418363598579,23.9851386476366,-49.24768700205432
-0.044116884940036023,-0.10774337925267798,0.23087943921421475,2.9306274501368176e-05,16974.659819239532,-10895.33767503198,13.217537711150568,-37.5402120046965
0.081089689313978239,-0.070359969781322418,0.22623797334665555,2.3763081941559657e-05,21773.431913614797,-9060.2406286848181,24.457140048509018,-48.46331441187651
0.10823819444280505,0.068352530782220478,0.2222186906681293,3.0553034839913971e-05,19801.550190404239,-9466.8774744953571,21.053876676245785,-46.977348918424703
-0.051359234976969551,0.090920566039143252,0.23013625584769501,2.8659514850845335e-05,20179.664971506798,-9855.8790783367531,20.993876451591419,-46.826361233941547
-0.035541315035939172,-0.076189912944444813,0.23155292726606436,2.6904098340293474e-05,23090.869964960071,-8895.9749692868118,26.358442916336507,-49.460300612217715
-0.097622105390154465,-0.11824158100243577,0.22352538397849464,4.1691966084131317e-05,12365.716222843523,-11345.183552783003,5.3149058506901179,-25.823138097401213
-0.17557675493764216,-0.10589545104365679,0.20508091015387878,3.15085242199563e-05,8082.0238505842735,-10616.230840632776,1.8133074615370655,-31.899698062177887
0.052319223469920635,0.12024083456244944,0.23003668459684773,1.6299655240172793e-05,13707.732634603184,-11616.994298893291,4.8178350081436383,-21.334727902442356
0.068530521335593259,-0.11430748812538161,0.22803682472094222,2.8181655792400635e-05,14605.24856464828,-11275.99752861551,7.5895741700118178,-28.858512516923696
-0.068828950787212406,0.11427872720123537,0.22799693357838785,2.9640883315877647e-05,14603.459962193263,-11272.215618083981,7.888243740847761,-29.642848945884197
0.057403312098497666,0.12506530354466333,0.22948974436416808,9.6417410110044318e-06,12366.517308924598,-11812.7716542734,2.6847435140213793,-15.216058248415154
-0.056255521362284344,-0.12448219611999511,0.22962995043966067,2.7151058150861626e-05,12530.393473158516,-11797.757416979302,2.903178671490259,-16.101446140658986
-0.069170610578546399,-0.046417223324166389,0.2279801497036541,2.9486258501025956e-05,24974.317047848919,-7956.849148629567,30.703241576360838,-52.052554293878266
-0.093708497178199221,-0.11261346724903562,0.22429789917657886,3.5653426065644624e-05,13804.370570820698,-11140.489464858798,7.9146577622346026,-31.107468085312615
0.092669322420759315,0.11150530305324004,0.22446973763832723,3.8559073543350874e-05,14104.8179377743,-11093.474345954484,8.6709598003493085,-32.671370219353975
-0.062112865752313458,-0.073362089611813633,0.22891445828257653,3.9436791019170765e-05,22465.156586997971,-8969.8805567038034,25.83846636627824,-50.028741768463263
-0.057676686056363988,0.11109236017201769,0.22945077543032949,2.0808244876023096e-05,15779.696130959584,-11105.14437340223,9.838678765254814,-32.479279614024279
-0.0734288648973557,-0.049988086011442855,0.22737214330315406,3.5946919634164045e-05,24406.760730320701,-8153.3567307967287,29.961266629926172,-52.263225489691429
-0.1479113875108001,-0.013507290547544661,0.21634515262456669,3.3023532148877337e-05,18333.547752377406,-9651.7301770261456,16.619798000119101,-43.740552952632378
-0.053539568175248409,-0.12063591461262148,0.22990221738591601,2.4472305370852501e-05,13576.987145054713,-11632.030940724708,4.7193264095081808,-20.69775824493032
-0.14743200021531006,-0.0019638868776576022,0.21641612496886062,3.3678640816570609e-05,18511.816215712821,-9616.7933037264411,16.95936867277285,-44.57751649027967
0.08987973488033589,-0.052657961697187949,0.22493662442447107,3.3303879925072241e-05,22980.323925336703,-8571.3911186125551,27.109295138775664,-50.576032686930084
-0.037710814749992112,-0.083836390261090993,0.23140107452935263,3.0246489804054901e-05,21840.496037071844,-9356.8181231726394,24.00330650077245,-48.387097145961391
0.035269600918258787,0.11594531369014748,0.23160127561352217,2.0187337977521077e-05,15190.956843395294,-11414.971191222807,7.6873135234940104,-27.405917512475
0.061375032012047845,-0.10306583346042675,0.2290045868833962,3.1061193832756974e-05,17432.485975991971,-10628.236636364858,14.257078357226115,-39.550984214039353
0.089175346720778995,0.10567599965075643,0.22503816893710807,3.7703722237008936e-05,15524.668849845155,-10822.622137470193,11.701596656871638,-37.606656724547442
0.1226975250089995,-0.12370098884751089,0.21780375573262956,3.8504129188487107e-05,9777.9617912211143,-11292.044645891881,2.6498585631403846,-23.578194480731675
-0.12233057403765318,0.12380952380952381,0.21788511348489531,4.0415591244511607e-05,9771.2771010625347,-11298.82457857217,2.6395169630469053,-23.671376942530383
-0.042262277154549437,-0.089761904761904765,0.23104184296761474,4.1193278142544285e-05,20680.978733138341,-9748.7029607928835,22.138749842092025,-47.99023490695479
-0.058399866545041201,-0.068095238095238098,0.22936801225433634,4.1529235835174911e-05,23329.968218939423,-8671.8018307286547,27.524855042009428,-50.696921733551903
0.036928526877797255,-0.091131312149220489,0.23150890725550438,2.48119254987841e-05,20605.050228566073,-9800.9513050834139,21.000182090500427,-45.591026814994706
0.19999995572256715,0.12185051295014887,0.19230044709559047,1.5952883390825675e-05,2853.2461817518683,-9859.9568820077548,-7.1508689581373392,-32.520800714060897
-0.16546126019380469,0.09910977208951828,0.20928194292550151,1.5563370061764825e-05,10137.866768028351,-10666.734985016894,4.5726079096886929,-32.62741359114893
-0.0077281547391674895,-0.090551012061607594,0.23281559253375125,2.0972242807909563e-05,21164.387859807612,-9703.0009098088212,22.286908710492547,-46.986444399487468
0.078180610732323255,-0.080124435795810564,0.22666865669729436,3.4742664109068723e-05,20644.228734678505,-9471.0946144281224,22.511650914527227,-48.035716451243069
-0.14693077471248459,-0.023709955146335567,0.21649033041671059,2.8863820130897711e-05,18220.427099420409,-9676.99451365598,16.73917242211202,-44.019713093999293
-0.052422741298315929,0.0021045830527198152,0.23004254877847666,3.4662354775880082e-05,27749.916826209235,-6874.8558069019,37.069978150803088,-55.365684185473881
0.058826863013610023,0.08983165682020583,0.22931585335705801,2.1357701531524274e-05,20085.301160498413,-9828.0029813764959,20.500977210687942,-45.613062781053799
-0.14701967053964313,0.0095847187593578916,0.21647716956470067,3.7046256352245926e-05,18516.807596913535,-9614.5899602360732,16.925483332308627,-44.297447830705678
-0.045666732094132335,0.10455097429631964,0.23074372265085763,3.1480941896057978e-05,17636.309723952403,-10700.951747659805,14.240215168801482,-39.65816627215726
0.03885798371970775,0.055612212758482105,0.23133104038783969,1.7068358730189396e-05,25521.233162118617,-7899.2006348090154,29.933065851442944,-49.409232787237819
-0.055539505440224082,0.083096552377277755,0.22969111308496276,3.0292321897260177e-05,21340.691163443513,-9424.6203045541133,22.969624856039598,-47.674585720557474
0.092015988352431161,-0.067641953343832967,0.22462035630817551,1.4095536026496056e-05,21286.228881239709,-9135.4131976190583,24.293380692249865,-49.076747788271689
-0.029732296479652379,0.12870030088885986,0.23178035444604936,6.7299098928625909e-06,12076.750044304285,-12050.323969540854,2.6554439842349082,-16.783492295441626
0.051154354299689321,-0.11345401491365904,0.23016171344341374,2.6701765639396356e-05,15416.385505553491,-11251.232295977521,9.0958907969379492,-31.33938253149228
0.038042150021783801,-0.051428614094171196,0.23138500248065705,1.340643853382632e-05,25954.185102846681,-7720.0909432013086,31.38686162551247,-50.897209775958842
-0.037103986022243379,-0.087997465255231014,0.23147319254711146,1.6131359812997172e-05,21140.247684848509,-9613.6646292522819,23.144703322895182,-47.979984438586129
-0.053527203818029112,-0.061927701968062805,0.22995314559723065,4.1744688453154923e-05,24267.184924087735,-8339.8677582866567,29.78638806188258,-52.215785396577331
0.18661427553257137,-0.12059290933655033,0.19809312633127213,1.3460979913869969e-05,4828.0895294588236,-10301.246047462942,-1.9447936342401628,-26.008077691191861
0.077534387184365242,0.086663594696152937,0.2267643288199559,4.6015407902090928e-05,19671.408752274125,-9794.7874051163981,20.577100016353651,-46.984243259364554
0.034031242199047705,-0.051941236274174268,0.23166675005328452,2.9186153074899803e-05,26031.772511647134,-7700.2177100687159,32.763270437927254,-52.353792885756341
-0.052097519642877982,-0.0083316207429541909,0.23007844555106463,3.2817190667397406e-05,27713.933512460706,-6890.3313595288027,36.40066728049802,-54.301957176887989
0.022454222246185023,-0.026746240281710125,0.2323637397990059,4.219003740635365e-05,28112.484775108009,-6811.0652948024399,37.178671069190763,-54.510777336892268
-0.022810307563588553,0.026484128602275701,0.23234520727302035,2.835708509740045e-05,28121.15809251109,-6805.3297060509267,37.048389121135678,-54.256457659257066
-0.10316822869462385,0.10489143109610438,0.22285394918938423,3.8606294729180429e-05,14822.439308122257,-10801.742802551438,10.933627472774527,-36.965466009910344
0.1024441314166277,-0.10447961004978433,0.22297404651954725,3.6980374330923546e-05,14941.691696658689,-10786.53269423024,11.094653409547348,-37.196308775955934
0.071899505093223987,-0.10961604461147811,0.22758717158208125,2.431042464982925e-05,15561.405650497152,-11014.512887013127,10.949727342979193,-35.5758818173191
-0.072384810911662878,0.10906153164072634,0.22751559627660023,3.2246947427515099e-05,15668.79286259549,-10982.951869896979,10.832095201723666,-35.218480338068119
-0.013382585626170701,0.095716421599214854,0.2326795253042841,1.0898237264830929e-05,20142.850891277332,-10050.094384513528,19.178673073016732,-42.950946598742782
-0.18565105386336714,-0.11289697037604897,0.20017605287550194,3.4429181671664568e-05,5963.28670976998,-10425.60386388503,-0.83995000380627083,-29.219661999589281
0.034451487477088365,0.06621098132273491,0.23164270446301316,2.5786691651840002e-05,24439.158118586842,-8370.2695660380396,30.045207581796326,-52.446669405863481
0.098923431238600534,-0.059476693247712244,0.22359772300245404,2.8994054606895358e-05,21587.329933542758,-8982.7617792655947,23.872177294431456,-48.259695931621941
-0.050126092968495864,-0.055467514206516078,0.23031905587607748,3.729665796742872e-05,25104.794931398639,-8020.2863332194856,31.020402741883313,-52.203998454798445
0.13279591075142194,0.13,0.21445299723618708,1.3364358702135675e-05,7793.5418781439612,-11235.126585795466,0.87737164306823567,-23.339764030642595
-0.13339512024570349,0.13,0.21428236688620891,2.118572445093562e-05,7755.28639178089,-11226.196965015726,0.93952406719147075,-23.234623671054852
0.13295161576954073,-0.12953843722778274,0.21446142825461123,1.657625917457097e-05,7891.1174838707102,-11231.119979416477,0.90369377856465249,-24.688454115321594
0.04296222426599533,0.079502417448933035,0.23098055020319852,4.0898430504524377e-05,22357.940794443042,-9136.8056350774114,25.648347635767305,-49.781937266299401
-0.066510919109287817,0.087766471574952182,0.22829758026642163,4.0996578579786009e-05,20081.41250638189,-9764.6245437321504,21.478668674541066,-47.85984328967583
-0.14815332482727669,0.02020430405457551,0.21630933428168597,3.3969032406646688e-05,18149.657048206587,-9691.4747414776921,16.091248983266578,-43.17191523992998
0.14644444935781631,-0.093342968916631922,0.21484357187543998,2.7426207395482943e-05,12944.616972838106,-10597.782808585391,9.4256977082676201,-38.527248202779511
-0.14722505210802411,-0.034413903094775572,0.21644676322827938,3.2652754156973624e-05,17771.914860890822,-9771.4218130736135,15.953379091594874,-43.190147724988186
-0.074288356197795835,0.10289832243089528,0.22724489731005754,3.6787270749499445e-05,16902.066335701726,-10643.573114680228,14.082871743602164,-40.080037658497069
0.069245202637137779,0.073745940997750378,0.22798008178688201,4.1092379902054902e-05,22036.302426276736,-9070.423245150354,25.451962829880241,-50.013594620225319
-0.056220178241116206,-0.10175253640837886,0.22962602751874142,3.434080914839244e-05,17902.17868337722,-10539.641196521719,15.231153606445536,-41.250631249788171
0.097812565820404623,0.098496873224811515,0.22374277535488693,3.4972482020287783e-05,16365.238129841133,-10508.78521248928,14.203844538505342,-40.678886319033282
-0.064948057881910465,-0.11665099682235151,0.22853183907899677,3.4315093094325196e-05,14191.452864258739,-11401.329374809613,6.7013711757268641,-26.90028283241919
0.06477566071496528,0.11666886392745046,0.22855388171060373,2.8043097361030265e-05,14187.538933114603,-11403.897337613782,6.6031734488627505,-26.605056176442059
-0.068945212247091853,-0.12030238390913012,0.2279835856976786,2.6160915747432335e-05,13153.956934236921,-11564.083644493378,4.6096828265224881,-21.307693957836392
0.067822736808613976,0.12059098962501656,0.22814070523049138,2.5375839440069675e-05,13122.919341962595,-11580.522233601316,4.7065375678119441,-21.162006723455654
0.11535693384911297,0.12398550490002216,0.21958095332287533,4.1473750859710861e-05,10146.752376311293,-11372.397150530429,2.8487257325952071,-22.834935811145911
-0.04657891513292263,-0.050664744073536508,0.23065133137711416,3.1678389099048138e-05,25720.448972988215,-7780.3170855387816,31.636443235396534,-51.431238649099029
0.053141392900364549,-0.071545981044104756,0.22995203310378229,3.6201033929467425e-05,23121.703426595279,-8785.4612939073795,27.179272155713694,-50.548955614415135
0.097299110815223203,-0.11925389938164728,0.22348326382480571,4.1247142989151918e-05,12155.485655000439,-11383.133610795954,4.993769717256356,-25.169367495720149
-0.096062906030633818,0.11915695431419349,0.22370592706190093,2.2469596664184167e-05,12242.641441908479,-11384.578714411418,4.9197208506981287,-24.272050502923783
0.065129571709212811,0.067739024829920017,0.22854092940094606,4.2908611839162373e-05,23022.247857829465,-8744.1404532524775,27.272038951439772,-51.29266847482296
0.10711560077144903,0.1115683627096648,0.22201725022636562,4.1897133614629901e-05,13255.092073508795,-11060.32499430956,7.7844873149630285,-32.250710852320104
0.078460956351871877,-0.10381142458851943,0.22662715208084103,1.9001702103031736e-05,16501.288376790544,-10704.065880657627,13.114041604251662,-38.753771152157334
0.074718362874093378,-0.088978872097237538,0.227181235669113,3.7479645273793618e-05,19453.086333437757,-9891.3594634266428,20.06259710840839,-46.54025961022073
0.052791416438549912,-0.025851955808423987,0.23000185576973467,2.7984369463751383e-05,27150.250706060899,-7136.8582750060341,35.660183656403611,-54.632034991415821
-0.069830289474470952,0.082008361783703868,0.22785539001077057,3.978723710129448e-05,20826.661951378643,-9485.4003518672398,23.256206345364209,-49.15209295333004
-0.040767068389776076,0.052335801000717497,0.23117277497243863,2.9317800688932315e-05,25773.393725983184,-7785.8928759004011,32.048514019135574,-52.095352377610418
-0.085286010485559102,-0.085161884605263916,0.22561671626754809,3.1839480845443925e-05,19432.410341282539,-9793.5681131535948,19.991813099383304,-46.537009595949577
-0.10129601331837726,-0.10274427125333391,0.22319513711113106,4.0156611082362961e-05,15343.870000159912,-10712.984678424487,11.635322886600024,-37.786894518647415
0.10312427046169412,0.10591881823271276,0.2228745974791399,3.3404741848194339e-05,14621.500942282861,-10846.961609925578,10.348620244272078,-35.777092253050007
0.049842586953270131,-0.049032211079866522,0.23028963575392522,4.3923536057378438e-05,25725.858540472524,-7762.7196170406341,32.890466124105615,-53.573453865567473
-0.1476276782406245,0.029750818801709985,0.21638715522286606,2.635021376731666e-05,17910.752245041767,-9741.3171017853856,16.10433773478589,-43.518930330606615
0.068333198173110801,-0.068861627199390499,0.22805937209543833,3.498690982166406e-05,22746.407745485765,-8814.2279454430663,26.26933325402922,-49.688804785111891
0.03675489197878419,-0.04732903701882539,0.23147025727210441,2.1996085375803951e-05,26366.037713273363,-7547.1527638759226,33.311201355385919,-52.763787801999889
-0.10070195919487696,0.065342160049363232,0.22333441544374996,1.473651566471208e-05,20823.34257000974,-9213.8476764753595,22.894256005136501,-47.698448619339537
-0.17563377069968136,0.10256612348015134,0.20564849754584588,3.9981013524691494e-05,8480.461375322293,-10617.13823613191,2.5093845247338531,-33.439625194608368
0.065368277004320713,-0.076876806041958221,0.22846410484124771,2.9337051653684009e-05,21828.003284537241,-9174.1527473717888,24.424937402587712,-49.124558999908821
0.099020702963154267,-0.11366773221588092,0.22332460774652052,3.0862455053591851e-05,13284.506370064011,-11167.396823431487,7.3270820874701377,-30.580386078064354
-0.099258688077104071,0.11492837031839864,0.22324457499897424,3.7883471192406304e-05,13016.491336705678,-11212.815290496672,6.5273073328195936,-29.160611873120121
0.087058047441835651,-0.087030316729449386,0.2253543696886012,3.7585120566909511e-05,19023.965941734557,-9900.5538077922865,19.233439265958001,-46.0177142139542
0.13779204069704581,-0.087164385298862293,0.21715269897073283,3.8940334412550213e-05,14618.778426261772,-10428.282955790413,11.684933723391843,-39.555317972149403
0.06077914328247775,0.06297227414440483,0.22907692571433638,3.6098214071490907e-05,23826.715755657588,-8462.6613004095943,28.485494192815604,-50.963426081886368
-0.044780019349057398,0.032791174606066169,0.23082137005378278,3.5535244274026385e-05,27124.243214590784,-7186.8092947776222,35.121488717993635,-53.967372455056235
-0.080685991879845279,-0.080476190476190479,0.22629773995614938,3.2529133785296643e-05,20432.552453868662,-9518.9095317099745,22.123282273496983,-48.185132162931573
0.065010265857908256,0.058704124747052132,0.22855493505759819,1.6807983081709632e-05,24065.86734189187,-8341.5954714190648,28.657227126513668,-50.398372038912264
-0.058189586216900381,-0.091089624483284573,0.22939369862610406,2.6029859447650666e-05,19885.177907588117,-9900.0380842541017,20.424583241554657,-46.03182094172832
0.022970749597770512,0.025106255424116677,0.23234226170505451,4.3285478066269937e-05,28163.349264773446,-6790.1255765702981,37.643813328696737,-55.009799931434749
-0.036878363175221869,-0.036576496685706082,0.23151329997597417,3.7706294655786838e-05,27163.137834610152,-7202.9428717656738,35.457029143274028,-54.436108179109212
-0.14682912157121922,0.12138936705450025,0.21152512385646915,2.8292982830398622e-05,8567.3823600042469,-10984.311677931213,2.2127434656761702,-27.135033355372791
-0.14993925631279603,-0.11474315468667465,0.21160941879418133,1.0754733763605717e-05,9473.6917625939004,-10891.477720945004,4.0097831360614782,-30.343214588495059
-0.04890804336757585,-0.076342825345255064,0.23040760636046834,3.0984752627429739e-05,22617.414698116383,-9005.9637046281259,25.821125802927487,-49.798247045269605
-0.051676383116350012,0.01209969856105295,0.23012492905506407,3.7359106307421883e-05,27657.057316098941,-6919.3252985420459,36.790083707922768,-55.014869574276858
-0.044749694833576298,-0.070589160205759394,0.23081833836054522,3.1264597376117442e-05,23566.705454114715,-8664.9737020537559,28.012629600414908,-50.971075537938738
-0.14749411769347867,-0.045440029031542685,0.21640520552750064,2.8136957915059651e-05,17165.92631778141,-9892.4762176556796,14.766815844791985,-41.459087456029401
-0.076231427578995425,-0.074285714285714288,0.22695722942158503,2.9579866427048301e-05,21575.749269504504,-9173.3700040928106,24.000684175026112,-48.859423294015471
0.12784130614605976,0.077051698368578725,0.21924952872947157,1.6469114215511243e-05,16864.939100529376,-10066.84800751353,14.972089673017045,-40.810237751161978
-0.04265395437285243,-0.066077674090747107,0.23100754469125062,3.5019919304312611e-05,24216.743162369337,-8419.8536496031411,28.139209828212067,-49.854660259422793
0.20000000000000001,0.086708845558161801,0.20041805281859501,7.8448543069708921e-06,5984.023606009373,-10380.672049076938,-3.7055859963240407,-41.462611010210203
0.09832415376897341,-0.064375682816277952,0.22368644485074266,3.0120354688578068e-05,21131.188366184026,-9137.2370937460128,23.517272543906007,-48.835975087115202
0.16020364603059292,0.12690476190476097,0.20640815034732551,1.1133976842647007e-05,6419.209915830631,-10781.214147813042,-0.067856046595108702,-25.541276068535225
0.096989500811027196,0.092867899928340714,0.22388403759075767,3.1498913607311828e-05,17384.830838551679,-10257.887374847995,16.3532384837529,-43.452102098563181
0.14618230217157144,-0.12524620551514185,0.2111569627151845,3.4174362255282156e-05,7859.867148925453,-11016.506879931023,1.1655551417457504,-25.011808847848126
0.041342315850737589,0.027892936575734162,0.23112240187062968,1.2070164786062645e-05,27536.371346779088,-7012.9854415189993,35.778456877320849,-53.799454632387182
0.032377358980619525,0.01980118155778544,0.23179817496650679,3.5127053136635226e-05,28161.662061505031,-6762.8936245388068,37.647080242841433,-55.047191905369999
-0.080913411819055467,0.090699283642855288,0.22626407088236128,2.3389010356299147e-05,18821.295069062537,-10021.593296103792,18.77089831304859,-45.072223281900143
-0.0053315459677559345,-0.077386686319982884,0.23284341343630727,1.9223280093010108e-05,23375.172164342064,-8868.035044833714,27.210991164764156,-49.883052403374791
-0.053121927034156718,0.058029908903717627,0.22994513353758103,3.8521444368794026e-05,24729.192007542752,-8152.9539441122533,30.321128407695401,-51.794231710023844
-0.059946813055894166,-0.052984154035799029,0.22917864127778273,1.3158128773499127e-05,24924.406218816519,-8030.6306576123552,28.461385445622909,-47.953447448430886
-0.05470688555376494,0.1153465438843209,0.22977067614827404,1.9755214109487271e-05,14844.468954814052,-11354.319858049883,7.7243833516952476,-28.477288597459427
0.032624862110732192,-0.072254156758332772,0.23178723324708458,1.3929991401291883e-05,23713.133013092473,-8665.4394651224175,27.408292356892936,-49.552450870525782
0.11796455305073486,-0.073545657969368836,0.2207780062685992,3.6329344615787781e-05,18269.280610638132,-9812.9724407640006,17.650760390072421,-44.171450122037278
-0.13267027593468994,-0.099450697080006575,0.2175163735262208,1.1804176176966064e-05,13443.020816734352,-10682.766436247066,9.3245781865202932,-36.031971763447281
0.013094153899140601,-0.12891600714911106,0.23272128336372178,2.3300422301874126e-06,12194.755812359157,-12089.934574097881,2.5850176153887245,-17.235032352050325
-0.12503925834855134,0.11902219093320932,0.21765728802752007,2.7054162580658953e-05,10595.577903096459,-11177.992042539119,3.9822551309479208,-26.378710941071734
0.12446968661581444,-0.11872355886649763,0.21782182339008571,3.1653943765743727e-05,10706.236642849828,-11174.312186657331,4.305379766546924,-27.636907579939479
-0.07296644234126852,0.077186081522134561,0.22743170880603947,3.1927752317133843e-05,21369.937018720851,-9270.9999372807961,23.794666104024472,-48.628590584849171
-0.030317450611199705,-0.04689542513695337,0.23194931240291161,2.3219520634484651e-05,26598.903202282054,-7466.3973620842653,33.350724196674946,-52.14522609729093
-0.14757165998023666,0.040662984325003107,0.21639544861591253,2.786308821212563e-05,17419.368615013191,-9842.6096727335989,14.971162476805057,-41.668875135084917
-0.025530716971111592,-0.041350040378864722,0.23220748321315382,4.0227763236786001e-05,27139.583156493431,-7247.0270342752547,35.41284659972137,-54.214153417206617
0.010592764271232642,0.084348013009024989,0.23274287147967349,2.912438114949315e-05,22239.855891238141,-9302.9694747821868,24.238981948336729,-48.312554552818121
0.11358854150686988,-0.11341568705463112,0.22061130774344653,3.6448010619761459e-05,12467.060643954108,-11100.980762220204,7.0029859968631136,-31.650144824551877
-0.11135737796684862,0.11412806801214247,0.22101126279532293,2.8170482399929132e-05,12461.18773083033,-11135.298115265176,6.5875177104680622,-30.422878681492765
-0.12869425740776913,-0.11494645646113806,0.21717756700949362,1.6032638892595931e-05,11141.255089783734,-11061.257070809344,5.5808669999375082,-30.950122075564121
-0.064827631860958315,0.062847767212411615,0.2285400768767625,3.7347287632584343e-05,23618.526656883521,-8516.420619629489,28.854100790543445,-51.892903597513467
-0.024666220384038429,-0.045864889742609535,0.2322530116109249,2.4530233359638864e-05,26806.11918788941,-7395.2296106858512,33.949059575017344,-52.744701092991114
-0.083915340086126972,0.080443394093340684,0.2258196413187899,4.1714935982244415e-05,20214.01202799756,-9559.8982213806303,22.484805963634027,-49.048320364910268
-0.015224439643739259,-0.08668774594679679,0.23267832137802241,6.7901595179469043e-06,21807.257322506717,-9452.4153219261188,22.643086694737409,-45.553269200696107
-0.18489166477750021,-0.11886314513744707,0.19912690392150836,2.665425075202199e-05,5266.8030357865655,-10368.243090877229,-1.4556326370509258,-26.842424840574822
0.039860562216076749,0.11429938839659569,0.23125017473676882,1.7335242057465844e-05,15506.718428737438,-11311.497190127038,8.1161084023626717,-28.498768167455601
-0.0046240642810559205,-0.10495244577826358,0.23287014792708496,1.6580304908706004e-05,18203.466094377887,-10698.166571300204,14.274466512512708,-38.430486318881776
0.050732425814453273,0.032011403438703456,0.23023207572195689,3.8405860048927017e-05,26928.913241083934,-7242.6413474595547,34.99498545133897,-54.130109791449321
-0.1370119626927799,-0.086452699262152516,0.21736143575219513,3.6596177334224128e-05,14789.515534817261,-10406.093029663023,11.871982666626705,-39.544753508805954
-0.0090319637256567487,-0.11126579341387088,0.23279267766930067,2.1907788534295862e-05,16689.333403266737,-11131.401574274232,10.434232428638417,-32.52866723053225
-0.041918778269566324,-0.031199335432810664,0.23107192237774477,4.1551358273525602e-05,27335.19792067181,-7102.9417698980251,35.323919515940347,-53.654652464982462
0.1893899712344087,0.11909566466248769,0.19736487443153869,1.6257749623506681e-05,4690.2927834969705,-10257.630174055594,-2.1070721882724279,-25.85617877324454
0.07123919502322329,0.083393017763264077,0.22769573610660115,2.5537977002203677e-05,20548.146731411405,-9567.1471484072481,21.469241037798056,-46.410914097117541
-0.050187564769045859,-0.072101885921910358,0.23031335721383428,1.973527740844269e-05,23162.832817716582,-8788.2463694582384,26.659328021733682,-49.321120368450316
-0.19454669587506157,0.028869416034797132,0.20875345783395913,2.7842490438182293e-05,9665.7591166643069,-10674.800936055046,1.1079862240509664,-29.012492697916841
0.19503934277933022,-0.029678386625217993,0.20861684224119209,3.1126883565624128e-05,9539.6656973483914,-10673.148950198871,1.1942751360863715,-29.023348281671232
-0.13439647712600816,0.12306563528816682,0.21484167482087763,4.0343171757139825e-05,9143.7450947062644,-11153.878292184663,2.3665980579154837,-25.711327264779158
0.13440607789699885,-0.12090792484575508,0.21507607129685466,3.0779195381278794e-05,9589.5645736697206,-11121.634939818372,3.2416873140743925,-27.384053668917133
0.15457633487323638,0.12633047475704717,0.2084173506999222,1.140604232599072e-05,7009.9789256426629,-10882.651157251425,0.51837943876235482,-24.832108325162814
-0.044185515184427038,0.048093394121899724,0.23087342942099964,3.8867536372960796e-05,26039.840425748127,-7658.4867076302389,32.519211063337671,-52.442593593601686
-0.19488148303485706,0.040195644226390104,0.20797362978800407,2.2963903733414435e-05,9344.9925619192545,-10653.486069473913,1.0598033774679776,-30.038028308560314
0.19513499143664711,-0.039646223972669974,0.20795255396813944,2.4040144043430192e-05,9299.1586050059777,-10655.284590517915,0.94389726170493726,-29.892427229581443
-0.1945858469955864,0.018497029482582757,0.20915557005047236,2.5097597118434366e-05,9806.8923943296395,-10687.485694106996,1.1251774915225896,-27.338895977870113
0.19463483613401808,-0.017888603330079259,0.20915941349779282,2.5574783419411794e-05,9803.4778614903589,-10688.195516299696,1.124931085947398,-27.353316526973391
-0.12857807047432837,0.0020423852793359093,0.21920741210863076,3.0480330403786998e-05,21117.136159224312,-8976.854752495803,22.761084154713018,-48.56248467009123
0.1946750664557666,-0.050357156496807685,0.20714285686934564,2.8895514171127906e-05,9062.5024804699642,-10630.646173332761,0.87636911399287221,-31.99347149737461
-0.19475186834928537,0.049516728306029073,0.20720227666907992,3.4074959177537736e-05,9077.6697035901998,-10633.890877245372,0.72052922022299959,-31.516112538462291
0.13836302517675919,-0.0060752620107457078,0.21775876884967341,2.8303337117806801e-05,19793.480840844535,-9317.5159904148113,19.505865128919837,-45.989011850882711
-0.19483185942118936,0.0067725610729374754,0.20933670036740487,2.5977127381471235e-05,9831.7817550090422,-10695.27159938831,1.164603512427818,-25.674684556886596
0.1952510676208925,-0.0075451792436633082,0.20926692080895964,2.527452801805239e-05,9733.0796697517435,-10697.570636518274,0.96165320433275692,-25.944933957750607
0.12831122553296209,0.0022435699367263301,0.21924691797628706,2.3609763696246325e-05,21169.210003923938,-8958.8561162479127,22.157209184920809,-47.043415778899018
-0.056999860182074515,-0.11486933152566869,0.22953902722389763,2.512990093367625e-05,14890.481139559082,-11324.855242969817,7.5131962699497175,-27.901222829646265
0.11883575608165244,-0.00035804798101810118,0.22064974255376682,3.2388390374494797e-05,22331.464176936792,-8634.1622444373716,24.876207606528062,-49.104101178032494
0.13782989157408793,0.0058162351339281328,0.21783769822881927,2.2804571410652919e-05,19878.799750088041,-9293.7269360221926,19.621214851353802,-45.721700708426383
0.11555928012987898,-0.10769866085868023,0.2205324401526457,3.6946444360040702e-05,13425.573230470069,-10914.701211402866,8.7969108278960668,-35.427966332724694
-0.11442793499212486,0.1094503792935633,0.22066230696140909,4.1940866838742586e-05,13182.697838597116,-10971.051394655407,8.4580400588506546,-34.596003470646728
0.10957326600520276,-0.0027968268141160975,0.22202103595455025,3.0972767779873832e-05,23357.546009352616,-8332.9867777225154,27.727543840807865,-51.765314721486483
-0.1195085046347856,0.0054017914832894679,0.22055014345636603,2.7932076188914074e-05,22228.951091375788,-8664.6763407067301,24.845349978936067,-49.131576164487036
0.092155770237532644,0.086829255259034191,0.22459966187557626,4.1975433880344695e-05,18703.575441981971,-9940.3004601452758,19.054293539188855,-45.873355467034827
-0.10031991261715427,0.00087796958414869657,0.22339097668662297,2.3324154895234408e-05,24344.858361812207,-8013.4483260198276,29.084265600748335,-50.960536132085736
0.12893746947053886,-0.0087713517561405462,0.21915420379556549,2.7061147891137739e-05,21020.486322759403,-9003.6097336288058,22.302160141068679,-47.921464095594573
-0.11032121724544938,-0.0031697472190577399,0.22191030324753597,2.9759511200173993e-05,23281.701054167526,-8354.5330515119294,27.416887722594566,-51.261165433762336
-0.19524201027372032,0.059454335184915975,0.20601429718240147,2.7627628560259676e-05,8577.1890108874104,-10602.376106417467,0.43084365036553041,-32.591591496390144
0.19536668101158672,-0.05985278430306399,0.2059304881526838,3.1657748667734238e-05,8539.1386388337487,-10600.209900303116,0.38858880147703895,-32.702300636295192
-0.070389682788219277,-0.067828699479511284,0.22779653771931452,3.6864476740579229e-05,22732.477008221675,-8809.2171116943337,26.882811915546874,-51.136409844727055
-0.19475040338785521,-0.0028697239816952869,0.20941072863692825,2.5853681958303601e-05,9863.0567765654741,-10696.916798488517,1.1123597537649361,-26.040700456901927
0.19523809523809524,0.0041690673003645408,0.20933852681967063,2.8710571361058365e-05,9744.5045396999012,-10697.573269428745,1.1319075038224833,-25.692575215482929
-0.13772039494628671,0.01055927259934022,0.21785390898876314,2.6391366684348763e-05,19827.660198578211,-9310.3955263234438,19.644189900530353,-46.205165026984375
-0.12003384640178205,-0.0062345401116473739,0.22047236764313521,3.1871995432278225e-05,22156.813336784646,-8687.2289142767768,24.566734987435456,-49.192082300886995
0.17194640591350249,0.069395811731108994,0.2109404332970673,1.8088571940299537e-05,12071.624400462944,-10527.395783446093,6.5437892029216433,-35.892251393096821
0.18551577407933453,0.0022808586258599764,0.21077789730592933,3.1206646990085631e-05,11892.288553545524,-10604.649136841379,4.2963781530792904,-32.493927289187283
-0.1860271094247177,-0.0018298049093194283,0.21070219511581373,2.9341920380284463e-05,11791.406759753148,-10610.315301095861,4.3026327674966574,-32.150792013648257
0.026742854562749989,-0.043667913624785212,0.23214364642854349,2.8900521292700017e-05,26927.166003908631,-7338.2678327990971,34.645454585916895,-53.515903301730539
-0.17720238310521774,0.0019287749352159369,0.21200867845515012,2.6996196875601403e-05,13539.388388556123,-10450.815694984107,7.5535646262020064,-37.212001271697154
0.17743141895401796,-0.0015768271530918251,0.21197477014913194,2.4877355307070291e-05,13504.396400335512,-10451.495160325048,7.6357428810669115,-36.684706902297904
-0.18591799174210416,0.00943432375441711,0.21069430797209426,2.7150394980307405e-05,11775.504970195623,-10609.759303157789,4.3753949784955939,-32.722266498908269
0.18603536072307805,-0.0090210599049702286,0.21067864254648039,3.3259258471043845e-05,11751.924118770557,-10611.517838096752,4.3829232175866721,-32.831429923638439
-0.12902460949640004,-0.0090315101419476199,0.21914130288647718,2.3374604150962822e-05,21013.800250811808,-9003.8902462642072,21.917673785789574,-47.08401307013829
0.099479986377669097,-0.0069048923167738989,0.223515326111005,2.9947521750088077e-05,24384.208145119755,-8004.8615623221704,29.229428078511457,-51.309483079974008
-0.090753823074352077,0.0030119689054364397,0.22480721739004902,2.4883089552633757e-05,25225.408887734429,-7727.1833955005304,31.08215444941132,-52.216548462810245
0.16770774558027055,-0.0045806142528098566,0.21341434082815436,2.8085614536262162e-05,15248.656446771436,-10222.335237835969,10.808815399211626,-39.82524974822531
-0.16642377846429407,0.0048184001749864459,0.21360442962916029,3.0307269685106305e-05,15478.981817277496,-10186.634273134512,10.940762280255463,-39.43591036927576
-0.10907890381465181,0.007993761109914909,0.22209422530254455,2.5201519644659427e-05,23381.342661925417,-8322.9015670097851,27.331857078755142,-50.696759880754328
0.081239211730724112,0.0012894457876966611,0.22621583684754346,3.0208347093225641e-05,26006.706442899158,-7466.6791216735865,32.94442348701407,-53.216990899909618
0.19465068336259081,-0.070556811186666415,0.20474500152936093,4.2912051012714017e-05,8148.465857023808,-10566.659511388745,0.17129243286831194,-34.47737846256188
-0.19523809523809524,0.069758937524738163,0.20467441211706014,3.3705032835067995e-05,8076.9052914058075,-10564.989885867881,-0.1280321304512064,-33.847716567232489
0.090213216047738062,0.0031260832556607937,0.22488725319488057,2.5085234728003684e-05,25259.5366217968,-7721.3682747027106,31.379893214453521,-53.066267326982505
-0.13820465768431822,-0.011453613702963493,0.21778221484480975,2.5747193881949767e-05,19747.95211316918,-9328.4186720435664,19.655489082419606,-46.17906713478235
0.1001291845236795,0.0048872143234932374,0.22341921360496428,2.4951544164999592e-05,24336.629334228401,-8019.8256299737877,29.389976892958533,-51.648141758649764
-0.15703209340777963,-0.0046552689941318755,0.21499485009211761,2.5415621649898086e-05,17030.198080940725,-9919.3319862234512,13.68195349204543,-41.624238349333609
0.15670816899122836,0.0042737221624142641,0.21504280646357962,2.5714773800371514e-05,17081.655032206498,-9909.7200221187031,13.682576396193621,-41.644045635478896
0.15736998581585407,-0.0064043058341084185,0.2149448257870395,3.3389827704078056e-05,16959.656151539781,-9932.2707559774572,13.905318112101934,-42.316850497793617
-0.15686178556033981,0.0067042221193938873,0.21502006383327882,2.9468747384903433e-05,17030.635937403466,-9918.6312424508687,14.522652206559536,-43.290239844675526
-0.042798981985553257,0.0042998379885326125,0.23099484495557951,2.417750059965664e-05,28166.387978313178,-6721.7551799666662,36.585129007278404,-53.641686580121394
0.043238791490567093,-0.003709260603200279,0.2309563318451773,2.3450473264616286e-05,28159.742543323911,-6721.6792174466873,35.950944910710191,-52.742080181143528
0.11949923607872986,-0.011756637902500956,0.2205515156478231,2.519612847817732e-05,22145.417108441448,-8690.7801854098434,24.602994718572404,-48.924764119345802
0.16625740792972493,0.0071469055841908262,0.21362906045891089,2.8390436678728114e-05,15482.29797732228,-10186.226206564103,11.225776132598977,-40.474004775665257
-0.16712251275703158,-0.0068770688560234362,0.21350098339422524,2.9432160517686401e-05,15329.305753391813,-10210.972699602171,11.213219565042127,-40.998214281123474
0.18557618263347075,-0.021195309126637248,0.21062831721810649,2.4545703395813576e-05,11714.931199447836,-10603.438482836083,4.4830246829696048,-33.199295733140943
-0.18574418786146155,0.020612839003789248,0.21060679662575271,2.6293032508466707e-05,11686.666130728834,-10606.03796167902,4.6076034554324288,-33.642169208850113
-0.17580590222983108,0.012448816221671414,0.21221542469648827,3.020122411752033e-05,13734.538376204375,-10423.056957533025,7.9906303758054564,-36.961929972587861
0.17586690737407379,-0.013134782132810507,0.21220639300511548,3.0391742063741866e-05,13712.891853886038,-10425.950317170071,7.8144783673740887,-36.963251771107238
-0.080952380952380942,0.0055281257911755062,0.22625830157897497,2.9063492498129162e-05,26002.373129035397,-7470.3164918219172,33.276640017307905,-53.802258896465901
-0.17567716635854061,-0.010085910207536179,0.21223448378851295,2.7418343363605416e-05,13778.500628280368,-10421.525335237333,7.7073920097405608,-37.027014080098276
0.17600411178229355,0.0093358569758823871,0.2121860801628887,2.5714931285644394e-05,13722.152913607442,-10428.529749655185,7.6917000235468391,-37.108636962044677
-0.071951801109785038,-0.10143152746218774,0.22758028889584486,2.5460256269997678e-05,17302.029766367468,-10558.576401117323,15.091526073367975,-41.258592963361963
0.10997188680948464,0.0089186621071899973,0.22196202093010056,2.7122701893274959e-05,23282.133477852116,-8351.2268891513195,26.643000576296007,-49.862698928816542
-0.12856311971016235,0.013695939988911011,0.21920962553979975,2.5724802207626061e-05,20991.794607503194,-9011.0263691079817,22.213922911113645,-47.693112816380022
0.19609481216307337,-0.077880727728907778,0.20320509907933257,3.8202686242702167e-05,7416.6315536712409,-10516.400509816014,-0.73760134819164436,-34.959908412306973
-0.19497208308645886,0.079834744667622054,0.20323659448228998,3.4717220093723425e-05,7517.5410721117605,-10519.558200922802,-0.59843679300505004,-35.14951538694843
0.070737707975624481,-0.0029560473092998495,0.22776193241078008,3.1664906660463592e-05,26737.725998125323,-7221.299983387491,34.598886782120644,-54.216484255440662
0.18522372732262268,0.013376768972126259,0.21081614127263595,2.7573813088175919e-05,11879.921013126237,-10601.19421006962,4.5402143052270034,-33.085747645497101
-0.18571428571428572,-0.012476372650062541,0.21074850804961265,3.3886851856334103e-05,11781.068481448121,-10611.500548416489,4.0092721884305016,-32.452796904762501
-0.013400626652138616,-0.0096211871812762403,0.23268426166818881,4.1699900495081281e-05,28811.580012490769,-6502.7519034473025,39.248711742963572,-55.734337752866324
0.013783158042188081,0.0091771800315039297,0.23267504080028362,3.1474126376773057e-05,28838.223540435371,-6484.7738735696967,38.04010309241815,-54.152776043360177
-0.16623858617136439,0.015097315279277048,0.21363184698314117,2.4024188126786975e-05,15394.715082572993,-10197.664516313902,10.773707549191636,-39.401728670702823
0.16692671675700668,-0.015195987038131896,0.2135299706061432,2.3028066844910253e-05,15274.4162898863,-10216.474199532366,10.424941604361216,-39.02034939887875
-0.19523809523809524,-0.015259166519337584,0.20921343658169708,2.5721607431515169e-05,9693.2816914958039,-10690.911441660241,1.1605091513747057,-26.815026512667671
0.19478190817498894,0.015299602478296013,0.20928554897484955,2.7011840172633575e-05,9795.3626905187248,-10689.819678618402,1.1813020133139664,-26.580573511299356
-0.078774291106335298,0.10338206040650388,0.2265807634879804,2.238928020751296e-05,16581.455191927271,-10678.44202503124,13.672117358576195,-39.346239011152612
0.090437611853192185,-0.0087067060984292871,0.22485403183813493,2.8650356312287833e-05,25177.75151245085,-7753.3619906555132,31.505882444631713,-53.304115489441052
0.13796215303816814,-0.017560026918873303,0.21781811717973051,3.4552563231033655e-05,19662.827584703242,-9348.0466568503252,19.564048342300971,-45.96870928008795
0.15573187147551168,0.099068072425167353,0.21194509881847765,2.3319240490619106e-05,11223.047861573383,-10691.520885196749,6.3159788657204414,-34.973847018511975
0.10458059854905513,-0.099047619047619051,0.22271084668735672,3.386407012043489e-05,15783.732389065062,-10567.872577970638,13.187770511893465,-39.830307132425844
-0.10484562159991903,0.097881541880337097,0.22267143102285389,4.2304408635241184e-05,15961.987873061302,-10524.105604573753,13.699861370870872,-40.784380002552162
-0.071349441578794651,-0.0027767517527182636,0.22767233479022658,2.6569527573783609e-05,26694.9899743239,-7237.5945725703914,34.6757077497547,-54.510608724024642
-0.099557259352103911,0.01115926768628867,0.22350388599943385,2.5411336508793596e-05,24311.724197696167,-8032.771902753072,29.090315725147903,-51.491305081826724
0.11870746413552807,0.011702091642203273,0.22066873592354555,2.6904132978010604e-05,22239.964855873925,-8664.6541665585064,24.848479914381091,-49.432759592420133
0.19527206450066578,-0.086039276549870841,0.20208509462652777,3.4934511482666749e-05,7032.5320577567727,-10479.807019664611,-1.1830052998817642,-35.000107995840679
-0.19406887504983411,0.087170292100489058,0.2022749397912145,3.3851704639196667e-05,7189.1797410998688,-10490.168081302871,-0.96808452057621819,-34.695916623731016
-0.1859874881676456,0.031651545245188699,0.21027067205470457,2.6580042945095735e-05,11418.665161208004,-10607.789097416984,4.340776485226467,-33.904862979011085
0.18571059076065308,-0.030929863096779118,0.21035218231810662,3.2804794846819974e-05,11486.204222714972,-10607.224695874909,4.0671461220737699,-33.635397490274627
0.10027334249451438,-0.094611197281097098,0.22339614991063234,2.4802689528235674e-05,16853.503882352888,-10360.147555089085,14.903307566036029,-41.666222023946794
-0.080280112792867286,-0.0057913605622925673,0.22635782955504719,2.5028471667154767e-05,26053.972114166863,-7452.3386717029916,32.919314586777539,-53.108500961351297
0.10975841195198627,-0.014132007281726032,0.22199362546202495,2.5293689704057016e-05,23202.882143483195,-8380.85484836051,26.777345706679057,-50.297390589675103
0.040452386423056257,-0.038788288679972027,0.23119429710993858,4.2948174124064183e-05,26895.772940095103,-7305.491979036693,35.216491158036909,-54.493807960772187
0.12823043439461884,0.013904886198463591,0.21925887894509108,2.7189649782324321e-05,21027.22028769079,-9002.7846353287896,22.332332918718883,-47.888126313491064
-0.19464975945633711,0.12581070694659391,0.19348009278858286,3.4308877980098174e-05,3098.8038650328904,-9955.4218864980721,-4.5487484750329212,-24.4953047519938
-0.14710547150821551,0.051412089783555263,0.21642984049812114,3.3154057908512188e-05,16835.521976336149,-9959.5566967591694,14.474835728323368,-41.615228847391194
-0.092316189105460092,0.091497735774662317,0.22457591217834211,4.2690666995386819e-05,17945.100546914862,-10156.561690344446,17.151970963660958,-44.085736331845155
-0.11847558859754889,0.015898718207014821,0.22070306463995004,2.7157895561301564e-05,22176.12326317354,-8685.8018317517271,24.916644989838748,-49.620094280199723
-0.090320596890428942,-0.0076784387205874943,0.2248713556727524,2.9423325713547462e-05,25200.255031424891,-7744.961389606684,31.857448915692142,-53.748085752546082
0.1380952380952381,0.016651020266033358,0.2177984141993228,2.7076856082082379e-05,19663.049641038942,-9349.5547851828869,19.573806124530666,-46.265744627459242
-0.061882204043956009,0.0011277065329498659,0.22894263430096987,3.1307730382991064e-05,27280.394656624419,-7032.9958691806305,35.388362619453353,-53.865549453768629
-0.15654142619262812,0.018151768410136444,0.21506749240628631,2.9956082662814418e-05,16914.743506026156,-9938.0888085912611,13.96947438042675,-42.375638411498194
0.15788067580201082,-0.017554789799630387,0.21486921914108545,3.3163300687874326e-05,16713.321148035458,-9975.0572302426135,13.80783883791622,-42.474153195314422
0.0508235003041939,0.049630500168696835,0.23018965411628584,4.5232813903280049e-05,25633.152671800472,-7797.5597220257214,32.467706404325476,-53.397759096307112
-0.11720740411656864,0.096146666006827253,0.22061371377630012,3.2537710848787491e-05,15283.847451537025,-10528.005011446121,12.5488166924141,-40.038026503176013
-0.17536226174397657,0.023154957194999402,0.21224007353066984,2.9623908053933523e-05,13620.707697386424,-10431.196399441549,7.8337118124069285,-37.336701225288806
0.1761904761904762,-0.023439203212427311,0.21210969802228455,2.6264207976806131e-05,13468.673468172599,-10446.973439497349,7.4641808030903718,-36.61042447592893
0.08417696974734469,-0.092350380879656593,0.22578090756308106,2.5117367965801577e-05,18339.327684868829,-10131.73309728499,17.624894522935104,-44.052541870314187
-0.074181924657575962,0.072037439963850702,0.22725810870985519,3.2588932430869827e-05,21986.820178883485,-9046.6117747002554,25.178897026204723,-49.778564678385003
-0.070710824330536173,0.0080859399305438905,0.22776586992642295,2.4890472126472636e-05,26684.124917062509,-7245.3151061019635,34.909937257644607,-54.703918739994094
0.12877490160098831,-0.018989586133460974,0.21917827164825457,2.9874785217552823e-05,20839.391541542831,-9053.2393667801844,22.030558495382195,-47.536743561964926
-0.10055082253757906,-0.01092914646969846,0.22335679092799429,2.7467570250443942e-05,24213.223857041012,-8065.3105572130553,29.069322326535687,-51.601896194096007
-0.12863529704848026,0.076313866470370265,0.21914068317373678,2.4034944501915847e-05,16862.122099551583,-10061.418212640412,15.000049582718189,-41.093050748357292
-0.15458427010036763,-0.099746044070234283,0.21217941978419549,3.5520018255562581e-05,11248.294616593281,-10702.173256435199,6.612332986577286,-36.053758894031219
-0.15733399635312337,-0.014575985510789457,0.21495015395606673,2.6681515932734595e-05,16859.904739229547,-9949.1225626057585,13.934957351379285,-42.323175851388449
0.15691609303590554,0.01479309337978787,0.21501202371855355,2.7872008139990818e-05,16919.344527712849,-9938.9363632977947,13.913119380263412,-42.466455318844147
0.18616615036134584,-0.0425431247633659,0.20969656137037551,2.5373743520331145e-05,11074.556431934203,-10606.847787167233,4.0848982938644358,-33.737630610086072
-0.18584825592573248,0.042246263582655139,0.20978086137901597,2.5619445200734679e-05,11143.125796956039,-10605.584530923255,4.1004400372355994,-34.163604609760093
0.079824875313601967,-0.010903353619357556,0.22642522656664485,3.1110338058032778e-05,26010.383289603957,-7474.766020673178,33.01232261597346,-53.520694758077397
-0.13799527650392676,0.02246504118058024,0.21781321331590656,2.8572790382882139e-05,19512.607464369758,-9388.047334943818,19.486638999965425,-46.360561420869509
-0.16741991473293119,-0.017907059931599002,0.21345695361782979,2.6247799051660048e-05,15137.679201039475,-10233.71904208341,10.797883486861577,-39.61596861883055
0.16741047335122727,0.018066554936856733,0.21345835139578345,2.6350317679250961e-05,15131.994082019646,-10235.231919834987,10.838894389430282,-39.924720514669033
0.023316664297817907,0.002480416533913234,0.2323240854904827,3.2934409320826155e-05,28746.920436544235,-6512.3412182339116,38.113899127236643,-54.459594582806957
-0.023571946005142033,-0.0016239400460570296,0.23231064117238065,2.4885690422894403e-05,28748.709261519645,-6509.5803811579499,38.241681158847037,-54.550082879369882
-0.035659617221116997,0.040769382330148936,0.23155652771809063,1.7215644972349698e-05,26955.823911959265,-7286.4435153134,31.693428548593705,-48.721399582063746
0.062028119260271922,-0.0051071220642412108,0.22892481032035311,2.7411446961396313e-05,27251.716406593107,-7044.146174662671,35.361996021998699,-53.850779823258669
-0.10978578164196989,-0.013757608144667411,0.22198957343336459,2.4666696866643222e-05,23206.530158276099,-8379.2307894580426,27.125792969013837,-50.611526062932995
0.079162219331626843,-0.074369020564242036,0.22652333147877671,3.2466888794291383e-05,21380.219782216478,-9214.9647868517804,23.637972096460018,-48.549863775808412
0.17636761942993712,0.020841964361608466,0.21212958843039842,2.1919487655161747e-05,13499.542842934461,-10444.748627892179,7.4091256213884726,-36.053854129987869
-0.17690501567039191,-0.020681706857303507,0.2120473455559328,2.3351326561246798e-05,13401.107865271877,-10455.378728728987,7.3959032469831216,-36.19177197014794
0.12677494081404234,-0.11439121538784172,0.21765885608994631,2.2700785565177046e-05,11391.23552836942,-11057.421562506763,6.051290114365484,-31.40234862954069
-0.089900923771261437,0.01397094359497031,0.22493348745092981,3.3241639957300669e-05,25132.041985336939,-7770.6407685186859,31.705338079769536,-53.482116759184635
0.16636169753613006,-0.025969331974009479,0.21360503066491729,2.6562062926641085e-05,15116.809649098928,-10234.817783320963,10.494595885981646,-39.510194126525541
-0.16487538514374031,0.027155394145146328,0.21382794087894155,3.8618193472803467e-05,15321.484956475086,-10204.262669129088,11.266810961759065,-40.518287827010326
0.18537907654378549,0.023871347560972204,0.21068779569711749,2.4686686701178451e-05,11703.354197220528,-10602.529842576656,4.4482790727871597,-32.970884127756648
-0.18577977719057703,-0.023024764776685604,0.21063509849590822,2.9741564756158992e-05,11640.307297212017,-10606.47523650893,4.4124453681418405,-32.736869535604434
0.01825620316424903,0.01891357902453486,0.23250853860616316,3.9494983317260589e-05,28502.105533346032,-6642.2655087088242,38.571028517983521,-55.686211398838523
0.10013787826310866,-0.016248168675247456,0.22341792651397591,3.6001664835358244e-05,24142.745337194356,-8091.0382626257897,29.034447044817291,-51.713841833452733
-0.17568192850688022,0.034034923047881346,0.21203660422219395,2.5652255307130422e-05,13275.626410023457,-10456.543108602189,7.4389816454538886,-36.769335078323039
0.17620595827409877,-0.03422248777462629,0.21194063631986026,2.3682114537431326e-05,13180.318698431289,-10465.318597630087,7.2944208220193278,-36.426574559584765
-0.19449336069061385,-0.027466476628196922,0.20891438036634652,3.3020596363024046e-05,9702.9108109083118,-10677.364691840985,1.1324090239296323,-28.730674250549946
0.19393963396924635,0.026162204718538661,0.20907411106724871,3.3276570531088022e-05,9844.06213483395,-10676.986666926834,1.3584092948862294,-28.778596182271404
-0.1193314764052323,-0.015940941982140532,0.22057635213685423,2.2593016538095362e-05,22082.800475863041,-8710.206205628172,24.531899435926434,-48.75544402635888
-0.036168090431068244,-0.098569795519319908,0.23157203765057174,3.4884078028763748e-05,19167.940159761645,-10288.35979230528,18.174981507044905,-43.504630009363339
-0.10939171327353525,0.018556920147487849,0.22204791447865932,2.5307309619415047e-05,23134.859017411858,-8402.7177870230062,26.787938600917133,-50.076143339061517
-0.0028852270177883183,-0.074441053175076891,0.23285251973826201,1.0421909826299997e-05,23817.27753067746,-8693.7838312512231,27.109466615708932,-49.06557027501507
-0.14780525894704058,-0.05364868949128343,0.21633646327467235,2.5427355428674816e-05,16586.638417620819,-10007.00634437412,13.689715149269729,-40.538905671107358
-0.031051590336813078,-0.092803873688599547,0.23191329793253831,3.7567521087875528e-05,20413.033017014513,-9901.7198135113558,20.95990118788972,-46.529652384224867
0.080212423712153591,-0.099291306439049182,0.22636785079004143,2.5588852875110802e-05,17313.6806268123,-10465.216402414186,15.182349629350265,-41.364587242020235
0.062451646919208972,0.0068510109602746803,0.22887307514855865,4.0274251790483138e-05,27190.118174702373,-7074.8181899914734,35.995857388980795,-55.217941394412655
-0.018777491830616746,-0.10003473192939114,0.23256150151841584,2.9379353051430448e-05,19168.957444300348,-10364.904066938094,17.863685896481055,-42.99692818643878
0.072353468502541179,0.0088794953163366854,0.22752527989104634,2.9563248959616158e-05,26573.319722565517,-7281.3998027681009,34.195951227924787,-53.871811686322083
0.11993896403846975,-0.022110385682165796,0.22048641479002412,2.7446137345179623e-05,21838.959274142508,-8782.3197968111817,23.83407615513002,-48.100861044647715
0.18643777331681752,-0.05155732165482229,0.20900320585778839,2.7316793294945417e-05,10677.518181723659,-10607.829460025258,3.5559482927810477,-34.089218817087236
-0.18555753620984219,0.052298467081839786,0.20913457925622284,3.4191101398382182e-05,10806.627938087877,-10602.613162378362,3.8546771311666301,-34.817798967381037
-0.055250435396384544,0.05276300069802458,0.22972659478994667,2.9749732295304381e-05,25135.869629973895,-7979.5744811788918,32.044896079211092,-53.541746797176344
0.032769838001435583,0.0046308092576704063,0.23176494577233514,2.6283615414654433e-05,28492.554108154545,-6608.008331230094,37.75924279071625,-54.584191326422363
-0.033214689545618313,-0.0038344927575151202,0.23173502352596473,2.8036467083457572e-05,28486.25576234718,-6609.552952500313,37.98956517756379,-54.974847986160391
-0.012437223006818309,-0.092460529922448492,0.23273282913653587,2.8350512871792437e-05,20775.393173752658,-9835.07137786565,21.331716886022868,-46.475636891108024
0.028053346734105599,-0.038296060636040449,0.23207462983582874,4.1844489923000444e-05,27312.681402175516,-7158.9546826432261,34.976731759224307,-53.001807528746433
-0.0038375878176614762,-0.036942966906610503,0.23288397050519188,4.1188326989029074e-05,27709.388109593157,-7026.0252143539201,36.715476701212296,-54.674290198180536
-0.12858964179373031,-0.019033768877843485,0.2192056989975987,3.693015723376152e-05,20860.076803849835,-9049.8708958497009,21.98083760684138,-47.6551422830441
-0.12798097819422036,0.024845497511614575,0.2192958104439178,2.4474078385453459e-05,20755.415432084254,-9079.3707894219351,21.686128088512294,-47.268878510825331
-0.047233619192375301,-0.09285714285714286,0.23060651393864362,2.9750986482061404e-05,19970.160884530018,-9957.4499383963393,19.70812828174688,-44.998712852811458
-0.052565402511433212,-0.09901944858475098,0.23007294250771484,2.1053566705830913e-05,18600.147574884908,-10357.340693569036,16.434751928742934,-41.406395910871929
-0.019159939996925234,-0.03695541425612945,0.23252976170634868,3.7694094854163175e-05,27566.619819874766,-7070.4347032820433,36.37515535127249,-54.575775570844748
0.013228132593270148,-0.0029073442950170426,0.23269250785531129,4.0256803275594853e-05,28893.135108840572,-6464.7786789289212,39.191979173067097,-55.687420093946137
-0.014416004428716753,0.0022799737193588006,0.23266323231620761,2.7343768553754799e-05,28899.132293222166,-6455.5297845120112,38.43405672523636,-54.499285024506023
-0.016148253425991327,-0.031529046638243512,0.23265430905679443,3.1898578641474957e-05,27968.60979560918,-6889.4583741936058,35.91336042257192,-53.141105891057592
-0.0015592458459615438,-0.099180095570742505,0.23292401310191779,2.7482203458327096e-05,19478.04257335329,-10291.858141786517,17.963430609562593,-42.882691045553656
0.081509469222548814,0.011357115256490581,0.22617582575851741,2.8451878111470574e-05,25877.972500649925,-7518.2596708762658,32.683463813364199,-53.26661283031229
0.022681464760030006,0.043069599702673954,0.23233769117854822,1.5263180236404163e-05,27061.35608960313,-7288.2749338462463,35.090427202292943,-53.625353287959939
-0.1380952380952381,-0.022096634221056843,0.2177984141993228,2.9918659271433768e-05,19517.290297740008,-9386.3956033653212,19.118544196240485,-45.599093206222577
0.087218907146371982,0.080143222606954223,0.22533055472637592,4.0952089484261211e-05,20036.647095858694,-9585.2190988257298,21.371734672540395,-47.425848162890134
-0.17584935142503255,0.045379335741617996,0.2116509497406969,2.6757481188184033e-05,12820.996182349949,-10484.007722090766,7.4024569753947365,-36.957277665243303
0.17578037472634531,-0.04570128677359532,0.21165279713122098,2.9954771047783914e-05,12807.629356798767,-10487.84872537873,7.3312383184926198,-37.855585995196307
0.0023615930813137721,-0.029947050262453354,0.23290991158986279,3.4823685662178553e-05,28170.95319054123,-6808.2040469679578,35.996933903261372,-52.764188852124953
0.003713682102900199,-0.09252258546518867,0.23288614818818676,3.312453340267134e-05,20809.027817065369,-9834.2302747284757,21.279819380603733,-46.189081683101236
0.070282553427409217,-0.092810014101282923,0.22783794851535252,4.0410444644933585e-05,19010.152241849093,-10076.171980503424,19.096992267394352,-46.317613175013477
-0.15862664290403639,0.028503497006873952,0.21475878018182437,3.3748770554003853e-05,16291.812377617298,-10046.373069457035,12.984172639775299,-41.307953041147897
0.15670217804836176,-0.029310792686276867,0.21504369341086371,2.752300541569071e-05,16565.341959416892,-9998.7740994507967,13.448939209896432,-41.843678290521304
-0.1455967249170757,-0.12989645489720439,0.21060992711680904,1.3607354912284857e-05,6952.3691263962392,-11030.422574718881,0.21289759643455036,-26.185678617649454
-0.1462313192828395,0.12982816544456829,0.21038819481571075,1.193920617258728e-05,6912.2686078394318,-11020.828806635494,-0.055081138465374019,-26.289592802189098
0.1462371176863051,-0.13,0.2104401728134305,1.0545856487301807e-05,6864.8226815777007,-11020.672280929875,-0.13091432614375245,-25.858956954985484
0.14515886531283967,0.13,0.21077858018862849,1.958673141582195e-05,6961.0517700471619,-11037.642771237195,0.30828504707748694,-25.06094841131031
0.078963112301314198,0.096273650058090035,0.22655280888220319,1.3907302547152083e-05,17946.80202513199,-10301.082654356813,15.91996020915122,-41.600885931023193
0.090605210729352639,0.012700626902081466,0.22482921915483262,2.5460701293947407e-05,25101.318662866743,-7779.1924518483465,31.112275593199289,-52.747063769257956
0.015892294163299556,-0.099041158474797997,0.2326721051439585,3.7724555690410265e-05,19417.594123090304,-10292.323605059652,18.290030057353494,-43.572880826412003
0.070633723623757833,-0.014639443894681274,0.22777716248879734,3.1994787963206157e-05,26564.780199015753,-7294.5679017162565,34.382073572403996,-54.105269438816364
0.020112547715203075,-0.093923350819792167,0.23248847281841578,3.379413509170898e-05,20396.672728003341,-9952.1595515240951,20.21692004605336,-45.642598085977745
-0.11951117583901422,-0.088634535660398597,0.22046277327615341,2.6216044498239906e-05,16206.143586297745,-10296.989348250649,14.106583651441976,-40.764432863188937
-0.18570650733511668,0.062080082549760184,0.20820356910175403,3.3560567304806597e-05,10301.456287366502,-10601.379944379836,3.3918641922771839,-35.245227075533563
0.18546662642992592,-0.061306841715917382,0.20834837990196106,3.0493632377561775e-05,10385.126914801558,-10602.059484077678,3.2691297869536555,-34.899379488394963
-0.1143993223220558,-0.069274766581158026,0.22130654782830261,1.3557487588011193e-05,19110.300671390974,-9613.1506864054736,18.971413097741991,-44.152349919253425
-0.043115737197289075,-0.0065212223856438148,0.23096710742762483,2.4460916672629286e-05,28126.780590947394,-6740.3022067560878,36.62081617040969,-53.832976899656906
0.042686261093471609,0.0064152619718680212,0.23100471566576627,2.4829252722821795e-05,28140.673659796987,-6736.2987477694924,37.295573960430879,-54.748780022971189
0.004064822943791669,0.12889767727248638,0.23271185371864528,1.0429408457431768e-05,12234.941525080238,-12097.427020116071,2.0534461190537083,-13.36530526471994
0.10088873294324577,0.015495785876843859,0.22330676395840815,2.7780080433211058e-05,24076.020409745161,-8114.4692745080065,29.569582093679941,-52.722612543764946
0.15528301086651783,0.12109095281450685,0.2090450662699023,1.1344721492616391e-05,7907.6329625023445,-10872.087788699801,1.7164425426802874,-26.973040129969398
0.053793668126079268,-0.09361439586858035,0.22993067318449284,2.4434970296094306e-05,19596.04615665233,-10030.889211842699,19.649189091898659,-45.315262750888309
0.0321619970047635,-0.0070080118246954965,0.23180583125041043,4.4757089126201989e-05,28467.2096937307,-6625.4811356045102,38.633166364610112,-55.828669747843783
-0.03338321159807299,0.0077345225759061064,0.23172368815253883,3.6154335110134642e-05,28425.154640422883,-6640.1835513363585,38.771875527128081,-56.014419917218454
0.018089383068894141,-0.031477999526529257,0.2325946008061554,3.4032802879858357e-05,27919.664748920448,-6913.2621029964675,36.859524265327451,-54.593123725134909
-0.061425358392108234,0.011547281008127231,0.22899843936536926,2.7190921686209568e-05,27190.673367481333,-7074.7336851376249,34.586953955691357,-52.977151863026712
0.032502529013144037,-0.09934364436027876,0.23184031527220306,3.4610286481092527e-05,19100.886182249633,-10331.092184850979,17.401437455196586,-42.783141867001895
-0.067433669901182228,-0.098733346124656327,0.22824854776615389,3.0942359475141043e-05,18052.302135528611,-10389.969107126675,16.224934089522701,-42.179119290396223
-0.081218450258350422,0.017281822515123828,0.22621891054261051,2.9381319755758098e-05,25746.874771704173,-7574.307697456944,33.151990768566385,-54.240792664181605
0.012974811271655074,-0.036638488288711843,0.23272338084898256,3.3104141202818393e-05,27675.774567369084,-7030.7997362023161,36.362482406095616,-54.360186134558916
0.090472069938034055,-0.019557168839363787,0.22484893038658602,2.8688907935587326e-05,24931.942066348274,-7843.7004293373002,30.827755930269568,-52.459693008068818
0.10910974082139714,0.019434173947555856,0.22208965994447125,2.3891731700840002e-05,23133.299697022212,-8407.2556737801879,26.945435779726576,-50.756812716209957
0.16668384317361726,-0.036265263051857337,0.21349599216886767,2.7456017874659238e-05,14722.850719317741,-10283.081263998132,9.7409676921840411,-38.012024800866875
-0.16617422832810097,0.036744928909619667,0.21357151190830681,2.1744609413079245e-05,14787.767740599531,-10273.657564541689,9.9828590383513305,-38.017647769372424
-0.10004793158329693,0.022389056032870055,0.22343124294265007,3.1127542631468014e-05,23953.2033471547,-8160.9003408869394,28.778823999905867,-51.599023655222695
0.056106098686730776,-0.10132390654414254,0.22964820286692636,2.4930505415130385e-05,17986.907588751346,-10514.788488300721,15.779793773340119,-41.659155724918158
-0.053180822057675013,-0.019883610248193111,0.22995887460682479,3.0123699162117808e-05,27373.786578418949,-7037.2686731686881,35.973469590863054,-54.53163980659086
0.15715683317967799,0.025820309544808757,0.2149763826147322,3.0585977478482927e-05,16603.089528619719,-9994.6333849339917,13.63869614910999,-42.273750600598973
-0.15696008007805273,-0.026251620111697904,0.21500551152365577,3.0687273488497575e-05,16617.697708035314,-9992.3925542710422,13.763780931671878,-42.417150800183336
0.10950687735933184,-0.024058766836578413,0.22203086466272898,2.7226575654292128e-05,22923.34955777014,-8477.475248435594,27.059747224230971,-51.28687504622502
-0.093942107949603407,0.085783909346521442,0.22433519809791874,2.8905151780374834e-05,18732.097723878422,-9912.5333830788986,19.030463163823203,-45.554986143545499
0.17606448857819343,-0.054757380820687866,0.2110771892025449,3.0986217871713832e-05,12333.737270662976,-10515.629341499704,6.6173836663382239,-37.096018586132601
-0.17598064333810134,0.055232358395924802,0.21106891636677094,3.4388115703872586e-05,12327.487602508276,-10515.780732989939,6.4774058567656772,-36.494960502302582
0.070085784850540553,-0.064268050754019604,0.22783192992717338,2.7086998132354412e-05,23172.496100339515,-8647.6436825077362,28.048668764005864,-52.025767671355162
-0.11894779971789941,0.027742000716315038,0.22063315471424233,2.907378904173231e-05,21738.52085898431,-8817.6232519250007,23.90893355602757,-48.466669072607758
0.16721602523599977,0.028856126883801209,0.2134831313833562,2.7863472802429217e-05,14887.159951580503,-10266.331631701618,10.340334930310487,-39.404814851249803
-0.16718237195234761,-0.02865266447774166,0.21348976569392239,2.6735627605087943e-05,14901.866741116723,-10262.545473202767,10.487374698447281,-39.332734573982343
0.1861846757114429,-0.071178934045692824,0.20705005088205064,3.8914257829232845e-05,9693.8730316128876,-10595.559343843375,2.5688569941409991,-34.789301564431753
0.11872574338447318,0.022023697600381646,0.22066602971676499,2.4153083451126269e-05,21982.944477635057,-8742.7072002307686,23.986867691999144,-47.994806330680483
0.12824196960269851,-0.03034727511446262,0.21925717118026911,2.9210864780508945e-05,20502.316623632134,-9148.0587333219755,21.235084097528173,-46.570444838989005
0.059987360889499269,-0.056204789741617744,0.22917409506640243,4.2162437741158168e-05,24584.726479129364,-8170.9943295834037,30.269917050221711,-52.075041042558645
-0.17599741542497235,-0.031072761947937424,0.21210477168073519,2.4525452066874735e-05,13305.416770967444,-10458.377472206481,7.0832698529335234,-35.822092092477426
0.1758219423162517,0.031424107826270288,0.2121296790024467,2.3888509087860994e-05,13326.844692032699,-10454.564904852086,7.3462593880329026,-36.326223948344811
0.18609750315613027,0.034763049559683686,0.21020009297035297,2.9631928368559844e-05,11319.038750848933,-10609.460890827431,4.2063046681293219,-33.637133377783179
-0.18597072095957334,-0.034453374726294575,0.21024297286056501,2.6008768456996145e-05,11352.097314013328,-10608.578253414198,4.2079890176882557,-33.461917838881426
-0.13630188622786502,0.033609652576609909,0.21806391640884898,3.5424022100711254e-05,19308.08996033459,-9441.194785746271,19.292941455283263,-46.029558721082843
0.19477160552473446,0.037184787059598497,0.20829753267818854,2.3991417094170465e-05,9437.7281505512601,-10660.998639093885,1.030856827031182,-29.162800982925436
-0.19472755807008027,-0.037158215439125487,0.20830809849694515,2.4202546946038098e-05,9449.5811594636543,-10661.510911211935,1.023198641156684,-30.273885180242495
0.12778928714230109,0.025450813254542761,0.21932418992635894,2.9421383904187355e-05,20744.582109652012,-9085.6349054850161,22.307614845379558,-48.536016548712404
-0.1857608487289287,0.080370168609587012,0.2059451762713233,3.1719387476275789e-05,9124.5598666304759,-10584.800541359096,2.1752445009447103,-34.660813230900921
0.18581494550765426,-0.08169878074613765,0.20575444620511027,2.9754396733842278e-05,9011.7254799074108,-10580.936754757851,2.3115976023514415,-34.881331332651108
-0.060844542185262501,-0.11504739734275349,0.22906424639152015,1.1309560931559407e-05,14717.277055898912,-11327.058721132997,7.3464857786414477,-26.919536388212283
-0.082248381263656856,-0.097995038193253725,0.2260664312871207,3.3259604023097098e-05,17436.218155133363,-10410.354882958702,15.965029211215775,-42.952201606188282
0.11544092681291591,0.10461402191365625,0.22072597429724819,4.6549680915573157e-05,13998.290785971005,-10809.328497381261,10.083632982430935,-37.15275504141735
0.15691346677487711,-0.038723463968990818,0.21498922198985859,2.9661001002063219e-05,16149.075841490601,-10067.007273549099,12.837743783754497,-40.761871505620178
-0.15714285714285714,0.039172919194348566,0.21495273563692102,2.6148623756037491e-05,16094.925007119336,-10076.340518035046,12.581555225931409,-40.131337374796146
-0.078080400669136338,-0.092822683697338801,0.22668349259964954,3.3997910938789637e-05,18612.706290200953,-10115.557048017426,18.138676812822762,-44.788120176850079
0.13816032320865126,0.027425834691927331,0.21778877847655537,2.5226391239409751e-05,19325.052520917896,-9433.3076463502439,18.939479433993842,-45.576235472632277
-0.18565827800627696,0.086782213721157464,0.20504118788494671,3.2715142408411236e-05,8638.2955496127342,-10570.55518877233,1.9906285265407566,-34.443567381097985
0.06111199124668968,0.033584675984834091,0.22903671810056131,2.7701299714273085e-05,26327.025988257315,-7448.9838629934302,33.407188389149916,-53.129459464112841
0.12615203774705799,-0.108759510267566,0.21827043423416459,3.074455451816953e-05,12460.408958597724,-10923.800766784479,7.3594961418033016,-33.850717607233697
-0.1271061360414377,0.10831594515471356,0.21808888661055664,3.2228882730004425e-05,12468.517776708441,-10905.711652779242,8.0317755231557619,-35.083836524122127
0.1272657149716851,-0.10298373356666599,0.2183926418426296,3.2022259973009719e-05,13355.815216080719,-10765.078376987294,9.5875733266800651,-37.396907517239327
-0.12813254168476318,0.10204202098853972,0.21826451134777894,3.0005319306312936e-05,13439.893977820078,-10739.745345923371,9.547830715080142,-37.225260400906507
0.007605803960969694,-0.03316507701081238,0.23281774288823329,3.1170709107076316e-05,27958.716811185554,-6903.1261843465008,36.496346701699117,-53.763965997822496
-0.14676316747730997,0.059555301468382525,0.21639384323072991,3.6732370944995478e-05,16285.53064571303,-10067.895000830133,13.705129976751898,-41.212812782589928
0.026035967023183212,-0.096312447953555105,0.23218087440325388,3.1709252451598564e-05,19836.993403563487,-10119.772309988344,19.644443472725929,-45.586533588971633
0.0096431992966658671,-0.095952380952380956,0.23278193500653166,3.5516008873747986e-05,20108.048950586232,-10072.62193256832,20.064831749845986,-45.634958967032205
0.17554441063059331,-0.065590480425942219,0.21037663664305339,2.756705386847226e-05,11795.504343386197,-10539.296218959078,6.1108433992634916,-36.183607587307584
-0.17645200520724813,0.063248411233291696,0.21035864659966477,3.329770306419458e-05,11795.545745651461,-10541.47508390274,6.099506704319924,-36.253412589704965
-0.10280029479400359,-0.092956403597686546,0.22300837062973525,2.8393933628874116e-05,16944.523343216872,-10306.319947634072,15.470959985783351,-42.337461003709052
-0.071921387553932972,-0.014555887791985651,0.22758856466840888,2.4849624521613005e-05,26491.157100172521,-7318.0153572937625,33.770582125480296,-53.406360110594846
-0.166542352590797,0.047366825351293232,0.21329336919409705,2.9500129389379628e-05,14242.162996703304,-10337.152111977726,9.5719906278382041,-38.295599399552529
0.16640866014437575,-0.047213703173245296,0.21332073726122033,2.6716197347765631e-05,14264.292577517544,-10336.92351058975,9.5000936989780005,-38.314078097306833
-0.15510351847810239,0.12665571096440292,0.20812661868076132,1.1792249792854392e-05,6882.7802782932213,-10873.437685144883,0.39114449247339311,-25.501884350708597
-0.12560205003759223,0.11411386008010584,0.21794969035646874,3.5625432537487739e-05,11525.737745951012,-11058.80369582027,6.0735721308294117,-31.579998908794845
0.11929535620330578,-0.031532475491100928,0.22058169966156174,2.9763210640611303e-05,21517.974757596261,-8885.8886378360767,23.750399659564195,-48.833426409163188
-0.10952380952380952,0.029710670757781346,0.22202835788914893,2.7810859946261301e-05,22694.844354740995,-8551.850935333443,25.78106987284794,-49.52558504556805
-0.06232541919561839,-0.010714042136132966,0.22888849424298469,2.5791651865444243e-05,27156.793427101842,-7085.3435228347871,34.729836085054941,-53.289563680695217
-0.12914751505945138,0.034421472728203208,0.21912310696009663,3.594823390308668e-05,20187.260670463533,-9233.9694486766039,21.147093189851407,-47.470730645958142
0.099845048467766415,-0.027896498573344454,0.22346127938805094,2.7595553169547263e-05,23757.396565011721,-8230.2963573295801,28.104757493034992,-50.726891502696738
0.13728034077724735,-0.038338550377802476,0.21791905814120599,3.1267122475778492e-05,18937.700323539993,-9530.8463072882932,18.354367401169196,-45.281461133849923
-0.09055492070645374,0.026030516711560731,0.22483666449360842,3.199916769277542e-05,24684.673233179317,-7935.9046520528591,30.301622217011914,-51.966926079591744
-0.081474273900211835,-0.016628558853798728,0.22618103635662451,3.0520882513063731e-05,25744.302986647774,-7576.5085824321932,33.017237958100282,-54.323662478098271
-0.096467154412608669,-0.098703576770837437,0.22394704144138172,2.8764668892967959e-05,16416.709338978097,-10515.216888500301,13.815376039633415,-40.126683232960957
0.08078058327065113,-0.022343641099624174,0.22628373588716658,3.1511731100391778e-05,25617.376042641303,-7628.5275756983929,32.246172396292309,-53.213079657810631
-0.091384006162534864,-0.093221593267035857,0.22471392002584373,2.9873016872901304e-05,17725.280701115356,-10228.964076654436,16.29573872611628,-43.045826368538307
0.10034795375479219,-0.089990996115185004,0.22338490486796184,3.2762707807083272e-05,17605.848669654875,-10160.29869439954,16.585258091609774,-43.182641678803684
-0.070763450367111319,0.01926474178549183,0.22775816204895491,3.6372525724616757e-05,26421.477349895325,-7354.1216305888247,34.019808353494376,-53.871508976831947
-0.030260862365917619,-0.03101546634148929,0.23195822433920452,2.4379240980618769e-05,27698.252782798205,-6982.4127858113006,36.361352800454199,-54.184254595168696
-0.090547965341567144,-0.019003103292003658,0.22483769422167188,2.6256971718393532e-05,24941.519489293172,-7840.8816918762132,30.662740747765202,-52.200326130551524
0.06053855601707156,-0.036774573062473885,0.22910676493101337,2.289088388838301e-05,26160.707879486792,-7522.2421919559356,33.758642653507998,-54.127751413654671
-0.10029209476738109,-0.02202556221650126,0.2233950950644569,2.4839267112165141e-05,23946.478973477944,-8163.3145814426398,28.523560033305284,-51.45609648036713
-0.066735670707126563,-0.06248379049981307,0.22828266762289423,3.8930387303185381e-05,23559.096490447726,-8525.6482962579903,28.830587479243857,-52.057697919169613
-0.062982899532587913,-0.094029987678386148,0.22880764943806201,3.3671053266757606e-05,19140.835947396899,-10100.39337209621,19.031722382725647,-45.487762250008082
-0.14268379347496837,0.095531552700590994,0.21557314567946731,1.9101756190670935e-05,13040.252137890679,-10625.585961429388,9.567749749735615,-38.330450912100446
-0.10994840907857131,-0.023666996626250207,0.22196549676189103,3.1716208696894258e-05,22892.998693748268,-8486.0980463288306,26.826432466768299,-50.982848718203321
0.061300486227782003,-0.017284336766192485,0.22901369287417192,3.4078623066840473e-05,27047.460695426893,-7139.3512313076699,35.078751411111575,-54.154066547110688
-0.11917355603278457,-0.026934710414907644,0.2205997319367568,2.7077670321062839e-05,21733.592985465573,-8822.6485887757008,23.874180764980331,-48.899154266937579
-0.12854431448665998,-0.029639958573561845,0.21921240961607688,2.9568664129166475e-05,20491.860703119801,-9153.0789644086235,21.049603721474234,-46.703774253590318
0.071202623411535645,-0.041909315885844053,0.2276938067004437,3.6604010990466875e-05,25197.946572165347,-7854.1865440134534,31.106609075960044,-52.258138465465997
-0.14732469618779456,-0.087058262238977752,0.21516858265379515,4.0154752530825376e-05,13598.752913972885,-10503.543416919649,10.06228846013466,-39.032106268604885
-0.17619047619047462,0.088753306244950592,0.20763973713241785,2.9124465322804642e-05,9848.1134480639757,-10605.905069870985,4.1464982957431999,-35.450509135821214
0.17649797045194049,-0.088312665523212305,0.20754735575944361,3.6208991650669731e-05,9855.2968903368219,-10602.552268382951,4.1819968674532566,-35.430177893178588
0.17683238967411063,-0.073613038504487041,0.20926004696930794,3.0836940578822633e-05,11032.663906827529,-10572.590830306406,5.3168520528829717,-36.126730303433654
-0.1772312920726534,0.073916672677451167,0.20912561013823919,3.8183103218060486e-05,10950.566379037058,-10573.645589206739,5.3061122835592833,-36.29406549019766
0.04738596476451272,-0.024629499776099576,0.23059317338603585,2.6375863789399228e-05,27443.833327031887,-7031.4148461186014,35.59261931466763,-53.800874951104845
-0.13763490944111686,-0.032864303886061062,0.21786656494932394,2.3403612161581062e-05,19171.446592396067,-9471.4205541429674,18.62449459607063,-44.982545507841401
0.16739710992568449,-0.056912896262239838,0.21275836869876952,3.5038200809189182e-05,13581.377694259452,-10406.46393069224,8.8693540422051989,-38.091284470184114
-0.16554879445720172,0.05870217074763897,0.2130599568843547,3.6597432465775839e-05,13737.656086520919,-10392.572052662223,9.2395828340461552,-38.689235096219022
-0.1568514531670539,0.048524569693054957,0.2149148534372321,3.1183207584436202e-05,15633.773179531296,-10152.505300074981,12.234417723737142,-40.534780808029076
0.15715777487829127,-0.049866186091137805,0.21484792840970615,3.9121020007470744e-05,15508.687164311132,-10169.770939538497,12.473219227765085,-41.138550602302182
-0.13796572917626404,0.04354809773827803,0.2178175877395335,3.5561481148408652e-05,18565.487400922702,-9614.6490078876977,17.417043372407022,-43.790076609170299
0.12882561143532703,-0.039851106692968319,0.21917076415722253,3.1021021684308435e-05,19945.867277429355,-9298.0137423709166,20.237509186174179,-45.907412993102874
-0.0078638276889581547,-0.095286387352850457,0.23281320803779648,3.0154142522458675e-05,20248.178788511374,-10028.759723466703,20.088376960704707,-45.704064349427462
-0.11879827044810687,0.038177560209045419,0.22065529222793442,2.7886404740730769e-05,21232.931083095162,-8971.3328435168587,23.062395834939625,-47.778830694659909
0.15812022314054311,0.037812228809988691,0.21482363953412179,2.9510884925277265e-05,16010.866259121825,-10089.936964139188,12.42723081429317,-39.870748025716146
-0.15704335158535745,-0.037072010602312473,0.21499101985328062,2.5489746838981062e-05,16203.913679508134,-10058.337158581971,12.919310593474787,-40.51984281220831
0.16678009463735208,0.038756627042626383,0.21348970781404697,2.561333714390554e-05,14604.355748430045,-10296.471589374873,9.8074999072623186,-37.893470300382674
-0.16657402080909561,-0.039683929530494953,0.21351061944916544,2.3528454909937335e-05,14597.372901092733,-10297.789756583772,9.7302009561922862,-37.808327852189088
-0.17560694164216126,-0.041589250371967444,0.21189850319089321,2.6062314175023801e-05,13007.011195121102,-10476.490252313381,7.1406953118892869,-36.816804515448048
0.17562191127858404,0.041616267803976495,0.21189519120949343,2.5456396354210444e-05,13007.023648500077,-10476.137183562985,7.0118055139976976,-36.541626484492383
-0.18597371951502925,-0.04488688318844522,0.20967209662063457,2.9387338205047858e-05,11021.371773095196,-10607.675651771178,3.9154975961671554,-34.128497289412273
0.18611357791081465,0.044485524515589035,0.20967243711074365,3.081456426242277e-05,11007.928862209043,-10609.931627585904,3.8006664449492624,-34.034629669354771
0.19523809523809524,0.047514096764050023,0.2073581708617179,2.5219428640922189e-05,9042.0368558921946,-10637.751634589098,0.71896697965164702,-31.410935157046239
-0.19499463094091057,-0.047557439133790375,0.20741069805652271,2.4302514990089471e-05,9087.2577567568042,-10638.138852596368,0.87508569258836355,-30.65936413268825
0.10952380952380955,-0.034695994803375041,0.2220283578891489,2.5926182011976958e-05,22441.355128448944,-8635.2583088652755,25.550826976421682,-49.441075078290829
-0.10051392165679962,0.03212433979481525,0.2233622540306674,3.518008297890608e-05,23475.767098971603,-8331.43939137909,27.725525951418497,-51.232985593161345
-0.16670287207526938,0.064688324196752855,0.21245979566140896,3.0417933135956173e-05,13185.751264406246,-10442.570794979802,8.4646325702423528,-37.146473665018959
0.16705718675451126,-0.06670919735044345,0.21223352309980947,3.1476713268377041e-05,12989.306468784142,-10459.37017720185,8.5391473298820255,-37.831173745673773
-0.05369674114983642,0.022003854579564067,0.22990192935113399,3.8910526979208479e-05,27268.876367453533,-7081.4045817854822,35.588169408561257,-54.262744668515715
-0.045150420413430273,0.040533765031587968,0.2307889348814578,4.476206202879298e-05,26588.44294049143,-7421.3002588992085,34.897163714672764,-54.742065341842014
0.090202828881694799,-0.028434399801501319,0.22488879099434167,3.6281635623694256e-05,24598.188163159113,-7973.0426301764128,30.324310772105807,-52.360833612364765
0.0073652516780877107,0.081231944822629423,0.23282197067237392,1.3265893042935477e-05,22764.66056360424,-9106.5155016822118,26.433864650251525,-50.55159895409772
-0.034397531874738319,-0.11848543194751572,0.23165436827560759,1.4574319481495842e-05,14567.657923372688,-11563.325174693797,5.9469901322496499,-23.319507737174419
-0.075342539676453019,0.066310036003121783,0.22708882752368628,3.377058608215853e-05,22613.365376354639,-8812.6762391505636,27.109151927545096,-51.409187096663757
-0.08124017583127191,0.024574682652848838,0.22621569411435746,3.0729743901753765e-05,25486.029275674344,-7679.492705979922,32.587086998526672,-54.051535775564162
0.089733705713910761,-0.05726475507991706,0.22495824375475784,2.4944308980866097e-05,22564.848434556385,-8719.664679594116,26.516188283968873,-50.687467582773095
0.17638450071474304,-0.080653120331545758,0.20857182551681291,4.0207775804562353e-05,10538.501341471807,-10590.082291196108,4.8259221266166445,-36.495190360984139
-0.17617421676597475,0.081490139707568132,0.20851810335134491,3.7571771001593918e-05,10500.594498671746,-10589.83949572376,4.9746902022076904,-36.138680503247592
0.024365267501207356,-0.022118164082459729,0.23226771339970573,2.4798130777437167e-05,28288.053832548998,-6723.3851162724559,36.624635567957071,-53.241390903579145
-0.023748251378686986,0.020841704278713784,0.23230135611412137,2.7189570426556725e-05,28350.412572894322,-6696.2068259531043,37.45067064619608,-54.397358996076882
0.071240524674863193,-0.023572765245482109,0.22768828731495258,2.4647454509362478e-05,26228.82705333257,-7433.2623786904514,33.335001645061325,-53.381908581896461
0.13854937675097487,-0.047874590159689943,0.21773117986638293,2.7959650494660244e-05,18206.743161101251,-9697.0077390654187,16.987962496254788,-43.527873074078329
-0.12853022944201412,0.046156972634634856,0.2192144948791771,3.1876995423079729e-05,19568.852580934028,-9403.89053987845,19.978685389902324,-46.401372694658271
-0.14056446467479805,-0.12283582039783893,0.21319213264253206,2.9830293138282834e-05,8754.0022137600681,-11075.98890228569,2.212043258585469,-25.885900875716199
0.14113150292531607,0.12380952380952381,0.21289524305894908,3.153704057002828e-05,8513.749945753505,-11079.083550413252,1.7279082252340818,-25.400437012963142
-0.10994852819008948,-0.068788294059766927,0.22196547912766551,3.0034972751251295e-05,19606.264645299863,-9507.6160249636268,20.289303363855257,-45.712360115684859
-0.1659976910941684,0.073145712514677302,0.21197129949138513,2.4821928148479506e-05,12629.489749236536,-10498.466633633214,7.9234332981521449,-38.167861228505288
0.16642308041750681,-0.074278396545151726,0.21176042220403923,3.8074112151938407e-05,12486.114487973662,-10507.761928099088,7.7789047489860348,-37.6989959243352
0.0072235721233155914,0.096728619064493718,0.23281820046429663,1.4701132400348464e-05,19969.030359549364,-10121.08542774003,19.895000674675082,-45.341412973228593
0.11940975585483193,-0.042638337623432734,0.22056476301861855,3.3719506990665935e-05,20890.525217343944,-9071.3089336157282,22.330087792464177,-47.48397412163586
-0.044348573149422407,0.014052511914744834,0.2308591508086999,4.0727615381860573e-05,27930.312054508755,-6826.9537339381786,37.201795883461692,-55.020449574303754
0.043355667048589543,-0.015154523786217313,0.23094609732041571,3.2086006058130462e-05,27934.376181615829,-6831.3334675815513,37.491317586635802,-55.615824174980347
0.090761208692158202,-0.077438384153962175,0.22480612396388885,3.2860709716204521e-05,20159.433661129366,-9512.1123406180668,21.849685018055748,-47.734476901397571
-0.019916698477803467,-0.12383226742980326,0.2324782646453846,8.7777437408329355e-06,13415.829988225754,-11863.719893331285,3.245209741926836,-15.445317048436259
-0.15496106415264352,0.10916059484166796,0.21093313162764663,2.3664096551676582e-05,9893.3805978447999,-10798.644448880777,4.5174948856803612,-32.4299150622235
-0.062952078637534215,0.021332229754722959,0.22881194591562037,4.6520558290332274e-05,26810.196776540546,-7233.7759363269333,34.964212908648115,-54.302760074539293
0.15712199426139029,-0.057890945647870534,0.21466885235963204,4.496522379195189e-05,15004.924079330087,-10246.989544793139,11.372497780447553,-39.902104482067777
-0.15646987424825112,0.059528003527148182,0.21473986660533656,2.3584380816170756e-05,14980.268095601632,-10251.203547438961,11.481843808436969,-39.607584425266772
-0.11012875271932321,0.040464187823394122,0.2219387972413091,2.5773042926431695e-05,22037.709953791065,-8764.4481307459719,24.540689829636126,-48.681779638952626
0.13816878235294244,0.037414729492004209,0.21778752611691482,2.4770597215153678e-05,18879.100569832994,-9540.2951212436947,17.906999232779363,-44.145511640706033
0.12857142857142859,0.035127921279048943,0.21920839542926485,2.2019999531802612e-05,20237.996336635169,-9218.3296764818624,20.837451541326274,-46.167988686918783
0.11952142230049013,0.032340583412636979,0.2205482310214173,2.4860965485366513e-05,21460.692401035911,-8900.8590003641439,23.410193502704566,-48.132332657403346
0.10980261288092701,0.029256774561458667,0.22198708160160893,2.3971517998593429e-05,22687.624236123433,-8551.7363956558474,25.927247169549233,-49.531507681742347
0.022213855613650774,0.12183984929555701,0.23237387913206317,1.7377124987879821e-05,13896.584134313065,-11761.630586114579,4.4873796934655346,-19.484004339292245
0.10062698175521717,0.026890353192155096,0.22334551570592184,2.7441523064951565e-05,23716.157666890613,-8243.1955201470646,28.825516767978417,-52.078714110632525
0.099692433435844344,-0.03716587757899243,0.22348387374274473,2.9561723952629751e-05,23290.679235500105,-8395.0015604602831,27.081330401239317,-49.947185655752179
0.090540177133003191,0.023800604214600833,0.22483884725060033,2.7382344393651157e-05,24770.680851622667,-7906.2252139537732,30.669661984683533,-52.671405082568953
0.081049599427520588,0.021278929384943621,0.22624390857533419,2.5679909400488842e-05,25641.076588307646,-7616.5684590050387,32.055448705546056,-52.873231137388998
0.099881855502779823,-0.084576720537368297,0.2234558301790586,3.5526688978336864e-05,18458.363561925838,-9930.1750554205355,18.848476370326491,-45.6899876175546
0.16208599225843201,-0.066427804596884119,0.21337133407069633,1.4576686830542883e-05,13699.248915825561,-10401.976679884472,9.2914922310029286,-38.123344473465487
0.071687355237181838,0.018392198983048853,0.22762284223401075,2.5355358334779594e-05,26391.301369484721,-7362.1327752379466,33.815341692595048,-53.725273400062655
-0.091318593039918364,0.032127885365026074,0.22472360430972727,2.6162090997917302e-05,24320.637889775997,-8072.2818818353635,28.917137108300871,-51.041643441593436
-0.11073106324927065,-0.099047619047619051,0.22170217266638959,3.0062210100125968e-05,15333.352491404547,-10593.457389816853,12.495072449827438,-39.100539650751458
0.11073106324927068,0.099047619047619051,0.22170217266638959,3.5126938368594764e-05,15328.111733210404,-10595.030169815796,12.621568246182644,-39.734823551729647
0.070992972993603035,-0.058804641847946593,0.2277151511942101,3.0075131819588203e-05,23718.386153245636,-8434.2706864339107,28.563572658785333,-51.513286651242041
0.11899358943140467,0.076303341277132439,0.22061685206480591,4.2766929550362773e-05,17840.579030581255,-9913.1503727719573,17.513413122561527,-44.57865919057209
-0.16679593091617059,0.082302078189513794,0.21091703703424655,2.8124105022752736e-05,11724.309041837419,-10565.098015569178,7.1037748285165119,-37.427466824348841
0.16688528261283556,-0.082293556580571983,0.21089563788367843,3.3977655451911703e-05,11723.263885542074,-10564.383745147758,6.8345134512053178,-36.559550737416139
0.048429306944085794,0.044238031264489282,0.23045381517600452,3.451863475604922e-05,26196.316285546429,-7568.7593105240931,33.201043514091459,-52.815202030082865
-0.13786916607400315,0.051716942963098082,0.21783136405757081,3.1337220650675907e-05,18027.503748718511,-9741.1909634992971,16.708160940755491,-43.234779772354401
0.064553405695765828,0.10797147536592608,0.22861633902027687,8.5974606063329169e-06,16243.712154483024,-10918.804424900471,11.528699331898716,-34.812423605664939
0.1239381641913566,0.074870898749737624,0.21987359075039187,1.7201007418751797e-05,17514.088842212332,-9949.4331303647214,16.305743308410889,-42.460844961560475
0.082087418760691838,-0.02922331807899646,0.22609026146845074,3.8262726154644845e-05,25214.994990399198,-7781.4492655097356,31.424251239366193,-52.819395107143748
0.1281850067785813,-0.051112593391906588,0.21926560441411413,2.8044245998058618e-05,19266.877079157031,-9482.3423118153514,19.196792247470405,-45.169339633248264
0.060220039791790823,0.014659915353598448,0.22914567264172958,3.921323313464329e-05,27182.389290132247,-7084.471342541724,35.48276847150769,-54.256709373014282
-0.11894720270442299,0.046892459499525946,0.2206332431009109,2.5317827126221744e-05,20635.645972820108,-9150.9042400727521,22.387692877799068,-47.797082512673548
0.099785119075533571,0.12204381396409283,0.22297547547989388,3.2758164512521126e-05,11407.432749752797,-11456.92377391716,3.498820790561433,-21.812144827343001
0.15723716921834424,-0.067115564683478013,0.21426538582290494,3.6746483735883432e-05,14318.627471745707,-10339.652754032208,10.508829386815277,-38.897776240285545
-0.15731472763326246,0.068153520035347415,0.2141992095351026,3.0399773925626742e-05,14219.983093979841,-10352.842887687382,10.537024793683054,-39.299314123822185
-0.056278188004219298,0.046349155510364316,0.22962591911371349,3.8318645073408109e-05,25655.288778099468,-7760.987709809845,32.819188672121975,-53.898985310973835
-0.023290733492065081,0.0083078981540458657,0.23232545112691952,2.7613461159706747e-05,28675.488347781527,-6550.991115780269,38.571758595033735,-55.544152000842729
0.024788936445631918,-0.0085629979585152109,0.23224654881425374,4.1449156907263064e-05,28643.047643749942,-6560.750213701238,38.292934034857481,-54.974949645438109
-0.023726663993404062,-0.097043144630520897,0.23230215757253167,3.7817274739487902e-05,19718.287778995149,-10168.853852880522,19.499387953842795,-45.371218355692406
0.19560660199410432,0.057816499992221437,0.20618092065602819,3.0260808290716732e-05,8569.0165304905295,-10606.264955379822,0.43298097406758884,-32.413962305626278
-0.19535443042098138,-0.057299548265621385,0.2063090998528824,2.3484206420179131e-05,8640.9592195052537,-10609.6852415501,0.47030971104361108,-32.020574992053191
-0.095796802507667603,0.077411392788270708,0.22406061422393339,2.3641504877437776e-05,19771.313065858056,-9586.9902401341624,21.082037559519534,-47.411811047573551
-0.039241864683576676,0.063908266670623007,0.23128811512879691,2.3951297049403363e-05,24587.510904704206,-8285.3493795837039,29.629130721040944,-51.220638916647651
-0.071305363006613387,0.029079374722902302,0.22767879076250663,2.5357889800739232e-05,25979.844850655147,-7534.487068970876,32.774902801648935,-52.938387064916725
-0.18563327978430477,-0.054856425089135748,0.20898494410044119,2.9271512533844106e-05,10670.603365216415,-10605.25262651053,3.4742374628984716,-34.412621851625502
0.18624751571018844,0.055613160254719005,0.20875917291087484,2.722423416124053e-05,10531.390807308588,-10605.71099672219,3.4838681398645908,-34.073664971759797
0.033809203959868687,-0.032301456805090098,0.2316937823996213,5.3657615355145709e-05,27517.150345731472,-7056.1898683642994,36.709828218694838,-55.315640922864326
-0.03508805525069339,0.031462536364704259,0.23158200433946982,2.9771006722583543e-05,27551.776959408791,-7030.0465995704626,36.395775892583174,-54.765164507857413
-0.010204651007124324,-0.034167738453485759,0.23277206731120664,3.6026083339297483e-05,27873.424576911959,-6941.4096526800558,36.543215412969438,-54.025152740575876
0.13802396690884011,-0.056969240161645542,0.21779011103215479,3.4536568974622729e-05,17610.532135615114,-9834.8424158554189,16.055637813726136,-43.002564748426117
-0.14808996227173996,-0.063681122868564102,0.21616598577137466,3.1472543748890057e-05,15782.669213109546,-10152.854243815789,13.055457374332024,-40.643445290556343
0.17546484803795639,0.052015265265238968,0.2114408655438994,2.7878863210140167e-05,12582.143312156484,-10497.548500113558,6.8119755137707481,-35.970507304330809
-0.17593831941558039,-0.051703611275931149,0.21136107114378744,2.8372718540795855e-05,12512.926223018938,-10505.487719199471,6.6512234433769111,-36.11672388310032
0.15664848766689146,-0.075883717053650393,0.21387911732800602,3.2366103251190002e-05,13641.045514869144,-10431.13147698976,9.6105369808279111,-38.696502938079256
-0.15741080913893149,0.076080642782012958,0.21369570146913458,3.5623830089850651e-05,13523.637300858272,-10440.566178050594,9.6524501404920109,-38.750795238396094
-0.099979056301264704,0.042468466237279755,0.22344143979241168,2.645633560636665e-05,22909.587531925372,-8528.5498133002493,26.563279893406733,-49.818503837317579
0.080637541733270007,-0.065470137405445231,0.22630491290486157,2.7612949159971383e-05,22381.178735633734,-8850.983053989281,26.320064884686072,-50.605839459481388
0.16734053280218172,0.048189328047832172,0.21318568064099525,2.6930050072059744e-05,14072.115274283489,-10357.690457854218,9.3722986460293107,-38.062366414332487
-0.16681451286480398,-0.048452113491851224,0.21327120298469229,2.7937535861259944e-05,14148.017569682163,-10346.972250585852,9.4613875600990021,-37.863424580051017
-0.097955138108601097,-0.087662934964946052,0.223741076891984,3.1674574184539577e-05,18157.412954805193,-10036.164122660624,17.079792442228108,-43.348629136935514
0.095820854229954913,0.11663383302734927,0.22388514173868085,3.2998954508290243e-05,12814.368576771936,-11295.329007661156,5.9564946745795302,-27.286967100983098
-0.19471853688485799,0.12058381652868083,0.19482740074064334,3.2127820426952936e-05,3789.0909530192962,-10081.804132916828,-4.3217052329766421,-26.966280524701826
0.19455830851103234,-0.12118610889899377,0.19473164584358699,3.7588777597783893e-05,3738.0222084700845,-10074.120645449288,-4.415696213647033,-27.298506389778996
-0.053073753297755752,-0.031222188820002768,0.22997679211899436,2.87657230779345e-05,26868.477959723048,-7257.8280777151203,35.142694685226751,-54.475896484426222
0.15678849512528731,0.046790707939285733,0.21499126983109362,3.121687463285996e-05,15729.771383856396,-10139.229504340274,12.734198086374182,-41.527916747033167
-0.15755225138207599,-0.046886287033085561,0.21486597450664816,2.5621360971940951e-05,15627.796175058726,-10152.3308713145,12.108263535596606,-40.098647313927486
-0.1280189556953604,0.053395855820820862,0.21929018794972222,4.1825659838897443e-05,19099.363513511747,-9527.3877321676555,19.636759214156037,-46.247839782111342
-0.1379397610839061,0.060851562394322267,0.21778567864439868,2.2241799612124455e-05,17297.982262177284,-9904.5597502058736,15.784428901623897,-42.715646198529583
0.089557438142811724,-0.038782548565790512,0.22498433982126106,4.1801496225338484e-05,24070.960388417854,-8175.4315303662652,29.231763900612101,-51.823020386009539
0.061375244215989229,-0.024675611380286143,0.2290045609620493,3.3990155535168286e-05,26763.821214656517,-7262.1647038382189,34.916533052467557,-54.450658067386271
0.11845388540861551,-0.050065278687906056,0.2207062777542978,3.7487106115106938e-05,20465.953238084774,-9202.3508141711372,21.723565967587657,-47.280386787276854
-0.1083233020701526,0.047081210508137232,0.22220609065163538,3.7907311085271205e-05,21747.530353652332,-8871.687339089558,24.886632547734752,-50.172525321883292
-0.066348686679655891,0.051717771752320188,0.22835020176665274,3.167256406225474e-05,24682.063442374143,-8089.8470815347528,30.127848978869739,-51.683150855788732
-0.1377012603948648,-0.041651623195234723,0.21785674182138973,3.0159228537494793e-05,18704.913562969403,-9584.0376048555299,17.851952076407294,-44.40081878505385
-0.15759178714668318,0.08273345326193747,0.21312087895892143,3.2951798497174452e-05,12861.527201588156,-10516.4659420669,8.795555530315383,-38.177331258421937
0.15673522320433916,-0.082024097013424321,0.21338474088395259,3.0565705337394261e-05,13041.68478541327,-10501.156461538676,9.117940108236537,-38.718053920824602
-0.080186088061140054,0.035973098897197721,0.22637174973127017,2.8072499698176763e-05,24979.036376332995,-7885.8096721933016,31.435380576876845,-53.345075861905187
-0.12808082762533921,-0.041117000923711969,0.21928102793242951,3.3374342503705582e-05,19955.766786685523,-9299.8657073807317,20.577751605020492,-46.578504484174054
-0.090189451308520172,-0.10803126410688897,0.22488000837548872,2.5527878960148624e-05,14994.875412371193,-10929.288872691841,10.538292490548104,-34.97499024996403
-0.06273470139275393,-0.055714285714285716,0.22882031834516087,3.5106270958544595e-05,24508.709329397763,-8181.6408871463373,29.54672526805015,-51.342509744098514
0.058410060728616708,-0.096218308770691971,0.2293667670042861,3.6287019431422081e-05,18930.072308578689,-10207.343882328036,17.798138587543978,-43.819268329143952
-0.036050745286555282,-0.080177889263363306,0.23154804025612738,9.7131363438223763e-06,22474.399830276849,-9127.9777765120762,24.382385750578795,-47.034786497139663
-0.10510467922032458,0.090922616995722988,0.22266070454219491,3.7551788153567787e-05,17080.674290684507,-10246.171093331064,16.000763664982298,-43.312126761381414
-0.10964169465054555,-0.034015515801705733,0.22201090522847025,3.2326327323718248e-05,22459.280226728821,-8629.5818177511264,25.986994509248287,-50.220028405723376
0.12818953651267875,-0.056712663033124486,0.21926493379590845,3.435916334879387e-05,18812.150294325733,-9602.0876823468589,18.653630198653897,-45.338995494642148
0.14728111181902581,-0.0068319161732613119,0.21643846369855119,2.7521406861413775e-05,18510.069797067586,-9613.8142091710979,17.257335678502251,-44.630372705289467
-0.11538945980532041,-0.12376726724100048,0.21958980591137819,3.849495055921805e-05,10192.753708371913,-11368.125288308131,2.871232752529115,-23.03075110026862
0.14786452255189145,-0.017444755202087481,0.21635209088936899,2.8638433810838586e-05,18247.813269998613,-9673.362201413669,16.655187374870657,-44.582387392617122
0.10039510243089726,-0.045243683154450737,0.2233798449828866,2.3267828409561647e-05,22670.752653796102,-8607.7739448610464,26.415696956497456,-50.039898252783487
-0.13663288329684933,0.11709165406590495,0.21495618578161826,3.9481229483350796e-05,10150.330241898901,-11042.778579295913,4.121052336795211,-29.608217854501575
0.13607837377860446,0.11644141213666259,0.2151783282750849,3.6417673650617677e-05,10312.451920881944,-11036.675713446131,4.3955343666768316,-29.944402213027164
-0.13743733087686719,-0.1173988940191646,0.21471391632837758,3.6509820702097745e-05,10034.15154578589,-11039.402975891431,4.1556383535118258,-29.863546683083253
-0.099999999999999992,-0.031873719591813759,0.22343833911909095,3.0620800365103052e-05,23546.808963180494,-8305.7368725627784,27.866667235259776,-50.843780303935958
0.071417092053939521,-0.032695255892949047,0.22766242635692999,3.2438743534994571e-05,25769.76183836718,-7623.8820954947078,32.393938239642658,-53.205924616657256
-0.12854379960281467,-0.073031729649333951,0.21918043097920034,1.9239226420551755e-05,17239.725964715104,-9975.6402528344734,15.467713409821386,-41.392832516467685
0.051945170892142477,-0.0038541141465185157,0.23009526124696852,2.4637217703655712e-05,27778.482851994584,-6862.6002218384838,35.874488544378359,-53.905090015876148
0.086817832692779318,0.10117490778699675,0.22538993300877028,2.0707374734878406e-05,16568.702933425011,-10590.535562631441,13.341373141920208,-38.850246109662173
-0.08709535270545754,-0.10229714014627155,0.22534884671784525,3.1248242228670657e-05,16327.087641888749,-10650.736718316393,13.348912626227643,-39.705111824265032
0.083414804261641953,0.051767036318672258,0.22589374466112086,3.1195320934612465e-05,23567.693908027024,-8400.86473877354,28.301908526033284,-51.247909393175739
-0.15640031714246383,0.093889507824753846,0.21239729024400578,2.9235135434634469e-05,11789.488963311023,-10634.560352639057,6.9617880033083548,-35.669618172926015
0.14632735924133264,0.0058152889223910039,0.21657966488796959,3.0215237052858823e-05,18662.041298176904,-9581.3622811927034,17.080357184993694,-44.405475807278279
-0.090776963171282865,-0.030183418721073295,0.22480379154430422,3.4689011741775642e-05,24462.790348318162,-8021.8572875545351,30.201487026699912,-52.582809363568217
-0.12903717727846348,0.063149234737696944,0.21913764019518461,2.7150694767974437e-05,18165.354061063608,-9754.7291652035183,17.006815970065318,-42.841063726400719
-0.12035471919245401,0.055793044909520965,0.22042486305887032,3.8308483444782904e-05,19789.941441070427,-9384.1375232949358,20.45359302105598,-46.19328308925126
0.10885280573551898,-0.052451055198512675,0.22212769867755341,2.8890529429616469e-05,21281.084181983479,-9012.1768346650879,24.039238505768896,-49.207677374052295
-0.090385581467070375,0.043096402581029696,0.22486173483425587,3.2034938360152234e-05,23705.115175596409,-8306.0683918332616,28.689569259217848,-51.774767204047279
0.14861815408498388,-0.028558146640289005,0.21624051722619397,2.270133100524927e-05,17812.406896803604,-9761.6846476876544,15.754207094158774,-42.911529586850953
-0.081062004428601508,-0.025997639954698473,0.22624207203937263,2.0949341844449434e-05,25446.479782635615,-7693.5085247750576,32.105784259148031,-52.936483627695701
0.081610755198516197,-0.037074884334024748,0.22616083056939557,4.0328334896020086e-05,24808.100555897974,-7943.4558723679165,30.63576012484711,-52.373766519984102
-0.062239560226409481,0.027582438211148703,0.22889898217317858,2.8349524095778016e-05,26587.298202837479,-7333.1985047495118,33.861161267252946,-53.387279990252296
-0.19495165203858678,-0.06774912708648903,0.20511176705043538,2.5757102066263763e-05,8239.2457478789001,-10573.359682923901,0.34571238259538944,-33.50410908453334
0.19455186285684181,0.067907264627774605,0.20520584851877149,3.0235977022259989e-05,8309.0217497275735,-10577.64068404377,0.24178152285177468,-33.73449103226605
-0.099689388539644125,0.049428711992193161,0.22348432453362613,3.0585204715491994e-05,22404.497830730354,-8705.8678477884205,26.215069283570678,-50.604292819868903
0.09949067535274124,0.060674399960951544,0.22351374362931201,3.7797176128772927e-05,21422.698551829359,-9031.061091374555,23.815703713392551,-48.530997202793799
-0.13797347702117213,0.070204447584017324,0.21768477152218008,2.7458220548418792e-05,16442.13231792958,-10085.506877687796,14.586634925670685,-42.252290940295993
0.11840791620722214,-0.057887378802328159,0.22071308340396539,3.3663773892743203e-05,19812.455242216394,-9391.8243500368717,20.82554394363914,-46.934420325995426
-0.071539587262367907,-0.023176427407779397,0.2276444850845403,2.5385994932926256e-05,26239.109201556534,-7425.3585663967451,33.160978625087125,-53.177028945628663
-0.10567360468370877,0.084187640214254469,0.2225982802028848,3.3169582363541553e-05,18043.973134523956,-9986.1183246378623,17.564973949962841,-44.357274863968485
0.13778055254426652,0.047485095461894451,0.2178450027749442,2.2554640640177851e-05,18326.687560272636,-9674.3099453162704,17.347763305263452,-44.279199253211573
-0.033695576741973085,0.015926489292240123,0.23170267739756778,3.5778105493082757e-05,28246.420019030826,-6721.7139398592089,38.263259561784928,-55.908436472169292
0.033255212719249284,-0.015139090222666912,0.2317322977977955,3.3989202437961925e-05,28276.937286827193,-6709.2399067694923,37.884788404335417,-55.155474481458583
-0.18561635775411178,-0.064038564035201348,0.20808052719697098,2.7576757872484196e-05,10214.821344444794,-10598.811464383509,3.3919489296359973,-34.727702620934657
0.1855810459915104,0.064024742597190612,0.20809064534790467,2.6274615739895726e-05,10222.568422828095,-10597.637615466076,3.4704436780883117,-34.721128617858788
-0.041195119234443647,-0.09595871871785068,0.23113529154097456,3.1740352517380945e-05,19566.60949539916,-10129.392294097604,18.964073930010247,-44.460591115089336
0.14680608465426981,0.0157221663906012,0.21650879053408315,2.638125578524159e-05,18443.009677588136,-9630.7552685931278,17.014670212674325,-44.700152053185043
-0.10914857468449718,0.057450023042078628,0.22208391066757521,3.4497021580077073e-05,20816.39336918644,-9155.2446801000096,22.633025412344903,-47.799666896390221
0.090786695487252683,-0.045496867197648588,0.22480235069410587,3.815814866492327e-05,23488.249933891911,-8384.209921740372,28.51902019150981,-52.032703239829949
0.12907338404368676,0.044703719402980867,0.21913408191087899,2.9566124700626521e-05,19604.931489676073,-9390.9294109365801,19.783161136524271,-46.078070189605221
0.17715742749004362,0.062702810902087985,0.21028849782175302,2.6588383312886318e-05,11710.506754193986,-10548.202350370624,5.7092385042067555,-35.873043519808192
-0.17636987038240826,-0.062306845657369006,0.21051722063776437,3.241355147594579e-05,11863.07574477466,-10539.680860017716,5.9609286332107914,-35.974062912452084
-0.13835443570690292,0.075598191058886224,0.21755849318018322,2.8150982948535029e-05,15866.395842865912,-10194.650111208295,13.282837415138653,-40.080961143685563
-0.11970467095251604,0.061708185565302227,0.22052110141964162,2.8489095121821384e-05,19328.062642548612,-9515.3524661064039,19.691418104347353,-45.56041862898001
0.052686074163445819,0.0058302927315296077,0.23001348306339758,2.7261028812598614e-05,27715.055572482266,-6888.5925913807105,36.758573687433156,-55.07708001505025
-0.086090865230474503,0.072898678377862763,0.22549755910881625,4.3223251591167905e-05,21100.404135694225,-9249.1610251499696,23.53029064514854,-49.097007903974941
0.1005309812340813,-0.053781244861395669,0.22335972839387278,2.7804227108109879e-05,21966.335198283778,-8846.0366632787172,25.33511768401754,-49.919780042755711
0.16671625139845236,-0.088760234243733374,0.2102848547730512,3.1032321460896954e-05,11116.071927089353,-10605.548856469819,5.9753943778403746,-35.672404096705563
-0.1669190077781755,0.088658907695971165,0.2102428434008132,3.2284768297809953e-05,11095.709217680369,-10605.998863080487,6.022556046623758,-35.998332767734844
-0.053938209823425329,-0.039883896669046903,0.22990067240939555,2.366960902226119e-05,26277.484683343486,-7508.0107129779826,33.242081679284276,-52.810250289698402
-0.16647837329381671,-0.058374279156081406,0.21293076809583392,2.3799736155865264e-05,13629.204746047251,-10403.16742670701,8.5959049026383685,-37.091559539247598
0.16694078334730186,0.05953388403969162,0.21277633078318448,3.8777571714000717e-05,13480.663806124408,-10418.288126027674,8.6236720209429976,-37.735047691273159
-0.062581242474134796,-0.021375270840063243,0.22885724466345003,3.0909204996933326e-05,26838.408082521808,-7222.3040390944625,34.628433439838666,-53.780044016717603
-0.093827170128516726,-0.081078755795098836,0.22435221441580472,3.9187438569229682e-05,19432.971580799815,-9706.9300805096518,20.315884014429191,-46.564115528530834
-0.081060211798641077,0.04404729158900722,0.22624233743470523,2.5690847202720839e-05,24368.433421152538,-8114.9742055105753,30.086028439071022,-52.333747421356158
0.14808074872434179,-0.038070191012273956,0.21632007903068839,2.215265778870815e-05,17484.980946922915,-9826.7852908058485,15.216164852640336,-42.03398636673294
-0.12905180614178427,0.067525228683107369,0.21913546937799547,2.6034083527595412e-05,17745.150038558604,-9854.6940669339656,16.223447032216821,-41.979011220746621
0.19509413835193837,0.1153131738854259,0.19597887899812275,2.3125186395972279e-05,4378.4223106962754,-10173.199173112216,-4.2318486413667866,-30.328085970077172
-0.052764357172709449,0.028461199605694137,0.23000287921087884,3.1990440362994188e-05,27026.199275895597,-7192.4539857605123,34.900713079329236,-53.910512988964072
0.10985122126801102,0.03941045428618635,0.22197988522570131,2.8783215895809269e-05,22132.143414346472,-8735.0749431387158,24.88471160180433,-49.005472767282775
0.15577316617296955,0.05609114461623893,0.21502112201351287,2.8698286503231643e-05,15321.178711416946,-10202.297772076194,11.419846998416165,-38.63146915590152
-0.15725518771582347,-0.055641233472370946,0.21477792986927027,3.2465587548482504e-05,15139.681774126875,-10227.367224341931,11.189129622374713,-39.034580284410715
0.10821506637816046,0.092493691731467834,0.22218881521561676,3.3866014410332923e-05,16596.399667055593,-10331.289684530768,14.566305385075113,-41.112567190604913
-0.13876044732630963,0.080213314459311735,0.21730869549685794,2.040618755770719e-05,15326.851560540532,-10293.467912800261,12.58081437347972,-40.091624725054231
0.1475736537784651,0.026570728222957741,0.2163951534380143,2.2512943338262692e-05,18043.542472489302,-9712.0034225085801,16.090078975692208,-42.847484239423743
-0.13167497362230129,-0.11142857142857143,0.21677549851037123,3.2214174841872514e-05,11571.19969281918,-10964.992211385439,6.4821479619674589,-33.145540667846184
0.13161212344182782,0.11148782735927262,0.21678530945207219,3.2822807897709627e-05,11560.442490091798,-10965.813491543642,6.5118513049634963,-33.419555098829939
0.10053831703283392,0.038651272016485237,0.22335864234332525,3.2379438294143441e-05,23109.882206674432,-8456.7485246258948,26.801996478720969,-50.076970871650182
0.02400699378968707,-0.035052568329748075,0.2322877295393212,3.5430415967869441e-05,27610.050232195132,-7038.5266019586925,36.06220597008781,-54.004770359666509
0.14641815756386478,-0.11330540401635458,0.21279547392363848,3.4850369957242277e-05,10018.435273015366,-10907.67752405238,4.5001317104377216,-32.163165034160698
-0.14668638586929306,0.1165559739648331,0.21229803399554834,2.5185640434873635e-05,9443.0583992109496,-10941.951948113892,3.7091528161239231,-30.157095976451963
0.090807930336616854,-0.071994947802411849,0.22479920691650834,2.845747997901429e-05,20853.997702408404,-9291.8406704103654,23.065836450007936,-48.942596933610986
-0.15736302947114644,-0.13,0.20679704271645735,1.2022437321976339e-05,6024.565850145852,-10812.93571754372,-0.63980415502445109,-27.013931676378625
-0.15730790698230851,0.13,0.20681585298143956,1.6329783744460721e-05,6049.1149925418849,-10813.357759346733,-0.59383950962833731,-26.331208481978461
0.15762041127585505,-0.12963754821743256,0.20676918397689864,1.7226266148897471e-05,6093.1886409669714,-10810.550156977153,-0.52544028745192362,-27.214797176292773
0.15730790698230851,0.13,0.20681585298143956,1.2535554560880767e-05,6050.5055523079736,-10814.323413521004,-0.74251849066695508,-26.743066753587012
-0.13834797164255702,-0.053277239254738193,0.21775856909128208,3.0957090978027326e-05,17853.342588625819,-9779.0797550356492,16.245171518513423,-42.699005745709727
-0.17646580569628173,0.097002648518580564,0.20630503154397745,2.8919373913329765e-05,8989.3817727898913,-10612.632116093668,3.0819596754843084,-34.308102091189774
0.17666701570353965,-0.095335981620227814,0.20651970625177829,3.1296711292504564e-05,9146.0242741020793,-10609.295375337539,3.3416970097737608,-34.269774616258012
0.050657703898596675,-0.039385838486200107,0.2302318851563005,2.4965505340588635e-05,26478.518365472544,-7433.8734235702659,33.142844344911396,-52.178272747065073
-0.080070995053374075,-0.050128463640543942,0.2263887890242382,3.0066879343738948e-05,23954.110025242255,-8279.3774124278571,28.902154142038111,-51.31195290985103
0.01000623271035592,-0.070175079129408402,0.2327742001339696,2.0530604575652163e-05,24369.794990584538,-8464.0485652811476,28.810159857414632,-50.24756308738565
-0.061329951905908529,0.036736518976100606,0.22901009355335367,2.6320992404692212e-05,26133.293825798693,-7526.2724749815261,32.299226916943738,-51.775454354923177
0.090320944867510564,0.034807032249813949,0.22487130415543125,3.1328696700796469e-05,24262.29062584729,-8098.3915480120286,29.311040598601622,-51.734734091157485
0.13727630139059985,0.087805145414047311,0.21721600005254252,2.7274254372308688e-05,14591.536436602673,-10438.94915459245,11.751112555748291,-40.000516703547703
-0.043166329418441438,0.021077910020162519,0.23096267718276534,2.8007720909787288e-05,27780.894186172842,-6894.0271148485654,35.005832562556442,-52.198519479714129
0.043183881863659318,-0.022164752539990222,0.23096114015536415,2.7669857524377684e-05,27725.186871103168,-6920.2322943975996,36.120867975739941,-53.689383757902569
-0.07080827787828009,0.04382741311213062,0.22774802314950687,2.7651145080422434e-05,25071.703136980461,-7908.0519187876425,31.197885589635725,-52.566755736868075
0.051922887515932853,-0.015937198146426437,0.23009772080424248,2.3782718865705251e-05,27565.185545651588,-6956.9777794786096,35.715085370403699,-53.844287922337649
0.078851976286464662,-0.053146012515265226,0.22656926235016858,2.9598365713751082e-05,23769.738923959965,-8357.6968755010967,28.786034762527507,-51.574480081529785
-0.1169345177652783,0.10325581784469698,0.22046930481340302,4.3502884721782005e-05,14128.381457232957,-10764.494614007794,10.385162020071006,-37.4422874977353
0.11630310906034333,-0.10103636274502002,0.22066452467433054,3.8011086208926309e-05,14557.796473613675,-10687.398331409406,11.342970520064043,-38.693550576395268
-0.17436707940652094,-0.11790933395618405,0.20324600524981021,4.1590805712845251e-05,6597.5067019584367,-10584.370691176227,0.30644031055860216,-28.342630995622351
-0.12901108451220056,-0.049911134673660415,0.21914330523373213,3.1546620808253728e-05,19255.750875825841,-9482.7139437566457,19.06100457324597,-45.357877178845747
0.068778517190044422,-0.046550910889317454,0.22804570075731864,2.5732550043148029e-05,24976.747652214886,-7959.8757717249782,31.009980527869857,-52.519113638297689
-0.056663910605486707,-0.096079888370106614,0.22957936306294768,3.3884809931917089e-05,19033.886441842846,-10188.435505717531,17.942647674626741,-43.755355113039712
0.14813641346908873,0.037275317555895575,0.21631183797493583,2.6155829470312815e-05,17506.840026382448,-9823.3069975038688,15.679433384788171,-42.794963490524133
0.059188587162574725,-0.040304110510972678,0.2292716676690775,1.6492430379660059e-05,26005.942441239877,-7590.789484733431,31.570736093370122,-50.827473656308882
0.10089134521550872,-0.070382879931659259,0.22330637721664801,2.9970782263637821e-05,20235.408036826091,-9398.209470748985,21.723502611730854,-47.459261634428053
0.14761904761904765,-0.048450672352389743,0.21638843296938076,2.1578204658879032e-05,16954.029321769522,-9934.7091294883467,14.605787645499538,-41.628320102433655
0.080912418414612997,0.032361795270180974,0.22626421795393112,3.4017414508791165e-05,25142.215595594189,-7816.4927942713421,31.695468117601546,-53.383637394569107
-0.18605875137755079,-0.074887772188790128,0.20666454312901311,3.0365171747368234e-05,9478.6585854277255,-10591.37311546417,2.4468546177079689,-33.789450222278255
0.1870747042932725,0.074667482385400774,0.20640307939466579,3.1794617824574867e-05,9314.8716271483536,-10589.629552414068,2.2424351001086227,-34.087796373816808
0.075522619865978469,-0.096197722773235544,0.2270621670065392,2.9775407499060214e-05,18143.040905466532,-10280.781561963286,17.234271326571129,-43.959296174188452
-0.18647773164024564,0.10181329442576474,0.20217348844881347,2.6913450349467934e-05,7130.4272216919035,-10502.398369599099,0.15166727192195792,-31.189925946158976
0.18560539404481613,-0.10267062859635523,0.20230508688154028,2.7053929229713988e-05,7167.3601214847395,-10509.853572117527,0.27570877162982749,-31.464775037221788
-0.11984367754148686,-0.049099703067348448,0.22050052176810647,2.7330051672930845e-05,20385.216347085308,-9218.3227529046162,21.234999408353442,-46.319962176725014
-0.18460331321375384,0.12370465609048824,0.19815174905689242,3.3672735835019251e-05,4597.6671452458522,-10296.791965564673,-2.2949894712424719,-25.419467090708515
0.18361370797270515,-0.12377166969894252,0.19852211028067779,2.0951621214257115e-05,4711.8763570390092,-10321.878666733661,-2.0314560292693118,-23.854875189682872
-0.14762135837329229,-0.070005567049985881,0.2160396568654028,3.194908951937595e-05,15303.733544911998,-10237.563612630294,12.331531545515272,-40.177397393785157
-0.11806413303350891,0.077097995664352811,0.22075748732573919,3.2987608515319359e-05,17844.861341287236,-9919.3899633881683,17.085011021119026,-43.815736222230115
-0.11028148891359753,0.070109295299311383,0.22191618494876783,2.3169365501136133e-05,19416.746187900939,-9560.6335415392623,20.188017328485145,-45.940816954278695
-0.031902092053933483,0.027508501954868949,0.23182953758907127,2.5457977226898415e-05,27866.398753709382,-6894.8588365834748,35.888450708051003,-53.172480809205268
-0.11931569262048546,-0.06916273477672702,0.22057868889507842,3.0308624815663399e-05,18627.797301051087,-9704.3141868758848,18.458128973523944,-44.350484896203149
0.041365733514789574,0.035048939745638281,0.23112035123945707,2.178221891700194e-05,27119.103676822302,-7200.7725182194072,35.457837515523543,-54.2675183072271
-0.1761167151625648,-0.071601044894342991,0.20971026314633251,2.82972367891423e-05,11298.968696414993,-10562.759607502801,5.3347028926315607,-35.015366277326613
0.17676648572187303,0.071097489407446271,0.20959810278972693,2.3141898475843076e-05,11230.750177335,-10564.682225809918,5.4185322468071986,-35.441782375238041
0.073320047685676876,0.079628172440427317,0.22738786233418556,3.454295507848209e-05,21004.695206911609,-9393.8136712202522,22.757689128488117,-47.72881272142245
0.050329796330615482,-0.043732330443370479,0.23024759334924744,1.5765528084280232e-05,26154.255566756117,-7577.4851387853896,33.619169689752198,-53.654582907552495
-0.11634352471557641,0.090963318518954006,0.22092828229270542,2.4739100875022035e-05,16145.483158618363,-10347.423255566137,13.820269292642822,-40.410235711584754
-0.10955285619005979,-0.045068759242985167,0.22202405758745733,2.601369720999983e-05,21791.949444638831,-8846.7296773367634,23.844825886608898,-48.187850147824072
0.042643605483598253,-0.026918351244602762,0.2310084509197651,2.0767924258719685e-05,27540.193117902079,-7005.0233345119796,34.647301121914452,-52.061793017626158
-0.090454707160971093,0.048883949568855431,0.22485150091151065,2.9001017884116292e-05,23260.563326983909,-8466.4203162916765,27.332326408418382,-50.574790476853849
-0.19388449622068468,0.12999217413502351,0.19269817029114431,8.4672004039792123e-06,2555.5787564225761,-9852.2872833560541,-5.2759828728560372,-25.25623682550691
-0.19542515009333766,-0.1137278946322105,0.19625398234441341,3.6356956568146994e-05,4509.5871555244894,-10192.118055152394,-4.3104679388965579,-31.695695997249423
0.07140171237718089,0.027879938208729783,0.2276646789427538,3.2360285000033564e-05,26035.517495177635,-7512.4478130256266,32.749672055137246,-53.279666029524272
-0.057838901984968979,-0.048998924583965521,0.2294365357551599,3.0963678089859607e-05,25365.709603259511,-7870.0885692284246,32.294075448380191,-53.770170299680125
-0.0046801314163528061,0.0024521625164843712,0.23286916252905601,2.887776177925168e-05,28972.892419049258,-6431.1119091358132,38.898343055071592,-55.085168266448342
0.0062036246424393834,-0.00090382771455811218,0.23284238664307197,3.3851776053497287e-05,28972.965926479348,-6430.9085859167235,38.29551199907938,-54.335624751824867
0.14751181627786653,0.048567774946909031,0.21638946469988268,3.603139658383664e-05,16955.924259339175,-9937.4898449318807,14.595671037142777,-41.98961172154339
-0.16652210236780188,-0.067894443742343949,0.21232819581094353,3.5333747926621104e-05,12974.262675704231,-10465.308294413155,7.9935231995170613,-37.012217320581627
0.1670231886411796,0.068055868337763156,0.21220433640809949,4.0430742680025705e-05,12879.334467301733,-10475.098576296943,8.0929806596662246,-37.880012953132805
-0.043132921216221115,-0.017231829079612435,0.2309656026624691,3.3138463132084658e-05,27885.871152918102,-6852.9725974109169,37.197668668103226,-55.212731916572324
0.042773460896315216,0.016754602456803082,0.23099707977887504,3.002175340656775e-05,27926.368423515043,-6832.534962123299,36.56448051817766,-54.128255032104732
-0.19527544349280346,0.10794232625162942,0.19768853458322014,2.7987546690468863e-05,5160.1249307967755,-10281.678860972963,-3.6912276893154901,-32.461075883538861
0.19553740675354478,-0.10828309149819974,0.19751615355909269,2.8907182824655981e-05,5081.3598307967131,-10268.237411750657,-3.4981896212360648,-31.854657748309883
-0.089206136597218183,-0.075018884855002563,0.22503634932272137,3.0443782252063909e-05,20595.492163331299,-9388.3964391292229,22.424480077519608,-48.074561148978326
0.073480332902654849,0.061261901080904284,0.22736452356640557,2.9173611878472874e-05,23299.378943140389,-8575.152721071101,27.979985651995683,-51.371341094382728
0.11102680815774467,-0.090712777074828735,0.22176111006008717,3.3685910662360354e-05,16637.267491657043,-10290.207266827669,14.871184854414675,-41.609106319856863
0.10398263907995461,0.086682559446292787,0.22284871725251212,3.673057349076659e-05,17819.503026339069,-10065.509845716184,17.099090609176582,-43.932470531687699
0.13754991768099034,0.057071255092856744,0.21787914781190415,3.7468016075536072e-05,17662.439457783534,-9825.6725466813023,16.160362386625707,-42.927001419695756
0.053415145788333653,0.016816021287265854,0.22993301081352949,3.5473153419023786e-05,27466.03902630859,-6994.5925717433365,35.902969247020401,-54.343784266477407
-0.06551000104487463,0.056850661606804131,0.22845100950619851,2.7098492188578756e-05,24215.949367662179,-8282.5662545084306,30.29483246720136,-53.153329168030609
-0.11240099605574794,-0.11842172444923324,0.22061555321299789,3.6606024728003534e-05,11512.082304414957,-11260.133684715276,4.8451745726474353,-26.924316909119696
0.11270166722094989,0.11849304745012691,0.22054643570196134,4.3820541318380607e-05,11472.011753217812,-11261.199265092784,4.9081263985697099,-27.413078776473217
-0.048835070708216792,0.03112273755782043,0.23043481758831144,2.5343497185661979e-05,27060.27390118828,-7193.6623187066671,34.789958057901437,-53.14745379546455
-0.099897687075590588,-0.040627421865627213,0.2234534863459057,2.7352278196282656e-05,23041.872604099724,-8484.5582134048836,26.967943612636816,-50.609271730443901
-0.15718326196363838,-0.066116027540736214,0.21438497464821027,3.1966691822799499e-05,14397.803608179809,-10330.222963833212,10.608456326130449,-38.891342238554721
0.15718143731150216,0.066081921956445189,0.21438744344410882,3.4646983300362893e-05,14393.679328719621,-10332.17316541672,10.610472601356207,-39.279829031410401
0.12864949371486781,0.054848386074960342,0.21919683803863382,3.3482942598063068e-05,18920.771963554726,-9568.9406232606525,18.926745582490835,-45.210480718444124
-0.12685255153073799,-0.10532588208938845,0.21837566233213115,3.7209544682204033e-05,13005.979586096166,-10829.113761793582,8.685268353068583,-36.269732543834941
0.12784018526245983,0.10586617061719171,0.21812264455779842,3.7172178668371767e-05,12838.47257464472,-10840.125256212576,8.5636592829019254,-35.888309743294677
0.047070638679135704,-0.0016384875337021728,0.23062078576867057,2.3493942524705009e-05,28004.274215771009,-6779.6077532986828,36.445538126744921,-53.820375005387213
-0.047259614257509464,0.0020464209115197808,0.23060423761036508,2.1920252648196635e-05,27982.42323380362,-6792.0692997595097,36.815346791674912,-54.47515161085699
-0.07534015847928005,0.05920471138560772,0.22708918005523476,3.0248616803990027e-05,23413.497354260468,-8516.1061852964503,27.605515096514729,-50.498924482272251
0.14892810828551045,0.055786639721511148,0.21612888946732464,3.5575188207111982e-05,16284.214067244504,-10058.330225509406,13.596791028280563,-40.893106906140417
-0.14156373693408073,-0.0013853306904175926,0.21728490978214421,2.6635562782991956e-05,19358.267428702908,-9423.3436792660104,19.060794994972078,-46.271319064078313
-0.157339951825406,0.1197043082329142,0.2086299197248222,3.0143245797226762e-05,7975.3628370895949,-10840.296988973065,1.6859187570646654,-27.94322681559871
-0.13538219908623531,0.00057570176988216027,0.21820007427759622,4.229752514581345e-05,20219.653655085363,-9213.1266165724555,20.633054985117113,-47.10682626786555
-0.19577982613222131,-0.08529268077998188,0.20210113686265646,2.9593585006533317e-05,7000.9669340957607,-10477.118706644145,-1.3019981196486854,-34.551120098751227
0.19517499545011496,0.085693707405619962,0.2022271505792094,3.0617989526744854e-05,7090.2578254519758,-10484.990496346851,-1.2543103425638464,-34.910732576490396
0.062985444986196626,0.025328963659077341,0.22880787011621559,3.0292668140240868e-05,26653.21439559132,-7299.4736524003847,34.363225290337084,-53.9036230886556
0.14255513473181558,-0.0032460722082308926,0.21713813529209194,2.9366059665771465e-05,19212.057639206112,-9457.2705840897579,18.935892374634019,-46.57116562134393
0.12449989613105431,0.00054915532501757162,0.2198111777826578,2.1177299230868471e-05,21654.360580504042,-8825.3298100670327,22.903441886930832,-47.112802414439848
0.18482368013122302,0.11747818383559633,0.19946991827675661,3.6616948069159166e-05,5472.0124313494716,-10390.046505489088,-1.3802701790199987,-27.247325294514457
0.13240115656237256,0.0039326620701238737,0.2186414117480483,2.3851170943377274e-05,20625.762426317535,-9104.2167695781445,21.038309467598616,-46.553589631872569
-0.10831574510617502,-0.11241963318833127,0.22175487057778775,3.7331824122632135e-05,13001.029196214833,-11089.269227509119,7.556491010714482,-32.391543386585823
0.14211190617136574,0.0072316480439388953,0.21720375440692685,1.6469920328441217e-05,19270.684881597204,-9438.4117393607266,18.105128465979753,-43.988967590662718
-0.15201687305849448,-0.12307001402190505,0.20975093708440085,3.6349062672415415e-05,7823.1051343580366,-10923.751481735355,1.405336054025907,-26.745923648180195
0.1523164670663929,0.12380952380952288,0.2095369205111674,2.6977833057192052e-05,7669.9041496885829,-10920.542118655603,1.2080622786449451,-25.943624268597077
0.11403403676705737,-0.00049584612584216317,0.22136062763479486,2.2411364281792651e-05,22877.236696816388,-8475.2201513475684,26.668892959049764,-50.832265830211838
-0.090362755214357465,-0.037422578182498382,0.22486511421598276,2.7530370588754863e-05,24094.423972228575,-8160.3249357046398,29.838105334406777,-52.483006799873792
0.19521198853849828,0.10980725933352924,0.19724923326799795,2.9862654020579698e-05,4973.2062086551832,-10257.664882287643,-3.8795939400011523,-32.411584114244185
-0.1238095238095238,0.0041745860692604664,0.21991338604423588,2.6450685301283913e-05,21719.012823979068,-8810.2901055744933,23.096981467994983,-47.70760560906146
0.13357559240845712,-0.0071558751576625721,0.21846753883567951,2.8801722769352117e-05,20430.988439434343,-9157.7477666916238,21.311598319412873,-47.692691199523047
0.11938418092871846,0.050613903029934806,0.22056854933602513,3.2806295504549464e-05,20317.646437458472,-9241.7842834140083,21.258100308656704,-46.849426084749176
-0.19977968776078164,-0.0055178019420453212,0.20852628213164676,1.5689925367216967e-05,8653.8495795480012,-10696.517084117675,-0.51370619324608202,-25.165664863706549
-0.20000000000000001,0.0054419846893020395,0.20856811126310462,1.2983764013076766e-05,8598.3387496595569,-10692.072355544518,-0.13211893929490612,-23.717726660919887
0.19961888245941001,-0.0058734370527992914,0.20862068508790876,1.2910310282036199e-05,8698.6767243314116,-10694.367588494304,-0.1363325998206712,-25.23866254250029
0.20000000000000001,0.0061603636668113434,0.20855947472600833,1.3279241687864705e-05,8605.1070823912887,-10692.208384023148,-0.2018793464243733,-23.964098674391298
0.14772800161251576,0.065105445185713984,0.21612641313778508,3.076462009538388e-05,15720.036129705752,-10163.820237817372,13.037029152887358,-40.819806431066183
-0.10486468619226608,-0.00096589299864518032,0.22271813191592232,2.7247886465946132e-05,23873.346927052611,-8168.0151983280921,28.616417909767854,-51.687948294419449
-0.14209517546361441,0.0093693576126633211,0.21720623135523562,2.0908610526186498e-05,19231.318942298036,-9452.1073243936607,18.594933923892441,-45.433655285725074
-0.11507003873497901,-0.0049835526682625577,0.22120724958525484,2.8664591619793037e-05,22747.329048971773,-8513.5250843474005,25.896284443713764,-49.781415428930401
-0.12488622115586123,-0.0075694785233950427,0.21975398312412611,2.1143989988834654e-05,21546.331904402767,-8860.3497571911703,23.778413537622029,-49.193998935828247
-0.19060486396559809,-0.0024154383208262464,0.21002446757813178,1.8686334830816587e-05,10803.740760425524,-10668.179107305348,2.6199254936790655,-29.063667803170791
0.19046931146539392,0.0023138174698969904,0.21004453585863253,2.3642707126828814e-05,10821.389111793993,-10669.404288485273,2.4181521297869017,-29.079012908034986
0.14780633928862813,-0.058397709061910788,0.21628410043922586,2.2696144698897962e-05,16248.895787196501,-10066.75339560893,13.330975020180203,-39.938520989148415
-0.073084814944063589,-0.09582643835497924,0.22742307922066601,3.254554707545849e-05,18336.602396034483,-10248.413716213327,17.733587521351019,-44.507401361908819
-0.18169953317593565,-0.00024247667787219776,0.21134288425041592,2.5223430632554066e-05,12677.105062546461,-10538.829553612506,5.8162850348913526,-34.603631390678245
0.1812316257407641,0.00067113844208942859,0.21141215702401484,2.2953493770058883e-05,12771.482295644608,-10528.278629797547,6.0064857926321773,-34.468455855538906
0.10430541812910636,-0.0044042063428467804,0.22280093045043625,3.2561474156260901e-05,23906.709619211775,-8161.3556231660605,29.033104219341158,-52.431138735816717
-0.095650341448179729,0.0012751527654289549,0.22408229749513689,2.4540316372553994e-05,24786.166220257543,-7873.43142150124,30.055267033379881,-51.897005094056261
-0.13346751161486728,-0.010267749882697691,0.21848353998415879,2.3570203138885941e-05,20411.644380523183,-9162.6813230918015,20.66917432037917,-46.500617664511658
-0.11422448928776235,0.0073712767920286713,0.221332431514459,2.889417111496894e-05,22813.555272397338,-8497.1512941124893,26.255485142877081,-50.572507856485942
-0.043560038973258788,-0.046553385329638659,0.23092820093935035,1.8349247042948608e-05,26178.551947143289,-7604.359288932973,34.146205017862066,-54.566330026370849
-0.18505160401759918,-0.080728984372097787,0.20615374853296828,2.4301216902277392e-05,9213.1184523284828,-10585.587718288885,2.5601398524211141,-35.052119721914799
0.18634591983090762,0.084214961442117653,0.20524902182245316,2.5437117860740482e-05,8732.8651673624845,-10574.008099285425,1.8004326942173121,-34.828836637139993
-0.17155028321105373,0.0028451541324610551,0.2128454607050056,2.88107984428582e-05,14577.205565486696,-10321.270660600054,9.3758573511126553,-39.013268632822836
0.17234477536180326,-0.0027162365933459604,0.21272783770791684,2.843016644776773e-05,14434.303882981538,-10339.283779456357,9.1764253657242154,-38.818585490336019
-0.19074666593516348,0.0082907088647628923,0.20997587136487719,2.6049795037349263e-05,10751.148625246489,-10668.752005426626,2.4727766899270183,-29.228951713953371
0.19063618848607505,-0.0085169317807160683,0.20999232101477439,2.0704637724470088e-05,10769.226774862931,-10667.187004543388,2.6354123821614364,-29.320830556441159
-0.099658468840300288,0.056124491249266245,0.22348890213417572,3.3196824383051561e-05,21839.993291451196,-8893.4861840217891,24.751677773925131,-49.276920276279867
0.095253058945708208,0.0045019154178182587,0.22414111438664117,2.4483719361351299e-05,24800.062454374241,-7870.818411332787,30.592016946273368,-52.487709442836973
0.085663664021716462,0.0016409156358512978,0.22556080540582077,2.0001704229112474e-05,25652.15849856241,-7586.531316941494,32.218013174590439,-52.807212357173654
0.12413620067334233,-0.0097765620013697888,0.21986502217838064,2.619414918780645e-05,21609.228429722494,-8843.3937509672178,23.836666722109918,-49.127058934041983
0.1048412432000696,0.0066471797797216254,0.22272160260471424,2.2006036254546629e-05,23859.724722735362,-8168.5926755959763,27.565398893416614,-49.627001097302518
-0.14298543876036593,-0.013278304203237792,0.21707442962873238,2.1959304098149041e-05,19043.204339784763,-9494.9243204509221,18.709936364745534,-46.152828119831803
-0.1524488508026427,-0.0030883946474457879,0.21567339012689654,2.7953072100295113e-05,17753.648113240688,-9775.3515661897964,15.585711451343441,-43.380007051498851
0.15220162266285042,0.0019590228663553576,0.21570999176574171,2.6532547021008818e-05,17795.958600571852,-9765.8811211333359,15.639916777555781,-43.170543087956865
-0.087743764783530298,-0.089999829042151785,0.22525285058761349,2.1488436041692104e-05,18506.460789279812,-10043.570614459637,18.474366939201758,-44.941561545340107
0.16258932065911524,-0.0058263739943545806,0.2141721135500525,2.3809339205216042e-05,16101.743934376773,-10088.151674129173,12.477366798831508,-42.033749247312073
0.16173401456391162,0.0053197362013161359,0.21429873993176218,2.8223802245566491e-05,16259.609591004892,-10058.279982990407,12.534018022234125,-41.117635707143663
-0.16190476190476191,0.0055352709955359472,0.21427346112446774,2.2874356246464726e-05,16225.121099149777,-10065.45460229021,12.699773284447797,-41.663699826956503
-0.16173163131207902,-0.0060658888622967377,0.21429909276749898,2.7297468819323186e-05,16251.909873964032,-10061.211527417237,12.470270165933341,-41.393756353459345
0.14722388110646328,0.079191512736141223,0.2156601505896707,3.2222878507973037e-05,14468.184723344262,-10375.079482127003,11.210016600526655,-39.541726796026808
0.14731760718295084,0.072244708699530077,0.21598860593877858,3.7075337466544346e-05,15130.520883017789,-10267.874068140916,12.363114826061411,-40.714052816379251
0.17143769333837958,0.0080617070700350242,0.2128621294137566,2.7525420679779696e-05,14569.034397277825,-10319.499394726146,9.6669700685111142,-39.118149379303055
-0.17217199372430675,-0.0076284368395536433,0.21275341768882045,2.6234652518298813e-05,14447.388891818317,-10335.562830234445,9.2285278334584557,-38.046331789558664
-0.18078801605346173,0.011050139288472439,0.21147783256392913,2.6377241302827324e-05,12795.785716014136,-10526.397189954054,5.820878921196134,-34.676984244434507
-0.18070704578875643,-0.010939239871352549,0.21148982005203801,2.9098624478845369e-05,12805.85904619344,-10524.49956637299,6.3954670460541196,-35.7710185650432
0.18085430112688172,-0.010980883753132126,0.21146801918944763,2.9921212167628718e-05,12777.741424549984,-10528.294194345784,5.9401548226522314,-35.303640318913772
0.18036178488069438,0.011502351345234668,0.21154093524901701,2.5255176655934026e-05,12870.004752213623,-10517.626443227566,6.4220241554747419,-35.841689472597928
-0.025548385622641424,-0.034031757695977521,0.23220655270005874,3.2609259784734766e-05,27639.139693007,-7022.8584952536494,36.393785794408416,-54.709966570422061
-0.086274521440512619,0.0041188646376980028,0.22547036916888005,2.4691282020855892e-05,25598.262944997285,-7603.6643570045389,32.043569610812767,-52.783451789126843
0.19069214981700972,0.013998235282780751,0.20994956674748932,2.8122927967543525e-05,10726.760999255637,-10665.842422980135,2.6461243818284714,-29.696242107349693
-0.19993348023032145,0.017018599217460788,0.20829876377254494,1.3671798997556009e-05,8545.649521637315,-10683.239549768907,-0.23423590416065737,-25.463094916096111
0.19943686496096094,-0.016508355295613533,0.20840017718236248,1.3211324095641952e-05,8674.7208563367603,-10686.862315243015,-0.14829427509888427,-27.009248579354978
-0.19976029165469081,-0.01715070462911281,0.20823679413946963,1.3053536832548723e-05,8598.3266566638067,-10684.985860056799,-0.31208351551689123,-27.537275408726018
0.1997047380934022,0.016745550992221074,0.20824069854568716,1.4392037424124132e-05,8608.6853316619163,-10686.766313788419,-0.40630914805689627,-27.119696520980618
0.076542998447441946,-0.0015558508129821496,0.22691110196857284,2.6868647652844651e-05,26350.507968788992,-7351.4183034384723,33.930269663452634,-53.98495706499633
0.11460654098005041,0.0094938441331515917,0.22127586951438466,1.9523154115363723e-05,22747.941522515339,-8514.1281309586848,26.349756688431697,-50.482071538716134
-0.13323701277694935,0.012978247074609381,0.21851766488283253,2.7156952360871529e-05,20399.632280551465,-9163.7361846545591,21.127452225715849,-46.903126909946913
0.094882712606144351,-0.0063783360242748617,0.22419594343231425,2.0389003535683154e-05,24814.87518041391,-7866.6058139410989,30.774065922252372,-52.401213722576443
0.1099835090136578,0.048443065832453856,0.2219603002856784,2.9682261364933546e-05,21490.837068134326,-8938.844454471724,23.999250151137737,-48.606375820182137
-0.10537187689556574,-0.10784003781238777,0.22248236812483319,2.9739596079250108e-05,14082.627891583727,-10929.779381432319,9.619615848310147,-35.406308009623864
-0.15216759279489403,0.009585067773320249,0.21571502982062468,2.3302856410599055e-05,17737.058660153856,-9780.0211476982877,15.642193456782412,-43.83122912169793
0.15269940893136327,-0.0084064287795571641,0.21563629548975347,2.4509989497169906e-05,17680.223817096321,-9790.2237544772943,14.972154283124025,-42.248837881223395
0.14282980628438532,-0.015134954382073136,0.2170974707100721,2.8690009998145688e-05,19035.117357792431,-9494.6550088819586,18.410574315504547,-45.257858669437596
-0.081302943220334822,-0.035600272942694161,0.22620640152611218,2.8714164483954872e-05,24929.863651084841,-7895.8789096226365,30.969467918486306,-52.418484845285633
-0.0051047473971606132,0.077005352192346166,0.2328616997659177,2.0830900032505043e-05,23436.80754682203,-8842.3287237266704,26.8386233099158,-48.784517015179603
0.17122933235485355,-0.013809165607786174,0.2128929768467181,1.9331130947486051e-05,14545.208544285202,-10320.560448006909,9.4144027840725037,-38.310212485611146
-0.17026718133915411,0.013039076127948059,0.2130354214083312,2.0165451808658948e-05,14721.268982330277,-10297.331392027703,9.8931752530629176,-39.263299878083473
-0.1377652848576234,-0.059879754336442562,0.21783785362791469,3.0550360346880614e-05,17401.135824664139,-9883.069295355308,15.920911577206128,-42.8271244777116
-0.17397609873656544,0.11443123045925686,0.20404470700461191,2.8011996324902812e-05,7146.0562416811554,-10609.910925507111,0.85376101621395462,-29.113490767940242
0.17645094765940578,0.080869891424002832,0.2085743578435483,2.3894761478003589e-05,10518.859588829615,-10590.363869787241,4.5161678650877271,-35.105536612224071
-0.1764265691538148,-0.081585487266838938,0.20848715805532506,3.0579462852960176e-05,10461.473318435537,-10590.51930962169,4.8562279172184395,-36.132434904417508
0.12349910495610412,0.012797563762718494,0.21995934294369376,2.6985485926790698e-05,21639.032503973071,-8836.2112745682225,23.759486694531901,-48.945682148307121
-0.076154471248863889,-0.0037542802065581244,0.22696856566115448,2.5424800115713179e-05,26369.859253142524,-7345.1993333968285,33.699914999018368,-53.590027705195816
-0.10387133918055361,0.0094399824420720625,0.22286519498326235,2.4879671309945255e-05,23908.979360229274,-8159.5717193172613,28.510301058732036,-51.537955392301463
-0.066502674512380108,-0.0011254143301168773,0.22837822999723389,2.5771781369331038e-05,27006.625176871607,-7128.9632743588309,34.850166053576764,-53.802096473180626
0.028412193486344411,0.0026154922090605732,0.23205573130237114,2.1047694872670553e-05,28623.829432310606,-6559.2152456020185,37.695208341698539,-54.204588781256923
-0.02865582390774235,-0.0025745791440603153,0.23204166852376221,2.6537155652917195e-05,28628.720255841414,-6553.060561409764,37.579429563719358,-53.889656659983132
0.1331894845752376,0.015055359465525945,0.2185247013394247,2.8491625293878683e-05,20357.397412078677,-9177.6480030823095,21.135324945500138,-47.39403403195255
-0.084931011672201892,-0.006817935274003443,0.22566927314221405,2.6291618548409124e-05,25672.960268485465,-7583.5000284519647,32.348089163758942,-53.159536609687152
-0.15717637208229882,0.088611420884916095,0.21275530407731999,2.8403436823869037e-05,12301.450143357612,-10577.099642000825,7.8284706461711009,-36.586646552137033
-0.032259326799036751,-0.013486628560171481,0.23179928451334225,3.00940266847765e-05,28364.783475102038,-6668.1291222823666,37.625208963560731,-54.619134009253976
0.11486025688548811,-0.012606800074538793,0.22123830737462216,2.6749687721146833e-05,22664.532909271333,-8541.4208672059485,26.055574961777641,-50.315137419120035
0.14252291853012192,0.018609289281664214,0.2171429048372592,2.6401373314845417e-05,19001.134321665151,-9503.9122791263799,18.192708360190043,-44.988168952079086
0.19009972285434609,-0.018932175683986287,0.20994796977404154,2.6080346958997907e-05,10803.708000294268,-10657.437953172066,2.6772484980169864,-29.83215642537321
-0.19016208811387725,0.019418129069001675,0.20992790510826073,2.4236416872690003e-05,10780.562728377932,-10659.399576245414,2.4509314399275519,-29.236365883675703
-0.095531873237257287,-0.010037664129967696,0.22409983648028017,2.9770555332930301e-05,24700.084155446377,-7910.8733892602122,30.785719047377576,-53.404398567854692
-0.12387681681253884,0.015472609544800389,0.21990342344776431,2.8386670576214876e-05,21534.451524270895,-8866.8848795482081,23.703087561615511,-49.20169415331619
-0.18583693534423101,-0.10600282799826359,0.20153873765522465,3.4582829230332913e-05,6760.0221514062587,-10483.655118198387,-0.13797159007958437,-31.325161965554575
0.18571428569073584,0.10681799278696266,0.20141007392546556,2.9461481093691734e-05,6688.2586696505386,-10477.268111305571,0.021492871163937218,-31.276874387214793
-0.082166231446367588,0.056371057224243973,0.22607859340566488,3.8783960462445265e-05,23231.289289211043,-8533.8632070102503,27.777020273500245,-51.159004927284236
0.066309844750411739,-0.0038759278648534644,0.22840178473008782,1.9410758390577869e-05,27008.546913826871,-7127.9291701822222,34.403578593548225,-52.963786178174097
0.195295202068585,0.10421742470201321,0.19847759665463044,3.1392565803191192e-05,5520.7472370522501,-10325.131816418898,-3.101842087911403,-33.804938789715294
0.052543070962827926,0.026274631359299194,0.23002926720117328,2.5905413566477146e-05,27158.07387996553,-7130.5241450150834,34.88431231260364,-53.311539887935865
-0.15239580327378111,-0.013466220876133498,0.21568124370899547,1.9607802958832115e-05,17651.997297601429,-9796.4784325944038,15.105701018729723,-43.039081479200803
0.15177138041926949,0.013486332537487013,0.21577368828195834,2.7871165416715286e-05,17739.314434718912,-9779.3048037224453,15.6809722408158,-43.932175060072794
-0.057314230559042452,0.001857278570559106,0.2295006259409676,1.6930597730659171e-05,27505.717263829705,-6961.8217972504581,36.563784192051877,-55.332609534531059
-0.10515530240207187,-0.012242769837318505,0.22267510675882329,2.5975497150203676e-05,23729.489816427642,-8215.5131235870049,28.20126881745789,-50.962047556994797
-0.16176438546393268,0.016315972801911743,0.21429424357987076,2.7748848066901131e-05,16116.867088907107,-10080.075860098113,12.418419232578795,-40.953373794850393
-0.16213701979106793,-0.016727050710222905,0.21423907580214702,2.7558024611188104e-05,16043.721915439643,-10091.636347684986,12.475956771264642,-41.164525927882167
0.16305330760811887,-0.016438743799661377,0.21410342119670403,2.0685988642970139e-05,15899.152800227561,-10117.080549387376,11.912290132361365,-40.431894731735696
0.16200680541468709,0.016863220948232796,0.21425835378393637,2.8224190413883597e-05,16061.162003966592,-10088.175922740493,12.625951706200455,-41.351806634977741
-0.12880154544569075,-0.058022953845863243,0.21917432707955756,3.4891345200308566e-05,18632.931536361342,-9643.1708071790727,18.44131469480773,-45.107898083515671
0.16707936120092334,0.076328424601790068,0.21149823506196966,3.6108560968054764e-05,12229.093640941579,-10525.407142413475,7.4076907516832078,-36.886818327436345
-0.16652638140192833,-0.075768784129290473,0.21167568143012089,3.3428445468989359e-05,12338.388417090759,-10521.400519002706,7.7387152755748376,-38.14220990119852
-0.10791847220065548,-0.073764545537180023,0.22226602491595301,3.2301524464342962e-05,19211.800722649605,-9640.3574717193769,19.787588207089719,-45.981981248039183
-0.057046038419398114,0.039343872541498494,0.22953305175970568,3.3676926836805743e-05,26175.681233010051,-7531.9676936976457,33.087974791240498,-52.715770430630215
-0.17197823624421874,-0.01918408061446767,0.21278210310187937,2.4754644346049038e-05,14319.833992743217,-10347.980006081441,8.8795022477269576,-37.557480633783094
0.17232404132026027,0.018771408767291574,0.21273090734190345,2.4447545652866838e-05,14267.041116599821,-10354.957265288216,8.7892712630057375,-37.192886905531218
0.13333333333333333,-0.017994772407106063,0.21850340481429381,1.4691426001346102e-05,20264.975345110692,-9202.2686868456112,21.212884763705212,-47.709431350332402
0.018763213248416739,0.00039970540909964715,0.23255593450322939,3.0642434549944255e-05,28822.51913158449,-6489.1177653691575,38.441066189410392,-54.765621207433483
0.038089372139539321,0.0056686377055686233,0.23140713559242765,2.5365675410785411e-05,28307.865669007315,-6677.5335551101971,37.614093603823143,-54.743393044854386
0.038934939188940171,-0.0055540655593621204,0.23133321032769702,3.187644863730575e-05,28282.112467270734,-6685.8346916429855,37.413969277271065,-54.513314116235897
-0.038290994613545917,0.0056745458063319392,0.23138959907837736,2.5307878599893801e-05,28317.604075602776,-6667.6452357534854,36.395585726117247,-52.822962307702419
-0.019191852138002265,0.00055622416204160867,0.23254131721996668,2.5055310052063061e-05,28825.852689118365,-6484.8096199549318,38.050852113578607,-54.351047193032741
-0.038691669839478297,-0.0054743398080742064,0.2313545128671067,2.8044733099564809e-05,28289.956781309691,-6683.2518089789901,37.828401685326128,-55.046765499750471
0.08512071561536029,-0.0099072392453943905,0.22564118784730863,3.0719057477199475e-05,25601.495949733249,-7614.587117068847,33.032351518628886,-54.56053427378022
0.18061213852741143,-0.022087431309963157,0.21145583359759701,2.3184610549403919e-05,12668.33206057347,-10528.066687040346,6.0720766770321077,-35.039594941440122
0.18090152035071652,0.021979757177055501,0.21141347130026816,2.5138885858178572e-05,12617.804046879088,-10532.987195544805,5.9939336983191049,-35.093213346087587
-0.18075215027124614,0.021558781999679325,0.21143947085467263,2.8477014147405383e-05,12642.808371293026,-10533.527024035558,5.9576939303600884,-35.485081213935679
-0.18082106980783411,-0.022808012790383195,0.21141859596198215,1.9921344815129348e-05,12612.112150100422,-10532.83241650936,5.9826574526199341,-35.132901784248865
0.10074089020782458,0.10205469537443325,0.22328783851672931,1.7172070109658114e-05,15502.739587482358,-10682.972774226062,12.219738108006139,-38.39467462040011
-0.1335884614485216,-0.1142960808016816,0.21605942370526543,1.3655853575417612e-05,10906.930933838317,-11013.658937185548,4.7233916152094482,-28.554972419945809
-0.13714261432266822,0.11142857142857039,0.21546582505723727,2.9747735752833755e-05,11120.092650316761,-10938.559878433796,6.2199857474891642,-34.062671531873555
0.13628270282576693,-0.10938856414357159,0.21589743492070004,2.9265316942135597e-05,11543.871253501233,-10901.954881468551,6.5551940626893055,-33.730943851264421
0.16714855962821842,-0.094450195359944825,0.20944232344045535,2.8130632227908613e-05,10455.98986326155,-10639.502070626095,5.1222783732697614,-35.117747848532936
-0.16675789899112434,0.094371983853610883,0.20956040836735931,2.641510710950962e-05,10522.389000230183,-10637.106685063916,5.3394401370767657,-34.637278458858084
-0.1197065902216347,-0.07432364150552534,0.22052081727563119,2.7557127902059651e-05,17996.493501911347,-9869.158952405729,18.041810357792752,-45.796291408841029
-0.11457889595703116,-0.015168630940748312,0.2212799623055583,2.1250658100123406e-05,22648.427906460434,-8548.0858453957699,25.501481517479348,-49.633385000842509
-0.19020784749627215,-0.0245774099815524,0.20980445231011999,2.6568079785010816e-05,10694.902291354567,-10655.993666395219,2.5560912932580639,-29.723913416224061
0.18944970205557901,0.025254050595177015,0.20991725652545506,1.8901418384574762e-05,10838.473708089305,-10648.57824538788,2.9909526542615534,-30.291446723010914
0.025901268272270392,0.013104997357336412,0.23218796826389204,2.598276619757372e-05,28536.980106784533,-6606.4894441131937,37.847631589850444,-54.721378581846615
-0.20000000000000001,-0.027266902291686563,0.20779753668338632,9.754002517425921e-06,8388.5362380988427,-10669.436394685385,-0.93076255240227335,-29.354422974521515
0.20000000000000001,0.027616468719182458,0.20777663846881564,1.8630856560100893e-05,8406.3061919263891,-10666.11002684561,-0.27702708664354381,-28.049580079434286
-0.19971206178156364,0.026808356062333234,0.20788006175933718,1.2994408944007195e-05,8478.7133617381387,-10668.304511204167,-0.21545472935670382,-28.417870426430785
0.19962094265732577,-0.027668619241510026,0.20769856074414572,1.3668445141507827e-05,8490.5352070127301,-10670.193882053807,-0.67871589645658092,-29.235709533477518
0.18593447821165682,-0.12607117212540081,0.19703398278334827,1.5487010225669848e-05,4089.8672839841747,-10213.229799662058,-2.7243715340217842,-25.527969387105884
0.099669494192299105,0.044695380305155213,0.22348726985254166,3.5494111316922134e-05,22769.582362353467,-8581.516813335933,26.951991409536699,-51.090977403650307
0.060827946961656908,0.038376113207888453,0.22907141496054989,2.7409903784625997e-05,26030.666966724235,-7578.3423600786782,33.386597098394105,-54.070519784631387
0.057278309178516063,0.0040642487553469095,0.22950501384516558,3.086630268824779e-05,27502.813103771219,-6960.821992086343,36.186868826533214,-54.561150591904948
0.12896578527207914,0.080988773801808384,0.21902855003530178,2.7163847943051844e-05,16282.273729565295,-10186.786339731216,14.089800467146501,-40.700522511075825
-0.14309330909744689,0.020983071908293852,0.21705845963792447,2.5148790689510628e-05,18845.13513361683,-9541.2819675058781,18.667832750723857,-46.467741241588058
-0.095067764054686282,0.012326322893014377,0.22416854693006738,2.8777407114096401e-05,24710.184909153362,-7905.1821855811404,30.574501996757885,-52.617847187758542
0.15298293436942639,-0.020238076981787673,0.21559432010743604,2.7573452145575224e-05,17417.133301936592,-9840.4125406350759,15.252986566854629,-43.127800297466834
0.067742093456143057,0.0071110828988899151,0.22820068537718599,2.2583331448564359e-05,26877.211701973374,-7181.6035028616361,34.909892617143825,-54.401055026583826
-0.12318293144650139,-0.018503211000312943,0.22000615180865798,2.174326675657101e-05,21545.609870106699,-8865.6416309109736,23.523044506236676,-48.736888092592082
-0.1403242209030352,-0.095596902962326702,0.21611270302530847,2.2947988848315032e-05,13276.125460977111,-10617.2711816471,9.5800308927605329,-37.556056631378539
0.1761786725063757,0.10374872982234191,0.20523960954747122,2.9946726230870865e-05,8274.6752739940821,-10610.82228685046,2.2395855298223313,-32.865944756682339
-0.19395943416197214,-0.095080448045746946,0.20087068855348281,4.089940871915214e-05,6579.97529110715,-10440.110529707548,-1.7911729783276489,-34.464588974173274
0.19530079009893819,0.093542640813133043,0.20072028266581568,2.8085263815133272e-05,6474.0764969806887,-10427.097630720005,-2.0753239609273004,-34.668787411887799
-0.071093964696577278,-0.032666399337275193,0.22770975323615544,2.8280402050176921e-05,25797.289203685596,-7611.7273836145296,33.051897937435136,-53.791850769739241
0.10497357006735678,-0.014876106048456853,0.22270201187280961,1.9620546380595497e-05,23692.335070881858,-8229.9920203032671,27.904146335373774,-50.772484301412668
0.17672307198844742,-0.10135472072100049,0.20551467360579354,2.8319684443916651e-05,8488.7880605868249,-10608.191709299812,2.6402701440531633,-33.626106248844017
0.076737077251056288,0.0096057724336859156,0.22688236898419914,1.834864477459039e-05,26260.155687329538,-7388.426212910329,33.246178191133751,-53.231685707881802
0.15723289532157042,0.072316238980362352,0.21402825995299038,3.1806278756118489e-05,13878.679410519,-10397.867673818031,9.962954592211096,-38.513851712687732
-0.13376495375264724,-0.019839469347529927,0.21843950426187611,2.1121461585888787e-05,20163.137052204114,-9228.7463066296514,20.708623284211026,-47.016026652280914
-0.046934485027591462,-0.0092794345757420352,0.23063270843190048,2.1843809813011974e-05,27920.389946904499,-6820.575780881426,37.176910223779672,-54.793003310886284
0.047718781241588598,0.0086373543715442761,0.23056175462346187,2.650270224111553e-05,27897.614000087895,-6828.4506572537366,37.003453759268709,-54.854354906474597
-0.11964115374702806,-0.054949378859530218,0.22053050501673083,3.4878133309735694e-05,19925.698492997111,-9352.6838230728354,21.27917200023473,-47.531844060519525
-0.17076712733491017,0.02467529679491887,0.21295267601527235,3.0725153389511604e-05,14399.373618983298,-10335.972622513304,9.1875170389974663,-38.290169965999411
0.17201290848035664,-0.025502420646064297,0.21276138761350002,2.9924724787664592e-05,14162.44715270541,-10362.241463734859,9.3453625113575249,-38.716653887782151
0.086795751852749792,0.010732572027891588,0.22539320203361846,2.1374887307804213e-05,25461.369834015775,-7656.9366161102089,32.461330632830489,-53.638018026640331
0.18557419564954331,0.10087412705071251,0.20263229669783378,2.9710206011568595e-05,7350.3084986312533,-10519.766496066864,0.47434250032985997,-32.35249190783005
-0.1859579753665403,-0.10041592722601597,0.20258940434231781,2.8558021353352649e-05,7343.0709959142969,-10517.510594489137,0.54242475777546639,-32.212211199067056
-0.11398686269025658,0.017500881178844994,0.22136761166389191,2.6041709146870983e-05,22654.407119998916,-8547.6372906946508,25.670634873632494,-49.745952913705771
-0.1670913487766458,-0.09883210716096999,0.2088291689269367,2.3850491336163724e-05,9960.4511691267617,-10661.648676358196,4.7072529223111337,-34.860362362549623
0.16700733756469985,0.098356759830238255,0.20892588225069625,2.5189913209124455e-05,10019.453514811457,-10660.805242849165,4.8116665834812533,-35.110830188849064
0.18549839393245118,-0.10732774167534033,0.20142359214997549,2.9063199871824847e-05,6656.1566660323251,-10480.128593662355,-0.36952984354071494,-30.091739452869589
-0.18638786507184835,0.10689384602354525,0.20119267798699486,2.6754885773519042e-05,6587.007545595553,-10468.643071504188,-0.3822161312159269,-30.656673254880143
0.19390200523099574,0.098568327264116642,0.20018944442410877,2.592360000217639e-05,6276.276049558609,-10409.815281556303,-1.902136685670929,-33.867867941401904
-0.19042932701057497,0.030184148042944579,0.20953808733091725,2.6749438847863618e-05,10542.517647340705,-10651.712985162469,2.6404109272332965,-30.758146155765029
0.19058073440755116,-0.030371670081958693,0.2094999861178834,1.7369832028918699e-05,10489.327234075154,-10652.916298381466,2.9328613115281894,-32.10962429968076
0.12418522049182683,-0.021432762777402515,0.21985776489086498,2.0705776110712402e-05,21343.32293847451,-8921.0574544434367,22.934546401857457,-48.244917867428924
0.095372118631179836,0.014775319502908888,0.22412348783485658,2.7403845438420692e-05,24622.051626190467,-7940.1919462497935,30.278299724007358,-52.823908032955366
0.056269537133869584,-0.0062081310667364059,0.2296179535739685,2.3582717128670644e-05,27538.920773291869,-6950.1639118768835,36.268393615814254,-54.738517469181332
0.12086403862406499,-0.083110168388188715,0.22030019053053213,2.6728786487253137e-05,16806.448020030879,-10149.176677852396,15.26805116168007,-42.642727286782403
0.13825702268655421,0.064495638173660788,0.21773773951081365,3.5201494025685571e-05,16947.050963028341,-9977.1060387872312,15.116404817974178,-41.950210282966857
-0.13291310717737073,0.02354849916759694,0.21856561846847883,2.6578958560668661e-05,20165.928546404979,-9227.7686011360183,20.523728808431095,-46.451004971421753
-0.11374121666212374,-0.093212327329640923,0.22132000143205094,4.233375799305501e-05,16020.299655553858,-10406.13554217236,13.983043541060214,-41.477585959010867
-0.040218303454293912,-0.042689406248973903,0.23122082906018382,4.1559427520980565e-05,26616.180536426418,-7428.259381215792,34.785953071245054,-54.358411018617907
0.18548582562568133,0.090500874057819702,0.20453195036809496,3.1132433053414755e-05,8349.3423155662986,-10563.398613307436,1.4829274410031423,-33.142220976057708
-0.18526964475156268,-0.090427932321752377,0.20461537738236812,2.7347576053240723e-05,8396.8214925042157,-10564.349485595754,1.5846198220125238,-33.159730001540929
-0.19507857883191845,0.11365485272480556,0.19641918364667119,3.1551281446344396e-05,4572.4706934606429,-10201.923492510297,-4.0555845282277181,-30.547974789419094
0.19478300155288222,-0.11438044923943028,0.19636755594203581,3.3178044664961752e-05,4537.3114631294266,-10198.637079971248,-3.9791635431377772,-30.309304352050788
-0.083458639071482002,-0.067349710233533977,0.22588725500391615,3.3551730013204249e-05,21961.942029329693,-8978.1118419869235,25.222778740289627,-49.809379441583367
0.09008762746006746,0.041442377305458813,0.22490584633776817,3.1089372030995488e-05,23855.450689340843,-8251.652672512555,28.726908141333137,-51.513912779303766
0.14761904761904765,-0.066284388641929926,0.2161815682861738,2.4631243133629408e-05,15635.360058258226,-10180.00723282201,12.272626584600385,-39.278868058227232
-0.079337648494742688,0.049901383199476464,0.22649735953692302,3.6764387015916401e-05,24018.020022155324,-8261.3851741285671,29.417472557995772,-52.161440646314439
0.099102243117455774,0.081273757976045885,0.22357125025620198,2.713050886039627e-05,18998.060188483665,-9784.4949820890597,19.119078635743627,-45.405583209954308
0.1054627359106729,0.016585250440394977,0.22262959183378211,2.4704558468593076e-05,23596.283737701593,-8262.5629313099944,28.01202711953982,-51.198678735621328
-0.065878880426192804,0.0092037073421911714,0.22845442831281562,2.4346626109819092e-05,26971.580623987564,-7147.0118116114299,34.839771584567622,-53.839528981143118
-0.086908839576532976,-0.095342694479770743,0.22537645961899203,2.7956158465130118e-05,17644.655948292861,-10300.979960536544,16.089457282934884,-42.763966803629039
0.1443064631636444,-0.026426044796828547,0.21687885456937597,2.2395451201685255e-05,18497.434227016074,-9620.4770975357187,17.604432907020414,-45.284781609062492
-0.14792395325233784,-0.11782127071401255,0.211768372868403,2.5797668890478217e-05,9116.2124725923168,-10942.602195313797,3.1041771150110429,-28.832417930560187
0.14619946852694848,-0.11927612237264126,0.21202349840870033,3.3661388223625897e-05,8990.2814771465,-10976.666144306519,2.7920215543270448,-28.268778802889404
0.14789030243418111,0.11755780530107318,0.21181424963328138,3.7957018258553939e-05,9167.4335752418901,-10940.220921986283,3.2636271067119069,-29.598417182249371
0.069715218592796613,0.054943949932522253,0.22788832721178717,3.8158925190716746e-05,24175.797393219043,-8269.6902123547552,29.683361367682959,-52.533465705493782
0.15156184838684794,0.024627369925550223,0.21580470908640084,2.7033104214883261e-05,17506.570142070857,-9822.7881589532844,15.309279699668849,-43.108637975558793
-0.15172374829812277,-0.024789785962096595,0.21578074012361803,2.9627446642483089e-05,17470.093973353807,-9832.1013455084358,15.332674232902495,-43.520208580526273
0.1142857142857143,0.020588142407644169,0.2213233672741779,2.7291165629200134e-05,22525.869594844437,-8589.4553332118667,25.996246860941525,-50.689052434971828
0.075440506104214586,-0.012090044210342439,0.22707313663418455,2.0685446540008423e-05,26296.328797179765,-7381.5174658159976,34.179476297224632,-54.341671465905229
0.16210326682912066,0.027675259106537016,0.21424407286164107,2.9557907479508146e-05,15761.626007352561,-10135.334356578216,12.056952220396651,-40.766562108713899
0.16199752820135899,-0.027565675611085687,0.21425954846711887,2.2187148483844743e-05,15791.80114524065,-10127.76869252351,12.084072367893429,-40.369947992985864
-0.16188729809899066,-0.027785791099729625,0.21427604660649352,2.790169916002936e-05,15795.556031517024,-10128.760993927712,12.231339863902573,-40.932389496651211
-0.10976401662777002,-0.051886297806847087,0.22199279570082117,3.4450221370910505e-05,21240.866961370499,-9020.8014167974743,23.292708192065881,-48.288800896332916
-0.12330901873139338,-0.098346904662933804,0.21949125913447301,4.3301931716184332e-05,14424.906543671477,-10626.614640524549,11.286761704078121,-39.183415808984982
0.12234315587895157,0.10033118320039816,0.21959564142991331,4.0507208626561648e-05,14193.326936922844,-10681.167236887943,10.851766483343669,-38.576829626053964
0.17175853612804351,0.030290225505021643,0.21277258162056503,2.3544713673800416e-05,14074.508127046487,-10370.418819855242,8.9133681106528435,-37.76534379473393
-0.17192118905038822,-0.029960102770832178,0.21274952576359102,2.4011711577890681e-05,14058.37116167883,-10372.854596267118,8.6601270330095055,-37.23114530898448
0.18094837499068428,0.033188002035701172,0.2111907572593848,2.7269628680974121e-05,12339.205328992151,-10543.901239432247,5.9012340679261657,-35.655935200796392
-0.18075586008909894,-0.032942526170347985,0.21123159803459385,2.707006230099127e-05,12378.866888644499,-10543.447368151752,5.6664866968281791,-35.433502367208348
-0.18085625343017089,0.032657088938920255,0.2112214409978059,2.7425421217461927e-05,12372.27531983052,-10541.762293748578,5.7665041725056874,-34.970349573243489
0.18105318478643351,-0.033177711379318665,0.21117100041057774,2.6950334014848801e-05,12326.003123823068,-10542.341516457289,5.9748414056543693,-34.951280893284228
0.12259417676543494,0.023627290350688071,0.22009331577883909,2.5564600925662137e-05,21464.040602604146,-8890.5436523076896,22.890039164024252,-47.859325439549835
-0.19966312734087438,-0.038633343072330892,0.20691306149738961,1.4853287161404212e-05,8252.9326895766317,-10641.042322139787,-0.37044419002678053,-32.063098752669646
0.20000000000000001,0.038386027631426081,0.20700789988785334,1.544607701394481e-05,8180.8200898910927,-10639.290727830577,-0.5480932265187366,-31.077739206983985
-0.20000000000000001,0.038386027631426053,0.2070078998878534,1.4211370288939369e-05,8176.1815008991807,-10638.849912631786,-0.60510524423254342,-29.652596390144229
0.20000000000000001,-0.038386027631426053,0.2070078998878534,1.1337539792304713e-05,8168.7446243410404,-10638.240393265016,-0.54735316905307219,-29.850273666415958
-0.17582190242827128,-0.096017549543873329,0.20664622770858723,2.8364784319840447e-05,9189.1503620923668,-10614.76138756844,3.3541798377649856,-34.306039400562007
0.19052800121057284,0.035190374441241075,0.20928377424505368,1.6013269634773911e-05,10418.456439396567,-10648.035639450804,2.5112465550229932,-29.640174774967669
-0.19045854037621529,-0.035507838860879777,0.20928021786176224,1.6648797860368486e-05,10424.401373336834,-10646.836582831136,2.54160087828875,-30.428616231543337
-0.18424075400525233,-0.095022245094227936,0.20414173255577961,1.9330399897003715e-05,8130.4877779856306,-10558.979747361702,1.4105715503134886,-32.716797816459653
0.18469512666007867,0.095327306098009087,0.20394112343946599,2.362616470801013e-05,8029.0768495004149,-10553.626159729942,1.3257327464063275,-33.640721510549426
0.060085306562380272,-0.048578241016658051,0.22916213070916128,3.0132978155272748e-05,25291.438970299358,-7884.8079115397522,31.722214555712611,-52.793903509811464
0.17674530404202687,0.086917381307027114,0.20772562479515241,3.2435366284838076e-05,9949.8391503251005,-10600.454289450325,4.2543258288416075,-35.187977834441831
-0.1762704983650088,-0.087728091540029599,0.20774129648850295,2.8684312799356717e-05,9944.553114217113,-10602.614876481221,4.1991062478208487,-35.156101394359681
-0.084740354649203486,0.014521502728330214,0.22569749953871143,2.1677634542604549e-05,25552.526683450516,-7631.5875836689147,32.035055440772858,-52.962660516982574
0.057937788954767269,0.058625294170389294,0.22942232479013899,2.7918176030127797e-05,24443.05086550022,-8238.2035360119462,29.73427873368075,-51.4072294611668
-0.19512261474658452,-0.089841232334685009,0.20145832867928093,1.6960130822591076e-05,6778.9425891370511,-10456.162960946496,-1.4310826449778424,-34.96444480963418
0.19515378339677955,0.08975178427335799,0.20146393452677702,1.2931761396923382e-05,6792.181332211464,-10456.886560068539,-1.3664465625685238,-32.71255213728206
-0.078666216133078254,-0.077376862469035038,0.22659676377477089,1.4373995852298741e-05,21009.659623647563,-9343.5491704531578,22.127420091244009,-45.920530379440748
-0.097009029543277864,0.06252009898398031,0.2238811464004363,3.7410077485037642e-05,21441.441785898227,-9044.7643122469817,24.40763146429012,-49.52499653568627
-0.042785550373665833,-0.024433070321463742,0.23099602113105003,3.677255769959574e-05,27622.160653060964,-6974.3310392005187,37.006977058404132,-55.373725649703722
0.12856373472154939,0.06227481246690466,0.21920898346212658,3.1803428012124285e-05,18296.933934749974,-9725.9197530449928,17.422074225363087,-43.508653598292668
0.13328221378575555,0.026258840758711793,0.21851097296256344,2.789017098395535e-05,20010.476865770863,-9270.7005791080846,20.788877241715021,-47.421600051200905
0.095058295116582189,-0.017380644689810008,0.22416994878769178,2.4472124387919529e-05,24578.664609603864,-7955.4082103245873,30.897379539039481,-53.281434409888014
0.16695160367589315,0.092856864441137027,0.20968329781802994,2.8534100021175954e-05,10657.629192703342,-10629.614155383797,5.4632513108508522,-35.120235592207266
-0.16687555065450946,-0.093833331634176856,0.20957271454331189,3.1143110929725756e-05,10558.205687204769,-10636.578907275736,5.3984867959341134,-35.343357619333929
-0.10562452725447583,0.020881875920677972,0.22260563894419957,2.5418878206294974e-05,23460.103196438893,-8306.9905826724244,27.458724436330286,-50.397607448132803
0.14369001496928768,0.028925359906371777,0.21697011850961984,2.233937477959518e-05,18509.626906223286,-9613.9429797076518,17.400885304547913,-44.159046165688707
0.088877565365414787,-0.09440199716607936,0.22508499364602327,2.7856368130852393e-05,17686.812050707609,-10266.50266396135,16.362700054102806,-42.894666254942535
-0.057487120562053684,-0.0097634973681370325,0.22947950690937993,3.0219616976510405e-05,27424.837475359673,-6995.0407502553662,35.871318965967326,-54.477589628371796
0.15697246886990557,-0.12365236983212903,0.20804709569422761,3.5049274881413044e-05,7290.0336321704726,-10849.755996430471,0.77048398921354577,-27.038088733113806
-0.1578366577877082,0.12459111673011726,0.20758804091859426,1.8436821387775329e-05,7048.1808089784699,-10832.846795448806,0.60202550549227607,-26.449366768704706
0.080352077124575816,0.039595802748295994,0.22634717537756907,3.7122575212859652e-05,24746.630475841648,-7972.4857301132006,30.572464252191928,-52.336638009580824
-0.17300964407785657,-0.11200479073842055,0.20483144083090821,3.6059793762500961e-05,7588.2200961825956,-10631.632105547915,1.5154896786116872,-31.23307861297797
0.11473465181880957,-0.022782952801429442,0.22125690295719441,2.533406507959471e-05,22401.918051989574,-8627.7844858403241,25.428238485222739,-49.92362246685181
-0.19524741515414715,-0.10137302647463244,0.19913861751000134,2.6635404682619756e-05,5798.6099690103847,-10357.953462910396,-2.9512208055343812,-34.06707778527592
0.14735025364658746,0.089737987013547987,0.21497592356657272,1.9585349713417363e-05,13288.054908637612,-10543.818807856784,9.6598336489133114,-37.783501079089064
-0.066729500761792376,-0.011958067871294574,0.22834899486277502,2.5401710842921844e-05,26869.352923530729,-7187.1877242539376,34.522107155012051,-53.631913616755149
-0.053715415836970384,-0.044672915984777677,0.22990694920280627,2.4472870364715418e-05,25924.578919930762,-7659.251756457159,32.876794162425746,-53.138917108027343
0.054368176961172902,0.10449141251317429,0.22985081635112825,1.4464601500667502e-05,17370.280854023847,-10708.471309015367,14.258867327747073,-39.572474039053638
0.013724068082285795,-0.011045836872836598,0.23267886864841758,3.4299553783748843e-05,28793.663653222484,-6508.0001025310039,38.204540813835592,-54.365218245907045
-0.01370032329575992,0.011850010692662671,0.23267857143175794,3.3107856392430251e-05,28765.197254514773,-6524.7761086154178,39.42842432460165,-56.273152495401689
-0.16671284561122501,-0.086120554202917823,0.21054686387735694,3.4319410268875785e-05,11388.857387317441,-10588.73621968212,6.2436157573403213,-36.126232114034785
0.16617484405818689,0.083100224471879494,0.21103096220324455,3.4255228370883127e-05,11741.659342572344,-10566.783111944929,6.9519714654354896,-36.962930078626087
-0.10023252617060126,-0.049572960300913863,0.22340391407780902,2.362747078620179e-05,22368.394387626042,-8709.6436908183241,25.125801681449175,-48.465173196131531
-0.076531794794037558,-0.015625035995058649,0.22691276064737859,2.6325400771682706e-05,26143.872813757822,-7437.4795941418415,33.330772001313186,-53.527109039661212
-0.1232718489236127,0.025932704100292223,0.21999298775141518,2.3218562833174497e-05,21299.719125300988,-8935.1815540176249,22.640735535220475,-47.437935901921129
-0.085964925455189439,0.066179580861366702,0.22551620424433802,3.2575108067012172e-05,21928.805305951359,-8968.0228686831451,24.649773151915717,-48.924329181606922
-0.18614694059715339,-0.085686942193397994,0.20507240759144416,2.2988677434645171e-05,8652.5241143659878,-10571.847230520672,1.7615068559024953,-34.585283958291377
-0.15298302801318775,0.030265826510685687,0.21559430624366177,2.6624729250216963e-05,17097.356150273132,-9901.9916298461121,14.602954302001864,-42.685884198102094
0.15220222155933427,-0.031412528585245493,0.21570990310029758,2.1025688792779001e-05,17179.847539475715,-9883.5101503222904,14.549311239434948,-41.782953729693922
0.13283241097934265,-0.028456358321046246,0.21857756538155626,3.1273741505121014e-05,19989.200526787168,-9277.2795191447494,20.155407818524459,-46.440207564878683
-0.19487212662826014,-0.079552603848254577,0.20334251709966311,3.1304954592467868e-05,7563.8725049284349,-10523.533695094897,-0.69627003870083981,-34.531448009244599
0.19512296813944957,0.079761930539454629,0.20322758914377415,2.5533059841493225e-05,7494.5824262045799,-10519.608303011717,-0.83605771281049002,-33.89333188498464
-0.15738177582475674,-0.09067433309388391,0.21246453143001304,2.7011626080452635e-05,12052.803328049853,-10598.474107480139,7.7325068125230185,-36.823776479426776
0.15674422557693637,0.08914024850675778,0.21278296811019912,2.4280732239290674e-05,12286.613222997432,-10583.693383525564,7.9760457892655898,-37.612499655339256
0.12707070476973262,-0.0819279061900898,0.21927764912641756,3.0580647966334331e-05,16358.787378911971,-10188.587259306627,14.439433695012603,-41.601264723638891
-0.13795338734233351,-0.069096261491942451,0.21774028635677534,2.654903839743309e-05,16557.365790612352,-10060.187471806606,14.46812244482698,-41.400722769891722
-0.12840209051073162,-0.081504785074136513,0.21907288354133173,2.8244129458334873e-05,16265.378743524245,-10198.691233991634,14.469101527115148,-42.032449774242131
0.11821123350141935,0.059217035891317209,0.22074220189092619,2.5161429527765954e-05,19724.099443920746,-9416.7077376954785,20.136385607682548,-45.83739856103815
-0.14286658396272311,0.031582479117232588,0.21709202584727771,2.9751185817983694e-05,18514.171186071686,-9614.804981793548,17.348555815563749,-44.147253580001866
-0.19004937602403604,0.040725890802137503,0.20903325087043331,2.200636087276261e-05,10363.066974627678,-10638.507306267142,2.4673667289113852,-30.986757433305154
0.19031027929109592,-0.040997198348525069,0.20896220141989194,2.5075550147024846e-05,10297.884539726569,-10641.070667508604,2.2838765358608386,-31.173970046061797
0.14674349634176909,0.021232868291490924,0.2165180566103963,2.5098997846038229e-05,18322.212368883509,-9655.9759726334432,16.593477141624216,-43.919170528182192
0.17142857142857143,-0.035426722728865968,0.2127788406503045,1.8992189895202377e-05,13965.674943082618,-10377.882666870806,8.6358214117285819,-37.126896736667788
-0.17116065153041715,0.035967438360158852,0.21281312276106501,2.2454005394856947e-05,13988.451347267532,-10376.751249923554,8.4908523481906588,-36.855956918004225
0.14799280199977238,0.010354307108683364,0.21633309936993059,2.1134788416457877e-05,18359.758972208921,-9647.5630473110959,16.969760783702327,-44.597121505785942
-0.10102394463723796,-0.097128035685880382,0.22325778790588938,1.9337510213940688e-05,16384.424464528645,-10466.819029374459,14.028506751927161,-40.329568329491252
0.1567530632164976,-0.09747869012241131,0.21188770040024243,3.7639067997331551e-05,11308.958512728104,-10673.87338745532,6.7100685635683757,-36.384679245819179
0.10888892775300434,-0.070306196072583024,0.22212235088405599,2.3349060447396203e-05,19521.274184802525,-9544.5943680607124,20.387660907462131,-46.634717131221421
0.023169066571888681,-0.016405855197440949,0.23233185867094017,3.3125231521683517e-05,28501.529022109327,-6630.4376097814384,37.863812585337733,-54.723993047246012
-0.023297275621511772,0.014421300167552983,0.23232510658805591,3.0898575629082521e-05,28550.928720467728,-6607.2889412112236,38.155775562521193,-54.932759778594708
-0.10430874014389037,-0.023904248008907024,0.22280043863269469,1.9777115736036993e-05,23473.480764315074,-8311.61868983565,27.945760370923306,-51.32772261031711
0.1472932301945136,-0.085074182555330252,0.2153157552025064,2.5105814071311532e-05,13837.855871900503,-10467.656707981003,10.222514771894479,-38.455739247055313
0.14740240027946724,-3.9948849291135619e-05,0.21642050718102493,2.9986090677201283e-05,18513.555473373381,-9615.9263439047572,17.434937816371917,-45.489024077574399
0.14761904761904765,0.032068147160034227,0.21638843296938079,2.2985343146062428e-05,17822.78883902535,-9760.6209326996832,15.597551017036771,-42.672173963560823
-0.11456444933758683,-0.025657131333649379,0.2212821010990948,2.513193369411116e-05,22315.381642544318,-8654.452317466199,25.226433478891593,-49.275227577027778
-0.16754298533095663,-0.12999999999999662,0.20320189069849404,9.9698380749713753e-06,5183.005059880873,-10597.070490869579,-1.6279853692338033,-27.805195478817726
0.16845467854091503,0.1297741832268858,0.20278738133895091,1.2490113160228752e-05,5156.0900058446996,-10580.981460038243,-1.8463816185820903,-28.527117744718954
-0.16768955179587208,0.12999999999999651,0.20314814727260705,1.7497326248315691e-05,5194.014387079078,-10593.958365426335,-1.4378689785521157,-26.912840445264617
0.16764614423156782,-0.12999999999999656,0.20316406408697837,1.7525596963515315e-05,5180.7073200945397,-10594.65447555472,-1.5032665229058462,-26.726078033876043
-0.024286149223479561,-0.011624210920885093,0.23227302792011331,3.3471827097742548e-05,28607.037262728889,-6576.2289359762426,38.146623545413426,-54.756058135573312
0.022848590336243951,0.0093940155323062706,0.23234873643512199,2.2621385354569861e-05,28679.941485516367,-6545.8262193933051,37.809690127207872,-54.249144156121822
-0.12372239519505214,-0.029149053139071963,0.21992628526389044,2.2432070975520228e-05,21096.781870539056,-8996.1887241365148,23.349390140840104,-48.975281626295882
0.052295867615377571,0.00041771056609326077,0.23005655262990438,2.5442201679688227e-05,27773.811314148377,-6860.1389658991347,36.410299999172345,-54.008740434579138
-0.10930461549315376,-0.086062865110199518,0.22205024123961045,3.5825397070312831e-05,17461.933073954471,-10104.235374663467,16.505455273159072,-43.499470090802603
0.16586823329671477,0.088234072125342247,0.21052472046436047,2.1555844122460539e-05,11280.653163301447,-10599.150121443539,6.4335400368999718,-36.079116796239859
-0.13311556219488571,-0.031172092023024001,0.2185356454021454,2.5167186480933151e-05,19840.993475414631,-9313.7884636217041,20.078669506494808,-46.151785781004818
-0.088024371223557829,-0.057821636680789046,0.22521130735720232,3.2100458209344702e-05,22642.546484203267,-8706.50788258996,26.69169236257996,-51.061069813495742
-0.10387387231004971,0.057103562988709555,0.22286481995843288,1.3047295041359192e-05,21368.166992762086,-9016.3108676093234,22.315380995508267,-45.597583858131514
0.14771757195912968,-0.011833454378417018,0.21637384663500892,2.7042982261231526e-05,18384.386709015278,-9642.415182141136,16.707632778109431,-44.065845568378528
-0.19470540607732575,-0.072993035323888483,0.20440463591434624,2.8935978112644881e-05,8000.5406149136161,-10556.80879383842,-0.2751476112948234,-34.490197464249185
0.19381075981418247,0.073928832256622265,0.20453720240483178,4.3512218887978461e-05,8119.4454872595197,-10560.031135024274,0.15898473102687063,-34.481837537071101
0.18585414655519444,0.079337936667337031,0.20610234868126096,2.191224415736851e-05,9188.410716981869,-10584.584537845514,2.497189426832469,-34.37231234111794
0.052215952705511083,0.011703709067339856,0.23006537334432453,2.1484966794305389e-05,27648.978303239041,-6917.602305878152,36.495428493740881,-54.380256934578782
0.10131051708389173,-0.077465302986591281,0.22324431964766134,3.414746562454765e-05,19323.634416185752,-9668.8352425354351,19.988663548758531,-46.416030889646386
-0.14222669299783317,-0.03406381559719384,0.21718676044349666,2.0679324774918018e-05,18486.461769762864,-9624.7235341690448,17.388183837196028,-44.53373172192012
0.13782161927237055,0.083073987829054202,0.21736515495750872,2.5212995960605656e-05,15110.341211765834,-10338.896780944116,12.418943018853255,-39.75954908860745
-0.15708723176633943,-0.083954880278280228,0.21315619438343242,3.0188170216879867e-05,12809.285709206148,-10523.479926902406,8.7403399093974059,-37.885162073986372
0.15715399396426516,0.083579830529439181,0.21317715805938817,2.974395714098525e-05,12831.771494955556,-10523.217399317811,8.5537774179049606,-37.659472812146262
0.14714082609523885,-0.074438574699195001,0.21595962399431595,2.7308059280525672e-05,14952.743066215275,-10297.437017225526,11.76036616933405,-39.513250962356196
0.14676290883252041,0.042446869639543409,0.21651518262939978,2.3596717292117967e-05,17414.546885452142,-9847.297690591673,16.176941539352999,-44.511677219672727
0.10918827343367635,0.057026925046852826,0.22207803334599974,2.519490015662422e-05,20858.230664778552,-9141.1310130825386,22.478373905045462,-47.378716253844615
-0.19979637438785913,0.049190429870825836,0.20593564341531273,9.0268839043654515e-06,7896.491469440758,-10606.869770248049,-1.312560564124559,-34.712640416112059
0.20000000000000001,-0.048881762148323432,0.20601543912569867,1.5097519907128177e-05,7881.3919798350453,-10605.219247438661,-0.99732840519425192,-31.946586173633516
-0.20000000000000001,-0.048881762148323453,0.20601543912569864,1.3380743838615469e-05,7872.9484428956976,-10606.082577282798,-1.1571256856578056,-32.806581643252443
0.19972541942899077,0.052265871962112256,0.20572501755468636,1.9478532382293e-05,7841.1269292185143,-10595.513155475057,-1.0537923446447046,-34.420561555189579
-0.12862720694285404,-0.065109117285800808,0.21920013755130643,2.8451062155083993e-05,18028.040111343242,-9790.1112227693411,17.108550938299988,-43.315025515467362
-0.090195540827124346,-0.046686763452506684,0.22488986997645713,2.7916719121929853e-05,23463.819629174213,-8393.0187372374785,27.782655733578185,-50.7979446180127
0.13622770116950639,0.093280624605454512,0.21716640359895398,2.9817403442890047e-05,13992.046331940315,-10551.25923864474,10.588105720369908,-38.235448201379789
-0.17645421083351914,0.10947989009213181,0.20413733556689484,3.3036241834394693e-05,7529.7063581507164,-10596.120084619759,1.2232602742932872,-31.2324525385804
-0.15243494479663713,-0.035600781740682055,0.21567544888367893,2.0507201172977516e-05,16954.030767215725,-9929.5195834900824,14.463885731093606,-42.460799364347338
0.1523298567277071,0.034608307307374166,0.21569100696517057,2.7567090327488574e-05,17026.206399835995,-9913.8429917509475,14.091087365841375,-41.265995851905529
-0.19070530105032799,-0.045635041205353659,0.20854867685267656,1.8922545403422474e-05,10059.46527467227,-10636.952528460341,2.4168347902356437,-31.96603997541693
0.19099786589595705,0.045664667294039507,0.20847909007769869,1.9849721984515412e-05,10000.441279951461,-10638.299906923254,2.2735922077933042,-31.665285934704137
0.14799410220065581,-0.022660292322220225,0.21633290687775225,2.590786353516131e-05,18091.387791732694,-9706.2183497282604,16.296438045001839,-43.832964695115813
0.0055750468536485557,0.11557140344688238,0.23283976367026682,1.7585372789684445e-05,15616.431066249817,-11413.977120436262,7.6185737071896664,-26.393958848492495
0.16227452622906843,-0.038422250337592639,0.21418619686794982,2.2421741140578661e-05,15328.646613409655,-10197.111640369396,11.252792733396584,-39.584758430636107
-0.16272344371801103,-0.036827219100906687,0.2141265739919159,2.5916482355901709e-05,15334.371775244263,-10194.883940066284,11.38415433065275,-39.607737041514213
-0.16159768649728545,0.038195671037746827,0.21429225268799265,2.399319058882162e-05,15455.758552290403,-10175.834374743399,11.422183826204986,-39.244017089427473
0.10327164262798505,0.12538227796746154,0.22212690530117959,2.0697198587368177e-05,10486.656464245849,-11515.698500225844,2.7331746524081626,-19.91638055485932
0.17549775974679105,0.09249600712140317,0.20727528195810666,2.364359426969965e-05,9588.9967682369843,-10612.808277231952,3.7949666261335664,-34.556540928444321
0.14741499072702038,0.094183394637559995,0.21455036449575657,3.3125164469273831e-05,12733.572505886272,-10617.863710761781,8.7452427661774053,-37.819776712167723
0.072027626064300576,0.035328962945140457,0.22757300443480882,2.7850203920192648e-05,25596.091125672388,-7684.7400486062888,32.020195193229149,-52.526157161806857
-0.18070129345367245,0.044153138816786251,0.21078371486080005,2.8335959108439098e-05,12018.347085628466,-10551.341312189108,5.6564582836178223,-35.734663683984579
-0.18094135735038544,-0.043445730153093345,0.21077499497377386,2.473248968412156e-05,11998.892859907488,-10555.918417444969,5.4329917236998577,-35.331766059265412
0.18134695668084549,-0.043872593317750591,0.21066580117489944,2.7721848928367813e-05,11916.683069889508,-10557.08896466652,5.6814342859244782,-35.590233254677976
0.18095238095238098,0.043400436471116584,0.21077515812913936,2.5819242727486837e-05,11996.717818667586,-10556.330595072443,5.5465119507751321,-35.557468334310542
0.054211141964183744,0.055146376697083326,0.22986228597913994,2.3103697608696184e-05,24954.059511743861,-8059.8347616992423,31.815680354526332,-53.851006602358453
-0.17089860760204079,-0.040521142260980095,0.21275104558505642,2.4771589384663697e-05,13853.472002168366,-10388.875332308047,8.5130630940735355,-37.592808428421158
0.17160529676858485,0.040187108933444987,0.21263782097834977,2.2152666165298906e-05,13755.924138769136,-10396.630530692953,8.6273599294604679,-36.93563021806802
-0.056881854395015197,0.011987079607247245,0.22955036824221864,1.6609701956153312e-05,27402.870376783241,-7009.8837981415927,36.502636614263814,-55.504090523639256
-0.14640638470427975,-0.093293184590543268,0.214854103591196,3.2580701682166238e-05,12948.630298570295,-10599.872985331287,9.2456772567932397,-38.374370622062891
-0.19479035304954961,-0.10683970345497308,0.19811481067761383,3.1777326786973903e-05,5351.2354158940507,-10307.605610517619,-3.3112695830404175,-32.81960653795872
0.094178023987849996,0.073200870533401602,0.22430027119341286,3.0948509737588486e-05,20436.694887189751,-9396.2266152468528,22.585047427503241,-48.850160178855376
0.14254085021366197,0.11301493225513584,0.21387674987503752,3.4902519182957868e-05,10408.069284474308,-10930.58321381572,5.0604666671179697,-32.312720391936196
-0.1419796074263181,-0.11216784869296914,0.21411968490961605,3.0899195588518556e-05,10601.001378244357,-10920.691894905234,5.4182892013459671,-32.790140339688797
0.065812409349786299,-0.014434932238333587,0.22846254795384657,2.1276696171668027e-05,26870.424138276627,-7189.8177290883232,34.160463809092192,-52.900248811432526
-0.15340453963868775,0.075611350477104197,0.21462584963330805,1.0868617437475789e-05,14074.66819626709,-10390.16935005393,10.472641091612051,-38.215369700410818
0.10944017318487662,-0.065174950495333409,0.22204074008429273,2.7999957775532899e-05,20033.335987778446,-9388.6040810288941,21.265164568144822,-46.857868770278237
0.05065988509821609,0.062541356659640765,0.23023968208633774,1.8244477067869784e-05,24342.380479344662,-8321.5629835715172,28.708345409500556,-49.834307279030341
0.14720265922312814,-0.079817050774366516,0.21566831257049487,2.2642167118871839e-05,14413.882548950985,-10381.46597169616,11.084853744824041,-38.573214803364273
-0.071428564576605874,-0.042418785451330349,0.22766074586639967,2.1983706190612365e-05,25144.755367811398,-7873.0266751607851,31.218080680045301,-52.257039066962882
-0.13756046466556607,-0.079115355989183594,0.21754960420842626,2.8595181386960498e-05,15575.99381232978,-10257.820005127638,12.910007568974804,-40.301855196797142
-0.19403905140758237,-0.062427915605008502,0.20601654421443702,2.6687953717094702e-05,8695.2542588084088,-10600.697624673623,0.44497654864702696,-33.084252888725374
0.1941476216481543,0.063033915692863374,0.20591283194059939,2.1508689925140226e-05,8638.490045082166,-10597.434001940788,0.5842023793937734,-33.524522607219254
-0.07627609219120543,0.017285711009595067,0.22695061691377486,2.9366093948699165e-05,26111.226816712136,-7452.8710397899176,33.410364529514553,-53.723897841959371
-0.17551292569767252,-0.076492859317642103,0.20932542884247227,2.391057482823524e-05,11010.019970752093,-10575.171433706222,5.4846871248614812,-36.461249783105991
0.17629120253186914,0.076033590327588607,0.20916974343941139,2.8167746979461436e-05,10934.187972159856,-10575.72505785545,5.38400547812547,-36.136104254975734
-0.18629337355885264,-0.069723801507120348,0.20722476232225628,2.6642976982477154e-05,9765.6755286766529,-10596.309085287907,2.926677545495556,-35.107416277690838
0.18786885199011927,0.06989619000528878,0.20678108382427435,3.6241361008128909e-05,9481.7971050548877,-10594.836385219329,2.43992973586978,-33.980811803644556
0.085269099886149419,-0.019879676929311595,0.22561921984846234,1.8404205694387211e-05,25355.769712585599,-7706.7189042150212,31.371067683584432,-52.227204683691959
-0.18613095049646136,0.11175529705454706,0.20026117047462949,2.3478805518156898e-05,6038.3019813347337,-10430.227133168837,-1.098785906294987,-29.112375623225564
-0.094967864941114713,0.022856167015079622,0.22418333679694485,2.1027622415760791e-05,24407.58439639891,-8021.2310723739511,30.47538088940831,-53.38102231690339
-0.10046150333521155,-0.060648019822848898,0.22337001445986954,4.1842833317128873e-05,21323.253152032197,-9059.9732196884361,24.228605490208373,-49.653207733208014
0.10451298277805811,-0.025338059793833561,0.22277020091323901,2.5605784873165365e-05,23404.445078711899,-8334.4397333592315,26.949797145289743,-50.165103283468682
0.023401391815473474,-0.061924043883763227,0.23231962334663658,2.3457920543187199e-05,25226.687006197233,-8078.9184598279553,30.718391424231346,-51.107069548117394
0.14791613052864369,-0.033426585956515181,0.21634445043012274,2.1538763524430434e-05,17723.199096301338,-9779.3895952651474,15.46362654861624,-42.301007623415849
-0.11356822651906662,0.028332789382236493,0.22142958992396494,2.0753958318510826e-05,22315.971479598422,-8658.8876803791118,25.316398708954907,-49.714329612867786
0.052344275745318386,-0.010196424432618914,0.23005120951820554,2.540966685887224e-05,27677.797881836213,-6906.3184805287701,36.131228463290057,-54.426185129963251
0.12377638543371176,-0.031165128122220075,0.21991829211546385,1.5036840938852614e-05,21003.547293755306,-9022.759495194483,23.051032074064207,-49.185771966288989
0.13785029012503519,0.07176390649773999,0.21771563456985749,3.3555089389094664e-05,16302.487552525819,-10113.960299506649,14.363200116452958,-41.931590265488531
0.13079865165686427,0.1268656093031465,0.21543426717408645,1.3519309591025984e-05,8595.4454206638438,-11239.587674698159,1.7151156121400055,-22.365000198368278
0.14781917617664495,-0.070447379320819695,0.215978013872799,1.2827578769830004e-05,15246.969819653958,-10242.627900156693,12.517794093434206,-40.157672014529851
0.104094972357301,-0.061408490516040783,0.22283208653219369,2.7964251895100812e-05,20929.082737924753,-9154.645525443837,22.842630481355584,-47.700988412724598
0.15693639576720597,0.07823047050660828,0.213672906526686,2.3624302801206092e-05,13385.191549464629,-10459.11503846157,9.551967203954348,-38.394061347392991
-0.15703199491362585,-0.076582218988705222,0.21377142659487466,3.411678423015761e-05,13522.44028024066,-10444.202228221357,9.6371457076077114,-38.951152638095309
-0.1287449845246508,0.080564162940503226,0.2190506372378786,2.0455759392939851e-05,16352.813624369406,-10175.565505342278,13.747057819505429,-40.115726385226658
0.17031002921140553,0.10678974907069343,0.20665420264806447,2.6766515672280417e-05,8602.9863152712023,-10665.55379417633,2.6639177713194924,-31.908697758908385
-0.17069215364871271,-0.10705019321286746,0.20649595768666087,2.2460639263013572e-05,8521.7964875761445,-10661.905028396784,2.649193207931416,-31.753711917141416
-0.10932360509891896,-0.063071883872813872,0.22205799775967985,3.0007685816353563e-05,20251.899751447625,-9326.2608183087887,22.109737755992409,-48.099399456258809
0.11902476805661347,0.068732099138239536,0.22062175970338924,3.3722663853516524e-05,18691.944221037451,-9692.9939635199553,18.658242103235171,-45.208059760670118
-0.12422582431341349,-0.072038336479400861,0.21984965896629385,2.1278495553493835e-05,17809.139405130743,-9874.2524929354422,16.299666037989656,-41.674914072943032
-0.081165789438204503,-0.045480174210991334,0.22622670687324622,2.1945472477177209e-05,24254.589368968715,-8158.0567198247836,29.776694367560612,-52.084519866099342
-0.195127062523201,-0.052139056466465508,0.20689481628777009,2.4564162164154918e-05,8898.8768659215857,-10627.730357183838,0.44919024307407224,-31.713096532339474
0.19443557918345894,0.052027760270644811,0.20708052265873592,2.0580367501692085e-05,9049.3533555739032,-10628.096400938428,0.89436421473250116,-32.192831270282113
-0.11941540777464964,0.071540360424891508,0.22056392626302865,2.7578779262579512e-05,18350.909333005719,-9776.5932336739152,18.254062848868116,-44.635570219768965
0.14324222624258676,-0.03672823305445283,0.21703641274808075,2.824878461678212e-05,18218.592713339913,-9681.3066797378706,17.137720474860391,-44.230920914141464
-0.11909225192558637,-0.062881603357973714,0.2206117688495888,3.3906017565876878e-05,19276.977531259145,-9535.2954021012483,19.920028972680484,-46.294051803654341
0.14768348117437749,-0.04332275252101718,0.21637889370850344,2.2389309357588627e-05,17251.825966772114,-9877.1805765203371,14.9002101721978,-42.20511828904398
0.040684175289131597,-0.093901094320319983,0.23118003373128834,3.3481802757980058e-05,19983.604927371944,-9992.0233571896661,20.205097851875188,-45.799047333798818
0.18598847212726374,0.059514814986205089,0.20842547858251106,1.2597821062756104e-05,10384.582103942355,-10602.137444343463,3.5996883688574366,-34.431777361571314
-0.18567673538490456,-0.059688633721202949,0.20848482989234615,1.3572208618523947e-05,10426.969887150528,-10601.270744916457,3.8884051908299235,-35.622063215478263
0.12865417005919402,0.072756951653456733,0.21915743855612435,2.5531064136975932e-05,17242.190748228597,-9977.7972305654803,15.684863103885711,-42.549722653525194
-0.17656204593160713,-0.066947109605249591,0.21002718273868085,1.4524114469469878e-05,11535.22772435638,-10553.682111834796,6.0788368278163851,-37.166335865020919
0.17641014966266957,0.067153119526379118,0.21004621037972251,1.7358030073709059e-05,11553.712203845349,-10551.743243706802,5.9137366707842025,-35.959162361481745
0.14738472330015023,-0.062011732031007134,0.2162685621075611,1.1949433000935644e-05,16019.492344756465,-10111.484572469455,13.059268941525614,-40.09305763479496
0.010067831660482213,0.03989181899118821,0.23275247150013922,1.9146557200369015e-05,27509.292908136555,-7102.1841506879609,33.999936008336405,-51.086586271288979
0.14723914074422761,-0.053657575064743897,0.21640680403285709,2.1326869559043577e-05,16664.003005348615,-9991.4883595800766,14.063573541809841,-40.900918446301439
0.099999999996069927,0.056036974497471893,0.22343833911967276,2.0461969379675956e-05,21832.901271859057,-8890.3238466295097,23.634608006525209,-46.809186038804654
0.09882325599200599,0.051693290625035318,0.22361255375028136,2.5186980629138831e-05,22301.846871519941,-8747.6078767189174,25.937508741997544,-50.601154287517794
0.12839964130771025,-0.076335117294682231,0.21917892225805641,2.9737979777107336e-05,16879.894745658119,-10060.829722965253,14.984419004728974,-41.248683267538574
0.070945853056135877,0.03917331599422981,0.22773144642164131,1.2072008211386895e-05,25413.14922443348,-7766.2961830529666,30.684176418671242,-51.027257961839794
-0.089326001280977937,0.070359287884493832,0.22501860359252679,1.4233538436296209e-05,21187.424556806851,-9190.6763267919905,22.062706907164941,-45.623945079515181
-0.19408166346953398,-0.042613567054041387,0.20801177132407103,2.5563609350777799e-05,9442.2520829761434,-10651.003917592161,1.0611466359083905,-30.991104444601397
0.19430213049461317,0.042454009479946007,0.207973726590582,2.6557656990182516e-05,9402.4927579956493,-10650.824934309814,1.0389532328328328,-30.653727892497841
-0.1272099177638164,-0.069378410949275562,0.21939285555983348,1.610657133352871e-05,17770.573327321705,-9861.001836810563,16.147515321191264,-41.830402640156571
0.19047619047619047,-0.051223609552920497,0.2081234975836182,1.2882738631516622e-05,9905.5970569433812,-10625.431722778552,2.4320932412390257,-32.235235714651914
-0.19024523077137295,0.051179969970515202,0.2081794742015802,1.5302600984900951e-05,9946.2438871007453,-10626.559434850782,2.3982954565206045,-32.497729870184038
0.18521893627587493,0.050294003142615826,0.20941627412536257,2.1615018331271114e-05,10945.234649430739,-10601.683428010958,4.0863961610614332,-34.840765334189392
-0.18524034701117514,-0.049928733906728827,0.20943846306199101,1.9330450606593013e-05,10960.204248220038,-10599.918817151009,4.3402788903767302,-35.102584137012983
0.12139677037662226,0.11353768622129923,0.21899144765564785,2.8238408642369359e-05,11936.22328147708,-11064.155544284316,6.6532823566347901,-31.542970075912791
-0.12064991585256693,-0.11390468687628663,0.21912830968053965,2.4209226717294879e-05,11920.899178581327,-11078.222281267454,6.4827837117733713,-31.353221210465009
-0.13732421374784165,-0.073895637094939404,0.21773914867442654,2.046344369058013e-05,16161.965921752906,-10143.154583340924,13.929498649941999,-40.810405677354616
-0.17736660522762068,-0.056787610242534287,0.21068907595542696,2.0494923901609108e-05,12014.188493942569,-10533.81548878313,6.4152671275288675,-36.680273556152237
0.1761904761904762,0.057129041091421848,0.21092243633839952,2.6303560159445252e-05,12190.320720537127,-10520.881145340207,6.7372397736426404,-36.935928731451654
0.14261614705744297,0.039240599835080374,0.21712910253752932,2.3749507549092851e-05,18173.293041816669,-9692.9426364953015,16.992990741897909,-44.020157945639276
0.051688395835393613,-0.020694455775148828,0.23012360313522917,2.4206744415687755e-05,27420.979555353915,-7020.7439119056708,35.62723510606785,-53.788571509633513
0.13272558844469054,0.036747824573989944,0.21859338024727965,2.033586930755035e-05,19624.728963067773,-9369.4928719713371,19.592095224353535,-45.479147001643554
0.12405023294453822,0.033721888284276171,0.21987774953120001,2.4369098524048664e-05,20860.677063143772,-9060.4636596278579,21.990414113403929,-47.150975493099587
-0.099498431192716411,-0.0533689021777198,0.2235125953924893,2.1729788004907784e-05,22109.68140433728,-8803.6338727497059,24.568041470055256,-48.312837164638729
0.11436001713931583,0.031062620208601142,0.22131236688314243,2.5322171636088814e-05,22101.163592322369,-8726.0652399518585,24.846912151678275,-49.683859970231872
0.06121712762753484,0.11533780048621035,0.22901287405731022,9.9247352416926411e-06,14636.534010120238,-11340.729428566321,7.157227684921363,-26.799005307135257
-0.078559531180537059,-0.062030694842054479,0.2266125582717339,2.6767395543755874e-05,22891.605712327128,-8689.0469817541452,26.943464679506107,-51.028107978098994
0.13587228377049032,-0.10279965025104285,0.21657220178264791,2.9117155386649198e-05,12641.845480537751,-10764.432171064629,8.3244549631526041,-36.304675527982106
0.12801811258386231,0.067543642410905796,0.21928219818513017,2.2754547384705955e-05,17846.033530480036,-9838.5589238338907,17.449984623534526,-44.325774801676054
0.10555057712465103,0.027823099470794883,0.22261658711517507,2.6090110373336162e-05,23195.854502173181,-8399.9685678443166,27.043887144198315,-50.401604811095716
-0.062039087138532303,-0.031370629051878124,0.22892347056118026,2.6367039298985971e-05,26413.513894778021,-7405.8244412038557,33.278009365226978,-52.851175223603391
0.064607316716176921,-0.098851989558304904,0.22860975362769687,3.6065558440018391e-05,18151.430810596139,-10388.020123580265,16.808743680275171,-43.073026885726982
-0.17120790145687817,0.045669138043882576,0.21256417002136915,2.0573667753997236e-05,13571.410659027675,-10413.232326891644,8.6780335047003145,-38.138786931135122
0.17054910249307673,-0.045503208833667652,0.2126810071944181,2.0233685339757791e-05,13690.662485787963,-10399.739234753257,8.7498788178381197,-37.554877667192294
0.095459437867777455,0.025496651126673688,0.22411056039397198,2.7499161119826887e-05,24260.329655732439,-8073.0128270321075,29.773310229322309,-52.496610521779054
0.17635460248059961,0.098006187532217987,0.20615709911269176,2.8595929276939832e-05,8905.666096517698,-10611.961498156281,3.0377260633357555,-33.676528865380746
0.086162032623498183,0.022097585114052964,0.22548702291653977,2.384943751241122e-05,25203.770171043376,-7761.7066449652148,31.63739627268556,-53.076624301786339
0.1906975848576461,0.11450433693526683,0.19794390128368539,3.1541067123525679e-05,5106.5656214885885,-10299.520070024479,-2.2199732684860725,-28.081971200268061
0.14703419671943951,0.059963850345057447,0.21639401905496439,1.8911194106612496e-05,16231.417131750008,-10073.578513796487,13.193200594187303,-39.457447923193278
0.15184640243424652,-0.040532537836822299,0.21576258142049853,2.1040689020861293e-05,16817.235426786177,-9951.6415336065147,14.019263448868781,-41.150812676956754
-0.15241790809096326,0.039617413188479028,0.21567777155944334,1.4235436709048186e-05,16768.122925783158,-9962.8552821363464,14.442657030057935,-42.778985597149834
-0.10842548431976193,-0.056662585475460013,0.22219096277096723,2.2579170923373066e-05,20955.973058820473,-9119.1753476738668,22.770669098487243,-48.018213838668437
0.076355556391259849,0.020095718774192098,0.2269388523955693,2.5127049446992957e-05,26022.593207301121,-7489.5684486075161,33.085863459760205,-53.835432866870519
0.18522695501790254,0.039732711825628979,0.21009818786749851,2.0038060876309114e-05,11338.951731889079,-10601.208781044283,4.2965966962879785,-33.905397859890051
-0.18532954024507001,-0.039914383104603407,0.21006802691567097,2.0441871654227004e-05,11316.85130440602,-10601.513150050485,4.2901886587060085,-33.803209400026873
0.048240155172906488,-0.012675230380338232,0.2305042072826472,2.5722336406781076e-05,27808.485890398399,-6863.3068837816227,36.235213717579263,-53.664115763995298
-0.17742134334066645,-0.046729893754930821,0.21129965200114112,1.8815514799828101e-05,12492.787668055578,-10511.820948788949,6.630676013148447,-36.054269621039424
0.17633548947139455,0.047245564390453611,0.2114871622361035,2.0619983984605666e-05,12651.759664488492,-10499.384864055986,6.9716140549997441,-37.15465565332461
0.089935962414294884,0.046089123646852921,0.22492830004888481,1.3911351143165378e-05,23529.175124278714,-8370.1812557791582,27.77981808002086,-50.092188669092394
0.065793228308535706,0.016927481626683984,0.22846489097547304,2.6046718042450688e-05,26800.568350294881,-7220.8369190619596,34.427959765900788,-53.565160394657788
-0.042747648163490901,0.12355683708217829,0.23099845739253549,1.1958447726197183e-05,13119.04457131872,-11802.295131684441,3.2290492287877717,-16.657046723603891
-0.15714093743514479,-0.060797210994112914,0.21461335601975842,1.7079228942383708e-05,14796.700952972777,-10275.74870833352,11.698381612612149,-41.137335801236503
0.15763465063642834,0.060677539184159253,0.21452592073800222,2.286367829560931e-05,14745.893182871861,-10280.525715114156,10.957683320788222,-38.839229419742814
0.1668287302297205,0.053525628659789055,0.2130578872204392,2.8452730189436755e-05,13865.09527257417,-10378.275884051498,9.1797313241426934,-37.911661483521968
-0.16690850659571288,-0.054158615838425746,0.21301344839898426,1.7768847903111038e-05,13822.44417772907,-10382.175781741409,8.9676612312095116,-37.332680281973197
-0.032954210599243028,-0.019016643215772188,0.231756154461012,2.5242738174581031e-05,28182.834435854722,-6750.3508171613094,36.355729879336124,-53.288474606894262
0.19523809523809524,-0.098898814875563443,0.1996547805339553,1.3696417897858547e-05,6019.0186515655832,-10378.965294828169,-2.1280967371523638,-33.162937748233965
-0.13734301291867596,-0.064569192393062566,0.21787097730237068,1.5056590101953085e-05,17040.903207820687,-9963.9938708778027,15.647090617938652,-43.171867466004073
-0.12660379402814326,0.09722877106636274,0.21889527537320555,3.0679050219406354e-05,14318.732136977902,-10604.684044801814,11.000450464583782,-38.407088501002377
0.12613690896500446,-0.097528237950623584,0.21896155777364371,2.4061020181529034e-05,14307.404135933502,-10612.054336751045,11.242197094712727,-38.963406870372943
-0.080528755475645683,-0.040054231059856157,0.22632101849590078,2.2430556826015341e-05,24697.587584734043,-7991.6681879342341,30.477320561103948,-52.231975537187985
0.19492564619549799,0.020847904475256484,0.2090693149513822,2.2578449372951081e-05,9701.3471493109282,-10682.544717677674,1.5739175137608126,-28.026214460856231
-0.1947608810582514,-0.021437990724290319,0.20907991023750522,2.7714883454333594e-05,9736.9333171755934,-10684.014232988686,1.2515826333847493,-28.053326099392208
-0.0074180110715244257,0.12339157744867221,0.2328210434089775,1.7535871287727168e-05,13622.56060605211,-11852.15007729619,3.7011997275626922,-16.875115505265175
0.052976855341425315,0.021438972943444018,0.22998138770429635,1.5195099381630957e-05,27328.095560180853,-7057.831198140073,35.94755242102741,-54.72167150620114
-0.090762841976058661,-0.041971624667488168,0.22480588215942632,1.9999830203201191e-05,23761.569013627166,-8281.2658943896458,28.571132632421669,-51.363696043080431
0.10957905761876993,0.052638049829422717,0.22202017851757605,1.4834489439208824e-05,21191.864622407229,-9035.4427439836018,24.040350408504121,-49.214913028671027
0.11870873269113237,0.054997048283481891,0.2206685481163885,1.3767173150907256e-05,20036.889003748547,-9324.3170534669134,21.152743927999229,-46.544795875577371
0.06766444312812063,0.12458389561686097,0.22818627236279851,1.5527987003683633e-05,12157.108907986891,-11745.552304065406,2.6646773851653562,-15.331859019366236
-0.18581541177502489,-0.028917341685239375,0.21044420516125109,2.6322039188733469e-05,11517.57909458965,-10606.277206111397,4.4651420979953631,-33.61823431941994
0.18510821788842843,0.028781014936877954,0.21057480441881152,2.532426871419667e-05,11652.921243082055,-10599.676502297685,4.4759645848563565,-33.568444886553849
-0.048772233819197236,0.12068022955911092,0.23043414301679424,1.0394726902339493e-05,13706.705752307984,-11645.017656059526,4.5366514427448106,-19.572607927854676
0.073814660369022858,0.11362560349289913,0.22731502704392106,1.4946161274970382e-05,14561.91255919542,-11223.095848058145,8.209938373769619,-29.000731228917289
0.16662227177016542,0.10751999946184965,0.2076635626360433,1.2198150110361592e-05,8919.3495720864885,-10699.081520364824,3.153135874306888,-30.771695336416872
-0.10101745806380784,-0.045589884071065685,0.22328770645800755,1.9499077605949757e-05,22590.849407497681,-8631.5359922793868,26.475713716990366,-50.533128626189104
-0.17566785784911659,-0.036303399077790573,0.21202208147417312,2.5981275603586117e-05,13199.35476079392,-10460.880714654799,7.6468222595605306,-37.102922100006651
0.17541660477901086,0.03658351169322465,0.21205776825332068,2.4349269115988991e-05,13233.761889948553,-10458.3837704137,7.4498247445464623,-36.843060967306521
0.047392820152244969,0.12891583333575773,0.23059257307544329,6.0038923797309477e-06,11673.998216358166,-11999.450266223415,2.1596260897452826,-15.183805009338366
0.061673365084916207,0.029670653320298224,0.22896814460518566,1.4380539577607687e-05,26511.112102569325,-7366.7278358239446,34.223292164525745,-53.588067199596445
-0.19477787557017867,0.091540880665438376,0.20128437145301437,1.5122451244295461e-05,6720.2571515188583,-10448.653400582098,-1.2853819751512849,-33.85900429931997
0.19497851088452101,-0.091426755280391972,0.20123911558157756,1.5969391704554205e-05,6684.8270743614921,-10446.222026286654,-1.3613222360506785,-33.672631470529062
-0.16767011543146804,-0.044053792680663763,0.21321377998925456,1.9152099414019699e-05,14227.428439884849,-10340.522597458423,9.3764710897860883,-37.81885750698023
0.16786536023146365,0.043354822866099513,0.21319797337604104,1.9802075387522943e-05,14223.929646295444,-10340.9766953956,9.814412953475367,-38.879628636325869
-0.073965272818512548,-0.02640235840717918,0.22728904814311993,1.1765156001224796e-05,25942.613677105033,-7532.4848535103656,31.857169553708239,-51.393417121488824
-0.1572622913097983,-0.051051607069757102,0.21483223882645297,1.9407048470235108e-05,15433.763047745713,-10181.59770376561,11.735916718550479,-39.373310788103993
0.15720253739272616,0.052042542608966569,0.21482616238697891,2.1945803380227036e-05,15379.215640100439,-10189.589772905134,11.704688788926855,-39.223464690705732
0.1948386971853216,0.0093237212637958828,0.2093398902152824,2.668466436207595e-05,9822.1028972746881,-10694.479388601882,1.1893844730141243,-26.214502444820614
-0.19490481323717931,-0.0090764866577447197,0.2093323782753265,2.7893777489196947e-05,9808.2594996834305,-10694.579919612908,1.2168333399919651,-26.589190707008839
0.011317843879721458,0.035703342930804162,0.23270201218887018,1.5693256623280606e-05,27800.437652945788,-6964.6977038436144,33.973651289465032,-50.127054162227168
-0.20000000000000001,-0.059029979475976609,0.20482603139331673,1.301506405069408e-05,7507.9634053649452,-10562.122896258556,-1.3236504143890846,-35.016987548569794
0.1997294131079545,0.058107786129979772,0.20487264801881702,7.9806315401047982e-06,7604.7986334996331,-10574.964995030743,-2.5515232358385096,-41.391461537760946
-0.19970515567200336,0.059002579891956328,0.20475470533533063,7.7843899005471923e-06,7558.8091531181144,-10568.83892470365,-2.1934967599099675,-39.871030241842483
0.20000000000000001,-0.059029979475976588,0.20482603139331676,8.0077930497732863e-06,7489.3125468218759,-10563.661763290535,-2.1183829587008671,-37.214789999027495
-0.19475448756810082,0.035523989238832356,0.20837679690503524,2.8643685204738062e-05,9475.5619359484481,-10664.779875134389,0.92402837438499752,-29.178993526971169
0.19611666104979567,-0.035107506780090156,0.20811784542676534,1.8622730158054277e-05,9180.1941608780271,-10664.393287080007,0.63928929551581581,-28.54467159611994
0.18566177953273383,0.018318983147815188,0.21069575673595434,2.7619332775196584e-05,11731.007226474574,-10609.304106441536,4.1651251159900875,-32.982156141575281
-0.1859030488637311,-0.018172157241992518,0.2106590289803654,1.6582559415618712e-05,11675.818063563371,-10610.308760323784,4.6404019831236853,-34.061593514437476
0.042321275254175707,0.021771687068607909,0.23103667663924182,1.9491003080989464e-05,27771.101558419665,-6906.5741474036658,35.966707867779157,-54.067749271214161
-0.19402509254228523,0.044139104141013824,0.20790430334540075,2.0656564760440908e-05,9411.9435179250922,-10645.17841339422,1.2181231012821818,-30.35455385718587
0.19440151461366104,-0.044575766679918978,0.20778869398690258,2.7178818459716314e-05,9316.1952360304986,-10644.766993389358,1.0685708515720727,-30.605661642473262
-0.19499529073175773,0.023896429266716944,0.20895694141358925,2.4697659170834657e-05,9643.7699932272608,-10681.937877277542,1.1370684942510527,-27.622793157045383
0.19520122872766538,-0.023520373046526922,0.20893982791813623,2.9387154403981478e-05,9601.6356278888688,-10680.465197529951,1.4145067580743074,-28.176693396115194
-0.063810538104691505,0.12877635926766956,0.22848697449051408,4.5039344485299553e-06,11271.206524667416,-11911.474993728449,2.3354053449000154,-18.002270265190955
0.17621075466303848,0.026271321065978463,0.21210569343281244,2.3585180851904543e-05,13401.417186098777,-10450.54269432673,7.4727818369103503,-36.194904190816793
-0.17633084479540037,-0.025767505006490762,0.21209129643300337,2.4398960595456751e-05,13386.47729137346,-10452.780802261155,7.7393361729518642,-37.153986688782162
-0.19519828922138774,0.054611168479447754,0.20662666921072562,1.5438103414444573e-05,8778.9230526522897,-10617.116400291308,0.63177808759843979,-32.033820097098129
0.19502901010839604,-0.055386688328558115,0.20659306582220247,1.5307243810267468e-05,8783.5802272502096,-10615.176959517103,0.68119754322680537,-31.193307542883606
0.11871651008571148,0.10961879349136217,0.21982971750962099,1.7476158152096823e-05,12848.192097107476,-10965.958595068423,8.321417501177077,-34.62479479242176
-0.11780197853317138,-0.1087281601249328,0.22009008549954107,2.4222935964139661e-05,13094.573266005904,-10939.944479069101,7.8943457144498774,-33.647085834172486
-0.082087879757049814,-0.030785590112321116,0.22609019321884849,1.9061127301515967e-05,25140.480125393718,-7809.3323111722821,31.240724566618404,-52.441181159473764
0.11033753354780804,0.04363815730055038,0.22190788765112887,1.4118388422699299e-05,21802.658817687239,-8838.4117614849856,24.203035390915804,-48.233449328375194
0.12010585541225846,0.044374199281139393,0.22046170685105357,2.7992830470232688e-05,20678.407229106553,-9134.6516632790044,22.369078070496002,-48.239399581131124
0.12900667903141957,0.049645106050289552,0.21914395745647916,1.6088557209625018e-05,19266.693902796047,-9479.7307268245422,20.002679850012111,-47.004604687581988
-0.13856699305502732,-0.0054396766434826127,0.21772857180728714,2.9009414622742603e-05,19762.112510955743,-9325.7021891653658,19.849628883493253,-46.566840093667331
-0.128815285699452,-0.0037202325117785826,0.21917229286206827,2.7087943393437181e-05,21086.11337965251,-8984.6654883394149,22.103104988077241,-47.525195799581205
0.1185229819316241,0.0059836094213303499,0.22069604815024568,2.3952790629396432e-05,22330.561927655082,-8637.7921586352204,25.413612779712487,-50.217448437378259
0.13765881061877672,0.00091975174055711922,0.21786302642707717,2.6037632971659616e-05,19921.120303010601,-9284.0545766480136,19.867283963392453,-46.269605849649288
-0.19549779025945863,0.013076138467865138,0.20918243322999838,2.6954946321370722e-05,9642.1402016950451,-10693.220797717444,1.0513544722027093,-25.991419871155898
0.19492679961344456,-0.012675627129658305,0.20929233317647253,2.4737464987862393e-05,9783.3949404551968,-10692.786362883302,1.1552870847723051,-26.561470188555688
-0.19448312153491165,0.064626575180747742,0.20563868099701899,2.0194150648202589e-05,8487.8718441912879,-10588.629734979439,0.50012141958612766,-32.532161437224431
0.19490289900111982,-0.065256611372302292,0.20544610414296061,2.2216048857215818e-05,8377.2594132028553,-10584.122622134066,0.26624360916451534,-32.03081415837071
-0.13805351968469909,0.005837884782640205,0.21780459052778212,2.0294952391138206e-05,19837.555945309945,-9305.916016629033,19.647139612182535,-45.73208767591597
0.10960433015879716,0.0041775188126655458,0.22201643696783355,2.4810521064148431e-05,23369.547814805257,-8321.8838915072574,27.087713206960615,-50.111173726465267
0.12904488139060219,-0.0029767070310057868,0.2191383016724936,2.5370885720283171e-05,21055.991535620349,-8994.5634805363843,22.280036023269034,-48.211565659561401
-0.12012898725355441,-0.00031178072059344196,0.22045828222753927,2.9412992229030247e-05,22170.669404924305,-8682.5641399420001,25.055936880628931,-49.813296094803484
-0.14299857886647674,0.042144431918698447,0.21707248426191994,2.1140333586680896e-05,17963.492745775333,-9738.8147179135576,16.608110348067136,-43.733070369493468
0.1385104838917858,0.010808486896147508,0.21773693787753362,2.4685962706900697e-05,19724.348923077392,-9332.268923809339,19.490537261188145,-45.815126650732651
-0.19473917889466019,0.074731236943849699,0.20415828535824432,1.7276603479396865e-05,7880.3516668022739,-10547.334527370209,-0.23852628341313564,-33.816394567198856
-0.18540748438575994,-0.0072124947982754161,0.21079392938163966,2.1575278175365812e-05,11890.969979263642,-10603.221184526841,4.4906731119354619,-32.490200452218495
0.18483382188667102,0.0081443634220170636,0.21087885898402353,2.137894700493553e-05,12004.067200981966,-10593.513086205332,4.8981161726618323,-33.654135656746156
-0.1185402892375083,-0.011203019484247763,0.22069348583771972,1.8850390772792082e-05,22270.009526447593,-8655.0057419516597,24.97756976881481,-49.332274256742657
0.16715452445575632,0.033667654124363885,0.21345827999125369,1.8660078448504346e-05,14734.539214030976,-10285.290130274801,9.9418803181954942,-38.832717387564387
-0.16711312339313111,-0.033518964174406959,0.21346571681005624,2.4530972295678832e-05,14751.570326458357,-10280.262404246383,10.157042935868056,-38.737073023321379
0.12896627327538518,0.0084775811248359225,0.21914993944902614,2.6558762810417173e-05,21024.554602619264,-9000.4939652114554,22.410303201027034,-47.872435071645974
-0.090554349110370247,-0.0025071112759289154,0.22483674911728205,2.7085308116264174e-05,25231.489466167433,-7728.7730407292966,31.782581065212156,-53.310612600774036
-0.10881518691712949,0.003073946639242783,0.2221332680694747,2.8427790432298198e-05,23450.13223887164,-8300.9032163551528,27.538754933951768,-50.982690682725398
-0.1003313468732529,-0.0044291210291117784,0.22338928386754284,2.8675745117475915e-05,24313.972731207086,-8028.6781586227034,29.586813362851228,-52.10139779452787
0.099879969167605984,-3.102036471635118e-05,0.22345610944726335,2.9143104568810508e-05,24372.837272288918,-8010.3694447526723,29.562268692902659,-52.079928627616724
-0.12922958460017642,-0.013560255728821779,0.21911095672633954,2.0453972385995178e-05,20906.51012088135,-9035.0827897901599,22.270218584851321,-48.024943831550019
0.17691809567688538,0.0039599457565976173,0.21205076664862513,2.4616163661908583e-05,13591.223274073505,-10442.822823696368,7.6058706790328481,-36.771459642724778
-0.1766302055367657,-0.0039563414857906268,0.2120933882164798,2.6315658486062584e-05,13642.637361968093,-10437.881918378345,7.6842329328129626,-37.104540162209794
-0.11026642073715162,-0.0086694238070349292,0.22191841576259341,2.5869924438594921e-05,23243.569671590652,-8366.7512054256058,26.757628170574954,-50.296738046890397
-0.19482308912348126,0.0020557328146114237,0.20939341636189632,2.3082720423002995e-05,9847.4632366064889,-10697.240044845528,1.0741760434432623,-25.360530080504574
0.1950510431874582,-0.001971340668949351,0.20935988301651764,2.7695846637910541e-05,9793.7841357279631,-10695.912189213697,1.3236254848970881,-25.891978811369871
0.18572453101580857,-0.037216370181243588,0.210144500196003,2.899724629610842e-05,11310.039648322303,-10606.444554212861,4.2215042132480765,-33.879176217831173
-0.18565574801759605,0.036965002319836272,0.21017533802288385,2.5373566472567634e-05,11338.770385190275,-10603.994663664951,4.4074208701815412,-34.073855716025911
-0.099947773025580056,-0.036244123300549907,0.22344607121972196,1.3307008505534135e-05,23306.384061375986,-8392.5139550167187,27.651046607136482,-51.174187835248304
0.11974903598350935,-0.0059884363304232337,0.22051453326424017,2.2367636763931447e-05,22184.208722959513,-8679.6652402107557,25.146406867074344,-50.025686297027107
0.18520689043736024,-0.025404023304063481,0.2106533411165577,1.8834854138941527e-05,11710.143203834143,-10597.999064922602,4.5294314486260738,-32.20053166129032
-0.18571428571428572,0.026195222793803125,0.21056021086504978,2.6687513290686373e-05,11592.177535158602,-10604.994149405951,4.4553510384434061,-32.983548600889257
0.091432060522235334,0.0075099884208556181,0.22470680567259829,2.3006811627284477e-05,25123.072370291618,-7764.2890276089702,30.739541283184536,-51.824114969718785
0.18536965030574737,-0.0032861809636712605,0.21079953064261997,2.1371775311347244e-05,11915.63931933158,-10600.865271377303,4.7358870710456662,-32.96365889970852
-0.18604730886559964,0.0043911709005706664,0.21069775354586931,2.4802132964619293e-05,11782.30206189502,-10611.45034919974,4.2008719865316584,-32.171477210592109
-0.16674748471767303,-0.00064832755685716777,0.21355650555632597,2.9363814378100119e-05,15427.446336367211,-10196.077834016876,11.059469152838531,-40.244725279741836
0.16730621136746324,0.0010455105914126098,0.21347378717699436,2.9638506222110993e-05,15328.888737910467,-10210.744492301415,11.007526867770883,-40.356452018951813
-0.1759621022946575,-0.015869635337551678,0.21219229958473856,2.7339370753718115e-05,13648.704161755995,-10433.428893920158,7.6162852573111657,-36.62737164887443
0.17602590495113923,0.015389453096440749,0.21218285372719231,2.3920327973190972e-05,13650.833188536062,-10432.536439923091,7.6386898342460361,-36.405946390217444
0.090585008395318828,-0.0023840313152230881,0.22483221007057044,2.7804282563383858e-05,25216.460659148594,-7737.0609412247877,32.396620907280521,-54.262069596967208
-0.081360199711893788,4.7110820216073772e-06,0.2261979248153812,2.6426654142183848e-05,25992.728093075755,-7473.1917568698545,33.369474092474171,-53.964403758632301
-0.16617796427933892,-0.012425764535239711,0.21364082193477854,2.7669647789756097e-05,15439.960122135353,-10192.661269771723,10.86382506168826,-39.863034754288144
0.1662546845508133,0.012716820580738442,0.21362946364979135,2.7708861474708765e-05,15422.061055132664,-10195.554236890745,10.858553959676534,-40.046543194303688
0.13808674035783572,0.021999915472701224,0.21779967227259742,2.5689327846894622e-05,19524.710277035214,-9383.056395062591,19.171810149407541,-45.573651140093894
0.10056050965809205,0.01000798222136383,0.22335535676889426,2.5287413378519966e-05,24228.629746824525,-8058.4156240219381,29.473365127613846,-52.102652185564359
0.17717442715941786,-0.0069562251659541904,0.21201281727782864,2.684168924173204e-05,13527.721643668596,-10448.991858212878,7.6373668998812185,-36.74426070316531
-0.17723039784270639,0.0070890117516901703,0.21200453092847793,2.6373843347677351e-05,13519.769084059986,-10450.31169903111,7.5719647280405162,-36.753407427392787
0.0799980235785515,0.00644318378000539,0.22639959230726939,2.0175788052061892e-05,26058.8980172749,-7456.2954137577699,33.487717529779296,-54.494819902061593
-0.15700200798370595,0.00061811429908187158,0.21499930417985769,2.9463724414712518e-05,17037.792826078938,-9918.0776046925894,14.335262426518334,-43.027194527144061
0.15646192860063046,-0.00088158437670105732,0.21507926186810325,2.3295067988929668e-05,17121.837635759486,-9902.5861620993783,14.626640296292837,-43.582717866696804
0.12836139123368301,0.019431752182357185,0.2192394910431647,2.938318047606745e-05,20870.021636983205,-9048.3460736708093,22.397710882674524,-48.400044509470369
-0.18604259876552462,0.014805573127434557,0.21067314155940239,2.6700284713782134e-05,11699.319664068762,-10610.334280140762,4.4921072843309169,-33.223436777278849
0.18605702361957371,-0.015594785754177717,0.2106615600232172,2.8293487040123423e-05,11691.352615294209,-10610.210175517474,4.5208169103029068,-33.080313378097962
0.15697407294752683,0.0094586070641806443,0.21500343990690807,2.7229565373923676e-05,16995.829447692155,-9922.5229349847341,14.313298952926516,-42.547699768657203
-0.15675036976857787,-0.0095193072842857298,0.21503655872166469,2.3331038003540203e-05,17033.291814895427,-9917.4853640153251,13.851812081491092,-41.787567410205568
-0.13825983838772207,-0.016151669848458654,0.21777404545042403,2.5558892574401158e-05,19651.547628819641,-9352.6221353804322,19.44237878503073,-46.057498452720253
0.11891159271552522,0.016627998097337428,0.22063851508958504,2.6134228696126551e-05,22112.280806720315,-8702.526359280273,24.704050749388859,-49.033422109873342
0.071524885578720679,0.0027449063118855383,0.22764663836803839,2.6902032977222191e-05,26689.761411320778,-7236.6926337230461,34.318551358480107,-53.832072794282439
-0.12845394502071494,0.0081676180851312369,0.21922578863740483,2.8698971202799371e-05,21088.592066759495,-8984.9939225266698,22.639409275852277,-48.351995323228664
-0.18552637442953346,0.046725153078747694,0.20961832677841979,2.2178657488672966e-05,11037.444466608751,-10602.132701670298,4.1295138813566146,-34.196399364801195
0.18544535634163739,-0.047090584551527079,0.20961692524965123,1.9903051016432163e-05,11043.735149754641,-10600.583815644371,4.0879387773840374,-34.164158530525896
0.10951579318527604,0.014446314106939577,0.22202954469226974,1.8360967347728633e-05,23225.588954000781,-8372.0359003169051,27.066510193712517,-50.246222601807382
-0.099782189529276852,0.0058062880703812943,0.2234705855300084,2.2868638077297615e-05,24370.476753109684,-8006.7367881017444,29.248039841547662,-51.164380129589915
0.13822244778467663,-0.011555766819653689,0.21777958105551343,2.7354557273378e-05,19754.282348055116,-9324.7494162294024,19.28053515274414,-45.367411652929434
-0.091180931616370448,-0.013843973345705272,0.2247439848121727,2.6627883441402733e-05,25024.768084965443,-7805.4537626519696,31.254570573387525,-52.818348523007536
-0.15770797883893939,-0.041332267251932231,0.21486886936372016,2.9991789953500032e-05,15897.534602977898,-10109.057819738129,12.630386123576494,-40.83003387972073
0.15691543898359556,0.041741483945102971,0.21498744360360206,1.524376757556555e-05,15992.851016033257,-10095.980475077526,12.230826920604233,-39.704128634261941
-0.16682219158664296,-0.023246144933843766,0.21354544535161149,2.6511290805891579e-05,15114.604336286702,-10237.267632933022,10.395725330841575,-39.235965728440924
0.16666666666666669,0.023395680759960825,0.21356847050949673,2.7694345820213004e-05,15135.392726178206,-10234.927131656446,10.357315304489367,-39.456965106707166
-0.10993554294673555,-0.039751300805964618,0.22196740156735204,2.8559809191726801e-05,22098.651847234425,-8745.079800384794,25.411275508626286,-49.800041106613541
-0.080952380952380942,-0.011009426448740318,0.22625830157897497,2.5983392730518874e-05,25924.460674217764,-7502.70778916569,32.852764486436307,-53.309889617083869
-0.11975903813953512,-0.044097122581467051,0.22051305246475333,2.1913673932188716e-05,20747.25369762614,-9113.7968784433015,22.470707452893155,-47.925208963019571
-0.15682647917166354,-0.020061409951401751,0.21502529087453853,3.0784847956318465e-05,16816.284085705527,-9957.5085913121711,14.080427060318355,-42.91662284796206
0.15662732987952041,0.02027686946094464,0.21505477453474572,2.909746244783151e-05,16847.11920860759,-9949.9929487670815,14.060019715684859,-42.523875213586592
0.080602328263088732,0.026497275722632923,0.22631012618972121,1.665009489933575e-05,25460.362148455079,-7692.168176356643,32.033906486657976,-53.350689207329104
-0.11892846823879667,0.010778568458349961,0.22063601670162392,2.7210039122098694e-05,22230.079319943608,-8666.0609235077118,24.896861510056482,-49.227395071659224
-0.13822249105909246,-0.047879737779595935,0.21777957464882144,2.8009536474370745e-05,18244.212526456882,-9691.2796226503942,17.288257498532147,-44.314638752928524
-0.10078870325083024,-0.015997046208036565,0.22332157315722612,2.6324324221317729e-05,24086.377626229638,-8107.6811287585369,28.758826720736021,-51.016135423941535
0.090579285094309639,0.029139999287722415,0.22483305739400508,2.440627955986151e-05,24537.03589423369,-7994.3063672945582,30.121313673876209,-52.326795552253621
0.10988219113454085,-0.0087286456118149374,0.22197530019799872,3.1176359562184911e-05,23278.208677049806,-8355.890880794781,27.509044978761921,-51.281763237042817
-0.13747005660299794,-0.027787577486290033,0.2178909710871062,2.1058879571853368e-05,19403.702559794732,-9416.5473108954502,19.049587067367728,-45.827168083187061
0.072894057834416909,0.023500805235035543,0.2274461024229758,1.908177704702808e-05,26142.291845209897,-7454.6278276544053,32.934955464473568,-52.461216129146898
0.16694075624382168,-0.0097568592677745765,0.21352789208779002,2.5845578774497479e-05,15342.40202346172,-10207.119339237697,10.976643801008104,-40.084105758943792
-0.16666666666666669,0.0096967581735361991,0.21356847050949673,1.9649700313706901e-05,15388.109898598233,-10202.076514580151,10.872176873219306,-40.210166186960812
-0.071900695094646999,-0.0085859509721139052,0.22759159539143245,2.7437183615154668e-05,26599.756296940472,-7275.3244711517027,34.631082677872257,-54.664379871729174
-0.12892581894720742,-0.024761321251444181,0.21915592863258321,1.6782926317153817e-05,20622.422234087608,-9116.1312719141733,22.689961543782587,-49.21470722058951
-0.071162718897384514,0.0025744370267037271,0.22769968314557446,2.3912546074487543e-05,26720.34404204267,-7224.4687522002187,33.956753031781879,-53.11289137794023
0.090647555528191176,0.018437674917803949,0.2248229500908201,2.7225606867263271e-05,24946.322548914639,-7838.3019076697128,31.24926049738816,-53.059381013205183
-0.11862556132023215,-0.021545774937823291,0.22068086147393146,2.4497015347288012e-05,22003.609232139785,-8738.0449765428257,24.307017107824496,-48.658538113621567
0.10055285384504549,0.032551016328278358,0.22335649019692733,2.9398108256899822e-05,23448.397552858001,-8339.7050003040476,28.32820097084387,-51.941658524210943
0.042962875639909956,-0.12434826896631315,0.23098049316387761,8.9618436449287825e-06,12912.776562123148,-11837.340689506404,2.9189836554608455,-15.381760597077383
-0.11070718191324982,-0.018311540678624741,0.22185316193914892,2.0419115855578629e-05,22982.617391304469,-8453.7339370544942,27.14124519122587,-51.310252295740163
0.080826234791398041,0.016027176939561461,0.22627697726949256,1.9908679832646273e-05,25820.355875652956,-7545.3399475809601,32.624845147146772,-53.216758445052456
-0.15646632548205811,-0.031957067536931519,0.21507861091847352,2.5912564994416475e-05,16497.345346497154,-10012.38040938662,13.317672387370273,-41.585706159242768
0.15721630913275991,0.031921012298100529,0.21496757731709695,2.9858756122049796e-05,16385.522351476735,-10028.964821204003,13.588675726717801,-42.103600335327585
0.080391007365215664,-0.0047674318508024944,0.22634141183216824,2.7098360644593149e-05,26056.999999522232,-7450.0250378276132,32.616994326299853,-52.639412749709294
-0.062227300744418575,-0.026406532682822208,0.22890047970561483,2.1148673900343357e-05,26646.650556743523,-7306.6660832304033,34.54200884001358,-54.105246827628243
0.10052511301395968,0.021187404977865986,0.22336059717229639,2.6822659499055147e-05,23952.094205516856,-8159.1805515834549,28.656845463766022,-51.41147032725177
-0.075152919183905098,0.12332269004600736,0.22708512409011075,1.0862924279065619e-05,12183.187740048479,-11660.060584189578,3.4379096645911633,-18.54977065498214
0.11033242703268274,0.034746689300494252,0.22190864366062896,2.072214770170696e-05,22344.643547976666,-8665.2106582945744,25.736804037511334,-50.162655665303554
-0.090126120939530069,0.0076406119218604077,0.22490014745399886,2.6238611869926598e-05,25237.726767866978,-7726.5656469395017,31.091673456267056,-52.398661324896629
0.12023460265775845,0.038272067044815873,0.22044264607509961,3.0017415190794113e-05,21052.747365304327,-9021.398003322056,23.011805381945823,-48.348498337633323
0.12950869219604766,0.039955192514170984,0.2190696353968517,1.8426828852442975e-05,19850.111008343152,-9322.8379135981395,20.060753887130055,-46.063467552192208
0.13910026934747916,0.042369199300597321,0.21764962130320045,1.8487370273948714e-05,18471.889941460035,-9635.4797848674043,17.503850985627693,-44.375920044000779
0.13910703570798147,0.031686198672284692,0.21764861955686365,2.09844260616402e-05,19022.351245081936,-9505.1044876041233,18.317562860022793,-45.012946598065341
0.12792550304042064,-0.013845948840633407,0.21930402343110431,2.1701592804193528e-05,21063.509565245287,-8993.4714016429771,22.728417870383705,-48.533237004517616
-0.10112062338974113,-0.027013338921575012,0.22327243303482716,1.8949409667931771e-05,23666.67881778727,-8257.5776578738951,28.345274382698754,-51.235619122249361
0.12848111748685573,0.030624321462322326,0.21922176580734568,2.4274948295497657e-05,20462.624364052597,-9158.8060315928924,21.027105133800667,-46.465969465374386
-0.15705881776993805,0.012419385440024942,0.21499089360296994,2.7868029904337482e-05,16938.961436662685,-9935.6821519518362,13.885158908585211,-42.253458554342217
0.15689283476909274,-0.011854970449191787,0.21501546705911645,2.2382864712448953e-05,16969.663843799368,-9928.3388690419561,14.433559653445592,-42.93621405628604
0.11898681142877161,0.027435227771792668,0.22062737910733415,2.3656893969347044e-05,21746.295660550455,-8816.1125366268589,23.865346702388262,-48.480215071947349
-0.13899345812056019,-0.03714737533109954,0.21766543449483627,1.9426072107168198e-05,18779.644949859841,-9562.5763285547037,17.889185074898538,-44.286057009346315
-0.12924561372061213,-0.035541337287870532,0.21910858364665015,2.0340217938195145e-05,20125.25370978783,-9250.3672623978564,20.407527938755351,-46.011488599207851
-0.11968292009970029,-0.033319082271973714,0.2205243215905332,2.974528498430493e-05,21379.319306044075,-8928.8176427721155,23.502775488099118,-48.848856418065715
-0.11002063529149013,-0.028892886416204147,0.22195480381341587,2.1005186072768172e-05,22669.78442628188,-8559.8382704872402,26.165125636478226,-50.348851916840111
0.17631396716766401,-0.018550166479192703,0.21213479084804293,1.9361400763190306e-05,13540.652617472419,-10443.525056579721,7.3442357573460733,-36.073700442501959
-0.17654887752156767,0.01747747416511853,0.21210542866884405,2.1808906482942052e-05,13515.651135662298,-10445.966946075036,7.714818011424013,-37.055528741428965
0.071060352268475471,0.014034097377382065,0.22771467628364433,2.0708226419545448e-05,26550.995637419186,-7298.9458516023988,34.22646005057296,-53.985771472285947
0.10928097518394701,0.024203015914766663,0.22206430903457403,2.335827676715827e-05,22957.500271512668,-8463.7598589580102,26.261356477883481,-49.625458699811347
0.13294860718625839,-0.03970157606326781,0.2185603627621284,1.3166193885608415e-05,19430.776252952051,-9418.7709912303653,19.428352960022163,-45.360236478705403
-0.096536781012671921,0.071976032810659757,0.22395106186465863,2.0092033101530201e-05,20415.131034300361,-9380.0036440305921,21.666954184195546,-47.125696174707862
0.099847436026875666,-0.011367940175963686,0.22346092591463035,1.4010227842294022e-05,24280.392635810411,-8041.9637444909049,28.852023130342108,-50.982531149132235
-0.13760875664675803,0.016662463942906436,0.21787043681898538,2.8302761861688843e-05,19728.255498639744,-9335.3920084449364,19.444053806389409,-46.161123995139533
0.18527813058053677,-0.056133528157360398,0.20891719748560031,2.0297746428484172e-05,10674.522668727419,-10599.74293573909,3.9731458090241634,-34.985056240647637
0.11081280891696224,-0.085329859517145279,0.22182736861469884,3.1355033011389927e-05,17439.502683074585,-10093.076795095483,16.30650262756906,-42.913497574017192
0.11887400221936342,-0.01670757939020345,0.22064408028845633,1.9106023609336525e-05,22112.174145193738,-8703.1874282575682,24.66680654962903,-49.038752678841917
-0.10872624790751939,0.013055535020248046,0.22214643531456146,2.5286248851345551e-05,23338.590777021866,-8337.8802372052323,27.259373800532202,-50.59058949222549
-0.12907160846518048,0.019398736685244881,0.21913434478177746,2.7030928845307676e-05,20792.053021976564,-9064.6278050255878,22.289727519493216,-48.011262648151266
-0.162704143208666,-0.12293653956345107,0.20629623816700202,3.1046672230938782e-05,6933.1463887443379,-10756.615824037444,0.47833486044197132,-25.790070521244495
0.1624984935792452,0.12399246392896955,0.20617424860685635,2.2195337511267093e-05,6746.141301182789,-10757.093285006924,0.32307877123865253,-27.311987922148511
0.072252740512342983,-0.0084338722412788721,0.22754003302574111,2.224715222890703e-05,26575.531619157555,-7284.3207572385245,34.953170304358629,-55.250462766956439
-0.19135935306305629,-0.055715994696730144,0.20748006571240571,2.0931831346181044e-05,9539.3026198265743,-10622.237606295803,2.0129819600563654,-33.328652752071427
0.19126448698660811,0.055655580624387947,0.20751019657831765,1.9903870781866172e-05,9559.9314037556505,-10622.388780006011,1.8547484871274758,-32.709091367366632
-0.17571166872906047,0.028941354852947437,0.21217545695504239,2.7398517212767472e-05,13417.718867806949,-10446.46109092553,7.6285584771756865,-36.582208979546657
0.17570528574988914,-0.029766774378675337,0.2121533849520861,2.827267579548181e-05,13393.783241122197,-10451.1575491884,7.2100659333779955,-36.560207231883659
-0.16722008450216266,0.0202968858262823,0.21348653808965845,2.954191545625053e-05,15120.994005899272,-10235.297506983447,10.742570688384189,-39.528279728171412
0.1676083423099449,-0.02052669630799903,0.21342887043562342,2.7365668676372201e-05,15047.732197731677,-10247.075432019867,10.569430519617113,-39.786621565310227
-0.081275370434321648,0.011417664390981489,0.22621048362273946,2.7604594912556655e-05,25904.097696322628,-7506.6875591511389,32.038292583006012,-52.112974135813907
0.006975480579007055,0.12660209142550402,0.23282882102545077,8.5854077620818107e-06,12802.245416713764,-12001.425218423536,2.679394983086286,-14.065918745118624
-0.12356313127899003,0.036578799654395998,0.21994986397277716,2.9220924230579355e-05,20761.000763182376,-9092.9004742716697,22.010594890868049,-47.471779541951193
0.15660837456514631,-0.022852261491862945,0.21505758083168058,2.265306060943457e-05,16793.113507401729,-9958.1312164667124,13.463508690619825,-41.1583365868984
-0.15763467820619309,0.023428971796090672,0.21490563860032041,1.6064924640179317e-05,16594.64208843268,-9995.9746154351888,14.154564072090329,-43.608092478758699
0.087259247567952253,-0.12946087207160911,0.22503703249237825,5.3127793328113697e-06,10264.604764458551,-11758.416826565877,1.9139112660221833,-17.81868015007662
0.083017973084072327,-0.12373186173695158,0.22586533360911015,1.2005602634766148e-05,11781.496603427377,-11625.917721375516,3.2054893316955413,-17.767028230696159
-0.0043630356795421443,0.12859957646232173,0.23287473558914545,5.604258676604969e-06,12308.243273609343,-12084.777416563567,2.4841825773714366,-15.205906958885974
0.088991658003823873,-0.12639341416213723,0.22479137057542839,1.2108326724337113e-05,10914.76312990859,-11663.824299935892,2.7646181115714668,-18.172800638450759
0.090170177632570292,-0.013825504707555933,0.22489362494742365,2.8811641976501963e-05,25107.708135799676,-7779.9488918918132,31.468982994104952,-53.165311354602622
0.085107257806227896,-0.126675714219638,0.22552092573499086,9.0379561317993568e-06,11016.301353284125,-11702.491995760009,1.9198376193777738,-14.882566587334718
0.01247547660096677,0.12627920173928159,0.23273215681725157,4.4659890297526481e-06,12864.251659013202,-11982.548924047534,2.4730550751779661,-13.715294570094265
-0.039734941722708604,0.12598796546340765,0.23126315593925423,8.870104889319474e-06,12575.530154636353,-11915.769804252253,2.553779733957068,-14.612042638493262
0.0071588123511265589,0.12363872667374082,0.23282559891028576,8.7511464044121427e-06,13552.275047371941,-11865.899410591443,3.6402784871095464,-16.603031689934255
0.002391034345253788,-0.12654961595708872,0.23297817344245891,6.8746277340423248e-06,12823.307967959667,-12002.24602618475,2.3718111389217693,-13.161469077872871
-0.062870788165187957,-0.0055405550122440486,0.22882187579024213,2.8334053276708972e-05,27197.140575286652,-7064.2527804698275,35.323183561161841,-53.894723098180876
0.061910306439396504,0.019950022844544828,0.22893920150921407,2.1934031978621872e-05,26931.445026230915,-7184.2589822117852,34.610307758945879,-53.594876457586075
-0.0062169979515375035,0.12633139575613125,0.23284215160284108,6.333430444886249e-06,12885.416650499417,-11988.360245392983,2.6204895314947128,-14.410257083576663
0.0063960920650143142,-0.12647467799201767,0.23291230533447616,6.5948961555159632e-06,12842.322795774886,-11996.21345334382,2.5062909044740671,-14.212108135098875
0.010165142939444861,0.12585268472364158,0.2327727616782688,9.4990470691609892e-06,12980.157774199613,-11966.98207639372,2.5849375209355285,-13.970666956207374
0.062553589601598958,0.00010733104662435369,0.22886062254463693,2.7271044399357763e-05,27242.432002180169,-7046.7347006251348,35.305720634555634,-53.910378243390234
0.015930953162053268,0.12178549908834603,0.23260236670732168,6.3087434032963212e-06,13984.993793257401,-11762.929513054914,4.1579479269954174,-17.609079272453371
-0.10016226399310528,0.016876811457580788,0.22341431625471067,2.7992919496989886e-05,24117.804242780276,-8101.0338476104616,29.262196308596721,-52.043682376452658
0.17572013951330573,-0.039585655729178333,0.21195953009685833,2.7620470240625166e-05,13069.134807589999,-10470.142795683596,7.3739165877350858,-36.744693594314676
-0.1754674729987912,0.039420582175706931,0.21200708767567708,2.7096683409758579e-05,13118.361989610075,-10465.973583103731,7.4387863984042335,-36.863118671873089
-0.041972764201239979,0.12627606798218435,0.23106675357933482,4.4373981968716349e-06,12458.620532530027,-11919.59295339545,2.5836057649739765,-14.165430951487011
0.062584430610898301,0.080790206773113188,0.22885685522299748,2.2678558305082401e-05,21393.893853254493,-9349.0026041169331,23.160967586523832,-47.480472435387391
-0.059852688394615022,0.1206283392101905,0.22919054571492986,8.8869291065197622e-06,13384.100598820782,-11612.359731321349,4.4597634947860358,-20.055603853059875
-0.0081554385041380777,0.12617693914558273,0.23280720588039719,3.9363530119863809e-06,12921.742325385907,-11979.627425837009,2.5882486235469648,-13.758439511816521
0.18590012364351835,-0.066703499641474984,0.20770650501725199,2.0890432937099163e-05,10017.268967356427,-10596.931811500372,3.2281291628299265,-34.028991687276175
-0.18588007604341764,0.0689017615805574,0.20743043296469929,3.698236395206577e-05,9884.2701364869117,-10597.10456520753,2.9445240592297295,-34.699242622772466
0.0084265641380569349,-0.12618194527664026,0.23280331776277452,3.7742790842498814e-06,12911.652185667917,-11981.408287705166,2.6915067270153186,-14.371151575914876
-0.062863401566193189,-0.016004402021571957,0.22882277808542853,2.1439569910583853e-05,26989.132758622593,-7158.5010502113364,35.465319181494799,-54.804959225347773
0.10928633166846209,-0.018658578759618075,0.22206351601759841,2.5449897485635153e-05,23134.330861687507,-8405.8492868438789,26.981534588858437,-50.612074987018516
-0.05188375643760211,0.12127126225919949,0.23010169525688318,1.9819389419681995e-05,13473.976986770822,-11665.871985742422,4.6265033345344477,-20.882726336025332
0.010280344393125838,-0.12677404859231864,0.23277073697547646,4.2967737262582026e-06,12752.606994049343,-12005.632785539148,1.9833391147564616,-11.582150443217293
-0.043705293970113669,0.12907759888602308,0.23091548129216999,1.2865244760884586e-06,11726.471862344482,-12018.32790164642,2.6606950721630596,-18.901280410760457
0.014095338271373497,0.12637516837142312,0.23264052229854126,3.4029503457782692e-06,12829.49269584962,-11984.894210288227,2.3687271224540494,-12.922979698048476
-0.13837109193491071,0.0279068823096391,0.21775757458202752,2.9107636225777365e-05,19278.961611981387,-9443.4310507869541,18.852293653792273,-45.372638093392453
-0.034278943615637547,0.12552008197356329,0.23169083887098285,4.6023288860554289e-06,12792.813792688217,-11911.706776070709,2.4668452067819158,-13.547450029131292
0.12798657504120928,-0.024481218952137319,0.21929498184175167,2.6819960809037497e-05,20768.323792069237,-9075.2499814312887,21.755692573436544,-47.287076144260709
0.011050137769140319,-0.12883451380446262,0.23275720760802379,3.0166115042278911e-06,12222.099545027619,-12089.53810431013,2.0874668450033926,-13.306655883497715
0.0043935632051340509,-0.12651214697455318,0.23294523938846756,3.3185737185550294e-06,12835.840633010477,-11998.850406373473,2.4672433090117645,-13.392950011509122
0.0099587192013050919,-0.12734339059133459,0.23236877530732747,7.0942633801582943e-07,12626.133072200739,-12027.422177608878,4.1706421667237619,-20.153367825010235
0.11367080166605401,-0.033292967948544507,0.22141440387561431,2.7221984147657681e-05,22065.115363170506,-8740.5676185169359,24.482672608969079,-49.11631335031818
-0.052803994212819658,0.1291443539474707,0.22989915333347807,1.1749793030956196e-06,11503.050245039913,-11979.937524432833,3.3220555476633837,-24.920901123875783
-0.060004344235785982,0.12677669381189374,0.22917202049979679,5.3456348773689509e-06,11872.035122277159,-11865.395787080923,2.2107381324260764,-14.321039228123196
0.042837781091068977,0.001584996653078782,0.23099144740682895,2.3231375944784148e-05,28178.595626237082,-6716.1997652874561,36.627497922715648,-53.658181574554909
-0.042956246742386399,-0.00091423206228104324,0.23098107364124174,2.4554284745333963e-05,28172.087468748352,-6718.5975414855784,36.938778314430927,-53.954469989023458
-0.14758070141252402,-0.080406765287035595,0.21554799646905806,3.1605836867968905e-05,14303.389996618682,-10396.299572276941,11.170963068122097,-39.661679673120851
-0.05745026078462976,0.1292091039966923,0.22948400944156902,2.1364382574190405e-06,11345.7429522682,-11960.812993367132,2.2507294412022536,-17.154397113730155
0.18689915579404989,-0.086969496664724755,0.20462933552609283,2.2711989852382155e-05,8427.734172881952,-10562.122880658528,1.5415800835949018,-33.260156550559998
-0.061943610939035956,0.0068975319184871129,0.22893513326485262,1.9062815835038165e-05,27244.91299613197,-7046.0794819129324,34.417756697456802,-52.471762383026196
-0.16693245208289292,0.03298722296127346,0.21349914421538543,2.0054832946300923e-05,14796.635680135774,-10277.080825587174,9.8939518283252728,-38.566351123321752
0.16581033981084722,-0.03087842790244652,0.21368772073005837,1.9121595214989098e-05,15058.833722605106,-10238.048607392042,10.705858478787791,-39.064266708337691
-0.0093222218223885864,0.12710837921679291,0.23278757628941202,2.5260466090198109e-06,12678.982098558494,-12019.317697027231,2.4591597457276899,-13.880202353577619
0.093760744910262706,0.096046028629517305,0.22436204853845268,1.5133658959966546e-05,17069.449576464573,-10378.398614999176,15.19769861542072,-41.622378838386666
-0.047680009516705493,0.12260835896617413,0.23054860557839418,4.416454626015108e-06,13250.536642333056,-11740.914606587421,3.4717943212781659,-16.731770497818083
0.010766836178284462,-0.12299240073837354,0.23276218672507265,4.2976994251371866e-06,13717.551449910367,-11828.013259310119,3.3441250828167219,-15.394561495795861
0.077223846427832213,-0.12373478954082846,0.22675942006833955,4.4753609352450007e-06,12012.933795786275,-11662.386019994128,2.8278458683144927,-16.115985855997579
0.036485670594122888,0.12877439030731638,0.23154768716533131,1.6571097890307573e-06,11943.714745825848,-12033.953852031875,2.8895792692566626,-20.03335518628159
0.056981100563381529,-0.12553544517777832,0.22954131876749673,1.3139260820054697e-05,12263.060808774233,-11832.541047585879,2.7203329488005279,-15.304351629672192
-0.048379805758666877,0.12908357356379341,0.23050308176744311,1.3477929541724105e-06,11617.191691979719,-11999.15018020929,2.7283838199906403,-19.378957219853785
0.18549489681987566,-0.076677648524797554,0.20658230311594392,1.6762892916301326e-05,9424.3337218554716,-10588.290188373643,2.8793652373878165,-34.517098059804589
0.012476154940167123,0.12333155506053556,0.23273214489522084,6.1152317157731144e-06,13611.363224331255,-11845.918465654377,3.3076021206480326,-15.394776377389956
0.082938993946895773,-0.12683997053981641,0.22585318045019714,4.3363812160562491e-06,11061.612120265492,-11723.989448928187,2.0697073967088699,-14.993863207286592
-0.05548261913273822,0.12514857208656879,0.22972436276145863,7.2128046566787738e-06,12401.747629554633,-11824.217810191365,2.7498568966440784,-14.984095880363101
0.081751030082361217,-0.13,0.22602070879547356,1.6608988995862683e-06,10336.485196033465,-11820.247254830349,1.4548069775650996,-14.464673020013361
0.082187610167440486,-0.12834369720101957,0.22595503293004715,2.8211673377656854e-06,10728.655818672853,-11772.683928141467,1.6825011397609413,-13.932334636015305
0.015268013593000994,0.12737050924665985,0.23268307707680738,2.4308538177627307e-06,12566.453165677352,-12025.865243082304,2.394180712554117,-13.869181143159858
-0.04298178496214225,0.12759406432021178,0.23097883731786598,2.2747505467649442e-06,12110.735372000794,-11967.294638674306,2.151184481957471,-13.584027588539611
-0.052350397651164476,0.12799549467694105,0.23009846076952004,1.5496643147706425e-06,11794.548575749181,-11942.527269838723,2.6947494078718996,-17.078182540120395
0.027110545351402178,0.12844418736062707,0.2321242821271306,2.3576763620510951e-06,12174.035982386233,-12047.465205145618,2.4866452417931435,-16.429169896448037
-0.061791209008903711,0.12901403483098453,0.22884369560172019,2.9406388444687545e-06,11270.054868337726,-11931.201176755294,2.0510778675045462,-16.521602523349024
-0.048414100710556913,0.12427504333215296,0.23047835251850393,3.5015759741829713e-06,12812.632260822431,-11813.48528511579,3.0240842503022693,-15.530171486406697
0.078256248514532001,-0.12826333775169385,0.22657552758359989,3.4806781902058462e-06,10894.042556029526,-11801.035664083747,1.6814516674176669,-13.713673226784378
-0.044667716688852332,0.12404666272770781,0.23083076276626482,3.4337032701698975e-06,12958.28283396318,-11816.054755021647,3.089872251042082,-14.839729201296853
0.019138350839697935,0.12512567032904884,0.23251403760798611,3.0585642432910081e-06,13102.250424261858,-11923.333061322493,2.3724943800922902,-12.260262857174709
-0.022196616352515519,-0.12887441892231483,0.23226573249310845,1.3121070005970001e-06,12127.911470528294,-12074.4934599274,2.8557697163282842,-19.039908936610846
-0.012898992439962738,0.12721131013484499,0.2327247133894613,3.3088115079791514e-06,12636.521925399555,-12020.335140851223,2.6712007064366388,-15.94802909199011
-0.070830684632660387,0.013814268531711355,0.22774831457583647,2.5971445189655864e-05,26585.049183139905,-7282.6294863841258,33.264576206848631,-52.397201074951461
-0.011167113225999207,0.12710661605166385,0.23271496561225158,2.47675633490755e-06,12669.51371890896,-12018.11435680405,2.6330897389013561,-14.927912319146547
0.073390475983925355,-0.12141362198797752,0.22737006556233894,1.3367507673069737e-05,12716.315200553043,-11592.486638058503,4.3316822552814642,-21.009331776586926
0.016535381300131598,0.12375847683572415,0.23259565621102163,2.8022909499094075e-06,13473.411793805619,-11861.822295864886,3.3976564782726006,-15.349307408482053
0.08095238095238097,-0.01634922272932994,0.22625830157897497,2.0373759737841435e-05,25792.328241498806,-7559.2583685913123,33.203069908094058,-54.39742562129922
0.01248107300983833,-0.12711025407522664,0.23273205845855638,3.5323541684690225e-06,12653.96525241682,-12017.808834432935,2.440865823327413,-13.66851515477806
0.030419701827914671,0.12475415434102445,0.23194743451768357,3.3680637842910421e-06,13049.850091333417,-11887.217533963445,2.6835023828292437,-13.670891293047669
-0.0133855987374798,0.12853438665225222,0.23249128613807757,4.3815268766369324e-07,12309.010095684454,-12072.224170226224,6.6037108826912512,-41.809576960598939
-0.018841307940311865,-0.12808142330822347,0.23231900247308246,5.5187960887900579e-07,12378.496692871311,-12047.116795313967,4.123824595629662,-25.104516839969815
-0.0099472059240128426,0.1285302600821028,0.23277659199177264,1.3630583696181714e-06,12314.057746840652,-12077.132633439729,3.0866948168889494,-19.276366901787032
-0.05295309001498312,0.12461187744326453,0.23000890052980968,5.7218128689414353e-06,12609.208963640078,-11811.523667353968,2.7675187040543903,-14.831546083655537
0.020021785451356692,0.12418720166306078,0.23246751184605052,2.6783218657755864e-06,13329.977111098038,-11879.368480021914,2.5671559019153141,-13.126099620715612
0.010236908857804459,-0.12476747610423657,0.23277150036905214,3.1824456957038476e-06,13261.640550489696,-11915.877693975692,2.786457602415791,-13.911411319362559
-0.058573340405128196,0.12787398986226073,0.22934682190285854,2.1412633606143104e-06,11646.093895735652,-11910.435613972177,2.26247852512771,-15.371025761333108
-0.02127572640045515,-0.12748562300888602,0.23243157074121307,2.6968587552569931e-06,12486.260191118259,-12021.560936800361,2.2481373217568996,-13.378085562779654
0.02825043812204513,0.12717747857599457,0.23206425008969497,2.5216341564847709e-06,12479.173985576252,-11994.326301877703,2.4895473690501304,-14.338327503322429
-0.090917772578438916,0.019412229296180583,0.22478294498908982,2.08287174209199e-05,24897.169104504144,-7855.4439844489825,30.263389999927547,-51.725612337416599
-0.022793847018526117,-0.12740998953106206,0.23235161947200336,2.1534842712583565e-06,12492.254461519944,-12015.315773794906,2.384336367264404,-14.34115572165795
0.032857514713911878,-0.0010832381288645658,0.23175904833480576,3.1252032053125892e-05,28497.897477909682,-6607.5887253512419,38.393309245982024,-55.453754123397616
-0.032975164326839446,0.0019434917404883342,0.23175113481680309,2.9994405226307429e-05,28497.444467220423,-6606.1931269146007,38.22817208969483,-55.214752730157386
0.030647144605399242,0.12729235060895058,0.23193802841601086,3.7773153612527652e-06,12417.374532062673,-11992.913746060976,2.4227077704676372,-14.701418778823683
0.015452143652725301,0.12870172819779133,0.23248104449633469,7.3133196187413831e-07,12235.104748554346,-12078.484741921282,3.8051388888010336,-24.403740663061964
0.01180445557021801,0.12883760268344299,0.23269563109769148,3.3533879048244579e-06,12218.456870596103,-12088.84782410928,2.3777461498631798,-15.056442445362796
0.18146266580455792,0.053666779628355019,0.2100161276333295,2.7538074186951344e-05,11472.291093322157,-10572.139170364329,5.0507242554004703,-35.806310583544281
0.18117462810220128,-0.053862366014438008,0.2100640395565061,2.0241337250550984e-05,11512.206809869969,-10567.297779926253,5.3800624008601883,-35.92069855272009
-0.18089707804055299,-0.053273912692089552,0.21017275799231816,2.2512797621556548e-05,11597.467887802946,-10565.390002656752,4.9366649949712409,-34.518516749140758
-0.18076104021634185,0.053724359822502121,0.21016731234450001,1.5602548268571321e-05,11587.902039816387,-10564.584198070459,5.3318215840976775,-35.689471890954707
-0.050149068447544277,0.12647275945094674,0.23032189393746128,3.5595279390243998e-06,12220.702600920151,-11897.07470409113,2.237020954619902,-12.961811732770359
-0.016569119020076031,-0.12514439378598413,0.23261119043292125,2.7791589740837699e-06,13117.190261234015,-11928.467511616451,2.4219715249360445,-12.260221953699913
-0.10519379186846135,0.030441083427770389,0.22266940846918157,1.5146313168649359e-05,23094.314782261903,-8439.1283702245491,27.954726476319212,-52.196357248713745
0.0122929510821553,-0.12353700504707618,0.23273536476225398,2.1214068355677853e-06,13568.25435383782,-11853.912916613797,2.7852941108633154,-13.184801369688628
0.080124112977134537,-0.12834013210649048,0.22628322751710922,2.5179437555178231e-06,10805.657748146068,-11788.948381557442,1.6869830895520674,-13.50186161834387
-0.047370397408772233,0.12760911447503312,0.23059453658370091,1.5492431160272421e-06,12010.536366075688,-11950.662673962534,2.2687075123025537,-14.45894125422223
0.025889757714800756,0.12709923110957799,0.2321885744632072,2.1954002572118435e-06,12528.269546009507,-11997.06726036785,1.8279937271200766,-11.278884465210286
-0.019443949274005671,-0.12778553492922257,0.23251904432310014,2.0165610779783786e-06,12433.956268527103,-12036.035792134688,2.3444454793511813,-14.625327793872716
0.013479684051782391,0.12517259246573542,0.23269223885407497,1.7229474225556722e-06,13140.246213243663,-11931.374353164514,2.9141009206228126,-14.070020927967271
0.035323596228341497,0.12776542844738659,0.23164452824031448,1.7337702465830919e-06,12216.311401483068,-11999.642775258151,2.1502103141184734,-13.532557337957787
0.021477449827540157,0.12825236543781671,0.23216030914640251,1.0110983939085988e-06,12302.513886515755,-12050.11792931086,3.7539311000462079,-22.986572829469647
0.033200398966594213,0.12835884828793409,0.23153645893819907,3.8323415808967466e-07,12127.187903098953,-12025.208869937944,6.3237464053517876,-40.247941462943537
0.018472196113824682,0.12796470099533305,0.23257863248893512,2.5177516895782671e-06,12390.054501837549,-12045.47813774801,1.9226924895132782,-12.22398253364315
0.10081580572434762,-0.022561291548664097,0.22331756068943695,2.2213679841085664e-05,23874.56514593431,-8183.8890470856795,29.011350847427444,-51.791592901253168
-0.04508790327884702,0.12805258695932378,0.230794409363657,1.8048070822703669e-06,11955.812875863279,-11975.841199383371,2.0456133916305346,-14.14028374801295
0.013372310705126117,-0.12588633432858815,0.23271461018315195,1.6003908886671892e-06,12956.560772668972,-11964.536746389645,2.3218385275023414,-12.326851529431146
0.01852195481649432,0.12638768004475051,0.23255787274044165,1.5331587878920664e-06,12784.475783164067,-11980.699112862647,2.2635174059893757,-12.378225218507879
-0.049445133142796666,0.12765395392290357,0.23040961199150564,1.9975767498251968e-06,11950.259780511908,-11943.737682138491,2.0597992329394805,-14.035762742063254
0.025786718117408566,0.12757220432088928,0.23181558469718638,3.7178683392326117e-07,12426.265835764498,-12013.95865868235,5.3129332384028078,-26.654183237177165
0.020188155476139964,0.12844055738913274,0.23248884726767582,1.3310601915394998e-06,12260.777284478167,-12060.348128619946,3.0657587570701659,-19.595112705116964
0.024664199909182748,0.12729489589274917,0.23225311801849696,1.445444147584092e-06,12492.244900907224,-12007.773265175336,2.2774042584980849,-13.380375965371801
-0.017921532971588848,-0.12770964645951041,0.23259481917546193,1.9317246715032247e-06,12465.8202173348,-12035.51356468413,2.3005873466583124,-14.341339327286574
-0.01802785082520254,-0.12479272045980383,0.2325559214513927,1.8567071905142602e-06,13194.016886202569,-11910.526647156603,2.5259344980277549,-12.884391401636705
-0.015685870102986235,-0.12898282105110442,0.23266935424472396,1.2966573290903836e-06,12159.347712752817,-12089.274781877264,2.7223470378970287,-18.156467281246851
-0.020088899062669075,-0.12599671253653183,0.23249407457052629,2.6116686941005069e-06,12868.989038565216,-11961.721536828651,2.4035190402881206,-12.947402858461288
0.030619242904258402,0.12803857602942198,0.23172882383654286,3.1457613405089599e-07,12245.049292377402,-12020.155970820135,5.2661060252142082,-31.188733900002635
-0.051123013127508665,0.1276823897501547,0.23023497214670227,1.6336240899724984e-06,11900.500427988396,-11937.476102633418,2.0951381033307581,-13.764673052833681
0.16953792874975643,-0.11266418607852897,0.20589449331335438,1.3924556039425938e-05,7882.1113481042166,-10674.780996252217,1.7479776399904525,-29.317230909198472
0.053472239879256298,0.059736374352025452,0.22996175265761998,1.5543195789669877e-05,24532.680831723166,-8229.061041851739,28.586758296474986,-49.240018647195008
-0.15714285714285714,0.033983059873537599,0.21497845173943875,2.512430150718618e-05,16325.760358298581,-10037.997250090839,12.843972862450977,-40.384131322296433
0.15653732059105585,-0.033874517473362425,0.21506810023250753,1.9089035830678146e-05,16413.867558907001,-10022.806505427197,13.498268540658822,-41.667100659547742
0.077956721789941369,-0.12984822136618088,0.22661443325467809,8.4156492599433817e-07,10512.343989964316,-11847.240239362131,1.634388754087267,-14.94349775919064
-0.10932242859668066,0.024057660333142487,0.22205817193851751,2.4096649713704117e-05,22956.420861027211,-8465.3976466096592,26.073087303683216,-49.692201759250963
0.034104818809708323,0.12781428696670208,0.23173017380353356,9.4119150939955031e-07,12230.886267280255,-12003.980321956173,2.8487869510318093,-17.722685175757022
0.021241053663185575,0.12719761038623897,0.23243339676828806,1.9628896475917411e-06,12567.319854691967,-12008.248138117238,2.4310377933073539,-14.727949705365596
-0.044068536274818632,0.12784986583869293,0.23088367299602275,9.8040692709463158e-07,12027.326382287127,-11972.230535296861,1.9986666891341127,-12.749591768699604
-0.01733469415375995,-0.12646432552222683,0.23260032853581214,1.3150017085707659e-06,12778.12841850595,-11985.510149463198,2.2100249362312119,-11.708393189105411
0.022104870437199626,0.12635361037263157,0.23238790417262406,1.4483652767999119e-06,12765.136158507388,-11972.137489813789,2.2108529326951603,-11.957992828627949
-0.016628506489556619,-0.12800895205118892,0.23264366007297521,1.148919830354978e-06,12397.801142947963,-12049.645963739737,2.4283059866269006,-14.007688390751769
0.018163978160903756,0.12817725895469737,0.23231172559427632,2.7216030757783934e-07,12350.425974779739,-12052.708818558413,2.8249246683513465,-12.050506470882421
0.020618407239289725,0.12606346587079487,0.23246618821533566,1.2692898238046139e-06,12854.076064016752,-11961.983630080918,2.3095479594268449,-12.02033850239669
0.042857142857142864,0.012293695229553583,0.23098975194134702,2.0111039348623444e-05,28037.518281026405,-6780.9285405000192,36.820952468850649,-53.969977365704906
-0.042857142857142851,-0.012293695229553561,0.23098975194134702,1.9346737745423685e-05,28042.108828812881,-6778.9745555836298,35.670855566546422,-52.449072406612785
-0.045056291141256553,0.1289632448122206,0.23062376455714881,4.2580000865578523e-07,11733.518969098626,-12008.447229094552,3.9117743189647332,-28.643119608494683
-0.048380743938925941,0.12778282678598721,0.23050606285355932,9.3700859850224432e-07,11942.557860801997,-11952.910384054465,2.2401751732550821,-14.190800476329144
-0.16638702535363964,0.04179551237489712,0.21351249057688251,2.4498095641029423e-05,14533.540183483636,-10303.777980703037,9.8616710246170438,-38.181026860783973
0.16674035687013913,-0.041852660273320068,0.21345576099297417,2.5764965228200921e-05,14470.81944507265,-10311.334871846557,9.9909301641963175,-38.335919461512795
0.11874821891396058,-0.026405758452858759,0.22066270225892043,1.8308367264522222e-05,21819.482243403076,-8792.7321337939848,23.63454147015155,-47.750968780833027
-0.12792685847383428,0.029264342563728438,0.21930382276185878,1.9124074729297086e-05,20585.821408729789,-9126.433745002003,21.393554097540232,-46.760882949723424
0.13802385481932242,-0.031725002420859315,0.21780898235263596,3.2747904526153024e-05,19158.796073902002,-9474.8495063611135,19.047416975867339,-46.059778476768564
0.062239007610297305,-0.011405979749540196,0.22889904967689148,2.3956143281079186e-05,27146.18124097494,-7089.5443733750017,35.144046864552934,-53.717959881339134
0.13656918736936888,-0.09628892613182273,0.21688450745012153,2.1711321018742102e-05,13542.806399138499,-10620.141504043675,9.7464077569221921,-37.526220555376298
0.033203721471160137,0.0088599571349164581,0.23173576127641302,2.1687932892724636e-05,28424.738746175339,-6638.7591675789527,38.165407166023755,-55.275116247777113
-0.033225676368602207,-0.0087127732122098869,0.23173428451442601,2.2547911201115889e-05,28431.903124442601,-6634.1580931219987,38.136252433481886,-55.217968747434362
0.095480486094639036,-0.028484258473265373,0.22410744424546811,1.6120634114425795e-05,24128.162637640893,-8121.8207874388736,29.460591902016088,-52.52733764139996
0.040857273704127256,-0.12161837811474741,0.2311648758997927,1.1674588459135262e-05,13646.678324681719,-11715.004137561202,4.4002470186773852,-19.512752175182559
0.13711783590774093,0.078233009715895127,0.21767950149337656,2.009998353725306e-05,15729.903425219838,-10229.413511375693,12.964646105670198,-39.521564783013815
-0.025363860663467484,-0.0057658020113778522,0.2322162706398003,1.9311678686356845e-05,28692.213504463121,-6530.0659096440068,37.135528033760529,-53.198461322642984
-0.17548412742334543,0.068904560454442557,0.21013003455974333,2.171166228878328e-05,11574.89069346279,-10549.051486664104,6.1897233227750226,-36.334747891531912
0.17653262411707038,-0.069639732189144182,0.20978377473008777,1.3448170207133028e-05,11364.834331087894,-10559.033720820462,5.7129750967375585,-35.491372035816603
0.17163208561830026,0.050494828184441426,0.21227272227671132,1.7625763947554561e-05,13285.865094543435,-10437.179103430404,7.9930852463385875,-36.494681350617988
-0.16725164484468752,0.052092298569831955,0.21305998276819915,2.3240973665218534e-05,13874.986388507845,-10377.010146500961,9.2536729173789052,-38.077326312128847
0.16721334928246412,-0.051814480608565611,0.21308307146174188,1.5422466304604551e-05,13894.992579569182,-10375.51444655569,9.0747122560459363,-37.237829451614751
-0.014978524837009038,-0.0036304647386282141,0.23264936942345649,2.6675508827512613e-05,28862.519299410731,-6478.11754547906,39.780011459921134,-56.606962557508133
0.01390488695327748,0.004088800910817425,0.23267579511702441,2.2962269046570157e-05,28884.9402163554,-6464.6228721644293,38.838795320760291,-54.980353812939356
0.10926851810476065,-0.029693520188328812,0.22206615328059645,2.7439754490458624e-05,22716.275806625847,-8546.3956124139149,26.481922103149127,-50.523791613541135
-0.11904761904761904,0.03244373079772625,0.22061837665920686,1.9896401766459566e-05,21508.921055817915,-8888.2619466233227,23.455225306079523,-48.285687606607489
-0.099999999999999992,0.02697760279527155,0.22343833911909095,1.6206974179079778e-05,23764.294273412372,-8229.5079076332622,29.918141621386447,-53.59947355595019
0.12886112686200937,-0.034945821031843828,0.219165506168298,1.503160917572944e-05,20196.293826097623,-9231.8174595591936,21.520509415677541,-47.988829803142089
0.15800654257255881,-0.091623370914536123,0.21222822806942182,2.5612362664150431e-05,11866.971124900654,-10611.811120682127,7.4368841821241443,-36.969925646781853
0.085824720044571853,0.041279011232943988,0.22553696137905524,1.5530505023180951e-05,24201.5945738386,-8153.1513524212032,30.40853106264149,-54.091723827529073
0.071888503647889873,-0.019672409905998049,0.2275933810128449,1.870435111304794e-05,26340.152213774101,-7381.0988179133956,32.997583866080113,-52.483020857761794
0.063101576084889172,0.049516049459958869,0.22878203047578893,2.5173300395949334e-05,25054.662047005666,-7962.7448363785879,31.1987693032615,-52.654671482452528
-0.085695247434907584,0.026433116756265342,0.22555612954374418,2.3368214374186944e-05,25062.339131029861,-7820.0750096105039,31.219800443228831,-52.735128771514034
0.083065678612256222,0.075290589031104665,0.22594543202543599,3.9060424832414136e-05,20984.396508310238,-9315.3848339493234,23.845163774749285,-49.51002341457616
-0.02280318793379859,0.0038988221483810038,0.23235112753610399,1.7654660106661065e-05,28754.876370192385,-6507.2357236637063,37.657480304218019,-53.44876449824887
0.022500628918879544,-0.0041183211768777081,0.23236706169638455,2.3689562870303233e-05,28742.288758025694,-6519.4777425846269,38.233588955941201,-54.700188748295986
0.15569993949972458,-0.043578620054548399,0.21517414905599119,2.0937413690645152e-05,16084.930680748737,-10078.679540697545,12.574440852943631,-39.876357557401057
-0.15694720009489277,0.043611200442364217,0.21498275889996807,1.5057108272424582e-05,15885.217073880112,-10113.101093477599,12.808472544652693,-41.556586136901366
0.043514106071524478,-0.0090345640201878984,0.23093222317828654,2.8159198396768797e-05,28072.70934027659,-6763.3868241481796,37.066143734916622,-54.453606690406893
-0.042487401003434261,0.0088793031269262732,0.23102212938810487,2.159012605542472e-05,28116.379712882823,-6748.2067428485589,36.454260784030147,-53.627387387606944
-0.10439049523276425,-0.080361312511166558,0.22278833495291445,4.0810619779605578e-05,18674.958905133528,-9826.4783011756699,18.952282763652956,-45.640812346556267
-0.16182828913030103,0.047927784005415808,0.21413982973487458,1.5228783161390787e-05,14924.758577046698,-10252.125505552302,11.237464165935302,-40.266620601448345
-0.16209533486050418,-0.048666138874887424,0.21408043606986074,2.0287105476017871e-05,14851.985267085227,-10260.563194707742,10.986629903512862,-39.442845798246161
0.069605709721719658,-0.053283617808433964,0.2279197169028889,2.9834747916956489e-05,24339.554818644807,-8205.3759755160154,29.936807376987424,-52.233979758258464
-0.0036407617988338998,-0.013082129026938276,0.23284030621502211,1.455258574024845e-05,28849.697406847597,-6483.7536341374871,35.730981374441996,-50.340140010403033
0.13785474670462139,-0.043324119951242655,0.2178340184757297,1.5769119719410791e-05,18569.789713233225,-9617.5973649735824,18.703232497749681,-46.770108528638268
0.16765017952124456,-0.062201228540312056,0.21245408840927094,2.1072357945363082e-05,13205.488426459413,-10441.981329640543,8.3606017536834933,-37.415315298678841
-0.1289326560248199,0.040788327728240391,0.21915491641671758,2.9127872626728415e-05,19868.966106424272,-9319.6328525726276,20.418209352068594,-46.327442878105607
-0.06240381674144764,0.016057490424401036,0.22887891774799987,1.6560246621768831e-05,27002.2683583463,-7156.9487766003749,36.55886541521614,-56.415985657760956
0.075853337399758303,-0.022076377363135221,0.22701267125909474,1.83352687184194e-05,25983.416029666139,-7507.3170188689073,32.809339391083768,-53.103223807354915
0.10984014881461857,0.062803592750190429,0.22198152448060382,2.6779544933619434e-05,20237.692684465499,-9324.3525581850918,21.810991359257716,-47.389790283560551
0.11913578948687673,-0.037119129059474711,0.22060532319944604,2.4060319319355107e-05,21241.937314890194,-8969.4075747935822,23.825203873064186,-49.240521053618743
-0.15231217254932211,-0.044918660733005926,0.21567984572155818,2.3168317911993859e-05,16501.67510876802,-10012.117691901201,13.578271668079099,-41.275010211586121
0.16153207444748385,-0.10927585779498861,0.20898240840106136,2.587153664458883e-05,9216.0998106904481,-10748.215451280994,3.8934800965982759,-32.613058236499
0.14598753864926564,-0.10730031817747422,0.21364551083427663,2.8748308149888334e-05,11034.422793729367,-10825.585413871,5.7500618508654666,-33.355155156702352
-0.14587540127745047,0.10733739219827443,0.21367015386336277,2.3373882087496292e-05,11043.587414678728,-10824.877416366751,5.7327453928847989,-32.73436805456226
-0.027489216111108633,-0.11658274541101764,0.23208383487127979,1.4192923094437657e-05,15171.024803664402,-11460.402316700611,7.6152706528561662,-27.128676840771774
0.18555369159851098,-0.09757584764114495,0.2032425746215944,3.0900196890808086e-05,7685.4979055857084,-10537.94215739291,0.72202146753972707,-32.763305221903892
0.0014302124404898557,0.11536985033279683,0.23287532080775328,1.2086983332407855e-05,15675.315655959845,-11400.496340888112,7.9159411369783124,-26.57152166529665
-0.11071330517414354,0.035146356308102027,0.22185225540244172,1.9844642310348824e-05,22284.599541374166,-8682.41660524287,25.726589027322117,-50.357448894698919
-0.14638877025361061,-0.075492991061155576,0.21604005314053468,2.3046940814213359e-05,14945.947816934513,-10302.366615344337,11.842853611529941,-39.339538309005825
0.099510724665472394,-0.032291753813284328,0.22351077536807645,1.4523441898002531e-05,23566.72154836373,-8301.5427315603138,28.670941035275622,-52.203411361377711
-0.15652195011936212,0.054170321867233737,0.21491802064008286,2.9159952033957687e-05,15333.578478393909,-10198.915740100438,11.825066302297992,-39.710769891121288
-0.042475251392815015,0.0256803255789427,0.23102319330166243,2.7571633544514651e-05,27610.208910801972,-6975.4273187201616,34.849181664424187,-52.628304164384318
-0.14246441632925713,-0.04466751244953051,0.21715156597279783,2.1005501705532621e-05,17892.055957769851,-9754.3560915697344,16.55766347054746,-43.299553908976378
-0.071940139084781807,0.024322714187372446,0.22758581822365404,2.0353254685612779e-05,26151.874042771713,-7461.4836277571485,33.537639548552576,-53.888713667123163
0.12921449352696973,-0.045604295777828492,0.21911319092998544,2.0904152516772817e-05,19534.339837341195,-9407.7968155112994,19.565038525914922,-45.628292726288272
-0.16951161911211307,0.11390807470061068,0.20567329195042369,2.5225733513561258e-05,7702.3811071789069,-10673.815953464597,1.6549213778238407,-29.960140116970503
-0.032575715231396296,-0.12571445020339644,0.23181471471989956,9.9923599976559346e-06,12769.824548307457,-11924.846288504461,2.6856375591104142,-14.246165426660156
0.05277418236113763,-0.030855570703828938,0.23000450262241928,2.1266201174214686e-05,26894.356990398504,-7249.5500258750617,35.565535225664597,-55.059194780482841
-0.11886206093844201,0.042788618314214238,0.22064584817156221,1.3543103366673101e-05,20929.718624705758,-9064.1584357169577,22.603584044778451,-47.749327120538716
0.088177474272736894,0.11136562648756,0.22516469927775151,1.2639252162895025e-05,14383.663309562195,-11090.939791744922,8.9590635911960419,-32.028676581072204
-0.089087131898323998,-0.11206997592910234,0.22502028844329564,1.4811880420655449e-05,14175.852060951429,-11122.848502884559,8.2908522858852223,-30.601184818105136
-0.060417228668144078,0.11438950363089098,0.22912118883569155,9.367368068811561e-06,14895.658755954561,-11289.371288936314,7.7719237140650188,-27.58416032613199
0.011444993064971563,-0.1171070036915835,0.23272811731626764,1.5584446254086999e-05,15222.793996516355,-11500.418324976903,6.6039928439494808,-24.287810169975735
0.0097388687836743107,-0.12053364172542402,0.23278025358436816,9.8849387367929557e-06,14344.971056973331,-11701.154689333594,4.8244826549300521,-19.735816438328399
0.038136943147844798,0.12036447336962862,0.23136054684000926,4.8729980298299611e-06,14021.846962081732,-11656.617320784957,4.9256514297246268,-20.426250536568784
-0.0081783290436296015,0.071466153531879628,0.23280768057481185,2.9957530753632512e-05,24208.269933818221,-8531.1173485640229,28.771068842807882,-50.534147329159325
0.040547399356455766,0.12336897069221783,0.23118770760289542,4.2921321671441543e-06,13206.779250786987,-11800.542158797671,3.279353393728079,-15.816599668218824
-0.064651988032181307,0.1243723202380244,0.22858914673929698,4.6147092963284284e-06,12306.41262441481,-11753.417731404938,2.8453115424896551,-15.293379983983108
0.028881025559789761,0.016006797781447944,0.23200501894160119,1.3784382023499485e-05,28391.745280068728,-6664.4624136193561,36.536011537622691,-52.933290735545448
-0.036081962689308737,-0.12488740071378511,0.23155752425669426,1.045369308601932e-05,12913.82990968579,-11880.786001748884,2.6724838954300743,-14.145002411050731
-0.18523391466392802,0.091749432051128579,0.20439402427276851,1.5714412542026879e-05,8275.731157570197,-10561.132908259582,1.4376491551259354,-33.094968697769417
-0.022490650830884786,-0.11468704754051935,0.2323583009192344,1.3825339811258656e-05,15712.702414345536,-11350.470892269366,8.0588398366524974,-27.623834081422228
-0.13333333333333333,-0.041490220686267149,0.21850340481429384,1.473358465962313e-05,19274.416160902118,-9459.4310615127451,19.35934483617536,-46.031341900700419
-0.14713360796307304,0.084918428066361101,0.2153692333104561,4.0322778186754251e-05,13861.613937725535,-10466.94855576876,10.519303932338021,-39.452822512509478
0.10947626360135168,-0.040578280678592926,0.22203539696926261,2.328445070375086e-05,22097.339746294107,-8747.7669215936185,25.290371576665219,-49.747397273864813
0.15766941343456561,-0.086527840461686878,0.21280925909529036,1.6648201806341458e-05,12468.602038777988,-10555.047510406599,8.1496299877459588,-36.768024663083864
-0.11461091975210562,-0.10350344856709094,0.22092960743720494,2.6166691526844193e-05,14281.507609879147,-10762.134626791232,10.070793154579464,-35.613219107686582
-0.10095626827431553,0.038157659806384352,0.22329676548574567,2.2521360670414219e-05,23095.598272398689,-8459.5848328912562,26.974921053282408,-50.331589833358599
0.095678168581126044,0.035321565173416655,0.22407817774294747,2.1895957570796093e-05,23754.836665338826,-8255.9287205816563,28.652683975725864,-51.726608932361984
-0.12219708396773224,-0.039425243503805128,0.22015210458492623,3.6504826586977381e-05,20760.566685516253,-9098.8567284629662,22.289959382150101,-47.70748316565502
-0.090342548135024708,-0.052986661568527195,0.22486810583425274,2.9603897748960059e-05,22917.722094818339,-8588.5854779760029,27.310815987344341,-50.926918855350991
0.090207795309310848,-0.033734032618006844,0.22488805572452122,1.5905652170903454e-05,24313.796290117247,-8081.0076465990114,30.617697049567205,-53.212972893182801
0.15302477574599299,0.10233717142979484,0.21229695947688293,2.0593110962317718e-05,11074.772929345896,-10733.331304849435,6.270258288514003,-34.669874036085879
0.13772156056830717,-0.052109535636562815,0.21785373642072028,1.9903804170452138e-05,18021.959748832713,-9741.4085826129831,16.691062397379454,-42.916722063444396
-0.1641454320834812,-0.082527454993015156,0.21157694642886885,1.1169338768176127e-05,12070.406755074056,-10550.470622269406,7.2891971537618394,-35.865147194350492
-0.080982442084388137,0.030662497094701792,0.22625385108762747,2.7922849372118376e-05,25221.404518645337,-7784.8698113332148,31.913904662947747,-53.42670736617815
-0.13657156466906489,0.10434331099932094,0.21625851381466704,3.4578484632256058e-05,12342.930182544142,-10795.801975354399,8.055005562020952,-36.409934037724312
0.13713487575785516,0.10523809523402139,0.21603892424295471,1.6147586279289192e-05,12151.298237289222,-10813.439768088851,7.9806210079181445,-36.099499071181178
-0.1910500111727538,0.061501820008323105,0.20693111987152044,1.9658076860175146e-05,9333.1716410639019,-10611.467652625339,1.5488135369992639,-33.179203844742858
0.19055950522218965,-0.06070865034488785,0.20715414032309198,1.5976513040423869e-05,9465.5190068159754,-10610.999043831407,2.1530807754886734,-33.865239148395737
0.13739570433275572,-0.081433154558630635,0.21751473681194139,2.8616255802578716e-05,15329.747885682194,-10304.903676586027,13.064887235336775,-41.058462619281251
0.14709355415407899,0.084419207334125834,0.21539961036009039,2.5716189685608572e-05,13931.72442358755,-10455.19702790767,10.395819763552749,-38.606760056486422
-0.040704274338945037,0.085304515583243423,0.2311569049281513,1.9328158529223598e-05,21521.740624114947,-9453.6427747020152,22.943781196601464,-46.649057619383797
-0.0096387586052548192,0.0012724494433055643,0.23278105610816729,1.5124089353835975e-05,28939.926237655753,-6444.0677774596215,39.729310703608199,-56.04353949275535
0.12101888627359207,0.086998496390243776,0.22022926847433494,1.1584785938711447e-05,16302.42407345253,-10257.307435001663,13.533292149396543,-38.386687732195306
0.072137972918265181,-0.027829579731670367,0.22755684247235766,1.5594800181155897e-05,25967.578066489066,-7538.2145790061204,34.274606144170718,-55.162969666057279
-0.062322040739911169,-0.036360204447754334,0.22888890693146613,2.3822786767980982e-05,26093.858618536335,-7539.7342795419172,33.037454966865916,-53.06274575125758
-0.13816133570752789,0.056302256095783543,0.21778799660762499,1.4232228771470367e-05,17639.63938913196,-9826.8845663385855,16.510747579808758,-43.292462846012626
-0.044184391189278471,0.082548511640995859,0.23087352784667883,1.2133322587103357e-05,21862.425923497889,-9309.5537825443662,23.004488293901101,-45.897459523664367
-0.036749873549493786,0.12566664485589205,0.23152007339482764,9.1612667800574136e-06,12711.264410631577,-11911.542571151807,2.5314607609715774,-14.195599351653836
-0.14769585373431932,0.015109371446778931,0.21637706197538861,1.6743824108246013e-05,18319.438085139747,-9657.0114835018867,17.321533640570106,-45.279417488550465
0.056277139797254828,-0.01760805909061992,0.22961711441988991,1.9641427113762686e-05,27299.967046647183,-7054.4625776599869,35.477831530931397,-54.026223171873674
-0.14772949185327816,0.036075512291620801,0.21637208191817264,2.3467956286562965e-05,17616.343261722432,-9803.8945542166857,16.158660658928547,-44.214941968391607
-0.10468128255725863,-0.03295691864548022,0.22274528446262301,1.4980661586399336e-05,23021.317549116935,-8466.4870680396325,27.557907803039523,-51.642531873305359
-0.045145759871570698,0.12128861521773596,0.23078489913840475,1.1219333801285724e-05,13639.422322943226,-11685.831444324611,4.4096493797392453,-19.484149953721719
0.07863944615074954,0.10284904435900299,0.22660072701789485,1.4623674620453083e-05,16681.011090004104,-10653.7913177341,14.569615394701577,-41.156937471031164
0.086810589399598848,0.032146316526383181,0.22539100536405016,1.7801538436442704e-05,24715.821496128472,-7942.5783591200598,29.101743190019207,-49.744116023595971
-0.14701879162924153,0.0035546931417110685,0.21647729968565343,1.8197920906041971e-05,18557.181229662136,-9606.6858865438262,17.828384308902312,-46.081010063650126
-0.089930693957036317,0.037444812595548986,0.2249290800335986,2.5730189745167606e-05,24115.011856655659,-8159.7132759350088,30.117937869656359,-53.393752373377716
-0.14708533090197079,0.045858044485992393,0.21646744867746515,2.5122551048122224e-05,17195.214447320115,-9887.6439014136613,14.861402124392004,-41.580383239309313
0.03895311861725731,0.031617759666465295,0.23133161839682276,2.3869625704238823e-05,27419.834776505999,-7074.3965667483553,35.025903787449217,-52.959241687866417
0.0041760228515366812,-0.12893223138523996,0.23287350032380633,4.6141915989518465e-06,12235.328137558316,-12096.3333089261,2.6138905021629459,-16.583039266989921
0.14388725407248121,-0.046449074039243719,0.21694091764912188,1.8505016587233611e-05,17586.609509147514,-9817.9632366321439,15.64492728627255,-42.581213370480874
-0.11911964991295154,0.051274740940388933,0.22060771263155687,1.4311372441809546e-05,20286.013470597474,-9252.0691197158685,21.343381997193177,-46.584248258501042
-0.14728070042515765,0.077989622915139195,0.21572566757961664,2.0402394261570649e-05,14593.545925530723,-10352.120723419266,11.469331351562925,-39.296596408993913
-0.14202643029085943,-0.085764267653771056,0.21641125248154403,2.5464415076122381e-05,14329.561878670394,-10439.169140411039,11.13702769397039,-39.307016696549766
-0.14794630199402031,-0.0071031145906085844,0.21633998360413736,2.1783754568070751e-05,18408.082673941375,-9638.1841874405491,16.549475553261683,-43.864037523670795
0.13882652031390952,-0.064093832423717995,0.21763555868680165,3.2352261667896035e-05,16912.955299033347,-9980.7910109168843,14.983923280343594,-41.853558422481683
0.11980304828296609,0.095323815621728147,0.22025950619917814,2.2389419802973558e-05,15189.114876749813,-10515.410482510588,12.417146635505226,-39.380223519950782
-0.065737634692777727,0.12650463828710462,0.2284610334057369,9.8187071123914436e-06,11753.326699025985,-11825.863893996173,2.4013942342410171,-15.082779660013468
-0.066943308201646373,-0.021932128035204834,0.22831767953569757,1.4591428086193021e-05,26553.36291001234,-7321.4262028732683,34.885275321413317,-54.522302624382988
-0.079019346666604567,0.11667835696638892,0.22651674615121592,1.6518975075753877e-05,13622.7522157065,-11360.121256831664,6.3989773138271779,-26.629331377401577
0.044727664696645394,0.11437071950179913,0.2308217428336457,1.6615977406525682e-05,15376.149891854788,-11308.297408291228,8.4257299271793311,-29.055669163336869
0.054502102456281613,-0.11714809029134503,0.22980080101592429,1.9427909597373712e-05,14406.617517526423,-11454.008232963726,6.6335821994617135,-25.632762959850481
-0.018732229507014843,-0.11407129673686642,0.23251597546081582,1.5229671922481533e-05,15912.301137406124,-11313.091129581566,8.8192698399876956,-29.45497955076884
0.023642802087435449,-0.12548938755606551,0.23230690956262376,1.371636195550095e-05,12954.633395082728,-11933.725397501035,2.868928171104141,-14.805808396804542
-0.020280347985774112,-0.11791766826086515,0.23243541991222214,1.2686228429691812e-05,14929.831730972601,-11545.778109673996,6.489624172195577,-24.436359994568001
-0.044177006365186969,-0.1269995518565426,0.23094513838062372,9.5869091395447403e-06,12239.491958655202,-11939.208120813457,2.203438986254024,-13.290395064881949
0.07095165601346376,0.10525022629291247,0.22772679843885474,1.377526836808151e-05,16568.439627821201,-10769.533788786433,12.395146872023519,-37.201872875124799
0.073271569911390236,-0.11322861342185654,0.22738932128489597,1.4565216889660163e-05,14682.37173957515,-11203.789640651148,8.2044485214733154,-29.440758248907549
0.0387498747399991,0.11810924222193087,0.23131428586702041,1.1382584956173511e-05,14578.054034969544,-11534.565773792976,6.0254024757318021,-23.550362159005214
0.0083980896362926064,-0.12356079987457487,0.23280381821134863,8.9704566737902061e-06,13571.6186216323,-11860.642383529885,3.3700351483508824,-15.764958250026803
-0.086490043248331955,0.031886197500191796,0.22543846158999489,3.6597938853063742e-05,24732.835736384332,-7942.6910087312126,30.673713119019446,-52.592858586272129
-0.08698706210955133,0.12962812737485901,0.22508415703653287,6.796096701544005e-06,10229.671347698317,-11766.285780189755,1.5851913065007923,-16.487432669167365
0.050480743501482697,-0.12346744732409162,0.230253579613453,1.0082701483682197e-05,12947.816725834573,-11774.546746061145,3.2100254423900361,-16.132097768996214
0.034784731051883226,-0.12258239653270139,0.23162073809780404,8.9270499469766078e-06,13522.195605502919,-11776.678523912997,3.4910394316746522,-16.508934868558967
0.053393730135929206,0.11582588163914702,0.22994204373854013,1.4395896192015162e-05,14764.568477443167,-11384.361352982558,7.2124604147786213,-27.203697059227213
-0.01145685481257051,-0.11537793332428783,0.23272635241323417,1.699042220179662e-05,15637.771125779096,-11400.375003597406,8.1699683833346342,-28.038975318378608
-0.022614176322363833,0.12623101196914463,0.23236108176375211,7.9612849663162713e-06,12783.859681211252,-11967.636001272385,2.6694156743394375,-14.801065348942025
0.018429586008861819,0.12327766735615753,0.23252126721119515,8.3474809443979543e-06,13577.685743479107,-11836.935393550046,3.6758493650320196,-16.712182673586522
0.063849347420699226,-0.12925629594769544,0.22862345608578249,9.7305002264058449e-06,11153.754482324386,-11925.138360713298,1.9397273491790656,-15.004762690711235
0.049212335420274117,0.12582891555426304,0.23041294577153379,9.6193293413688117e-06,12401.094908393001,-11876.731050124483,2.4262087585495542,-14.453389011912005
0.037700660788048436,-0.12080182864546846,0.23141820767202451,1.138900148736486e-05,13917.627276887502,-11680.770599534002,4.4662273773607337,-19.08403836546054
-0.03616175883750828,0.12005684962862723,0.23153448402702756,1.650954701598692e-05,14140.203919794898,-11644.039021069715,5.2037902801729539,-21.386604151928541
0.068056451735300144,-0.1239066701801096,0.22812794480932203,1.0318737520346396e-05,12307.914225952225,-11717.576302998274,3.1117305510329873,-16.367357391630886
0.0040756015403294191,0.10491001035700766,0.23287978733706771,1.7500971157377381e-05,18206.427652793893,-10697.809236373692,14.615006635588035,-39.449725139295104
-0.087821384393600974,0.12584194812447466,0.22502841653553132,1.6097296354831526e-05,11082.597074670035,-11659.846390288654,2.4796001520179156,-17.289977586412817
0.047124150078625492,-0.11758524940761679,0.23057332895461174,2.3392621527011331e-05,14517.949966650951,-11489.476692215601,6.795022054248073,-26.171964319450421
0.047126922814246061,-0.12902372490640659,0.23061585709595048,4.6591473781479501e-06,11658.060331225664,-12003.657857001879,2.1780221444869285,-15.633095128721097
0.022047256067931797,-0.12869666066422822,0.23239093841238925,6.0014163186540356e-06,12173.223552740908,-12067.82419880719,2.4500521057571718,-15.962473324747227
0.07498047714400484,-0.1239789453135504,0.22710880865917568,8.4661840790404677e-06,12040.905858843678,-11684.678319398183,2.7073303598740428,-16.363163556222087
0.080812154094428115,-0.12678806829654543,0.22618343118000064,7.1931302839156211e-06,11151.700004669432,-11738.942330717597,2.0122677696832838,-14.325042848333538
-0.062467462233729808,0.11915219445372702,0.22884315718083589,9.84090947349422e-06,13667.940011200568,-11532.229396474995,5.345851993445029,-22.845477808213772
0.048495393837381232,-0.12088920495555901,0.23043102234278653,1.1705098470550779e-05,13654.026656629349,-11658.370495609552,4.4012966731971321,-19.619254812024582
-0.012856965297383529,-0.1187796781222229,0.23269526027587703,1.0925506171891793e-05,14767.898531267443,-11603.002009424479,5.859106150681872,-22.38370396344801
0.076765977095151372,-0.11389769456228921,0.2268772588241327,1.6662307671491756e-05,14371.898902987225,-11232.992766462761,7.3441513871078179,-28.207480499829295
-0.022253225590192903,0.047604855638655755,0.2323800911025462,2.6061721301246985e-05,26706.654124519093,-7444.0530730779965,32.791322522301058,-51.060557129019621
-0.073545449968180049,0.12619960417791198,0.22732201794623216,1.1287986765252969e-05,11558.846612974532,-11770.242940531978,2.3925675757978739,-15.870856086363499
0.036128234258860491,0.12653821468675233,0.2315738381780027,6.4708584313146006e-06,12501.255892357913,-11950.489062092849,2.1964966261780852,-13.289898752791123
-0.079465423482942915,0.12917104217058167,0.22638203397280884,5.0270992904245408e-06,10627.349708535634,-11816.937277268733,1.9256214729712637,-16.709793415206732
0.077322833257530144,-0.12098555862984307,0.22675844448057372,1.488760747628424e-05,12658.912355203203,-11558.081669314864,4.2424620819489798,-21.205330306497128
-0.056664270709134303,0.12141401000108071,0.22958002048294132,1.1521647928834248e-05,13281.626660022976,-11661.2564059581,4.5546847100109353,-20.854234883426649
-0.049376081977012189,-0.12668854818901049,0.23047029456108142,8.1741792380666665e-06,12187.790066557243,-11908.215260650064,2.5656214890207254,-14.685851231065762
-0.067347898393326638,0.12331829713175091,0.22821823600244392,1.1868207442668431e-05,12474.574427795986,-11699.176769999982,3.1110664375345696,-16.933050729836182
-0.080932016846134283,0.12661057702289311,0.22616580186250571,1.0138668103772284e-05,11182.646719547431,-11733.180863792923,2.196918236681257,-15.253396624738906
-0.010566520174756174,0.12525735106141506,0.23276570734359553,7.5919534906626974e-06,13133.976365562392,-11939.195852961078,2.6465703389283695,-13.881232566092677
-0.081218606839397273,0.1205968028308763,0.22616188409745164,1.7341331424638065e-05,12600.750293689331,-11519.300181959296,4.4948074226213599,-21.71097846125485
0.07948750896566327,-0.12955651409743058,0.22628754469706303,1.3009067869997349e-06,10533.231766210249,-11827.323728081306,1.7769525578884349,-16.953107704743143
-0.018535044994739455,-0.12088546859274657,0.23249377063773843,1.0012230092408641e-05,14184.455344897848,-11715.928657238546,4.4453362077505068,-19.394215977883206
-0.028271453675909219,0.1199037174863887,0.23204372147265004,1.0144143295055983e-05,14312.428279131769,-11649.030785234576,5.4959961140240994,-21.381111265814329
0.055226591534877946,0.12923656572659128,0.22962296885534098,3.379091648904503e-06,11400.724838702185,-11973.315679461377,2.0223157757292309,-15.535487730054708
0.019746971126943222,-0.12613821497223629,0.2325119641430253,1.0740409637370552e-05,12833.013773500665,-11969.207242700706,2.3399316292193788,-13.288529237259
-0.071914262544627044,0.1290495294514713,0.22756272134969779,5.5086171420670509e-06,10933.012134992301,-11868.447106407377,2.0767910387345156,-17.133580443638163
-0.084412536794397725,0.12643838790091891,0.225632683434352,1.2814902438709462e-05,11086.168085957246,-11702.721411812117,2.1327686167161239,-15.551393709611721
-0.011541998791106445,0.12885116543081887,0.23257229265339729,1.3843187985252445e-06,12223.209873405685,-12089.002031761867,3.0170975650673815,-19.33844887820608
0.0013889107112103473,-0.12159582784459656,0.2328643494510115,7.7145874004905742e-06,14078.530569418614,-11764.726225625383,4.6081634612848381,-18.78879265101526
-0.029556255811879588,-0.12607969188928067,0.23199547967684633,9.2912428910368543e-06,12727.260713046029,-11947.769661582684,2.4769770293464539,-13.837287202581821
-0.044495726656841261,0.12646730603776352,0.23084626491330046,4.9720057872862445e-06,12359.824931150422,-11917.89722862185,2.4220774119385187,-13.658492939070186
0.0062602532833178392,-0.12095219034580711,0.23284139137640086,1.0489648429239936e-05,14240.532042839743,-11727.42715036036,5.2521076422897979,-20.842564758392594
0.068626588994444945,0.10752858902706455,0.22807040499517142,7.5848489023347164e-06,16169.56165211758,-10897.29748022405,11.493351365982772,-35.21247597509408
0.054307289205547782,0.12690724541009193,0.22986793283159529,8.0863785845162484e-06,12001.727582148433,-11896.329478956475,2.2543062971959422,-14.071543465097836
-0.082541731116696299,0.12352420845419747,0.2259393912222622,1.0183431398098295e-05,11851.090530833802,-11621.242371482684,3.1224999107521212,-17.47361156726636
0.041053672395692124,0.12581677348886181,0.23114767771647729,8.6555982195467151e-06,12588.607126209308,-11905.401504394811,2.5508471058204778,-14.839924979968343
-0.037672007517538297,0.12877334322120407,0.23144380235978515,5.1117205002191884e-06,11924.21587613197,-12029.317246288594,2.5497239306623203,-16.995854906996048
-0.027064912014926834,-0.12051319197101951,0.23211422865126566,1.1763089292912385e-05,14176.260780896004,-11684.17823652685,4.9374234714417433,-20.339105567818692
0.062528135466817569,0.12911176037546515,0.22878345501234271,6.3763756118287339e-06,11224.398259528256,-11929.344736649213,1.9805488081675124,-15.507054145624934
-0.020188269825374132,-0.12913990620224708,0.23248884124551505,1.1410134141780323e-06,12074.437742823176,-12088.890038719199,2.6897472022158158,-17.87316439626046
0.061593248712649915,-0.12583350173098132,0.22897793105996683,7.7341445719322752e-06,12055.413084962373,-11820.477455447757,2.8220602683664606,-15.084024314955929
0.044762028002298913,-0.1214720386310401,0.23082294551478599,1.2449342974984234e-05,13592.070716414588,-11699.20505809032,4.2506954891034177,-19.437969868324242
0.066509449988896865,-0.12591608604018426,0.22835246099166798,1.011145916534995e-05,11872.023653885508,-11800.270425938885,2.3879978197159817,-14.453287088257481
-0.033364116048248842,-0.12251176358193004,0.23171909756522002,1.2584273968292001e-05,13561.56992498603,-11777.350794862483,3.8440400259363336,-17.620660607167352
0.052491326066322348,-0.12605098192088654,0.23007356637419879,1.1912889033576443e-05,12254.238771287999,-11872.996178550022,2.5536141494796012,-14.583658460320454
-0.015932184473657487,0.12261704710542971,0.23260299340502399,1.1185627594144993e-05,13759.953939719888,-11809.412866291075,3.4563991478312972,-15.900082268756623
0.011957051523070299,-0.12518635134108211,0.2327412683055991,3.5899850657783236e-06,13144.9823950259,-11933.97025324676,2.646377689856505,-13.63021283953305
0.04095934858448004,-0.12686960705064629,0.23115593743645463,9.3184036208455689e-06,12330.459887500159,-11947.402460734813,2.2446745928343881,-13.538297966733298
0.013840121136390347,0.12870799040126249,0.23270817274836073,2.3517389320131574e-06,12238.748768757616,-12081.273327134688,2.4865448734706379,-15.816164491702123
-0.017577235862404998,0.10914553117029589,0.23258642644095442,2.4648710852145283e-05,17141.155806677605,-10984.21915364796,12.014912849871834,-34.901272034489672
-0.031808013681781315,0.12537351909123451,0.23186160434713807,1.0217838514993102e-05,12869.816521456853,-11911.933589980021,2.5527550760700417,-14.08284956851355
-0.017106553645202908,0.12603109930430648,0.23260307625594664,8.2380453673567962e-06,12888.789924850613,-11967.247929579351,2.6893104502059608,-14.378127173153183
0.048871660894346344,-0.1266732920805021,0.23045815932815006,9.8553678719494466e-06,12193.00891087779,-11911.827471646691,2.3190929192532272,-13.67816516078131
0.14231010271081712,0.049092068950136097,0.2171744117998779,1.6108588467658065e-05,17635.428539329179,-9810.0873970023131,15.688098961127093,-41.749373393202703
0.045148737474604385,0.12050073543288072,0.23078275625108977,8.8182375487239633e-06,13829.910199832246,-11648.754565888843,4.686517384717269,-20.514291240312019
0.040271377181964316,0.12099836451015573,0.23121618151548562,8.2876973093401038e-06,13816.359926952005,-11685.465201358009,4.2960780097651812,-19.242392992716074
0.056464085735727962,-0.12164153167320946,0.22960447367689765,1.416461800824668e-05,13240.662937200626,-11670.427613483402,4.1076478013420648,-19.188999603006646
0.056008464147612132,0.11904109028357771,0.22962651207124249,1.4369143086334555e-05,13899.367982448373,-11545.682156734996,5.5794297267686979,-23.076116453288446
-0.014141472825620498,0.12583410040334037,0.23270287639499745,8.5525785115498952e-06,12964.463213661775,-11961.910670535304,2.5484264584869996,-13.68664018095027
0.045656938527828705,0.12587543502407733,0.23074458025101402,9.441376914339915e-06,12468.738641239746,-11893.069627708823,2.5320383132658608,-14.859018603633674
-0.019820447662320842,0.12624772132477363,0.2325082124657129,7.1184361885177259e-06,12808.149678083675,-11972.958605494448,2.545469965868032,-13.984823681969791
0.034336633370790161,-0.11972119906431156,0.23165662068252255,9.8396902799342985e-06,14261.642301317514,-11628.82240946319,5.1783237885314364,-20.8912217906854
0.026885582613347201,0.12061183920939755,0.23213612970776307,1.2045423513040163e-05,14149.955490458129,-11690.645762111029,4.6646130382505833,-19.418347488973335
0.025793316366729102,0.12358199996101789,0.2321936535116641,9.0975616660672591e-06,13413.376679690668,-11841.262453249154,3.6586390969425291,-16.81942749685043
0.028363094427724129,-0.12033952856550589,0.23204248507617092,9.885481414064711e-06,14196.925369134191,-11674.748054378151,4.7185925974507894,-19.879088663832796
-0.015093104726912547,-0.12114967637300907,0.23264295484794789,1.0222799227434208e-05,14144.795147254323,-11732.651960903533,4.5365846773559779,-19.032572495555016
-0.011291490128242475,-0.12411655807524784,0.23275296576228491,6.493773117841862e-06,13413.680966864691,-11885.441424714574,3.2594304170549786,-15.078083467073228
0.040086723670577577,-0.11756670490024793,0.23121138595769064,1.0229422149079843e-05,14682.762634376326,-11503.27871664898,6.1455466203515909,-23.748184609490448
-0.021952933444655785,-0.12594133911299757,0.23239590587897677,4.5939285168986146e-06,12863.4044550409,-11956.673726405939,2.446771069410977,-13.42039344369902
0.031444007727027531,0.12260152895259815,0.23186157728587034,9.2944888072214443e-06,13573.553499962152,-11785.047034558533,3.7031203380064337,-17.097206364822547
0.073260158050069565,0.10914184039116774,0.22739712001939782,1.3836781940462207e-05,15614.239990442313,-10987.157048636354,10.398684232471648,-33.97854350563285
-0.043283199661021045,-0.12450537260359282,0.23095244312346491,6.4212471770472305e-06,12872.128496550435,-11840.459845910818,3.2839609348413248,-15.212010052208523
-0.057374800897140484,0.12649626933022193,0.22949322709279077,6.9308106568390246e-06,12015.456997302081,-11868.413417514877,2.1767347843140348,-14.0579242394502
-0.0094107333763711731,-0.12603843841650567,0.23278602067023557,1.1681203729745997e-05,12940.800173933923,-11974.043647763601,2.7883620237263438,-14.359154827945211
0.052802958535491017,-0.12032269997330236,0.23001149653555611,1.1539594369274922e-05,13672.990428390924,-11620.033352414648,4.5340640144302169,-20.231459577751899
0.027067765987323099,0.1260002350621624,0.23212653508675279,5.1333849503932982e-06,12788.259224919992,-11949.076700726915,2.262210722095138,-13.206783832902039
-0.018613198198499565,-0.1263145689219321,0.23255379923274719,2.8697372376161022e-06,12804.949185839585,-11977.296522523655,2.2008339084839434,-11.996219471176431
0.045693662652390728,0.11749174103891909,0.23071466836645274,8.6731631278891652e-06,14572.338071643306,-11488.316968109973,5.8351526723032006,-23.139411865115665
-0.062170195546678457,0.12582135207038098,0.22890745527652054,9.0925295764614393e-06,12036.504772248954,-11820.471911549412,2.4089739773806977,-14.951601455161063
0.061121931053170139,0.12626051114434791,0.22903550392343497,7.3102112414793795e-06,11967.38972815486,-11838.701232233811,2.7512335037325162,-14.97694930718008
-0.050504889301837066,0.12349992254872014,0.23025143439389884,6.9837723586552976e-06,12959.777682137743,-11770.997662315896,3.012190640122745,-15.221924486777622
0.077076425169223028,-0.12663447958695215,0.22676803131298198,8.7020927194777482e-06,11329.318059529733,-11760.494899376652,2.1805320673394668,-14.659638561183131
0.014809900894134136,-0.12640736201946884,0.23268798859046955,5.3047776910772105e-06,12813.676925615029,-11986.143273847429,2.3179202159545413,-13.179923670743223
0.024142818830477052,0.12582089090668361,0.23228057636303709,4.4937465191243001e-06,12865.583974757903,-11947.909561937044,2.4571370207274508,-13.736148191470162
-0.03855250157238943,-0.12934312986634017,0.23125976471838913,3.341598522907718e-06,11762.904275374987,-12047.6455885367,2.0443016367665376,-14.606765677388845
-0.068604869631107651,0.12092532364523202,0.22804958299316372,6.4836960781982733e-06,13012.066951259956,-11592.710174444919,4.5046570286462844,-20.394482971897911
0.048216714666009838,0.12039076256119059,0.23048957129344302,1.0871726952346042e-05,13784.646168430489,-11634.647344763107,4.5496036739176624,-20.201826008157294
-0.012836122159336074,-0.12621380803183613,0.23272581835496886,7.3774593492761115e-06,12878.229611258505,-11979.607385975565,2.520727869201016,-14.104846884930264
-0.021738640722614298,-0.12104360918335542,0.2323808997800281,9.2621067885439555e-06,14106.058743015046,-11720.848602712249,4.5606003538660431,-19.359303942547051
-0.069775338163981071,0.12617852577561198,0.22791130908720589,1.1713326690099976e-05,11697.669038369037,-11792.000798115829,2.3460999606888175,-15.282198044142346
0.045199793576136196,-0.12637314018008639,0.23078461138675263,9.7995229808667551e-06,12355.674726173645,-11914.236934736156,2.4615845976284514,-14.35079777983406
0.036430204061142051,-0.12700189899653375,0.23155254424250668,7.1525342893245456e-06,12385.488796591779,-11966.301222064933,2.4114602984505482,-13.772958013272511
0.055299195034409603,0.12281815121602885,0.22974378162390047,1.0968485582709705e-05,12979.04236812015,-11727.824417682967,3.4955708191809465,-17.155195036534277
-0.018471519280193006,0.12074119025254366,0.23252180112352727,8.8047146177775734e-06,14222.335647545198,-11707.347800120689,4.4886938643693206,-18.87652676987398
-0.041087994204047705,-0.11476839572330917,0.23114467223437804,1.0410114113599555e-05,15355.637252211569,-11340.597690398296,8.0481821369578928,-28.071499632930792
-0.022094684012073901,0.12072702919442754,0.23237641544781013,1.2634193436661381e-05,14183.999446191321,-11703.754771505415,4.5517097202717656,-19.339136568438398
-0.077099391609157603,0.12616887918555367,0.22676675877048677,1.0346633432784587e-05,11435.292540783046,-11746.031149185994,2.3299565634866628,-15.522742517739147
0.017057727778788286,-0.12675058420963062,0.23261346356984103,5.3851726019262176e-06,12704.981680995694,-11998.632975641225,2.2952808042711279,-13.039754447866571
0.016827572166091535,0.12604547392506718,0.2326130166930781,6.0223832734175948e-06,12885.77776071094,-11968.332233883992,2.3409240474840551,-12.796900098395019
-0.01579780001619303,-0.12680436491071467,0.23265819139819949,4.9689530936063419e-06,12706.825416540738,-12002.090239868148,2.147732006520823,-12.804270357259105
-0.025284364639850447,0.12061983665317273,0.23222045726891902,7.7554862692980715e-06,14174.502231402304,-11692.343508921043,4.9528500490017988,-20.335760890385412
0.058448205593945354,0.12219467318669097,0.22936210749476124,1.0718446839797819e-05,13044.119426645109,-11687.771716091278,3.7321180935290679,-18.042548210542922
-0.06865809661048701,0.0722373722546302,0.22806698670370379,2.4096632827186586e-05,22278.764748102072,-8987.966604245581,24.839004414336809,-48.681627978930671
-0.037821508246814954,-0.12698085917480062,0.23143071092354697,6.2242888850796881e-06,12361.01312294168,-11961.931980881604,2.3895782722424892,-13.554824852577156
-0.03201773512756572,-0.12867154862626493,0.23186584676554803,4.3205322724465081e-06,12045.18503260306,-12044.025320520317,2.3548185054662865,-16.645771650251138
-0.054118284211456209,0.12720797018228222,0.22989102035759984,5.7622373113079397e-06,11935.02682405529,-11907.908837956767,2.1509609112185406,-13.810850494882024
-0.027701539593129789,-0.12350462316164666,0.23209315763072413,6.8094304794818293e-06,13401.75966427974,-11836.397750202643,3.1339710440563411,-15.36808362843818
-0.04833191078967404,0.12638347267802025,0.23051033906052393,3.2033942730712011e-06,12286.409601577461,-11901.098739072941,2.2579694577184024,-13.053343794020059
0.070128152730725909,-0.126672300937928,0.22785370892405857,9.4494936088594128e-06,11566.393603895893,-11806.648956539906,2.1543670321824488,-14.794229692321625
-0.025172565027520383,0.12555571757353878,0.23222634515476714,4.552259484795859e-06,12920.544689281716,-11934.074528153928,2.764614474135727,-14.511791795561143
-0.051864604719570759,0.12634970294769618,0.23014234756626192,3.8101750302730155e-06,12206.840447087245,-11885.346307488096,2.2207916921783544,-12.969543662237045
-0.027120491235248886,0.12250889300808578,0.23212375833078169,6.639938632209811e-06,13664.338065611804,-11789.219248545996,3.2493604703833596,-16.217235128998365
-0.0083082195974054258,-0.0077173441914242698,0.23280539770633649,1.5884507631819317e-05,28896.881477149724,-6466.3614495842539,38.953451868002041,-55.1395923604071
0.0089285920528101043,0.0083296545531876594,0.23279412761440837,1.774809376332447e-05,28880.079985424534,-6475.0349070443563,39.34976552766522,-55.872546810174889
0.060213227212384153,0.12443741367709357,0.22914650481870438,4.4002877950708144e-06,12439.693654473742,-11776.416339097361,2.3537707519819642,-14.891649402867932
0.070168103009423236,-0.12218639824063894,0.22784114794266608,5.6968276579041815e-06,12643.393046329775,-11640.222522799748,3.8138271233631573,-18.782214366940025
0.038679372544046256,0.12642292616033646,0.23134173200902869,4.3227970793429878e-06,12483.244172562165,-11937.589892662407,2.7156659420780129,-15.378227129315896
-0.14816523357596231,-0.058412035138138266,0.21623161051717971,2.0569840993799153e-05,16184.72172566181,-10081.18334014806,13.686751311396216,-41.4079391687956
0.035657675662893309,-0.12462372933719765,0.23158397108970197,4.3909694296011265e-06,12987.026947493407,-11869.996675016851,2.8391872877660904,-14.287938460423673
0.043366017673168666,0.12596226178824921,0.23094519093994281,4.2254324944328048e-06,12500.194692510424,-11904.047733339645,2.4936431600095785,-14.380123377191182
-0.013754085276768425,-0.12856782027939448,0.23249077221230177,3.0692272049265877e-06,12288.110217339923,-12074.756376888647,2.9498767945791982,-18.751317866454389
0.02305898765621851,0.12740181630372804,0.23233765593692568,2.9242715378443153e-06,12489.381283290515,-12014.40916401076,2.4607792797225825,-14.807071852407358
-0.10949400369584114,0.064216532738632259,0.22203277058323664,3.4813870283487115e-05,20119.717309158514,-9364.1195535468814,21.81069899875304,-47.929570037438346
0.015731163213974331,-0.12838297377015501,0.23267493707248549,2.5396841776322755e-06,12311.089282353878,-12065.743243799239,2.8076149253395055,-17.860893388225371
0.10994938502860731,-0.046245912049250458,0.22196535227441166,2.8679054847016436e-05,21665.90469222777,-8882.8555166161968,24.236517217084341,-48.880992599020423
0.04259106836247508,0.12064258813198239,0.23101305147505768,4.678524711968133e-06,13850.85722109063,-11662.762682223478,4.5553807575859517,-19.961634405118122
0.029176041840021559,0.12597935631983287,0.23201550350713984,2.9600659471073916e-06,12764.329839753967,-11943.018984695715,2.502327441698641,-13.805157236586389
-0.04636118415867594,0.12676510663329141,0.23068291107510513,3.0034036573714171e-06,12242.151988378686,-11923.155579379076,2.2339481875783078,-13.648835159233256
-0.13986938077727715,0.088572028388897439,0.21665704558411733,1.9186251722732437e-05,14234.305738223447,-10471.90685203387,10.942558392845571,-38.389342128911444
-0.1478129708452664,-0.018765480465574746,0.21635972301793388,1.3736416870541191e-05,18233.028026273732,-9672.9158032650066,16.54612066534958,-43.283040221243638
-0.01844662692298429,0.12848815662620663,0.23258056423438603,3.3229301190584318e-06,12262.960046223619,-12065.686188344436,2.7537793739265002,-17.548353978038026
0.034092966663603244,0.12656981776745452,0.23171626811257612,3.2870598581606281e-06,12530.013454506123,-11956.782610040664,2.1518517186061201,-12.029487052802237
-0.095238095238095219,-0.030507493526371349,0.22414332973406192,1.5987947159115788e-05,24041.889387799227,-8154.9328537501879,30.605245987543253,-54.126853252808615
-0.024103033551345153,-0.12629275733653977,0.23228267164026642,3.9298502964884707e-06,12753.273286887448,-11967.489315082037,2.4211161448393312,-14.17276537901396
0.049628944454812703,0.12379762418079614,0.23034621203165764,7.6366120434349654e-06,12897.302707516194,-11790.34656857259,3.2638002814839315,-16.809568891084655
-0.044087449479246629,-0.12930873170431947,0.23076948218616827,1.8721279831692878e-06,11673.53870367385,-12023.633955142675,2.5643536118596599,-18.499179155538126
0.038685182972842097,-0.12682210415282297,0.23135508090715146,3.4424891944452798e-06,12390.287554763932,-11952.014646943298,2.4477434284493689,-13.978620543561409
-0.12890319869520742,0.058206550936134221,0.21915926265947797,1.5498850610926733e-05,18604.21041936945,-9648.8362941766063,18.4213336811675,-45.118469641399628
-0.14797439555673514,0.071518018426977858,0.21590730627945603,3.3734371684237884e-05,15134.181466996919,-10261.578368469503,11.761382563701343,-39.030922600627903
-0.14761904761904765,-0.049698898146978754,0.21637324735260716,1.1650233490019052e-05,16880.820344495864,-9949.6666373544158,13.988430032819018,-40.375234861812707
-0.017207089590872415,-0.12354013658777749,0.23256952603441802,5.5925316470573064e-06,13518.140753909271,-11852.462143198292,3.3077009968110316,-15.329906652144787
-0.022025343870215444,0.12347024220247046,0.23239209241029807,6.5369787704079066e-06,13480.857458840128,-11844.51012837179,3.1544921344041277,-15.236150953896971
-0.14761904761904765,-0.029436744778708349,0.21638843296938079,2.1521282650784484e-05,17920.799018735885,-9741.571722046192,15.997684336844477,-43.346694457690383
-0.02688189303811736,-0.1285337288898567,0.23213632401789819,3.5279280609599436e-06,12152.933509840124,-12051.641033943008,2.5718330920453059,-16.332667722382752
0.089660016988168709,0.067322340844105363,0.22496915322537409,3.8783534516976814e-05,21495.736500565945,-9088.3375753301771,24.806848983976682,-50.068885218729974
0.031596186140151299,0.12893098948543094,0.23188804748937503,9.5377192331114483e-07,11985.434734127919,-12054.18142082942,3.4401238713150248,-23.204982225013762
0.051931068918880337,0.12659841736615401,0.23013830811127678,3.8711064769886106e-06,12139.324834748541,-11894.621976689899,2.7332755692112016,-14.678502917399502
0.021613984893851565,0.12509673596996404,0.2324137564809059,6.0084035678939864e-06,13085.050512521759,-11918.322734090654,2.7102579603462762,-13.999037114295973
-0.071706715246642988,0.034452148367651654,0.22762000666837787,2.7398602256864311e-05,25653.010346846397,-7667.4407263976373,32.344498943903069,-53.120046171454511
-0.02303562239631278,0.12852891771601058,0.23210588765542803,1.7523285841668402e-06,12205.395443504178,-12059.643237929205,3.1775283081206189,-19.57800342164278
-0.12860656057260977,-0.077081905429780315,0.21913669827891147,1.2123810427541711e-05,16768.030379948439,-10085.730263113865,14.795239392879338,-41.428189779177089
0.05632176435798323,0.12714895880793214,0.229581720243831,4.0448662315677349e-06,11885.10393660589,-11895.690331532602,2.4545779268946961,-14.682646842389737
-0.040689810843774543,-0.12769387854119804,0.23117954023868378,5.9952757100566167e-06,12131.729957213352,-11979.937954641218,1.959245376677631,-12.559704230669286
0.17189026339305641,-0.056193223986061733,0.21192715388922739,1.5125697633027398e-05,12925.737118086852,-10465.926001437394,7.9114020824846616,-37.179100641388644
-0.17073339487348524,0.055175392503919375,0.21222062750575982,2.2599840509621374e-05,13161.88489956876,-10448.761846251857,7.9863544002962232,-37.466156039391535
0.030020895816541708,-0.12328488096419503,0.23189047703914747,8.1515476779067545e-06,13427.503149261951,-11820.26008490293,3.1778266520144003,-15.488087629805541
0.032547023722119525,-0.12343612742306732,0.23178706812041608,3.5729894722847999e-06,13344.389461599556,-11822.001402448604,3.3189181795999558,-15.097775381799499
0.036808352993205826,-0.12875874221569703,0.23131374402603327,1.3677210805024729e-06,11954.278586433624,-12031.087192857067,3.2830835927201161,-23.589052695674987
0.040893019836820178,-0.12990609309052412,0.23114603833985212,2.3209218667866272e-06,11565.108758502343,-12059.706910587509,1.5918990215938291,-11.651462222790725
0.032938594175317151,0.12762191896258299,0.23180929551834345,2.3109933862939364e-06,12297.776058273321,-12000.05488901709,2.4045860037894671,-15.150006909927983
0.014031618488326736,-0.12440872899053247,0.23269111739923806,4.3836023873247475e-06,13324.101007688203,-11896.923765311554,2.9579552090283507,-14.657462307420218
0.018890356337584978,0.12934467738948699,0.23255719538644293,9.9769990441255234e-07,12029.120581269059,-12099.470498016033,2.1307319470552213,-14.789850915691234
0.022981896831438128,0.1291114572015481,0.23220340709803497,1.0675260915226086e-06,12050.324112153354,-12082.816015354563,2.7742684501383361,-18.120646451274791
0.074090111737062286,-0.12896243992886272,0.22701462847353088,2.0640584665172951e-06,10880.400754230219,-11850.919341358096,2.2952075784528256,-18.824621612685611
0.040826516298812426,-0.12409394531791755,0.23116756925528656,3.8603654593647397e-06,13026.797002590938,-11830.94612851338,2.9665255672764594,-14.64587788115267
0.075469079000224176,-0.12795920900328975,0.22701261985075138,2.4518469043190247e-06,11072.472498214058,-11811.407831174694,2.0932576117313668,-14.928406811093247
-0.089304768131620582,0.05450542177318967,0.22502174711844167,3.2876510564183442e-05,22864.200743624337,-8616.9539525642776,26.715993785806585,-50.552661289517047
0.11900859271022506,-0.068523466348820616,0.22062415443154276,1.4051647040842907e-05,18721.528141181563,-9682.9575097787329,18.44431267738964,-44.040437772678807
-0.052497153388947095,-0.0032550238232606646,0.2300343354450454,1.7239106549506081e-05,27729.172563775654,-6885.559516182404,37.906821462598451,-56.43392700945396
-0.052501402776517422,0.017234650370062849,0.23003386641324294,1.6005655095691547e-05,27482.574181582069,-6994.3190214456445,36.494187393191197,-54.993733748557347
-0.094803313571096975,-0.090228674696122071,0.22420769830296891,1.3325510153549198e-05,17979.429166839553,-10117.726004889064,17.712404372858455,-44.288182207758233
-0.086311780474004465,0.058518115124338667,0.22546485304240382,1.2957849399556606e-05,22717.603183348663,-8687.1836152598662,26.468852463228323,-49.592724763543451
-0.10914418927430403,0.052262049583854171,0.22208455991891132,1.7351204678248665e-05,21256.753287088475,-9021.5684249567985,23.887741624819927,-49.287684655189494
0.13797443249390751,-0.069809129267462536,0.21770887270619893,2.954685910833501e-05,16478.561382710868,-10076.834244137039,14.771006060593583,-42.393721292455474
0.12810700632695468,-0.063227349683439696,0.21927255282857613,3.5706584456304602e-05,18245.074725153638,-9744.2985989545432,17.799410607198549,-44.722422222187603
0.12388246327269101,-0.041910181244228031,0.21990258750046715,1.5403382598904244e-05,20409.958837617876,-9191.3638627526034,21.53687069466136,-47.19278735317269
-0.080481304070774806,0.040024943364455952,0.22632804358287203,1.2428288585709662e-05,24701.358263723625,-7990.8740920596802,29.33121298571178,-50.452933593554981
0.10040109254566811,-0.049174269731569409,0.22337895815820044,1.4288604415362599e-05,22356.188337599233,-8718.0825171939978,26.630290216434307,-51.52476122699521
-0.12905256646921093,0.071967918466683239,0.21910675522335135,1.3545419317122221e-05,17279.32682113058,-9965.4548173697185,16.552671681969763,-44.181329646006859
-0.1681452510116177,0.10689981013881043,0.20728822377554512,1.3221455855668491e-05,8828.7119557538026,-10683.678107467942,3.2740931407162948,-32.335897944021291
-0.14659352598697969,0.11154632237529638,0.21295837286273239,1.4385518154526896e-05,10291.6070173711,-10883.0467567866,5.229892916554868,-33.94372541737706
0.032180331533013688,-0.087897502895330035,0.2318275077731603,2.1652933007792765e-05,21290.860249856953,-9584.1998254097434,22.545471768368767,-46.87133305988047
0.039917898307510538,0.040085837750853337,0.23124713485042153,2.3963580664757611e-05,26829.766135950344,-7334.9600180703228,33.844204892755506,-52.652324158242621
-0.052904655933470587,-0.013708141041836944,0.22998935680993551,2.4340624824887804e-05,27565.220756412389,-6956.7279422437186,36.264082477543987,-54.87491499128604
0.016718416891236182,0.098796719852237619,0.23257762848316998,1.9664653719879664e-05,19480.51592690777,-10265.703867376129,18.196390450598596,-42.870788410121328
-0.011228807409694976,-0.059745686553367032,0.23275406743132829,2.5765602881795137e-05,25646.682381349365,-7926.2856503493012,31.368009141147773,-51.196476110950989
-0.11937822631397105,0.066459714158362923,0.22056943090500281,1.4866422647823477e-05,18887.600854847668,-9637.049354123079,19.472565595186062,-45.973196264263052
-0.071135316668109891,0.038854029164839536,0.22770369661120105,1.5378941835417071e-05,25395.092388253724,-7778.1817928909068,33.114732548875239,-54.905186177514295
0.071287645142626754,-0.037108231119164579,0.2276813754098953,1.4371634788979379e-05,25516.971673144337,-7722.9592204613618,31.980469060531103,-52.205062349998656
0.00060094053293629221,0.099612449807770925,0.23287429961309652,1.7387587119466036e-05,19396.309285629304,-10315.336962937163,18.056850261309229,-42.541144064978795
-0.085444737580136931,-0.028256052819623588,0.2255932170340241,2.5505489650930785e-05,25008.599156369211,-7841.344320892551,30.507539335913236,-51.821008244425983
0.1289049946309492,-0.070130055871328603,0.21914110630867631,3.3010523327533507e-05,17486.189035640324,-9918.8985473843077,16.353411535356038,-43.087569125915778
0.11877642836158035,-0.064294920272983613,0.2206585259057971,2.6839266676733595e-05,19181.566153329386,-9561.0100937533516,19.373109186274313,-45.154898394224524
0.12175752689994568,-0.093029182425456325,0.21996184278471795,3.1389424054216153e-05,15369.991531482596,-10454.162912470571,12.836247984476465,-40.015022008873288
0.15476982668649975,-0.088910543936772113,0.21331665458602117,1.1665991672687438e-05,12551.527189204366,-10568.93048859563,8.29540163316363,-36.66535714530373
-0.15144771825773382,0.049389145681934199,0.21579031687891431,2.9946584495204652e-05,16364.471104551285,-10037.320203875039,13.206313070005415,-40.392820012394637
0.15169086450283925,-0.050498101794148639,0.21574789361367827,1.8993578808596849e-05,16251.252625310672,-10057.21190873382,13.549800918266602,-41.454163883156987
-0.20000000000000001,-0.068760333600992221,0.20347178404355765,1.4942147600706516e-05,7064.6788600283935,-10515.352061052476,-2.6260651834394877,-37.838000998398662
0.20000000000000001,0.068760333600992221,0.20347178404355765,1.850249880958091e-05,7071.5641018367332,-10512.681665769764,-2.1388275120821261,-36.993513062946484
-0.20000000000000001,0.06876033360099218,0.20347178404355765,8.7582753473747292e-06,7047.0196527048302,-10513.667721001939,-2.8772529062871648,-39.163815966554282
0.19971763446660815,-0.069608423014890841,0.20326517714097986,1.5231177682130592e-05,7087.5139777990407,-10512.11044069245,-2.1822476635812191,-38.237553342520023
-0.0019364061091594314,0.05660405699477622,0.23287275127934701,1.7018645597046697e-05,26041.30452305013,-7763.188498479969,31.665668975794954,-50.857494747150518
-0.16636615283675874,0.068908371731824333,0.21225385014691692,1.6508279280926088e-05,12926.56005777576,-10466.954777169249,8.0295225614615244,-36.184078954170722
-0.061399941889473848,0.032602408407710504,0.22900154406727588,1.4885419589525772e-05,26360.985904383131,-7433.057883387024,34.541002275972509,-54.314405616512907
0.16549612454380899,0.11378380861540907,0.20697352313179321,2.0297893243737442e-05,8147.7890800884634,-10723.631590973546,2.2804104924689699,-30.904829622707329
-0.015155927106771211,0.0068088711206014292,0.23264520951612952,1.8133458280091682e-05,28854.668153284587,-6474.9990387133148,37.56595803681892,-53.410481397982664
-0.11413712944026917,0.038284453694224972,0.22134536496770671,1.800622201838397e-05,21745.356092961243,-8836.7149216062389,23.644234637057135,-47.7881773606452
-0.005906913621775289,0.0079690653282918737,0.23281234746587895,1.4826396047974542e-05,28921.190048050303,-6451.9077760493292,38.830270971426465,-54.59754502281961
-0.15617287505297528,0.11436010232155881,0.20986108509019946,2.9868440679437727e-05,8969.0593104775489,-10830.208942936488,3.0636424957442956,-30.299124914945121
0.078513946798983131,0.069621783503779427,0.22661930694958274,2.9907873933934203e-05,22020.098807199218,-9000.5056606084272,24.939551641836086,-49.424724299229354
0.031951497036821777,0.12589820059993104,0.23185778540633945,4.7971853012806334e-06,12734.709050336263,-11934.277564544596,2.3945871989325664,-13.154507261833597
0.059782597573012249,0.046968357131159447,0.22919910751867592,1.3229664765284906e-05,25462.908475513716,-7812.390057962024,29.867002756760417,-49.016270595783581
-0.17056931022263547,0.10357514397163986,0.20708883400806719,2.1900080102981103e-05,8978.4698949913509,-10657.119521867231,3.3518537517971376,-33.089131038354211
-0.027689823942693113,0.12567308360701973,0.23209377463118569,1.1388140752498757e-05,12857.014140046522,-11934.691495252244,2.6448389056172528,-14.798577983543172
0.11057697322196516,-0.080595233265320212,0.22187228233195558,1.615869200922364e-05,18105.969346101763,-9921.0843379443559,17.507010259106398,-43.907147369191911
0.038991217079630477,0.093603867079792458,0.23127941033471999,3.3446602518897653e-05,20082.363540430324,-9970.8855059931993,20.440499078586843,-46.044006646971575
0.20000000000000001,-0.094771660708707239,0.19880855548063325,7.102771740251991e-06,5406.071314170872,-10302.96343809413,-4.7078893785061693,-41.604357369094359
0.17929075778464448,0.12985963431783162,0.19868552835445341,1.308036455017438e-05,4145.8548903942128,-10309.784862271188,-2.7923682614136274,-28.130044678836054
0.1237587199142319,-0.074016239554188581,0.21990380877186594,2.4018425406214506e-05,17623.84529922454,-9925.3691084219554,16.697413456260435,-43.284136266623932
-0.1904452923352096,-0.065899723889547984,0.20658064048809885,2.4541950161102234e-05,9234.2615134295829,-10598.891942782666,1.9802407869797822,-33.149094088845651
0.18999703205319046,0.065824461335457773,0.20670945541663466,1.9647406207270118e-05,9314.6444325733082,-10600.924753357704,1.960430030770733,-33.239248421421294
0.10457403128649387,0.12184594999799477,0.22203434747910245,1.3004617757166491e-05,11205.325618218327,-11412.690880766992,3.8675677591383706,-22.055135589975009
0.13956810512524875,0.096616489836767683,0.2162022370227219,1.5346432948358549e-05,13200.560977816536,-10638.085154961926,9.7662201162606248,-38.382446973714679
0.10480612252784345,-0.036846560027505686,0.22272680215101953,2.1800084632669608e-05,22796.236926102982,-8543.0678219592974,26.642471252590006,-50.907013887018664
0.037108218518198267,-0.042744748182059727,0.23143591632446267,1.9723328795826283e-05,26727.572426404015,-7388.936922369252,34.078088319596212,-52.969279909429211
-0.030594377177712562,-0.11848621404407228,0.23190398844576363,1.6196425566658169e-05,14630.349298001287,-11570.569837634488,5.7414398345020103,-22.830944588435468
0.1168057970986917,0.086813507235535978,0.22090196911937737,3.4140363427856536e-05,16696.893994587928,-10212.972594449953,15.42087804953551,-42.828250088317247
-0.095702413807300796,0.03289947693117181,0.22407458828499616,1.5122192771652008e-05,23880.743405775018,-8209.9592986668085,29.476284443135373,-52.387915849160883
-0.18110608836421582,-0.06312549992016514,0.20929093312729949,1.4576240575855272e-05,11033.91409304009,-10576.435445411185,5.1825310377089311,-36.757218772002958
0.18157776137162251,0.063601789180366908,0.20912773454294306,1.2027963117015612e-05,10934.802254893768,-10578.98090129069,4.8558968723176053,-35.031126477169614
0.050667373650064899,-0.034801755807913427,0.23024528032544192,1.8654419064098142e-05,26779.614335251208,-7303.8766814575702,33.428805303849096,-51.692898287286781
-0.073317257563329088,-0.055714285030486428,0.2273886665489947,1.7340377718919408e-05,23879.445050335675,-8358.6425547961826,29.068272763980076,-51.959896619725747
0.12464892081636492,0.044117244420008722,0.2197891149717037,1.3727140636033126e-05,20174.997263399193,-9254.282965512708,21.080616768937077,-46.582010095408343
0.1671861095819373,-0.12326878572436589,0.20468443944120204,3.4271882439566817e-05,6452.1956477353515,-10677.838880864585,-0.19454648310119985,-26.385918050413345
-0.1668725433214685,0.12364270726499424,0.20472022655380454,3.1215810936735072e-05,6425.9307171333612,-10680.159562513496,-0.17672219135826062,-25.396156385029023
-0.12350764301663854,-0.10772036570916498,0.21893957097859354,9.1627484343219501e-06,12870.866157623541,-10893.557337738015,7.8330600755494864,-32.343266939659152
0.17273677830023196,0.060282327649294379,0.21147730607039048,2.0548695288165401e-05,12552.741367690958,-10495.524902447933,7.4032608011616547,-37.467641814923319
-0.17120606173171335,-0.06107668591836328,0.21176184065237186,2.0453856901729087e-05,12741.560083145958,-10480.084872413912,7.7811296553932658,-37.56875788549695
0.023008363481355043,0.052693847189010649,0.23234032204064947,1.2229308530459049e-05,26206.854847580613,-7662.1369003352638,33.497210359382777,-52.995094666556199
-0.0014361299732149968,-0.0029646601777902409,0.23291211233430439,1.2965267065098616e-05,28984.131797881659,-6424.6738463103375,37.875826780479805,-53.411660847016734
-0.17696087181816827,-0.09180684154949606,0.20693220688342293,9.8237592964079383e-06,9467.315076326995,-10604.98290402362,3.5970756637842878,-33.64606896710864
0.0018534565542563484,0.086365150835512217,0.23286106792560801,1.9242834596616982e-05,21943.723731880509,-9418.3742490615932,23.876501409750389,-47.367226594302132
-0.046437034262884896,0.12876218183070584,0.23067626905531222,1.4054107658462203e-06,11746.336360784959,-11996.061286873626,2.7209204706857042,-19.4180122404549
0.03389338468867524,-0.1107256490982874,0.23170391526989587,2.6020903022484684e-05,16496.069552232559,-11095.173969499598,10.767736358982694,-33.883654990811877
-0.14491590432080428,0.10273104306488302,0.21439538501980659,1.9993623252416348e-05,11832.186591188263,-10752.753041379574,6.9792127224678921,-33.827992789352159
0.071709558099101622,-0.12925051011830846,0.22744310549946631,4.1161192765291765e-06,10894.570924928708,-11875.864862664477,2.0005975032461012,-17.378347312840283
0.083071475407297785,0.024458969505173719,0.22594457382135474,1.0041571368758622e-05,25358.497335118602,-7716.9283969805947,31.916943025394275,-52.784880602847046
0.041971876274214642,0.11020526399013267,0.23106727270716723,2.3624609628976657e-05,16447.026800947609,-11057.310946555303,11.202324715073303,-34.549553805769222
-0.04316559876709801,-0.11184277155952224,0.23096274116422899,1.657000660903025e-05,16016.56627911929,-11163.692557133432,9.1386512052139803,-30.6597827687545
0.13853527469772786,0.12041728527684842,0.21409527647913978,1.4349688327988274e-05,9369.6289962305145,-11072.860934067459,3.0721273195687582,-26.097916544566722
0.15922161134935339,-0.025373863483021772,0.21467069627609237,1.10589421962904e-05,16301.670764936218,-10045.013506654688,12.881194816293691,-40.993003566854142
-0.16795817203794183,0.10104513909686857,0.20826894646212069,1.0473240443425034e-05,9599.0458812529778,-10667.360988452396,3.8553631052609032,-32.640843623884393
-0.051466475147034757,0.085761500242629185,0.23015513924190936,2.4396831185113414e-05,21059.460206286531,-9553.7370257312159,23.149849327297993,-48.780419809369874
-0.054143223954902411,-0.071184818925770749,0.22988797389325571,1.4645672672393408e-05,23114.78070577711,-8782.6365127709814,27.164519512823301,-50.382711261578066
0.11530266768576299,-0.043180427649491662,0.2211728093275695,9.1408946483878167e-06,21311.45918915539,-8963.5635801754233,23.370680123540808,-47.88794551838631
-0.11853906387788896,-0.084976890652859946,0.22064649490304181,1.1657010881866235e-05,16809.482481104977,-10166.55922664884,13.587566263262486,-37.469097303491736
0.086971700386412318,0.096345521546353854,0.22536715319997899,2.0951269221272842e-05,17465.221816841218,-10347.265021699406,16.06593707512318,-42.428299140791033
0.016771804245480186,-0.12374156348364977,0.23258717422368891,1.2736187419345378e-05,13464.185210655214,-11863.594116482858,3.4563134734992067,-15.989094016133578
-0.038361094425060104,-0.071492481770390082,0.23138346059853723,3.1505543423107075e-05,23652.141807195832,-8664.274981348206,28.095923185017625,-50.691823527913961
0.14336334011935059,-0.096763389659282301,0.21529662621917814,1.8980807864086274e-05,12815.99362376208,-10649.324187539838,8.566490789265174,-36.702755554213617
0.035960089653456935,0.086675743388552245,0.23153730206598827,2.7753745713718308e-05,21410.178017329286,-9524.8742220155946,22.960555678931758,-47.780331165171361
-0.034317063855548141,0.043689141924788358,0.23166391128981062,2.3597562769631119e-05,26760.222775447532,-7380.4282873694883,32.860673803423822,-51.193754830472336
0.028072946025141269,-0.078341646465880599,0.23206053514900937,1.6438273013301268e-05,22955.049614380532,-8977.7850880075493,25.485358897336493,-47.798369148534334
0.13108716432476958,0.10035262032039038,0.21779594124385898,2.4139569587498458e-05,13453.037183242132,-10700.518982169162,9.6447442956473513,-37.342795503632665
-0.14224423127106472,0.051878254582647026,0.21718349891990568,1.4136400556110809e-05,17442.773245536271,-9852.8867935120379,15.980105366931779,-42.985627099951685
0.16054470421448655,-0.10190409012438491,0.21031201772430619,3.0869301252093114e-05,10325.021384627737,-10707.737963036992,5.0668559414882859,-34.641249094837931
0.15714382839531582,-0.071630366256601338,0.21402582063186565,1.3702526048900859e-05,13963.690034444548,-10384.399303231774,10.053586945374343,-37.834563741722469
-0.018610117872404935,0.095952380952380956,0.23251601284899459,1.4404483185684438e-05,20022.357886664424,-10083.08515184882,19.615063434981934,-45.318014485504001
0.16196121106333497,-0.057663532175579263,0.21383521528795107,1.7713489283453059e-05,14323.224591583443,-10329.290428155882,10.25942307922244,-38.935121817024701
0.17694079141302821,-0.12999999998364989,0.19965523749135913,1.1724136973637383e-05,4339.7669091969401,-10369.675255891381,-2.7068771775437357,-27.581585787376419
-0.17694079141302821,-0.12999999998364989,0.19965523749135913,1.9034134300372053e-05,4346.4997894185872,-10369.744083765141,-2.443383199473399,-26.782614270404082
-0.027896322114066761,0.091916165251116344,0.23205608644321229,2.2029025867287118e-05,20655.869787886637,-9829.0417538641741,21.246886340523982,-46.121072200806168
-0.033797369626888063,0.022234000482857175,0.23170868847260911,2.8426908849340959e-05,28046.762185802247,-6806.8698599338059,36.557982744878466,-53.679315161853665
0.033600821279498649,-0.021445691890860649,0.23171848994054164,2.4263081872890349e-05,28072.622993093384,-6799.1549638672986,36.566801471467379,-53.721709381832149
0.13313687929219681,-0.049034217299046494,0.21853248944790143,2.4835009288883229e-05,18815.052837451898,-9573.6898254093667,18.408965908065607,-44.859028305217748
-0.19058596260238053,0.070551232613312101,0.20596035485903497,1.5558435238587689e-05,8934.8532531623841,-10587.118140951103,1.834403559136814,-33.843726760406426
-0.1520317682424196,-0.055847853249940856,0.21564704024438464,2.0327379120629615e-05,15855.439159067111,-10124.272601022109,12.880989208106188,-40.229288976322181
-0.1067271543995075,0.10212194336170904,0.2223224488184013,1.4859911555584619e-05,15089.174034651816,-10696.825248658313,11.281322102377628,-35.793735907532081
0.16947274381363495,-0.10848003304881181,0.20663533970790682,2.3762812891964991e-05,8475.7208557698177,-10673.821717878127,2.7911822248690847,-31.649727199644275
-0.1427237225298833,-0.053978501465278571,0.21710277868549613,1.5195973099943932e-05,17225.907100587829,-9897.3137801061148,16.144981574061728,-43.937348446158644
0.018502702316195316,-0.1199511092306428,0.23252570842386705,1.3884902975897599e-05,14413.180840678995,-11665.940131488127,5.2377114784649166,-20.928930249966879
-0.094907809615295602,-0.039565714306479711,0.22419222786957199,1.8237379784802214e-05,23574.159162137425,-8323.5621193248553,27.30052890662169,-49.770827195004728
0.073759752721563904,-0.12661691130376893,0.22728644557419531,8.346975966129686e-06,11455.38449036662,-11782.033986690016,2.2270103031964457,-15.297789465372956
0.025314796244814017,-0.076846378600803303,0.2322161651323526,9.7867388756852593e-06,23240.416194075504,-8876.503560619396,24.871393546465967,-45.799169082329662
-0.17136411471148078,0.06493060186465606,0.21145080820190251,2.1133737001120843e-05,12463.966209013854,-10503.685394673768,6.6724460501503424,-36.20435945885729
-0.1139150167102715,0.081897667050832387,0.22137637815186317,2.7713744302396602e-05,17632.002404012466,-10011.405221174189,16.735209412686707,-43.350594520891981
0.17891614353361449,-0.11429524713283977,0.2023479025304657,2.6837110095454011e-05,6592.3018707896035,-10534.707326364447,-0.050354058237706348,-29.406623367011068
0.072515024786346471,0.045012328203759729,0.22750094711756819,1.3951027999310912e-05,24873.194522895115,-7974.7125803849094,31.908889076892677,-53.999414307535723
0.17550701570073343,-0.12626521287142589,0.20107210832147845,1.4398718399115802e-05,5140.871986768102,-10472.288944927066,-1.4900797688432272,-25.333688483517378
0.14331105058473628,-0.056092481718086118,0.21700381336381058,2.0555757041660915e-05,16998.83518471798,-9941.4015222746257,15.196366941352725,-42.618677013755253
0.15268224492769045,0.10669439729812641,0.21189880922668805,2.956216792252671e-05,10479.150281451004,-10787.745129821937,5.2045495527947434,-33.280662015721312
0.15201076162426538,-0.058800462106234457,0.21557704161014798,1.301091962838911e-05,15644.702894203947,-10160.206914941416,12.527316747705141,-40.243231221900032
0.10553799190394789,0.07216132557562982,0.22261845033229649,2.6851347040542721e-05,19624.260281528368,-9539.608771689389,20.353520719779702,-45.846874715214753
-0.18088357249178849,-0.072342636408475408,0.20838677713286619,2.0376762912722345e-05,10501.057535710199,-10585.482390056239,4.1475190851086792,-35.050308236839861
0.18149637742118926,0.072393190820772516,0.20821653747910088,2.9284559241548997e-05,10393.86733265805,-10586.7310421934,4.1441336709866654,-35.538128856668784
0.036853712223046876,0.015856695880670013,0.23149025033246198,2.226538617604209e-05,28153.66084535763,-6752.2812037444191,37.574416100012101,-55.0835384894268
-0.10519379409910438,-0.043031530387060785,0.22266940813893921,2.4867169394231953e-05,22373.543131077768,-8679.0878021550634,25.710780575081976,-49.55328697766975
0.12112958247139806,0.082722030328076387,0.22025715613987323,2.1846965775543468e-05,16853.597790038297,-10130.692107694193,15.115975298134416,-41.300779400681158
-0.07597829676317612,0.054078741341442499,0.22699470493998267,2.5816417635371488e-05,23869.598054203372,-8341.3590811440135,29.072222180236455,-51.930771792131843
0.067283495069820121,0.027086535980706105,0.22826785403359343,1.3413894298854241e-05,26320.477380476656,-7416.7449388445129,33.043609766006568,-52.390011807724726
0.13302996226347139,0.055202020075295039,0.21854831830328617,1.4237927382305632e-05,18371.25734670135,-9681.3326523314627,17.358201097412429,-42.91107316505289
-0.16251872058182046,0.066743067497577899,0.21325438489684798,1.7462015743444979e-05,13630.48316443462,-10405.563709552194,9.0678154430917246,-36.917955124675885
0.10845953765263237,0.076944343728713296,0.22218592124214998,2.6431921722498807e-05,18763.399530636252,-9763.3441512153331,19.103702892064927,-45.915082133826814
-0.005094575405948455,0.024297028509430614,0.23286187854195178,1.7980515071071661e-05,28424.225232902292,-6692.4784328063806,37.830617911241994,-54.61987492257424
0.15212080199409811,0.06810158346684142,0.21528009771351714,3.4257566277452726e-05,14897.357823806457,-10280.152416732612,11.411955403415133,-39.361679885448787
-0.010059111714801609,-0.079082821270331796,0.23277336551789812,4.1979138160133459e-05,23094.542780138985,-8973.5084188253841,26.651402844606501,-49.946909002584256
-0.01139754189209727,-0.085737891054300713,0.23275110186824932,3.0635972875296749e-05,22005.356414412177,-9389.4876490587158,23.695808532464859,-48.073031567365604
0.0029189017551285211,0.074797660644557354,0.23287242020787766,1.2972947372940225e-05,23756.43585301048,-8719.0537737348695,29.055090674591611,-52.337941306594224
-0.0057391844379458589,-0.128978112698729,0.23269469405129894,9.4840879570737052e-06,12218.607442017936,-12098.983524558866,2.0725768020419917,-14.462171357270858
-0.010670904571749707,-0.12899282800327586,0.23261026181099667,5.3616270141901796e-06,12198.332079165286,-12094.042977894771,2.5976510340913661,-16.237781627915986
0.010759846009026654,0.073744235907184291,0.23276230957955721,1.4451050844552734e-05,23895.841658799432,-8651.7059226353886,25.639197419390186,-46.109345556686975
0.013720300750687269,0.08126387816091668,0.23267910286647173,2.9293256740192642e-05,22705.289987490258,-9120.9418633991336,26.120690283057598,-50.139900045108512
0.0034697313663902456,-0.056084025694823493,0.23285517952423801,3.5697171485356535e-05,26093.457370210883,-7740.5121250132688,32.552095221544469,-52.280354556082258
-0.024118532355519265,-0.12849233690811657,0.23204717557276383,2.9732256090066897e-06,12206.196120271959,-12055.808422034721,2.7477334476162718,-17.69866432017777
0.020594484151323166,-0.11686327621871499,0.23241857992420004,2.0916978774871215e-05,15188.008043484575,-11484.364921629927,6.9899878428108719,-25.549485684910543
-0.020288587330106286,0.11801538557869809,0.23243896053314383,1.5785320362845554e-05,14892.351954478296,-11554.818521735808,6.7166902975943765,-25.11169400952118
-0.015074418786340029,-0.080797313433766768,0.23263272144176222,2.0297261316213188e-05,22779.797801270324,-9085.776304771518,25.841348709670577,-49.090427029694645
0.0023387462529115997,0.049429583647625411,0.23287430659530992,2.5171627364556138e-05,26752.991410208175,-7449.5688654933747,33.30762692652204,-51.879256664684682
-0.018613328894851056,-0.086909579934642087,0.23253070931917583,2.0179663974681644e-05,21712.97213352711,-9481.6488582527763,23.624834386933973,-48.276098812308092
0.12150458976664372,0.003268122036850619,0.22025462698659098,1.2192957917601899e-05,21996.90124873797,-8732.3568052525497,24.569906831640374,-49.438897799415265
0.02142249251161964,0.10429082578883558,0.23242217378683494,1.2373140375921046e-05,18229.449791650419,-10652.421952601493,13.407402479744434,-35.901780470223272
-0.19125773426875042,-0.013433334275995423,0.20986558264514624,2.2757757635841423e-05,10595.326808471835,-10672.557580654613,2.4380395772585977,-29.454072023588758
0.019034386954602731,0.060722708478642529,0.23250335939565087,1.2678792270322216e-05,25441.800145952875,-7998.6138871843796,31.018908219751033,-50.976392607672615
0.034132776370484702,0.12389292827086709,0.23168179853459109,9.1214157475921939e-06,13192.96095184371,-11841.74816159792,3.3257324787760418,-15.77928207848784
-0.07412953156622476,0.0050266499215649851,0.22726514864497066,2.3072566050790986e-05,26504.248519018885,-7300.0913803875865,33.464287470940278,-53.118477401837147
0.038146978095958968,-0.1037639645738636,0.23139916220066609,3.0703809235681233e-05,18016.419422607036,-10637.881185297747,14.88857872501937,-40.000521683892785
0.19348638878395363,0.03302260584049279,0.20879558601606815,2.7419571033620887e-05,9824.0238807891892,-10668.070624197275,1.0501899075657706,-28.561662295418589
-0.19350368406230509,-0.033150398344174652,0.20878486179873285,1.8827828627377757e-05,9817.1713957687971,-10667.23394109449,1.1813333862870947,-29.459956079023222
-0.078552567397489101,0.0086931097718637301,0.22661358924608957,1.3652552697815704e-05,26136.121166884684,-7429.2695492842295,34.213027545029448,-54.513633864576128
-0.18781522237731346,-0.03752913936789349,0.20969922859637133,8.1645681805403536e-06,10911.125535781093,-10624.213493133753,3.4233665165147942,-31.212424440494065
-0.032128522041930535,-0.081457503410718016,0.23181362705013883,2.5318231977791455e-05,22368.35522409968,-9187.797142540594,25.25183279227566,-48.970641172635233
0.1386852424197394,-0.025491696323041425,0.21771106522189398,3.9565551950572363e-05,19315.666623446421,-9436.3904890797767,19.069172199925628,-46.013813958792277
-0.055061803771249751,0.12930233335930993,0.22965027060745058,3.1145899030954091e-06,11392.76701551499,-11975.4428146717,2.2079617852096831,-15.974496484830453
0.16663533280868681,-0.10012913485302706,0.20880593997232344,2.7783424430668225e-05,9860.4855850899239,-10669.28155582937,4.6872303555747274,-34.684694492400006
0.059597487895156114,-0.0088197987952313255,0.22922171922013773,1.1914482547281856e-05,27330.521975940828,-7025.1192282947386,35.989680083716515,-54.794519279664037
-0.0010396554520018014,0.095466219975691477,0.23286425325543261,1.9394982222545138e-05,20238.493134317443,-10034.29684177265,20.340373541287118,-45.661963479935302
0.1521480896326515,-0.067019957675508529,0.21531334460018853,1.4139574267969718e-05,14989.591719632195,-10264.780322832929,11.539357908048913,-39.37047058848858
-0.065899698959175829,0.046130764477951267,0.22843539567276375,3.172352059556173e-05,25182.350581649527,-7894.2791994011459,31.212284281654565,-52.308663817362451
0.17546528812615447,-0.12287733867650689,0.20181064660395862,1.0818351115633891e-05,5715.6856985860395,-10518.617032506465,-0.64471326933121764,-24.922388722961092
0.14401335445533195,-0.10271736457980285,0.21462627353830735,2.4590569075820325e-05,11916.163297689733,-10753.178743777766,7.6240604013668722,-35.655323084551036
0.038390247268364333,0.068811739468495114,0.23135148412740295,2.2698522446428915e-05,24014.182927426835,-8519.0649462832735,28.454885636426948,-50.341629804377931
0.13625210019657721,0.034422650407278502,0.21807128713266,1.016683449735514e-05,19279.748798304092,-9447.9767315832087,18.88129432290113,-45.040929040478147
-0.067008933124207498,-0.12380952380952381,0.22826788917521662,2.1516813257257e-05,12349.665630928796,-11723.502614330971,2.7709127452337219,-15.620082450842268
0.06644516088502439,0.11039335662909905,0.22835054453264972,2.059591408945791e-05,15621.44291267603,-11059.392256468262,9.5945470461316944,-32.806542215358576
-0.092561137331481372,0.067819897391124914,0.22453964807623736,3.5183387538369259e-05,21227.485735219052,-9150.6466071861323,24.218258345109625,-49.550599060219113
-0.17000857015116994,-0.051854562620332743,0.21252357495055171,2.0060758930839008e-05,13462.023492930819,-10421.529951768534,8.2880941296523254,-37.607617547713126
-0.067462289978312287,-0.05171460845723555,0.2282178413440267,2.333231615539349e-05,24621.46605231885,-8107.2958100473816,29.70680092265173,-51.141672032444021
