x_m,y_m,z_m,area_weight_m2,pressure_real_pa,pressure_imag_pa,normal_velocity_real_m_s,normal_velocity_imag_m_s
-0.1999701048105022,-0.11787555851115113,0.19338229228454323,1.5807904715315664e-05,17484.048656365787,3161.9209188604082,49.97973794446127,-3.8488573662724987
-0.19992832072856451,-0.11111634915348453,0.19511711215271937,1.6662918530275444e-05,18904.617417269277,7840.951595279319,54.569352536006704,5.3758892749502287
-0.20000000000000001,-0.10580359683743601,0.19637703451451632,1.6362283812741301e-05,19481.016384156825,10967.297873201382,56.967633741754206,14.183239071258582
-0.19987382661170983,-0.098480913133130107,0.1980766431054731,2.0424275569644977e-05,19764.22353624726,15231.47755707834,56.84009947619581,23.422544554744121
-0.20000000000000001,-0.090772011712525733,0.19964305107257804,2.3227924671903357e-05,19699.680417536601,18717.734502371401,55.32409050613478,29.564838360856722
-0.20000000000000001,-0.082666681620486723,0.20118904863574136,1.7444136813836384e-05,19392.613615867278,21826.452371464209,55.68396370692151,33.869802186946252
-0.19983307644294723,-0.075273967238548511,0.20250920161154443,1.8416265742307833e-05,18645.788372597068,24220.833889031215,48.611442666782992,40.699902301868953
-0.19998214727189342,-0.054804880204953735,0.2053742830218187,1.2618082514974596e-05,16903.882825998546,28131.872633556519,40.235930430786574,41.609472008216713
-0.20000000000000001,-0.043711750034850089,0.20656461150605362,1.4405365738745967e-05,15992.344734776942,29247.124079688219,35.923778121745428,40.787642708598177
-0.19951977141235133,-0.032783731861708007,0.20756616206760875,2.0063977804644586e-05,14176.16933056384,30716.987149169585,30.466187076417057,43.114829617241419
-0.19959228701698492,-0.022379550530939228,0.20800847900325056,1.3940218048623965e-05,13915.206626271156,30840.872780444672,30.159221775598034,39.244568048290709
-0.19948102319771568,-0.012076500221800696,0.20855955682909205,1.3642702782519977e-05,13402.200450821256,31131.608167732156,28.637582393013599,36.779164351861432
-0.19964501864777448,0.00073101668668726176,0.20855926983347273,1.321035486871712e-05,13654.85039549268,30726.825905376481,25.003612844580061,35.086766885740268
-0.20000000000000001,0.011126198357847856,0.20849977418233165,1.4422089143599459e-05,14480.286661450595,30281.415250956408,28.673150859838675,30.050417300936626
-0.19974142704930645,0.022074040541578542,0.20805596851445363,1.2831069895437321e-05,14195.797313586487,30570.171856546778,30.066283802939179,36.249665628286337
-0.20000000000000001,0.032350767326698907,0.20749360674620329,1.643563422544272e-05,15145.118868674042,29844.77810209458,31.09955292400463,37.785126925859984
-0.20000000000000001,0.043711750034850061,0.20656461150605368,1.8996863060753966e-05,15801.571497008972,29305.900558971898,35.087321250947731,39.878922420479491
-0.20000000000000001,0.054051774261796803,0.20546626674534366,1.6409483803936236e-05,16741.481407378749,28218.248826875639,39.113537254303097,41.710102905220879
-0.20000000000000001,0.064008184690156372,0.20418579604128986,1.7792118814548733e-05,17710.633334127298,26727.307086359389,43.871245440619205,41.204785017622996
-0.1998615170252622,0.07452303559703187,0.20254205100530409,2.080707166513851e-05,18503.415372475323,24536.998571226417,48.150187190541487,39.992676023525121
-0.20000000000000001,0.082343017860852782,0.20124767616694061,2.2361589788920069e-05,19404.721880822413,22014.390355569776,54.097738701002726,33.982452867995832
-0.19985239968787474,0.090549629827350125,0.19973352379514303,2.3904644967105324e-05,19730.429334655099,19212.59206241287,56.980838781569112,28.470826714290308
-0.20000000000000001,0.098696682239565084,0.19798706017043474,1.9250550292189787e-05,19908.303779635706,15069.893712808565,59.14575965546743,20.823895102193394
-0.19999999999999912,0.10632581581370711,0.19625047873093215,1.5991285414933908e-05,19509.245958969088,10756.028551874031,57.186017167073018,12.228718251907384
-0.19999999999999038,0.11155734354521893,0.19498265790961436,1.5186241854829593e-05,18855.492386141894,7440.3099049994908,54.455916396314876,5.2628308550041369
-0.19999999995084483,0.1177021658920667,0.19341514269992127,1.652745171555465e-05,17656.745198967368,3282.0338467747988,50.843333716897043,-5.3765427377738018
-0.19998820822727686,-0.12595589220735653,0.19116590248990789,1.2027073581161789e-05,14447.18573073934,-3131.0416083359146,33.521020752295428,-16.977652558342538
-0.19998539063918308,0.12674010076817641,0.19094772106523272,7.4346135818671305e-06,14081.725099254816,-3830.6687762470583,32.843200253265366,-19.478929296390628
-0.19898025681242157,-0.1291847481375035,0.19047564553442514,2.5781184878160177e-06,13192.648571205114,-5308.2090972130773,27.676459973227409,-32.080281444599031
-0.19919788545452038,0.12947862554543826,0.19051244880323009,6.9578077279776728e-06,12909.539307010566,-5383.7717630593743,24.993972686986201,-18.563651890835459
-0.19472558655040637,-0.1297992169059837,0.19238766597939835,1.304268077567806e-05,15184.862144611583,-2348.4639545147834,30.927671774361137,-14.224302688347196
-0.19053687736198491,-0.10872145124060403,0.1993129780860223,3.5296972090000681e-05,16608.700462960584,21629.269189324448,36.35847848155025,30.247875858889834
-0.19080937697591724,-0.10123709881590016,0.20077556742489605,3.7780958831358089e-05,14584.972519300009,26473.441492627884,33.993016943481443,38.873588285869808
-0.18870961663440369,-0.094705438297343542,0.20272537414713149,3.1635879746218112e-05,10548.939910179546,32030.592070390772,26.564573066794441,51.642862845299064
-0.19083026174448828,-0.087903398848728498,0.20326034886082917,3.6645656708845729e-05,10299.742271340185,32838.554930929364,26.689851550339579,53.013969342649133
-0.1904751916771914,-0.080900692083684278,0.20451095902110558,3.4538676761606906e-05,7516.0356194354918,35569.149219028594,20.397980593454125,57.144640419780096
-0.19084389770634214,-0.071090306665871947,0.20582267523826356,2.2609413886199561e-05,4896.5028543643921,37660.462182698204,16.562132019369439,57.745973666640708
-0.18989048337351788,-0.060426473309817451,0.20736785117293938,2.7511458842809242e-05,351.34265686803508,40106.13013570301,10.832036359940615,62.142738061114606
-0.19017478362763141,-0.05061529034763404,0.20827493291270191,2.9200964105303877e-05,-1459.8510949051756,40675.124646803284,8.2435324147474933,63.528979757523729
-0.19001647961361234,-0.040326183187907608,0.20909926393551403,2.334025318830553e-05,-3786.7963231566123,41043.929385611518,5.008126458468892,61.693887839345535
-0.19020543394879191,-0.030554517965405759,0.20960871435132952,2.2907511783082038e-05,-4695.3079472094842,40978.718230270148,3.7741809644272211,60.093276335851655
-0.1905743412047772,-0.018690287301549504,0.20991888375629292,3.0537894832995255e-05,-4820.0304616683015,40634.350917506563,3.6796461038007351,56.323696608722656
-0.19055911679250598,-0.0072831409600858064,0.21003124035694698,3.0848664797004711e-05,-5326.9505864394241,40493.154433963246,2.9058475486626509,55.962931128942444
-0.19032776264481535,0.0029126179439628512,0.21006508570355356,2.3943932221619225e-05,-5886.3852086822262,40542.141854655194,2.7516661166218612,56.280208504098979
-0.1911987730920422,0.014438873249451962,0.2098522545536704,2.5905752722906209e-05,-3763.4736309189198,40052.942514430797,2.9630606325909334,56.24638296518706
-0.19027321961014942,0.024581760042834737,0.20980256696109148,2.4582141780434584e-05,-5105.3933321481909,40880.370636798631,5.0686585815414311,58.23705208833605
-0.1903277038551415,0.03652931443187029,0.20925944933581198,2.4048798662679022e-05,-3792.3238161535751,40814.373189430844,4.2970363927593853,59.989883017721375
-0.19011071776846281,0.046626131291280494,0.2086210989274597,2.7302929225468653e-05,-2649.2989291409899,40651.648819297014,3.6328214970999744,62.795672900883687
-0.19111512714882944,0.055999422488563579,0.20753099744183698,3.3062578705473749e-05,1310.7738451505536,39487.304026105216,10.842388884978172,61.459505108591117
-0.19047619047619047,0.066005392537648339,0.20659105218829482,2.3795697298335312e-05,2812.1276659385226,38832.461719877654,12.302123834592026,61.078578504828627
-0.19011775897247879,0.075494899067016702,0.20543948429331088,3.9204779556409252e-05,5221.8031420202042,37473.901618832715,19.189250049780036,58.406967147498932
-0.19039439156849183,0.083530902555774944,0.20413704030472343,3.5238890184878349e-05,8259.2180760742376,34809.761483146111,20.972364155603962,56.646614207496498
-0.1900579539606648,0.091248722164993884,0.20293405283751695,3.901812259410596e-05,10533.806460684631,32352.18692138901,26.189778784533882,50.830441334616722
-0.19036392429308097,0.09894663186401445,0.20138800277387137,3.2366934105324322e-05,13505.922939496068,28253.242640121138,32.316215530388618,43.611360380764609
-0.1909099934984152,0.10539689822328163,0.19987783582946178,2.7956497290199913e-05,15835.910168172797,23664.442544607289,35.704553276407147,35.314564169348145
-0.19108031410475973,0.11080841041745219,0.19864326329535056,2.6146420654405606e-05,17218.0742230213,19481.301114227481,36.147995619049077,28.315844022076085
-0.19011476794951707,-0.1152177374501293,0.19800029188476087,3.7299005107721026e-05,17970.327694599397,16606.429714901624,37.8566091475939,19.727638022360573
-0.19039630097804561,0.11609542710411706,0.1976888541363655,3.1385960125698129e-05,18102.394924734923,15635.129059446408,37.642086875798427,19.088772159982717
-0.18967025777588387,0.12201773244156307,0.19655006661806473,3.7340504558164772e-05,18601.882115515655,10310.007638133096,35.964726488486662,8.4040623110518826
-0.18874446070765441,-0.12999996526044511,0.19489847254997406,2.2638671569348857e-05,17432.635552133219,1649.8738473345295,35.233194024413471,-5.1916874348394693
-0.18826717708983973,0.12999996747881057,0.19509444422178884,2.8225741244948486e-05,17599.564289277019,1997.4577229301335,35.495548609281208,-3.5592931473900578
-0.18861480901867222,-0.12249338477059733,0.19686223461149366,4.059008964932948e-05,18703.627840071167,10656.046952960836,35.927440567913855,7.9375843135421258
-0.18158455791088321,-0.12355528241065734,0.19935506709872586,4.0679824263834068e-05,18768.64712253942,14895.921020226828,35.561546878926215,14.607872933372137
-0.18161739844088998,-0.12999999838630183,0.19782482965802017,1.458676066965996e-05,19305.135363426198,6022.6767427838167,38.16834666159501,-0.091280089591808958
-0.18082052775595045,0.12968802625739101,0.19821598393153467,2.339133306509016e-05,19445.830840686558,7096.7231336866816,40.053255743549471,2.9009242954212389
-0.18113130929771079,-0.10456174561181,0.20348214676268364,3.061405206561493e-05,9191.9257182737547,32517.510376855142,20.727168977007242,52.654303988333389
-0.18123879842227203,-0.098375319445492132,0.20457196715789441,2.7754898707170269e-05,5523.8397776815536,35820.130568333952,14.493128416727586,58.867974588403975
-0.18063408330742317,-0.091749185706843372,0.20585459727539238,3.074741927235074e-05,770.40825690344548,38727.682972510469,4.6022882980882409,65.477416582942183
-0.18121640117655327,-0.084411028128250978,0.20678866220225184,3.679348445836682e-05,-2716.5365325096109,40660.951129269262,0.46218836691518211,68.368554122746929
-0.18101110139384116,-0.076919861094231171,0.20783188796777596,3.343419865737689e-05,-7132.2226583176207,42015.998731478758,-8.1872761144759778,71.383627081240178
-0.18095238095238098,-0.06791336898418486,0.20886879907072214,2.7602762866826707e-05,-11577.875451189304,42769.636055653107,-16.106189102429145,73.160701636437906
-0.18132483999245372,-0.0588372503278684,0.20964883525145925,2.5906082777024011e-05,-14733.10306543827,43015.42281223632,-18.930048407556114,71.942451863457805
-0.18090353885639815,-0.049078988788496009,0.21048177151398653,2.226134828687315e-05,-18804.940466510998,42627.317107789793,-26.39656045472984,70.741098650638008
-0.18074761458739338,-0.038430394965723855,0.21107195694248465,2.6912034928969157e-05,-21744.193163110351,42019.435129041354,-30.97305353055074,71.862903049419685
-0.18128934427387225,-0.027813774721883951,0.21128733937885233,2.559269551102963e-05,-22733.267619641996,41456.079107321821,-29.430661961963192,69.337310662259696
-0.18124972529588704,-0.017472284402056067,0.21139895291382521,3.1511628466951457e-05,-24059.426150837353,40689.671351552381,-32.284323163748162,69.004212878959152
-0.18128410766963104,-0.0053818668765101378,0.21140438717788043,2.5785012422316456e-05,-24735.348102226959,40195.378529146044,-33.623551896980885,66.942260001601781
-0.1816417170431327,0.0051268876901266261,0.21135144381493012,2.4609030777864013e-05,-24109.290563577699,40332.646425384497,-30.853276029058534,66.899154720204805
-0.18125892614022551,0.016098584745869594,0.21140650367847996,2.6053676718088866e-05,-24194.973347730978,40661.535104902963,-30.491686881822922,68.002073414025162
-0.18102548214401862,0.027470478282167463,0.211344084532683,2.8962477573924957e-05,-23350.234230514441,41289.925227053478,-30.869954805671778,70.093596961926039
-0.18041247988453241,0.038033782399857947,0.21114124101905396,2.9185379245140126e-05,-22534.024750783199,41933.313647838688,-29.552769930249045,73.279083793713852
-0.17958492083359048,0.049363869963579381,0.21073617181818677,3.2942570122589001e-05,-21059.235168979649,42475.701164409089,-27.939445212478713,72.109073997478575
-0.18083736698918257,0.058494926669139843,0.20979971993068161,3.1293083204669141e-05,-15729.839910861268,43048.1627478136,-21.31038083675509,73.443187310797384
-0.18016451108164694,0.068439670777884931,0.20900723540563301,2.4540001471167178e-05,-12653.170037536676,42865.045802319379,-17.247113862949682,72.74907382055639
-0.18115756583161594,0.078132719485714777,0.20762788493422685,2.9163879677989447e-05,-6262.3331112755441,41912.843853882419,-5.827935481422351,70.82035939082661
-0.18043973837313532,0.084977986465346461,0.20693558976496598,3.5369511536428511e-05,-3319.0616496665575,40867.586113096477,-1.0758184083160562,69.103140184374539
-0.18052997876526433,0.092600873520319385,0.20576010325513769,4.4906873694259688e-05,1252.4296831974611,38659.812087600374,6.9012346081694327,64.54629341390266
-0.18185838101039373,0.099699830830807828,0.2041291129415809,3.2773611424852337e-05,6780.5600175921909,34844.644813791507,16.003796428651917,58.146133836687248
-0.18141354410587485,0.10508839129890525,0.20328437064212398,3.2048879146865071e-05,9809.8147762112749,32216.382633056954,24.797564275551196,50.21777297695504
-0.17997507982384239,-0.1105980018577112,0.20273553785588008,4.5335183858237858e-05,12191.298793934469,29084.043099622853,27.096832415917053,44.654397712485739
-0.18148203107843741,0.11089437263430267,0.20214164090127268,2.8959188445923259e-05,13228.016973696416,27988.057372768868,29.073584230733946,40.591146788768654
-0.18058553910582478,-0.11642147906483784,0.20131672859497671,3.0542613552629662e-05,15710.290039032134,23516.666249714457,32.38285341194355,33.351078111007062
-0.17906362903176382,0.12380949394522756,0.20028440532332301,4.8489452004530297e-05,18665.82411063799,16328.265463520345,36.420757595152601,17.985538836863096
-0.17566652949124756,0.11879575157599705,0.2026101529133566,2.6472245942005107e-05,15469.377477786509,24324.146116044187,30.648079052996046,33.546808265615333
-0.17481779599130209,-0.12371701126118191,0.20187196958243164,3.6105414861975828e-05,18130.303670012621,19004.42169892036,35.734224705254803,20.211855053398789
-0.17187185111464434,-0.12973853634836396,0.20166850088029856,1.8065378702877018e-05,20157.557295110732,11860.50579865363,39.043154980366488,11.357368529210365
-0.17260433922645801,0.12999999999999304,0.20134597844648211,2.3040459734907712e-05,20232.913417193009,11212.371964179916,39.793591647288018,9.6178694614019751
-0.17151960195101323,-0.10176917751255386,0.20709726055809013,3.4278555987886596e-05,-624.13421485102492,38170.35476097637,-0.17442646511418217,64.831528650701742
-0.17108470401059281,-0.094974691030438721,0.20824918032658329,2.4242751966780035e-05,-6852.6571902304631,40482.293508683179,-7.9593884127377041,67.482387671499467
-0.17100281140840923,-0.089348588236976847,0.20902982904245676,2.3367455529345441e-05,-11427.810195318994,41324.181322931392,-20.746403041747243,70.909678149148405
-0.17073230336503284,-0.080410081123779051,0.21015699187291628,3.2671844101506451e-05,-18424.550040543356,41725.480965431816,-32.092550842915827,72.802269343009399
-0.1715493768123966,-0.072707797501111227,0.21074633964904191,3.3577103490446594e-05,-22276.502194836983,41665.67492799196,-40.61988088305425,74.03866407965576
-0.17192609787248594,-0.066205102454521395,0.2112259040542237,3.048053954088632e-05,-25571.723988719896,41240.782296716752,-41.69427419646312,73.089131082256685
-0.17245990347180254,-0.056184569888711719,0.21181359659607824,2.9774864324819995e-05,-29551.736262809907,40016.119674410373,-51.430856634641842,71.480456790120954
-0.17287168664579824,-0.04684635684151546,0.21219405742034256,3.0785451951494659e-05,-32435.025511748841,38818.276077890994,-56.035078114298365,70.391678869394326
-0.1712285784083391,-0.035078940767559408,0.21282077143416769,2.3985598428606892e-05,-38090.221915976334,35258.735409169312,-65.037614016884987,62.755142942999036
-0.17172491435161841,-0.024181261617312634,0.21281960690881788,2.5906284966570769e-05,-39434.026951049877,34113.337117023264,-65.627582726915549,63.731474990039104
-0.1710100727717338,-0.013586586251762586,0.21292543779586989,2.6401588840161865e-05,-41631.434385938337,32022.472825730016,-72.272068453036979,61.252330184815079
-0.17216543213438906,-0.0024476207143135967,0.21275438911927583,2.8037079749052054e-05,-40483.059992650284,32708.132769643868,-68.297078136670109,61.406993980236429
-0.17198339741594043,0.0082571463458773961,0.21278133900057788,2.6733864343401272e-05,-40550.460237414925,32808.39418812286,-68.476673779875739,62.272167255692331
-0.17177010671264392,0.017889524584628766,0.21281291626883567,3.1261242186398815e-05,-40222.684444904946,33222.557080458137,-66.19482988280042,61.159436525791378
-0.1711582015830182,0.030500011621774323,0.21288235232252944,2.7531202603851245e-05,-39176.379537761495,34401.418128090256,-68.58525269502114,61.615059257234876
-0.17072944296028034,0.040467451141659311,0.212825349073967,2.3921829139808403e-05,-37592.322725720573,35882.725742468472,-61.458665897650356,64.594882093389899
-0.17324601692357602,0.050348811648712341,0.2119881661314002,3.2285609454997442e-05,-30803.372884383632,39574.958577865589,-51.066343321458668,69.187342859192853
-0.17201392718235856,0.059957314443542895,0.21168571386685781,2.9611248138979441e-05,-28555.887765590232,40345.455535757064,-51.188229419867874,71.753235084164729
-0.17097733862549774,0.070267559420646275,0.21110778494141216,3.3323495277534309e-05,-24551.855539627504,41093.255241687097,-44.297498299340667,71.614521601533212
-0.17077600563675924,0.077400225222608796,0.21044485539951271,4.7112741840802518e-05,-20212.568830624437,41792.546416796984,-36.769725044711876,74.929345937719901
-0.1713495432581518,0.08506787582489661,0.20947208142237217,3.6060027793385639e-05,-14193.279925841201,41840.568215119369,-24.907152343660243,72.808692272371943
-0.17208714895732863,0.092769153393104251,0.2082577720123143,3.9351237277963712e-05,-7580.1722076380693,40821.791811874085,-13.082613840106886,69.158976818333045
-0.17061892820979663,0.097883589768452378,0.20795701532015737,2.9009077287872597e-05,-4909.4049252572977,39939.613698456109,-3.2432190238578156,65.981663770096603
-0.1723706680604542,0.1232849505392184,0.20286437626665965,3.6227948434054658e-05,17458.570425269147,20987.011422348623,34.469856419234596,23.567899872345333
-0.17150212089342184,0.109008286113041,0.20590413490114151,3.0505006045317022e-05,5608.9184633701425,34662.546284665812,12.753412294921576,55.021710505675834
-0.16831460772349427,-0.1181230857875379,0.2052929974537486,3.3308948299217851e-05,12058.044642615832,28754.180277816282,25.793029785922922,41.30864531918224
-0.16885551245228014,0.11886640426223533,0.20496797761417243,3.1511005800396578e-05,12948.631280820093,27789.291105385386,25.96061314350349,40.639786231941358
-0.16802004489889411,-0.11127244532803275,0.20664350407389381,3.165194180198823e-05,5481.8353275502823,34323.847235743422,13.239313986397475,54.158835842193803
-0.16771002413032898,-0.12393465742820942,0.20439451287397264,4.2964513648510143e-05,16678.241266040783,22459.048629299898,32.991171331017078,25.701525992254961
-0.16552487513387212,0.11083111163805338,0.20749758078333813,3.0234997986530698e-05,3472.2207627297848,35390.700694667124,10.239287254492321,57.779880676979047
-0.16288857506271795,-0.11107915784573441,0.20828668919566146,3.4649575186766793e-05,2039.1575731032058,35809.529102667431,9.47241532650213,58.247146974115033
-0.16277476436528615,-0.13,0.20495031609873202,2.3811978433112024e-05,19684.48964763738,15614.812628671842,35.692082021882982,17.520310862013698
-0.16315847554230076,0.12987404073818706,0.20483652151084569,1.5095962665255742e-05,19792.707931350087,15665.950574219916,38.065314897142144,16.593281286987498
-0.16283849602816644,0.12430084037078161,0.20600096741184024,3.0124213981643976e-05,15615.43399765187,24038.10622536307,29.782616900958011,28.983650560248599
-0.16217307264975661,-0.091601860123452353,0.21116402395329384,3.128032565824077e-05,-18696.228215544033,39644.150142519291,-34.819277749699893,70.29618946391048
-0.16124609995203115,-0.086427476045015675,0.21194226377591802,2.5680595253553528e-05,-24248.347851896444,38737.174389844615,-47.025252623029608,69.385433514144452
-0.16166467328964668,-0.079448858631380584,0.21251934340111364,3.3799708241016553e-05,-29484.078888913817,37802.160400127206,-54.65019682751791,69.005080595686024
-0.16190476190476191,-0.07097703511324889,0.21313203387291338,3.8394871177253768e-05,-34902.034852784338,35705.277524952697,-66.657466900335407,64.840372112077063
-0.16256871807485154,-0.06133823199367841,0.21357468699315518,3.7768398109975895e-05,-39671.927733205077,33309.442130794232,-74.493643619650129,59.721729578519081
-0.16255340663056755,-0.053932788547413402,0.2138661058116153,3.1763876821930398e-05,-43070.214794933338,30977.223328515833,-79.594189248015667,57.374482130935
-0.16280749999421246,-0.043490554575176692,0.21405902196588464,3.0303115637172751e-05,-46376.274836916105,27937.658184660526,-85.181729704976206,52.514716388283247
-0.1615585003785853,-0.032786546147601736,0.21432472446098655,2.5278825355262211e-05,-50242.988919625233,23114.89205334412,-90.931359376208476,45.538143278248533
-0.162128224445446,-0.022042704276224304,0.21424037793573197,2.8733472686497644e-05,-51225.276041182806,21469.06490789674,-95.94566069084452,43.004124778311692
-0.1615629461150894,-0.010948089975097362,0.21432406627845904,2.5784909538768011e-05,-52559.119533969904,18765.283332641851,-98.431987620708938,36.109177068662547
-0.16205548501588946,-0.000240800986105719,0.21425114686491889,2.7376898865198395e-05,-52460.970449542438,19174.222933583416,-98.658529010641033,39.461598836988571
-0.16212293735116981,0.01074054519282598,0.21424116067961946,3.000854242823089e-05,-52302.836645592761,19665.099688336966,-95.613745162413593,41.193300449114695
-0.16197741004287178,0.021893768158176386,0.21426270571079961,2.9698093250791894e-05,-51378.836690512879,21175.52431479625,-97.794106668404666,42.905508648387922
-0.16191451415293742,0.032843782619415202,0.2142713522150651,2.5819186256426723e-05,-49823.177845507707,23511.102712406788,-93.576655079137979,44.612792305043747
-0.16174263997949723,0.043269144989967354,0.21424458542285055,2.7457314570366342e-05,-47567.142874829842,26406.245613714647,-88.587601656931341,48.52738241475825
-0.1624081516406134,0.052482986639052147,0.21394679029736552,3.0536621509337356e-05,-43825.987771489752,30264.829158555505,-80.581211722591874,55.027562779978204
-0.16049574181877205,0.062793001649087007,0.21390636359526471,3.3930801833849055e-05,-41259.964838229447,31735.024192593562,-76.033491484663543,57.441620405642475
-0.16146400507506822,0.071214868449013188,0.21320704135028462,2.7261457955252437e-05,-35366.670854225405,35476.419194642294,-66.250669060936247,64.685363120154847
-0.16271562091618744,0.078430139677473878,0.21235219541271139,4.2192938614798249e-05,-28995.566839156949,38280.992201741799,-54.688783095786825,68.646997538168179
-0.16196836471349077,0.086097429710635304,0.21179575716827423,3.2984769607047424e-05,-23808.054627365167,39227.015947620297,-44.585986293006762,70.334515890489868
-0.16200631595955642,0.0925186040121935,0.2111067897890401,3.0701379054408307e-05,-18079.035536013922,39746.543228631446,-34.638300372386034,69.757761228495653
-0.16175098933334109,-0.099681391906020198,0.21027698465727493,4.2586050120543399e-05,-11282.908570670967,39230.336998911538,-20.635732010901268,67.614369048778144
-0.16177610502143294,0.098155647837416538,0.2104739773113469,3.7614292365563762e-05,-12864.706470673525,39588.466040183055,-22.786010428297921,68.134797389783458
-0.16011402718876577,-0.11752834540370204,0.2081123336071132,4.3299721272453181e-05,7407.564711859929,31872.357270741013,15.501483219715732,48.659846784953572
-0.16225197668279942,0.11755642964862552,0.20742567708555568,4.6423021448040561e-05,8627.254016519877,31415.449483029253,19.38404155801863,46.49598811824653
-0.16034044367152328,0.11124197663299437,0.2090634070357888,3.5310438344404684e-05,393.61257434976824,36002.295890278518,2.6209888777581858,59.162717269392388
-0.15769919161730026,-0.12387001942748027,0.20783190170951302,3.7052604030219299e-05,13604.540298877148,26172.870901989689,27.434564419358519,31.128697594278155
-0.15646720032771419,-0.10467284195658287,0.21110272617782652,2.8879550876450253e-05,-10188.086628042516,37937.252055938152,-16.9492834894968,65.08309937668848
-0.1576675530274895,0.10481109120537291,0.21075614132916926,4.1549082118982111e-05,-8936.014331450715,38282.486837805889,-14.566635565781546,67.78815339347554
-0.15670276929240981,-0.11078816852488445,0.21022271430234626,3.8652688054694968e-05,-2591.0847222950547,36396.034444927966,0.15812681325246714,59.740319993108848
-0.15284594346431682,-0.11753030381867981,0.21038786034407886,3.076947489680423e-05,3631.72361640809,33051.086855121932,12.008201463474276,50.473086620187047
-0.15147476468225274,0.11746380605194483,0.21079853946744245,3.0530567403472278e-05,2701.4702018742551,33297.966604048714,9.4275271854334459,50.599538615544994
-0.15279812145319743,0.12304502703880237,0.20951207434334404,2.9475045528697411e-05,10642.968464103211,28411.478313267933,22.831019736833372,35.848628011849726
-0.15305695794305799,-0.08761298822533696,0.21384134438484947,2.4113741294433529e-05,-30932.821998072457,34377.572749117331,-59.656272404596344,63.312982240355488
-0.15269466713080743,-0.082008247580787993,0.21436388296907016,3.2432056217621619e-05,-36074.219838474841,31952.317568003149,-69.947024936269855,59.355023068266384
-0.15153045285602862,-0.075399654807217151,0.21504141209318764,3.5217926632516227e-05,-42075.483188820326,27905.938668883922,-80.080441986185932,54.446070077369463
-0.15217537266187878,-0.067770714893767708,0.2152820201663547,3.0320497609732446e-05,-46082.034236048712,24769.13525786372,-88.790677927664532,46.627691242729128
-0.15296338682502589,-0.060832485396843612,0.2153934281913894,3.084890055351006e-05,-48955.626683374161,22326.785425297108,-92.796795493349848,43.556209841736177
-0.15220420168570284,-0.050262420567131157,0.21567972169678476,3.1894832249803121e-05,-53348.789282875958,16051.272367223843,-103.03588456955333,32.741138428642458
-0.15042757074209478,-0.040378701034317066,0.21597263665620856,3.56239911390551e-05,-56560.122113497768,8922.0094790586263,-113.54396916182341,20.494128404753237
-0.15159895706476464,-0.03076483091164138,0.21579921521977116,2.5415859749673113e-05,-57417.893385607065,7044.3720194495409,-112.86060903833821,18.131650896745327
-0.15149733653694683,-0.018657582160603772,0.21581425993863515,3.0127257766068982e-05,-58232.24393555634,3532.4582424413938,-115.78693030804156,11.097602204380786
-0.15217761705197227,-0.0087927545316154529,0.21571354574912063,2.4084231518383293e-05,-58321.399049681429,3156.9568896363626,-117.60198501415204,9.0707963579946007
-0.15173432669412257,0.0035546529908731714,0.21577917401293878,3.5739470085975725e-05,-58517.262663934271,2187.3893193076296,-119.24822630005855,7.4783180759025338
-0.15207372032297695,0.014570327052719692,0.21572892745508288,2.7833482659581816e-05,-58221.016589406347,3684.2014342141733,-114.90528020355148,10.339293703716248
-0.1532734748550113,0.024411244201890663,0.21555130616115872,2.8744546659890496e-05,-57156.06229349877,7844.3702686780798,-112.60909445282635,18.701320937569903
-0.15228792670910418,0.035136968057148978,0.2156972146217867,2.8183277107633282e-05,-56631.875640227197,9546.4169278912559,-109.35438252072028,21.924353480100859
-0.15217349727891655,0.043978982854041816,0.21571415567340202,2.8025765843540552e-05,-54965.869384486752,13063.51583486739,-107.01462608601911,26.433157537309146
-0.15142974928782982,0.056640563568469415,0.21571781250804023,3.4964571247669582e-05,-51790.232209400485,18352.362406584463,-102.97651127283854,37.940740142507856
-0.15282517944220234,0.064311787100557988,0.21528624089562984,4.8265820782483049e-05,-47416.679301241566,23978.148418709137,-92.271621168879577,45.978119594092966
-0.15318851372101994,0.071605874005909009,0.21491882947649918,2.5601423940527351e-05,-43088.897731907367,27879.417987989684,-83.296930251648703,54.208153382484653
-0.15176325469577573,0.079954484588036487,0.21472413472370883,3.1642378913918064e-05,-38618.958184095711,30471.73032834191,-73.478509026428952,60.609622960881879
-0.15303203941517954,0.085700948726526324,0.21400679467890879,2.4912608586067491e-05,-32753.656989246534,33838.202019894597,-64.248960894445517,64.30582515275745
-0.1516733878729683,0.090847821000275636,0.21389683605175644,2.9302451574011787e-05,-29235.097660042073,34411.618422224063,-57.289597309170581,60.835066322480081
-0.15229242496830367,-0.092932165785197668,0.21353661022675566,3.78074475808653e-05,-26558.439419500952,35479.460694460802,-49.751285113145691,64.250414834688897
-0.15182165072241399,-0.12973277117531318,0.20873086926912676,2.5344024367923505e-05,17432.398847742847,19731.38492391117,30.908018426176184,24.965058146938471
-0.15168747376678082,0.12981845923313673,0.20867275270797264,1.5111418226903426e-05,17718.534655461601,19634.780759182344,33.003991763703148,22.47099724290004
-0.15095835118333045,0.11113004395439388,0.21180894111187359,3.1554855153995525e-05,-6196.056907205083,36169.719183440597,-5.5223028917452064,58.845676482693442
-0.14968714325331234,-0.10509976607488344,0.21293445068031136,3.7582395355483398e-05,-14994.15056263091,36546.589036281446,-22.533800395970378,64.563815715125031
-0.15038859088207007,0.1048730085081165,0.21277282179773216,3.9547728813191071e-05,-14694.744442877112,36673.907487206416,-26.737359791799342,65.557863779128425
-0.14897898783766092,-0.098128113457824601,0.21381710344869906,3.1936040051559217e-05,-23717.28869057577,35028.631075060061,-46.809878389780877,64.245587467078792
-0.14690136591468067,-0.11152129490418139,0.21291065110941781,3.031644880482073e-05,-8425.0849336388583,35433.450919030889,-9.0713672427616157,58.249494911645805
-0.147488805915725,0.098802720095131052,0.21415215815147273,3.7634593626242332e-05,-24282.535889765499,34608.858727870087,-44.955249335901819,64.002646154453245
-0.14700040643688614,-0.12380952380952381,0.21120785642641574,3.5963040916726693e-05,9022.3196960250043,28499.963237869564,19.442352150119696,35.90128150219136
-0.14262643601068498,-0.099441913053417652,0.21528696975717607,2.808344108082087e-05,-27225.264878068108,32050.062816316466,-49.580785538005657,59.429875947451464
-0.14196262622557976,-0.080329978640333713,0.21669485763536672,2.9874665614248278e-05,-45263.132562562205,20624.993103077792,-90.77953196189803,40.866227668981495
-0.14203556811016696,-0.073784314230107076,0.2169315361914575,3.4869614480582338e-05,-49416.148180056705,16154.767287527948,-98.905408317445406,34.22825128843769
-0.14272743152397521,-0.066074310824973184,0.21701812921010979,3.9324571157403333e-05,-52690.91764857962,11971.324258645605,-108.76049992839538,24.64478899731224
-0.14265606291309549,-0.058741212658906854,0.21710082708679024,3.5000840409356558e-05,-55462.469977829147,7025.5857481374933,-112.69809139198365,17.733072637241733
-0.14374566619643053,-0.049250288892143612,0.21695905709723726,2.5615962843016239e-05,-57395.01803191597,2597.540267537604,-116.71166941025388,9.1022644688400689
-0.14364530951023635,-0.039920390859626377,0.21697673706472437,3.4074815359097689e-05,-58779.370534146605,-2328.1491412155597,-122.9651521789429,2.3391895517929355
-0.14229370695238933,-0.028588375312214379,0.21717683915959948,3.5132533020689877e-05,-59206.292926680755,-9255.6263462595161,-124.26537944988537,-15.534662907417282
-0.14350014728375185,-0.018721613536666525,0.21699822804626154,2.894476857180125e-05,-59359.775636404753,-9999.1879598250543,-125.31124363954387,-15.626415402166471
-0.14344149957575433,-0.0078036009684470742,0.21700691072384437,3.3698485421349453e-05,-59225.790690185415,-11912.170283332871,-124.82506365768634,-21.162804731447768
-0.14237532091954555,0.0037322329977314125,0.21716475637261137,3.323148627795644e-05,-59117.440425092071,-14037.789592907864,-124.48604319719225,-24.287601882222059
-0.14275277296285324,0.014918880467080438,0.21710887534150333,3.3437756120202872e-05,-59394.631009631768,-12002.523012929156,-126.82059204476487,-19.163619306777004
-0.1434343698322966,0.026456765891106081,0.21700796626831159,3.1513570413968875e-05,-59262.330497811025,-8231.7571360362999,-121.59234293174099,-11.864812955743766
-0.14166301778022369,0.036971162695091771,0.217270211448541,3.2343450024666124e-05,-59199.015706455903,-6951.2542006258027,-125.63245279062184,-6.5155722192769518
-0.14232197821313222,0.047334045022025852,0.21717259281125159,2.582941482462594e-05,-58067.224183055157,-596.34918714646562,-121.55243577576518,2.7213780826583389
-0.14282116468264008,0.056396728539242165,0.21709498309343478,3.0974898943685792e-05,-56173.908936427448,5669.3601083242065,-113.58773514206003,15.494281110362994
-0.14101744127017779,0.064135262058702833,0.21730253637603097,3.9877811234594966e-05,-54329.982220818893,8270.0735595023671,-110.69246386395139,19.034955792013672
-0.14312212631563254,0.070668534796387142,0.21683624925403203,3.2909335097072567e-05,-50473.551287038805,15498.521256523167,-102.23649439583023,30.672959945041491
-0.14318978300713095,0.078069106931878143,0.2165565449424432,3.5712694071633527e-05,-46273.44585539728,20435.886562039519,-90.080395947789185,41.827786040388524
-0.14182560650279633,0.084766406234238312,0.21651222831320924,2.7606887976100801e-05,-42194.143198850659,23405.616415190601,-82.022164488788377,45.803679848875262
-0.14101900191067104,-0.091130084652633364,0.21628848863118047,3.0150881116922115e-05,-37049.714375150914,26627.896163624308,-72.787130054443836,50.880890362462793
-0.14215761821692433,0.11296293707625314,0.21400603666095536,3.2439397692093963e-05,-9469.9157193267201,34319.244058132987,-14.871549249038305,58.985420090520918
-0.1430059152475241,-0.11766181457559022,0.21320188428113035,3.1990498403715357e-05,-1891.4511790632091,33140.621224524148,3.0311219006451764,49.706049318351369
-0.14194417972276743,0.11807148644353978,0.21344795639087008,2.1901237845029302e-05,-1798.1515776841973,33018.127460003452,3.848316721794959,47.630943292400964
-0.14029590096552375,-0.10472781336539755,0.21532638930435763,3.9556703662056383e-05,-22247.889156952846,32863.209678355415,-38.970418604527389,60.67130514596596
-0.14207828521386145,0.10561261404449375,0.21481535121770079,2.9665070795076461e-05,-19934.674803929815,33914.94225198491,-32.317933182983573,60.104418940187237
-0.14108620317810797,0.12273015131472026,0.21306221919621474,3.2218421813627473e-05,4856.0523627434013,30053.412691512629,13.406659545729468,40.13028656371597
-0.14007778786313563,0.099611246000376602,0.21586963524939229,3.686940884900801e-05,-28803.406343517327,30848.570557831539,-52.317781806443811,57.757369651721419
-0.13990165561475101,-0.12962367411957024,0.21247928473566521,2.0028042512734729e-05,13927.783399220158,22658.269756622489,25.454773333083544,27.791627014115846
-0.13982565334104052,0.12952400731845606,0.21251370603933828,2.5751379560639481e-05,13854.928117663367,22837.573265420477,24.750883414648442,28.343986052338373
-0.13749833656585111,0.092969828434123145,0.21694108835300002,3.7012549064720533e-05,-37785.081416209869,25218.767269368152,-70.135653328620336,51.96033974293556
-0.02493491291013384,0.12331874436542718,0.23223886101693861,8.201594503325068e-06,-27889.338641025057,21989.099555776222,-16.40151143920291,19.993200375168776
-0.1370330532916364,-0.1108085647022511,0.21554508047962853,3.2334730305062029e-05,-15928.896929337388,32972.077441526642,-26.450601015509619,58.246908480573381
-0.13648941937382833,-0.098933633026495799,0.21672571281847341,3.2131655059898327e-05,-32027.071243098129,28046.259712656327,-58.346530162249003,54.587729316842903
-0.13493739201666977,-0.092228660112892755,0.21750067940951706,3.5046050039232757e-05,-39991.767418788921,22291.092763835164,-76.222124398404148,45.943011452268721
-0.13538726922663147,-0.123800047239408,0.21454808826693886,3.7297105775128631e-05,3736.9394639744078,29384.310168165481,11.673366529462044,38.389446906387711
-0.1328458604910277,-0.076348386661110393,0.21847704150879232,2.864764832605641e-05,-51985.56916348396,6889.5237913507308,-106.03456395241263,16.595635629069829
-0.13276361427833008,-0.07060599734458424,0.21854389358974133,3.0303086403657769e-05,-54354.148105148473,1803.4143292272483,-113.01314280811661,6.6982018754968236
-0.13300370965550212,-0.064146625787957962,0.21855030197628997,3.3650273798434166e-05,-56286.029063776019,-3188.4360723088716,-116.85574782324596,-1.5704718898108037
-0.13317605944358724,-0.056634563119115716,0.21852668890370652,3.1857858947063009e-05,-57576.454044641578,-8605.2011419525625,-122.31276404492176,-13.477779970434977
-0.13246749410270214,-0.045838675977783037,0.21863159060594425,3.3343887070706132e-05,-57945.896037619641,-16981.733018142375,-124.44313387846341,-31.52397087950072
-0.13336727856472388,-0.03679882259320872,0.21849837928968763,2.811838012260292e-05,-57968.148064246619,-20434.235840452799,-125.85042958303731,-36.531661535346018
-0.13338622755508359,-0.025185868497424397,0.21849557392901059,2.9839295217697182e-05,-57101.259450067482,-24965.363843334155,-124.51461339728,-48.130302222342486
-0.13356311668131307,-0.015011746753801531,0.21846938584249531,2.3031149763274119e-05,-56472.138754167499,-27287.531110049258,-123.02726365245498,-51.991308753642564
-0.13351152869894475,-0.0051862717753915809,0.21847702334161245,2.2302650910419901e-05,-56149.665867511547,-28276.648535363587,-129.41113054930872,-58.579629218952093
-0.13330131182461358,0.0061006935215955817,0.21850814553554998,2.9639281623503396e-05,-56170.242877305849,-28774.35506249325,-127.41652048687158,-54.466778399723829
-0.13317287362672611,0.017853554514026017,0.21852716055761404,2.4645932531562294e-05,-56269.233062505577,-27391.141616424578,-119.95139818543086,-52.573724178582651
-0.1328114846846809,0.028583451953608913,0.21858066347823824,2.852291695083768e-05,-57200.466516953922,-24635.547050886376,-127.95181945998115,-46.465506663803069
-0.13341810799877063,0.038633974954083099,0.21849085409215452,2.5097687580469541e-05,-58081.43298492991,-19454.766034344371,-125.36640175667115,-34.119485083169863
-0.13375543890414013,0.048747354776679942,0.2184409059512073,3.3306466177465821e-05,-58356.158582334785,-13166.61026777515,-126.02368777309567,-20.356270179023873
-0.13357846767453846,0.056897752147040938,0.21846708107088147,4.0516795372298978e-05,-57621.375583869303,-7849.7856232144204,-122.2393446159754,-10.829084471608986
-0.13376764527730736,0.064892505626677158,0.21843271770403289,3.8789823017151877e-05,-56093.224394299352,-1437.1961115474762,-117.20790092825676,2.6618170213531585
-0.13333333333332989,0.072590305107704256,0.2184420095645743,3.3486035254489978e-05,-53593.117771076344,4369.3456729508989,-109.42079238443333,11.680077846301488
-0.13361599828213222,0.079223773759181867,0.21829986562199413,3.2249416113550838e-05,-50429.929120075809,10398.185901972376,-101.19607382897696,25.768741205238456
-0.13328315264314258,-0.082714664214813244,0.21824341316424969,2.4945279754555299e-05,-48459.154109488809,13119.073455986552,-97.672440289250289,32.76370786886821
-0.13289527740859228,-0.10472819558859905,0.21709532592263653,4.1198257107533913e-05,-27109.878782349591,29275.356303290922,-48.203804573538321,57.228023462100239
-0.13196521356101693,0.1049858807059659,0.21727726593681218,2.4741579312466734e-05,-27340.245395716658,28854.813106891372,-47.909998197346496,53.778202512922157
-0.1332780320915472,0.098449642486664046,0.21747611344382323,4.1911473313472019e-05,-34505.079752944926,25627.941211998452,-65.731671884435443,49.871187248697595
-0.13180893208081781,0.1113250607050955,0.21683032625011373,4.0698859243502977e-05,-18402.930113901333,31521.167790419888,-26.546892203661116,54.394310531575854
-0.13092530559996171,-0.11819957049817104,0.21633278509527387,3.1788605390927372e-05,-7921.4293892758424,31763.397913625176,-4.5486401776291041,46.589873650606869
-0.13033529977744479,0.11794132909170166,0.21651116483144303,3.4352373318307703e-05,-8602.6775657903909,31735.065008975562,-7.8188497816864126,48.49606665526543
-0.1309496213947495,0.092148140463475331,0.21829950243780813,3.8417725081687889e-05,-42262.980782272563,18799.270991477686,-82.878158550834527,39.737223117562927
-0.13024516609494946,-0.087758630642644594,0.21860889494995728,3.7994248549084081e-05,-46099.71552523561,14106.747869072322,-91.882221628858559,28.862783392676622
-0.12896262092311486,0.12380952380952381,0.21625230463022624,3.63432549186752e-05,801.66718183866794,29551.046457250275,8.0186934632191438,36.50121497219908
-0.12854445067174683,-0.093046739275768467,0.21871794803617078,2.9962309590982213e-05,-42668.226172517447,17448.286880070766,-81.769267102985424,38.299642349607211
-0.12661142134101203,0.085734827456511467,0.21932404094240754,3.5250848648289652e-05,-49093.613693132043,8765.6597481066874,-101.39229983471718,22.986873582733946
-0.12853330353200135,-0.09932146366500795,0.21842037416583446,2.7227005668248692e-05,-36326.613125245771,22784.479920860922,-68.803487833797888,45.840789471612226
-0.12633543349942505,-0.12956188530489024,0.21632039714352785,2.2251093235280534e-05,8996.3141433587989,24741.477626472526,16.495013848849567,30.650627142624227
-0.12675378519260205,0.12986429444411832,0.21618078022009188,2.1142682154651161e-05,9717.8090941802675,24372.507560513783,16.284272839779568,28.05760367763585
-0.12503453247433255,-0.11116144293111513,0.218364435078824,2.7962821879023518e-05,-22762.053016669088,28802.866625683204,-34.065875056638092,51.928436749101785
-0.12356912839401156,-0.066706283733181104,0.21994897611171768,2.5233182066540284e-05,-55982.185866742519,-13946.617508186728,-118.93259770340225,-23.784145550404105
-0.12397053229811192,-0.060381324610968311,0.219889549054825,3.5143239136484627e-05,-56600.925032110965,-18629.699780294675,-125.6731206783473,-33.476140435739389
-0.12446716459331426,-0.052225370116711065,0.21981602362231101,3.3820826675712115e-05,-56311.776951371547,-24388.943298619524,-124.89448300893868,-45.136511885418201
-0.12467011444046207,-0.045649827522143867,0.21978597729742572,3.5793788746734017e-05,-55583.567514334507,-28651.084623112154,-121.5308220640763,-53.66049653058748
-0.12514503754906295,-0.034591831940952882,0.21971566586720248,2.7723200326388912e-05,-54354.790894313526,-33762.953183797064,-122.78099953658477,-64.946183548509296
-0.12400069697487937,-0.023705514128299566,0.21988508323387979,3.1290838935981476e-05,-51936.033719498431,-39263.934738871976,-120.60649447110589,-77.820550380102262
-0.12360638934477325,-0.013053170800510151,0.21994345970139337,3.5648973603340386e-05,-50173.391913263971,-42258.471410513892,-117.4626725877734,-84.24558149713566
-0.1247891318536061,-0.0017964344243514572,0.21976835700397596,2.5977183413756936e-05,-50224.878144214374,-41551.966158239717,-113.12139801950082,-85.616097279129349
-0.12377974063324299,0.0099203320951465335,0.2199177953847859,2.6335607787527383e-05,-49983.588660093621,-42364.613711502097,-116.72030636288183,-85.99116909102446
-0.1233351965065049,0.020973382454381323,0.21998360926661695,2.712059355358977e-05,-50899.433473637124,-40920.918728791796,-118.80521747974397,-82.22736173886608
-0.123970229360728,0.031238744504759525,0.21988959390410759,2.4834300595795759e-05,-52957.184327910189,-36735.110706578875,-120.92511473200946,-73.682834105614219
-0.12349134252773786,0.042153375539203029,0.21996049215591476,3.2530587024134843e-05,-54751.522247147404,-32222.687537039921,-124.73037981958173,-60.844546925910059
-0.12340189763841448,0.049182574148645297,0.21997373429549608,3.1555321343522231e-05,-55957.094305370592,-27959.559944930268,-128.83023280223151,-49.222857051465375
-0.12441490161709952,0.059465247329270096,0.21982355236950493,2.9606427733438648e-05,-56607.226241520752,-18920.877347088812,-123.59575754024695,-33.377764356535138
-0.12384552446440932,0.066490320934657954,0.2199080438082289,3.3684167417062003e-05,-56255.00445733087,-13623.606770004522,-121.8314234743297,-20.40061267700553
-0.12416113790285609,0.073294528556881927,0.2198543578027943,3.4518912664736412e-05,-54840.020881517536,-6785.1371378350896,-115.37284425642385,-9.9917432121437812
-0.12435286154778301,-0.07718184147735159,0.21980474576640704,3.3095256595453314e-05,-53876.248064706728,-2674.7083006225189,-112.07568647480579,1.9208482396643134
-0.12387637078271604,0.079630655641088094,0.21985997973131208,3.5617654276153358e-05,-52969.986946459932,-676.68847852652596,-109.67251586165241,4.5772747535620102
-0.12301142253086507,-0.083864037556280843,0.21995000961157377,3.5304366522956597e-05,-51208.175520643861,2762.6077123660384,-104.32060656453373,11.04327305595578
-0.12231681866248593,-0.12338913336106934,0.21797286310666278,3.9828967154678202e-05,-3158.3782146855829,29597.841184398585,3.5480569141589915,37.425268857943919
-0.12189208901170369,0.099707615829444082,0.21970559183019395,3.0308952492924277e-05,-39329.06896487168,18431.936934833615,-72.291763997494499,37.797834005883423
-0.12168810021828341,0.09346466559107354,0.2199948184763007,2.9521851911918624e-05,-45359.779035958811,11893.027295549029,-86.489805515841255,27.749169927350039
-0.12095230912357345,-0.10474318064459776,0.21967641484318712,3.0616525345616326e-05,-34033.280556856203,22422.792451546138,-59.90573488677267,44.928476900492612
-0.12254876807380483,0.10493170804525753,0.21933474782002776,2.6666059513680712e-05,-32764.826383519896,23664.729725711866,-57.34580493264577,46.191926679508342
-0.11938690410183386,0.086495585079554668,0.22050466768874524,4.6620976232952161e-05,-50724.651900450168,1961.2553637010394,-103.04781331020786,10.558906410594753
-0.12044888358511958,0.11028054840307691,0.2194494800050979,3.8903874448474131e-05,-26428.799218013995,26672.255306453797,-41.552291278306527,48.793267353295292
-0.11996483865351781,-0.093794835171768912,0.22029250243314821,2.8683773982681632e-05,-45579.225447317571,10868.418562989662,-90.928278391648021,26.341776302164561
-0.11815057040298418,-0.11795644413273181,0.21940038884471297,3.2012320358876455e-05,-15131.912902030987,29616.118595314969,-12.868063800576136,44.61229037607626
-0.11835570299684128,0.11726981453268465,0.21940633193141235,5.4728262315186318e-05,-16078.961253389947,29501.185434628689,-18.36272873952862,46.538494182608652
-0.1171986665032002,-0.081238902296280766,0.22088273442938014,4.1473156191347075e-05,-53288.375883925779,-6394.4414485222314,-113.15187828726901,-8.2285512130538976
-0.11672998878142767,-0.099774096526769801,0.22068389363979046,3.3860024448636642e-05,-41531.149682245406,14653.344225903798,-78.211301116279557,31.909556002848536
-0.11569852715219152,0.12380952380952381,0.21951792233956438,4.3733619472328221e-05,-5283.9936370226851,29284.827665127737,0.355099051609084,35.168587748968797
-0.11436718987449897,-0.065209914339526359,0.22131130497383497,2.7744666278642139e-05,-54391.853497062635,-26830.802455159384,-119.41069702198823,-49.948217319485387
-0.11405261689700216,-0.058161335811302221,0.22135787688317532,4.1711123592271651e-05,-53461.275804518264,-33133.193707995888,-123.24866525966387,-65.908104058373212
-0.11525941029260858,-0.051197014218011171,0.22117921349937189,2.5440456341184737e-05,-52549.800617366986,-37251.016512885995,-123.25652779150992,-71.647832112302012
-0.11507040502895131,-0.041789988191679235,0.22120719535615418,2.6747624316182136e-05,-49813.322657143195,-43596.682752865512,-116.00334529622886,-82.30578516119661
-0.11482315196704197,-0.031265941967937576,0.22124380068466962,2.7991327632729036e-05,-46565.390901072511,-48254.399117280402,-110.04665557277488,-103.63173967252386
-0.11491617589148552,-0.019900519766032999,0.22123002867599253,2.3000043257962364e-05,-43895.20655611765,-51786.038822076538,-104.32205245367444,-106.31134393753049
-0.11464428305695863,-0.010342118616317481,0.22127028187428258,2.3101045526035251e-05,-42125.515622623047,-53659.398233722502,-100.85015559293873,-111.72289046491463
-0.11432506627720081,0.0012325883811523679,0.22131754128939543,3.2484316437165875e-05,-41652.72358080971,-54336.852583112515,-106.59481487480356,-118.64748055885043
-0.11344411877994999,0.012518451999282865,0.22144796383014265,2.5421940291293215e-05,-41361.606270194359,-54575.806022277393,-100.80116055928356,-115.453313366969
-0.11440619195422166,0.023304377665246873,0.22130553079279952,2.704105690544331e-05,-44279.267659080091,-51402.501149776632,-109.60372859646546,-110.06146145576975
-0.11500199402949189,0.033185320681034712,0.22121732346979592,2.6983068997128841e-05,-47178.569755139979,-47595.799449558188,-110.49931469682652,-95.370417806029678
-0.11428571428571427,0.043203193047646485,0.2213233672741779,3.4978527253078386e-05,-49562.15657183015,-43411.589964312639,-114.99911401489427,-88.614741227747999
-0.11428571428571427,0.051884509755531549,0.2213233672741779,4.609061484484042e-05,-52147.259099521012,-37862.725546815331,-120.15035328313158,-74.769886723451521
-0.11464062623118268,0.059312418394775482,0.22127082326013164,3.8350322245687461e-05,-53806.316751587496,-31634.009929955682,-122.34179307841721,-61.319627415501436
-0.11486573893592424,0.066677204114714478,0.22123749576785942,3.4276144969475228e-05,-54760.844214153381,-24716.357420000797,-120.35039895204653,-44.411977508346119
-0.11449235593204886,-0.086496473323820544,0.22126925028375627,2.9323130625182634e-05,-51668.02721975778,-3094.6215238106006,-104.6332565461045,1.3656859126268193
-0.11347199103825294,-0.073764546981504489,0.22144383739723314,3.8346916033095794e-05,-54636.281054652907,-19088.689683962064,-119.10352982592244,-29.256499489746105
-0.1141680357193704,0.072442054137082906,0.22134078935399759,2.6249892786982105e-05,-54595.671876345274,-19791.561152109087,-116.50031897049733,-34.108444601147653
-0.11458203260895553,-0.11285341520126355,0.2204948113523878,3.0673176744039518e-05,-25590.493168829798,25995.625379160421,-38.924171128392572,46.4055418834403
-0.11300225366520655,-0.12965065451844765,0.21968720882561407,2.1646337579791817e-05,4061.2963667476351,26222.507629073902,9.4580200312397054,28.637660344852566
-0.11269581073377191,0.12990592597398343,0.21973507036438727,2.3174549556917353e-05,4498.659207532487,26038.856775678527,8.7145162104342031,26.956557973845769
-0.11127037188503879,0.087038290003293731,0.22176539585910135,3.989220809169507e-05,-51697.385946409486,-5580.8732115095427,-105.99608515396442,-7.2097880378945867
-0.11143380484938815,0.092670837971426417,0.22169566465216303,3.6393441950851277e-05,-49215.66663220484,2080.4468974028696,-95.335917612011713,13.789705551340914
-0.10913259206199986,0.08045960729913515,0.22208627686333651,2.6305008898888858e-05,-53458.248569388175,-16091.323815057523,-109.78992612160583,-26.54087914105434
-0.11151982763532929,0.099199214385819259,0.22160572241575643,3.550881038352803e-05,-44164.654370257376,10701.721172571699,-82.663841651331055,27.456025821635475
-0.10874820122249702,-0.10332080463894902,0.22197899956687742,2.8972382256543401e-05,-41101.55895404613,13607.902333670723,-70.659757933067723,32.168239925810404
-0.10956168372177516,0.10520891676394833,0.22181453920256611,3.6086811608205236e-05,-38569.888105751379,16671.412212025654,-63.725209596354006,36.338703505140032
-0.10871035341929766,-0.12333375967363504,0.22109798360006369,4.282883901101653e-05,-9369.2361624384976,29013.025807984639,-4.0177354880263341,34.465605214980584
-0.11047194529964495,-0.080085132422389196,0.22188798825617562,3.8125185375197802e-05,-53722.025502073571,-14844.983616444631,-116.4387376193734,-24.834485686127369
-0.1077037582578594,0.074334491266256186,0.2222978128920137,3.3378582358956812e-05,-53673.917421362457,-24774.993685706439,-116.46877724122746,-43.032657107260178
-0.1081038013489965,-0.092505244601833056,0.22221237473112554,3.3969983204605838e-05,-49785.635757471704,-1069.522130267798,-98.863658629391409,4.3118579091959699
-0.10588368686330797,0.11168967256479491,0.22222617011087428,4.4661266579782227e-05,-31309.541863815906,21906.578362424734,-49.573121457904904,39.277880033634105
-0.10516815665863057,-0.060033017173211307,0.22267320371147367,2.1953511600193448e-05,-49736.025707626693,-41705.478790740657,-113.66007679772089,-82.174186924013171
-0.10421913912423109,-0.053999468540894956,0.22281370388706451,3.1256667828383265e-05,-46747.29212486637,-47481.095200995813,-106.95560346114961,-98.153415716780373
-0.10568514857586418,-0.048281568587033447,0.2225966640770439,2.5392103510072004e-05,-45458.716068142239,-49892.568909079724,-106.30373878976209,-103.5936029630668
-0.10450017880376197,-0.037614941787009616,0.22277209651639876,2.8779762512170948e-05,-40380.439468413526,-56584.191592176583,-98.126931575180464,-119.7092510620155
-0.10530773816819874,-0.02857242389928984,0.22265253894407719,2.6811799955076035e-05,-37588.504000765526,-59153.315597631066,-90.872505009727107,-125.30026947280925
-0.1049017309225489,-0.018376293640923927,0.22271264751661379,3.2430499074198871e-05,-34445.820773080544,-61857.217294378082,-89.001933242241833,-136.05772500165364
-0.10514297906910908,-0.0068681770562275301,0.22267693120398094,2.8739061734024224e-05,-32793.954652911714,-62998.468181989403,-86.71254476449765,-141.63031613831819
-0.10419551081463359,0.0044598608228882137,0.22281720201173244,2.3367002589506048e-05,-31332.50873620417,-63988.441712318323,-80.52942801371502,-139.02178525740035
-0.10448736803465747,0.015250088601077062,0.22277399312551652,2.5721608889200226e-05,-33270.646303154237,-62777.798761448714,-86.781134749694772,-138.11706904619032
-0.10496917179421818,0.026119799033236066,0.22270266302847944,2.745424753615026e-05,-36408.170265574896,-60050.021012525649,-87.27874681489466,-130.24752825650043
-0.10592375820654763,0.035841780320383806,0.22256133839148648,3.1008713881770516e-05,-40830.304654091407,-55761.17222346631,-96.673509012932882,-122.59621345829086
-0.10336312127981521,0.045806484690769457,0.22294043564184235,2.2777990895808137e-05,-43055.068635075077,-53538.681952142353,-103.00958805662415,-111.07949395310914
-0.1044297280414304,0.052841588616434114,0.22278252661291362,3.127642262652517e-05,-46484.099637540472,-47968.539107054828,-106.28868310040751,-100.78855794215674
-0.10430920184646326,0.060984800095962979,0.22280037027853872,3.3904235143166683e-05,-49501.38541932893,-41720.700496530677,-112.73766341031192,-83.710799325887493
-0.10438665467514685,-0.065976192070965334,0.2227889035399005,2.7664959343046238e-05,-51120.363295382827,-37143.88866281337,-114.89198361853963,-71.405878077099956
-0.10550511961748385,-0.098812150133890539,0.22256555055313801,2.8142367819917525e-05,-46210.447768378493,5450.0377590988846,-87.95823709995291,15.954278306240852
-0.10492923422228866,-0.11761197094319309,0.22217869496931109,4.2683644707576487e-05,-21853.097907255669,26816.458669178297,-23.737700496081203,40.541863283135186
-0.10535565842540866,0.11738543739545092,0.22209781700618872,3.6003044289190724e-05,-22112.137707748199,26836.511273242875,-21.559359151105753,40.496021572323372
-0.10459044349462876,0.068013863872325137,0.22275873300681465,3.69568377628256e-05,-51913.27905183065,-34722.98452886923,-118.25973142861342,-65.435415074655495
-0.10373027973887122,-0.087399325664602859,0.22288419986801056,3.1229888163598225e-05,-52293.058072695661,-11979.389923043205,-108.82327076230497,-16.010005484105172
-0.10208657181334709,-0.074010087669493907,0.22312942627445764,3.3185195438744169e-05,-52233.549745996483,-30663.187811100583,-115.04054588810349,-58.238907326245126
-0.099653621546856502,0.081187943686390124,0.22348961976641674,3.8566535679218895e-05,-52495.250796833876,-24046.429005567708,-111.86326276852296,-43.768975844610694
-0.10167143542975428,0.1229453846098829,0.22257649942729529,5.018513843331249e-05,-13003.518523540502,28619.825656329365,-8.4681031997132266,33.676850365533312
-0.10122166201599245,0.074342407709530434,0.22325747446534325,3.6377601119882076e-05,-52109.29365874199,-31054.188483340498,-114.94575889272747,-59.39410356726561
-0.099706040383975486,0.08701409573582021,0.22348185926089126,3.6010108662481651e-05,-52314.721594888775,-15909.323234186857,-108.84844581837915,-25.376529344697346
-0.10036142480706113,-0.11181173390661929,0.22324743921736384,5.0723841604218812e-05,-33386.973828632385,20226.430002347086,-50.221685295126392,37.463927618942186
-0.099920574366834117,0.09261517883448972,0.22344895207224694,3.5062530113678869e-05,-50940.510226792692,-7416.4013958901432,-100.60925819484638,-6.2616400445516573
-0.098507583633578477,0.068317603301741983,0.22365928842080177,2.5331979472169043e-05,-49377.089621779909,-40307.580412372117,-108.25709413185729,-78.427534444960941
-0.09842273034949299,-0.078320007483433388,0.223671850782277,2.7161297796629024e-05,-52199.968195338952,-28679.015318619317,-117.10631232961263,-54.036333711660383
-0.098336466703259198,-0.13,0.22292012009936918,2.2818478062640036e-05,-519.15774937118874,27535.238170171033,3.772434639942313,25.051700542465422
-0.097690883475229084,0.12951983356665919,0.22293934362113216,2.3724337878468343e-05,-1603.619578992917,27835.392070194514,3.124434962731812,27.124640376208404
-0.098822883880384363,0.10008322789009393,0.22359655294536593,3.666500450449779e-05,-46926.010529980536,3065.090513229813,-88.023883710346539,12.50303067291782
-0.099213478503260386,-0.067897952598286196,0.22355478207656254,3.8042984656545108e-05,-49706.072108412031,-40049.296751347174,-112.41835742115839,-80.18536090645101
-0.09739243900406834,-0.093746198021349744,0.22381807181141022,2.401846092814052e-05,-50708.301141223754,-7832.5618558830747,-102.71025724515887,-7.6119069361480909
-0.09601276212029651,-0.10503505686192131,0.22400114314437788,4.0281196374262814e-05,-43326.77244154863,9077.6134770273511,-73.209665222832086,23.14909459045602
-0.0958593523667568,0.10523809523809524,0.22402399229567591,4.0286920859610177e-05,-43176.924656830357,9357.8058954937424,-73.519645861597482,22.495935410963533
-0.094827331701077239,-0.050968416455653462,0.22420414246616163,2.7046213060897384e-05,-39387.767293430712,-57846.869086244813,-96.14556411567284,-122.26040562067502
-0.095605938473161761,-0.045132454812064952,0.22408887126807642,3.1253180723748501e-05,-36899.852435586989,-60443.205275806627,-90.990845502108684,-132.96700592377013
-0.09549736845073982,-0.035921530987709088,0.22410494484592011,2.7238888234001283e-05,-32099.645709651006,-64824.817470591261,-81.904278601025922,-139.04090799962219
-0.095686806475309541,-0.025667515154316294,0.22407689891973762,3.1188751797614356e-05,-27984.069107918727,-67487.257861337901,-73.888958921501697,-150.24718463931765
-0.095638634540283332,-0.015272681152644478,0.22408403067977831,2.5531734706660277e-05,-24634.005366077876,-69316.460128557796,-66.752262591486684,-153.86861544789517
-0.095672835978508203,-0.0035182260088184535,0.22407896722425524,2.7481488649469978e-05,-22967.299486814172,-69897.375076675438,-62.183933219762629,-161.33480303971615
-0.09524795178337099,0.0065334048353076065,0.22414187049195969,2.5438604471946689e-05,-22721.405713638407,-70159.155258972882,-64.422525259388351,-161.59456802348853
-0.094940276459156661,0.017827752562893633,0.22418742121732582,2.6085511512242585e-05,-24678.427952137888,-69296.776793424797,-67.128359750279387,-156.57471168021942
-0.095184836803086176,0.028137198126201458,0.22415121454040032,2.8432289694583902e-05,-28415.546442220199,-67176.075543493062,-73.870250737448217,-147.46948238677427
-0.095633434818454863,0.037897943843321298,0.22408480048834711,4.0455681010794555e-05,-33275.15057498042,-63668.107033004526,-82.554760989907479,-140.29271514202287
-0.095512184145574774,0.045826077977287542,0.22410275141149941,3.3905181149201266e-05,-37314.672567364039,-60133.328771395711,-92.429422491268298,-131.07165150890012
-0.09473839001100523,0.052890122938090083,0.22421731010808557,3.0861208376967287e-05,-40419.189653563546,-56491.8351431958,-96.583099056293534,-121.09951164825233
-0.095477246954344827,-0.056637945162923115,0.22410792379380479,3.4349882267813731e-05,-42935.782886318768,-53153.905320715443,-102.92465590848178,-114.3943799749067
-0.094435684328401021,0.058230597582035998,0.22426212508780574,2.4679130712685778e-05,-43018.130094483378,-52807.792328522577,-101.32372881883158,-112.9299062631956
-0.09476732170622959,-0.12366625295257166,0.22386043059405897,4.4575015267804598e-05,-14258.520605457039,28422.388060658064,-8.3872137952547252,30.72632383782442
-0.09413521594330361,-0.073445560126121301,0.22430660884003945,4.1339191240648743e-05,-49755.842491638046,-38262.511749875448,-111.71817325958808,-75.232912980462473
-0.092941874739076724,0.11106373440263825,0.22442914726290344,3.8754989479469723e-05,-37112.501475444893,16544.63683010505,-55.51376682154995,30.997661463762963
-0.091941706231594811,-0.08632173739640378,0.22463135362976594,3.3013625877230173e-05,-51633.010434294985,-23156.752297888943,-108.17038569153922,-42.346829862328967
-0.0914934286926955,-0.099146210329620815,0.22469772023590953,2.753006773681545e-05,-48856.07264937432,-3003.1335092699824,-92.969000466698361,0.51866098919210968
0.026014461997544619,-0.12250859159519624,0.23218200695759364,1.3994443355573635e-05,-29330.266756726811,20953.452963170341,-19.148044854237146,21.451537324946884
-0.092344524894080432,0.074228675181468237,0.22457171712068263,2.7060338559259293e-05,-49328.668178523592,-38773.351945411996,-111.56170807095668,-79.217098716765591
-0.093223068956069632,-0.063081178534482266,0.22444165040378899,4.0640906958781613e-05,-44802.305190767715,-49651.499750447656,-103.50224001959604,-105.39960608507434
-0.091188416435977415,0.081186170776406122,0.22474287669938137,4.6087232900402456e-05,-51002.37773373643,-30869.036458309121,-111.57936608596287,-60.941379281204362
-0.090008015868383709,-0.11761904761904762,0.22483437536632886,4.5956904691089104e-05,-27625.759552919473,23962.420411796338,-28.446170326496521,34.485551586913367
-0.090656794369473478,0.1171076103978895,0.22472894521110451,3.5808881489024548e-05,-28333.835116492464,23509.460021192357,-29.74854518095319,34.485013289331079
-0.089496481488726382,0.061253008050877383,0.22499336433376163,3.4423182683643595e-05,-41807.397243942534,-54237.071345673656,-100.32716400403162,-112.3753722195634
-0.088874834072808606,-0.068095238095235544,0.22508539800851066,3.7130241640383178e-05,-44972.359048445251,-48230.373362921753,-100.04148760918736,-100.02949845203877
-0.087818476412606733,0.086714459805554769,0.22524178967817457,3.5821395434517075e-05,-51326.947827109703,-25530.238973795509,-106.47309900299277,-45.621004894137023
-0.087683324020242107,-0.080858952738883855,0.22526179872349825,3.493063631857403e-05,-49995.53536758948,-33948.976810276676,-107.9788519412309,-67.326316208503556
-0.086458753610330966,0.12179677001457839,0.22534848768679841,2.876396436496345e-05,-20900.256980510359,27008.742646398376,-16.029942324258954,30.792973649456055
-0.085947662939885192,0.09270579529964712,0.22551875992570691,4.4434591341616131e-05,-51359.170465171606,-17208.070764701784,-102.22914061149942,-24.804537076273949
-0.084571937880938086,-0.11138877787340222,0.22572243330932792,3.6859011879685983e-05,-39193.183387443285,14239.135485681549,-54.474910435274239,28.319504764745467
-0.085869634993536392,-0.047556823498759553,0.22553031180938199,2.8990854115315897e-05,-30825.613712378628,-65786.74848197111,-74.071752949482189,-144.81291499654435
-0.085438130166535869,-0.040923984386524781,0.22559419524858548,3.7275177952543094e-05,-26596.29435172231,-69163.598519871492,-70.041628615925703,-153.17713003566914
-0.085976125468068404,-0.033996769409376217,0.22551454610450491,2.836533363913498e-05,-23247.27374823243,-71121.992837492799,-63.882062933777028,-160.89538110543029
-0.084310090848649655,-0.022517647652629806,0.2257611992463954,3.3697816428578612e-05,-16507.398562914874,-74270.388473607294,-46.611197153342893,-172.17582935138751
-0.086139729262341883,-0.011850591115949027,0.22549032488520224,2.8006865731882296e-05,-15186.504062698428,-74619.492583106665,-47.081193577820194,-175.86237139703627
-0.085714285714285701,-0.0013871623926667775,0.22555331096400397,2.6441326100926271e-05,-13451.989996847344,-75279.721766992836,-46.180387491834665,-175.97189077063956
-0.085513412608487729,0.0091381675945180346,0.22558304983142538,2.5377084426125031e-05,-13704.073219846994,-75065.36454024617,-43.869678088053625,-172.41895596667266
-0.08669003931670817,0.020660799349148277,0.22540885256623525,3.4809776946945126e-05,-18109.278351245764,-73380.859522229293,-51.861419926757932,-171.81856192278721
-0.084937035931611005,0.039435491988571499,0.22566838126248151,3.4366656007248214e-05,-25504.272005574599,-69689.28105459061,-64.835778096062839,-158.85495140717782
-0.085909553320407991,0.046039206437749114,0.22552440197976192,2.9799643537131808e-05,-30009.851938628119,-66369.973433624356,-72.131657586726334,-148.33373222953094
-0.084948545086461644,0.051203578003217204,0.22566667735478874,2.5109894240649387e-05,-32807.112988206944,-64208.6902913023,-80.975405068953805,-143.79297021378127
-0.084555559114071047,-0.053147261177860797,0.22572485815348239,3.4342583869028827e-05,-33747.297754527775,-63408.718170025313,-83.555800718994163,-138.979992219168
-0.083808614187329822,0.09949913895242779,0.22583544187776544,4.0287589057719034e-05,-49572.047523874578,-6522.9746812705907,-94.542903632808489,-6.3270853294618332
-0.083373418446278463,-0.061522596370925269,0.22589987174951992,3.2483877289407434e-05,-38379.668000094251,-58030.591250214064,-88.894326626504878,-127.36586346647844
-0.082622141380614175,0.12945670779122698,0.22588727980748727,5.4385217526328317e-06,-6243.6828493531875,29067.512140322317,1.0216940675443673,24.195634592548785
-0.083112916970128806,-0.091227473618751026,0.225938438479653,2.9336531823304309e-05,-50965.727862164073,-21429.646487101447,-102.93136258569618,-38.743585451719674
-0.083552010561254011,-0.074580852156965499,0.22587343153887718,4.7683468243662848e-05,-46149.045980845796,-44710.414076620349,-103.23627627597746,-94.539823488279126
-0.081485326887237905,-0.10497802380180304,0.22617939998367917,4.03010983751439e-05,-46660.56845310174,2107.747014732658,-78.828168740624236,11.991728346741493
-0.082236121557707653,0.10648646572825454,0.22606304472688496,3.2811639341507363e-05,-45291.594342451688,5172.9743311169268,-73.686138805513082,17.891459216252127
-0.079917658895454519,0.061987406158289939,0.22641149014021469,3.0890902934384404e-05,-37052.58747340423,-59727.207713514734,-90.359301642017513,-128.23344150997795
-0.081083089030569488,0.068746026087710091,0.22623895050560597,3.6300325113617432e-05,-42048.413883855603,-52776.845211206906,-96.91341130837246,-111.77812180899564
-0.079772325559780935,0.074922285844619033,0.22643300645413003,3.6866021088066991e-05,-45228.270310095111,-46699.705017014378,-102.95363896847215,-96.432183829756852
-0.079068626822425686,-0.12365472766648827,0.22649320012644747,3.9099325324932513e-05,-19274.883666843387,27727.366592859325,-11.685770192955305,26.928643381507317
-0.078993745852242628,-0.086855675849263708,0.22654827364536259,3.7407022740864967e-05,-49960.408726856913,-30744.501785536671,-106.91084388664754,-60.820999610706941
-0.077652840279137866,-0.068317580441215137,0.22674587358152581,4.2456219588740828e-05,-40130.196438944513,-55124.677343665091,-92.668638298743602,-119.68667653665949
-0.078823848971754734,0.11168313071387617,0.22656947757466017,3.3911580301354103e-05,-40241.900709437825,12880.031193905865,-56.542744171794496,25.896129945631614
-0.078238421351420076,-0.055718469674751435,0.22666009794907346,3.9387051105229187e-05,-31582.848536787471,-65180.643553769696,-76.99751458147351,-145.45430160268714
-0.077588336040716854,0.080536666899097248,0.22675571863914398,3.6126515729215741e-05,-47225.278902513695,-40813.141227151165,-101.63430400024625,-82.23079127461888
-0.077368645593956523,-0.0997955970166539,0.22678886653576305,3.2184660165368554e-05,-49770.484618150447,-9465.4121501636782,-92.904609140788722,-11.93270080106902
-0.07625393160308902,-0.044947397581709764,0.22695389774517011,3.4781054131586655e-05,-22473.793023550472,-71976.232380735179,-58.641222361023289,-162.31589958096015
-0.075487759567218371,-0.037859854111179821,0.2270662156417998,3.8019921314211374e-05,-17496.780205209296,-74549.282010723866,-46.197876891267903,-175.00469062261038
-0.076586942404620953,-0.02989956915248167,0.22690459615231973,3.8777640281202764e-05,-13665.509948762099,-76460.027439753903,-46.037972034976647,-178.83133266134047
-0.077308042376775438,-0.022120309669342118,0.22679783872262652,3.7950140078371036e-05,-10602.001726287852,-76988.496694212896,-31.870759481718459,-182.53188378446652
-0.076447873026291718,-0.0095961372471304908,0.22692518509969564,2.5976514516610561e-05,-6229.5150193662803,-78098.494654061404,-20.674628284333636,-186.20787063498892
-0.076495063363937008,0.0011015123723866569,0.22691819866321261,2.489214956159313e-05,-5437.3377016969944,-78276.917511291424,-20.720270077801832,-187.42229430879357
-0.075110244044841429,0.011643485111284763,0.2271215084982208,2.6145649757641403e-05,-5906.1579610620593,-78730.647823623716,-28.477356982035197,-192.82051429332176
-0.076696998616176848,0.022341787646073662,0.22688830254710385,2.6986481773492034e-05,-10210.282806231195,-77290.752339893806,-33.821308962210104,-180.16658573781072
-0.076045305914819269,0.032209265648031921,0.22698455457222069,2.7471281109526951e-05,-14343.812609109165,-75811.356599204315,-40.041856483534808,-173.69348807889156
-0.075870491691067382,0.040077874918439151,0.22700994631733432,3.4408183712494985e-05,-19022.72417048004,-73701.836206589913,-47.697498138417181,-169.54808666560785
-0.076066640482900336,0.045397898525190841,0.22698134760519431,2.3142808854995951e-05,-22810.082311540209,-71882.862771046304,-61.412627031027512,-161.68773514028146
-0.075470270545551485,0.086160949893577338,0.22706991722025544,4.1677693213320704e-05,-49210.297495172927,-33818.40403896293,-104.64822028878267,-65.35273952574245
-0.075332798513839061,-0.1186589397120673,0.22708347241294272,3.5811297139134756e-05,-30085.52740523592,22654.794573154693,-28.807537675235899,30.17096217269259
-0.07458778575515336,0.11484478654341486,0.22719791478985146,2.4963379801023129e-05,-36733.982035082663,16852.314590627302,-46.820132714857046,27.683949194449387
-0.07419276908563735,-0.08072643975101694,0.22725904879362419,3.9296966725616738e-05,-46296.20734570139,-42534.227666985906,-100.67930397277848,-85.937853285711853
-0.073484228546591493,-0.06089922833328279,0.22736394682399849,4.1695978749332178e-05,-32664.411575565246,-63810.598370519292,-76.545278457993803,-141.13345626349084
-0.071492637807857765,0.091722504695188625,0.22764616120896092,3.3867565713780772e-05,-50228.090105416304,-26722.74688890393,-102.89112155197303,-48.47630052540844
-0.071222825582402588,0.055791850142606417,0.22769874307594684,2.9546537538481789e-05,-27381.149985698794,-68345.301825003917,-63.800250514610489,-153.73544760205331
-0.070973380410219347,0.12293542088251072,0.22773146269882091,1.6037861184434398e-05,-23002.106640491143,26538.99123559807,-15.717857022600924,25.716288427787674
-0.070676545972151839,0.061518698379495654,0.22777961869560595,3.1730620495965836e-05,-31688.389406083988,-64807.098382906224,-77.147780622810359,-141.00726524233451
-0.07046149471998564,-0.11132286463304147,0.22781104883061815,3.2875756879099813e-05,-42229.398332827113,9728.3282122874316,-61.847658126663056,20.122667982633491
-0.072078251771147225,0.049119893035499712,0.2275720989146251,3.6580964285820076e-05,-22898.712033202672,-71910.80648762855,-60.312363089793337,-160.97100352370916
-0.069369634105060113,-0.075326041152238413,0.22796471122496584,4.8166195169143256e-05,-41597.031775392483,-51808.314406291393,-93.410278915856182,-109.46412495380133
-0.069550873577369166,0.098574213035772795,0.22793902964380244,4.0357705942877756e-05,-50273.635047293639,-15094.863511571742,-98.687921364379307,-24.55398661751881
-0.069651237052787238,0.067236926605964226,0.22793141366038158,3.1976384085636417e-05,-35733.919184282066,-60421.735944615684,-83.617444216583621,-127.98772110971171
-0.068807175583038616,-0.056015269024670807,0.22805534119448648,3.0817719847710716e-05,-26258.089045793789,-69442.479953538234,-64.997079283139541,-152.9797364672261
-0.068355519074568175,-0.093067530831346751,0.22812308871620526,2.8502480521919773e-05,-49936.386254696183,-25850.109769403804,-100.771072231191,-47.67229500346442
-0.068939740494491489,-0.12905444571946537,0.22803052359076836,1.5344458103185479e-05,-10466.923072145988,29568.712281816188,-3.4290971549582925,22.463872465749184
-0.068250073968917274,0.12925329544262831,0.22813433747703196,5.6941370569959896e-06,-10222.818614755486,29657.435745587296,-1.4707686578788584,25.194661196193668
-0.066652562711191271,-0.034255280830642464,0.22835992070490824,2.9311678011826873e-05,-9067.201469972435,-78627.522082263153,-28.581539646948332,-180.72490694752335
-0.06728295060313616,-0.026907710816017737,0.22826793377895821,3.3844156204136407e-05,-5236.0601839855217,-79770.64320375814,-23.112621857492709,-184.37245582841385
-0.067561050048777507,-0.017279811728094122,0.22822720191711907,2.7563294317800122e-05,-1626.6818930300892,-80658.090164584035,-18.549595862381931,-189.34214478112153
-0.067207446124390363,-0.0068358408635910131,0.2282789925496416,2.4866954305389935e-05,1139.3127356729831,-80668.830665337577,-5.2238317865759436,-189.88342471802204
-0.066062555382257915,0.0040504176627963783,0.22843199186691687,2.4458659585062609e-05,2191.5767244324688,-81247.128608592771,-9.9652395220296999,-193.02624662127667
-0.066928490846476937,0.014994251910151673,0.22831984976103617,2.698026936739893e-05,-523.73134977272491,-80431.881252541425,-7.5291464427414514,-189.51528670805163
-0.066967739400923001,0.025631236515136577,0.22831410121776452,3.0733430345898591e-05,-4738.8025128650379,-79821.278007331217,-19.935901775664156,-186.31507864928616
-0.066553275075761739,0.032529422145520064,0.2283720489868932,3.4497829813857567e-05,-8263.4397170904158,-79032.425252862813,-29.209989971219532,-185.27458537389808
-0.066219073728065722,0.039154419173007306,0.22841287268228158,3.5202190499118866e-05,-12132.770628598357,-77418.366918468979,-32.632916597092873,-179.21097682564803
-0.065344209212427812,-0.041670280984313988,0.22851974000265216,3.8428992960801641e-05,-13397.604957624706,-77142.493797905568,-38.892101252173511,-180.15532301380867
-0.066394370368623501,0.076182927527132141,0.22837541447520127,3.5273195546480287e-05,-40995.203205650469,-52269.324274718558,-89.902959913948479,-108.79070773945837
-0.067357846254046033,-0.10579020183132554,0.22825125870900587,4.4283924245244157e-05,-47616.174291532327,-1881.4413794125348,-79.915102164739309,3.1471669003423033
-0.067066925501363464,0.10535773011017731,0.22829218779759305,3.9277601869761844e-05,-47931.576260505492,-2885.0816929305652,-82.079396040204173,0.038122124401630979
-0.064562386517496184,-0.06841622772361132,0.22861524198600938,3.7749468695274913e-05,-34005.859371721126,-61486.286481751871,-76.241991258332959,-130.87335562291585
-0.063573188126040667,0.11584576783678371,0.22871370173321276,1.7296265766522235e-05,-37399.22980488342,16102.674896543371,-44.239994636377432,25.798401479040258
-0.064926420664558435,-0.087403422207461612,0.2285614344003597,5.1010466250900554e-05,-47543.50727383262,-37015.149848579305,-100.98213784238096,-73.977643390303484
-0.063330236556962571,-0.048921898074580798,0.22876575279336672,3.6976752819233695e-05,-17314.261078562657,-75132.708619802099,-44.350976091440529,-171.52086679391519
-0.024387458559631866,-0.12367275214445467,0.23226769250083784,1.322081191919347e-05,-27138.775505373713,22303.585164721837,-18.453878322930649,20.843977075477916
-0.062743515795986124,0.081321192929599356,0.22883742249125777,4.4228817063834259e-05,-43459.15911412541,-47179.80098470574,-95.47819195964216,-97.845451377156706
-0.0621363804891326,-0.12316290747485602,0.22891158588705909,3.488703406083829e-05,-24286.782714763569,25998.989671818734,-15.500850154035023,24.786018042009044
-0.061866909759689753,0.11084431976168826,0.22894377196850196,3.1958169397658947e-05,-44055.520541982798,6285.4226532635967,-65.664164571013856,15.494112497622167
-0.062622751352120462,-0.10056269057847164,0.22885217422970555,3.4468474746313085e-05,-49807.617872833413,-14246.525119997143,-92.910049954569359,-20.934454397648601
-0.060662822407702023,-0.061899667547862101,0.22909158541928165,4.0401385782256057e-05,-26974.786533819522,-68419.677465865039,-64.985739215590968,-153.74448604751319
-0.061375523232362728,0.049947586570810228,0.22900143696977854,3.3330946530517411e-05,-17142.81171085516,-75211.781799244636,-43.289454167392577,-171.93975537264032
-0.06132857788732176,0.04267076261793093,0.22901026139383857,3.1906849192319466e-05,-11458.066826377511,-78087.522744054295,-35.500009314180183,-178.74882418509276
-0.060191212546626849,0.087047588171012574,0.22914691072652052,3.4000921004919363e-05,-46259.525037586471,-39767.995652857317,-97.10804677577994,-79.244980615137536
-0.059657128737074475,0.055971502310233949,0.229211240023352,4.1423425800848756e-05,-21302.805586660565,-72774.292304028568,-54.570155214209734,-161.56207233216017
-0.059755499573641263,-0.080497617735924051,0.22920241762044413,4.0201120518410752e-05,-42187.380973822575,-49640.70475206025,-95.254775476585039,-101.58307493522068
0.04480584873567664,-0.097552017560748217,0.23081910823359211,2.6972749695855273e-05,-48385.657302516011,-26500.653981704138,-98.861777938148919,-47.429693218325291
-0.059128600253131859,-0.11878511055137718,0.22927899524969697,2.4631017998624745e-05,-33168.207219344578,19981.257799355422,-31.835916490301557,25.298464235739093
-0.058345815251144267,0.11746534827258652,0.22936941505739858,2.2432302828319744e-05,-35701.764940658548,17812.559196287068,-35.15733744184881,26.351872926294408
-0.059086940301058884,-0.041903570592946381,0.22928408413759357,4.0019890971223284e-05,-9687.6479900376416,-78629.202707878809,-26.371304874561847,-184.80544923856837
-0.058400756245033755,0.06272401204514684,0.22936503070505346,3.9943913085976003e-05,-26615.404732648505,-68567.629058064733,-62.890956366750402,-153.11226154860137
-0.057760831181390568,-0.02931937584766009,0.22944607233760034,2.7195980072506241e-05,-469.98069161754808,-81415.645384839998,-6.8213617901771828,-190.88187457378132
-0.05729277194387198,-0.023438185101077289,0.22950324717506856,2.9951847121197217e-05,2515.6129958148445,-82078.575987808654,-2.4044926387389092,-196.62073354024071
-0.057664482492364486,-0.01630027302914884,0.22945784161848143,3.5904358765150719e-05,4908.5182199927394,-82240.651836817007,6.5884158964426511,-198.49004242265386
-0.057366538137673263,-0.0037974759533578803,0.22949423641360256,3.4232938320331082e-05,7512.0615958887274,-82614.264226979736,8.7951136030718207,-201.89577640591708
-0.057203396032021459,0.0068861798862499633,0.22951416471033764,3.9270809395215099e-05,7569.4313384675179,-82474.558890585118,11.279830199531061,-196.90445940777016
-0.057169294508605174,0.01704282317790488,0.2295183303135401,3.2280444769237183e-05,4837.7165410830312,-82596.34951470072,0.37083817007679543,-199.91492428033172
-0.05774476134769245,0.02606053701847344,0.22944803531590777,2.7070938000706296e-05,737.01415595614503,-81747.010564759519,-3.4614423241452861,-197.34532360795498
-0.056853037888422595,0.032682578674686283,0.22955341895142495,3.4897527185747173e-05,-2158.4511905092422,-81491.66119774789,-16.647080966602871,-191.00068133366364
-0.057233138622836549,-0.035415305909818361,0.22951053156380527,3.4176866760304053e-05,-3882.8916915121904,-80789.612917392529,-17.284166617847831,-188.02088777829292
-0.056652472164604992,-0.055766295907521246,0.22957962004014407,4.0148310907150871e-05,-19439.765379008866,-73813.534183695272,-48.979851716945454,-166.80265758467772
-0.057742069394109238,0.093461967203838883,0.22944227477957391,4.2302557971268685e-05,-48994.847489344123,-29831.033174159293,-101.1836148309133,-50.828178091508278
-0.055961855364119947,-0.075423463448221109,0.22966378657920553,3.9252991420452763e-05,-36641.115167753429,-57377.453196600618,-81.678107688085277,-124.1974939724233
-0.056352583937397532,0.067899277832976793,0.22961421552182817,3.9737784067066368e-05,-30397.018322914311,-65040.40134462167,-72.35910359060675,-143.15019108285793
-0.05447208548463419,0.12322371222499374,0.22984083791762491,4.3429249485708458e-06,-25581.476432071075,25172.433725660419,-18.500960319269193,23.753469162930724
-0.054184542313070225,-0.11064500276479146,0.22988102798547141,4.7525928670214706e-05,-44883.597043677641,4004.1116754218251,-69.063323008872587,12.668472503757908
-0.054501513127114272,0.099361293720857724,0.22984420779797163,3.5502354069930445e-05,-49510.944985319977,-19546.544376749229,-95.480194768586657,-34.532003753113763
-0.052859882658947137,-0.090739570236689743,0.23003456724173188,3.5707490012318592e-05,-46681.206101117525,-36657.762197141121,-95.230833886136566,-69.963249576272517
-0.051660068275038232,-0.049461601704196549,0.23017204481548317,3.4126128968553886e-05,-11602.778828703245,-78236.754038256884,-33.831732485912319,-176.29790324298853
-0.052701714795352156,0.073864348306848099,0.23006405855369991,3.9086564795162609e-05,-34482.228133431738,-60224.431532661743,-79.546560780653266,-132.74053935953822
-0.050856417608355901,-0.067285767574068095,0.23027377926832712,3.8251618466094178e-05,-27439.182407566721,-67492.143646689321,-65.888440927250386,-146.50051829877034
-0.051993858347656248,-0.12937799266493577,0.23015052533846506,1.3562048301781977e-05,-12860.001221230341,29368.525121103554,-4.1551753033489938,21.094535471372687
-0.050483186110655949,0.12886452118904845,0.23013203078064418,1.0881980898698818e-06,-14256.628359508024,29130.098832771109,-7.701067134838584,42.008492093229513
-0.051034059523673438,0.043173241614130171,0.2302651377957381,4.0888191348187219e-05,-6627.7077057499064,-80248.950861148478,-19.788280855850136,-186.39528405248805
-0.051472356091916957,0.036607662984216298,0.23020792005419169,4.3335601846640149e-05,-1901.7757435604587,-81724.501092770894,-11.465166824611575,-191.72899215890808
-0.050268725005540235,-0.10428042556892034,0.23033767314403769,3.8642214402021229e-05,-48638.666680169743,-10610.511340067762,-86.225901671511139,-12.54935717426677
-0.052125124741839231,0.10463846994974182,0.23012176559391828,3.3382685916368341e-05,-48775.264519148775,-9271.3234786029007,-83.255597215302572,-7.8446771932527266
-0.049231862022241571,0.05006487570348965,0.23042438252604222,4.0866626852439718e-05,-11295.413620532261,-78508.583766265801,-32.972599804225567,-180.91317566842289
-0.048575246092715164,-0.086935421516899661,0.2304849674464963,3.234077618990821e-05,-43876.814429903134,-44144.697451423759,-97.026826704160442,-92.88541441748751
-0.048468566543716354,0.080204390792562433,0.23049263812171983,4.5333148944631999e-05,-38440.20034608891,-54115.035644015705,-86.921602052812247,-115.27093850998278
-0.048025981301461976,-0.043361480972230526,0.23053254901466258,4.5627238633127461e-05,-4977.5368288689897,-81004.130466544448,-19.112996671900067,-188.89894879019505
-0.048554635315633352,-0.022689801269484305,0.2304694961188051,3.3474958674391714e-05,7628.5907211915282,-83465.045178080152,10.897546723474949,-199.61605960931237
-0.04797759665112783,-0.014705486714748714,0.2305331875285494,3.6116008083631018e-05,10755.018663078919,-83887.987784371391,15.050931503468886,-201.73809640646621
-0.047526082660271661,-0.0034510217739733315,0.23058090358302533,3.0705413305124661e-05,13004.241401477237,-83807.242741120077,21.507299611661182,-201.86429813790301
-0.04838536567873674,0.0075202415904667159,0.23048817948001471,4.0613705507940458e-05,12080.018629441149,-83692.846905930375,20.512597714991497,-202.28597725010476
-0.047801938243416282,0.018368400211709872,0.23055257605883128,3.0687745283545679e-05,9657.0565518355052,-83733.097865797812,13.796232068102302,-200.49572599196756
-0.047895224106668952,0.024703058088486721,0.23054227950765496,3.170577070221288e-05,6778.1961602056936,-83362.607729987707,11.597771570792174,-202.47516592823285
-0.047032045589246112,-0.028394543453808992,0.23062416527710489,2.8393903614862332e-05,5833.5195384406015,-83345.55583963581,4.9644940150285626,-194.09708646517703
-0.046978051456824398,-0.061515148381166014,0.23062842085648771,4.0368167513937851e-05,-20496.189372637244,-72781.134028278277,-48.685655856094343,-166.16648271019153
-0.046054581282792495,0.056023256104095247,0.23070975958627626,4.5560549021805135e-05,-14807.508233058283,-76391.924937422329,-38.217107794812797,-174.41583285443525
-0.047295752170118735,0.11106710110128783,0.23058999353555049,3.9849015094417325e-05,-44793.004788767837,3126.1879763307825,-68.403488228626614,10.623973639573844
-0.046332827088819056,-0.099032775013410526,0.23068429694793499,3.2424959262688996e-05,-48646.640742940173,-23020.292944282046,-93.861962953466289,-39.354187459084486
-0.044992544644747737,0.086480815480373813,0.23079590212418497,3.2494269812232714e-05,-42263.242501227993,-46318.568908638728,-91.157738097239417,-92.481430806767108
-0.044298608659211487,-0.0811855876429739,0.23086352608459948,4.6929660059414045e-05,-38079.851142499923,-54151.892248133066,-88.309798941778197,-114.5839707814694
-0.043951533019617371,0.062047853564210324,0.23088435834963747,3.3472524760131982e-05,-19555.402470523055,-73495.743472890579,-51.577345946538287,-164.46299375158051
-0.043855230061943085,-0.036529836937533387,0.23089901458432258,3.7554137835113081e-05,2042.0630390216811,-82933.838855866081,-2.1274521926219685,-195.95768659883802
-0.04346862600314276,-0.055463586584670481,0.23093333020980961,4.5352996824421891e-05,-13508.396521959428,-77430.386624376464,-39.557448055985645,-180.42638488743722
-0.044291437757172994,-0.11747727813056563,0.23084832240724401,3.217726620500788e-05,-36992.469086271238,15280.066039439947,-39.929971532724622,22.851646223199424
-0.041679913579418346,0.11824783673623272,0.23109046295699992,2.6413814131692318e-05,-35971.970096025798,16239.768832596306,-37.067656283278296,22.221079101570218
-0.040374131041470154,0.030778319275473504,0.2312067234053265,2.5299740446845161e-05,7147.7064118725857,-84053.016085539028,10.190693534479827,-204.50370223838266
-0.040004040413412191,0.091448291085784936,0.23123377263745004,4.104562092139664e-05,-44954.790740038552,-39462.819451401294,-97.231163663017256,-75.936188750289645
-0.03949754183182537,0.03790073808162734,0.2312748448461289,4.0094821355516064e-05,2973.4061986862707,-83326.521064896675,0.63466264358047653,-198.17065469059244
-0.040625462327728692,-0.075835316635048167,0.2311835618276312,2.218742319104473e-05,-31720.465296098915,-62160.660723822199,-74.607508130870443,-125.63734020799534
-0.041484171169919877,0.068783851325296436,0.23110585895110652,2.5845551893517371e-05,-25078.495410763873,-68828.615135677348,-59.924538461153873,-148.95037191908514
-0.039263256003259327,-0.049615585656346162,0.23130446037670091,3.3123970756230712e-05,-6078.9901795686474,-80505.210853260694,-19.811986869331822,-185.08259381552122
-0.038114101598474164,-0.11142857142857143,0.23140508919430522,3.0582453506023377e-05,-44614.590005869322,1727.6469984578143,-66.647137103493705,8.029572599341364
-0.037754414011184484,-0.017985155816313006,0.23142966602931322,3.4620889067106648e-05,14269.092828797566,-84662.721558186444,26.573801904187299,-203.36215357834678
-0.038842314968521294,-0.011457274100118178,0.23134132121840367,3.4608611243477855e-05,15874.406753372414,-84632.11694012217,28.407900552193222,-204.78382310310874
-0.03838648784453786,0.0002766139103729793,0.23138123695499002,2.752847126006297e-05,17241.011288767822,-84405.745212707188,34.771447014631796,-205.06553125597355
-0.038151115015937584,0.011002238357977255,0.231401848014165,3.2677612538213991e-05,16055.583556581409,-84744.732714020807,28.303780120259258,-205.28431103774051
-0.039040120023721356,0.018579193864920962,0.2313239998830478,3.5103359346618636e-05,13712.236941639138,-84613.42505635861,24.176117764184497,-203.9498753936401
-0.038791135517566716,0.045375925140563274,0.23134580288563111,3.867634643458548e-05,-2239.5634726536036,-81899.056160610751,-11.072642486397164,-188.70675600782283
-0.037343348181264925,0.097576993152678884,0.23145491639395507,3.7726774405524703e-05,-47474.828096628276,-28478.943313762615,-94.559040775463487,-51.267915777911881
-0.036815850186417608,-0.024212645147328491,0.23149894022156359,3.9225662378526206e-05,11723.688248058486,-84637.562310191846,22.556839777705015,-206.41235772549641
-0.037885247759593524,0.025359004795616043,0.23141959241355772,3.2755845316948404e-05,11707.693526698671,-84525.776757614134,18.331905503110548,-196.93741173414034
-0.036546396242814111,-0.092455799343763689,0.23154236955944599,3.0186689490834485e-05,-44905.399360004711,-38639.539544737665,-93.214321157794771,-70.244518737771841
-0.035074135162266581,0.074621101644623891,0.23165132875634259,4.132866721623654e-05,-29387.176878282797,-64814.877593180136,-73.532904447339746,-138.95135535240701
-0.035458330896648585,-0.066965100531333296,0.23162695140897591,3.020999218620914e-05,-21750.48302957998,-71527.495015979599,-53.840587927293868,-162.233099883042
-0.035034801781816921,-0.031094434028444768,0.23167473642213562,3.7687332480536721e-05,8919.2202312831796,-84572.489157542062,14.778095704203894,-200.57764637887561
-0.034569806341821073,0.050505294364685115,0.23170298570821829,4.1911779930353562e-05,-5707.9504236035609,-81106.168936081405,-21.358163310668449,-190.21933752169048
-0.034176826196800437,-0.042639233825197041,0.23174173552382488,2.7022993886659303e-05,1768.3310997543224,-83236.640119322721,-3.8751002280917386,-189.28894646889279
-0.035071372962454293,-0.12852313706816967,0.23167110300387958,6.1753065571155191e-06,-16419.902999952385,27910.062330550682,-7.8050640108862943,23.53844164117676
-0.034003389756254741,0.12867098485594042,0.23174739162326921,6.8645841666075334e-06,-16202.552975983714,27981.036714739424,-7.374580471853279,24.46168399847479
-0.033840313540420386,-0.10487096012617368,0.23176838455731383,4.3360065869068932e-05,-48007.869312784824,-13717.086166764844,-84.51190625596908,-14.927584421462189
-0.033286297353224838,0.10611565878092558,0.23179903839814583,4.0494212990969821e-05,-47714.167075334219,-11001.027914684655,-79.282213773363665,-8.5980895236759185
-0.031525025144047029,-0.086393618586427801,0.23189179515730668,4.2091241386789918e-05,-39521.952811906332,-50187.531103303307,-87.918202142151898,-97.028943466181133
-0.030787583736372814,0.080923366816854803,0.23193063224034841,4.5418638837621628e-05,-34678.082082297959,-58058.51269833988,-81.442048494631948,-123.72875009239516
-0.031264398846021835,-0.062207082162173827,0.23190552094633063,4.7879829827246781e-05,-15843.698916378675,-75965.480602310476,-45.025326450374614,-173.76066937139078
-0.030881937210453653,0.056148579795606612,0.23192566314901444,4.9228378998789848e-05,-9632.9995493497499,-79226.41237088581,-27.935942545024897,-184.29122173957859
-0.030281423138257494,-0.024817841540461773,0.23195728900382392,4.1493230712244289e-05,13877.786390834352,-85147.828382507665,26.960161848663535,-205.56576800866711
-0.02878570371561532,0.024058847081350095,0.23203579991689699,2.6784048745672676e-05,15439.694897034446,-85218.518597622126,26.567514954708706,-200.1311527498369
-0.03065045336661771,-0.037521596264933045,0.23193618609935507,3.5571163932309007e-05,6554.4108892378508,-84447.445482062918,8.445771165106601,-199.49549620681847
-0.030076386602275337,-0.12289394184105594,0.23196082830574077,1.0554418410086606e-05,-28389.947254502058,21931.012835678161,-18.147208679177048,20.539244671206404
-0.030187620839207716,0.11156269130908217,0.23195334005352841,3.8753771688130558e-05,-44546.769682437727,746.52956004154817,-66.963758854724432,7.9340888115142922
-0.029643393498443388,-0.09974602589070998,0.23199089060233286,4.1707704206485963e-05,-47667.613877312673,-25772.788662177449,-94.321774110951395,-39.112993496605384
-0.028031584801284388,-0.017572842865414686,0.23207577592009163,4.5512788155455323e-05,17743.955481787099,-85248.179845406747,36.194125637613517,-206.27653272248048
-0.028461890468111938,-0.009097687087706979,0.23205311402893392,3.1152766581461519e-05,20530.530101785931,-84970.501414941493,38.721227803767341,-197.06219248796901
-0.027522072898500873,0.0036631951564534003,0.23210260917880646,3.9021681734636562e-05,20883.940346699626,-85292.367466605821,39.598509956253736,-208.95681452768969
-0.028471466712851719,0.012719106929775128,0.23205260969949393,3.8670254984415358e-05,18677.198233386665,-85250.324409017703,40.145055370948569,-211.15827424112916
-0.027145886340029537,0.030091217022392244,0.23212117077080974,2.9314078737842605e-05,12571.44601607209,-85204.043055641552,21.371577127381151,-202.45066830855649
-0.028904020619211414,0.019150164800135809,0.23202602607280773,3.0075310482374673e-05,17195.293278359335,-85159.169830906845,34.051227199054303,-202.87067186356487
-0.02972324498897258,0.087328859328107064,0.23195517772518398,2.6442331728309954e-05,-40070.877682049992,-49049.513194225896,-91.646314119617386,-100.83949908734733
-0.025943189493718686,-0.081352704313921942,0.23217579374619765,3.5562341175444473e-05,-33803.23356258015,-58637.642804294752,-82.44714140329674,-123.05720647085988
-0.026460393632998375,0.062034053525312868,0.23215439083992692,5.8639691643357061e-05,-14017.062416873834,-76854.415789937542,-40.595811100599107,-175.01612190912044
-0.027210135881732052,-0.057295508645793587,0.23211903722813748,4.018129208190963e-05,-9209.0239268963287,-79430.651228216331,-31.039973914916335,-179.82086979082146
-0.026385164926211676,0.037052665154348692,0.23216131010841776,4.3244285242466713e-05,8145.8230713816911,-84727.650116833029,13.794728165526147,-201.50570366566257
-0.024280002390155264,-0.1186782442822647,0.23226347397188679,1.6431849047358427e-05,-36088.299554647048,14325.921987675438,-34.484369516892457,21.634087311749543
-0.025998230961628909,0.11642520938957374,0.23218279562332658,3.4288622057452973e-05,-39339.994899399419,10384.372220199095,-46.680291551541082,19.395133047952516
-0.023477980738729611,0.093649726614768045,0.23231558981889919,3.776942973511522e-05,-43708.176446375634,-39448.168381006173,-92.307232234142745,-75.710203899948922
-0.023990478097442827,-0.074228119982068352,0.23228654657783199,5.2066446347609426e-05,-26186.193482802013,-67000.956299143058,-64.438620233973779,-148.7223501884429
-0.021597762964951271,0.068719104269303985,0.23239643777409222,4.4320796355314871e-05,-19859.62308963346,-72662.366611344478,-51.8269570886536,-162.39697029449198
-0.021746835809166185,-0.049803688639850047,0.23238609340443239,3.2916415925942831e-05,-417.29304962089731,-82850.127345672896,-9.386142826882228,-190.45424909212406
-0.022827509027374453,0.04270756165415069,0.23234342357836191,3.7293366610187361e-05,4894.0252762326982,-84485.836343771545,2.3630720320556691,-197.96747189550541
-0.019229849218039514,0.12350164488746693,0.2324982584156555,8.5644254631943147e-06,-27623.926841109896,21705.199169334915,-17.932565673942069,18.792687907344003
-0.021035279824002062,-0.11010639219511728,0.23244382446613776,3.4321593037101474e-05,-45363.854182134615,-4367.6715128342139,-71.961640206382583,-0.38059873994236493
-0.021715695728351445,0.099882828324785108,0.2324083669216877,3.1329603522209629e-05,-46689.046758572782,-27317.326121928811,-90.161701484318158,-42.467777432189145
-0.021110857337126265,-0.031113976692489068,0.23244025351036174,2.9865810916999507e-05,13657.271391801019,-85354.931187635593,27.416680741443631,-197.51460806473168
-0.018598878005629496,0.016947946039471733,0.23254457556777652,3.0593665912998663e-05,20194.061033472994,-85720.08648543997,41.905028043138351,-208.14172636082702
-0.018505038139287222,-0.093127030415031523,0.23256022682297606,4.6154530412939934e-05,-43000.951739846423,-41183.157257171559,-93.618468677180132,-75.07224356880306
-0.018328034422067589,0.075175885590304928,0.23256844340776237,3.9476307987499104e-05,-26090.494022627096,-67048.921809715961,-64.254670339861846,-143.81660015980412
-0.019508278117328158,-0.067637790889841773,0.23252465276105813,4.4439805607712707e-05,-18403.874172976335,-73720.62743497669,-49.802776309841803,-163.10226818929891
-0.020019188345607064,-0.0062033858632938761,0.23249774586004066,3.6078832477886839e-05,22422.539007444659,-85413.095688330272,47.136383773939741,-205.71224380298133
-0.018862756234506593,0.0053439383651814765,0.23255347583337679,2.045669618702831e-05,23145.95572831744,-85371.341248305587,45.921542485375383,-198.28766041041342
-0.018263065299719172,0.050576369338196453,0.23257622369441158,3.7351321023067492e-05,-848.31799104359277,-83067.139049117919,-12.178477084755146,-190.33932630902362
-0.018793080290486746,-0.012271472751278316,0.23255714475450764,3.2550869849804075e-05,21332.873847959425,-85918.280255487698,39.336111603189394,-207.82788641702834
-0.018867910545365841,0.010999741313162783,0.23255506654043698,2.5961964362298659e-05,21775.315725079392,-85597.627093941337,45.043504927109097,-204.42063971401063
-0.017907445206754746,-0.043950059371939847,0.2325805838498966,4.42698147420346e-05,4836.524658377225,-84588.582420249164,2.7574951628204096,-200.0129088599308
-0.017166663335767985,-0.12909742501835619,0.23250748002961433,7.9382283172632699e-07,-16002.751964802626,27067.896349425828,-8.1419644102082902,33.076920564600599
-0.01552489219991999,0.12867096122195534,0.23247464255290529,3.5067252523315706e-06,-17105.374283907979,26736.227214708171,-9.3831417042586196,30.067889465963546
-0.017044863072879425,-0.10516561074640184,0.23265140067819584,3.941369192054403e-05,-47134.606200920964,-16018.267985517292,-82.980103410345407,-16.892407673651839
-0.017057349870036636,0.10477843505181604,0.23264525949350059,2.1814838803887299e-05,-46989.215098380373,-17167.027716575853,-84.236754483801235,-23.047463298102503
-0.017343308286169964,-0.025409275162985748,0.23262923273795785,4.3952875591224324e-05,16981.462695607148,-85886.241475559233,33.474152931415702,-203.56446780669947
-0.016393794302182681,0.025001316216693187,0.23266329111688588,3.5686768419410008e-05,17341.425773223178,-86029.463224298263,31.824443974808233,-205.39101097864665
0.11075596810448164,-0.10930600153238523,0.22139611108184168,1.7336598310975157e-05,-32642.176115986396,21607.101260425421,-52.464217597749844,39.329724781293699
0.077741457023053628,-0.032452891626276861,0.22673367253844293,2.5656087419332101e-05,-15973.486549568732,-75104.120878451547,-44.646550338351645,-176.00402649436816
-0.013774588589823457,0.080139355617461286,0.23270932450405291,3.3337453508269149e-05,-31051.577228023256,-61922.500621095169,-78.390267857366638,-131.12638821736971
-0.015171949231327002,-0.062861447357036304,0.23267702329771231,3.991952382197305e-05,-12422.842957327261,-77630.814736698696,-38.843315076376129,-174.03886222687265
-0.01443285724132792,0.055543171434266209,0.23269775521968869,4.3103546068463177e-05,-5046.590590059629,-81368.846101450836,-18.789516089745238,-187.32234946772371
-0.01374417697474048,-0.038153564833164622,0.23270985899801985,3.5690740810552868e-05,10200.519800694054,-85621.617401923431,13.450207021129145,-199.08395062169564
-0.033465431476267911,0.10107626439940393,0.23174509090045997,2.1388368473149785e-05,-47931.500755834502,-22226.155992134874,-90.073535789949361,-35.447823201942448
-0.013161087392186653,0.031180276971139679,0.23271273803392392,4.2175187332696469e-05,14431.873079282806,-85941.168984133983,28.371064762361843,-207.64112626120851
-0.014493570196684931,-0.1242533542343459,0.23267304889265583,8.3650656269685646e-06,-26222.810376269452,22274.688018929071,-15.76411517464676,18.909072204169174
-0.012510363082785627,0.11208362405173754,0.23273018263501383,3.7382737344711508e-05,-43903.144892977689,-450.81464121928644,-63.149219688123772,7.8681528366512801
-0.012582882849778414,-0.099846814892020214,0.23273026911770497,4.5243527509312314e-05,-46064.031506973035,-28456.952971936087,-93.567061656305583,-48.432468481738333
-0.012365892970053203,-0.018276838773147661,0.23273408278499255,6.0402608048647527e-05,20389.846708220397,-86070.389250906708,42.768272628021904,-210.47178426442818
-0.012250106902762573,0.08692919535535662,0.23271372317973088,3.6928083147085913e-05,-37367.751216707948,-52455.106658005883,-86.696380762080722,-108.0480942488049
-0.010320545858750751,0.060951776170828711,0.23277003042172123,3.8248068928096307e-05,-9773.0514006602316,-79035.381228103506,-30.107650032264612,-179.57286590707437
-0.0091818369094593122,-0.055193230237478838,0.23278516557229045,4.1540534153069688e-05,-3511.5141428617153,-81821.111244065949,-17.083626978213349,-185.7837292431642
-0.010393235342027378,0.036579139052333995,0.23276875288055263,4.0972708974179088e-05,11654.654404768915,-85699.933389321159,20.829277307834243,-201.9223549250334
-0.1156443237766043,-0.037066042041732132,0.2211222278166754,3.1028205603860599e-05,-48952.252744624398,-45124.63391426536,-117.09631571978997,-90.203705975114687
-0.0094552801633437135,-0.0028383330626694033,0.23278523774605284,3.3694202223912928e-05,24650.308604975675,-85727.178763628501,47.100383127245756,-204.25991238670656
-0.010468088067542921,0.0064622513216728815,0.23276059254632794,3.0123818086006814e-05,24023.225043278369,-85687.3485517511,48.960067012910599,-208.51154869667843
0.17353244421061628,0.12982534076277125,0.20102321180504049,1.5133198122459819e-05,20135.362080325202,10923.540281398935,40.61301757343341,7.719179099718577
-0.007546733340248332,-0.11880816333861505,0.23281566584430111,3.2695977514385176e-05,-36024.595334169207,13297.301879430781,-34.810606022991969,20.836352695503855
-0.0086610212003585367,0.11783062204366654,0.23279919710410607,4.123313900072627e-05,-37462.524011699774,11552.367119149574,-42.188151597239703,19.470864380645132
-0.0079748170832063918,-0.012532962082802216,0.23280645320956492,3.0841184495936058e-05,22932.088649273795,-85949.15111465822,46.370666980577361,-209.23436294510347
-0.0075304275391050255,0.012430209206455951,0.23281160062869044,3.6114790435531671e-05,23295.488427944154,-85764.826958282385,46.788827646628064,-205.76934443254299
-0.0064491911746974856,0.09285714285714286,0.23283807073187748,4.2251041662221103e-05,-41921.713651412596,-42797.542764759426,-90.770847289173361,-81.229435719178966
-0.0065284026279687438,-0.072007665760809914,0.23283667856497767,3.6905286235018286e-05,-21269.225626618303,-70948.29745257576,-54.708159261541986,-158.42245048328749
-0.0057506917229554269,0.066584105415695885,0.23284282606955467,3.8795304322153208e-05,-15290.592870904524,-75620.239325876246,-43.426765314680459,-169.94819049774807
-0.0068607732881558175,-0.049441817398116227,0.23282890257325722,4.8168307752012314e-05,1790.5936136743196,-83867.15711701526,-4.679667513257634,-196.50449275292038
-0.0062453958991346608,0.043492813005599436,0.23284152178490858,3.5719586234728508e-05,7070.5750150643471,-85062.222027041222,8.3863040122148487,-197.02649643072476
-0.0041230118340945081,-0.030138156013333816,0.23287895408582732,4.0250412114792137e-05,15810.054332500729,-86463.127877824358,28.201834958523186,-210.81218080246194
-0.004590160577295283,0.01898596217962556,0.23287074379563943,5.1007913056931685e-05,21131.460365610776,-86078.118169598267,44.048700003723788,-208.99324624819306
-0.0036530334672174427,0.12411664223518581,0.2328799973457843,2.0013365523172849e-05,-26609.316548814957,21791.632268773759,-15.814600379618874,19.562030499084038
-0.0042942599913771209,-0.11131415837762429,0.23287594434409969,3.7295670925434507e-05,-44450.279330327154,-3030.592505148848,-66.06771150179695,5.2198061122064043
-0.0039671689722670916,0.099285507474617049,0.23287918877315594,2.9258744855136032e-05,-45677.316937861964,-30274.275906813527,-92.680090692501977,-48.948783382915174
-0.003987943699756435,-0.0068958168751957396,0.23287508902618781,3.3711321250423808e-05,24479.214836545369,-85713.342500936458,50.675606913257148,-205.37552967072949
-0.1247721117516306,-0.089308502343554641,0.21952623171038557,3.2118592129855605e-05,-47329.807024077301,10262.540778340002,-92.97424073838026,25.928819632717463
0.010801361250209229,0.11342394320898233,0.23276157993577182,3.1698851333981888e-05,-42780.9421527011,2307.2557163817792,-55.607723822007863,12.33764680621085
-0.0021497303915657988,-0.09285714285714286,0.23291363514512897,3.03825292607751e-05,-41638.61999153794,-42927.23698309969,-91.169900082663617,-84.16584558430246
-0.0015952681345346364,0.074081186822752984,0.23290768211459817,3.6016510853155576e-05,-23164.781436164234,-69422.024174648017,-59.791503002739844,-147.54539681679404
-0.0021296777294634744,-0.067234802113474698,0.23290867972309356,3.4447132119905251e-05,-15967.185079310837,-75151.473701662588,-45.181443283993076,-170.29702712005047
-0.0029263854384100393,0.048852116272897518,0.23289998518159311,3.1861343805505589e-05,2668.6555649896709,-84096.304558468459,-3.5177038873099926,-193.22508615635437
-0.0018672791311831239,-0.043710423358199836,0.23291179615501123,4.6228638401745969e-05,6386.9780066615276,-85194.065020267459,7.3974596493592202,-203.0654896863571
0.00017096513177615544,-0.12900716935031104,0.23293936843178906,1.1027403097010433e-05,-16467.68651726791,26554.157446772064,-5.9179906180193687,20.528376947524904
3.6778432128160972e-05,-0.10489004235407885,0.23294933535172871,3.6088835118419741e-05,-46656.262942858884,-18007.753296654959,-82.838113546624101,-21.928814893479771
0.0007763187520633245,-0.024079705570912324,0.23293777329870835,4.13436646628232e-05,19145.201055891954,-86230.492770154888,38.735150393767661,-205.11114503646888
0.00083060611282029066,0.00070589748966382818,0.23293681918079229,3.4080086489957454e-05,24861.112442494341,-85661.407698197087,52.06194608156494,-204.48591107139731
0.00025823670386846103,0.025569308497505619,0.23294093975882882,4.5318404924468049e-05,18289.32249457288,-86303.420055205905,37.753191808832554,-207.16020799636536
-0.045658077626029928,0.091805842528696613,0.23071435106539481,2.5120526298867883e-05,-46157.72340683209,-37008.215364284886,-98.670071144792729,-71.909250315137513
-0.000385707080657401,0.10496615276299345,0.23294463842511551,3.4985389186890517e-05,-46581.765768052348,-17876.972130175385,-84.057596220375189,-24.491391434957379
-0.00091846226174552986,0.12910142465681657,0.2329352750805716,9.9999383536059312e-06,-16170.19375182341,26692.684328643012,-5.9649197589020835,19.213625564178233
0.002485962042296945,-0.036135327026225683,0.23290772576516586,4.1349494680938322e-05,12062.347588203998,-86067.798384657333,20.420655232856351,-207.49822357104452
0.0036488292346427936,0.056142607996433655,0.2328872879983129,3.3280054696972544e-05,-4204.2657410681377,-81641.853445430475,-18.79561863440756,-186.83313608718549
0.0023314635258747962,-0.062913024314897828,0.23290600602300304,4.0519945640514593e-05,-11160.938259207092,-78186.036323319204,-35.533979111201454,-175.58611077149396
0.0028353966041941531,0.079725177778767919,0.23290158433977051,3.2159234952502591e-05,-29259.183154762854,-63141.021355665092,-69.514352501276733,-131.44100265124985
0.00326395252225266,-0.085767444501028009,0.2328940523309613,3.6394056797296329e-05,-35574.146554739258,-54728.213686693663,-82.437962825528146,-110.27581418357452
0.079257729078817785,0.046400257767264003,0.22650919144894102,3.1705516661283339e-05,-25534.700902383567,-69801.383098725113,-63.809540991296963,-157.2330522096635
0.0036094947030462878,0.0069375518026536494,0.23287672687703517,4.0284112406557697e-05,24178.60076250372,-85815.4607956338,51.579639858236398,-210.36039160310901
0.0046248417684331238,-0.099520322466120692,0.23287013426249298,3.3844335765338679e-05,-45682.442054527484,-29849.484784909058,-91.127627437987826,-47.831252432679712
0.0037900388699386358,0.11122913252792946,0.23287881638947433,3.8209446207282419e-05,-44524.664875946219,-3252.5284762196916,-68.647388461266956,3.5137576017281908
0.0045690951342889459,-0.01923310845905888,0.23287111402761057,5.4124989909702764e-05,20953.037047142006,-86121.861200510481,44.108997745395314,-208.43168583595201
0.0035694822903821841,0.031030281705669776,0.23287269497732449,3.0034264442255566e-05,15688.078731266691,-86254.88688981926,28.394361106278616,-205.6222386569238
0.075331847431611629,-0.084057583976110295,0.22709041048946219,2.7508189204438807e-05,-48254.43810167128,-37204.389405106922,-100.74092936258745,-71.246663040231752
-0.029221967252501983,-0.12906287516258971,0.23186721387968781,2.5705760306078504e-06,-15591.091364632171,27816.599020910133,-8.1679007755772695,27.960864841410068
0.0069339916839286459,0.037321955760912122,0.23282387247610073,3.4038658108581243e-05,11845.749064899503,-85845.16381480619,16.862786201961917,-201.48596121536957
0.0073651707321923448,0.06153119430557262,0.23281710729536514,4.0758443229591171e-05,-10017.550891702922,-78850.198665005431,-31.884738337005807,-180.50077756074029
0.0068698796002139581,-0.080514715561253669,0.23282864910272028,4.1095456662599119e-05,-30502.78075260522,-61798.28260777767,-74.897525484272137,-131.80706922912231
0.0058766064855235774,0.085976603366756305,0.23284696817945832,2.8283522767141238e-05,-35835.686688418573,-54404.596196695282,-84.750289591232956,-111.64985642425307
0.018950167818240885,-0.058475475891872332,0.23252076949791034,2.4808602945589808e-05,-8473.5440068942826,-79694.951719263467,-28.839051449130569,-181.87574214934855
-0.20000000000000001,-0.063895156538484418,0.20414890771843719,1.4669771422493424e-05,17838.097794825215,26712.71987486563,45.661750539272042,41.37665987250692
0.0028629746602658575,-0.0058787781715284601,0.23283457218860396,3.9309542535848291e-05,24472.740534426932,-85714.33642105828,53.026331808973687,-209.96397361817773
-0.14681597922685577,0.065583356003603113,0.21629414960798565,2.8926451954533884e-05,-50892.478311881125,17148.233099509984,-105.20291475641281,35.68417039400407
0.10787793492009301,0.082280394918511593,0.22227202638044713,2.148638915930965e-05,-53183.76010723714,-14855.443524282959,-108.79227507967953,-25.011643174168839
0.00786651015150229,-0.012341379898214216,0.23280815284233758,4.2335434951033564e-05,22650.585631556653,-85798.703417885117,51.448990105340194,-210.24876947029998
0.0074657500788789166,0.012743837728446453,0.23280953599729376,3.7107233294713316e-05,23287.900790000771,-85825.03003669098,47.668536613409152,-203.88657473943394
0.0078064793671083392,-0.11729148251324335,0.23280574933094936,1.6925881191246556e-05,-38260.3991254098,10317.931478553055,-39.928011473519945,19.90279242363312
0.0072734437087536036,0.11911915204312927,0.23281943750333525,2.5761228921468119e-05,-35484.750694509457,13928.107078895306,-34.356072950870313,20.369406026643997
-0.090039537098116504,-0.024435995998265476,0.22491296602107583,3.0566393009290224e-05,-22408.819451309915,-71197.073541180827,-62.38661327427063,-163.12221824067643
0.008612408293982474,-0.0065186687898143173,0.23279128630983209,2.8639161497255217e-05,23829.074169759471,-85824.237488798928,49.82153856445408,-210.57945424557232
0.0095238095238095333,0.0027319322732341322,0.23278403332038752,2.9694993747165046e-05,24272.818062046023,-85610.977164437005,52.49211479417481,-207.81740577680333
-0.18589304006164201,0.057070151987598683,0.20870121641246231,1.7377455462492974e-05,-7504.1873626534198,42352.012677583727,-5.0930768036990024,72.089660506860398
0.18606901403038678,0.11238688755678285,0.20012521300095043,2.4542890154992326e-05,15957.624881461765,22900.687091829539,34.952036049809799,32.563718435428378
0.00099046134624625973,0.013374893916999512,0.2328612703427736,3.41592746561624e-05,23263.211878907776,-85780.979305041066,50.094242281056829,-205.93351146680564
-0.099940575145386096,-0.083654978109767103,0.22344713685169867,2.3390599083217311e-05,-52471.962582751839,-20449.750362333532,-108.95229293510457,-38.818268312000953
0.011287693251083723,0.044245984072987764,0.23275204685894604,3.7955835394382093e-05,5928.8683317951472,-84790.983252335282,6.1537324758494378,-199.20764782988715
0.0097264013292693349,-0.051368492456277483,0.23277895530343135,3.5350801325631181e-05,56.028119251087894,-83153.030695365902,-10.837136671561295,-192.09390293959166
0.012500631272577266,0.067910503390397198,0.23270683926591682,4.1046838707522391e-05,-17129.923860991603,-74250.25486675353,-46.577865770664637,-166.5489485158534
0.011510454793853276,-0.074652738637764518,0.23273534256897943,3.4143434550784884e-05,-24471.188328045537,-68293.697365227679,-62.822802823214765,-146.86334237825781
0.009430937842501437,0.092395434086648687,0.2327779401644752,4.4389042502906723e-05,-41556.077606190971,-43507.600720703376,-91.05511703827176,-86.216718963983581
0.060101915071128456,0.085280397569277508,0.22916010193008343,2.0412436879041068e-05,-45160.370956042243,-42590.560427518161,-95.056906589268166,-86.256356042655824
0.006642659891838233,-0.074308729353584818,0.2328168565485319,2.3025896403744554e-05,-23576.527155969699,-68931.90038193042,-60.84039564812209,-147.47429998484716
-0.18188398674266884,0.072479252428234178,0.20809280146930134,1.9502185634048437e-05,-8180.8758054401469,42384.538148675783,-7.2799312876122944,69.994870533305246
-0.14915714782491832,0.025400794951729776,0.2161607202652758,2.0952051916754873e-05,-58553.55109952233,1173.3684081246861,-118.24859408476972,4.4763731429445093
-0.14868160492118793,0.12573593370963432,0.21032356806883853,1.8022216947290876e-05,12200.341713203023,26022.324809803653,22.576743467568129,32.670457616903839
0.01125038468662286,0.018580261959872963,0.23275368820371045,4.0086334945880312e-05,20878.245043720359,-86145.805349212606,40.777102791212542,-207.07754289993358
0.012775540612734041,0.099047619047619051,0.23272688309523601,3.2416526720552959e-05,-45640.182470520362,-30326.571588935149,-91.205310369798852,-49.271466003897352
0.013305759788248137,-0.11160400195791127,0.23270673113340851,4.076744701841697e-05,-44234.48862079149,-1836.9949361382332,-68.384433292390568,3.4399786808117803
0.014625125402360134,0.12394137530972549,0.23266468445449984,5.9083207646425577e-06,-26919.683202705142,21859.619514057857,-15.837899399294596,19.576894307105039
0.012466459087109963,-0.03055661456726488,0.23273231530297292,3.2604646616342455e-05,15187.706397189033,-85877.039637864116,30.275534427436558,-204.27246484284581
0.099601938702221268,-0.10920497625713975,0.22333214168975984,2.8758140482605341e-05,-37271.151162489405,16596.087996037073,-59.557754434751821,31.479105426450396
0.11443637050819257,0.049544284681306498,0.22130106291736171,1.7164892985692526e-05,-51349.092101346367,-39078.976982108652,-118.11698636109401,-84.855162737822255
-0.011659088401867098,0.1062893401810111,0.23274650510378378,3.2329430307605068e-05,-46593.853075451305,-14248.104147315102,-82.069492199109547,-18.015828995365503
0.015071459154576446,-0.043286288397715041,0.23267876999802961,3.5799015500768929e-05,6437.7193260104568,-84696.205916432911,7.1744244628145006,-193.28452876766593
0.016257681386984045,0.049237271444510455,0.23262765104717645,3.2101554423910464e-05,1010.7162027724196,-83697.29762709589,-9.6358733853493934,-191.7531400450236
0.014937443008986648,-0.067259183393804184,0.23268414979364282,3.9280482309117513e-05,-17037.83588674459,-74567.273002487622,-47.125625188479873,-166.87138004363877
0.014935562376480416,0.074524485098539983,0.23268777541423805,4.0665014406645064e-05,-24766.225147324083,-68112.433562321894,-62.188848258784283,-147.85187298411822
0.014902835913671727,-0.091943523074505429,0.23268498430745119,3.7722429710342886e-05,-41724.521304265712,-43757.906364797251,-90.171439993347192,-83.389496888028134
-0.00018146994909759529,0.044464541261651599,0.23287710802822795,2.2291614850782234e-05,6530.323813783335,-84982.420484262577,7.1882409939744347,-195.23975787110328
0.016201392791675123,-0.025744311301786716,0.23266660478331533,2.8450295252976812e-05,16857.551758981346,-85967.478317174173,32.60427137830996,-205.83688673950726
0.015719935148381957,0.024796595542116988,0.23267513440936821,4.463215282761727e-05,17218.200582708589,-86045.026634250549,35.609215414353898,-206.6828738250089
0.017729082500067484,-0.10574351354434496,0.23261553356512898,4.319080315034011e-05,-46905.614286439224,-14765.201501693773,-83.806381166029055,-18.949364592803875
0.017034468007499661,0.10388465255470448,0.23263389648386804,3.3657358864007832e-05,-47184.62383208864,-19116.610107717432,-85.495774945207259,-23.459212751511338
0.018218965260675471,-0.12939639330772221,0.23259255395288095,4.1101120430904678e-06,-15277.861473632254,27329.448528321835,-5.4164051284765886,20.816428180260417
0.017049504470327513,0.12848167323064733,0.23263463428679571,2.2824351975710802e-06,-17315.730548139578,26672.074655586461,-7.6375304794409233,22.40248836145015
0.018865079712396336,-0.037007290233285299,0.23255849835758619,2.743903274015989e-05,9651.1629340703403,-85545.102643549195,13.013225417502987,-204.92581067072362
0.01911338228652415,-0.012871165904816535,0.23254544980610359,3.7497092515948221e-05,21286.411007629162,-85585.880471809563,43.473076591617961,-204.76932974285432
0.019311370038330587,0.012704431760193322,0.23253461083405025,3.9066437026290443e-05,21418.373413189704,-85559.25947801258,44.287649954360496,-204.7048160208582
0.017598477449159516,-0.0066923712946141784,0.23258499774341215,3.3468936014570945e-05,22667.311813876298,-85483.936299178953,48.602369671547812,-206.82023654927067
0.018437715811647857,0.0059499757706612142,0.23256354345031349,2.8047655303531437e-05,22804.056696685337,-85437.052097817737,47.375261246477564,-205.26143948458812
0.019057050799237033,0.055714285714285716,0.23254841648335664,3.5183908394093357e-05,-5548.6131590359801,-80996.780997562077,-21.750385608467312,-181.21278219400344
0.019830982537980973,-0.063416260746391298,0.23250469719877481,2.8454855334691857e-05,-13471.329382202795,-76857.725739443093,-39.226166673090219,-166.17042330339319
0.020287518946126994,0.080517044989223407,0.23248361432673295,4.5606860445754168e-05,-32186.956331283098,-60376.128448333635,-75.938240375474777,-128.93259394235923
0.019384721742858636,-0.086654580928933064,0.23253115981250069,4.140043731159374e-05,-37792.157314489014,-51990.401018241755,-85.679712487137451,-106.01529016316054
0.018467437259628267,-0.020517796566600039,0.23256779442438896,4.3032889087537788e-05,19044.564382809756,-85690.169391694231,38.994568921036539,-203.55019092690281
0.020176169004391974,0.03142282566914225,0.23246714585859943,4.5600815947684632e-05,12990.358291761751,-85873.515169335529,22.389514497049568,-207.94650602135496
0.021995360940874793,-0.100070371758383,0.23239367145034723,3.4215058447528688e-05,-46849.932076715297,-26792.131667305755,-91.740708799088821,-42.05217245480145
0.021163366129786716,0.10962112788510674,0.23243700797815015,3.901180271473146e-05,-45726.789870810593,-5382.8449879599211,-71.828464368238883,0.3975963850162586
0.021156745152769246,-0.12279753360601074,0.23243002571998383,1.9490156973958237e-05,-28939.10515705424,20845.9196254708,-20.350936030159819,21.095086954381518
0.022726435236402595,0.037432914831200793,0.23235455406197836,4.3854984933668184e-05,8791.8887194337476,-85085.65278859144,14.141641310929286,-200.00826016974779
0.023648335725541425,-0.05512923199695708,0.23230638728638117,4.5542966743096822e-05,-6281.7047190511439,-80656.099453161602,-21.621832966618147,-185.67921639277026
0.023300652398831351,0.062477943190069656,0.23232315231766559,4.3195112275731649e-05,-13510.975035847701,-76881.020505504712,-38.023343758234688,-175.50289359732832
0.022944483397212865,-0.080325068374050942,0.2323352435333581,4.6102476289600553e-05,-32183.263009964292,-60476.697730554464,-78.690047775494051,-127.50117584070961
0.023451253951399485,0.087169669892594837,0.23231364518914374,3.584405507538798e-05,-38875.04693731443,-50455.481633376352,-88.116222053928794,-104.53014457051685
0.024934968641817788,0.01919920856662782,0.23223875464618726,4.2704494854443369e-05,18027.677372369173,-85507.457698877974,35.882713952836802,-206.44601593792677
0.025257251735629378,-0.1181252112648884,0.23222188516014097,2.7712744731688944e-05,-36879.870531324334,13482.583023521234,-39.010431227735303,20.767893802396802
0.024634969134036233,0.11660764338905834,0.23225263278533659,3.8440240018594577e-05,-39062.5354710709,10487.592870790553,-46.148312991260724,19.18546131852095
-0.13726083736006339,0.038434141869861924,0.21792194558368166,1.4271922875510144e-05,-58648.881238377158,-13414.887575152356,-124.5237126321244,-26.691509828241152
0.027443595587736971,0.043794154656059306,0.23210477672522667,3.8919494101322531e-05,2666.6755485982171,-83696.50140963601,0.073957093467385396,-195.88758685177859
0.027028000611788547,-0.049639491381530891,0.23212861995837508,3.8880770355477041e-05,-2275.3205562323596,-82350.501856573988,-13.879881225540883,-194.17169199598177
0.02831070633627367,0.068266598251576882,0.23205348573992068,4.3894423546660564e-05,-20928.867569992206,-72017.549164751123,-53.462431187409052,-161.46952945557624
0.027835932315237736,-0.073984417227537153,0.23208584291195461,2.797342630160271e-05,-26379.849879935959,-66943.758867884695,-65.905531716710399,-144.56889629022803
0.027930701359164374,0.092387755913440797,0.23207925658260245,3.1248211180495518e-05,-43587.725163555973,-40860.504841828311,-93.263652595995069,-75.842432378918247
0.028327680785944841,-0.019132818629919276,0.23206018213294477,2.9562840017587975e-05,17193.467982170332,-85274.485247790188,33.303338689676842,-204.51884283920776
0.027824651830990997,-0.030737410078692691,0.23208618441355588,3.1824691809065701e-05,11511.011966679756,-85287.536294427962,19.049850009267036,-206.1885049831842
0.028571428571428577,-0.012854056975928145,0.23204734524463394,2.8841922582905969e-05,18640.236437650736,-85237.224644259186,38.998622153971404,-210.43778715778367
0.027162684691184359,-0.0022975435124212747,0.23212153622779841,3.0200291158459571e-05,21054.745062603855,-85137.162712861857,42.493670470813484,-205.21041190860788
0.027452750880754721,0.0076494729468371764,0.23210625999761295,3.1409085323476261e-05,20526.51013063826,-85020.452326482584,43.975356458750639,-205.17404199643892
0.029660145711605114,0.099848299983121058,0.23199000835313052,4.5380355767441551e-05,-47433.154995324716,-25665.887233822188,-94.623214120021174,-42.566742925911804
0.028466730138182902,-0.11129644032947364,0.23205261358329921,3.7252714421982234e-05,-44739.243434090065,-352.18261415210071,-66.930094577407019,7.0696246891522136
0.028681695498095478,0.12353316755684016,0.2320415380771178,8.8005269596964092e-06,-27296.728937109372,22575.890612758958,-16.549828482089755,21.012906797458879
0.030053796607336744,-0.025003305499675981,0.23196913026225627,4.1090760585541937e-05,14214.262634877785,-85163.122573922825,25.30343528024838,-201.88038418177072
0.030444524711662528,0.025282484626726807,0.23194664325817479,4.0435408052470558e-05,13691.063052562773,-85112.654415377008,26.388790220381733,-205.21375345749431
0.031747741347111613,-0.044958804286207181,0.23185770110516618,3.626047555371971e-05,570.2800665821527,-82965.498938741948,-5.6343444163021008,-191.01399188717556
0.031207815332815414,0.049961299853551563,0.23190639892190454,4.3056284581285731e-05,-4027.0659359998335,-81665.694771875831,-15.977840807848436,-191.81534082136307
0.031222182038428033,-0.06826343826078958,0.23190774427912048,4.1536789208290648e-05,-21616.555916583911,-71407.85562265545,-53.475109207835963,-161.03447251763424
0.031880227142311417,0.07472826895128741,0.23186982940121317,3.5808004187512567e-05,-28333.9434015283,-65349.387872430365,-67.349358952689897,-138.4352058062706
0.031046629356419404,-0.092465787375093353,0.23191698969715424,3.3390153004125981e-05,-43869.149236753474,-40069.504797234353,-92.428567626381096,-76.297299944085225
0.033823164419058568,-0.039132565095252342,0.23174199131022308,2.8703153158618366e-05,3958.755312104835,-84164.318502230264,-3.189272929228578,-200.39202657821548
0.033335994381857956,-0.10586605420412568,0.23179642112224041,3.7890477893187437e-05,-47556.238471170444,-11869.312722972896,-81.815304781724549,-14.839542535839357
0.033561147984477277,0.10593645891281191,0.23178194554388076,4.2737250292455057e-05,-47803.176911933719,-11482.954499657884,-82.144717638700698,-10.710467267541301
0.034307747110155454,-0.12923243601541051,0.23173279293868346,4.5748551125858578e-06,-14923.182132115127,28309.941612232615,-5.1146958532204225,23.570924705924131
0.034733939038740683,0.12926765586250774,0.23158186074114429,6.9283587354493564e-07,-14775.291362867014,28350.245389366057,-9.5109519704019707,41.976271283695759
-0.028282414327721758,-0.051195854697326695,0.23205982670998598,3.624356284290071e-05,-3244.5532757049987,-81651.423348753306,-14.38095117545382,-183.71297386991264
0.034490386435936708,0.030229960658026512,0.23170739683491168,2.9607438388158257e-05,9884.7905304330998,-84617.662792611751,15.935886718656963,-197.7106331907095
0.034308718952929834,0.056007776685201988,0.23170874252973606,3.81054907371627e-05,-10403.528291255947,-78692.331618636119,-28.168131270495962,-179.77982314229635
0.034937772372022412,-0.060923347738907174,0.23166545798157614,4.0202365035845849e-05,-15447.040586496907,-76233.980649742371,-45.212290008711115,-169.86857112975636
-0.16634569782548653,-0.080368870757465183,0.2112550834299371,1.6002231340453305e-05,-23686.454990406681,40117.936877882472,-44.253299100747547,66.985759362994713
0.036173193954223554,0.080187053793309246,0.23157505002855588,4.4243533658921689e-05,-35236.168713365776,-57931.495480353929,-83.6141147482723,-119.19410891293282
0.03599735510951424,-0.085658082130800853,0.23158017457362251,2.9636933012509251e-05,-39794.980123292626,-50099.93346342782,-89.343211338002803,-104.8405021967645
0.035977056142881943,0.037026507599517845,0.23156314271715528,3.358055403124267e-05,4910.3059712493114,-83769.178380892074,7.0019874165467435,-197.80381036581909
0.037553146846932395,-0.025255443049472654,0.23144390581185045,4.0002884316084723e-05,11418.512724333603,-84461.971391407846,20.328886121083848,-200.97185102720707
0.037636068294731588,0.024858626108455597,0.23144318804903827,3.6658006609787459e-05,11590.082822356257,-84480.476113103141,21.397296782465538,-202.03748099728855
0.038177394879138647,-0.098681235272785092,0.23139954674677243,2.9400293549664106e-05,-47705.47751760744,-26307.480384392788,-92.463426800185147,-43.735218844318979
0.038282911900807369,-0.018913956788754082,0.23139030686300799,3.3391111171419068e-05,13619.623136561955,-84740.245491231355,22.759877400952959,-205.39329264701331
0.037779076393682796,-0.011675029040194837,0.23142800715256184,3.6808206819297877e-05,15734.291343352024,-84612.586952179234,32.015228584794052,-208.1968308824174
0.038443423044511399,-4.997622039254327e-06,0.23137625127001199,2.8129576595243161e-05,17164.141732291522,-84480.182547776261,34.160164704593946,-205.58837046367836
0.03857685652810082,0.010955918177840397,0.23136456680565579,3.0591384450118827e-05,16114.504565260153,-84632.876777877813,28.065294909864363,-203.25651910224815
0.038301456739513073,0.019596407888716281,0.23138868293398343,1.9741152969083441e-05,13635.266292059358,-84526.088919562011,26.226669905022291,-200.77184852025911
0.03683888377757278,0.11135801330330822,0.23149425008880997,2.5111035426187622e-05,-44635.771400931742,1199.2999736829272,-67.002303914020857,7.352778140633534
0.038567553723075805,-0.12428021658081594,0.23136538143097177,9.8303007135993284e-06,-25204.687853527194,24545.13886492993,-14.304833243061369,21.067205582818456
0.025925685736840721,0.082522063336418233,0.23218668232701717,2.4578311200278879e-05,-35013.740015279596,-56982.830567762168,-83.675023579048514,-118.22910090668533
0.038691242835916552,-0.056589243287909832,0.23135455025883001,4.0581589564919511e-05,-12249.021555256479,-77679.475832769269,-32.354619701663154,-175.80126501313774
0.039422341991944033,0.061696679698506923,0.23129052958126378,4.9187030868337815e-05,-17692.466295375678,-74570.044097616672,-44.770644099860313,-169.82046236317109
0.040158226258816043,-0.079150575238690707,0.23122207248611565,4.4099344464807846e-05,-35193.664701011658,-58274.868801475663,-85.310066297590694,-121.4348014692268
0.040822075409967948,0.086549604280494893,0.23116613919025766,4.1102905217283564e-05,-41651.465991826182,-47413.310182518049,-91.164734692348588,-94.836873083671094
0.040975630442198416,-0.031269730407566441,0.23115451167148884,3.8468560840191771e-05,6463.3693088516275,-83816.992698587186,9.0707606844576798,-201.85738071620278
0.041934401598148652,0.044172532150898107,0.23107055427866624,3.60654220928414e-05,-2767.4043508816494,-81851.548703262597,-14.99773498311343,-190.05225114604076
0.042343690505432227,-0.050271891148640439,0.23103189342764646,3.802481121429823e-05,-7995.5755883191014,-79758.575162374284,-25.49454814390662,-183.18948542864362
0.043048021716741186,-0.11799144345325466,0.23096581168752342,1.1455379280733622e-05,-36357.51611127732,15948.768967981439,-37.762856835499662,23.389684015366061
0.042535159429962527,0.11778889310516924,0.2310174895135455,1.2667256109743572e-05,-36671.814945545106,15362.884652467485,-40.3440326380302,22.113144191475886
0.043534083146908743,0.068630820753016214,0.23093047383157844,4.0220960740217645e-05,-25900.026994310469,-68453.911756524627,-62.431114459590191,-150.53708034469778
0.04432515132236764,-0.073731820044248317,0.23086012812674267,2.9253417183389091e-05,-30750.145383681625,-63354.691037611439,-69.50710022642194,-133.64925002849793
0.045012560936780535,0.093145897068889524,0.23079065234764679,3.4524604356727047e-05,-46593.14504742984,-34830.857298031231,-96.434228040368382,-68.169203169602483
0.04478755219951646,0.030386833206537824,0.2308207104193318,2.8599509219299789e-05,5849.6368641941954,-83454.555639121769,4.9646092257204577,-195.59913833417559
0.045382592314823875,-0.0437460179175026,0.23075865244138419,3.6386410413435469e-05,-3843.7667462594691,-81178.370867860198,-16.250570354508604,-187.77266299047679
0.051207907832629643,-0.08231929707719754,0.23015843036376737,1.7578841319916091e-05,-40836.685775297934,-50340.801244061273,-93.750321168770213,-111.3815034410439
0.044762855422914465,0.049078663211973329,0.23082287305945898,2.8256049110102902e-05,-8198.201774235069,-79764.047208386313,-25.726882298197388,-185.62987800695467
0.046138819311259655,-0.036874048581717757,0.23070009463995111,3.3095779585217447e-05,796.90568816290238,-82446.565074080878,-4.8916394282545417,-194.61606361809339
0.047358312944952297,0.098907716964042242,0.23056631568542929,3.4426511788172529e-05,-48694.017988356565,-22945.38154640892,-95.308028647726928,-40.411447019452815
0.046181766750937304,-0.11061872785398902,0.23069862224631346,3.8117402390682286e-05,-45256.931352149557,1832.1407100179138,-68.904673891568436,9.5654400562533421
0.047061286062361707,0.12310802826909717,0.23061431276580982,8.9391992322339078e-06,-26698.76397591925,24199.523066444646,-17.204689220988858,22.112457410292777
0.047089958270314855,-0.030551310448033889,0.23061909399634747,3.3719975917941586e-05,4243.4326691746337,-83186.093071720446,0.69251377603139963,-198.22283661949174
0.047024537813595439,-0.067972565278117444,0.23062482271581233,3.6627438647187468e-05,-26522.627479898114,-68119.021868263866,-64.66592732122237,-149.16391458393204
0.04710216775425774,-0.018815754346529958,0.23061802483982019,2.5541523019972019e-05,9976.9268482863354,-83869.221423341398,11.923885484592828,-199.22138488656819
0.047910046941892492,-0.0071893901493866466,0.23054064341751085,2.4640267179962458e-05,12607.176806067329,-83557.352323555868,24.885514318506829,-200.53305612633946
0.047495212492764928,0.0035271811482125142,0.2305836068128459,2.5220048003885581e-05,13130.272204145049,-83836.306335198911,20.901651040661722,-202.24566007260324
0.047602243702815628,0.013981204665729979,0.23057423433507501,3.0047921216422469e-05,11093.594651977577,-83769.778217702682,17.247632426411339,-203.23018022715644
0.047962709443486844,0.021671677848220262,0.23053483072388473,3.8589496274282065e-05,8386.2824573809667,-83543.128337333401,12.680053630548556,-201.48021534521905
0.048703937650781848,0.074414920375701049,0.23046151054887129,3.7847729669729672e-05,-33504.559775626003,-61039.790451809386,-78.099218853090605,-132.62243124320838
0.046163626161350779,0.037749854809951425,0.23070021077616906,3.9930003387180678e-05,20.042851516418924,-82343.60613449903,-6.2843475856548299,-195.34568667250281
0.048200760201415678,-0.093044711605024547,0.23052182361696785,3.1043316175308463e-05,-47111.144526128803,-34095.209832451495,-96.971845551267833,-63.773719290703831
0.049601360611853197,0.057027945729016233,0.23039600034116064,3.0341645026719594e-05,-17579.678872416014,-75149.198131915531,-45.729576624880238,-170.80212019661107
0.051662238093704044,-0.10569536646975766,0.23017575210441396,4.2170907459626097e-05,-48319.486437760039,-7284.2767395432174,-83.152572900281427,-6.1237719515148736
0.049401271291966739,0.10520806715563853,0.2304166976120898,3.7695750930329838e-05,-48409.074062737789,-8896.785696876992,-85.7295097647565,-9.8348784957433502
0.049667395822713914,-0.062400751447748252,0.23039339369683434,4.1046859359919339e-05,-22549.517900004943,-71453.833483959315,-52.170162680279333,-162.66364616400853
0.050900223923048347,-0.12913183897676675,0.23027483686460962,5.5274749188025475e-06,-13468.568930996444,29283.405276516864,-3.840765514426506,22.623699120078122
0.051563410186591781,0.12873047026000381,0.22998248892800729,5.3573629694970834e-06,-14238.959558428738,29175.206669189218,-3.5353251632549125,25.062457657090778
0.050970347701797473,0.08096251691158543,0.23024146056850894,4.7784803671573994e-05,-40119.102462631679,-52217.595743650061,-91.72226895354865,-110.14991191316017
0.052150568747827863,-0.087798041278841069,0.23012558618414922,4.3267774756080753e-05,-45124.582936097402,-41762.834493400384,-97.321948770673188,-81.895548172769594
0.055572832111196346,0.043857490446539193,0.22971334297599685,4.5613802400787387e-05,-9121.6237584085648,-79248.104458814676,-29.392416633066045,-183.3923256117412
0.053384547761821347,-0.055497670129479017,0.22997578288870438,4.2022767141923403e-05,-18096.337667503125,-74943.170219560561,-48.379530423098572,-171.15206177428257
0.051324542823649157,-0.098498024832870609,0.23020067556029286,3.8817648397341201e-05,-49245.468999859215,-22479.378866642008,-93.901128882877785,-36.902145824118634
0.05469770647596274,0.063850194468938526,0.2298131136890772,2.5864319660129728e-05,-25691.057961492905,-69189.678671580856,-62.578401684415574,-149.54063304623077
0.055054192324723833,-0.036417756902538748,0.22977669637898349,3.6727291937255473e-05,-3254.8316730852002,-80997.351733095711,-16.947814412546553,-186.91172778064595
0.051741236184439016,0.11166323987621141,0.23012526907648823,2.7078935509133058e-05,-44013.330104555978,5409.2095692335224,-61.251164650870891,15.394671312247127
0.053822714970041902,-0.12319169230287647,0.22990386560871059,8.6286554385702865e-06,-25736.143900815579,25079.475255898371,-15.345201037640305,22.672320754220667
0.055567765567514929,-0.050033709394979191,0.22971396186947934,2.8383700011194981e-05,-14196.842125887219,-77001.896746110549,-41.256765253284975,-173.50531959322805
0.055795910332598328,0.036059076314867163,0.22967990703352234,3.6577224653969925e-05,-3921.0053321756159,-80946.702760498854,-16.59012110994831,-193.4015317530737
0.0561110822785637,-0.081500617230983508,0.22964759410626059,3.3021175583340132e-05,-41647.193065080435,-49753.104744999117,-92.155129323021825,-102.03478308232441
0.055130205274253115,-0.043823478536163571,0.22975171337133554,3.5110854104628e-05,-8609.5022239552673,-79089.815292215251,-25.15306813172025,-181.7593405546763
0.054963543354768218,0.086622954412009429,0.22976995762614152,3.8721325632549304e-05,-45049.06973918312,-42612.992471430342,-97.323541639317398,-83.734583071898072
0.057551226147474162,-0.029028499532247398,0.22947167622015641,2.9491310786674115e-05,-302.69670891585218,-81397.682843387942,-6.7878782415846821,-190.66741815078842
0.056912133205390972,-0.02221212101655113,0.22954702617826894,2.7476003468942641e-05,3361.9733204783224,-82101.384462794493,0.54973605918349888,-194.23626246324341
0.056737819679065944,-0.012389701582427979,0.22956626626547985,2.8427224460233116e-05,6826.435404341757,-82701.987325862458,5.5479233195465554,-198.53331502454662
0.057536056069722612,-0.0014168130661710403,0.22947352929058057,2.5913178727975881e-05,7819.394836875651,-82708.60084354796,5.8966338395816074,-199.85310487196159
0.056672791734469791,0.010870295880853326,0.22957344381131667,3.1249047864798576e-05,7092.8440194076074,-82617.280547175105,6.7463477812381951,-198.96629177012466
0.057569945085121428,0.021378065206233341,0.22946938964586883,3.4541591428434256e-05,3469.8832645660718,-81962.548820773067,2.1088517725106568,-193.95437492128082
0.0570539734532838,0.028339030483318574,0.22953137037297,3.7679566446176507e-05,284.97607544561379,-81696.356734966015,-8.0309417850957292,-194.52567465504433
0.057832734248906469,0.050380380761030706,0.22943486719831455,3.6198035683858715e-05,-15455.040299269305,-76232.444126729504,-42.310821875111429,-171.86500658709684
0.05779883444784556,0.068561151143081409,0.22943326331003497,3.9308682514607368e-05,-31546.731548307707,-63989.763570844138,-74.202928549911931,-140.61170839551059
0.05962486933129086,-0.11819630176011929,0.22921311637137948,3.5087531902110354e-05,-34240.18125501636,19257.721303791139,-35.86684270254591,27.054916888893139
0.060274427157476849,0.11927476827238395,0.22913718776382588,1.750325334830851e-05,-32113.560857001248,20780.257165285755,-33.848449616902421,25.708312720016696
0.0088074349046290638,-0.11327975673451154,0.23279662383591895,2.0759428691251814e-05,-42825.45445665477,1753.1083050101729,-58.645528352842078,9.7314849058417607
0.059437632451224472,-0.073749144175209183,0.2292407579346607,2.6990250147652088e-05,-36608.09632618809,-58175.893545000101,-86.347088676415211,-125.63551468885821
0.06147689221900348,0.093690807446837651,0.2289810313771472,3.1282101823094589e-05,-49355.410568820538,-27863.659559985248,-99.683267048642364,-50.43684130846232
0.063081154386237945,0.09982732759377333,0.22878879250351064,3.6676388474818299e-05,-49872.379100207327,-15447.560297851327,-94.93198265455861,-25.300935142866923
0.061176064922392533,-0.067559509993298308,0.22902862643058761,4.1561289869345639e-05,-31898.446954679261,-63609.902642818641,-73.552992095176648,-140.1452646764607
0.062583131094490707,0.043486360805451429,0.22885635070965027,3.3948003765057386e-05,-12871.979309504843,-77332.847705163993,-35.2279359836146,-180.35409325641322
0.062024241140540802,-0.11017940953066345,0.22892528404429133,4.3468309287516135e-05,-44701.020437078703,5200.1971841732657,-65.943288859097109,15.42001617380364
0.061947471907396585,0.074323561689327605,0.22893466163600568,4.5552944869312993e-05,-38238.830308916637,-56428.557696961769,-88.702424002749083,-120.13819210359094
0.062538625224599437,0.055343133296534855,0.22886202838008149,3.5779510587548557e-05,-22251.840239555902,-72147.621365191619,-55.90334842564824,-163.43031585254664
0.06302314232627064,0.12380952380952381,0.22880326527324069,2.5830671420693185e-05,-22935.746491989186,26689.969267724129,-12.397701124734429,25.207863174805649
-0.0053219014312667458,0.038693253752304139,0.2328244935115604,1.670189691451907e-05,10601.255782578946,-85821.762322558643,14.801255615624745,-206.47616202063608
0.063900633639778284,-0.0425779425143957,0.22869607708164436,3.9670071103301034e-05,-12916.321135483531,-77121.247520264718,-35.475466259669496,-178.89614908358701
0.063769935911513448,-0.092546578309884775,0.22871204220052679,3.7386955964111647e-05,-49397.044066374387,-28912.175778831555,-103.10701809402283,-55.331554031304393
0.064119745808072101,-0.062384204892134837,0.22866927123058042,4.187976906742326e-05,-28880.292208324372,-66765.9817505994,-67.842648111109696,-147.49562406875671
0.065277968783145041,-0.056877003081854706,0.2285278314694463,2.7061329151009634e-05,-25138.497170700233,-70040.671207599182,-59.995008681945741,-158.74929278522373
0.064938319430094718,-0.049864279692359972,0.22856932065500282,3.3547783728385401e-05,-19269.349277821086,-74160.083465510659,-51.704175326807587,-168.49343938033425
0.066462969605015867,-0.10480105295287701,0.22838003034475174,3.6555313483678467e-05,-48346.807737563773,-4254.5988129430261,-81.784140013182409,-0.2410819866263372
0.067024550751942982,0.10437693492764227,0.22829248079911199,2.3805767395236047e-05,-48455.658118495405,-4970.9551381899282,-82.699622924884693,-3.2707988712780707
0.066542217826640118,-0.036250337141012376,0.22837339966298439,3.9299671979353547e-05,-10436.870326094642,-78028.760753594688,-30.21427004049082,-182.45605884958803
0.066345122607606416,-0.028406541627351484,0.22839747543419181,4.1498045080078018e-05,-5876.7780659375658,-79414.661175581554,-19.764232479549161,-189.24944042329057
0.066508095000834516,-0.020030797537604391,0.22837756786833746,3.7514759741903321e-05,-2052.7906049161556,-80210.067027953264,-11.88791132923579,-191.95670504636436
0.06716939743818684,-0.0091610055212869006,0.22828456535409658,3.1520555432290869e-05,670.00742788063837,-80811.020559778932,-11.179885730718874,-193.15363118313945
0.066928018275929674,0.0015012794987497244,0.22831991897612647,2.6070367199609369e-05,1796.6578070449984,-80738.186449402114,-3.6509785482066159,-190.55011230477615
0.06666666666666668,0.012258641836486893,0.22835819786451256,2.91128796864619e-05,300.48253481917152,-80736.347712465402,-8.0746155697024022,-192.50239593973538
0.067671064229980663,0.022194641469113877,0.22821108867957274,2.9454935955970116e-05,-3563.5860171429626,-80043.088901919546,-18.81293475287255,-188.87499550902294
0.066736596456421896,0.031386353760178287,0.22834795559117949,3.0867298275409703e-05,-7587.324391973928,-78991.0044495521,-24.620174210916787,-186.82300838500191
0.066951663773709466,0.037284240773798265,0.2283164557359364,3.2944076548754777e-05,-11322.355443116103,-77683.169016215907,-31.532917391451768,-181.61290157663868
0.067053663065669164,0.079565399480854837,0.2283059365988464,3.2928505809240792e-05,-43688.78229778706,-47718.186415384109,-96.582996209004477,-96.790040656161509
0.068268110903307075,-0.12940653644630315,0.22813075432831431,5.9952955236812033e-06,-9928.1832160698305,29666.877565611601,-1.1287951793180513,23.908262803327158
0.066112939604250395,0.12898687230601927,0.22842583728332472,1.0016023792343152e-05,-11207.69198192952,29572.718194511624,-3.8141940842256181,23.22160450584029
0.067635487411892889,0.061955879199808286,0.22822957089020993,3.4727089087670449e-05,-30601.073140599485,-65637.349823313911,-72.678457896747901,-144.79933449742103
0.067162829629142093,-0.08591225193299995,0.22828157622319181,4.8374593831531042e-05,-47483.90492859183,-38492.834192864211,-102.7146254939468,-73.727106757463602
0.0705637278693656,-0.099840965534638892,0.22779632119337526,3.2674298919356369e-05,-50066.557821912131,-12307.895027443677,-96.068162457363314,-18.226226772837386
0.070270981302239605,0.11067397479632206,0.22783753865128323,1.4711993584639528e-05,-43018.573697389133,8424.0355067869041,-63.087134428628772,17.587624596408745
0.071805137765935806,-0.079922658502564872,0.22761253290482827,3.4605765182902309e-05,-45300.703134343203,-44715.290115634394,-100.16774464870588,-95.123365995330616
0.071532738227677584,-0.12424005090106463,0.22764633506880935,8.4378439672411357e-06,-20201.260895329684,27565.088394568877,-12.317034126978225,23.823031454355814
0.071448703786665416,0.088475449909680648,0.22765172998261493,2.9222486151485272e-05,-49439.974280405317,-32139.622168786493,-105.52063261347249,-60.220582302370275
0.072566953244118965,0.067667209516672627,0.22749974762471192,4.6193375350823065e-05,-37411.533741687628,-58416.503483551358,-86.420121923939917,-127.69982332975479
0.073647446955007217,-0.073372627558344825,0.22733978266031252,3.5765105345698487e-05,-41887.554457233826,-52163.509346055129,-97.291736042166306,-107.69514441840775
0.073729964137581927,-0.049244248865275557,0.22732756615406183,3.76580005726856e-05,-24044.718869474327,-70958.147102217932,-59.798493556209436,-160.92198821669555
0.075835886864780128,0.056514281867882973,0.22701578844477074,3.3575016646317906e-05,-30700.488477656574,-65817.210867762507,-73.741338380406262,-146.77882484897634
0.07444716750921139,-0.11706861455871086,0.22722044951196202,2.689522573857042e-05,-33263.754341569736,20172.518305299698,-34.904605139027829,30.05762932712403
0.075408119252201547,0.11811452071982684,0.22707461545949101,4.2121241596723989e-05,-30997.901137710607,22006.093966143068,-30.683128118796876,30.663678238843094
0.07474596061626318,0.049009992532432052,0.2271771498777759,3.8466342376901529e-05,-24204.075310214539,-70730.222665217458,-59.856887436700958,-157.19753958116891
0.075454866178884444,-0.067678449553958714,0.22707219780638072,3.7399329181551631e-05,-38583.882329207474,-57073.071024428835,-88.839047175516356,-121.77915823535008
0.075482247741678207,0.093559048796091143,0.22706528527682196,4.0885927302128373e-05,-50611.584487029781,-21513.07715023787,-102.25126872609637,-40.605597053161681
0.076608481037787904,-0.043005071907044022,0.22690140740012887,3.5213225016199117e-05,-21647.622295325498,-72579.004566189353,-58.766161594242099,-164.30604257173133
0.075777680732112773,-0.03731066686094793,0.22702374968616099,2.7428478453637111e-05,-17277.625746538994,-74645.911332770542,-46.487450739321787,-172.10334657655571
0.076469450112189308,-0.027095075040503923,0.22692199065465385,3.1289697419597813e-05,-12094.505600370685,-76574.408344918935,-34.932470976549077,-178.12217253098046
0.076442110547386699,-0.017397020397946814,0.22692603822334051,2.9325686435133057e-05,-8176.7634132771645,-77782.89489508768,-28.219503280889665,-182.86830615569801
0.076420945752326538,-0.0065234056300525149,0.22692917162953638,2.3894753523488644e-05,-5518.2024977752608,-78245.481407451589,-20.456332192304718,-181.59252917160131
0.075885977286034439,0.0040286788211976489,0.22700789065503713,2.4912537657225268e-05,-5095.5684166195406,-78457.312211451368,-20.181722796101045,-187.87384980243965
0.076424494773584109,0.014261453388306408,0.2269286462039338,2.8554208024928844e-05,-7136.1315437253852,-77903.603994197314,-22.887164499581719,-185.15653431146913
0.07654592300522961,0.026152150050757578,0.22691066899355625,3.224951611292503e-05,-11496.993879167838,-76848.527669325515,-34.737134038807838,-177.33093817026395
0.076190476190476211,0.034044937138646605,0.22696329219394601,3.4066657854909011e-05,-15395.344871119245,-75401.147865215913,-42.540756571293805,-173.86472720235872
0.075687884683082921,0.041058888219432724,0.22703690430702236,3.4590984371631841e-05,-19207.162405269581,-73595.622601332987,-50.004452259756754,-165.68657708931994
0.076059473845877551,-0.061516912530505743,0.22698217323281231,3.0646324497051853e-05,-34258.392729825508,-62322.805650156493,-82.693877607160928,-133.41044937474481
0.075575383555719522,0.074446652449137382,0.22705414322977382,3.9128023733826531e-05,-43418.166314469017,-49659.741408025511,-98.623889997138676,-102.57943469895866
0.075966259299016597,0.099579249812376383,0.22699100082503385,2.7333309930492109e-05,-50071.426291297459,-10404.801270587221,-93.034284549041274,-11.369196616626821
0.077540045978037764,-0.10962660281522889,0.22676349104670535,2.8079349531728173e-05,-42940.972314713013,8783.766776667384,-67.53441729753375,20.239789998836567
0.078697888618003614,0.063062866932997813,0.22659207472579959,4.3530096933712771e-05,-36929.424677323754,-59258.616034084414,-84.474413993314926,-130.21443651266878
0.080006732432282304,0.12373045949033734,0.22634599524921425,4.6198451786361232e-05,-18847.202452698875,27858.314758335669,-11.863464628223205,27.363072712210457
0.080123199579619914,-0.093746961115621252,0.2263810602470151,3.1481317655414985e-05,-50860.048654622246,-18956.767378475692,-100.54585966845892,-32.957949976375531
0.080084268797443403,0.081060401317184561,0.22638682387258938,4.1768138907342697e-05,-48240.174479477202,-38416.500961793841,-105.23797850757012,-80.041638296077622
0.082910919452182,-0.10547557152934464,0.22596440260497475,3.8579290572528269e-05,-45961.508035326493,3580.8435899205274,-77.468501396749645,13.929879252316626
0.0824007150209492,0.10558994154471023,0.22604387857458144,3.7098763011526346e-05,-45912.455075852471,3696.2332861990053,-78.724747326444756,13.956123499421246
0.082107172002812048,0.056814327410061143,0.22608733703988562,3.4718019938458011e-05,-34650.619086146311,-62306.862383119413,-84.256564013828807,-135.9802640724059
0.080877069408174213,-0.086703123476922758,0.22626945130466661,4.1814805137664455e-05,-50233.86683206827,-29867.107418187457,-106.13095661202061,-58.182276240461015
0.083728503988037606,-0.056289582251664957,0.22584730203488498,3.3419065179833359e-05,-35271.778491405799,-61835.915397781362,-85.961328877569287,-134.7760904361198
0.083940579417795383,-0.12937526894102139,0.22552071338770807,3.6430811019032673e-06,-6143.7511156712117,28989.878464971476,1.0130548998728619,26.854511423115728
0.08407264521905361,0.1293449301154794,0.22565136494986024,1.8398817476897707e-05,-6119.9305477410071,28976.802482940791,-0.93509609327865717,24.160318884363146
0.083260164693480382,0.068006529145446137,0.22591663874441484,3.8272988215154735e-05,-42772.996366874671,-52110.459248749619,-99.887922180379206,-107.32640183244932
0.084294538596557791,-0.079569161176649708,0.22576350172666637,4.6375005821799052e-05,-48880.863152627659,-37887.034600195548,-108.47562600810315,-76.138967844338595
0.085342933314790537,-0.098929677719625769,0.22560828895486706,3.9122246960720078e-05,-49681.97111821764,-6923.5405445225078,-93.028757673277397,-5.8927222282806717
0.084978216091762995,0.086429803026396801,0.22566228462093116,4.4725231367363625e-05,-51052.247183009917,-27489.558572789458,-109.80299048894808,-51.124190728995728
0.085228591311145907,-0.061260360604674817,0.22562521706315505,2.797598684829097e-05,-39238.942156708916,-57129.11093340144,-92.132876127332636,-120.89058666896042
0.085343722023543858,-0.048876563695858827,0.22560817218809059,3.8236717409676049e-05,-31938.578830337621,-65410.247056560009,-83.460075578490134,-147.18774630862794
0.084321472165840336,-0.042167296800237154,0.22575951426481625,3.8374077847268862e-05,-26777.907639665395,-68850.805526891723,-66.633933980299631,-158.40019873939963
0.08570127002804416,-0.033192073520589574,0.22555523791069998,2.5297752867376923e-05,-22870.766002021825,-71279.246591210802,-63.120845466001377,-165.31369741714883
0.08543918701467626,-0.024392589933824732,0.2255940387843012,2.5832974524371311e-05,-18368.26792806897,-73370.149407993595,-52.329375303127122,-169.96958751188129
0.085307271961589243,-0.015843974443829588,0.22561356854792516,2.5639954777994506e-05,-15235.487910824788,-74631.724821593874,-45.609805512242659,-171.47963481996439
0.08540998252327929,-0.0037868260877759433,0.22559836245169468,2.9715083266470609e-05,-13512.956728793293,-75225.703573524763,-45.2384094442695,-179.99857485607382
0.085342924201487216,0.0061927275329074216,0.22560829030407367,2.8817437715032032e-05,-13271.327667799455,-75181.223481047855,-41.616094044105708,-174.45726009224157
0.085458909477661674,0.016563147714133652,0.22559111891252634,3.1311887317851633e-05,-15526.264501948261,-74395.979593661919,-45.722758983539052,-174.06920680305018
0.085316991813437146,0.028621874060087048,0.22561212954301549,2.6448084504440231e-05,-19867.814517028892,-72906.839031680342,-57.498008015253667,-166.26295514738271
0.085274487153897544,0.036656949274153534,0.22561842227408976,2.6484253579639643e-05,-24049.885928406031,-70560.732539898556,-61.939770618029414,-161.22090359114466
0.085052514878290991,0.046083065102368433,0.22565128483201788,3.294928708081783e-05,-29594.931973255767,-67053.73257686256,-76.01755211148766,-149.11906923398965
0.08422696231648294,0.11144996945283915,0.2257735062617483,3.0449907972492995e-05,-39175.376074090578,14263.565066625335,-58.766600168823196,28.276140116424568
0.085402850244592821,-0.072213866836823459,0.22559941837149755,3.4449636923461091e-05,-45844.712179847287,-46110.297998876835,-103.77513888497299,-97.091803125672087
0.087711474402759823,-0.065864792765520222,0.22525763111484687,3.4653191767760954e-05,-43514.027732952898,-51382.085081912744,-102.25054502098448,-104.74813308882564
0.086568601358273989,-0.12388441946068107,0.22531922476069355,2.4186891505361855e-05,-16769.418477865987,28169.363037972384,-10.169633417496589,28.494968669990666
0.08605017323260622,0.061683532736233851,0.22550358347890259,4.1556297694435976e-05,-40364.410807664237,-55941.997730702533,-96.169073845131734,-121.9658370177478
0.088706215981029943,0.073689957574577872,0.22511036158467648,3.7860096981926518e-05,-47851.767962616563,-42070.700225106637,-105.67905507394123,-85.719080043936216
0.089766877575503973,0.092494004570060309,0.22495333272602594,3.9336100977108976e-05,-51418.355438191247,-14983.152510182888,-103.57150629809406,-21.768499880558529
0.089526968044058935,-0.11815774752429237,0.2249042211819671,4.3604616227025338e-05,-26783.249202284154,24459.196182144602,-27.252780693668196,35.042773570893381
0.090287807895091096,0.11744687302708531,0.22479206129674065,3.4325837618108535e-05,-27843.72609794922,23839.953468585776,-27.839910794858152,34.255848191244759
0.091222551821130454,0.099726857579994818,0.22473782302288539,3.3133671894248595e-05,-48563.222038635744,-2246.6477239353371,-88.842967899485259,3.1100682822506172
0.092330366559459767,-0.062352819579089599,0.22457381323421916,4.016274586366613e-05,-43893.087795517065,-51089.398660231804,-100.81146376614961,-105.98419957393449
0.092096621317783123,-0.11184276667353263,0.22455312595493204,4.8935195718903586e-05,-36255.4011472149,17503.235557728029,-51.626004884513016,32.745763716242102
0.094207049952032024,-0.093231917551638177,0.22429573429498367,3.5520000749511021e-05,-51016.690724212982,-10840.042430059359,-100.46495058228511,-14.654078355887743
0.096012214556752976,0.067637123130019766,0.22402872289461243,3.8485675343103185e-05,-48369.118361012683,-42920.969372856394,-109.63920909071642,-86.355599823392026
0.093373796165760969,0.07987439709893486,0.22441933553745583,3.9022742421015453e-05,-51104.977630597205,-30935.224161569047,-110.38472602898838,-60.659775022949916
0.093412869050536654,0.061410161112992169,0.22441355087387185,3.9195534648629805e-05,-44121.545099480201,-50910.512291099993,-103.13587696729535,-107.78819282380044
0.09424146668451043,0.12380952380952381,0.22395428289869929,4.2022171620055364e-05,-14115.388084708977,28423.810481166875,-10.099234761681311,31.360292308179162
0.094484990892444332,-0.087218122183397709,0.22425482534817526,3.5330867848387625e-05,-52049.746868465212,-19885.516172873791,-107.99976211798429,-33.055647273766184
0.095421841556625212,-0.05587160175116207,0.22411612645374113,3.1399891788300699e-05,-42372.106832748337,-53861.783172769545,-100.68404303520373,-114.83007642684105
0.095009244158221526,-0.049422255130202063,0.22417721068540469,3.6808081466317454e-05,-38845.815003524382,-58394.130643082739,-94.609650030179026,-125.77131844646664
0.096309813251072865,-0.042063985360926218,0.22398466399444258,3.2030874771243354e-05,-35686.324394479168,-61359.790815753033,-86.188952289378904,-133.05488650021789
0.09483482950867711,-0.033020851150234953,0.22420303243052356,3.0400044459842533e-05,-30049.700979299043,-65933.986163058114,-74.161147355530147,-143.91399014106651
0.095238095238095247,-0.023075233649339291,0.22414332973406195,3.6424640057080418e-05,-26522.692391569493,-68119.732912455787,-69.865084641967982,-153.21398535466295
0.09564313598697062,-0.011235681512563706,0.22408336424946795,2.9396524464358764e-05,-23768.579596137206,-69639.281142603664,-65.761906974690802,-156.07484559382732
0.095447134319654792,-0.0012732632545777562,0.22411238191002297,2.7016867816599289e-05,-22775.165182926426,-70264.49232726515,-66.459280533294603,-159.81892966918073
0.095561004179480866,0.0096752384157675914,0.22409552370169683,2.4387097740686179e-05,-23439.112635607289,-69651.979682744626,-62.815426053666727,-158.87771287402708
0.09571878804642471,0.020054828680195879,0.22407216411116512,2.7611828297283183e-05,-26088.653632515394,-68418.186873292259,-69.183577267468664,-155.31183652366167
0.095199936746404423,0.030932068354594094,0.22414897902355188,2.6467188599740618e-05,-29599.766502927498,-66442.421069206088,-76.146515856356956,-146.63498764293988
0.09532684084993466,0.040501004352202601,0.22413019112113394,3.1078926805829439e-05,-34166.348935786627,-62747.072531980448,-82.02318362090179,-138.70287774965479
0.094358628626416585,0.047034860488983067,0.22427353303261885,3.6400651430199785e-05,-36924.101290839542,-60321.145057893606,-90.568818346862457,-131.01006798322203
0.095094811733614254,0.05536085516872196,0.22416454257450918,3.7085858491117091e-05,-41701.5251734255,-54571.232722646477,-94.981714815014001,-114.10038723603139
0.095859703318959599,-0.069211444676325132,0.22405130188279002,2.7296748186153871e-05,-48674.937810441581,-41528.81567830679,-109.62662524887513,-84.6520782618353
0.09562811085178842,-0.10515113065636636,0.22405875050933433,3.8204776127837233e-05,-43310.642522092705,9115.5513011696967,-74.040110045394499,22.53039768527513
0.096112515966506384,0.1051145266256749,0.2239854594100319,4.4885941716578803e-05,-43371.033940638488,9475.8681526684504,-72.403064204583231,25.846699202796849
0.095083156835575069,-0.080885128908529752,0.22416626805919376,3.1886817929324638e-05,-51598.559484033874,-28171.435446813051,-111.297919616523,-54.754328410101515
0.096907460996786335,-0.075130663401078782,0.2238961834235674,3.1284707078063696e-05,-51006.240071102373,-33843.518349323494,-112.00825149097219,-67.796496087509368
0.098076251177562093,0.087151760107513215,0.22372314634082077,3.0156631462367686e-05,-52286.349997435071,-16966.636498839212,-109.09940049944706,-26.2073549216949
0.0984899849749271,-0.099408368422284496,0.22365631572618316,3.5175703671489514e-05,-47427.430204667653,1824.9233367084441,-89.349120447561319,8.6662315333169619
0.098263498594323206,-0.12960027551780418,0.22294811879067675,2.1891011847246197e-05,-1235.9662424433175,27793.964728065974,4.0087392667955832,26.085489896968333
0.098591174128373871,0.12955766447479608,0.22289014308092939,2.4346482465634139e-05,-1292.6537095464741,27802.010991298717,4.572407383316782,26.666888495357355
0.10008028393649668,0.07511229385345404,0.22342645324052066,4.228838602686893e-05,-51788.2638379657,-31203.012875153509,-112.74361172629617,-61.084075990363736
0.10045101544695086,0.11154903251680169,0.22324092140161295,4.4657125018563518e-05,-33727.3036433085,20034.131216013262,-49.281766467654258,36.688671076312936
0.10141482755389612,0.068209506552812382,0.22322887668815811,3.4512020010494642e-05,-50774.443311449671,-37492.525540998933,-115.4832887668432,-73.376884282782783
0.10154675775022826,-0.12380952380952381,0.2225678400274653,4.2276419486341896e-05,-11331.48867823595,28753.370461597115,-5.9056425532146521,31.652497408642567
0.10280367665617858,0.092977659435617921,0.22302146982845414,3.4899097484783042e-05,-50339.139727457012,-4728.9283264191236,-100.13991863397241,-3.5585571356923182
0.10378919414214921,0.08069750862940471,0.22287735639430206,2.4000096692601477e-05,-53133.382800591513,-20926.83038104952,-113.45130765293997,-34.722335996767015
0.1044811017975097,-0.11764580330673068,0.22226651956764359,4.1913455804070326e-05,-21886.193516032363,26837.300733499069,-23.444511816053648,39.76532823942955
0.10573120654327486,0.117465971645517,0.22202653849955112,3.8240566891267767e-05,-21731.831100533669,26912.274523280437,-23.565916090679131,40.837213085361064
0.10417141594804956,-0.066885536391174463,0.22282076920924268,2.9230214606727486e-05,-51306.513867675014,-36287.462858193612,-114.8073089405783,-70.966112426350747
0.10508360729130586,0.098481178791683624,0.22263826800377534,3.7690630889225688e-05,-46589.724416799865,4904.6598869280651,-86.599821724959668,15.930926731081577
0.10462217691286389,0.063358084029160502,0.22275403493678692,2.5843210345590609e-05,-50632.65588251163,-39028.171832053762,-117.95977930653693,-79.191642862997796
0.10466944313959539,-0.05621756672241137,0.22274703726507428,2.8881177231596529e-05,-47945.646043174151,-45291.999322039243,-109.99980279805951,-91.383436153465439
0.10492950965120909,-0.048595242839552813,0.22270853493058348,3.2935822062117159e-05,-45281.321751603398,-50302.376612518718,-107.99320770880867,-103.46479623564315
0.104548245098181,-0.041743081447935107,0.22276498039624176,3.0047481141269982e-05,-42087.328205721693,-54559.337845461632,-102.06949146618794,-114.43617420829877
0.10415739414474956,-0.03162321587780112,0.2228228451095863,3.0639112580988832e-05,-37809.095976127493,-59118.212038567835,-93.730582150433392,-127.45964679775759
0.10476190476190479,-0.020564971410927724,0.22273334850411991,2.4519254254805473e-05,-34675.616665597307,-61547.099062601366,-86.814461855825016,-133.56920601180227
0.10449513152016733,-0.010554169454039137,0.22277284375678746,3.0168839518865558e-05,-32295.933243225685,-63168.396291123157,-80.982397706214016,-139.24528745307259
0.10553165582644643,0.0020260076608363663,0.22261938837608308,2.7738900495772002e-05,-32819.242385025434,-62930.11166219486,-87.86026397138005,-139.59180234421669
0.10532710941793798,0.010889551374619937,0.22264967106873124,2.3651668860073902e-05,-33223.497588253857,-62552.139636209853,-85.741228867174428,-136.20047700368514
0.10455557515035731,0.022778055696829037,0.22276389519646356,2.4096531674538859e-05,-35133.019629368733,-61385.661794218169,-88.434011507971874,-131.19140731531743
0.10564601011330903,0.034258282257191075,0.22260245844928894,3.0339558131267876e-05,-40129.79397048775,-56916.192141743355,-98.959440237005708,-120.21111444506408
0.10549697258166653,0.043714465738066574,0.22262452316211706,3.4896207031146444e-05,-43842.748759872462,-52707.526199678134,-107.79359678885211,-109.43017438156323
0.10410382261294579,0.051199385241274112,0.22283077626928807,4.217737983002192e-05,-45953.093703526509,-49524.248466845849,-110.35994364963315,-101.50052203485487
0.10488366696136672,0.05778288932984451,0.2227153218504653,2.8115155371502954e-05,-48788.600658776486,-43941.484529772315,-112.65432121200011,-85.721467820212141
0.10585979443017517,-0.074108251084386872,0.22257080810251503,3.1072185614757624e-05,-53202.830384061548,-26806.981656930107,-115.84477336197672,-49.529671794531026
0.10634923894647447,-0.09369946247572794,0.22248162601590957,3.4535795284501923e-05,-49541.046080300068,-824.22923435533062,-98.743853639392412,5.6546635321634371
0.10640100720415313,-0.080235046295023274,0.22249068261798005,3.6885250685414325e-05,-53297.555254642248,-19008.860907967977,-112.57476907183495,-33.528010770217335
0.10571333843710728,-0.086453978477290888,0.22259249062364503,3.4348225633858003e-05,-52627.468180171541,-11374.675151562902,-108.21257176971898,-12.545039289675584
0.1061086754904972,-0.11130998273693292,0.22219836020032571,4.9963126092296634e-05,-31873.013703430857,21833.360144624625,-45.723663759494869,40.976121650402213
0.10868297552580111,0.12444601390429687,0.22103197287671536,3.8778631573118436e-05,-7263.2789937357184,28965.409922642197,-0.93949851991192801,33.347890742410833
0.10914955821273283,-0.10431962732115226,0.22190635346039461,4.3553166990711807e-05,-39678.144611091906,15242.895013474708,-70.104863809931416,32.546026842305047
0.10808417200958086,0.10439463534539228,0.22207584912758546,3.2618457549057858e-05,-40050.070329772148,14815.136885304071,-67.333687552670753,32.25180568798347
0.10999476871283816,0.08704817461855098,0.22195109790475562,3.4973800553957102e-05,-51946.224599101915,-6548.1908952632257,-106.55906927700916,-5.9544149257818777
0.049226661030306561,0.11695475580387024,0.23037484658227692,2.0944015784957869e-05,-37463.275160831683,15019.307931801955,-44.60002272801345,22.845340677591395
0.11120199004208216,-0.098131011857805164,0.22168589498801755,3.6258143873126897e-05,-45066.795945509548,8924.9392284115493,-85.230434112752235,22.269944557704452
0.11199706121732576,-0.075023379935856421,0.22166219785034696,3.633741982299334e-05,-54199.928527746044,-19272.212040926483,-115.563223892026,-35.00332154577228
0.11294973359978756,0.072539747332512616,0.22152115658170368,4.4232399321079329e-05,-54471.920493059486,-20683.5556555697,-119.50511594613162,-37.92149758422714
0.11285970223775461,0.080721981603868315,0.22153430680838018,3.8984659090767828e-05,-53665.474356946928,-11612.944989980477,-113.43543018661177,-16.062759055585484
0.11258621145090893,-0.12951012860862876,0.21978513762004911,2.112648024602528e-05,3704.8379496038174,26392.017658471759,9.0500901963377114,29.261628375605444
0.11433243776966454,0.11201431633388383,0.22060118470281134,3.9810150526802882e-05,-26913.848931161545,25573.932746995069,-38.179718746894387,46.706584966191876
0.11388942389758927,0.093401818408730963,0.22130084071599318,4.0105884011749859e-05,-47803.368345205643,5109.450141918679,-94.862806866302719,14.916703037562028
0.11435277759773645,-0.068633452430983108,0.22131343868300513,3.2753958324482327e-05,-54762.055344263921,-23522.731277115225,-119.24987434485955,-40.739530276888445
0.11397640249042255,-0.062383155778122215,0.22136916027586179,3.0864607976720558e-05,-54026.100936077673,-29827.305071261166,-120.8131937356997,-56.432990061643835
0.11374927048635861,-0.05543246863502941,0.221402786721419,3.1173542713869899e-05,-52769.921805709171,-35957.220466974155,-123.24578042209006,-67.110690019604021
0.11479200707463692,-0.046710715622084363,0.22124841162460812,1.8968419234692967e-05,-50692.530260958891,-40850.88420693457,-114.63834125259059,-79.748785668540833
0.11425771996933486,-0.039116446761369265,0.22132751177754512,2.6065887511044703e-05,-48359.712391421643,-45635.616068949137,-114.6815025288365,-93.009537951635835
0.11461724392900764,-0.028003916763814772,0.22127428496388554,2.6129392189467344e-05,-45552.001389876954,-49693.584073839833,-108.64876157179111,-104.83215516843735
0.1147700336192464,-0.017934094232449772,0.22125166475137217,2.5024576114526727e-05,-43513.84468621212,-52160.213388542412,-106.50419357245228,-110.31432006459602
0.11512492291951824,-0.0064346023426775333,0.22119912408990267,3.4141423080065696e-05,-42307.477169818187,-53094.404452516064,-101.75359857916261,-114.99475072402758
0.1142857142857143,0.0041804894025573467,0.22132336727417787,2.3641015191303991e-05,-41423.748684753657,-54307.54964404834,-101.91423247003497,-114.88871164637553
0.1134603716329495,0.01444661475753692,0.22144555762728813,2.9797353316072636e-05,-41583.809668273367,-54235.61339568613,-101.0858400471882,-114.28988792808983
0.11394880713355096,0.02604000834889119,0.22137324571406014,2.4795011328577225e-05,-44465.018572974266,-51083.58942382106,-106.25946226161176,-108.16421015697286
0.11540765466228955,0.036743123408962533,0.22115726621260895,3.0238590993052806e-05,-48715.320416488743,-45304.977237330924,-116.67581040683629,-93.37021143799798
0.11477542745694287,0.043802989100604865,0.22125086620433168,3.9362856913666971e-05,-50139.111438218402,-42542.716341245883,-116.7897656707263,-84.243000271492136
0.11405769469727151,0.054474654651655498,0.22135712512485303,3.0673478025311713e-05,-52485.867760660891,-36406.918302090009,-118.90726383005797,-68.583810698372972
0.11353224641534247,0.060371180770856236,0.2214349167074097,2.4959130715786498e-05,-53333.515984348967,-32181.749256104202,-117.05443717571325,-62.785121315483217
0.11419075623099348,0.066380479153530611,0.22133742562703063,2.8296653774559962e-05,-54515.68459325283,-25796.373666906347,-118.99237173793625,-47.174989023307987
0.11573373314392787,-0.079992610343583667,0.22110505210558065,4.0900610073798186e-05,-53686.549596414159,-9336.6716929383638,-113.54094525347141,-12.842130894773392
0.1156985271521916,-0.12380952380952381,0.21951792233956435,4.0488398454604749e-05,-5360.2260296471377,29282.852635262625,0.57243821274717388,35.328363627474275
0.11734759013342892,-0.088108800811171423,0.22080855494234919,4.2689914381162987e-05,-50225.368649708777,1843.4084943521677,-102.30913190059718,7.7121310568079977
0.11656648866727606,0.098843822863931272,0.22074595980548828,2.5892502834276179e-05,-42549.882913710899,13853.488903785834,-77.314740536773698,33.43743094489021
0.11571057289855055,-0.093888041093043453,0.2210161827286074,3.4966751488033941e-05,-47167.806681306611,7289.4409684773336,-88.859537431803403,23.042448427522086
0.11847222074180837,-0.11830889080351525,0.21929043213372276,3.8181749611473791e-05,-14186.711895848004,29805.860744871283,-13.811516435042297,44.940901736230998
0.11962546540447662,0.11808083988995104,0.21904091282163524,3.7442270397524187e-05,-13991.564596038032,29890.473730234673,-13.718985352186101,44.551339472615915
0.12139795875456348,-0.1123098164422779,0.21907470515485181,4.3430961332601986e-05,-22825.162949082329,28264.429012983794,-34.269195137477617,49.384008605019567
0.1214949658661853,-0.10536390227699378,0.21954219204968561,3.6112148000969264e-05,-32809.077302518672,23518.040021831832,-56.764093048022225,46.39416585447632
0.12254204418357946,0.10709834995112667,0.21919236293611843,3.3319985478987664e-05,-29896.865073877161,25480.070138995176,-48.568851919862091,48.420268202414029
0.12125160676907927,-0.098951183937170284,0.21985149978408516,3.3677497946923342e-05,-40327.211579927745,17215.907085143524,-75.705600761726302,35.874840007131283
0.12249643394024289,0.12380952380952381,0.21789621510729543,4.061734368931903e-05,-2159.35574231899,29481.94483385194,4.6316697662031148,36.443314867224892
0.12433838136209358,0.079694449430840836,0.21978416857820932,2.4011490130938556e-05,-52866.396461898126,-152.83499677587153,-105.59338140838921,7.6916664149726568
0.12264555673960371,-0.078694039950880867,0.22006097783029455,2.9713551078014932e-05,-53332.225578337391,-3091.1472290526863,-110.00840687691344,-4.0708431591759284
0.12337138861886987,-0.068598999517558851,0.21997825109571073,3.5401159475374308e-05,-55776.102658352967,-12254.153531369608,-119.48283650523931,-20.836524109040123
0.12298284244904001,-0.060917393747815365,0.22003577459038548,3.5706765494818033e-05,-56337.901433142157,-19595.197416656218,-123.63096098247054,-35.267280208322987
0.12308026925614757,-0.052925047818493207,0.22002135074360743,3.5278860940495744e-05,-55974.567437969839,-25726.251947600682,-125.06932170994308,-48.582873451562115
0.12437236359947819,-0.046239343712755239,0.21983005872260933,3.4195825564551651e-05,-55575.938509038082,-28597.754542157101,-123.22289437427798,-54.434998274768517
0.12404828819219345,-0.036625716029454129,0.21987803744795184,3.3664045614231056e-05,-53948.625005930946,-34278.73009341499,-121.74380497357099,-66.602331409795667
0.12336116169764925,-0.026741094988930601,0.21997976517124168,2.6306106821002526e-05,-51625.056816121862,-39213.269885322079,-115.52317005609504,-78.92192216710464
0.12324177785742069,-0.015547827668540893,0.21999743971349917,2.9773009199602944e-05,-50203.534985831488,-42253.163311588207,-118.02543143490712,-83.011165600004048
0.12417696042097227,-0.0037626596968207277,0.21985898777807561,2.6169570778946818e-05,-50027.780333614966,-42292.91585594065,-118.06305321864174,-85.810784349719796
0.12442528194225314,0.0066678058338222592,0.21982222426625594,3.0375048100146445e-05,-50394.751581700359,-41682.755778477542,-119.53627271586262,-85.687821058449373
0.12344423683736905,0.018221657082317513,0.21996746606053533,2.5618097966632003e-05,-50683.705457401535,-41385.27046433634,-118.51228941775807,-82.745450562104025
0.12344039894263688,0.029005617997673743,0.21996803425328645,2.3299561292463647e-05,-52213.967787056077,-38418.262004826611,-117.55408173341154,-75.155488479697908
0.12495311511727396,0.040005356901720926,0.21974407960497733,2.7776372379522898e-05,-54880.942595189154,-31325.034299011815,-121.16613461077553,-61.706982426528661
0.12434494928788502,0.049068543969216019,0.21983411735741101,3.3110477630002206e-05,-55963.890138105606,-26708.356257409374,-123.49001512405701,-51.072072520482863
0.12326182534192509,0.0566299420848334,0.21999447172292902,3.7876451074462241e-05,-56491.565048186581,-22797.702353012173,-126.52436966762939,-38.523211016003756
0.12370224166760965,0.063446138598880306,0.2199292689539086,3.5692810750908279e-05,-56363.888117436487,-16474.472683215194,-121.89013994504715,-29.56228849265695
0.12396142394779552,0.070608899630716135,0.21989060464925969,2.8036565124083076e-05,-55490.613868927743,-9629.2067344619209,-117.49911757266102,-15.019028610406934
0.12496467476534204,0.093520113796184912,0.21938086516908251,3.1084343418581071e-05,-43855.318834166101,14853.056624949138,-85.031501273577987,33.929176761546273
0.12413685036277329,-0.088046737705637673,0.21971167033980127,3.3723391428303543e-05,-48297.398423734507,8514.3058492399068,-97.09829343602334,20.113831820771246
0.12635008164997841,0.11226348459905028,0.21797952090404238,3.2216129585987399e-05,-20166.601569170627,29701.30860809275,-32.425066334310145,51.446780986198611
0.12742967123218854,-0.092667242183924609,0.21894649748780812,3.2328169084645671e-05,-43561.626869636435,16250.552741272086,-82.769057329190872,37.869365763149766
0.12524822247078127,0.086655471949396864,0.21956069107572151,4.0741773629440716e-05,-48840.639978239793,8067.5556550042756,-96.958528680859686,20.616288109647574
0.12696715503670858,-0.12988804339292015,0.21612558815414978,2.0344752235116015e-05,9778.0093557057335,24338.898458745705,17.045071243627383,28.542864972120597
0.12722852518536254,0.099047619047616761,0.21872175142820391,2.5122942100878146e-05,-37382.244947839135,21783.494464707521,-67.504604952494802,44.934794100793169
0.12896262092311497,-0.12380952380952381,0.21625230463022621,3.9149304914698417e-05,744.87055999967436,29591.357397895154,8.9848999416396182,37.073204354130574
0.13027200214065598,-0.11772770643726045,0.21654740044692652,2.960352842076805e-05,-9025.3130302226346,31665.81676953561,-8.9800068024882869,48.501583981630134
0.13083399658412187,0.1178121945016012,0.21639950571686756,3.4192118316386948e-05,-8475.5618716833869,31919.468571508361,-5.3345427346735796,48.181907376408908
0.1306349321826562,-0.087298192659104365,0.21856214226866227,3.4863323837920443e-05,-46190.586991599303,14347.294781877888,-93.212213292614621,30.465254927199645
0.13166608974698815,0.086666317564887074,0.21839321403851172,3.9217771930480658e-05,-46438.398996334661,14907.623290482321,-92.272071396955781,35.871952754209808
0.13136249271668704,-0.11165403649410816,0.2169004768099502,2.8876928417370631e-05,-18168.927792615206,31458.37259123012,-25.552032173690087,54.084860034213428
0.13173196986854618,-0.098939632650142981,0.21777415916180753,3.6727550606096235e-05,-34876.992316904703,24874.528524700716,-65.662203269234581,48.645411966638576
0.13082592612008662,0.093587638349955538,0.21826567781284595,4.2149646994289611e-05,-41005.170010965812,20032.657228674772,-79.46012292923065,42.712894930326954
0.13180844354850707,-0.10614394325012251,0.21723026751709612,3.0133174340999629e-05,-25876.723191922381,29300.779684757006,-46.454962325343445,53.262325913298803
0.1329746228499433,0.10609068697320477,0.21695414941005178,2.8243798801239951e-05,-25220.027962541681,29842.84823127737,-43.719239656397605,54.390594354871347
0.13208001045825149,-0.082097583376889424,0.21847142194791425,3.2162582561630725e-05,-49206.514928852994,11171.126511388575,-97.030282594721257,25.819763891347669
0.13364823883375743,0.081042340303912011,0.21823520311356151,2.0536666008490211e-05,-49184.636343377584,12017.29745276627,-98.01432707459297,27.479136562026763
0.13356015700903606,-0.075416603956624778,0.21837271440716097,4.4563616709149351e-05,-52258.689531110009,7267.6516989042912,-107.64574101180695,19.18975357458697
0.13324363911332618,-0.067376983619441111,0.21849172564739311,3.3519779539876161e-05,-55384.67901269914,-84.726478997781726,-114.32449778193838,3.8810056362131031
0.13388102617003445,-0.06141551841108827,0.21842011843332793,3.4100267104791534e-05,-56745.590335669644,-3873.5884568845859,-120.84825386334343,-5.3405919330916163
0.13311958277398175,-0.054553731189381165,0.21853505016333422,2.8758131110641815e-05,-57784.49368792335,-10182.318978437594,-122.81679930741342,-16.780273726723113
0.13333031039290172,-0.043976685254026336,0.21850385235466696,2.5720356651858946e-05,-58260.070287326758,-16768.557583140289,-123.81723616945359,-26.56013623895193
0.13331972409264373,-0.034735775728690535,0.21850541963555606,2.9239449925925542e-05,-57760.789051212851,-21382.012905908075,-125.28560015377273,-39.916782933907278
0.13332572193778847,-0.022620565887679547,0.21850453166640327,2.926703278581705e-05,-56993.429729554002,-25611.41476882678,-127.18275413164822,-48.584019753801016
0.1332617914092577,-0.01313930480647971,0.21851399645515437,3.1156922036411127e-05,-56210.175456672048,-27933.132049462503,-124.25729761352609,-54.920074808871995
0.13336940986524648,-0.00046272097277274757,0.21849806375484573,2.6440240636659153e-05,-55905.387373656391,-28896.581759194607,-123.84782018978174,-56.309029751950519
0.13363617107501449,0.0093280980992365651,0.2184585702834875,2.6603570617764746e-05,-56280.353298877184,-27886.468624414512,-127.03764244376785,-53.957328962180341
0.13354119668441566,0.020608472180017982,0.21847263105483483,2.8389110136416065e-05,-56909.498461291143,-25911.22512253145,-125.71022468900745,-49.919718117156435
0.13327415843624207,0.031840989526927106,0.21851216554118297,2.5828176049753196e-05,-57744.868152701092,-22745.335236580697,-127.134854915796,-38.781707272874755
0.13450939455226094,0.041981468882788295,0.21832929126867898,3.2775764839581883e-05,-58422.240690287392,-15820.036705151342,-127.72487704506288,-28.219901800027273
0.13371108962659825,0.050187118010769499,0.21844747873957923,3.6071255707706868e-05,-58105.6255019776,-12298.774931353206,-123.45604674214857,-21.80959220921957
0.13265291852159616,0.059417497714053094,0.21860413888617186,2.9498179609964455e-05,-57465.807367847738,-7354.2365130262651,-120.04758145889544,-5.1007502120242174
0.13345611100874508,0.066672197412777912,0.21846812859835488,4.0177533060979165e-05,-55522.549216060877,-290.78090439286308,-116.39503353000401,3.0786076551328003
0.13316298891893849,0.075252931318991731,0.21843896855989395,3.3657704002923821e-05,-52404.463679111213,6453.7868685807016,-108.03438093731224,15.828819339327916
0.13381272176113099,-0.092573409269193482,0.21772680358414898,3.3910468091815443e-05,-40241.387176442542,21781.504733687496,-78.900059619622695,45.059997012078611
0.13502722295819836,0.12398426198491455,0.21462616921053965,4.0697306762290923e-05,3951.7677835419709,29318.266240934186,12.140697131803384,36.845307478769875
0.13586937112573608,0.099849718300282136,0.21679594505314614,3.9947115460537516e-05,-31350.337144653713,28227.966135294144,-56.584937536466576,54.400575913646364
0.13772291631328076,0.11079311547957869,0.21538161986022433,3.0741897189705358e-05,-15369.000947611154,33210.783327543009,-25.274652523692875,57.732422506533936
0.13962857258549138,-0.12954442775522265,0.21256513348471265,2.3421520377004411e-05,13782.589333871445,22783.855748228849,24.573602102288241,28.773160235270634
0.13946526549226573,0.12988552007208912,0.2125692247777429,1.9524608927597396e-05,14268.378798620142,22260.512648151762,23.816023582879509,26.812104411399297
0.14050483612088932,-0.092719218534948245,0.21628823084868545,3.2310744460234358e-05,-35853.422289318572,27212.024832517745,-70.268108913555011,51.306814994349452
0.1399148720898104,-0.099278564565165831,0.21593828880975111,2.4473587714334431e-05,-29255.9837157744,30425.872768462184,-54.60294728214749,56.749871432114382
0.14086482307333564,-0.12273089700066701,0.21312017251324056,3.4484665702441539e-05,4787.7259137325618,30066.837005818481,14.047877645164103,39.631853640569723
0.14064963786046988,-0.1056121424998909,0.21516926176943557,2.717180769251105e-05,-20895.942651409707,33258.438552532622,-35.672055555692637,59.873839997671737
0.14142778361760736,0.10534520980194893,0.2150028276173031,3.9846551696629242e-05,-20612.61198439178,33622.5214428935,-33.630788745250356,60.831822102153083
0.1407623579432658,-0.11719238023599408,0.21386261238017976,3.3421397579408879e-05,-3862.9875991193817,33214.622525424769,-0.91655980089914679,51.315659482097558
0.14228709013732069,0.1182540066396922,0.21332673437717273,2.9248272967229686e-05,-1318.389553045706,32874.486156681982,4.31173930656868,48.277385986179226
0.14149034051850112,-0.1110466623149991,0.21439855953210871,3.0602019810839089e-05,-12660.289787175025,34308.660714266036,-19.265229157947587,58.252463371966172
0.14131992112715985,0.09222793996645462,0.21614514183900274,3.0971319421691834e-05,-35912.89905174329,27712.542470735603,-66.529662722409768,54.629404607029542
0.14310875633816589,0.088200806251490071,0.21604204827331258,1.9355805272966747e-05,-38290.702877552692,26800.838964852297,-75.181421007931988,50.923775113908036
0.14311967751079069,-0.087589694634031004,0.21608077414153945,2.8826252072453891e-05,-38848.586639615482,26412.62840161052,-75.149095118722286,50.470360081780193
0.14217433570375254,-0.081780801351100801,0.21660096762699929,2.9495361297422747e-05,-44217.661175537585,22006.229654086233,-85.901084366977429,44.931750742823823
0.14141534246792112,-0.075552635753440844,0.21697526883004997,4.2789533120624821e-05,-48724.843620875145,16919.155909716432,-100.48401228970093,35.893838765895623
0.14339814464594938,-0.069148862956258744,0.21685018557105043,3.3744408038921303e-05,-51013.696641839611,14829.505068916498,-101.45563245502252,29.135261906725979
0.14339682733328787,-0.061809146475602511,0.21694929696101756,3.1428002608367235e-05,-54103.384439072426,9922.4053444134806,-109.32351118971427,20.768804041831046
0.1430195684122347,-0.051193323429810443,0.21706937680103786,2.7006772496544446e-05,-57151.297293375028,2644.8926440977634,-116.33189724656175,7.9028531858273086
0.14285714285714288,-0.041812592506956459,0.21709342358435177,2.98924103040312e-05,-58614.234761711152,-2659.4330164437843,-121.91011640399749,-1.7807416863611796
0.14341174922513591,-0.031462737447058201,0.21701131520461975,2.7272005479997033e-05,-59281.689978301751,-6232.4360880406994,-124.35864988428,-7.1743223628326804
0.14268674466626985,-0.020897333672677126,0.2171186507006802,2.9587315335263099e-05,-59307.81651328109,-10766.068160931551,-127.24437137244742,-17.936697931088496
0.14245762268220619,-0.0091492145209341093,0.21715257175885441,2.6529272374699851e-05,-59031.008407157184,-13472.234343088227,-124.04780776535632,-23.807832105257202
0.14175394248294734,0.0027575816195504702,0.21725675022550228,2.45226981071387e-05,-58996.011853855751,-15183.161790329385,-125.90582461260333,-24.943532363015745
0.14285823028396205,0.011785301096832321,0.21709326259295439,2.9621591836534492e-05,-59133.653686080826,-12496.540421815309,-123.99746941412636,-21.251013018191035
0.14279332134806,0.024412755600568915,0.21710287223298849,2.4055585202290851e-05,-59258.287208677924,-9779.2080755418738,-124.85683956523413,-16.012675332208698
0.14309121923768803,0.034273234906729372,0.21705876903754295,2.4457933275709982e-05,-59259.643176911115,-5704.3908559924885,-125.42193482881038,-3.7076763828145336
0.14268215623263925,0.045157168365271477,0.21711933000923608,2.2417003512138502e-05,-58217.321467028836,-1115.158119725188,-121.09899837149561,0.78300622550065357
0.14329260895993157,0.052992699991355675,0.21702756499359044,2.629076964094846e-05,-56774.413701801495,4295.7880374317338,-116.23291694088999,12.759183456339086
0.14285714285714288,0.062626795688160791,0.21703738246314616,2.8545754324884733e-05,-54044.604274904304,9736.2448682098111,-108.23501290553131,21.203671490861048
0.14262386844489805,0.069429639405708621,0.21696831065671732,3.5307109716106269e-05,-51205.134752425132,14153.168333136911,-103.3773012115383,28.950608673145506
0.14159578050457533,0.077360385016192024,0.21688042241785127,3.8672308112981436e-05,-47421.810173433369,18228.065733969037,-96.40807275783537,37.112585883181247
0.14267511234317629,0.083543986824687763,0.21642174263685993,2.6554540724106475e-05,-42553.698034719651,23493.547568484566,-81.726383510848464,46.717561111225642
0.14351838822798818,0.099530386067326088,0.21507617294742126,3.84620728226977e-05,-26338.926711468604,32750.320541176407,-48.919136604327093,60.288183903488374
0.14700040643688614,0.12380952380952381,0.21120785642641576,3.6518125254559815e-05,9178.5330580651407,28443.776009776084,20.130457217638618,36.70729774145569
0.14764643040765354,-0.098704245112958874,0.21412228403693465,2.7925893145486153e-05,-24234.861247869638,34673.339608916729,-44.055607544414002,63.387015454156405
0.14707044854975096,0.11019347415009283,0.21301708251826521,3.4303321690221404e-05,-10033.754591684159,35596.140628339897,-15.268669185113113,60.436762581909093
0.14939448012796544,0.099008786627817966,0.21364403157616185,2.919833175747594e-05,-22463.28524576456,35527.366242473021,-42.379869454849711,64.810401996583963
0.14968694718137585,-0.10442925720361261,0.21300466362908718,3.0593795214252577e-05,-15757.512894278714,36462.003488051392,-26.68845077838726,63.450848762331852
0.14749163737696203,0.10442096091003522,0.21356357922277161,3.1017107418032014e-05,-17346.830406066885,35683.674603888845,-31.336422893173584,63.290408176458797
0.15216775522670317,-0.11063841418888884,0.21153781426276108,3.8516064489126023e-05,-5877.5259408419142,36250.361761939523,-8.5978656161269456,61.754777263112082
0.15207238512862253,-0.099979206537077064,0.21284596401195496,2.7885354732906201e-05,-19180.833933330428,36970.277328320524,-33.98686584813094,66.816722932993201
0.15220953150265887,-0.12964642894514958,0.20861414937886225,2.3847053462120148e-05,17538.101344427712,19754.565824493919,31.326738027579477,24.615882039669131
0.15169231962046614,0.12960625304161721,0.20860280432861933,1.8620564924797925e-05,17424.147642545002,19933.941907075194,32.587631981293484,24.404753586979957
0.15228427239245515,-0.092545673085010507,0.21358678391737021,3.6847361120219605e-05,-27032.040387789672,35383.943545315153,-49.705659350923284,64.269896083980058
0.15233148685867434,-0.085395762163520822,0.21419860616527331,2.7882123371026707e-05,-33645.769826601092,32944.810948539918,-64.41586946972879,60.120440329552892
0.1512070745875663,-0.079002883612537572,0.21488595920602313,3.6151625435208892e-05,-39732.845629816708,29245.112187221301,-76.301046858328164,55.560283177702161
0.15252120110915771,-0.071700070295908719,0.21505378301795217,3.3299948443221564e-05,-43512.116369404772,27031.590889199135,-84.154351884138975,49.97246244063416
0.1523308826420616,-0.063034125997152926,0.21542378884291469,2.7490103162147247e-05,-48282.327937749149,22628.074814560186,-95.772630341939561,43.305748333848506
0.15194553687998025,-0.054802158853458884,0.21567423711939812,2.4385965646969892e-05,-52022.945457158618,17985.528446744112,-100.55349928542086,36.706365580504063
0.15225443404353844,-0.045663921952778165,0.21570040647992689,2.2979591221619165e-05,-54500.14253333232,14028.280585891001,-106.5150538563564,29.230083465537099
0.15217562630502973,-0.035955356490084092,0.21571384047528197,2.0409873861318973e-05,-56382.321422564411,9667.9788954713131,-109.48520796410099,21.50155923598615
0.15231779299687093,-0.025736184571462952,0.21569279297674496,2.4434613073358536e-05,-57559.195323677086,6737.5090650719358,-114.59640541117496,18.016318208374976
0.15241358560039836,-0.013512475065600063,0.21567861107058617,2.8209114576058883e-05,-58312.348780283166,4300.7998504797097,-116.3796962792383,15.816815051921616
0.15141663656880705,-0.0037324408479146908,0.21582620740987021,2.6635750363153474e-05,-58713.047691565218,1647.1348629213569,-117.94749582572757,8.8655230070891289
0.15212493994968554,0.0070127858133564131,0.21572134449029517,2.6785597037973719e-05,-58290.68832375425,3075.2333950455491,-119.19990601649231,8.2859870558139104
0.1517608112771936,0.01903428785169882,0.21577525302261241,2.7922392859022309e-05,-58140.609022020952,4242.1596103616139,-117.75035234837021,11.518616323667844
0.15190721065673304,0.030034156369075658,0.2157535788830037,2.560576071170817e-05,-57398.369668923202,7298.9627036930842,-111.95866493544924,19.666127198616149
0.15240163425543549,0.041143960918118908,0.21567793076233524,4.2783681694761289e-05,-55548.216800199698,12477.151268750995,-109.02666170957065,28.809440259413957
0.15211745940575228,0.050302281725673768,0.21569292101023643,3.4215135125349187e-05,-53359.949229149097,16199.66841336674,-104.61277479585242,33.139610607312498
0.15205855898483314,0.060737930543536857,0.21556011523682694,3.4877895257116919e-05,-49583.223346723003,21161.575059909654,-95.348884855906945,41.464350374946349
0.15258647042586607,0.074965402595459502,0.21485527992044554,3.2975313143328971e-05,-41144.314265318739,28771.402213411522,-83.225705820424608,53.078411755809711
0.15197283037439061,0.081408154951285325,0.21455685273473479,3.1917585805840095e-05,-37059.427316045927,31162.988141780614,-73.406156859725058,58.972432765706436
0.15194905519987897,0.088590751659528677,0.21402593700219419,3.6721866021187281e-05,-30987.850828475624,33959.930310696524,-60.221519669701898,62.037516783984415
0.15096728339622348,-0.12297938694100526,0.21005850588527084,3.6073311765115194e-05,9750.0474526563976,28737.97221385091,21.571650217053353,38.020171950020575
0.15217992193373497,-0.11682310053788676,0.21068449855895457,3.6231742983913467e-05,2261.8356803097195,33460.925003573764,6.5147961385241562,52.705692267494747
0.1524857928496407,0.11761904761904393,0.2104869577890337,2.573915782573209e-05,3457.6665969156998,33012.716740064607,10.640974127212971,49.961103833471412
0.15658736012030597,0.11148257353872192,0.21015244354093229,3.7228200330924013e-05,-1854.1133468460807,36003.513314978292,-1.7291767520708197,60.14747367009501
0.15643605220555179,-0.1056805951130536,0.21098922471883869,4.3233720593630214e-05,-8924.3460864831686,37823.738119369758,-15.378840795322843,65.441981099846913
0.15851388025407503,0.10445295275857269,0.21056327833889088,4.3879056674658942e-05,-8653.2573849387936,38328.991794350535,-13.295068565840035,66.831342715646244
0.15757771730278813,0.12402137476723732,0.20784495971845321,2.6316091611802498e-05,13546.548604654539,26137.817563241006,26.839185673066943,31.440166273200937
0.15846659949640729,-0.11305015600126632,0.20935861005877363,4.0659333958137177e-05,1244.2925581428303,35319.435705172793,7.211171955195276,54.312507746853896
0.16258787982678607,-0.11832328024560197,0.20717466988010258,4.110425796902573e-05,9554.4748556803188,30594.113797926697,20.765969187911605,44.247159444186288
0.16157749519798309,0.11761904759864593,0.20764010622582604,3.6457293380882779e-05,8377.8616458533652,31529.068622569241,20.60464740229088,43.537832392708097
0.16243488780231227,-0.097636893054993887,0.21035510807282162,2.1008098934162941e-05,-12703.540621297758,39589.611841207065,-24.506115100385941,68.461229720377034
0.16117938770480417,0.0970361288894796,0.21077012531906342,4.1885359309652618e-05,-14313.974884377016,39559.167468697597,-25.380582639782915,69.916175955093081
0.16265961033203774,-0.092932034463541507,0.21087481621844609,2.8224391593781367e-05,-17066.411260248155,39835.880995782529,-32.006565549721735,69.452665124210867
0.16200882974192513,-0.086182506236460052,0.21177634979537499,3.455844752661712e-05,-23680.818933545939,39104.470030439828,-44.72460570296272,69.167803798375147
0.16225133788074428,-0.079632694135940124,0.21235499127536409,3.082892007886816e-05,-28606.247051828268,38131.834702643217,-55.282616758944059,69.071961356952812
0.16172916318920727,-0.071016139736724937,0.21316624430585365,2.8179773608132472e-05,-35167.589680360223,35456.139188916946,-65.825440422244228,63.252522584891032
0.16190476190476191,-0.06230857903839189,0.21366585073204553,3.1989558983163266e-05,-39915.820302375461,33098.161539904286,-73.781852335182407,60.221893387360332
0.16258951268845612,-0.052088777406742538,0.21392144985758185,3.7801628156290471e-05,-43657.115630024324,30448.680273795402,-81.891896688075477,55.805762170576315
0.16096065308867244,-0.044146514869763807,0.21435101827397793,3.831143399581891e-05,-48066.702666805679,25926.288409069202,-90.044756305346212,50.867274317711299
0.16199208110333027,-0.033599187005129011,0.21425521744138371,2.9857529433476408e-05,-49578.461029862563,23861.252652565141,-93.267924768485528,45.013387892108305
0.16230252868106737,-0.022029294569112279,0.21421436262161644,2.8467973552592577e-05,-51129.267927743851,21682.721002608938,-95.46230252274681,44.774146007632773
0.1621589059617633,-0.011734088102675433,0.21423583559771003,3.1576277958113188e-05,-52115.101994260382,19903.465333333101,-96.882824680581166,40.908516859979152
0.16192374507434668,-0.00035334783298483254,0.21427065070362381,3.484552268882882e-05,-52596.696932692459,19029.263115342106,-97.957616135507578,39.510407128431808
0.16162039659894742,0.011025965844138969,0.21431556084755049,2.6741336975500137e-05,-52386.49695768363,18934.158963202637,-99.076045536586051,35.336876745459755
0.16230806423363656,0.022010869472268779,0.21421375300952869,2.7694402560224877e-05,-51112.825357051704,21723.396784501743,-94.491268256480723,42.714542122188135
0.16229990336746181,0.034087008644262534,0.21420564666782674,3.0104646103109811e-05,-49264.323958583402,24616.593554937306,-90.061361864109003,48.599785712007346
0.16222146532092097,0.042833742348809586,0.21417443538907888,3.7551695415594718e-05,-47155.911410260451,27153.79950116693,-87.035187025991021,52.273371150916027
0.16201899562746416,0.050623451339627132,0.214055269883835,3.3472915316446641e-05,-44765.67362939367,29362.148284386276,-87.132186223390434,55.61963169732693
0.16235558165653638,0.063296359128874727,0.21350800363324668,3.561182231313298e-05,-38852.868350581077,33880.355321431627,-73.265700504332173,63.30423744593903
0.16253870605068343,0.071833246348964985,0.21291679824666096,3.7620857972851885e-05,-33618.047449600228,36437.539134478626,-65.579687636866339,65.25583669011418
0.16173096421669364,0.078199712876210956,0.21260874983346897,3.7646747705251275e-05,-30242.394582072258,37511.208930204244,-55.587500214651371,66.573409948286653
0.16145115937676607,0.085392067505991723,0.21198836329677065,2.8949745334395355e-05,-24907.514921056707,38762.530056188276,-46.816164578364486,68.431498321218726
0.16178311945152085,0.091366993296539953,0.21129101974509901,3.0984541404103326e-05,-19247.830453889201,39560.464480381008,-37.214607753817425,69.579639865126026
0.16251259897757719,-0.1239299114229509,0.20618362337346111,2.6769066665704702e-05,15276.531794295424,24514.143724988251,29.955856796557182,29.083468126143945
0.16277476436528615,-0.13,0.20495031609873202,1.6615378591963368e-05,19769.473511915599,15505.514281098069,36.697422617964499,18.033115121872164
0.16277476436528615,0.13,0.20495031609873202,1.7245186541950674e-05,19734.341358766946,15574.347648957733,37.236270940546881,17.015603566991537
0.16575979899623466,-0.11285330090636249,0.20709086508974028,3.4412167827018736e-05,5565.8593891159044,33985.972637019324,13.528288138725472,52.432434703507909
0.16765614243717961,0.12396669108167534,0.20440720831179804,4.0775538967479128e-05,16749.151695274675,22412.836065952273,32.206551314715838,27.060412211120088
0.16971850631162314,0.1112451764917629,0.20609416659800292,3.0719597242253241e-05,6490.6652256188945,33855.367057892814,16.347173382626412,51.832604684262705
0.1702301603036547,-0.11750069688064224,0.20475908084101654,4.0354705772098425e-05,12318.595030633078,28512.384579377631,25.492718583093701,42.154207303429303
0.16937642936874309,0.1176190226596078,0.20503161953930593,3.986824727657841e-05,12296.171016961276,28733.029840437153,26.728333367345325,41.153496877633124
0.172065430699746,-0.12362004653258404,0.20290518635650676,3.1585603155708094e-05,17443.056272791026,20786.569181461262,33.196678098871011,23.304527054416639
0.17042207937502815,-0.10349609124639182,0.2071452910812871,2.6431842913337512e-05,-61.138020810909218,37983.53817456957,4.8744932249230537,61.41286588172013
0.17153356437254141,-0.098467714841525486,0.2076084652122728,3.0701094129666474e-05,-3407.0945278086911,39582.054259734949,-1.5149037902120148,67.437660462391349
0.17226245667565696,-0.091762643987705908,0.20833966082322963,3.3212746329813448e-05,-8101.4217075189235,40960.766821137513,-13.757854880831125,70.826937514662276
0.1712943580452306,-0.085189751197417812,0.20947238362665976,3.5550561412195429e-05,-14185.242056366229,41736.751077781912,-25.065804807573993,72.744736207796421
0.17124935989166656,-0.077717062697611,0.21030404750320486,3.7877762373302796e-05,-19461.193073318653,42000.458607172586,-33.117980088091784,74.748129833292069
0.17163770564124947,-0.070633022632765205,0.21091262908117997,3.3636136069666508e-05,-23520.023808510789,41714.210370388777,-36.795325781690963,75.010980402732457
0.17278062777114744,-0.060796860221175406,0.2114438478733674,2.7005280095998112e-05,-27132.720436019914,40730.073650366838,-45.956460031761409,70.986892514834807
0.17182960769739258,-0.050803677274068558,0.21225288346488941,3.7408211022080884e-05,-32652.336087552347,38768.890536388397,-53.066942297154299,69.539510564724949
0.17121128529763263,-0.040681786184595073,0.21274731039433328,2.4886931376834447e-05,-36727.178123484919,36336.412216827157,-60.616062212124376,65.011622250309955
0.17038760456431823,-0.031542470552089322,0.21298741268244389,2.9229925902973579e-05,-40133.07849940117,33746.99940445376,-67.171290102678995,60.672259125097
0.17201271588058889,-0.018598181680723774,0.21277699845966919,2.9124846397170109e-05,-39723.801177161826,33532.608526926611,-66.266148302351965,60.011492817772691
0.17215135921333785,-0.0089012022302710873,0.21275647258750174,2.708227838797099e-05,-40255.851833992281,32993.736523402826,-68.00845365414834,63.102259564353815
0.17205004997401949,0.0028734432846982769,0.21277147122071691,2.8230194775659176e-05,-40549.955815129237,32643.661019741277,-67.835251443379477,60.954316960539018
0.17142159220664235,0.013754133660334577,0.21286451315457725,2.6176418940337538e-05,-41132.25824596476,32698.073543664515,-67.775109726973,63.877644793627468
0.17239968279319262,0.024050832754832503,0.21271873762564961,2.661108357043547e-05,-38403.172238233987,34830.422663734425,-65.956865042106003,64.080794203750742
0.17101238648370576,0.035306692505125428,0.21285244227579111,2.1745332884848324e-05,-38407.108006236442,35222.740433574727,-63.558253073324572,63.137759331104021
0.17178249198334,0.046198832395337931,0.21244036122554746,2.5512913501530285e-05,-34349.481781852584,37928.732104705196,-54.570727092908733,67.440239426363888
0.17149191650917434,0.055634012500843891,0.21206427651845933,2.4016093718566661e-05,-31250.108739625164,39517.640490499201,-49.38546366748173,70.334106314445876
0.17189939192510612,0.065092927982504725,0.21133150595498262,2.6684566655336417e-05,-26079.80020715225,41102.625129608306,-45.864203946283766,72.273439371702267
0.17120211197029003,0.073914593943666632,0.21072342824084658,3.0668537110487426e-05,-22029.69778554346,41661.217239813261,-37.588330583811356,72.835247655620591
0.17193111625233942,0.081609558845834457,0.20972504711451062,4.1091218975424656e-05,-15992.083648909595,42160.711261541495,-26.128299277349232,73.838326766319355
0.17134415975563619,0.088841493374365824,0.20899806793343886,3.7734731208336191e-05,-11355.390219297422,41469.251682493203,-19.406554905114543,71.998686995156476
0.17147017699079226,0.095538501930006126,0.20806517983611564,2.8317017232875696e-05,-5866.7062670175892,40211.738212636577,-9.0578744976562913,68.149134852789103
0.1715894229461894,0.10138031329365545,0.20713871329998351,3.0167649616727135e-05,-815.03370324403511,38297.815888694335,-0.24886024318903563,65.00876865328064
0.17260433922645801,-0.12999999999999304,0.20134597844648211,1.2409292359146098e-05,20277.708631280599,11009.775999845073,39.389237334800988,8.387503270982501
0.17454244497786775,0.12268269389050571,0.20217865198928933,4.4813096869736441e-05,17431.548019763079,20487.902111860672,33.119616007354622,25.708485856905728
0.17581136923205301,-0.11799943075514502,0.20272721094886245,3.679619307562491e-05,14954.144570382803,25104.110245688036,29.94199227084426,34.714422492110046
0.17928972055741302,-0.12358585424760989,0.20024558893240846,2.9731042460292336e-05,18654.036967437354,16505.730077216831,35.953724290054637,15.561586481236603
0.1791489541186676,0.1175482165045611,0.20160479327847541,3.1977415015711598e-05,15954.717146882384,23385.709399641022,33.490334209066276,32.161685266695798
0.18071378077738706,-0.10923193056738885,0.20274347648866556,3.019718643514478e-05,11698.47862197669,29632.716434587463,24.88243178179675,45.987214092205491
0.18122107904674234,0.11114913265469271,0.20218344675139654,3.8831032579906425e-05,13151.352379135806,27761.802652978218,28.469954317302626,41.796047983545975
0.1804108198590729,-0.10491443171163622,0.20365595024016789,2.6105648755806026e-05,8799.0981049676266,32815.44473442126,19.705043331918866,52.306344229650421
0.18130072655792703,-0.099363626894765578,0.20437952784105176,2.7359071790563223e-05,6137.8351636373263,35513.348557528596,18.623003675612523,56.056891861149509
0.1808358381720501,-0.0931831332611575,0.20556872434938778,3.050826025316562e-05,1887.7412521982671,38172.299981315344,7.4214726949593199,63.303708065925719
0.18175756820233413,-0.08600656442386688,0.20637672704074639,4.1353472727085418e-05,-1168.5581373979946,39890.686337463907,0.47577064939220254,67.944201298558639
0.18110173998781956,-0.07724888095594741,0.20776075131910399,4.0116453903919632e-05,-6779.8187703453877,41927.037935045097,-7.3119106775698715,70.77774849517921
0.18118950733756614,-0.069657380996414067,0.20860561056008262,3.2014949463879523e-05,-10510.362217434968,42683.729169681959,-12.960179912578406,71.644070454397649
0.18095238095238098,-0.058505210314449413,0.20977346872899047,2.3834913183457016e-05,-15507.190588238154,43099.164138227585,-18.22467254791529,73.123281146389743
0.18012879354159012,-0.04901113596748833,0.21064843723476251,3.5228844351915055e-05,-20183.321213747429,42592.80913725101,-26.64801441858522,73.120857718425654
0.18043981907696538,-0.038221286106501398,0.2111339961838361,2.708331493596439e-05,-22429.088894044547,41957.400238050432,-27.902929734310618,72.075710199025536
0.18132289494070092,-0.027429774463593255,0.21129400396292261,2.730282325824132e-05,-22694.325817679743,41245.66115928581,-33.486618431261142,69.036201377607227
0.18094395388576789,-0.016938028826247439,0.21145187757769668,2.7465365391494316e-05,-24675.616463904331,40566.904648780132,-33.00341288540583,70.118304247323721
0.1812042702003312,-0.0048631441488124942,0.21141620695786212,2.4432441908202654e-05,-24965.735355873312,40218.639951552708,-29.277565780955221,67.369235809625309
0.18075275473532182,0.0061669592568136377,0.21148305293258474,2.3756341017294739e-05,-25693.485108886969,39875.334183919244,-36.278672409577901,66.696643751259643
0.18003093417031549,0.017250580565330995,0.21158991704462948,2.4770198452604507e-05,-26387.561682479543,40076.943776803637,-36.963395791204192,67.769155004558712
0.1803740084814833,0.027862132216239607,0.21144393240610596,2.5216424702764497e-05,-24408.852848627525,41000.483562507296,-35.233568729488944,69.207693752929529
0.18061885573171002,0.03826649625562175,0.21109996960683727,2.6068889568545702e-05,-22006.987797824928,42088.496577029451,-29.983043633374965,71.903169508737463
0.18074498597894642,0.048523819320301004,0.21055173157603216,2.5712111481585936e-05,-19108.490788978084,42728.305932820673,-26.890257064227018,72.749745609318339
0.18170504940515086,0.059245234373711674,0.2095149700779019,2.7198316850712879e-05,-13859.411516236158,43135.410137692554,-16.847539660691261,72.993464213189952
0.18133231631326382,0.067470358677152675,0.20881683201802703,2.8029141903787985e-05,-11193.19589352543,42788.44749949305,-13.859150057316707,71.440106141818191
0.18127763203486419,0.078112342240384366,0.20759763692553557,2.9993198471927663e-05,-5987.1570291949556,41845.887643540635,-5.2576715451791012,72.17134202340462
0.18165084184104707,0.084864661304534059,0.2065924743656917,3.8056746020475094e-05,-1897.869076510163,40302.106153975074,0.34082661194577518,68.391230381980023
0.18043426809829027,0.092421283765117143,0.20581418311833993,3.6570538677145686e-05,1100.547673483193,38766.944678931119,8.0954878429330339,64.231102623955266
0.1806426526010308,0.099466874809065534,0.20457808812608191,2.8965576454905814e-05,5607.2359086966453,35598.293028804728,14.423852039212845,58.146714688359992
0.18137240263495069,0.10484783194407128,0.20334681847310129,3.0433853427762641e-05,9490.541523353917,32141.536150367559,21.568083646724965,50.834329342652346
0.18160348483872832,-0.12999999845097082,0.19783054255445073,1.9083856974004502e-05,19292.98800612985,6104.5347617577891,38.169251299516013,0.89491699471588171
0.18173750762282601,0.1231055901134552,0.19939722557071901,3.9875575966800424e-05,18718.223741107151,15319.210767262493,36.267895045051482,15.103866329011199
0.18760735880380358,0.12356871609855921,0.19700381219446295,3.8822034564377411e-05,18770.270750165368,10280.900821995108,35.307204722863958,6.9743737960780461
0.18861377008954064,-0.12999996586788173,0.19495213384897178,1.6208455238997477e-05,17554.93362441528,1713.4439981972239,35.87102271756045,-7.5807966431626204
0.18870411548499394,0.12999996544796558,0.19491503821541784,1.8481921256962611e-05,17442.990334949798,1555.1898045214318,34.641467826494861,-5.512482670564288
0.18971227186144798,-0.12331297670994119,0.19620907989490585,2.7305510434734102e-05,18549.599171031012,8895.989802408023,34.55353457526568,5.5557919739165671
0.18976099430212959,-0.1164414140812572,0.19784984735278668,3.5515477606584349e-05,18139.471077638933,15924.708151853645,37.827522601331523,17.135329255501912
0.19088046876704384,-0.11081265884570736,0.19871744493200802,3.1225550100922625e-05,17145.892597691189,19664.280748452649,36.782716616665482,28.533862383324582
0.19025867705974636,-0.10574797816976021,0.20004739326835808,2.8812001318932168e-05,15623.391678529699,24149.157818230444,36.194277739599649,34.991575046600282
0.19053436128888868,-0.099232872867974331,0.20127377401982666,3.6321544044381797e-05,13737.111781686965,27846.572170058258,32.613227719374244,44.028787457017565
0.19038787865727436,-0.091423757133681893,0.20280324404309791,4.3554164686591204e-05,11040.983552292497,31910.318830746408,28.591526673589033,50.750762234615415
0.19079275130563578,-0.083473375652831791,0.20402102003631739,3.6173264234384286e-05,8953.97542887911,34559.173303530515,26.727737769777491,53.820791121277232
0.19025281630537202,-0.076336906110355512,0.20527266187940257,3.7214388636083127e-05,5933.6614157091935,36972.848718740432,19.921917417153054,61.125397679647051
0.19067864366969794,-0.065458463656040175,0.20659574010715751,3.2344005360475682e-05,3040.6740499884741,38773.365040203171,14.563515868023954,60.783320729841201
0.19083482635263518,-0.056119829492688532,0.20759081006028873,3.1111737829276979e-05,902.78690096280991,39679.113855278556,10.86916666073823,61.290145669060436
0.19041215170913456,-0.047090943644845791,0.20851120271008844,2.6166667017657104e-05,-1899.8861853476958,40486.271390144087,6.1556355782813883,61.514824016810202
0.19143034643468496,-0.035842762071903629,0.20906678491605443,3.1695269942922623e-05,-1526.3101388255996,40151.150351185177,7.8329454915839092,58.932082963162003
0.18993629023628489,-0.025084358433317171,0.20985136900290191,3.1855669475138113e-05,-5602.4630978197929,41043.46302779804,4.4811584287329405,57.50065742860366
0.19047619047619047,-0.013873229399320884,0.20999344868182901,2.4380586909137511e-05,-5320.0729419076379,40603.621427597922,4.205248538704117,55.929514247556391
0.19024868148395238,-0.0030241349237070357,0.21007639419413876,3.1228975076056701e-05,-6028.4003369155353,40569.105941879119,1.8509103540650125,56.294663868102198
0.18972845923131917,0.0082948450658280777,0.21015421757177416,3.3615996202190404e-05,-7039.540419426894,40888.185212691453,0.47475053612072649,58.083764231335941
0.19053729581611031,0.020260105574249478,0.20988744484665603,3.0052207321585717e-05,-4717.018373029242,40798.614546653858,5.6020306131458861,54.839936242646722
0.19001442644222766,0.03029148354467423,0.20965153516768376,2.3090189493166944e-05,-5024.362425174294,41138.007180036751,3.1001134678437516,61.07712519014045
0.19003945003705575,0.039875000830406869,0.20911991796070689,2.7596040262971757e-05,-3762.1231410297128,41017.300476457058,3.4371442277901458,62.095808144781664
0.19001859280949071,0.050461807091466963,0.20832216987276789,2.8918863259021849e-05,-1778.4497987375082,40755.563200934936,6.8004637833262596,63.840123590977846
0.19030237586148943,0.060312211681542424,0.20727766711301082,2.6566583510017122e-05,1131.6914269186311,39781.021042072265,12.157321356158956,62.338468431561303
0.19083850971022934,0.080484252322519031,0.2044626655202581,3.7886254763411006e-05,7957.7241056845623,35438.906652048332,23.334742315123876,55.912961849752818
0.19073975897029638,0.088760427107117526,0.20313495929413528,3.6103044874548938e-05,10500.414069454408,32580.951697996905,25.922075112227652,52.665443121278223
0.18993428438615001,0.095036131996534545,0.2022676511894807,3.6579021004874452e-05,11803.6997526828,30621.873098611581,28.678936097991226,49.24930739812973
0.19009326063107349,0.10237450091251236,0.2008043367332128,3.1350919294071283e-05,14533.846325214536,26439.085126363541,34.63552199523776,39.380326116425962
0.19081010070492119,0.10835727254335889,0.19928958689407422,3.0411961562325705e-05,16668.330632961704,21585.721734381605,37.24446332033574,30.129855242741236
0.19454061425619154,-0.12973321768524068,0.19230520857366451,1.3238008837834184e-05,15260.469085215324,-2116.024029854249,32.430225405486162,-13.285789826833582
0.19472717735179332,0.12996609502134285,0.1923438335395167,1.5345945422979056e-05,14994.73226904337,-2575.7387225362831,30.592576318778935,-11.703166169175637
0.19919788545452038,-0.12947862554543826,0.19051244880323009,3.0948301832664608e-06,12912.021183759691,-5608.6604054792297,19.590348164554982,-27.916780077535805
0.19919788545452038,0.12947862554543826,0.19051244880323009,2.8352025687387271e-06,12852.813036932972,-5694.5725934728389,21.700634352926691,-27.688852015082553
0.19998859288667101,-0.12584883142350564,0.19119568879359611,1.9408962869606585e-05,14478.004146736639,-2901.4606170304678,36.167216704868032,-14.274317598435806
0.19998796785646866,0.12602279369873451,0.19114728924920765,1.4788089332705304e-05,14390.875490128228,-3228.6570339001287,32.412967808546654,-15.694984118588545
0.19990319182629643,-0.11762590835268964,0.19338850626898305,2.0078508277652029e-05,17647.320567433369,3372.7055773938214,49.140751664660677,-5.4439228421442571
0.1999999999999893,-0.11219282049719774,0.19482865491994592,1.5986957255607659e-05,18733.843514777473,7053.4941895463444,55.009304277362716,3.9561392868797669
0.20000000000000001,-0.10580359683743601,0.19637703451451632,1.5729502957149546e-05,19500.210991003929,11047.82106494841,58.203296577886434,12.855092543555788
0.20000000000000001,-0.098696682239565084,0.19798706017043474,1.6461926864596335e-05,19882.175655739007,15043.757093278506,58.836885337277778,19.706317889566208
0.20000000000000001,-0.090139012763855553,0.1997637882690915,1.8169470137676099e-05,19744.330151028749,18927.503883588535,54.953981611325887,29.494093837122438
0.20000000000000001,-0.083051937343920343,0.20111556558164487,1.736730960912515e-05,19505.93545566488,21628.657517003685,54.425871279769112,32.963474029215419
0.20000000000000001,-0.075787317613988867,0.20236875609411478,1.6129266281390825e-05,18786.870313768464,23990.691860170864,50.114337962176307,35.816470801134471
0.20000000000000001,-0.064008184690156372,0.20418579604128986,1.3658180401737596e-05,17898.699648250727,26683.244071260491,47.988413242705107,39.087952253755155
0.20000000000000001,-0.054051774261796803,0.20546626674534366,1.7075847686977678e-05,16701.995001266871,28220.032181322971,38.798701963202653,41.797217806305646
0.20000000000000001,-0.043711750034850061,0.20656461150605368,1.4034464178174628e-05,16053.303785196445,29409.468807608933,41.035905782833048,37.32755329666157
0.1997446337928282,-0.033154918097753679,0.20738917724153305,1.1408913190212313e-05,14746.799663789547,30284.751726597933,34.484544916786092,39.099545190816471
0.20000000000000001,-0.021982254850318038,0.20810894249242159,1.3857278110006029e-05,14707.993572543826,30312.334371228244,33.900879397324005,33.351075997095542
0.20000000000000001,-0.011126198357847856,0.20849977418233165,1.2752012877687217e-05,14447.793404413178,30327.952981585968,29.862790518959414,32.064866027059232
0.20000000000000001,1.4432899320127036e-17,0.20863353620469963,1.478139672172193e-05,14421.143534848061,30354.204953755339,28.811551977142663,29.356528491447438
0.19973581526583375,0.010974268399585169,0.20854349343862416,1.3846877005623787e-05,13918.296696367161,30729.902665723042,27.751578282236512,34.179020464672774
0.20000000000000001,0.022585458098354126,0.20807740859772836,1.4994148691095739e-05,14735.353206548403,30302.847836393088,31.760837695858662,34.68933031907455
0.19989598666356065,0.033330669306054106,0.20745246758682634,1.5240649605271467e-05,15091.705405668537,30060.540914422258,32.177570559147419,40.447649461916534
0.19975302148529037,0.044782556938018761,0.20639127312668165,1.6337904336308512e-05,15701.499563584783,29639.469552604492,38.926300037816866,42.64691451389556
0.19969486117849591,0.063281604865624702,0.20436250300566106,1.872225221640198e-05,17169.457752337032,27369.4698917934,42.400519068662454,44.432862656349187
0.20000000000000001,0.075588373557922042,0.20240277720238523,1.8787143171904306e-05,18898.155095881779,23785.549795919866,47.573357303638339,39.083249220609183
0.20000000000000001,0.081808887909821673,0.20133901688479758,1.4696442514373929e-05,19471.029024382507,21976.767253576305,55.057403265472551,34.589479700652234
0.20000000000000001,0.090913133309151281,0.19961613376729678,1.6651905531225738e-05,19770.310040724271,18599.870929528526,56.401799756456676,28.331939193834735
0.19985693507523392,0.098391813660515304,0.19810123852873118,2.3429954893826478e-05,19694.132091828378,15348.971659844787,55.529003722738167,23.728927204853306
0.20000000000000001,0.10508840049189379,0.19653905763291526,1.6718575920631194e-05,19561.26403959277,11375.669780960887,56.75654388301686,13.198513059494195
0.1999999999999893,0.11219282049719773,0.19482865491994592,1.6029640451526663e-05,18713.453999445464,6894.6489511475411,53.959362485255234,4.3668544832642393
0.1999999999514282,0.11763676900032306,0.19343192133676576,1.4660197635216183e-05,17606.767083907904,3258.1744270423596,51.020901891595315,-5.5872089479382741
-0.082172049705331651,-0.12954149754743005,0.22595876601524573,1.9014572814817617e-05,-6251.5528649641947,29090.633637467618,-0.10890863402140784,22.860004247527531
0.0041695360252650146,-0.12396360712375834,0.23287813640812655,1.3531213540996724e-05,-26901.304518149005,21613.554549718734,-14.378097847648936,20.133934830228693
-0.0046729603184387427,-0.12489565779748311,0.23286928856342021,2.3676719359322857e-05,-24997.876326418351,22691.506367598478,-15.198323807917564,19.318954019362145
-0.046758305606368129,-0.1239991037130852,0.23079006378369779,2.8910110246570363e-05,-25006.47233981534,25149.452173595982,-15.900194487160793,22.996735577850711
-0.084671826329614883,0.061911856539787355,0.22570764502136709,1.7057880683691002e-05,-39209.377855745603,-56896.054084390067,-86.597349450187139,-120.66581926752464
0.059680482182811995,-0.12380959803947576,0.22921158121937385,1.4366579205957747e-05,-23596.744184834944,26205.33208794747,-15.858657109478809,23.075420802955222
0.12709152079976752,0.12987554840259083,0.21609410131341586,2.1071671443653426e-05,9815.8189364803984,24359.949820689035,17.173024733726201,27.669487970804038
0.10420165985489935,0.076125404245564701,0.22281629165843997,1.2590878564576319e-05,-52913.675549081694,-26202.302443933593,-111.84641368572881,-45.609540937659304
-0.09568361832048565,0.095947309152456001,0.22407737091977592,1.9740402273065869e-05,-49780.624863380624,-5259.9786887466871,-99.481569519233418,-7.5126468207890378
-0.030648682140058579,-0.042343944371093692,0.23193329731998685,1.3599043890772079e-05,3357.9366280578952,-83669.171033916224,0.72900335020827245,-189.62738131108597
-0.0017118218091552793,0.030472869651135354,0.23287137784103351,1.9092805832177431e-05,16416.614523871016,-86122.759413036794,30.056896220343646,-197.11405860067057
-0.071353344257906418,-0.028026219842403936,0.22767176318395813,1.5101819552328628e-05,-8424.6334575511537,-78296.293733993225,-24.896614264659895,-175.33225000767439
-0.095602717331404838,-0.020394773864793086,0.22408934815176512,2.760719174946816e-05,-25996.502168651365,-68604.808509247683,-69.3741393670945,-154.57409061741987
-0.13708737140092961,0.085031313694598792,0.21740696893983341,2.2177107829910211e-05,-44795.400660222964,18735.420445391996,-88.579533072954675,35.945678055263407
-0.015021696123530451,-0.08959917783146247,0.23267975442711872,1.3793188553438469e-05,-39535.67341052727,-47984.690363125352,-83.031207797815966,-91.277864414782925
0.0053304007518661222,-0.10369047619047619,0.23285773383525649,1.7138099310740262e-05,-46601.12695669198,-20565.944151053147,-85.659777278919606,-30.065050722576085
-0.19999269529552216,0.12216416080323592,0.19219604911151922,1.4097266584905437e-05,16080.989524286286,-103.16587953658821,42.433745738489513,-9.0260196208519563
0.03505587522412807,-0.080525618367071311,0.23160407675066644,1.679050424130411e-05,-35091.836243582657,-57497.368120564621,-82.182854124640102,-125.13120510107488
0.061715407637013824,-0.081833801738819212,0.22894066048189099,2.3499877617934939e-05,-43176.196491943279,-47136.469451005149,-90.492869376089175,-95.434933241500062
0.00063978649980227318,0.059905443793317338,0.23288224011923431,2.0456452283922484e-05,-7674.2721547838055,-79962.440105648915,-27.017719052084789,-174.56336269895473
-0.15027668159572483,0.094472095903591721,0.2138480569782848,2.3470178786219503e-05,-26773.238573438779,34673.975798304375,-51.726096652386452,61.632204410519968
-0.1852001139836276,0.07521797819455292,0.20685584835904106,2.1364544190349715e-05,-2067.524768905078,40680.524315640549,-0.21980739337581362,68.291534673432892
-0.063193607501650886,0.069013141861097596,0.22876235009574053,4.3633851830989745e-05,-34276.98203282927,-61432.81491956595,-80.206546017491704,-134.30413223639619
-0.15547431527079092,-0.071637146356297018,0.21442339565758406,2.4725233831910897e-05,-41017.521447970263,30213.293016733704,-79.032866476118002,57.878013137102499
0.13595666268147316,-0.11515875848059355,0.21533937294360295,3.1248388277801353e-05,-9937.5588486086344,32874.756477648683,-13.264476841337583,54.795496040423984
0.15754903095604533,-0.11811015861590916,0.2088221386441598,2.6599739051815389e-05,6774.5923088056843,31952.006977932298,15.259339220686982,46.350071534944668
-0.19539151071677627,0.10196525883487388,0.19890489278430995,3.2664227936386736e-05,17652.770473230954,20315.001369891786,42.903399379743917,30.138388741372566
-0.016012805987594282,-0.084117218840114152,0.23263392786195058,1.1591307842132692e-05,-34435.973017458251,-56385.587858559389,-74.154413296118264,-107.22580705759886
-0.040210313606390928,-0.12520900793009249,0.23122152871285359,1.198461676952882e-05,-23088.265771104856,25728.023344006979,-11.579117300511076,19.56989805956783
0.018217925627915146,0.11872409608084569,0.23252085589206659,2.1818607531850745e-05,-36064.453081854612,13887.784610669465,-34.963412236829875,20.824739041949865
-0.15833525576693838,-0.095789251235585515,0.21165391941133962,2.4914328331588391e-05,-18219.090997904379,38566.759657840201,-36.538000332463675,68.525602044163136
-0.038700919102904123,0.12282590630678887,0.23135193743391469,1.4383045672867844e-05,-28049.34702161291,22881.095830856084,-19.360127825156393,22.278993329664129
-0.065936130712364441,0.11913069912042351,0.22839846989427406,1.734317913236429e-05,-31500.961671220928,21684.625374452418,-27.588782724643035,27.703412190746011
0.00073279033322138027,-0.10995444932017363,0.23289423206770846,1.7796591502865917e-05,-45071.96395393632,-6183.5539593455851,-74.141020056673895,-5.2551697134904201
-0.19487983733949873,0.095745267134235965,0.20038348763386665,3.2080774904874593e-05,16298.504214827217,24599.748897894126,42.746409334796084,37.171414154988703
0.010090619896034088,0.12272681630761244,0.23277407144484957,9.6936669140329132e-06,-29258.360401223734,20027.587291315329,-21.904231837180486,21.263755124560269
0.063123971179281937,-0.071707537778932073,0.22876113760159672,1.7879641976531999e-05,-35984.871497957189,-58799.878609230451,-79.202092195520876,-125.58391854311624
0.057200776036181178,-0.10650790466058284,0.22951001340823338,2.357724017477806e-05,-47725.083333192466,-3961.4807983735582,-79.91738571505914,-2.8558544603103977
-0.19484757392207977,-0.12070739983392155,0.19471819689844427,3.3682494099347991e-05,18102.541532942461,6714.3090513878142,38.412130116813564,3.4613203698748594
0.18105210634672655,-0.064343273989441799,0.20918632045920804,2.6818976964930904e-05,-12974.90211137247,42855.252335224897,-19.795503938299671,73.721121215853117
-0.025580462030146967,-0.028802899022685492,0.23220486340774479,2.2145879852719405e-05,13599.263212606216,-85245.857158937099,27.134853595257105,-199.90665524908786
-0.055590451321781059,0.088444439704523176,0.22968986792708257,2.0262783643893903e-05,-45918.103082275164,-39381.383333078455,-93.232166340635047,-79.161821053837357
-0.05228915837577737,-0.025647590650408777,0.23005955064707656,2.7898851855194493e-05,4611.3827818151276,-82629.18624162674,4.5475509928310665,-193.45910481617233
0.0018535527324225433,-0.081173890697171139,0.23286480989289446,1.6118666114901167e-05,-30748.161574086444,-61151.802774460732,-72.667100269024715,-130.40252120951089
0.11298212457541804,0.12981706284120367,0.21967941905163671,2.0600279866274696e-05,4415.9406776933729,26071.046699052877,9.1754429310407524,27.764186284566829
0.12537868695090296,0.11818479696726639,0.21767059938484093,3.1152726536254169e-05,-10842.222677348631,31021.795786855477,-7.4425462919666936,46.676208201409018
-0.040721065772176379,0.073845196462766854,0.23117680331623341,2.4080621395248038e-05,-30039.10938498985,-64166.414639747192,-71.388588585008819,-137.83325675395955
0.043919944766245118,0.073817327270685587,0.23089668481388767,1.6967618858661889e-05,-31132.755553118372,-63227.905372001675,-72.519903300051681,-134.97692403540532
0.17107333820618406,0.12632478429168076,0.20267505230551025,1.3975975122761591e-05,18704.563187037005,17449.244727936166,33.337889880360308,20.004883183250573
0.067011794301140556,-0.10975617187703922,0.22827440881380548,1.5986639547936039e-05,-44394.844291382447,5789.181677776769,-71.76532474856154,13.035975976299149
-0.070296277693427237,-0.038184213921117913,0.22782658641128714,2.2068922581572274e-05,-14049.33875933375,-76451.644460397511,-38.640193601651774,-178.26634637238149
0.11740866705404625,0.081737102542943141,0.22084106077647903,1.5393503665807689e-05,-53042.896091027498,-5543.487474657959,-110.9112844292369,-5.4307071007436081
0.18486513711517077,-0.091352126094084302,0.20457216214558677,2.4215474356824397e-05,5220.1235008753374,36547.119211218691,15.828556624074677,60.085001698054079
-0.13319900406394095,-0.12968868863772498,0.21438005523512071,2.0845173065836687e-05,11727.519102361221,23659.611584049326,21.350482073525779,29.40528707297749
0.078726169654958864,0.052360086625278773,0.22658788777401623,2.1760696725312306e-05,-29256.529691404954,-67125.556609344669,-71.993858889173893,-145.7234839468845
0.14913293627115373,-0.08905719165110032,0.21461214455818803,1.9884453530938267e-05,-33065.948650323029,31954.555532857823,-63.91765242334607,58.308937949692933
0.04908737750414912,-0.072224752470835957,0.23039959716720118,1.4785705756708673e-05,-31204.319566015405,-63572.532789681296,-73.262944799446643,-133.71398817452547
0.067347752504820516,-0.072525653733168827,0.22819361669921634,1.5517921794606128e-05,-38221.956206876268,-56213.473124786942,-81.874393858687171,-114.7743222299377
0.0070863047057705044,-0.06105631734327293,0.23282687325559417,2.0461384518711142e-05,-8926.1527451358979,-79105.597687909685,-28.081685586422317,-169.64122064545299
0.014038504360068836,0.094434855028846312,0.23266254674517389,2.1979626580783424e-05,-43213.39157033823,-39351.990205040835,-89.700966898873887,-73.783611925076968
0.015279305304451318,0.10929906076124228,0.23266510801490178,2.9670548254849559e-05,-45793.137053866107,-6789.1536186118065,-73.919057372914779,-3.2140164353647083
-0.0082575700327485683,-0.12307024932958198,0.23280628788881,9.990532303727544e-06,-28549.858614441626,20356.102922022554,-19.783256352838077,19.041989392032011
-0.11896146868066876,0.021825800727606474,0.22063113105124388,2.6098283252458452e-05,-47623.132618418967,-46328.310912468143,-110.49960799409634,-97.293870910425312
-0.12426757556249284,-0.11840433321622253,0.21791579247629053,3.5546599034590617e-05,-11172.476846779788,30674.787449689364,-10.800426942829864,46.986105104052591
-0.12925381034278835,-0.12331722198708384,0.21619706216894438,3.8764244379881535e-05,50.054919322996597,29758.251828778291,6.7195616220523346,38.631974441988483
-0.18592213903870158,0.096044155739323844,0.20337328580198699,2.8196676038979292e-05,8506.9052981841323,33804.497215400581,21.414290771349833,54.80572713502783
0.11817220594870768,0.063814744623972824,0.22074797984318748,2.0515707183410673e-05,-55393.32985948374,-23410.77001898854,-121.03963664243028,-41.329046450828464
0.031266507465292186,-0.1170051175263556,0.2318602525289972,2.6979705951486637e-05,-38347.009990135724,12133.32107584095,-45.773508696339064,19.56058746517186
0.12881586437162065,0.12315277244076481,0.21632903805020956,3.1012774234654443e-05,-373.10420663892376,29894.535252381422,5.442612070260342,38.403727956037116
-0.18510454612856581,-0.12627089407432723,0.19729031211450751,1.8206994779886898e-05,18914.76754201618,8828.56661618213,35.562601376453493,6.3395655408948306
0.19510506549117956,-0.1033424677523419,0.19871858929144037,2.8238318737143703e-05,17694.937032063197,19937.185908132793,43.895222828563206,27.806756872096866
0.054536265178798699,-0.076260218128438931,0.22981188150577009,2.1617205404472612e-05,-37011.696323335105,-57100.272484485053,-85.831200285720996,-121.57276346747959
-0.13218756411395641,-0.096078043255979143,0.21778791808449352,1.6487148720018373e-05,-37749.720429475208,22852.287156684852,-72.905338243922557,43.925078261577951
0.01984711567053405,0.12697367330194015,0.2325068080047771,2.0002880901994897e-06,-20548.09214739766,25611.486983203424,-8.8253474116028325,19.496016506785423
0.19537969702307648,-0.095308236877702776,0.20028847821741896,2.6902302368458533e-05,16531.312696764595,24099.69443490453,41.326351255568404,35.777002366057467
0.0030729380697028601,-0.11883037843434274,0.23285668718083891,1.6356522484088835e-05,-35889.779222129058,13225.223822910144,-33.96345963388795,19.235999323818387
-0.1901112191856984,-0.075787557080666548,0.2053684320861052,1.9882129143028581e-05,5365.3065965572387,37356.420799877502,19.848625960340861,58.805023111177832
0.030362362467019531,0.079871088366541609,0.23193490331400873,2.5292118612559998e-05,-33312.738883586775,-59568.123860175525,-78.207197933918209,-125.12758837684781
-0.0067061658183464974,0.087382669372239083,0.23281801778405489,1.8846801601421348e-05,-37618.290821646289,-52063.557064016408,-90.609898310466065,-110.06394449358838
-0.03888685954136728,-0.10616490952447541,0.23133475140619786,1.7924726594256279e-05,-47894.142191232757,-9644.0073970948633,-84.360514164158815,-5.1703554808963164
-0.047809601854790072,-0.032865066480103504,0.23053456678618622,2.1184408580196276e-05,2948.4649031835188,-82695.500403994884,2.3534616887193827,-189.13277051788324
0.034743025622994209,0.071182252056614825,0.23164407532202549,2.1417951977195755e-05,-25399.671344129561,-68294.554534522176,-60.53261488815469,-146.6484013176254
0.13535929671405519,-0.12526170156539468,0.21430361822407423,2.5538129454454404e-05,6015.5423661108853,28180.627008570151,14.31513015346421,35.459087600278266
0.058411489553619474,-0.09082192946100337,0.2293665924690334,2.4672939247937249e-05,-47990.697605425834,-34282.477820729735,-100.25173868594051,-64.578018390498499
-0.041750438953028365,-0.12157848963171526,0.23108666346589529,1.9396340365707544e-05,-30141.505570227881,21512.815838640672,-23.926378236698341,23.010772746332272
-0.011446347279120934,0.042301282415990071,0.2327330984494356,2.7629471540057583e-05,7656.9641554564969,-85080.383433817144,10.075762958122608,-193.68900794382944
-0.093937730850344417,-0.068030096966441189,0.22433584611883736,1.8083919058808573e-05,-47682.821736174184,-44476.432668682079,-113.60431331679769,-86.951223887494308
0.013014327782320416,0.01411273074749273,0.23270161734939773,2.5865940722815615e-05,22395.407829974942,-85741.646841883441,45.293138619650207,-201.41382417669092
0.025192454506957354,0.096894014201296827,0.23222450806964573,2.1442837765600913e-05,-45766.390731462445,-32761.142515465966,-94.798735873335986,-61.186442345278003
-0.0031699640307148625,-0.11641027066097709,0.23285579568902634,1.5951983961810265e-05,-39221.797100784417,8357.3036360160568,-49.108628543010191,14.885556180984052
-0.020923454878839131,0.12890046924723342,0.23245012299254567,3.1111606401069806e-06,-16325.687784743124,27239.030920452275,-6.3616491358319145,24.38227771806946
0.0080892994158311103,-0.057385141977257248,0.23280480049195765,2.4744998283268796e-05,-5387.7234961128142,-80880.50766384392,-19.65943416301705,-181.45141591133159
-0.018470739309902555,0.081474858347528809,0.23252923836809927,2.2408411457467815e-05,-32660.285599129136,-59620.962483666124,-75.388316153424256,-124.44565955812295
-0.10536534357059119,0.041229264915640634,0.22264401057778493,2.5319728780423202e-05,-42600.454245769892,-54149.658466035609,-102.87494297639282,-111.36747205803685
0.04640040907278975,-0.082941711130115919,0.23065489104553097,3.3752222796156732e-05,-39959.204857866556,-51140.819361106558,-87.545138135137407,-106.21440428316227
-0.00075657154252574237,0.109610094654276,0.23289840668064016,1.607869234548435e-05,-45400.386968265047,-6913.999129321397,-70.687629511671602,-4.1559090307937678
-0.076159359913723204,0.027382953392155247,0.22696784964238942,2.4616676767346499e-05,-11901.781458472189,-76688.079030334891,-34.597048984524854,-176.44137913880672
-0.0034420523226075484,0.11970230932637191,0.23285872268000724,2.0424972283677248e-05,-34528.944122972061,14915.348846843994,-32.09213290947541,19.555494287694174
-0.05149077659046522,-0.12445303971492541,0.23021197828158635,1.4067094153095476e-05,-23387.146262143393,26172.581483366554,-12.684473300185143,22.308683852597206
-0.050896093507340208,-0.095106905354015836,0.23024533445376985,1.9694376067132138e-05,-48189.763792159989,-29459.685117835317,-92.423144111545994,-49.824592438068102
0.013646886546570787,-0.047927756146524593,0.23268646254009553,2.3344525782042808e-05,2975.0609478021629,-83865.188170482797,-3.4121343545931242,-187.69472332610863
-0.011354126944469224,0.092855778857254101,0.23271473281570995,1.8989930184961294e-05,-41909.26310240967,-42590.431175689875,-88.13735383125244,-81.687743299086577
-0.0068936207551197537,0.10364996011256207,0.23283025973832033,2.6147067751333534e-05,-46783.025061568107,-20528.170235075922,-87.661702850562222,-29.717343144905925
0.0066252990314236964,0.066418596963254667,0.23282216830955477,2.0377244148319988e-05,-15000.739844948335,-75687.560507006187,-41.708450832126303,-168.22611047824174
0.1574184916102648,0.11762220327745854,0.20894188528387994,2.2622581794458043e-05,6174.8690552284952,32458.087114074518,15.723519487569664,46.552574092295579
-0.14325246238866893,-0.12628023083111803,0.21195841894592365,1.396626312233927e-05,10808.281794503626,26253.036937966022,20.76503563816091,32.900031770547088
-0.036156966300008149,0.079603307404469401,0.23154471847417835,1.9177054661027687e-05,-34443.243148484682,-58452.997985105889,-76.976039838508584,-125.98754339094334
-0.11880571008759991,0.081678865345950341,0.22063597659501932,1.6290693699144353e-05,-52840.268626547251,-4088.4274558156344,-110.70378912979641,-5.1420958194357507
0.055536402655826239,0.093335972616369084,0.22965203812680779,2.5410193864381558e-05,-48242.927267325591,-31074.986367756457,-94.969658716858433,-56.669667516082058
-0.10351082689609251,-0.070048235183211793,0.22291856811645899,1.9681318653180997e-05,-51663.426118154966,-33976.276599712757,-107.27618671089435,-60.525166206712065
-0.016236814552441133,0.09903002834776041,0.23259740931730549,2.2586474472322526e-05,-45794.733659324891,-30033.454027198615,-89.883339722223226,-50.027544815917565
-0.046620607003192288,-0.12876619881590692,0.23045890362884125,7.286821570246863e-06,-14999.995571446387,28836.568440437823,-4.6644658319211896,24.93335141237884
-0.022495702640349169,-0.05432791340163682,0.232349412210727,2.3864250574508598e-05,-4581.874925789034,-81164.591748165301,-17.436071050884646,-178.41566775985504
-0.18094667429923869,0.063804544107018413,0.20926521580272112,2.2475296502083205e-05,-13470.803755390096,42950.308149194083,-18.084630949593247,72.008999282207455
0.18341656454706634,0.12987862668398192,0.19709018685495633,1.8522951025025851e-05,18928.664394721025,5146.9666750897077,37.417591633764474,-0.4492680997510029
0.12081537104650621,0.090857499007665862,0.2201699905490368,2.5286601442959636e-05,-47448.558192080585,8061.2691166784298,-93.320304322573634,19.036215130674744
-0.071092930598579296,0.11849379594558644,0.22769432907140888,1.9196142601640251e-05,-31481.30523783782,21667.94932394669,-30.055024846580583,29.096405954078453
0.038259153266747774,0.1060384829251019,0.23138900067072807,2.4324857818434117e-05,-47771.234104988886,-10303.266096054143,-79.871867829247392,-11.458678899465717
-0.087951906315406211,-0.062855766221419654,0.22522203564403626,2.2132489564404601e-05,-41760.892638340847,-54013.263405036283,-94.694666736916204,-108.39458747440793
0.010342315143984433,-0.044530679353749991,0.23276964781949541,2.1992186580914011e-05,6398.6045082573319,-84573.278465902127,8.2137046199157204,-187.24001442263165
-0.055820173117602526,0.078452481081284567,0.22968312953140069,2.8909949940401585e-05,-39240.183345460333,-53795.344212066811,-85.879785249008492,-113.15706428231772
0.021614281803226734,0.046730616557141058,0.23238299597595879,2.1602655742595302e-05,2306.0408597843507,-83645.902486212814,-0.26991168620186706,-188.32865925389504
0.19182505109549183,-0.12654983144803925,0.19446870535188124,1.5760920243242094e-05,17526.561742571339,3521.3474107836851,33.038550705870826,-1.3050380666321104
0.11228648029773265,-0.042933956283895625,0.2216193499258961,1.1807860137338008e-05,-47889.321583200115,-46066.190009414597,-104.48308809838139,-87.701885798268165
0.066265553316731396,-0.081394528987479092,0.22837284053221976,1.5900086201075395e-05,-44518.741910430508,-45581.081138513095,-96.231245070001137,-94.095268879141031
0.042607788504129371,-0.10673651022819736,0.23100962797794516,1.6845487158056061e-05,-47609.294555714558,-7522.8500187063037,-81.607050283714855,-10.380717277149682
-0.0079228553364867286,0.12848522782355648,0.23257975298135009,3.0266193178209156e-06,-17587.602531210017,26277.2288063411,-9.9498291032892148,26.868165718453621
0.008020528192292483,-0.12842118982692993,0.23281045397579012,4.5548044142746921e-06,-17677.544883500341,26205.098320584217,-8.0071782482758245,22.126064187403134
0.0089615713219928124,0.12902597498825133,0.23279391483855244,4.9403761879328809e-06,-16266.131603706341,26712.639723256081,-6.9294050740077733,20.691256534193585
0.090797725232984905,-0.090301073334485699,0.22480059793116924,1.4511937821411021e-05,-51763.83931343646,-17862.283088286178,-104.21476911204282,-27.588101276938772
-0.18476419186620191,0.11738536029107417,0.19952517097240194,4.0896606771527658e-05,17311.736434340939,19454.71476935914,35.285333893872803,25.886900676976207
0.02518558098788844,0.12876890087881476,0.23222565967395686,2.2182071916595411e-06,-16373.130216214966,27385.696741587231,-6.764230925217527,22.133851899302829
-0.025391088968511315,0.12864244806453193,0.23221483667103604,5.7197410390261275e-06,-16777.33012552125,27321.699234046562,-8.5664703645565083,25.313689877534106
0.026103382542848625,-0.12875041403200915,0.23217732398947422,7.2078104357902035e-06,-16453.351351410827,27451.983971104943,-6.3988217102487575,23.835175738276227
-0.076358250701123273,0.11947659806559686,0.22691687148606871,2.1898381340471573e-05,-28419.49522511967,23703.816044243649,-23.403076794335412,29.572713340518682
0.031979988217956126,0.03363026517095706,0.23183345797526289,1.6242606956882145e-05,8575.3306779932955,-84696.109164296198,11.511279558759743,-200.91496270582138
-0.00048270922974290786,0.069257402573695087,0.23287526794139246,1.7583931640737461e-05,-18179.075035955346,-73394.33858064028,-46.028507952544913,-170.76398047103237
-0.041197880238989064,0.12899529888219041,0.23113504976613417,4.017410964013374e-06,-14869.433628145047,28675.830959029769,-5.6449915244352251,23.704953612935249
0.043357535109354486,-0.1288504489204905,0.23075365390824928,4.4751199488753938e-06,-14968.830402752055,28731.071936766824,-5.6774120780698993,22.99531216483437
-0.041779220265252145,-0.12969694810097637,0.23103480799306103,3.2029450640312007e-06,-13321.81338529594,28977.2197122695,-3.5493623883802825,22.974030864304016
0.043357171681267022,0.12896786388513654,0.23094596556318045,6.6086346277360793e-06,-14650.013200429246,28799.371510996181,-5.5750059567818058,23.257548779153062
0.028729668000473406,-0.12565618247360802,0.23203901162275931,1.3304451979094325e-05,-22900.816029447102,25031.312912982234,-13.175019980514948,19.679163298382079
0.038834741189293705,0.12855703642138921,0.23134198443689311,4.8948027284490434e-06,-16027.78190960018,28260.237590659141,-7.029235138357949,25.438871162210489
-0.13355240784367972,0.044070637531272633,0.21847097126480139,2.0136899687472839e-05,-58247.469344506077,-16472.891715004967,-122.76033345985729,-28.695304645407163
0.036922780551171729,0.098896535661817983,0.23146765116760037,4.2317236878439093e-05,-47774.667281584385,-25960.995495633219,-93.01556032379311,-43.601296780726948
-0.05984444795472426,0.12910918617802772,0.22903131305712596,1.8206256124914101e-06,-12138.13715706416,29595.305001702069,-3.7773700054968806,26.529445892333552
0.059684476372442785,-0.12883139576831487,0.22921109331714981,8.6295484685072476e-06,-12896.664398947343,29502.54017444728,-2.524160889473305,24.652496142118608
-0.058956360167443808,-0.12911796145487714,0.22930003489193745,1.5593111105194375e-05,-12304.333382123636,29545.372222129947,-4.0262856619756766,21.203007435869154
0.058934106942374609,0.12907610155936639,0.22914219952785647,6.4463584636454294e-06,-12343.145973667199,29584.220219367497,-1.6910537181302079,23.774294625209638
0.17447687166387243,-0.10585033446977035,0.20545517273623171,2.6943837707110442e-05,5175.9071460218493,35458.186725451567,14.564977309070354,54.888306828476708
-0.023557150665847123,-0.024107605444206349,0.2323114203635338,3.9283161704968294e-05,16198.754375374296,-85678.380237200443,30.555053852410385,-207.56967875945568
0.18479943579344799,-0.11399988369572983,0.20026632895842406,3.4271700645780696e-05,16036.316565242571,22573.610032500135,34.386711993489563,34.599478824454771
0.019606606159226735,0.094558069909653111,0.23244555598055777,2.7857133883644633e-05,-43979.241451134323,-38415.541779302286,-96.042560617831697,-70.287117559494632
0.0049260827524724143,0.10018817514173071,0.23286483985480919,2.7675731600048424e-05,-45982.256326069917,-28435.39110973417,-87.339595823263849,-41.077283831118443
0.18310972481949175,-0.11922159723226988,0.19973214270516762,3.2953893561517613e-05,17498.450586572642,18843.293656634803,33.934541383457962,25.121094013978322
-0.00024465925827518199,0.039679444973749887,0.23284309788579416,3.5419949272218354e-05,10114.929941307366,-85703.792641519496,15.599594340678253,-204.29293077045833
0.055361788773266057,-0.12909345702157973,0.22957605394479028,7.3571417443519304e-06,-12972.087457646798,29480.809430137408,-2.7951977586943553,24.293405248343948
0.015117455511253984,0.037088216990588244,0.23258150352791307,3.935742547128558e-05,11048.654798569263,-85635.908253340589,16.106407774513521,-203.32903396879172
0.033452669700050862,0.092808181564106404,0.231705588332483,3.6266002628193569e-05,-44671.172243408175,-38783.278910398978,-94.14456164144687,-72.405356094212038
-0.010601126983872146,0.098839338946895783,0.23276509911773718,3.4118422305690649e-05,-45626.098039309167,-30942.193765172109,-92.538291316719921,-49.657451543284608
0.0034519202625591877,0.095597853371212307,0.23281941816602053,2.0817908298403718e-05,-43617.066114388508,-38057.135193499606,-90.489366407013776,-64.2786071213377
-0.015961531897365631,0.092230905657898779,0.2325957027072843,3.3585650989357524e-05,-41879.025523804536,-43245.682061815947,-90.503342114768373,-83.832799756099959
0.012512694555888645,0.030675624288067166,0.23272128431253764,3.4652934027162403e-05,15046.492561762951,-86089.801512254417,27.440506250081949,-205.95711016594569
-0.086336427957525649,-0.017664359309309735,0.22546120403104511,2.1633944369355137e-05,-16875.652489486514,-74121.835061843245,-51.778903802985248,-172.91059379534025
0.089927710123849675,-0.082519622100505882,0.22492952178422118,2.6199835000104519e-05,-50967.113696552711,-30019.245033025174,-109.69834071819614,-57.589581857078642
-0.0078027839036439719,-0.083095344699979229,0.23281106860372888,1.3945584199732255e-05,-32785.272363223128,-58512.091607217168,-74.622915035826253,-119.61470947323403
0.081346116882601627,-0.11309866182536128,0.22617770146340108,2.2293144786288358e-05,-37654.293324404578,15738.458615951717,-52.803264941740672,26.759045528260792
0.051032609618361806,0.093124557802749572,0.23013857667779122,3.4310269721730094e-05,-47495.938540213196,-33016.146924691442,-97.978905629793857,-63.561740004774457
-0.020112951120005249,-0.01801309791699961,0.23243583835119455,4.5826514599196668e-05,19163.002082619227,-85772.081980924719,41.137516997382853,-212.75723948124556
-0.0041356377200512748,0.03426321319096079,0.23281609830717537,2.5186973358206151e-05,13988.093717342541,-85923.764772947427,26.384938673672167,-202.44842760385356
-0.16064613691522778,0.056944735851624358,0.21409344144659898,2.0944066792775573e-05,-43751.305500886432,29779.655720845487,-83.332338298778737,52.757473988809771
-0.075507472332506945,-0.12925592799853763,0.2268562743518352,1.7917947980315535e-05,-8585.060381687581,29355.617765076018,-3.5361416656208013,23.521901738442811
0.074591394850707038,0.12924104804434744,0.22714598159485544,1.6854708947486997e-05,-8770.50118688765,29451.34374171681,-3.6468525071916669,23.193079739668747
-0.075721760535015475,0.12902786457222595,0.22677245769459006,5.3819444144023327e-06,-8980.5189546426936,29472.517190921357,0.29440525630063363,26.958810762082123
0.076362920433811626,-0.12944992211367287,0.22675496238340284,2.3020008924109876e-06,-7939.4454564507932,29442.176213051138,1.7948289535275312,25.062427220877716
-0.033530480695565953,0.092363408233386887,0.23170247977802721,3.4997909703885474e-05,-44435.29955243411,-39471.011705196346,-95.349515947725848,-78.022552697222025
0.053860351539046836,0.099146591661843461,0.22983977072498957,3.5519482947786962e-05,-49535.711550792163,-20348.483057093639,-96.464336660428089,-31.118395706674633
0.05971595963057591,-0.078236498845353525,0.22919132618196558,1.9317932769395938e-05,-40076.882174028964,-52679.163312810175,-86.611164317937963,-111.14746222923307
-0.012081239206181076,-0.024536070371279139,0.23273908566691931,1.8998274978485088e-05,18185.068915143202,-86105.103179896614,36.708371517714973,-205.76714692752847
-0.044562376223898977,0.097982925306486945,0.23083927861640696,3.5605856951161151e-05,-48285.280692268279,-25753.490868311917,-93.906720582176035,-46.886674432584805
0.089613049686754861,0.050266300973001402,0.22497610664178264,3.0231772741302599e-05,-35348.463762046646,-61805.049328719455,-85.166846096361439,-134.84865083444521
-0.017884835102326673,0.037375711402781953,0.23248745800950693,4.993132837377417e-05,9922.6365783089004,-85428.740388307502,15.605693042552081,-205.50654232789771
-0.16608173311905278,-0.10472099225545829,0.20826165918386247,3.5065817871433275e-05,-2461.5879045850838,38053.043215075239,-2.0140192145407578,63.113518540176493
0.16505068479124377,0.10338750313377409,0.20876481920858955,3.7524238017263771e-05,-4506.6535861648617,38634.945068816589,-7.2669721252278965,66.820972582931788
-0.062263150627275589,0.099332675038073845,0.22886445481014411,4.5049031157536304e-05,-49958.141443947665,-16689.122324208631,-95.608211308926769,-27.795976596369556
-0.02981547115604857,0.096878635837864102,0.23193957605043181,3.0648507486310098e-05,-46231.671118648097,-31979.184719002267,-93.343978273362907,-55.526191909412624
0.079175447866615012,0.12942274072314142,0.22642389405486046,9.1208823506904343e-06,-7131.789752955191,29413.624668383163,3.087906058383334,22.58972734528405
-0.12146545826775926,-0.1099947566514749,0.21921353331898746,1.2171429583948755e-05,-26624.467923936991,26587.385054568542,-39.865118606710283,45.557640792088137
0.13850361985185958,0.051836541226466026,0.21773795408511665,1.829524417335062e-05,-58051.378466530237,-3818.9367676459724,-120.67313314609586,-0.68089720104732987
0.10044872403942293,0.11718120743705585,0.22303634401830111,1.7732708900731725e-05,-24437.461214937106,25539.702276472988,-30.057852524666892,38.462406935126552
-0.090817548431722933,0.12925625474971805,0.2243672613240455,1.3903068274426976e-05,-4335.1116470689312,28494.755353018933,0.84195578912907321,27.02903749936133
0.090870352014939496,-0.12927280255293386,0.22418064154369341,1.2182814126744579e-05,-4303.1776060193706,28563.799411702101,3.1350235032130729,26.652158321508516
-0.091194558505222276,-0.1291449641709938,0.22431105073910387,1.9797069566195835e-05,-4480.9184145510644,28534.053266086699,1.0924333842252776,26.579885355973563
0.090980971716257367,0.1294168149021265,0.22434030105983205,2.1827477853760128e-05,-3970.6579652682508,28545.054595080532,2.7145952561077524,25.82981548857942
-0.021000077969669718,0.031424823228745319,0.23237644557399448,4.1759235977518069e-05,13063.765849927193,-85516.472804861609,25.083932141594175,-207.55798737821451
-0.064149487000942723,0.093244019483724627,0.22860797612213005,4.0743321411365702e-05,-49485.379954514559,-27452.399624741072,-99.76591241950895,-51.507462773042505
-0.0323303431592801,0.11848621264118933,0.23178656412850876,2.659797262770279e-05,-36201.49149465045,15077.699131144105,-36.87062994479475,22.121286758763038
0.1742488156860881,-0.1107283034758549,0.20466760776778889,3.5255811549772737e-05,8963.3270523494575,32384.663767964215,21.921749660658527,49.404241984706012
-0.026599564409667705,-0.12609399626992687,0.23215119275224652,7.0082166318853315e-06,-22143.34299093869,25302.619191109246,-10.791780925033216,20.723743927243387
-0.041719470651819884,0.11275480952396555,0.23108745249963994,2.4615422674174297e-05,-43281.022341520416,5501.0167684402104,-58.244386074331025,14.495124184372461
0.16509999755439661,-0.10604758992989398,0.20835784477762101,2.9756671977808027e-05,-1841.5319469509923,37746.464235103515,-1.0528022197076112,64.458218100758216
-0.022540213746747598,0.074033364402827276,0.23236497697584801,1.8213109583308888e-05,-25535.738945510944,-67710.347145416308,-61.223830829076853,-141.01036717087993
-0.17388313554682738,-0.091916413753850748,0.20785854947115701,1.352461980078231e-05,-6418.9356118735368,40655.875006259492,-11.230206799006709,66.914300604152032
0.069594447075678967,0.098900068166813571,0.22787275458130687,3.3234009692435257e-05,-50163.069460826897,-14492.642538535298,-98.015049281711185,-25.118213384590025
0.045034629718770793,-0.077958149554096093,0.23078842457686563,1.4697995569756792e-05,-35102.087463296477,-58223.513680065633,-76.72505263093899,-122.70059727144277
0.067691159395506906,0.093123205828737676,0.22813082213880032,4.0126574820754508e-05,-50064.860857467233,-25934.504584328646,-103.90716728170371,-48.331218371319117
-0.14491062566978116,0.12529118262046623,0.2115334985207247,1.9351948581708558e-05,10091.771642886415,27178.400871234619,19.027711350317627,33.97047742396564
-0.049689887043014351,0.095543897414287288,0.2303196168776879,2.9999718916738832e-05,-48205.739731197922,-28880.965502866671,-95.058609220286911,-52.806349634397193
0.00027506829700485696,0.034360474964765408,0.23285456558480538,2.1463693712704127e-05,13984.10530228785,-86089.848783857728,22.947081462789761,-201.48629531155294
0.013513390933589262,0.12004702482559036,0.23268562024751593,2.4019976436728315e-05,-34045.287223490035,15871.959899281295,-31.500223165469496,21.660029901771484
0.029323333510522145,0.12874636249907312,0.23200774644497998,1.3072486678295364e-06,-16279.647473675088,27654.43303885694,-9.1956253065031746,33.3248374502028
0.020276188260733529,-0.068902647114748694,0.23245120034872516,2.2653040305971568e-05,-19422.389465946973,-72685.786028822477,-49.509590151087544,-159.14885322627001
0.094078572572931396,-0.12380952380952381,0.22394058199381084,4.0511610505367809e-05,-14231.366752894337,28529.164347291255,-7.1671269259779011,30.331367657281636
-0.062360689530827774,0.10493087716642294,0.22888020321884944,1.778539841914978e-05,-48481.858772442632,-5376.8744773611961,-82.998530129919715,-2.960376397930383
0.1770705269140197,-0.060416722584351157,0.21048782562209833,2.0517265055570855e-05,-20859.164554831212,42358.207341198569,-34.456063056092255,72.864033627288222
-0.072850847960538076,-0.01842870831596732,0.22745243116127611,1.9369620526690426e-05,-5610.9535015499478,-78853.890122425102,-20.40795275945759,-184.05233418875707
-0.029895521452941248,0.041587319888312213,0.23196119147285707,3.0647034488700307e-05,3903.4741450293704,-83971.829884921302,-0.73322354976266535,-196.5621941969045
0.015048038274785475,-0.086469872779983512,0.23264608391330455,1.6177305688091438e-05,-36969.353835439077,-52927.405969987434,-80.040890379402882,-101.48644126499491
-0.044514510088395375,-0.0753611270165295,0.23084051384193818,1.4730222067974843e-05,-32643.201486081151,-61247.465336736437,-72.22985902375359,-135.15569099253702
-0.093636376367438837,0.12345642787252445,0.22403016641939738,4.1953519279742175e-05,-15064.364872076663,28333.284924174397,-8.612852980575914,30.958794615986438
0.033117292290356391,-0.12561027094895247,0.23177300446993485,1.1668939474787794e-05,-22777.051278224586,25444.795909872355,-10.504105929158559,19.387063244082935
-0.0067321827648558312,0.081542385055434138,0.23282914317179765,3.7169454717521079e-05,-31685.427071695831,-60661.616000785827,-78.143671282781,-126.4674144916536
-0.0022534846943160184,0.087083772285129632,0.23287251348407584,2.7927736374223139e-05,-36887.68824280618,-52926.809662257663,-86.055838682501971,-105.58306478294507
0.010711354806712313,-0.086285164631033959,0.23276100801410837,3.4401107657995994e-05,-36516.637159148653,-53510.912537258846,-84.873248792515838,-111.20644262822707
-0.02048341324304569,0.087164652085867572,0.2324427906054039,3.085120597497411e-05,-38329.816022071296,-51185.495033942425,-87.21647214210688,-100.40735113915147
-0.0055464560924863345,-0.087107868129626675,0.23284877168955964,2.271677642003545e-05,-36763.229398068659,-52884.125754804874,-84.806516401104332,-102.21958172850547
-0.0032744954633817389,-0.081643387608993728,0.23285753164538581,3.3184117347066241e-05,-31269.920427148802,-60827.540208316954,-77.825294211976924,-122.71289267137156
0.012784086749010184,-0.12164773925391066,0.23270147234685504,1.4268163927207057e-05,-31254.010509536518,18304.049095724935,-25.073300436128143,20.226041701173699
-0.012405546930021069,0.12255877722772551,0.23272570890460137,1.7748545727263428e-05,-29598.085576023535,19895.943715538877,-22.222093126792142,21.215484068930195
0.014926494353608766,-0.080757587358633059,0.23265065032091886,4.7689263612668814e-05,-31662.64890102038,-60816.87863724694,-77.21541112945765,-131.77837700424681
-0.030521620143855056,0.12285638597769521,0.23192160032036266,1.2125701361083162e-05,-28501.952067455826,21868.366857463927,-21.077340661140774,20.844805623797331
-0.010254167829037755,0.024660603117586156,0.23277119703705304,3.4353192591595383e-05,18646.125323844764,-86062.108833968567,36.439426012789113,-203.80013069695195
-0.0037969947038386715,0.060792673860780209,0.23285108743421734,3.0271632259705486e-05,-8877.4855552755034,-79460.25929299272,-30.833901406126234,-178.94671380400089
-0.01438039190605326,0.070198584020903065,0.23265787641097219,3.6818366257729588e-05,-20088.3241865862,-72117.251081949027,-51.958238135844994,-160.79029288601419
0.0068141225197566766,0.074436075523815814,0.23283165694550811,1.8421302877477796e-05,-23527.407020365543,-69009.604856612394,-61.415568096958054,-143.85321675063705
0.0043579287733800792,0.12415259692671611,0.23287482534467227,1.5387348462121412e-05,-26568.232952746446,21871.510031990405,-14.9163991595293,20.323384976537302
-0.015465766960841742,0.11829256962827285,0.23261540564234878,2.9452993933494484e-05,-36770.512551432017,12861.877118198079,-39.662201519143437,20.140641905983856
0.014691125565277543,-0.11775581421299466,0.23263896522949415,2.1185320824597047e-05,-37545.764206032531,11490.232134892241,-41.090423706883143,19.681218295075428
-0.006722654753377205,0.054519106609959095,0.23283326452107317,4.3161761652790651e-05,-3125.1355015684776,-82206.96984806408,-16.073028336651149,-191.81022198832761
0.017331774797070997,-0.073784440912963906,0.23256437942528796,3.6931251859154052e-05,-24435.927448398787,-68678.711190592076,-64.141907382283748,-148.30499132311965
-0.025675738292258575,0.10517809984064204,0.23219984571811547,2.904076439383815e-05,-47276.324673290132,-15127.081024648949,-84.269809339525438,-19.053247271544613
0.02544957271532174,-0.1052851164403816,0.23221172829435238,3.3231925515020858e-05,-47377.681385375166,-14679.8545724102,-83.031798635371004,-17.586094280321294
6.5312441690914408e-05,-0.012380952380952378,0.2328764008599874,3.9292008269666713e-05,23336.079460851372,-86182.796760142999,44.389661375148563,-210.95852169621659
0.038813133599168763,-0.12881610791295411,0.23134387656404026,3.1721612001138698e-06,-15544.560207341949,28363.919026542528,-6.4161187138789151,24.576869488250036
-0.046587785214213757,0.12453648837323733,0.23066306813999415,5.3869360841965922e-06,-23950.237683658586,25700.141477969311,-12.070036221908632,21.193685861537769
0.047338005417489747,-0.12375348959871751,0.23058458078058222,1.0092023222332561e-05,-25416.453228317354,24976.983654481111,-14.069380314991534,21.181635096096265
-0.086302910935538144,0.11182573490173484,0.22543295838330207,3.7514655333207818e-05,-38028.665137303629,15438.907266103372,-56.133302305102823,28.290566892147613
0.085664481117198849,-0.11221573245016506,0.22552747558119296,3.6759171342114391e-05,-37769.281849697189,15847.349067862373,-52.456293611745735,29.484825308643654
-0.078948588712103474,0.12380952380952381,0.22648949800656992,1.2579243579714464e-05,-19153.654358162898,27735.468231320861,-11.511344035359587,26.442588101696337
0.079682814657081324,-0.12385038371720287,0.22637650556879621,1.2432714616841021e-05,-18885.090309911157,27805.783720278727,-11.625585379644091,26.471724937682598
-0.0023751158071768684,-0.058073514914919827,0.23286604476030009,2.6487108513059428e-05,-6064.0447871427323,-80835.512035727617,-24.054862616397074,-184.78133173422697
0.0022605400448347896,-0.049772281294928916,0.23287477034559648,4.1765936387128681e-05,1829.0057568590782,-83804.440075750244,-3.929321352747289,-194.15089708690411
0.026836470304819442,-0.086715303155132706,0.23213871618959717,3.3720532065841976e-05,-39036.966362026986,-50809.761446409575,-90.475815144063446,-100.95253910452276
0.039448827923315985,-0.11016301155428369,0.23128429156369984,3.2803166210653419e-05,-45747.914096352994,-813.74630600103831,-68.379793746660852,6.9606166595241517
-0.023743912322354833,0.080155537331562804,0.23230158462894215,4.0958604900880399e-05,-32299.096280254613,-60517.406511766952,-78.457178329106483,-130.23533156492942
-0.083713226842641555,0.11647281414559481,0.22579771564289916,2.8865922577120025e-05,-31726.442962681518,21343.658053913572,-35.219281800465538,33.371240077230766
0.08227379364076623,-0.11824003280413801,0.22600749841698609,4.1360084495935995e-05,-29027.1717715944,23140.463105152998,-29.380897523477586,32.066333522038008
-0.010907705409725462,0.048532142843452176,0.23275212826909961,4.8690354876366706e-05,2022.5826327867655,-83895.15539594341,-3.1925282392236918,-197.62309534486826
-0.027559147678091565,0.073514230369409503,0.23209717757536968,4.4086446059598117e-05,-26303.553159248022,-67417.280870004077,-67.209207436853973,-146.69320969589899
0.025001769822291086,-0.067765758752724586,0.23223534002201976,3.6723894819960696e-05,-19292.843057292248,-72964.676049928094,-50.789637692489883,-161.91589666880404
0.06386745608095841,-0.12326382233750831,0.22868532087334315,2.5004652082264887e-05,-23916.763858634291,26210.355637872526,-15.076186993763761,24.987142136253308
-0.063129312254042169,0.12246298169068656,0.228777820926476,1.2407834589235505e-05,-25661.362323261837,25322.768607880138,-17.965609466869168,24.854051607353981
0.0091753163701732282,0.10446360526761278,0.2327901582002283,3.8848319754603835e-05,-46870.647811004499,-18461.29808027784,-86.508323677213184,-24.574868623538649
-0.0091012611061370915,-0.10605719673143534,0.23279145974543533,3.8530313561714115e-05,-46563.483174317138,-15035.276221732991,-83.243886030040997,-19.138469647883696
0.016059978578272339,0.088364401173631243,0.2325930345478914,5.1593068920648328e-05,-39187.997095532635,-49696.057046148628,-91.060805562231295,-100.79236635219291
-0.0057585589142662066,-0.061279947138346801,0.23284083192327773,3.1296505532265443e-05,-9222.2866813881919,-79100.698138668464,-29.804146970572891,-173.06977313223192
0.073922525764148858,-0.10520086043722209,0.22729891413660089,2.7327320365733329e-05,-47390.079708228368,-692.64846489436638,-81.32457979824899,4.8011074711132169
0.0053450181092192456,-0.043838000668552549,0.23284545655998359,3.3911493069548557e-05,6682.5913301922756,-85070.476688823197,7.0942007671766989,-201.09780951499152
-0.053379626085781992,0.11092505272295773,0.22995659914021918,2.9356115343979703e-05,-44630.547539007253,4279.0686663883407,-67.827036295369751,11.141732682169916
-0.016936572967849898,0.06297705773677495,0.23256300743938599,5.0078832981576203e-05,-12780.060265981145,-77287.022550592199,-36.672855622753744,-175.55054808946232
-0.014065189402442396,-0.11136191960603646,0.23268300151825966,3.4180638190902612e-05,-44435.985796974084,-2254.8502030248424,-68.361868736386242,3.5555126838543334
0.03002263419221619,-0.082080148163546404,0.23193948568751346,3.2119020029439867e-05,-35195.100365689716,-56845.787451542899,-82.644515641237646,-117.83497053554206
0.031775778818237663,0.013524265375223903,0.23183180961526029,3.0754932425529803e-05,18113.070629688056,-84943.261597716511,35.738045374229209,-203.23495879617155
0.041738426515862889,-0.086818031371109494,0.23108771536748787,3.4203689291432679e-05,-41987.280842804757,-46701.224099721883,-93.78149482121546,-97.54554568095682
-0.04978020145935514,0.11620468142403977,0.23032740726082288,2.2204189344474815e-05,-38553.721457384796,13954.36127321857,-44.246944755529881,22.767710195606561
0.050951328834486893,-0.11752572698695886,0.23020335625163124,1.1126697522599032e-05,-36451.564690986539,16412.095120785467,-36.916995176490936,22.057620715953089
-0.036126368966941692,0.085434854073306518,0.23153641723993337,3.9463280093345251e-05,-39748.223027525011,-50534.57817635368,-90.42118632683561,-101.37959314816938
0.060303605133795499,-0.086287783800583009,0.22913477045450642,3.4713141236525626e-05,-45807.604269275747,-40991.206638096744,-96.819706695866927,-82.746584477911725
-0.016364135919619324,-0.11748553482142463,0.23259574371604666,1.8602602228230604e-05,-37935.696062225514,11168.105041860808,-41.785170083845358,19.434911448875589
-0.041672853898532994,0.10183955215129034,0.23109345741130868,2.1581075271037154e-05,-48784.321532601469,-18571.791635856473,-88.837250354553717,-23.587327581082963
-0.016135143055689,0.043532089793733575,0.23260797629966182,3.5830113643005143e-05,5663.6706487906795,-84815.33642047293,3.0878386436194454,-197.26317068352074
0.019793521001375637,-0.048679696497077506,0.23246950793334309,4.5403455149129837e-05,722.05240832788888,-83135.346497394101,-4.4694061432413186,-193.40119274435168
-0.14502940902921838,0.091362673371299455,0.21537027797197908,4.1252257685444242e-05,-34077.244080551776,30070.546329894525,-66.36191633253722,57.857364519546053
-0.032024133649363858,0.067852010620468917,0.23182493431512216,3.3211073616903607e-05,-21124.18392283631,-71658.724813420937,-52.167390582544591,-155.2399888133784
-0.057888063522987393,0.10476462865838065,0.22943011073327804,3.5940441786871115e-05,-48842.637637043692,-7219.6365265937739,-82.853799042164056,-3.4055442155006346
0.049299330473538037,-0.07741688457135136,0.23035026589940064,3.2264783176819175e-05,-35977.969675509928,-57729.298983937486,-82.836624811565173,-119.57679539159504
0.028654129800283361,-0.061268631194380578,0.23203298997032218,3.8780285056287004e-05,-13759.116493130861,-77077.665131096408,-41.975488530817699,-176.18159691625087
0.0074056220783944079,0.049937609566340191,0.23282126114953705,3.0962997974570813e-05,1548.4494360049175,-83686.228084427377,-5.8272589985613026,-193.4129164717184
-0.023974775191958588,0.053919732241047943,0.23228942632003144,3.908574473014166e-05,-5173.4258924072701,-81178.981206356766,-19.39569035025578,-185.52716359533582
-0.045999780303081113,0.067182789047013511,0.23070366898195571,2.387778770027186e-05,-25382.352030280843,-68994.339807497236,-61.347256563797607,-152.71450101521381
-0.038950429349520949,0.057429984004951008,0.23131531107878064,4.5493420489038601e-05,-13145.489632018316,-77170.220887229269,-34.537890104154812,-176.0749589093559
0.042560540954401337,-0.062556090652651733,0.23101572469022025,4.6502182294743058e-05,-19682.726029251167,-73341.182894881393,-49.683876550612105,-165.7348921451167
-0.045909944343149989,0.073548407197350521,0.23071297019191558,4.0418498288504701e-05,-31612.394910198647,-62955.921871315819,-75.112460263997008,-136.05562648567363
0.038316922354840272,-0.066629149646459954,0.23138314090773962,2.8807730636317666e-05,-22235.550944644805,-71356.886054684786,-56.817700405373252,-162.92698899083621
-0.10491487924629027,0.12966200476554363,0.22148043218945612,2.3486529513183692e-05,1164.0544019459842,27115.504148644766,6.9667625402442654,27.471835931671102
0.10566199638326824,-0.13,0.22129467699481661,2.2116180298720144e-05,2069.9108824750165,26818.843129451576,6.9748270907700922,26.389110929152295
-0.10556604141742643,-0.13,0.22131602719178625,2.4447904573672895e-05,1978.8714239378389,26784.152633142043,6.4858675260736174,26.424641873122603
0.10548558843210354,0.12985735837789611,0.22130153980536788,1.6584179463779262e-05,1745.6586574800044,26928.681183159879,8.150604624967448,26.853377695526031
-0.033983366369208012,0.062676114986165127,0.23167724026870978,3.7603511528033397e-05,-16567.614950905983,-75116.071054341082,-43.475406355606644,-169.42344889569986
-0.019835051372915836,-0.081340132600189144,0.23247058014162716,3.4449871146044978e-05,-32333.481444007652,-59563.541760055268,-75.611452916588902,-125.77802166326964
0.030961915735218195,-0.055545350559477312,0.23189855226707889,3.6794560591229552e-05,-8565.346756784309,-79635.973070239997,-27.415193461138188,-179.97297007746684
-0.01273384368761276,0.019045627896074339,0.23272761593217536,4.7320234028887667e-05,20305.60747420862,-85989.105686573152,42.350276818141232,-209.61715866068337
0.0039389746280800182,0.018630569735783895,0.23287819425688527,4.7998405201590472e-05,21127.846007704848,-86407.404131219213,41.127164085992177,-212.15544011784849
-0.0036029910072232982,-0.017747892973993092,0.23286741008397566,4.6905735224027051e-05,21642.557251518589,-86067.37197416171,45.087099383729019,-208.37380168352914
0.012605590944915894,-0.017129945806576157,0.23271717531979297,4.2874541943946916e-05,21047.511874100579,-86068.285833395727,41.012096948304183,-209.9741866460015
0.020893041009657654,-0.042287170732832752,0.23243844105999642,3.5293661605715745e-05,5510.3391699298645,-84550.568596675905,5.9026128741243111,-201.11577536742283
0.0099838971646223282,0.055611127429138901,0.23277594713135688,3.1492566908358869e-05,-4232.3476580746928,-81646.674714291265,-18.936876238168534,-188.62150112817622
-0.027563488041398163,0.047948875491595822,0.23209507873053087,4.6715235230491792e-05,-792.31747071051666,-82695.396026425035,-8.4904908704287489,-193.4493096515906
-0.16451123471940232,0.10421284887892966,0.20883229128113198,3.7715693056990853e-05,-4202.3102626697182,38542.722731905043,-5.2970705130655338,65.576069091008407
-0.02397393643058434,-0.086194382737843217,0.23228947049309359,3.434518257964352e-05,-37885.988652793298,-51951.92724702142,-84.61899800269542,-103.86564769123211
0.01458307941921117,0.061294223891596764,0.23266055893664725,3.4913999223956706e-05,-10429.513627706112,-78574.016336410525,-32.942566303686469,-179.452744352997
0.025154360047365716,0.10497534233470991,0.23222713026966352,2.9589807141045102e-05,-47248.617006858141,-15598.320860130783,-84.442829536002833,-22.45533576285634
0.019981679164400509,0.06817975959000884,0.23246556767435869,4.2843027271066227e-05,-18691.5365925242,-73333.807804957163,-50.617921902813769,-161.67945181756428
0.094655191236173275,-0.037626295353955813,0.2242296275227266,1.5843609744820102e-05,-32333.437342176552,-64404.955644902424,-82.881372190508344,-143.40595567708203
0.0010720241285559645,-0.096186670037848865,0.23289606063508983,1.3373048332990744e-05,-43816.902209786211,-36728.514734728553,-91.913745089384037,-67.711916310039314
-0.034983097163608437,-0.048008742691190029,0.2316147048405473,2.9318544764236318e-05,-2389.4972849770852,-81788.487883256807,-12.348498295340955,-180.25228894515945
0.030901578881759241,0.11307594815731811,0.2318865209817686,3.242080175040129e-05,-43087.540111807008,4008.4151051086951,-60.760878781865657,12.11835432552577
-0.15488397759625319,0.098662475123183158,0.21224507359810674,3.9204139757014229e-05,-18274.80737223219,37860.382145501892,-34.077314572214462,69.122483696337184
0.021088042832080954,0.074491681301894833,0.23242204879731762,2.7710058756101422e-05,-26125.239067541923,-67567.669175206946,-70.917409124021489,-149.20854043516312
0.037653820256405172,0.12348366902408288,0.23143119474042437,1.1621170888821614e-05,-26747.389245131253,23591.714478798218,-16.80990944407964,21.31046546276059
-0.012316104229540192,-0.045329713019811806,0.23271202941120026,3.0055380918885609e-05,4875.8144824446144,-84554.404947643387,3.640597098127385,-197.14088053625883
-0.0068360596567464682,-0.024031025616915822,0.23283127139323337,4.0100898136277703e-05,18779.332876429602,-86248.964533741615,39.08013750362926,-209.67264581417879
0.008499078211880718,0.025325370340177289,0.2328020433044837,5.0625253287963043e-05,18005.26214059184,-86417.65878073941,35.173957112107793,-211.28968093936948
0.16241838500937003,0.038488064524872849,0.21416551756674768,1.2784772295933695e-05,-48086.759361713492,25846.982070481648,-87.154817137236449,45.625688669394307
-0.025653624989366321,0.098117596320889816,0.23217988423477443,1.3332368320120091e-05,-46326.548364676069,-30417.636217186486,-93.3207039168134,-50.211858910656638
-0.060024609610089166,0.074954774447074865,0.22916954502364092,3.9845433772837144e-05,-37985.251674195075,-56459.680205703851,-87.977964178283941,-121.72001583417789
-0.014240669259591981,-0.050314267710987258,0.23267421194569629,3.7772999501317598e-05,494.65405891941003,-83107.953561296526,-5.2287741667336904,-190.47698325081546
0.030785443030465383,0.08696858094165999,0.23190322751031819,4.0433035718354771e-05,-39803.649189273841,-49347.954452851496,-87.978601106414033,-103.00384220521292
0.080654949581302676,-0.061003639412576985,0.22630233570726868,1.6778016024790403e-05,-36196.704200142565,-60079.388434101347,-80.575392113731667,-128.10977153927479
-0.1523006808083765,0.019321669442722206,0.21569532640252592,1.4322620732405492e-05,-57835.901663077391,5024.9250218380939,-116.73263856320717,11.436390168537566
0.057588358617163854,0.11500187092845167,0.22946714037779045,2.0492719156316447e-05,-39439.077301842146,13277.832838833405,-45.928911587926848,23.231004913920813
-0.050667811115686488,-0.11771383757082832,0.23031250597870409,3.5412624320644403e-05,-36044.432248555604,16838.067880579165,-38.597350180501792,23.269992051781546
-0.017216144046248893,-0.054973820941635686,0.23256024055324034,4.0179222446135211e-05,-4266.7320444775787,-81415.021287281852,-19.176172297664934,-184.08630028569564
0.020312904884524495,0.050698812624907358,0.23246340967597173,1.4375568107409755e-05,-940.01855012530336,-82755.556513733754,-10.488850244512131,-183.68252825673457
0.042597061897532373,0.1036313055381194,0.23101194794826185,3.8477216260841975e-05,-48589.105802169433,-14365.479924806477,-86.715238910037328,-17.394429639111113
0.052528315039138851,0.12440718587584407,0.23005090627054792,8.6380228423258406e-06,-23346.400122857332,26232.917493930876,-12.409762729558189,21.951783625424479
0.046692509698892166,0.11058606507708842,0.23065389765687755,2.8852757776256583e-05,-45224.381616021346,1842.4921106377101,-67.590948457814363,9.2496470055350581
-0.048016310377651875,-0.11152711304879755,0.23051106621070411,3.4502400690238878e-05,-44311.821101670655,4355.7743403958211,-62.035792361935783,13.867785303257534
0.061479421557336433,-0.031521662857464064,0.22899183538784426,3.2655574376428796e-05,-4071.5398729560779,-80299.247054714229,-17.54219666620051,-187.16469955846893
-0.059422124433162235,0.12388514275328148,0.22924314039214691,1.1380539343260128e-05,-23438.701494258199,26435.150053822184,-13.016992075847948,23.669153639692595
-0.11233887182200011,0.07695036772058908,0.22161159346398446,2.121388405656318e-05,-54206.665401336453,-16807.495897778284,-115.04662596512151,-26.294997374573676
0.054283185054833094,-0.065836984570240453,0.22984029886211368,3.0426803850507866e-05,-27749.937221332671,-67874.928895148041,-73.579498300052506,-149.94453765931195
0.022880652835857808,0.091857051209150511,0.23231370466600948,2.2477045549551993e-05,-42317.994901634847,-42778.654044915631,-87.792976354747637,-82.919514727522809
-0.0020193131573593343,-0.12022781925859835,0.23284271922384323,2.2974171346618267e-05,-33672.750295465448,15717.838342744284,-29.052196650376917,20.351933483746471
0.017755920360887727,0.042525362211391651,0.23254730220173295,3.3289509551743233e-05,6054.5967253399131,-85067.661085902582,2.1487644158849069,-203.02905060790766
-0.021172166718797601,0.10522602432164851,0.23243549264804803,1.8252495420925334e-05,-47289.535016509741,-15532.967402945547,-80.803490852699213,-16.11778978191159
-0.16744703172016503,-0.063148520626363988,0.21242575519736376,1.8993023934198088e-05,-33006.418236178615,37786.466114301824,-61.934103457989707,65.136340374716497
0.025030090334422314,0.049379011222543345,0.23223384853256721,2.5127340045199815e-05,-1093.4521388599069,-82882.82187076658,-16.178502919003346,-186.93563247542781
-0.13203218727555668,0.084999171354401007,0.21838960780929609,2.7124138660057628e-05,-47364.034597992053,13633.005921095109,-94.629999928427225,29.22471798098929
-0.050712143172944514,0.062573305510067442,0.23018434559565751,4.1296941288787603e-05,-22704.025561043196,-71385.677699070555,-57.030158124138985,-156.44032371595395
0.026902667533758536,0.05597789182978085,0.23213522993665467,4.4938095522482572e-05,-8212.4497522445399,-79861.944215841329,-25.803396602205488,-186.51693500654409
0.031177668267729833,0.061516341141140338,0.23188983235774296,4.3203415809393508e-05,-14979.722974934437,-76307.165670905859,-40.997072993142012,-175.09254925938788
0.026064403104082992,0.072651575629054721,0.23217937682741427,2.5590460493513032e-05,-24820.579418750698,-68512.743092315897,-60.569982067534504,-147.89701527516993
0.039388081859208557,0.074190183495243006,0.23128843551072159,3.4411022866395375e-05,-29862.645578533778,-64181.562484664762,-70.374139476867569,-136.19381770344103
0.09031422113714295,-0.024050628077507085,0.22487229959046071,1.4596125639849612e-05,-22527.218762613276,-70972.546305864584,-62.707792190104158,-161.66060327291771
-0.011286297801237168,-0.12127111750943838,0.23275120918776057,1.102764377548339e-05,-31845.715697736068,17757.833108752424,-23.85537271839506,19.041030640942775
0.047886443589525145,0.087670549620057825,0.23052653506395263,3.5869334945203556e-05,-44169.303118338212,-43354.244945669292,-96.641835957205686,-86.303057205495108
-0.1617424154715047,-0.066588604478633046,0.21343133738316733,1.5554250538972944e-05,-37687.210530048091,34061.138783946037,-73.916505681489923,58.579871992011618
0.02358210564114294,-0.11277961406731611,0.23230917221712949,1.8791836022377459e-05,-43432.311275095883,2191.0725889386563,-58.917133894400727,11.52336663483457
0.058407529947011295,0.10484442320802528,0.22936668054742154,3.4109266215162973e-05,-48687.12150015204,-6959.6989478777377,-81.346733472427488,-3.3313940153550061
-0.060361853948791282,-0.10551976835520105,0.22912834961778888,3.1498666365928707e-05,-48135.256379133512,-4774.3755511498457,-83.384527615080472,-2.5991538902545588
0.062043065819035986,0.11146557818371265,0.22892298455344259,2.5724172709666728e-05,-43293.82050593679,7572.9875654545331,-62.61262938327031,16.931430079589251
-0.061890057108092804,-0.11093408943253939,0.22894167502566948,3.231165713122599e-05,-43860.62549720169,6588.6590406557934,-64.253268353048725,15.200146546100607
-0.072490683223730479,-0.1241661225330393,0.22750151347952219,3.054071433230294e-05,-19985.417714103693,27667.321121430414,-10.898013647314722,25.394284498925533
0.071187900593660342,0.12353050892341198,0.22770377817899556,3.1325405341045792e-05,-21616.636853645541,27142.600136194862,-12.555110026381216,25.94571980153215
0.06928931591366394,-0.07557773308689672,0.22793319229520254,1.2925834295759699e-05,-41593.880948551465,-51712.75150843399,-96.504317097415722,-110.50713757683616
0.046091199263607212,-0.056022752651748733,0.23066551717488087,4.7220747103600148e-05,-15222.450568490094,-76512.171609897341,-43.158625753906847,-179.07846105072747
0.11069030919118529,0.10859771497457651,0.22146189975488748,1.8141059420640982e-05,-33603.063468281645,20830.421171752005,-57.20262383251567,38.431418165928548
-0.088379186583308206,0.10563674252080651,0.22514349405295886,4.310047003340085e-05,-44743.523935441124,6512.8535445866701,-76.227847803586201,18.812347659604317
0.088922443085984876,-0.10571807673966258,0.22506157647433092,4.0985428539866883e-05,-44493.158970317825,6807.8715966124792,-74.805593591975168,18.225070709179075
0.10862264245120992,-0.12380952380952381,0.22104288118351484,4.1890692351098829e-05,-8451.1928915743119,29033.934232462379,-3.0161155667774269,33.85646029035729
-0.10850698487659513,0.12380952380952381,0.22106780711839535,4.196743974914402e-05,-8483.7007327734809,29021.695659908855,-3.0042992578903029,34.066803339312465
0.028777610007788671,0.037310845240785019,0.23199351709213795,3.7004494899531614e-05,7169.4461993767136,-84582.425363464834,9.7687520344597285,-201.72630239387939
0.082669562783562522,0.098992783558557118,0.22600407619318683,2.8264864972634319e-05,-49783.236344387362,-8220.3985436525563,-93.839103245185029,-9.2569041290779452
0.10878509250597962,-0.059585810160777415,0.2221377234877337,3.0001175144312251e-05,-51189.37565682744,-38158.998776744702,-116.1277861695127,-76.575447031482227
0.059455185879173561,-0.043501412191340669,0.22923125293839308,1.2369460679819531e-05,-10695.793921283006,-78110.714708893138,-29.395094436255157,-175.68710733169152
-0.057658473597708995,-0.086097030035330563,0.22945857562295724,3.162604196109863e-05,-45288.734144067523,-42152.171796445218,-99.410241430316674,-88.282466283283838
-0.052436949036302555,-0.081821724561029666,0.23005021110393128,4.8624902361891325e-05,-41095.021887286559,-50574.71501775358,-92.747234587708107,-104.78986404527822
-0.076298730605101089,0.091440459747340927,0.22694726534121468,2.0245354331872268e-05,-50610.52539045352,-24920.175890594848,-101.56740987788655,-43.135774778507162
-0.070974460840611334,-0.11583845881526432,0.2277179498503516,2.5048475088572661e-05,-35937.332131227689,17608.189861637751,-42.256355140152216,27.114324177661203
0.082117290234095433,0.092743852894315082,0.22608583905568572,4.0033369668226369e-05,-51007.216967972141,-19301.670891192181,-103.70265182384412,-35.055317809793671
0.048511907441664101,0.027862474508621105,0.23047421208057617,1.8900130096542428e-05,5631.4404951040979,-83112.488528320318,4.6325795901370244,-188.56395293978397
-0.039304940244429237,-0.061904761904761907,0.23130081018323329,4.7351517038051006e-05,-18075.09173533359,-74515.224663015295,-46.15901885057913,-172.66755157774716
0.0017032304234971415,0.091048626314052153,0.23284931704088283,3.4378066025344414e-05,-40237.875863037421,-46420.131990991729,-90.027772015259487,-88.406804274441427
-0.034292347086870754,-0.054061578945738001,0.23166340055968015,5.5193368937656763e-05,-8461.8452134374747,-79752.542937990744,-28.736221335150287,-184.4674520687494
0.0066089484264844345,-0.027527860346643049,0.23283526294652884,3.3402800124159212e-05,18001.121900028138,-86023.436068367693,33.410792642633133,-197.10063975355084
-0.0068785885363465442,0.029049251217371751,0.23283052393442508,3.6056709247186414e-05,16845.690703055996,-86084.875313016688,31.452345036443461,-202.34388193188889
0.0081751369854263616,-0.091065511197233232,0.23280773667626678,2.6275037057161971e-05,-40499.177471566698,-46055.509428271747,-90.107111320566375,-89.086698288357084
0.0013249108265061095,-0.076449871712452627,0.23285262959501898,3.3429809881926945e-05,-25607.144912428634,-66855.885091481527,-64.73136288477167,-143.29901031720937
-0.11944171848936591,-0.12944327397766789,0.21808536693391006,2.0748634777493524e-05,6162.0532114015696,25716.938743214381,13.296680395543969,30.776567742846726
-0.12001000424776255,0.13,0.21788283852584683,2.1972316199970476e-05,7396.519232908915,25141.086181364819,13.449859087295446,27.472504409632311
0.11977319957539077,-0.12966151923413544,0.21797251138151214,2.1801341057741229e-05,6703.7936087930702,25483.444903567804,13.216110761212533,29.8447646653233
0.0042194134208986007,-0.069926851379517471,0.23284673481030016,3.4737061349932238e-05,-18566.523606454757,-73001.821901724252,-49.1148750433385,-160.95844372338044
-0.010100949330028317,0.075625337056377501,0.23277388990170769,3.2513578663371776e-05,-25383.940897332082,-67490.6229192397,-65.597463112335973,-144.36269381088363
0.0045033759705544289,0.070540055443130051,0.23283757632214708,2.4667311405362627e-05,-19219.138423627002,-72598.385840898569,-51.683547331730601,-157.99353961528752
0.030693527466974162,-0.12864044060502641,0.23193558567950603,6.5915073997664155e-06,-16439.291206725262,27735.135691377098,-5.5804660246382074,23.366332006674178
0.0014694135914695098,0.064974963120867701,0.23284487048023833,3.2810901724577947e-05,-13236.80295268774,-76889.955929929318,-39.765812594523851,-172.63139412956312
0.0096308549972697211,0.077955298170444207,0.23278215196158439,2.5610525516394663e-05,-27574.387668565058,-65019.18137413924,-67.026962190151565,-134.47567133145941
0.16154449310263053,0.057021762939544925,0.21393897829494962,3.4473981585452582e-05,-42767.075618966337,30862.111127516815,-79.42062691533998,54.937662199635241
0.001605405022925695,0.11972431490209058,0.23284941279446256,2.8648483875127609e-05,-34532.00171988229,14812.883057756542,-32.751093787862871,20.168167817471172
0.0020835813199993605,-0.11447029196405863,0.23283947250168888,3.5076622393803123e-05,-41667.00486895784,4168.6710463876962,-53.627419675666964,14.392716418972952
-0.0026392326387756166,0.11431882481406622,0.23284130415168816,3.1269818676179157e-05,-41860.856145525169,3952.1590215043243,-54.406617469157794,13.808172423295744
0.0083616722793751277,-0.065857196883301189,0.23280445825816992,3.0509890414660683e-05,-14398.243808947525,-76046.01365783537,-41.284568338593886,-170.06791851523059
0.006217898290864065,-0.1083530862044388,0.23284213577908636,3.8144196631717533e-05,-45994.781769240552,-9737.8785527066939,-77.92822912229677,-7.2830251720206416
-0.005989615660292308,0.10901102745505298,0.23284614792012093,4.0025480387368181e-05,-46017.462889016948,-8081.833296369613,-71.327699771366625,0.61437959712921408
-0.0014652023801404153,-0.053534945001457758,0.23285382200635113,2.7064162654800643e-05,-1537.6397845175188,-82867.04948864624,-16.367157216820019,-190.41111686780505
0.064392944936029914,-0.11655094552357533,0.22860596032731362,2.4315572101323485e-05,-36089.423184743246,17559.583039865818,-40.845092874617933,25.712644931536758
-0.14555724860515337,-0.10233476852208812,0.21427344925564562,1.9697764548243086e-05,-21544.985529844576,34370.247667715543,-40.352765933721706,59.996830566486473
-0.099478453343288656,0.10967162461838505,0.22334635872639705,2.9394243825106742e-05,-36823.660269457774,17210.299147805294,-56.357752809880367,34.554367313408896
-0.0086950700017868667,-0.064845486946846984,0.23279859868541322,3.6271110389524452e-05,-13541.795972580199,-76667.756678421574,-40.457562515582893,-170.62718756083902
-0.0060465234501809947,-0.10065303043463736,0.23284514774731574,2.7850808828979331e-05,-46141.73917143701,-27327.220328998068,-89.760851351024471,-42.445192499133235
0.01129846839063107,-0.10279275803212,0.2327528431170674,4.6067831613333119e-05,-46924.964688031818,-22101.338436614817,-87.931859781462194,-28.634971380816367
0.087168496491225156,0.11454023662278748,0.22529521855790702,1.630596750380308e-05,-33826.484643532684,19465.97248614709,-41.368859420486693,29.087602396301822
0.075307933409831496,-0.10085571927279878,0.22709395091325565,1.7533994606513468e-05,-49405.657308706475,-8492.1417462485315,-89.938623801028712,-12.625378785585717
-0.078966503777320479,0.09652172524946756,0.22655230678086458,3.6751259236469179e-05,-50796.296482744881,-14631.654006134442,-98.176294235890765,-19.032752518099532
0.01890011609746254,-0.1127374078719412,0.23249731063146661,2.7186552459201938e-05,-43411.569083320617,1315.7548802934975,-61.075638967491862,9.5942045448468818
-0.019616666595640483,0.11302795013045305,0.23246875541121245,2.9852703962668829e-05,-43155.947727910578,2169.2176971033723,-59.737658216987086,11.659677325396185
-0.08630835487765387,-0.1232051372659361,0.22536560446108139,4.7483797959556747e-05,-18023.65570485084,27869.714216682973,-11.342512304959708,28.830953219515983
0.086706776135052718,0.1233288630404577,0.22530230010990765,4.2076577140188378e-05,-17645.197780345232,27994.850876083357,-10.689523527590211,29.149831644831071
-0.16137244701109787,-0.10538865534991819,0.20961136954812146,2.5851415109133879e-05,-5465.4616101968768,38118.595787330858,-8.2675558602070609,64.026827718330892
0.015552815015052205,0.11471751859543383,0.23260050549029973,2.5443595051405885e-05,-41439.30201555317,5490.2168934202673,-52.436865050788299,14.832899430984554
-0.013116113111266439,-0.070961688279692792,0.23268343320997267,4.603835695281941e-05,-20957.877060587653,-71423.435398690708,-54.360646648502197,-162.12807017719692
-0.082410694900923204,-0.11777165673444256,0.22601865495634879,4.3408777106313952e-05,-29709.383469336248,22766.399973645872,-31.300410284529868,31.781348279011652
0.08317085162501886,0.11790463314943522,0.22589897756789548,4.4325713076658139e-05,-29315.712593786553,23069.74448808773,-30.509310065851356,32.448081287096592
-0.023657221259481449,0.10961112119466251,0.2323048481044436,2.9432516613764458e-05,-45768.076538236033,-4954.7165486549557,-70.419645601729812,0.58156449116931486
0.022174234885932606,-0.10860382698680304,0.23238256455728665,2.0615125629443282e-05,-46204.074377117737,-7654.8315233215126,-75.148646196382558,-5.2048752766811655
0.077399577559628646,0.11138299539806931,0.22678428711920776,3.8529815247728283e-05,-40928.873543676884,12102.251589676211,-56.689956488088917,25.822551801656601
-0.077938187221098507,-0.11180474381858214,0.22670454702034928,4.8336088303189677e-05,-40177.724879495501,12972.110381695502,-57.137537789023995,25.442380731474454
0.024638694031892873,-0.090931709897385679,0.23225446127623114,2.6351108028723275e-05,-41958.940896480854,-44064.39562035304,-90.374665755726141,-88.865928494952016
-0.094420511574271837,0.11547237813012844,0.22409228274825879,1.2939047892747122e-05,-29849.230486591063,22472.293886746498,-35.495965208442136,33.473884633137182
0.012841579866752944,-0.060425636011511227,0.2326991892772044,3.9746422980145926e-05,-9528.8964078575755,-79096.357829569519,-30.485148676662593,-182.24503557201962
0.075673597132123072,0.10594766821970608,0.22703981511984092,2.5010410552933046e-05,-46635.355717780491,1448.7728220427825,-77.721052639500982,8.0001442452262292
-0.07515253388408269,-0.10572535877562948,0.22711695750677266,3.8085572216699532e-05,-46864.739645953174,924.67915958160893,-78.584497719597437,8.4783072889970352
0.15455096385565395,0.094610587101089105,0.21277313049277022,3.9612458159100258e-05,-22870.729108741129,37071.767862391003,-43.907211483616457,66.531424860227901
0.19299557511567458,0.12462720663986884,0.19448085005219767,3.4534201151880903e-05,17787.123586604786,4482.2478027407642,33.663249686754426,-2.7348567781475346
-0.19402195956927565,-0.1250611157761331,0.19393763573079961,3.1186125605572543e-05,17327.237945042467,3238.6138888010237,33.393994159389663,-2.7392672453396556
0.005102777157518789,0.044732559070523911,0.23283331971211421,3.5616052502273111e-05,6225.2770759987825,-84889.567909298537,6.8191070871130455,-198.79857276236379
-0.030264081746760874,-0.076291176647282105,0.23193964864001018,2.6784875061080108e-05,-29522.323002437373,-63853.231150220483,-71.921302379594636,-134.9833885991458
0.031334885517106288,-0.1213805954236036,0.23184734684040967,8.8814565467988234e-06,-31282.996990197866,19757.089353213218,-24.871963170698848,22.25107584683537
-0.017186983319305817,-0.075300514742044411,0.2325551639042947,3.9968719147951131e-05,-25975.148913352765,-66833.49505679353,-64.37802245110376,-147.13150291984996
0.19373250672872586,0.12001647908656449,0.19535471707852217,3.1906954212905647e-05,18291.05644460785,8503.4451734440809,37.233686161550978,5.6396029531102441
0.163361314022755,0.10990845505966781,0.20831343176361902,3.2450180250189052e-05,902.07949695001855,36202.109289748696,3.6206347128313201,58.762755491083347
0.069264190121315183,0.042341297560085998,0.22792513068715947,2.2585710249093745e-05,-15823.620783097298,-75461.319031938066,-39.238124120563519,-175.24961836861897
0.12008153173027124,0.1299709755633984,0.21785739017697878,2.2132413244015563e-05,7381.5480424935295,25138.102392220098,13.252233558292307,27.897412463618366
0.17579722207146775,0.10941329536226621,0.20437105445685641,3.2610796011537692e-05,8880.0045394522622,32373.651298273497,19.283101977687949,52.147537083999779
0.072210063787846682,0.10226248161428529,0.22754209562692942,1.5753632263475374e-05,-49216.538503672047,-7024.0409168435663,-84.649565343797917,-5.3180615181266084
0.035261298344443796,-0.095056421057235163,0.23162400835801658,1.854865730070454e-05,-45761.785206394416,-34331.096799343635,-89.427955374391559,-62.439254085727114
0.19494629217753656,-0.12551683260431126,0.19342629580693088,1.3064286032723398e-05,16858.787956451091,1901.2303492490919,33.241350046882069,-5.06965117562671
-0.025911276937197133,-0.091109211684340247,0.23218744116120041,3.0796908965897987e-05,-42429.910686568968,-43362.9205469277,-94.09974554086773,-86.296363057477208
0.02821264120443466,-0.10160086334786944,0.23206624065058926,2.4167689293210408e-05,-47568.751138748907,-22378.437243066732,-89.130787485681154,-33.8342717080425
-0.027966874959315859,0.10184475971289561,0.23207918384034129,2.3945462280244644e-05,-47407.465637886991,-21993.552597278293,-87.920108490649284,-34.720211719061226
0.065357448898147472,0.08651628988721359,0.22849743146090462,4.3598700735065654e-05,-47296.352916776923,-38292.911308789517,-101.03576002201518,-75.140108658242269
0.10485146770040521,0.038658424890446658,0.22272008888759059,1.4856464791531426e-05,-41189.027057775871,-55738.393217310484,-99.185871702910248,-118.11144544163372
0.036656740284548156,-0.1168662966169285,0.23147635136972089,2.4751157666403442e-05,-38472.2621796534,12662.972634690937,-45.620373068897933,21.171852032565926
-0.036060312634503537,0.11452380952380953,0.23150900280778186,4.008025600161829e-05,-41522.013207201431,8015.1486824340882,-55.090895561202863,16.651685797997441
0.0089689668765687361,-0.03968488485889933,0.23279378485928987,3.1403901220932277e-05,9770.7804756354381,-85546.772389768565,14.009050295130736,-200.62564374158788
0.058086325834005262,0.080559767467585322,0.22940631219108837,3.4610545376159437e-05,-41496.808829499838,-50189.361116103762,-90.525795115312334,-105.97233751166436
-0.023874914828436809,-0.10375460390878068,0.23229376286770012,3.7237133095922612e-05,-47315.200923851109,-18252.290331735323,-87.607945491068591,-27.707254832077894
0.022209301841336765,0.10063028067198132,0.23238076240120714,2.9120564367265661e-05,-46958.573016704817,-25692.417720828689,-88.852833080729141,-38.980915644808178
0.01822930615279417,0.064321777624857565,0.23250197643386195,1.9003233718182859e-05,-13612.043550616674,-76475.214891353477,-36.713094958919228,-157.66669532109651
0.055318728471138459,0.074250620754285748,0.22974336919868321,4.2865314131957131e-05,-35670.637463383056,-58905.325405517637,-80.899510997258815,-128.52983491596979
-0.0020656023585188619,0.0082555869847939171,0.23283892579918986,3.2513944321463729e-05,24557.218098112575,-85687.848473391627,49.1700962946598,-205.31252522242926
-0.02793604626032517,-0.1079479217849493,0.23208080742254092,3.7703884016763866e-05,-46575.797358652992,-8144.7134122095495,-79.171701032649423,-8.7334946948006493
0.027877335357196571,0.10907941408156664,0.23208389941086235,2.9653134576423226e-05,-46214.549095352639,-5412.90231347792,-73.612795948898494,-0.088740982631796916
0.015692769700706908,-0.053891368201266443,0.23260637466804049,4.312502688517958e-05,-3186.1155106497295,-81900.953915358928,-16.110027295310239,-188.20202122170949
-0.17134904670513018,-0.084818892796158701,0.20947372810862069,2.089343369322474e-05,-14550.847881865344,41756.153407202764,-23.640267984073663,71.376702742873903
0.067620102423126716,0.046358826648651506,0.22822462221079698,2.410046869077917e-05,-18034.45712959905,-74866.460919241843,-50.628344745953541,-166.64587146071167
-0.19977357740304424,-0.12206650876101985,0.19233474150997382,1.2362483012060208e-05,16188.18885155048,290.04038158902398,43.786633488483474,-9.0573382830932339
0.070356779420983784,0.12919423361795568,0.22778534604584222,1.0463567404585759e-05,-9855.5455789705047,29551.482410006971,-3.5200260727555324,23.293197245512665
-0.04028172661398749,0.10817818078192783,0.23121135145628327,3.8469442583260534e-05,-46883.410862541976,-4925.9309494938243,-76.666341737490498,-2.7635233859817432
-0.1798186985601779,0.11565205931710783,0.2017632716194788,3.2721895674747702e-05,15078.03064472975,24907.275644931884,30.696643719849448,34.467520136548131
-0.032564652500576746,-0.11325921036046672,0.23176922291410371,3.9350413888470305e-05,-42938.826540065507,4610.548764809002,-60.105566974329591,12.819471355364636
0.027262878108555121,0.030796981487424671,0.23210275484094503,4.276587903813389e-05,11886.916090110215,-85256.955890057317,20.409531106149515,-202.21653436762918
0.042556336408546676,0.098169005240846541,0.2310140967964823,2.348014979643378e-05,-47979.231499766269,-25976.751888678416,-90.588926150857461,-46.172597585652611
0.050010426669521546,0.068179405693273409,0.23031195106548311,4.2741797813436988e-05,-28057.734055768142,-67016.904350866258,-68.464738679802494,-147.35955460181896
-0.050111766633414226,-0.036798659200284044,0.23030960860469432,3.0920926278086651e-05,-1065.2504356641568,-82027.109510563256,-12.386101051357956,-191.87608401018227
0.035051694158901185,0.11999016334629148,0.23159372088377339,1.5310337741141712e-05,-33468.906298484559,18215.567291764513,-27.91015835575832,22.98409781485341
-0.037078601045686513,-0.12184379165953982,0.23145192931085087,1.5768361605868443e-05,-29998.517926482884,21261.093646445504,-23.480053805511357,22.611210486714398
-0.020184977371651085,0.057310028075118258,0.23245030799237407,3.266410874519219e-05,-7602.1567395059728,-80125.366553650427,-25.81631632003868,-182.12059553314265
0.17475890702492433,0.11466874086265876,0.20372890475674341,3.6967827558217998e-05,12325.979289805644,28893.568900377562,27.411449521787453,41.50414933297877
-0.11418515433301837,-0.04632307915407053,0.22133825497698531,2.6437512883281382e-05,-50370.358568512893,-41834.463469996532,-113.89179116795084,-84.118602150174922
-0.086994019599163169,-0.12948383515840972,0.2250674018489055,9.649394663034421e-06,-4945.8904809561291,28796.088061065489,1.6742246994914134,24.808391239018611
0.0797708390057974,-0.047246206558367691,0.22643322653551753,2.8845056133883836e-05,-26984.19855201121,-69187.107355557644,-71.329397006682996,-159.35321448994594
-0.0078108676388043766,-0.041604074774265004,0.23281413882779961,3.8960622322946369e-05,8185.6409482538256,-85315.435649873427,12.036396268471583,-200.63327714590758
-0.03053090112971012,0.033186941328730672,0.2319008910062067,2.0284862295971068e-05,9834.3949283647107,-84718.323217252386,15.575296642451626,-196.91191196691139
0.02604299686363723,0.077563438304024471,0.2321805041792678,2.6858620310901402e-05,-29806.164782311924,-63284.990185697141,-68.915635205116331,-133.53476174399955
0.045989408565913388,0.061814482405593098,0.23071546661173106,3.679595890495305e-05,-20358.859868686315,-73329.828666025816,-56.07827510809247,-163.54810821050964
0.033793328302800921,-0.076379496964817689,0.23167702897457773,2.9449522631426457e-05,-30348.694353140443,-62990.979693928864,-70.830635675292129,-136.48182885893911
0.012256722316715176,0.051046391308420036,0.23273600149451915,2.1646382448002388e-05,59.209859314840578,-83196.707176286873,-7.6276417718858314,-189.39756668495437
0.010395032445136718,-0.023595386942727243,0.23276872129588447,3.9643433630189231e-05,18921.039006498711,-86112.607478657839,37.761639875430411,-208.79434763472338
-0.13408238302910616,-0.051174925637636537,0.21839250948310382,2.1772160224312944e-05,-58135.493969248673,-11038.065781179312,-125.42031675804311,-18.467189381477578
-0.010620791511911209,-0.028894586284064095,0.23276475350729944,3.0852625219702185e-05,16543.502830033292,-86141.6607716258,29.627992369800207,-201.39558125065395
-0.037881314073700378,-0.1167427940518329,0.23139095470771412,2.5109579058085562e-05,-38521.619789135817,12698.782027220595,-40.776308260903043,20.900084309094684
0.043253563409345983,0.055214107286038705,0.23095503830210398,4.218715844130504e-05,-12735.220766859193,-77504.815687876617,-34.544975066456374,-176.18041568234906
0.045475427969113844,-0.10277252715838968,0.23076047471465624,4.1421504110685143e-05,-49008.751249709319,-15413.74207776923,-88.911216388666304,-19.459290809788474
0.091905938551398947,-0.099749368667560789,0.22463354727180013,3.7670621240146081e-05,-48556.05423635801,-1596.5915797802465,-91.433382238706798,5.1683790181428604
-0.091084329919090115,0.098960242123546469,0.22475828650306698,4.9304024951186436e-05,-48959.739788326078,-3376.8101061645093,-94.014681256122174,-0.71474434268925102
0.089384216521222554,0.055811533267989287,0.22500998494094246,3.6477590458399341e-05,-38706.799034975331,-58408.981791632148,-94.711882270233943,-126.42076633722185
0.11147532117797838,-0.11859545899382312,0.22074943190681703,4.0663390310920513e-05,-17104.828948092614,28595.804707319476,-16.96742312606542,41.874347419102875
-0.1111167406228252,0.11855053561326415,0.22082693406236509,2.943587133165975e-05,-17302.555108433393,28520.767915371078,-16.212426106485747,41.101757800161032
0.038782698658953091,0.050344829957952794,0.23134654168200441,4.3138531042089723e-05,-6737.3827280513206,-80356.95961082862,-20.371618427265926,-185.52022768153833
-0.020981457147841821,-0.059799670400788034,0.23241336164451382,3.8182990945241203e-05,-10204.085995727128,-78730.859906592334,-31.170286569700078,-179.04521142176355
-0.026176617098584667,-0.11257833953676731,0.23217346711828002,2.2980758240847741e-05,-43600.058905429702,2079.3344234446145,-58.05385394994515,11.20562255702642
0.068724895266758304,0.050551918757125336,0.22806477729133237,2.3994991718457529e-05,-21845.896820268368,-72462.044154143994,-53.760756219728577,-162.14248270004794
-0.025306087000298183,-0.06568683388075322,0.23221931326872072,4.771119216139669e-05,-17554.434450600602,-74352.570220850335,-46.136192650487395,-168.05977888078226
-0.072754792327646492,-0.088198809689501792,0.2274719384185995,4.4961957586803497e-05,-49335.57176741623,-32013.280260229603,-104.24264960176704,-61.118257240077938
0.069951655695502477,0.11532970961103133,0.22786472193994814,2.4340708772265143e-05,-36940.078019329718,16708.071093849485,-44.385206970378007,27.99341244844538
-0.0037332334713135081,0.013618583874474881,0.23285163143874088,1.5636665947674227e-05,23295.259570592625,-85574.009038185453,51.891646093685772,-198.55188660252995
-0.076406834076373956,0.10723939880411244,0.22693126083534909,1.8611735113883335e-05,-45423.801805818519,3916.9587733533772,-71.339875012266035,11.412287664454988
0.068188183200870472,-0.11945802938002394,0.22810676792993681,2.3863039779608398e-05,-30365.527884277893,22411.17333465835,-28.436788666314317,27.569366100452335
-0.086272707846814733,-0.10717965784226889,0.22547063766785272,1.4633387691572656e-05,-43598.65773583806,7896.4530270839641,-68.991248816139333,16.951109978580764
-0.17778556399939588,-0.12030366524850634,0.20151713437244401,1.5453049528872061e-05,16855.782611530707,21287.428621295487,30.46282016381388,26.786094579243418
0.014733397264762508,0.055591929784675212,0.23265994107690821,2.0626614840899102e-05,-4526.9631827663434,-81426.528493974372,-19.233440280919268,-181.85036119371793
-0.14231345549756971,-0.023289796261696385,0.21717391542640707,1.5015990250201968e-05,-59283.922161965638,-10722.521766969943,-128.69009891432754,-18.494127181544304
-0.025179640518308909,0.086192142291459536,0.23221329588457199,3.1338681033455064e-05,-38167.664042283104,-51815.366824431701,-84.354960378382643,-103.746003023928
-0.016730573887892071,0.085448739524218026,0.23258908081410951,2.0523812608107499e-05,-36233.03221583015,-54419.641278860174,-80.443421847087237,-104.92263397142534
-0.050457965770216516,0.068215408742995337,0.23025993402938519,2.6596064061446917e-05,-28276.550789033732,-66809.937136617009,-69.102501624862313,-145.8382712516927
-0.074207293603051921,0.096007372841649188,0.22725689846744671,2.2933009844287537e-05,-50517.625261045119,-17907.816418357594,-96.302424371340507,-30.949364753111585
-0.00094126307866090539,-0.071907823651765762,0.2328842022937028,1.8193654387703449e-05,-20619.755699657009,-71257.202721138776,-50.587095499482089,-154.10352412098038
0.042978155799908241,0.12347650618223094,0.23097915511528549,9.9042046092474463e-06,-26375.969887745003,24149.81996066486,-17.241166232198335,21.853509132454455
-0.00038227453125246644,0.052834320354812905,0.23289965854789299,1.8897393133090815e-05,-660.83509045267886,-82821.184173735528,-8.5831601723339137,-185.7860184423507
0.074868923534802401,-0.0557509151600857,0.22715550485958944,2.5491639364544188e-05,-29079.822782993459,-66854.789413249833,-66.161931212368359,-146.24424883638463
0.17119888046648848,-0.065470158952460861,0.21144349237538915,1.791542195843005e-05,-27004.747684359347,40488.119237435356,-46.645410942716317,67.817859670140081
0.044120910557393159,0.025524162022865039,0.23087908670012863,2.0494378642158247e-05,8978.8996874207041,-83769.537528414934,14.632830161728474,-192.9404732826124
-0.13474574844060319,0.088421067242345608,0.21770481965087912,1.845370991948694e-05,-43411.083049565503,19083.790895106031,-85.803905072716788,37.765638432985469
-0.011784327925093246,0.065892690544206503,0.23272759644694987,2.5247180099017497e-05,-14907.295273263229,-75875.242112664419,-41.928782886291636,-163.13634952247475
0.0092465789004675027,0.070790038628214119,0.23277759313000482,1.4406755812705728e-05,-19437.181038577583,-72099.807049207666,-45.632172697192438,-154.16887146264264
0.095719893579358201,0.083195030151183846,0.22407200043919315,1.2918705340445843e-05,-51855.304355658722,-24697.003084805459,-101.86535633792307,-44.529830115000451
-0.091250029014956699,-0.10407636303086734,0.22472596560502228,1.3956044185998488e-05,-45278.403012510214,4972.6314619687082,-80.998209862464165,11.841793621621891
-0.06756075341867944,0.1099265165801797,0.22819938615943058,1.6313008673612621e-05,-44188.900585410083,6225.7469222307518,-69.405169509789289,15.603554834510659
0.15154434586333426,0.11222286880969411,0.21150022608935315,2.4108111229601112e-05,-4243.5734809631094,35661.03042587798,-4.8664523257182877,59.270032279102175
0.041705796745201092,-0.070392599531321917,0.23109057268172409,2.2302603440183806e-05,-26645.868584396587,-67429.005305566665,-62.466224593687016,-142.97680174868083
0.058515446469274361,0.097611686836445,0.22932094692914465,2.3492378558629635e-05,-49645.714528603457,-21735.536216879271,-93.194727558527333,-35.496707921327435
-0.17697870565772944,-0.10065287288752314,0.20553887762659967,2.2950023107337796e-05,3333.3502232090136,37039.134705327742,12.780100640160798,61.056793418013243
-0.0045836783932329834,-0.0014842159902575321,0.23287085772211996,1.6512087400992179e-05,25176.48607181769,-85405.49103458137,53.856370317687066,-197.38047996729276
-0.00015541520884436769,-0.12436064949292013,0.23288298714513725,1.4221015237392824e-05,-26034.827928075247,22030.080622130066,-15.398100137382881,18.590136895020297
-0.066166809758224171,-0.11129411325843373,0.22837751240281318,1.5807142309108799e-05,-42866.331806108181,8423.383802001943,-61.184332061419923,16.609394973766438
-0.049060286064342283,0.10055229353041754,0.23041392597161389,2.166620294684393e-05,-49083.138654456016,-19081.827218176895,-89.481833066168321,-29.725248277139283
0.046276044063264909,-0.08870324525307155,0.23068674857295138,2.6068668476076812e-05,-44272.263754277839,-42355.717181444998,-93.497274386845078,-81.681983084348985
0.051163312699119459,0.039463853427763949,0.23020853978991276,2.8407218127087574e-05,-3629.4166573104922,-81048.997529411412,-12.641312502991758,-189.16871071617416
-0.063470023628480948,-0.12980292784689113,0.22873934027602627,1.5238296489113797e-05,-10017.239570361864,29743.9151570584,-2.2024307632824831,20.143074801161038
-0.15194439221942085,-0.11153769910006554,0.21148097636135907,2.2465694392912822e-05,-5002.2129555903775,35864.036369523747,-6.9738244764776374,58.730984161748935
0.022331919447443012,-0.073794383552079096,0.23235048448575352,2.5038062653894476e-05,-25088.660548752858,-67932.386997989248,-62.115867235309565,-148.37122615062756
-0.12582708193345271,0.09145681384610517,0.21929635286544444,2.6867262859127269e-05,-45247.395699095025,13572.95989039475,-88.908795218372703,29.578187898012828
-0.11238153864685721,-0.10764606496453936,0.2211805668390659,2.8991048223211381e-05,-34304.589435398484,20542.130588701049,-56.669441322380415,40.274465968801628
0.11329336659098074,-0.050748031708319125,0.2214702823946087,1.8838009249553131e-05,-50908.791028596839,-39850.932825633987,-112.70784622454202,-81.553740427439337
-0.069824950629318913,-0.08270882098980091,0.22787091931785189,2.8558782104340421e-05,-46129.308318997435,-42037.967370996113,-98.439723122417135,-83.7823920028722
-0.037640427373960603,0.10351259783820556,0.23144318312193848,2.0131349644312883e-05,-48237.866556323883,-15998.474488060361,-86.644865273561308,-23.566264664977847
-0.039160479748384429,-0.079452964310046323,0.23129369233438771,1.49455971417354e-05,-34556.436508968916,-58005.323870565539,-73.924446131454886,-120.35052715849547
-0.14996119660166266,0.07505059692829083,0.21534712294903519,1.3869674583245355e-05,-43376.198630441715,25850.253174518435,-85.523473736714038,44.339319721140761
-0.073293131773305348,-0.071278652442699125,0.22739000749203361,1.5903840805960734e-05,-40085.789631608786,-54441.76023405337,-87.004626245918971,-116.53276714863884
0.079034126608969746,-0.057377122799981722,0.22654229535391376,1.6131954858920219e-05,-32680.182475227844,-63815.11927693685,-74.11995417697743,-131.98963017338261
-0.019979097239801544,0.022090868642327129,0.23249526495286527,2.1730392519470622e-05,18529.028276282515,-85702.43537166543,33.599183392918285,-195.69026637305726
-0.013952751768640689,0.10190897522501562,0.23270300851870768,1.2346648925840028e-05,-46548.887991053591,-23896.69235548886,-88.097108349030677,-38.346087206362903
0.040954373319110865,-0.045342222855013048,0.23113103694583545,2.003026619719541e-05,-2945.3982132300002,-81305.630156344268,-7.6847783323191496,-186.11620158890241
0.020478699434135404,0.11478833095350716,0.23244582947832873,1.471782161343437e-05,-41211.59731277058,6240.9314398969555,-55.09442160070919,12.615473454521617
0.010050249092651401,0.10926270965544234,0.23277478097477061,1.7684106050728165e-05,-45591.456851985662,-7348.2137248690688,-78.157589524190499,-7.4064449211249048
-0.0013152689008368132,-0.087433516972851913,0.23288791862483038,2.3344573035736228e-05,-37040.342390934566,-52288.350589703703,-84.10921638333663,-103.50116465404227
-0.10432985022044038,0.078665391121199385,0.22279731332746638,2.2960917725611373e-05,-53137.256921589447,-22995.838260263979,-113.20455640643895,-40.56504963151783
-0.046191972998239031,0.11767673288575353,0.23066553511513266,2.0854806484973205e-05,-36677.123969910375,15858.666415579501,-38.500277424144194,22.7409727578308
-0.045271404145648245,-0.1035781570509204,0.23077834061329699,1.4908164667704502e-05,-48384.612498859133,-13791.42677061191,-88.405883953065825,-22.24810304025781
-0.15344585796959534,-0.10763870358957189,0.21155987134143681,1.2891924966414774e-05,-8907.9942861624113,36963.443638057557,-17.04837065600417,62.276042872420462
-0.0012728377912832039,0.080822257341872483,0.23288153079169774,2.682340355262813e-05,-30570.328631200431,-62169.243220112578,-80.02394341772947,-122.19869043730453
0.16075489744300073,0.11373853038811921,0.20851524685124267,1.737866903533947e-05,3417.8770331952887,34504.179547082138,8.1641057991218329,51.658420704631922
0.1429422827386336,0.057838506934534566,0.21705449409209976,2.0486343314892157e-05,-55608.411377458957,6876.4537404862358,-114.77950510009904,16.440011600030687
-0.034401157156561557,0.12312076507468456,0.23165389208344586,1.2956003161337858e-05,-27838.120185484964,22685.704242274103,-17.302561331157634,21.271666732701672
0.030290650490945661,0.11911646796000616,0.23192611752612075,2.3247015929539205e-05,-35220.630841763814,16019.625994850545,-34.3536775880467,23.216052725080438
0.17731800658460381,0.12619480001309424,0.20035985189101038,1.659920498040645e-05,19181.123105130835,14114.739576837615,36.300891686670617,14.816245207608937
0.0010300211469957132,0.12458480040080869,0.23288571376008216,1.6472094712105072e-05,-25661.030229032021,22441.392004080368,-13.732617036058206,20.504313233415647
0.054682990259461849,0.10868472995625933,0.2298186226422014,1.6496427047952562e-05,-46278.952477131766,-157.25875293501269,-74.840457388016077,2.2075967117481299
0.06266056385855942,0.1055089406223601,0.22884755531881434,1.6826131876073173e-05,-48012.586352889492,-4243.919817531656,-81.94884432675201,-3.0209160587296426
0.045333883130235834,0.083834692615508424,0.23075521594956186,1.8477442313608377e-05,-40532.176378690609,-50035.492744800773,-88.603277437704236,-106.90588440552905
-0.14474194944521418,-0.10685630365020755,0.21399168135474125,2.1347365868063304e-05,-16308.873208845773,34839.979216527092,-29.875328508226563,60.602496352611645
0.0070997497732593947,-0.047898781471618988,0.23280628676567033,1.3972223897498177e-05,3486.2262289229839,-83918.770377058303,5.2463915992705052,-193.07968523259746
-0.036829273229161956,0.068790506442849508,0.23148221433673841,2.7222730506919771e-05,-23362.308087376667,-69767.90330150965,-52.801190432745969,-152.24879974192365
0.05746456860703774,0.11101287812318332,0.22948226169821706,1.7501064757317365e-05,-44090.885176575117,5391.6371661521398,-67.008455810922797,11.471759621709101
0.041676448209625905,-0.11400081021346022,0.23109160815371882,2.115383827125616e-05,-41931.395298467607,7925.7126655340981,-53.455923801565604,16.376841849001906
-0.027278461564657984,0.068139379695595276,0.23210088963494657,2.0138503610587717e-05,-20428.850127071397,-72252.939981269956,-51.240985847744518,-161.54401129008377
0.0080418397218267636,0.032547663528097709,0.23281007941876866,2.1144404919692272e-05,14764.841600895335,-85834.041033903326,31.647694815636683,-199.038247041245
0.10002809402740978,-0.04099557180546877,0.22343417985370218,1.1250292726971424e-05,-37961.561472253103,-59045.158206278691,-88.539761314794632,-118.15368526698614
0.16206849114612953,-0.075298830245204951,0.21275552946908571,1.4592845701133721e-05,-31961.497224083458,36924.604448136277,-61.633671850433274,65.381478678589033
0.056992637329240425,-0.061294087652536876,0.2295384764412283,3.8281296959474299e-05,-24648.901172237151,-70304.864631881937,-60.922603126213211,-155.412163693623
0.055592980107816423,-0.11114737990479046,0.22970307835564027,3.2513483340612887e-05,-44314.434424189196,5436.1934004672803,-62.167147643837268,15.564429635268425
-0.033412831621467222,0.03691249497520404,0.2316857574314577,2.6901012105010061e-05,6473.2392762756153,-84153.638448799582,7.100309468491881,-199.38193429857725
-0.030780292141012119,-0.071139999460795564,0.23189868118625567,4.6030776339178698e-05,-24334.99896817061,-68871.90839900804,-58.281966727101555,-153.68822482949739
-0.040689682140327102,-0.10172217590518939,0.23117588873334677,3.1703265320836168e-05,-48301.536577210471,-19122.791831477007,-87.927626629163498,-29.67483840067796
0.037494103303680554,-0.072045882198211869,0.23141755377400211,3.3243524544751263e-05,-26989.014855203688,-66788.756090087641,-64.121514853623154,-144.29866884525305
-0.10162193063636073,-0.12341889693793606,0.22256978956359241,4.3680376645077311e-05,-12127.419860709773,28664.550172889642,-6.4492486518961094,32.114691436905964
-0.082028068597967935,0.08612709913077711,0.22609904814307138,3.3293293888168231e-05,-50339.365989068305,-30254.324991082012,-105.54434384765609,-55.271953254277349
-0.041266447546259549,0.079587114093117958,0.23112904548417848,3.8206082015822193e-05,-35536.594720697925,-57414.163204605749,-81.07531727118743,-118.89100998108466
-0.16408837983491728,-0.11767764871101007,0.2067723313684805,2.3543644239905023e-05,9436.8568900775208,30686.443946259056,17.772254695548344,43.782145706390317
0.034326644569587381,0.043567059116511278,0.23168421038816225,4.9028474173978496e-05,369.32639925533556,-82931.62587032422,-4.9186962422156251,-196.71531361911536
-0.065194159674766938,-0.08041240722642061,0.2285116168529637,3.1578865958122153e-05,-43623.41940990791,-47269.148877055763,-96.20634265592831,-100.37428265841652
-0.044116884940036023,-0.10774337925267798,0.23087943921421475,2.9306274501368176e-05,-46891.882377494578,-5166.0143859080754,-79.665417274830631,-7.2323920996784477
0.081089689313978239,-0.070359969781322418,0.22623797334665555,2.3763081941559657e-05,-42698.580676741069,-51136.689918946395,-93.735952173691572,-107.20109026994828
0.10823819444280505,0.068352530782220478,0.2222186906681293,3.0553034839913971e-05,-53035.216329119234,-30476.273617407129,-117.88863726665468,-58.28557141008033
-0.051359234976969551,0.090920566039143252,0.23013625584769501,2.8659514850845335e-05,-46566.366697534912,-36689.630196278034,-97.147294467456447,-72.496304389845363
-0.035541315035939172,-0.076189912944444813,0.23155292726606436,2.6904098340293474e-05,-30551.498623601197,-62971.17563942261,-73.021969060062119,-132.49395637609635
-0.097622105390154465,-0.11824158100243577,0.22352538397849464,4.1691966084131317e-05,-23719.067415897418,25825.390062858794,-25.070392025927038,36.531007132296175
-0.17557675493764216,-0.10589545104365679,0.20508091015387878,3.15085242199563e-05,6127.3685910029308,34868.66584974638,16.899676430016925,55.493059931994395
0.052319223469920635,0.12024083456244944,0.23003668459684773,1.6299655240172793e-05,-31581.107698693464,21093.586132094362,-26.457310467531229,25.280281555156993
0.068530521335593259,-0.11430748812538161,0.22803682472094222,2.8181655792400635e-05,-38864.288389395835,14700.441706952428,-46.407432157683118,26.918852109177241
-0.068828950787212406,0.11427872720123537,0.22799693357838785,2.9640883315877647e-05,-38781.020664566335,14686.564387708211,-48.269649184114101,26.072777815998116
0.057403312098497666,0.12506530354466333,0.22948974436416808,9.6417410110044318e-06,-21263.79119347778,27206.427516601332,-10.86888822149044,21.953684493696986
-0.056255521362284344,-0.12448219611999511,0.22962995043966067,2.7151058150861626e-05,-22610.644850797005,26676.120277458373,-12.317684641042229,23.165123907225198
-0.069170610578546399,-0.046417223324166389,0.2279801497036541,2.9486258501025956e-05,-18935.238754222239,-74210.303358542238,-49.456066662834097,-167.28361611777137
-0.093708497178199221,-0.11261346724903562,0.22429789917657886,3.5653426065644624e-05,-34657.213276323331,19045.646334107245,-46.841236431954393,34.830053068199376
0.092669322420759315,0.11150530305324004,0.22446973763832723,3.8559073543350874e-05,-36637.80552452206,17267.037027694623,-52.716436109513666,33.129385120381627
-0.062112865752313458,-0.073362089611813633,0.22891445828257653,3.9436791019170765e-05,-37265.078552175866,-57437.249705818045,-86.722966178680949,-121.92582367849796
-0.057676686056363988,0.11109236017201769,0.22945077543032949,2.0808244876023096e-05,-44237.739365431509,5721.653821977271,-61.020462266116425,14.328837248175192
-0.0734288648973557,-0.049988086011442855,0.22737214330315406,3.5946919634164045e-05,-24347.857842520538,-70843.825436741376,-61.52888930259261,-159.19147443438123
-0.1479113875108001,-0.013507290547544661,0.21634515262456669,3.3023532148877337e-05,-59103.188664846224,-3598.3628473361914,-120.42351006505295,-5.539362513360115
-0.053539568175248409,-0.12063591461262148,0.22990221738591601,2.4472305370852501e-05,-30710.923742460138,21732.626531033216,-26.383178694153123,24.632503005958952
-0.14743200021531006,-0.0019638868776576022,0.21641612496886062,3.3678640816570609e-05,-59473.452993265309,-5353.645061504767,-123.28017662082434,-5.1959774064424495
0.08987973488033589,-0.052657961697187949,0.22493662442447107,3.3303879925072241e-05,-37036.266891234314,-60176.803905725727,-87.350677644227218,-130.24098443302881
-0.037710814749992112,-0.083836390261090993,0.23140107452935263,3.0246489804054901e-05,-38397.233427885141,-52432.744173280145,-86.607383023971323,-107.39289174969984
0.035269600918258787,0.11594531369014748,0.23160127561352217,2.0187337977521077e-05,-39642.737872007609,10686.017588664157,-47.22215088187906,18.166475324493202
0.061375032012047845,-0.10306583346042675,0.2290045868833962,3.1061193832756974e-05,-49285.615964999357,-9752.2591982645445,-86.127267350682615,-10.348211474669942
0.089175346720778995,0.10567599965075643,0.22503816893710807,3.7703722237008936e-05,-44462.01775879199,6849.6028960904978,-74.803288632053238,18.74005658959495
0.1226975250089995,-0.12370098884751089,0.21780375573262956,3.8504129188487107e-05,-2377.3742525447128,29502.355978480304,3.9288204641831199,36.505754480004228
-0.12233057403765318,0.12380952380952381,0.21788511348489531,4.0415591244511607e-05,-2287.5014372358696,29463.79109916887,3.9593619546812255,36.535688040993684
-0.042262277154549437,-0.089761904761904765,0.23104184296761474,4.1193278142544285e-05,-44293.218148131818,-41743.730923860319,-97.275528535881662,-83.652018782667042
-0.058399866545041201,-0.068095238095238098,0.22936801225433634,4.1529235835174911e-05,-31225.624761614712,-64208.210045016473,-72.731243917737672,-140.10779752611614
0.036928526877797255,-0.091131312149220489,0.23150890725550438,2.48119254987841e-05,-43810.678441020376,-41023.537112502177,-89.88662776853343,-79.516230777055839
0.19999995572256715,0.12185051295014887,0.19230044709559047,1.5952883390825675e-05,16151.896517417463,99.085703511568056,41.898548952557874,-8.1398663566705505
-0.16546126019380469,0.09910977208951828,0.20928194292550151,1.5563370061764825e-05,-8701.4416563098275,39744.029836973161,-13.846118297322604,64.471171926872572
-0.0077281547391674895,-0.090551012061607594,0.23281559253375125,2.0972242807909563e-05,-39918.724783987003,-46942.199565620933,-87.336914946399361,-91.859262474830246
0.078180610732323255,-0.080124435795810564,0.22666865669729436,3.4742664109068723e-05,-47192.488158852088,-41158.118375067017,-102.84417806235957,-83.279135109225919
-0.14693077471248459,-0.023709955146335567,0.21649033041671059,2.8863820130897711e-05,-59051.358721860815,-2936.3209951086478,-122.15681659480708,-3.6229473978142828
-0.052422741298315929,0.0021045830527198152,0.23004254877847666,3.4662354775880082e-05,10400.690384318968,-83244.892765025914,17.247047344322251,-204.57379972474109
0.058826863013610023,0.08983165682020583,0.22931585335705801,2.1357701531524274e-05,-47394.118464801395,-35894.416823571584,-98.921884745700964,-69.226909805264285
-0.14701967053964313,0.0095847187593578916,0.21647716956470067,3.7046256352245926e-05,-59418.519594224592,-5565.0509193483786,-122.26954764458138,-6.5229795954845571
-0.045666732094132335,0.10455097429631964,0.23074372265085763,3.1480941896057978e-05,-48624.911212952407,-11453.48442910427,-85.144246676236534,-11.341787957711896
0.03885798371970775,0.055612212758482105,0.23133104038783969,1.7068358730189396e-05,-11249.862910679703,-78301.206646524617,-33.144845746940177,-167.71650693711496
-0.055539505440224082,0.083096552377277755,0.22969111308496276,3.0292321897260177e-05,-42684.420240569554,-47832.512218789176,-94.421566015793815,-95.09372176582589
0.092015988352431161,-0.067641953343832967,0.22462035630817551,1.4095536026496056e-05,-46275.804953418941,-46157.478728592905,-102.10799822009763,-99.616782877576867
-0.029732296479652379,0.12870030088885986,0.23178035444604936,6.7299098928625909e-06,-16397.505861123464,27676.981475975685,-8.5214735889840902,24.645633208851685
0.051154354299689321,-0.11345401491365904,0.23016171344341374,2.6701765639396356e-05,-42143.660802058817,8882.4175491062233,-56.679512260438671,18.511077212670525
0.038042150021783801,-0.051428614094171196,0.23138500248065705,1.340643853382632e-05,-7086.1705690603185,-80257.849664711655,-27.202470604990324,-177.41683979415203
-0.037103986022243379,-0.087997465255231014,0.23147319254711146,1.6131359812997172e-05,-41741.189871534742,-45952.192318019748,-88.237919568500828,-97.741165555854209
-0.053527203818029112,-0.061927701968062805,0.22995314559723065,4.1744688453154923e-05,-23730.433240177103,-70840.108194731336,-59.680100528438999,-160.09294581027535
0.18661427553257137,-0.12059290933655033,0.19809312633127213,1.3460979913869969e-05,18321.435842166746,14487.7610292023,35.51596778234358,17.62347157012853
0.077534387184365242,0.086663594696152937,0.2267643288199559,4.6015407902090928e-05,-49772.097995307558,-31823.66803956261,-106.23359948409745,-60.836029884684791
0.034031242199047705,-0.051941236274174268,0.23166675005328452,2.9186153074899803e-05,-5959.6174505244426,-80437.295222870947,-16.465267349195347,-184.21922619802729
-0.052097519642877982,-0.0083316207429541909,0.23007844555106463,3.2817190667397406e-05,10097.318777862216,-83196.253373779618,17.791820270055368,-200.67611249400562
0.022454222246185023,-0.026746240281710125,0.2323637397990059,4.219003740635365e-05,15423.456387400436,-85467.232293963272,30.752828870947152,-203.64179848357594
-0.022810307563588553,0.026484128602275701,0.23234520727302035,2.835708509740045e-05,15623.265471129225,-85530.851446847606,29.894804666533613,-203.68371932833904
-0.10316822869462385,0.10489143109610438,0.22285394918938423,3.8606294729180429e-05,-41279.542031292076,12493.502064914306,-70.433703389954431,28.106770839766622
0.1024441314166277,-0.10447961004978433,0.22297404651954725,3.6980374330923546e-05,-41933.577635677248,11671.206061408746,-71.41303430591411,26.977755623111037
0.071899505093223987,-0.10961604461147811,0.22758717158208125,2.431042464982925e-05,-43935.029016656765,6918.2427008348259,-69.321842237320752,16.395378764698059
-0.072384810911662878,0.10906153164072634,0.22751559627660023,3.2246947427515099e-05,-44401.798358644373,6055.8486896378599,-68.033538310236281,15.617167171652468
-0.013382585626170701,0.095716421599214854,0.2326795253042841,1.0898237264830929e-05,-43855.234651387276,-37012.529136388432,-85.962284797984623,-66.948028949730116
-0.18565105386336714,-0.11289697037604897,0.20017605287550194,3.4429181671664568e-05,15936.43759676773,22812.401836485307,33.588082068003892,33.563410350709773
0.034451487477088365,0.06621098132273491,0.23164270446301316,2.5786691651840002e-05,-20573.600250017182,-72726.204005457068,-57.760674394269692,-163.80519785309633
0.098923431238600534,-0.059476693247712244,0.22359772300245404,2.8994054606895358e-05,-46133.5885895479,-48164.399227719492,-105.59267367117501,-96.099483438727674
-0.050126092968495864,-0.055467514206516078,0.23031905587607748,3.729665796742872e-05,-16215.761749883181,-75707.642935506985,-41.56998486142831,-171.16180524632296
0.13279591075142194,0.13,0.21445299723618708,1.3364358702135675e-05,12116.350581664907,23275.083601802897,20.926474613722643,27.392843520127869
-0.13339512024570349,0.13,0.21428236688620891,2.118572445093562e-05,12322.966657525691,23222.915139736928,20.146805746101922,28.006919077287975
0.13295161576954073,-0.12953843722778274,0.21446142825461123,1.657625917457097e-05,11477.908843308493,23931.735577617193,22.102803894838679,29.192657441193102
0.04296222426599533,0.079502417448933035,0.23098055020319852,4.0898430504524377e-05,-36126.88645206501,-56731.843803680196,-81.316990383726448,-122.29547020791993
-0.066510919109287817,0.087766471574952182,0.22829758026642163,4.0996578579786009e-05,-47996.494139244707,-35790.880323819518,-103.52392051650685,-71.89896790591996
-0.14815332482727669,0.02020430405457551,0.21630933428168597,3.3969032406646688e-05,-59058.991841645795,-1887.1788291478383,-118.80156460397883,0.46258851549131147
0.14644444935781631,-0.093342968916631922,0.21484357187543998,2.7426207395482943e-05,-30895.34216961074,31879.528478983546,-63.221615544450387,59.886823134518515
-0.14722505210802411,-0.034413903094775572,0.21644676322827938,3.2652754156973624e-05,-58405.621187935678,1139.7248172716406,-119.34409928706917,4.4303958780681558
-0.074288356197795835,0.10289832243089528,0.22724489731005754,3.6787270749499445e-05,-48714.792935901169,-5035.3613849819158,-86.910714449011479,-3.8853188690441884
0.069245202637137779,0.073745940997750378,0.22798008178688201,4.1092379902054902e-05,-40507.324968352143,-53650.434545264834,-90.789306296757943,-115.84800192534621
-0.056220178241116206,-0.10175253640837886,0.22962602751874142,3.434080914839244e-05,-49484.794922651512,-14159.573891392331,-89.323632414635426,-17.237819401523005
0.097812565820404623,0.098496873224811515,0.22374277535488693,3.4972482020287783e-05,-48041.440931576275,-150.2481183256084,-91.642594419088283,3.6210353710993588
-0.064948057881910465,-0.11665099682235151,0.22853183907899677,3.4315093094325196e-05,-35862.689108757331,17676.025823378546,-39.404732996331497,27.110681456408464
0.06477566071496528,0.11666886392745046,0.22855388171060373,2.8043097361030265e-05,-35856.819802662052,17780.809252196599,-38.729415214548823,27.31568808969196
-0.068945212247091853,-0.12030238390913012,0.2279835856976786,2.6160915747432335e-05,-28623.985561516638,23543.218373847896,-24.224725214063078,27.123763482180923
0.067822736808613976,0.12059098962501656,0.22814070523049138,2.5375839440069675e-05,-28283.514437248803,23740.405019584348,-25.426166385062551,26.521197290766889
0.11535693384911297,0.12398550490002216,0.21958095332287533,4.1473750859710861e-05,-5164.119668299717,29170.448369548227,-0.0044427352093261577,35.256461204205308
-0.04657891513292263,-0.050664744073536508,0.23065133137711416,3.1678389099048138e-05,-10057.242026449365,-78814.382361287557,-27.022096436757458,-177.30136295387496
0.053141392900364549,-0.071545981044104756,0.22995203310378229,3.6201033929467425e-05,-32135.673119493324,-62850.979113136833,-74.549741619218551,-137.17606162468076
0.097299110815223203,-0.11925389938164728,0.22348326382480571,4.1247142989151918e-05,-21960.258306643187,26593.01337775349,-22.118197601691563,36.629728081449343
-0.096062906030633818,0.11915695431419349,0.22370592706190093,2.2469596664184167e-05,-22581.059739071316,26179.706961514938,-22.74648637771833,34.585357371230131
0.065129571709212811,0.067739024829920017,0.22854092940094606,4.2908611839162373e-05,-34337.668792627068,-61867.4590357993,-82.490303159617852,-134.33040325186681
0.10711560077144903,0.1115683627096648,0.22201725022636562,4.1897133614629901e-05,-31015.692655611005,22417.464893383971,-44.260718580494867,41.082165734530548
0.078460956351871877,-0.10381142458851943,0.22662715208084103,1.9001702103031736e-05,-47757.104039045029,-1489.02667414194,-82.144187353256356,3.4561261387706614
0.074718362874093378,-0.088978872097237538,0.227181235669113,3.7479645273793618e-05,-49916.253202940505,-29740.377315277976,-104.21526393885476,-56.69028815391929
0.052791416438549912,-0.025851955808423987,0.23000185576973467,2.7984369463751383e-05,3925.4798314478708,-82589.71261461539,1.5530806421640437,-199.25456992478624
-0.069830289474470952,0.082008361783703868,0.22785539001077057,3.978723710129448e-05,-45857.340224897729,-42776.160522080849,-101.02930127499002,-90.024014398607775
-0.040767068389776076,0.052335801000717497,0.23117277497243863,2.9317800688932315e-05,-9129.7081010417623,-79339.739309017896,-26.874370475246959,-180.03748891297982
-0.085286010485559102,-0.085161884605263916,0.22561671626754809,3.1839480845443925e-05,-50767.356802357659,-29521.98425314487,-108.75295151281588,-52.603950811756825
-0.10129601331837726,-0.10274427125333391,0.22319513711113106,4.0156611082362961e-05,-44130.07077467451,8538.5799684588965,-75.719061050264017,23.604033232393359
0.10312427046169412,0.10591881823271276,0.2228745974791399,3.3404741848194339e-05,-40165.128126403513,14015.982028326758,-66.23385329892929,29.944719468064694
0.049842586953270131,-0.049032211079866522,0.23028963575392522,4.3923536057378438e-05,-10456.544955846268,-78524.805327475828,-28.184339517061499,-183.66916803833701
-0.1476276782406245,0.029750818801709985,0.21638715522286606,2.635021376731666e-05,-58672.70729986205,10.356853308063746,-120.71087703496363,3.8129244926474519
0.068333198173110801,-0.068861627199390499,0.22805937209543833,3.498690982166406e-05,-35868.443694532689,-59519.17107090928,-81.218557294879943,-127.57963618984063
0.03675489197878419,-0.04732903701882539,0.23147025727210441,2.1996085375803951e-05,-2990.3879397581009,-81698.690158526821,-15.086457703932496,-188.13478384402043
-0.10070195919487696,0.065342160049363232,0.22333441544374996,1.473651566471208e-05,-49241.08314360919,-41101.768576724658,-108.14585332369485,-84.673655021967463
-0.17563377069968136,0.10256612348015134,0.20564849754584588,3.9981013524691494e-05,3518.2509813276711,36616.692743475505,10.001725430038352,61.514715925033009
0.065368277004320713,-0.076876806041958221,0.22846410484124771,2.9337051653684009e-05,-41076.222922533605,-52061.899165494026,-92.884627102292143,-107.28438721254713
0.099020702963154267,-0.11366773221588092,0.22332460774652052,3.0862455053591851e-05,-31026.815336290427,21949.05283012092,-41.248431512897866,38.869570710409768
-0.099258688077104071,0.11492837031839864,0.22324457499897424,3.7883471192406304e-05,-29013.393061037237,23288.930607695242,-34.00218307651577,39.231473891930314
0.087058047441835651,-0.087030316729449386,0.2253543696886012,3.7585120566909511e-05,-51432.531293739034,-25508.147503442578,-108.52305630763367,-43.987045107193588
0.13779204069704581,-0.087164385298862293,0.21715269897073283,3.8940334412550213e-05,-42621.136183753886,21195.835097570376,-84.965942782203882,41.754935847822637
0.06077914328247775,0.06297227414440483,0.22907692571433638,3.6098214071490907e-05,-27790.506769543772,-67618.068829606738,-65.281826599971751,-149.22521172706388
-0.044780019349057398,0.032791174606066169,0.23082137005378278,3.5535244274026385e-05,3975.2215841672896,-83420.154555555942,-0.28557069703837878,-197.68164873326918
-0.080685991879845279,-0.080476190476190479,0.22629773995614938,3.2529133785296643e-05,-48081.059966383677,-39106.492920978679,-105.99076948686805,-76.811106296310058
0.065010265857908256,0.058704124747052132,0.22855493505759819,1.6807983081709632e-05,-26347.996128565996,-69040.640137996859,-60.397554401637613,-151.84112040264054
-0.058189586216900381,-0.091089624483284573,0.22939369862610406,2.6029859447650666e-05,-47729.094762696157,-33826.561325490729,-97.387484182464831,-67.227984240875415
0.022970749597770512,0.025106255424116677,0.23234226170505451,4.3285478066269937e-05,15799.170313987466,-85649.988829223206,31.737632932194508,-206.56651671463732
-0.036878363175221869,-0.036576496685706082,0.23151329997597417,3.7706294655786838e-05,4799.2833917883545,-84044.62874826444,1.3159107870106024,-199.82645985378375
-0.14682912157121922,0.12138936705450025,0.21152512385646915,2.8292982830398622e-05,5543.7079493085894,30794.542449105593,13.998554292957065,42.102580429019334
-0.14993925631279603,-0.11474315468667465,0.21160941879418133,1.0754733763605717e-05,-2012.7082401419316,34527.030058416101,-3.957284199982757,54.692734542553652
-0.04890804336757585,-0.076342825345255064,0.23040760636046834,3.0984752627429739e-05,-35133.838175178993,-59019.85821681848,-83.924636193644076,-124.41135660879934
-0.051676383116350012,0.01209969856105295,0.23012492905506407,3.7359106307421883e-05,9381.8995303742486,-83202.248242787638,16.844519508772976,-203.28218665140193
-0.044749694833576298,-0.070589160205759394,0.23081833836054522,3.1264597376117442e-05,-28150.673503516045,-66253.731446022939,-67.215558547584877,-145.52307913015539
-0.14749411769347867,-0.045440029031542685,0.21640520552750064,2.8136957915059651e-05,-56770.615784346381,6403.0789957414736,-112.99052390417756,12.871303160265319
-0.076231427578995425,-0.074285714285714288,0.22695722942158503,2.9579866427048301e-05,-43332.103293330991,-49733.290126468448,-99.051469202086466,-100.49859745614425
0.12784130614605976,0.077051698368578725,0.21924952872947157,1.6469114215511243e-05,-53017.323272666523,1317.1440294570018,-106.52431166570639,4.1224996622998997
-0.04265395437285243,-0.066077674090747107,0.23100754469125062,3.5019919304312611e-05,-22969.28161779782,-70929.346140072157,-58.304254197034901,-150.77628434658902
0.20000000000000001,0.086708845558161801,0.20041805281859501,7.8448543069708921e-06,19735.892548987849,19963.111706293083,55.734195370934231,34.782939980642922
0.09832415376897341,-0.064375682816277952,0.22368644485074266,3.0120354688578068e-05,-48015.272612364424,-44297.604120751588,-111.04595150200633,-88.016283281874706
0.16020364603059292,0.12690476190476097,0.20640815034732551,1.1133976842647007e-05,17106.195279613006,21289.049520642126,30.658817373169772,25.327787353645601
0.096989500811027196,0.092867899928340714,0.22388403759075767,3.1498913607311828e-05,-51021.195256571416,-9324.3955581702921,-103.52134644136279,-11.550576786354567
0.14618230217157144,-0.12524620551514185,0.2111569627151845,3.4174362255282156e-05,10684.245530551259,27072.06554925493,21.438602438641787,32.824738190806201
0.041342315850737589,0.027892936575734162,0.23112240187062968,1.2070164786062645e-05,8744.2296888883629,-84085.019935658536,11.185503854328667,-199.78557908492624
0.032377358980619525,0.01980118155778544,0.23179817496650679,3.5127053136635226e-05,15579.797405392545,-84948.253711091558,31.374890964710421,-206.18059581595995
-0.080913411819055467,0.090699283642855288,0.22626407088236128,2.3389010356299147e-05,-50810.237460783217,-23580.101970658812,-102.40149657601758,-44.569141265294725
-0.0053315459677559345,-0.077386686319982884,0.23284341343630727,1.9223280093010108e-05,-26711.488784553916,-65659.899051473578,-63.888296531838975,-141.29388964938803
-0.053121927034156718,0.058029908903717627,0.22994513353758103,3.8521444368794026e-05,-19643.492628243803,-73553.944192157025,-48.78360038496583,-165.83024208192691
-0.059946813055894166,-0.052984154035799029,0.22917864127778273,1.3158128773499127e-05,-18347.792798665672,-74373.096486087466,-41.310140782700486,-156.01504574827902
-0.05470688555376494,0.1153465438843209,0.22977067614827404,1.9755214109487271e-05,-39274.016669845558,13361.52382217599,-47.419929568832735,23.021071223826883
0.032624862110732192,-0.072254156758332772,0.23178723324708458,1.3929991401291883e-05,-25859.339663107363,-67686.74897297447,-63.699080714627968,-143.80398607936399
0.11796455305073486,-0.073545657969368836,0.2207780062685992,3.6329344615787781e-05,-55148.768916134431,-14075.620741209828,-117.87695636105438,-18.166244268924885
-0.13267027593468994,-0.099450697080006575,0.2175163735262208,1.1804176176966064e-05,-33800.656855205467,25756.962167004247,-60.657768941452147,48.327169842988255
0.013094153899140601,-0.12891600714911106,0.23272128336372178,2.3300422301874126e-06,-16496.096389289931,26752.302292626107,-7.2876795959803005,25.486663057881419
-0.12503925834855134,0.11902219093320932,0.21765728802752007,2.7054162580658953e-05,-9571.0496634881274,30868.338928860743,-6.8323794726218967,44.342279368750376
0.12446968661581444,-0.11872355886649763,0.21782182339008571,3.1653943765743727e-05,-10465.695016831431,30729.551163786939,-9.4855236861836563,45.285285301639959
-0.07296644234126852,0.077186081522134561,0.22743170880603947,3.1927752317133843e-05,-43887.038142070225,-47772.042175226037,-95.912640616485803,-99.455322453521148
-0.030317450611199705,-0.04689542513695337,0.23194931240291161,2.3219520634484651e-05,-14.771315779922139,-82684.513516272636,-6.9709236906578571,-188.19017683338561
-0.14757165998023666,0.040662984325003107,0.21639544861591253,2.786308821212563e-05,-57734.293050676511,4254.1517035747811,-114.5274138891893,12.192943274839514
-0.025530716971111592,-0.041350040378864722,0.23220748321315382,4.0227763236786001e-05,5366.9034707537321,-84427.470168611253,4.7623479255469325,-199.40594050543086
0.010592764271232642,0.084348013009024989,0.23274287147967349,2.912438114949315e-05,-34573.438475803778,-56606.862503691518,-80.740064137647948,-111.64013208568602
0.11358854150686988,-0.11341568705463112,0.22061130774344653,3.6448010619761459e-05,-25066.025310693138,26235.553887204533,-36.275733468025614,45.746348532363442
-0.11135737796684862,0.11412806801214247,0.22101126279532293,2.8170482399929132e-05,-24991.61698769034,26122.7260918918,-33.099383227210247,44.690942535372983
-0.12869425740776913,-0.11494645646113806,0.21717756700949362,1.6032638892595931e-05,-14585.10782722232,31280.552019592782,-20.180374439925881,52.513146397523762
-0.064827631860958315,0.062847767212411615,0.2285400768767625,3.7347287632584343e-05,-29815.107838505406,-65998.960229489894,-69.334707417836171,-149.82727078745697
-0.024666220384038429,-0.045864889742609535,0.2322530116109249,2.4530233359638864e-05,2222.9372414301156,-83607.573033533787,-3.4430036477330419,-191.51846877422153
-0.083915340086126972,0.080443394093340684,0.2258196413187899,4.1714935982244415e-05,-49063.932557038475,-36883.298675640406,-109.53794896812356,-76.471230613291297
-0.015224439643739259,-0.08668774594679679,0.23267832137802241,6.7901595179469043e-06,-36823.529644405724,-52619.821225009684,-76.197629922753165,-102.41897329653796
-0.18489166477750021,-0.11886314513744707,0.19912690392150836,2.665425075202199e-05,17785.731949877671,17724.507841606523,35.895171364881847,23.136125958281617
0.039860562216076749,0.11429938839659569,0.23125017473676882,1.7335242057465844e-05,-41630.985900363434,8190.8326682399602,-50.115765000409063,17.665228583859523
-0.0046240642810559205,-0.10495244577826358,0.23287014792708496,1.6580304908706004e-05,-46766.498941008293,-17763.958630975354,-81.859954518770252,-18.852680050114653
0.050732425814453273,0.032011403438703456,0.23023207572195689,3.8405860048927017e-05,1662.2218343388467,-82360.578365521113,-3.2097026482021063,-195.97019463268404
-0.1370119626927799,-0.086452699262152516,0.21736143575219513,3.6596177334224128e-05,-43678.60133953968,19791.738728455381,-86.994030390384765,39.047710518455006
-0.0090319637256567487,-0.11126579341387088,0.23279267766930067,2.1907788534295862e-05,-44479.746221384718,-2847.5019477437577,-63.075417566905799,5.0622940019064657
-0.041918778269566324,-0.031199335432810664,0.23107192237774477,4.1551358273525602e-05,6476.2292293421078,-83852.743378958941,7.3109907653062818,-197.94766350520669
0.1893899712344087,0.11909566466248769,0.19736487443153869,1.6257749623506681e-05,18281.466626871967,13558.850785166278,35.297761169776365,17.654580849974725
0.07123919502322329,0.083393017763264077,0.22769573610660115,2.5537977002203677e-05,-47004.678899756764,-40261.093797917565,-98.554511891242498,-78.271865970122036
-0.050187564769045859,-0.072101885921910358,0.23031335721383428,1.973527740844269e-05,-31498.865661495096,-63059.931153664016,-69.547248990185992,-135.44616870280785
-0.19454669587506157,0.028869416034797132,0.20875345783395913,2.7842490438182293e-05,4179.7967523987736,37522.229503473238,17.822229368046134,49.758980602663172
0.19503934277933022,-0.029678386625217993,0.20861684224119209,3.1126883565624128e-05,5233.2326208126233,36902.328745780695,16.874821398397629,50.430086869411525
-0.13439647712600816,0.12306563528816682,0.21484167482087763,4.0343171757139825e-05,2193.772316280933,30022.891619821494,10.391345568084867,39.289544423570959
0.13440607789699885,-0.12090792484575508,0.21507607129685466,3.0779195381278794e-05,-1529.5383039120352,31200.369556634651,3.3413142145710908,45.136763865464481
0.15457633487323638,0.12633047475704717,0.2084173506999222,1.140604232599072e-05,14841.224041307083,23917.110926432273,26.013659199850011,28.485374535891442
-0.044185515184427038,0.048093394121899724,0.23087342942099964,3.8867536372960796e-05,-6887.73289426675,-80459.753176143,-25.082060939814031,-183.59802476063396
-0.19488148303485706,0.040195644226390104,0.20797362978800407,2.2963903733414435e-05,5753.8322481106979,36859.577293163798,18.965640904185207,51.62417137348708
0.19513499143664711,-0.039646223972669974,0.20795255396813944,2.4040144043430192e-05,6274.5879110913111,36612.228417936443,20.280537989434478,50.900381572999009
-0.1945858469955864,0.018497029482582757,0.20915557005047236,2.5097597118434366e-05,3686.1951348833618,37504.614961394211,16.327604873226445,46.867542014284538
0.19463483613401808,-0.017888603330079259,0.20915941349779282,2.5574783419411794e-05,3782.6222538240181,37459.847109347196,16.263377537332264,47.03503642192797
-0.12857807047432837,0.0020423852793359093,0.21920741210863076,3.0480330403786998e-05,-53143.328505011566,-36050.409616671852,-123.04417299621829,-73.717943068264631
0.1946750664557666,-0.050357156496807685,0.20714285686934564,2.8895514171127906e-05,6851.1073080117376,36441.867617799733,22.097599025863023,54.138198293698643
-0.19475186834928537,0.049516728306029073,0.20720227666907992,3.4074959177537736e-05,6860.3323323301011,36524.99651527276,23.065208955033576,52.343793919012263
0.13836302517675919,-0.0060752620107457078,0.21775876884967341,2.8303337117806801e-05,-58235.496425478741,-20588.970855563759,-126.39629905391804,-36.768814161159526
-0.19483185942118936,0.0067725610729374754,0.20933670036740487,2.5977127381471235e-05,3934.8130391740115,37110.28333009535,14.126138052800767,44.299523314151536
0.1952510676208925,-0.0075451792436633082,0.20926692080895964,2.527452801805239e-05,4871.456241237709,36789.366730150643,16.717986385630105,43.832886422645501
0.12831122553296209,0.0022435699367263301,0.21924691797628706,2.3609763696246325e-05,-52768.900057452251,-36604.818797859465,-117.635558094258,-73.383798027712885
-0.056999860182074515,-0.11486933152566869,0.22953902722389763,2.512990093367625e-05,-39706.214486000106,12955.21360325499,-46.019971903347084,22.658493026812845
0.11883575608165244,-0.00035804798101810118,0.22064974255376682,3.2388390374494797e-05,-45364.209933477934,-49104.840924503529,-106.58906533614984,-103.77626759993636
0.13782989157408793,0.0058162351339281328,0.21783769822881927,2.2804571410652919e-05,-57890.805461260505,-21604.400496801671,-124.56537850575424,-40.336572142460604
0.11555928012987898,-0.10769866085868023,0.2205324401526457,3.6946444360040702e-05,-32776.263118096933,22542.645170068216,-52.69426969052364,46.664253291187521
-0.11442793499212486,0.1094503792935633,0.22066230696140909,4.1940866838742586e-05,-30790.720635347629,23466.38649843229,-49.195364593610364,45.248256270558699
0.10957326600520276,-0.0027968268141160975,0.22202103595455025,3.0972767779873832e-05,-37110.36261181991,-59165.303431722037,-97.505978217261102,-130.12522748535807
-0.1195085046347856,0.0054017914832894679,0.22055014345636603,2.7932076188914074e-05,-46092.347158267628,-48201.355309124272,-107.37389366228837,-103.07215055262496
0.092155770237532644,0.086829255259034191,0.22459966187557626,4.1975433880344695e-05,-51787.102352277238,-22083.52762636538,-109.33869830270619,-40.203306772624735
-0.10031991261715427,0.00087796958414869657,0.22339097668662297,2.3324154895234408e-05,-27188.579607848973,-66853.80477050117,-68.771378407839165,-149.93487587920055
0.12893746947053886,-0.0087713517561405462,0.21915420379556549,2.7061147891137739e-05,-53632.400802581127,-35065.796032325445,-121.99856099306524,-70.501192022004815
-0.11032121724544938,-0.0031697472190577399,0.22191030324753597,2.9759511200173993e-05,-37714.375368562687,-58488.28678899962,-95.824171206345696,-128.60058677919707
-0.19524201027372032,0.059454335184915975,0.20601429718240147,2.7627628560259676e-05,9335.3716486184039,34829.96866913078,25.9381367354665,52.71646059458174
0.19536668101158672,-0.05985278430306399,0.2059304881526838,3.1657748667734238e-05,9603.8052541456545,34587.739038865082,26.338243138939212,52.301097057392241
-0.070389682788219277,-0.067828699479511284,0.22779653771931452,3.6864476740579229e-05,-36480.483613638629,-59464.900780640928,-87.326037378704399,-129.157642154916
-0.19475040338785521,-0.0028697239816952869,0.20941072863692825,2.5853681958303601e-05,3739.5581974174188,37263.193486969896,15.002822833542888,44.669574220565863
0.19523809523809524,0.0041690673003645408,0.20933852681967063,2.8710571361058365e-05,4813.9057259184947,36726.064419788454,14.579095418230724,44.194975024217271
-0.13772039494628671,0.01055927259934022,0.21785390898876314,2.6391366684348763e-05,-58134.390848258154,-21222.438750231369,-127.04975583789508,-38.157184960378252
-0.12003384640178205,-0.0062345401116473739,0.22047236764313521,3.1871995432278225e-05,-46710.389945000294,-47535.516666823183,-111.0945490920225,-98.590989789185699
0.17194640591350249,0.069395811731108994,0.2109404332970673,1.8088571940299537e-05,-23724.53407803132,41582.864230420026,-39.373185234394683,72.075281022679505
0.18551577407933453,0.0022808586258599764,0.21077789730592933,3.1206646990085631e-05,-16228.083531030976,41458.698029927022,-13.885813020508717,65.337982092783818
-0.1860271094247177,-0.0018298049093194283,0.21070219511581373,2.9341920380284463e-05,-15218.199993143968,41326.531442937725,-14.432649425908263,64.043517596049099
0.026742854562749989,-0.043667913624785212,0.23214364642854349,2.8900521292700017e-05,3093.6741575870637,-83842.898185290542,-1.0915312137580866,-195.46114665480837
-0.17720238310521774,0.0019287749352159369,0.21200867845515012,2.6996196875601403e-05,-32327.196661904251,37606.129333656027,-49.542570222342796,67.570715136562399
0.17743141895401796,-0.0015768271530918251,0.21197477014913194,2.4877355307070291e-05,-31907.482247480737,37581.315990803305,-51.017553424811084,65.560373999573628
-0.18591799174210416,0.00943432375441711,0.21069430797209426,2.7150394980307405e-05,-15222.230934763054,41450.312990676481,-14.559306716389818,65.440661117627769
0.18603536072307805,-0.0090210599049702286,0.21067864254648039,3.3259258471043845e-05,-14937.316110687605,41464.368220012613,-14.672699065797797,65.62060736401591
-0.12902460949640004,-0.0090315101419476199,0.21914130288647718,2.3374604150962822e-05,-53592.843809534184,-35084.777489427892,-119.97824614401954,-69.421119932107828
0.099479986377669097,-0.0069048923167738989,0.223515326111005,2.9947521750088077e-05,-26873.158592047788,-67266.080694548349,-69.533067086501234,-150.30237874864872
-0.090753823074352077,0.0030119689054364397,0.22480721739004902,2.4883089552633757e-05,-17935.072650613401,-72706.347387043395,-50.455368636768661,-166.77467027551558
0.16770774558027055,-0.0045806142528098566,0.21341434082815436,2.8085614536262162e-05,-46401.211109544449,27367.597410232203,-82.945535986588638,52.952557613448512
-0.16642377846429407,0.0048184001749864459,0.21360442962916029,3.0307269685106305e-05,-48012.862820440903,25482.335423312161,-84.783251864058656,48.859692174190414
-0.10907890381465181,0.007993761109914909,0.22209422530254455,2.5201519644659427e-05,-36657.841514537417,-59433.570950234796,-92.035212475699225,-129.88466753018645
0.081239211730724112,0.0012894457876966611,0.22621583684754346,3.0208347093225641e-05,-9285.1724067333162,-76693.382170451092,-29.298041738343624,-180.70237833982009
0.19465068336259081,-0.070556811186666415,0.20474500152936093,4.2912051012714017e-05,10655.724993431091,33608.89345251846,28.58658809607693,53.786076814011118
-0.19523809523809524,0.069758937524738163,0.20467441211706014,3.3705032835067995e-05,11297.144547588254,33104.866341935704,30.734914250667661,50.81429012979882
0.090213216047738062,0.0031260832556607937,0.22488725319488057,2.5085234728003684e-05,-17702.881501319007,-73200.267025464709,-56.917085163953971,-168.8832226577492
-0.13820465768431822,-0.011453613702963493,0.21778221484480975,2.5747193881949767e-05,-58175.419292460101,-20248.972072393539,-126.38852205412746,-38.152004281553978
0.1001291845236795,0.0048872143234932374,0.22341921360496428,2.4951544164999592e-05,-27377.587441988093,-66883.484373220213,-71.168087327077657,-150.84129271950505
-0.15703209340777963,-0.0046552689941318755,0.21499485009211761,2.5415621649898086e-05,-56281.043563229388,11088.691041005352,-106.61953038953025,26.836128763664746
0.15670816899122836,0.0042737221624142641,0.21504280646357962,2.5714773800371514e-05,-56462.066548874071,10639.090291278369,-106.56534309214717,26.63170793062579
0.15736998581585407,-0.0064043058341084185,0.2149448257870395,3.3389827704078056e-05,-55972.888149589868,11859.989221133887,-107.89540082738127,27.015482522987668
-0.15686178556033981,0.0067042221193938873,0.21502006383327882,2.9468747384903433e-05,-56133.877824947827,11049.475763025152,-112.25425551603364,23.507781919419088
-0.042798981985553257,0.0042998379885326125,0.23099484495557951,2.417750059965664e-05,15499.400305623067,-84131.684764973237,27.797871183301368,-200.3038834654289
0.043238791490567093,-0.003709260603200279,0.2309563318451773,2.3450473264616286e-05,15541.844395779761,-84063.75370738926,26.586483662395235,-197.12079309670941
0.11949923607872986,-0.011756637902500956,0.2205515156478231,2.519612847817732e-05,-46601.002842540955,-47493.235946249733,-108.64993907576861,-100.37155561079307
0.16625740792972493,0.0071469055841908262,0.21362906045891089,2.8390436678728114e-05,-47969.228676289924,25553.75135333377,-86.776064296148832,50.268805790022405
-0.16712251275703158,-0.0068770688560234362,0.21350098339422524,2.9432160517686401e-05,-46965.823955514177,26735.070858199993,-86.647103849079301,52.474367645978411
0.18557618263347075,-0.021195309126637248,0.21062831721810649,2.4545703395813576e-05,-15221.936290165697,41764.562424097203,-15.514028570321356,66.945476723519675
-0.18574418786146155,0.020612839003789248,0.21060679662575271,2.6293032508466707e-05,-14912.919830110957,41681.001689592798,-17.308395797402135,67.281751962131921
-0.17580590222983108,0.012448816221671414,0.21221542469648827,3.020122411752033e-05,-34322.343761346638,36665.052969744007,-55.057184150285877,64.604047021033182
0.17586690737407379,-0.013134782132810507,0.21220639300511548,3.0391742063741866e-05,-34110.283458287602,36846.917601906971,-53.299077763838334,65.027624160280951
-0.080952380952380942,0.0055281257911755062,0.22625830157897497,2.9063492498129162e-05,-9386.6448773326356,-76760.805715503244,-30.532819023571928,-182.78089670052964
-0.17567716635854061,-0.010085910207536179,0.21223448378851295,2.7418343363605416e-05,-34714.926727470302,36623.360773690831,-51.861245277230175,66.814074813035546
0.17600411178229355,0.0093358569758823871,0.2121860801628887,2.5714931285644394e-05,-34147.034192699728,36935.907135032343,-51.31330895487568,67.46322203258697
-0.071951801109785038,-0.10143152746218774,0.22758028889584486,2.5460256269997678e-05,-49344.39276965562,-8758.9691766582637,-91.405587663733513,-12.190448631288195
0.10997188680948464,0.0089186621071899973,0.22196202093010056,2.7122701893274959e-05,-37479.882386548881,-58545.088469550792,-93.973892104093451,-124.26396723217297
-0.12856311971016235,0.013695939988911011,0.21920962553979975,2.5724802207626061e-05,-53606.207508041109,-35046.278979477785,-121.83081871416643,-69.953087302532253
0.19609481216307337,-0.077880727728907778,0.20320509907933257,3.8202686242702167e-05,14184.170271567604,29713.805465669739,35.092880927166561,48.266362022794922
-0.19497208308645886,0.079834744667622054,0.20323659448228998,3.4717220093723425e-05,13092.626354309697,30783.053950099613,35.078243392051,49.944079053742676
0.070737707975624481,-0.0029560473092998495,0.22776193241078008,3.1664906660463592e-05,-1050.8538901134834,-79889.350854090764,-12.090441836067956,-191.80066715392937
0.18522372732262268,0.013376768972126259,0.21081614127263595,2.7573813088175919e-05,-16419.420647789168,41688.381546137054,-15.942002674331938,66.986971175827222
-0.18571428571428572,-0.012476372650062541,0.21074850804961265,3.3886851856334103e-05,-15396.593978387655,41828.154417235477,-10.489176770892676,65.337593887388294
-0.013400626652138616,-0.0096211871812762403,0.23268426166818881,4.1699900495081281e-05,22778.315947649691,-85593.97460568868,51.702318421032253,-208.88711307648836
0.013783158042188081,0.0091771800315039297,0.23267504080028362,3.1474126376773057e-05,23419.247965702853,-85562.896199152776,47.61664422715868,-203.59179240109276
-0.16623858617136439,0.015097315279277048,0.21363184698314117,2.4024188126786975e-05,-47714.45349109971,26088.884015156884,-83.690555162442848,50.541289091183394
0.16692671675700668,-0.015195987038131896,0.2135299706061432,2.3028066844910253e-05,-46913.743229182728,27121.961849621639,-80.415581745274849,53.284774357767724
-0.19523809523809524,-0.015259166519337584,0.20921343658169708,2.5721607431515169e-05,4873.8196326708421,36767.829056778435,15.248448140272322,46.472249240049464
0.19478190817498894,0.015299602478296013,0.20928554897484955,2.7011840172633575e-05,3994.2934412760678,37275.886041845079,14.988213471004025,46.171281959484119
-0.078774291106335298,0.10338206040650388,0.2265807634879804,2.238928020751296e-05,-47938.932233028398,-2234.9590196593908,-84.806386900165478,-1.2976188841844269
0.090437611853192185,-0.0087067060984292871,0.22485403183813493,2.8650356312287833e-05,-18636.613517822527,-72785.957644287657,-56.600745105229684,-169.16230355668009
0.13796215303816814,-0.017560026918873303,0.21781811717973051,3.4552563231033655e-05,-58182.863571151785,-19537.72008019908,-125.79447091070016,-37.834960601555267
0.15573187147551168,0.099068072425167353,0.21194509881847765,2.3319240490619106e-05,-17173.986696712913,38062.509564926913,-29.67089368099402,67.043293565928252
0.10458059854905513,-0.099047619047619051,0.22271084668735672,3.386407012043489e-05,-46235.594923474731,5267.6554972152326,-87.020265370440399,15.267623763074695
-0.10484562159991903,0.097881541880337097,0.22267143102285389,4.2304408635241184e-05,-47086.253401498732,3902.7523286073406,-90.391751621473333,12.578215222325765
-0.071349441578794651,-0.0027767517527182636,0.22767233479022658,2.6569527573783609e-05,-1602.0702935420288,-79938.078031114637,-16.145993763532893,-193.25837636444101
-0.099557259352103911,0.01115926768628867,0.22350388599943385,2.5411336508793596e-05,-27624.742323867558,-67106.70777676483,-75.06526418130079,-148.84293889914312
0.11870746413552807,0.011702091642203273,0.22066873592354555,2.6904132978010604e-05,-46020.170922814053,-48581.549890091002,-110.70729300769675,-101.18163820581009
0.19527206450066578,-0.086039276549870841,0.20208509462652777,3.4934511482666749e-05,14795.445918584002,28153.044106605754,37.410209306753146,44.918848269938209
-0.19406887504983411,0.087170292100489058,0.2022749397912145,3.3851704639196667e-05,13617.126012830455,29479.490078420273,36.677219613512783,46.297409514412827
-0.1859874881676456,0.031651545245188699,0.21027067205470457,2.6580042945095735e-05,-13188.464320468198,42068.900358670435,-13.521849572472069,68.631119031340404
0.18571059076065308,-0.030929863096779118,0.21035218231810662,3.2804794846819974e-05,-13755.296839429304,42269.637275544817,-9.8782892294357119,68.640745206517835
0.10027334249451438,-0.094611197281097098,0.22339614991063234,2.4802689528235674e-05,-50053.213144615678,-4226.5608861908768,-96.999344641994085,0.55798996974049708
-0.080280112792867286,-0.0057913605622925673,0.22635782955504719,2.5028471667154767e-05,-8768.5083303845786,-77032.544751257941,-29.176518075859452,-180.96938363671663
0.10975841195198627,-0.014132007281726032,0.22199362546202495,2.5293689704057016e-05,-38153.902430442831,-58116.555193260196,-96.703334347909731,-124.1015112337233
0.040452386423056257,-0.038788288679972027,0.23119429710993858,4.2948174124064183e-05,1814.5591368183784,-83079.437137533954,-2.6422109620102221,-198.16533432368624
0.12823043439461884,0.013904886198463591,0.21925887894509108,2.7189649782324321e-05,-53476.301928353467,-35370.862104551197,-121.40848400314378,-71.222810615135074
-0.19464975945633711,0.12581070694659391,0.19348009278858286,3.4308877980098174e-05,16982.912148942112,1880.0811603192064,32.637387255756288,-5.4155148013889054
-0.14710547150821551,0.051412089783555263,0.21642984049812114,3.3154057908512188e-05,-55756.114019251021,9026.0361471654596,-112.18945315920284,20.065420581007533
-0.092316189105460092,0.091497735774662317,0.22457591217834211,4.2690666995386819e-05,-51522.560972023275,-14870.153983653807,-104.24062704897081,-21.945101975954511
-0.11847558859754889,0.015898718207014821,0.22070306463995004,2.7157895561301564e-05,-46358.984891772219,-48200.777911827885,-111.19064544496811,-101.28066872428491
-0.090320596890428942,-0.0076784387205874943,0.2248713556727524,2.9423325713547462e-05,-18425.051738175498,-72802.425375028062,-54.22853912864182,-170.94135692416742
0.1380952380952381,0.016651020266033358,0.2177984141993228,2.7076856082082379e-05,-58335.796140859071,-19486.056741554672,-127.1843540235444,-35.957802059052732
-0.061882204043956009,0.0011277065329498659,0.22894263430096987,3.1307730382991064e-05,5128.7394227093382,-81720.112198297531,5.725382701884131,-195.51052167207177
-0.15654142619262812,0.018151768410136444,0.21506749240628631,2.9956082662814418e-05,-55958.745074145496,11896.175379771485,-108.93413019602903,27.662945543397726
0.15788067580201082,-0.017554789799630387,0.21486921914108545,3.3163300687874326e-05,-55060.616630330842,14034.789592067496,-107.90174733206464,30.213839163133255
0.0508235003041939,0.049630500168696835,0.23018965411628584,4.5232813903280049e-05,-11434.963404008793,-78304.070552470221,-33.641223408651847,-181.41297090575662
-0.11720740411656864,0.096146666006827253,0.22061371377630012,3.2537710848787491e-05,-44853.082307484321,11117.147704088835,-85.428616418785609,27.809614950204505
-0.17536226174397657,0.023154957194999402,0.21224007353066984,2.9623908053933523e-05,-33921.59393424225,37404.716349495022,-53.182488074675256,67.682276478116194
0.1761904761904762,-0.023439203212427311,0.21210969802228455,2.6264207976806131e-05,-32574.862721627269,38094.131369793831,-48.85941484534105,69.037522668173494
0.08417696974734469,-0.092350380879656593,0.22578090756308106,2.5117367965801577e-05,-51220.884893987393,-18952.284615422024,-103.07256426790055,-30.952025218444344
-0.074181924657575962,0.072037439963850702,0.22725810870985519,3.2588932430869827e-05,-41149.39489729597,-53231.240616521085,-93.935956967503571,-112.4328302702564
-0.070710824330536173,0.0080859399305438905,0.22776586992642295,2.4890472126472636e-05,-1761.422571125182,-79865.414517377663,-12.796619528556441,-193.71300706267223
0.12877490160098831,-0.018989586133460974,0.21917827164825457,2.9874785217552823e-05,-54175.045727073521,-33580.842351073843,-121.55737348211042,-68.323114711220256
-0.10055082253757906,-0.01092914646969846,0.22335679092799429,2.7467570250443942e-05,-28667.43400589615,-66404.373016067009,-77.033018959684796,-147.80106231499514
-0.12863529704848026,0.076313866470370265,0.21914068317373678,2.4034944501915847e-05,-53216.210312647403,1599.1320141123292,-107.70035357624832,5.3994003711697873
-0.15458427010036763,-0.099746044070234283,0.21217941978419549,3.5520018255562581e-05,-17333.959218427273,37733.737915347279,-31.528962344528392,68.256240794565272
-0.15733399635312337,-0.014575985510789457,0.21495015395606673,2.6681515932734595e-05,-55641.789083828255,12618.635399539073,-108.53926865564861,27.767251447055273
0.15691609303590554,0.01479309337978787,0.21501202371855355,2.7872008139990818e-05,-55947.179618979753,12105.132953737138,-108.55659895933202,28.860512243853432
0.18616615036134584,-0.0425431247633659,0.20969656137037551,2.5373743520331145e-05,-10962.784310760015,42302.669782438024,-10.79159903819698,68.956231653944698
-0.18584825592573248,0.042246263582655139,0.20978086137901597,2.5619445200734679e-05,-11630.887796575067,42434.403213897654,-11.03659018211196,69.289782023631574
0.079824875313601967,-0.010903353619357556,0.22642522656664485,3.1110338058032778e-05,-9282.5862221508141,-77058.490496608458,-31.869278835537443,-181.43973947474487
-0.13799527650392676,0.02246504118058024,0.21781321331590656,2.8572790382882139e-05,-58560.308581373429,-18225.438931524895,-128.45228944966337,-33.388937790711815
-0.16741991473293119,-0.017907059931599002,0.21345695361782979,2.6247799051660048e-05,-45920.444076798056,28005.002858287909,-83.536582328428139,52.380408991127155
0.16741047335122727,0.018066554936856733,0.21345835139578345,2.6350317679250961e-05,-45931.388782229638,28148.958878888006,-83.863069533625549,53.762898434586319
0.023316664297817907,0.002480416533913234,0.2323240854904827,3.2934409320826155e-05,22215.055718766169,-85209.527824943245,45.603927818969474,-204.61732817495221
-0.023571946005142033,-0.0016239400460570296,0.23231064117238065,2.4885690422894403e-05,22269.224959090792,-85135.394385714942,46.640396772789515,-204.83108951822976
-0.035659617221116997,0.040769382330148936,0.23155652771809063,1.7215644972349698e-05,3331.8477591291899,-83281.155322074454,1.0819330049147848,-177.69806322914425
0.062028119260271922,-0.0051071220642412108,0.22892481032035311,2.7411446961396313e-05,4908.5392737309403,-81614.589228671597,5.384391664592151,-195.36225893729176
-0.10978578164196989,-0.013757608144667411,0.22198957343336459,2.4666696866643222e-05,-38074.439566789391,-58090.073641498187,-93.822193714419086,-127.37212476917227
0.079162219331626843,-0.074369020564242036,0.22652333147877671,3.2466888794291383e-05,-44527.77963515478,-47928.817934700717,-100.79734427455917,-96.200903919616522
0.17636761942993712,0.020841964361608466,0.21212958843039842,2.1919487655161747e-05,-32552.20040722577,37878.672007230467,-50.016651906985899,64.673738542976253
-0.17690501567039191,-0.020681706857303507,0.2120473455559328,2.3351326561246798e-05,-31638.338109156739,38197.927626967743,-49.880536003205364,64.935500946605558
0.12677494081404234,-0.11439121538784172,0.21765885608994631,2.2700785565177046e-05,-16552.685080211773,30597.235679424371,-25.079087122641919,51.067840027742214
-0.089900923771261437,0.01397094359497031,0.22493348745092981,3.3241639957300669e-05,-18978.180037213955,-72482.760054552826,-53.341389832184241,-170.02829281694136
0.16636169753613006,-0.025969331974009479,0.21360503066491729,2.6562062926641085e-05,-46318.867604555286,28147.070499715443,-80.985829830061007,57.189259949687518
-0.16487538514374031,0.027155394145146328,0.21382794087894155,3.8618193472803467e-05,-47733.564516846236,26446.971608747866,-88.126293666172188,52.478104531255902
0.18537907654378549,0.023871347560972204,0.21068779569711749,2.4686686701178451e-05,-15276.632673161497,42021.269045719644,-15.597377947700885,66.716474508520719
-0.18577977719057703,-0.023024764776685604,0.21063509849590822,2.9741564756158992e-05,-14577.865105070239,41829.735226142322,-15.803803570525307,65.768916929962657
0.01825620316424903,0.01891357902453486,0.23250853860616316,3.9494983317260589e-05,19574.912363733951,-85925.517936633812,38.801620128095259,-210.40174218194582
0.10013787826310866,-0.016248168675247456,0.22341792651397591,3.6001664835358244e-05,-29189.642885488087,-65934.177418921056,-76.942215032204174,-147.13239525354629
-0.17568192850688022,0.034034923047881346,0.21203660422219395,2.5652255307130422e-05,-31595.741601230882,38875.262391912969,-49.518244260076983,68.592482118170892
0.17620595827409877,-0.03422248777462629,0.21194063631986026,2.3682114537431326e-05,-30656.587493242954,39233.406109685922,-48.104255038273905,68.17912511447912
-0.19449336069061385,-0.027466476628196922,0.20891438036634652,3.3020596363024046e-05,4025.1797830261739,37663.539929791499,17.326448740385683,49.771155108445193
0.19393963396924635,0.026162204718538661,0.20907411106724871,3.3276570531088022e-05,2848.2593240481115,38190.1576340381,15.248879918301741,51.177321322791506
-0.1193314764052323,-0.015940941982140532,0.22057635213685423,2.2593016538095362e-05,-46907.408615201828,-47201.236668991987,-107.87400087772443,-100.41028421925002
-0.036168090431068244,-0.098569795519319908,0.23157203765057174,3.4884078028763748e-05,-47416.700669154481,-26843.671573010579,-92.682557643514372,-49.316512507188079
-0.10939171327353525,0.018556920147487849,0.22204791447865932,2.5307309619415047e-05,-38448.156386943505,-57626.946587721635,-91.810168557909876,-125.51452462408776
-0.0028852270177883183,-0.074441053175076891,0.23285251973826201,1.0421909826299997e-05,-23428.006635819722,-68971.076144756604,-61.679860367652473,-142.96117357993199
-0.14780525894704058,-0.05364868949128343,0.21633646327467235,2.5427355428674816e-05,-54910.270260436308,11365.851855663304,-107.42246877401845,26.07270523255248
-0.031051590336813078,-0.092803873688599547,0.23191329793253831,3.7567521087875528e-05,-44265.653547127811,-39221.867183251947,-93.104273910090058,-74.965067431359401
0.080212423712153591,-0.099291306439049182,0.22636785079004143,2.5588852875110802e-05,-49773.369372623325,-9058.9536404828323,-92.075421188935977,-11.879979553783565
0.062451646919208972,0.0068510109602746803,0.22887307514855865,4.0274251790483138e-05,3985.248526747856,-81780.882315821102,-0.56043753517007988,-200.58948190611173
-0.018777491830616746,-0.10003473192939114,0.23256150151841584,2.9379353051430448e-05,-46394.153401026684,-27181.595793824086,-90.464615710839638,-48.050740101129541
0.072353468502541179,0.0088794953163366854,0.22752527989104634,2.9563248959616158e-05,-2898.9830584324627,-79378.256440386103,-14.709271255813333,-189.08031453906258
0.11993896403846975,-0.022110385682165796,0.22048641479002412,2.7446137345179623e-05,-48315.577102011564,-45067.226961366359,-110.25254918473101,-93.486440551839692
0.18643777331681752,-0.05155732165482229,0.20900320585778839,2.7316793294945417e-05,-8256.9271423795963,42288.861752682395,-4.8798745621273243,68.756765565868093
-0.18555753620984219,0.052298467081839786,0.20913457925622284,3.4191101398382182e-05,-9654.9195125914794,42579.779044339724,-7.8043547221395766,70.452833570769243
-0.055250435396384544,0.05276300069802458,0.22972659478994667,2.9749732295304381e-05,-16508.647416414315,-75681.518127434305,-41.768363703212898,-177.20049435662196
0.032769838001435583,0.0046308092576704063,0.23176494577233514,2.6283615414654433e-05,19247.761279343402,-84874.271403162653,37.357707840857913,-205.30900949787613
-0.033214689545618313,-0.0038344927575151202,0.23173502352596473,2.8036467083457572e-05,19154.728260405253,-84861.075335241578,36.537189881964274,-206.98975272534753
-0.012437223006818309,-0.092460529922448492,0.23273282913653587,2.8350512871792437e-05,-41745.778300250728,-43180.830770199391,-89.87526308524258,-80.98802599746486
0.028053346734105599,-0.038296060636040449,0.23207462983582874,4.1844489923000444e-05,7042.2960259258643,-84397.615380665287,11.125447410692974,-195.10331687223726
-0.0038375878176614762,-0.036942966906610503,0.23288397050519188,4.1188326989029074e-05,11574.896178758227,-85903.948722513946,21.443165546640479,-204.08159399126032
-0.12858964179373031,-0.019033768877843485,0.2192056989975987,3.693015723376152e-05,-54207.706365295067,-33938.527767178304,-122.663905712988,-67.052618951132843
-0.12798097819422036,0.024845497511614575,0.2192958104439178,2.4474078385453459e-05,-54460.502826531039,-33338.520259017263,-123.47692561746813,-63.901312204646665
-0.047233619192375301,-0.09285714285714286,0.23060651393864362,2.9750986482061404e-05,-46873.932523808566,-34782.608361983985,-95.129230942560241,-63.275722965939813
-0.052565402511433212,-0.09901944858475098,0.23007294250771484,2.1053566705830913e-05,-49256.823342968448,-21127.91073878984,-90.928273615394687,-33.434043927892724
-0.019159939996925234,-0.03695541425612945,0.23252976170634868,3.7694094854163175e-05,9857.5034307798178,-85299.770877580013,17.037237748395217,-202.57758796792928
0.013228132593270148,-0.0029073442950170426,0.23269250785531129,4.0256803275594853e-05,23735.565411123403,-85647.536952325798,49.963726092028786,-209.80037236046786
-0.014416004428716753,0.0022799737193588006,0.23266323231620761,2.7343768553754799e-05,24017.849107184364,-85460.890095547613,50.438127961857326,-204.9387472300491
-0.016148253425991327,-0.031529046638243512,0.23265430905679443,3.1898578641474957e-05,14295.280089959195,-85876.308964568583,23.281149808851783,-199.07109949590989
-0.0015592458459615438,-0.099180095570742505,0.23292401310191779,2.7482203458327096e-05,-45431.281590855549,-30594.036937255067,-89.609684486562045,-50.852964004864269
0.081509469222548814,0.011357115256490581,0.22617582575851741,2.8451878111470574e-05,-10699.635032690554,-76422.198966485899,-34.340980913580616,-178.93635709563102
0.022681464760030006,0.043069599702673954,0.23233769117854822,1.5263180236404163e-05,4678.0931874501739,-84308.398713939314,5.2075838398425685,-197.01552355931369
-0.1380952380952381,-0.022096634221056843,0.2177984141993228,2.9918659271433768e-05,-58553.32461479176,-18246.195896502639,-125.76329319668758,-32.678495392742732
0.087218907146371982,0.080143222606954223,0.22533055472637592,4.0952089484261211e-05,-49874.034408788932,-35120.238578710814,-109.49215482987906,-67.197854064935868
-0.17584935142503255,0.045379335741617996,0.2116509497406969,2.6757481188184033e-05,-28409.018858352887,40308.758334472644,-48.780539793266321,71.14330934006459
0.17578037472634531,-0.04570128677359532,0.21165279713122098,2.9954771047783914e-05,-28271.347355981867,40534.600787442454,-46.99426638251299,74.082246545846374
0.0023615930813137721,-0.029947050262453354,0.23290991158986279,3.4823685662178553e-05,16623.787980706344,-86185.191814399674,29.558963133210501,-197.79133935218681
0.003713682102900199,-0.09252258546518867,0.23288614818818676,3.312453340267134e-05,-41447.905745979057,-43675.996437239941,-90.152020932774818,-81.614808790575438
0.070282553427409217,-0.092810014101282923,0.22783794851535252,4.0410444644933585e-05,-50417.980558773597,-25379.534858664694,-104.3595569176936,-44.995498647208933
-0.15862664290403639,0.028503497006873952,0.21475878018182437,3.3748770554003853e-05,-53411.350260014282,17604.576746969644,-102.42646200201348,35.604478771613692
0.15670217804836176,-0.029310792686276867,0.21504369341086371,2.752300541569071e-05,-54756.434570050493,14884.203776765316,-105.93240384109028,33.748394324434813
-0.1455967249170757,-0.12989645489720439,0.21060992711680904,1.3607354912284857e-05,16085.772227343257,21019.809914380348,30.165010975562598,25.651285816353763
-0.1462313192828395,0.12982816544456829,0.21038819481571075,1.193920617258728e-05,16374.586462040852,21019.088626079945,32.426378990256168,23.595385822758207
0.1462371176863051,-0.13,0.2104401728134305,1.0545856487301807e-05,16605.0735693766,20666.753770714524,32.249286389340377,22.830259460507175
0.14515886531283967,0.13,0.21077858018862849,1.958673141582195e-05,16123.476005825252,20914.592123412185,27.46076488519693,25.598249739572939
0.078963112301314198,0.096273650058090035,0.22655280888220319,1.3907302547152083e-05,-50665.580887533812,-15062.705512156172,-95.282514280780973,-19.764052901575326
0.090605210729352639,0.012700626902081466,0.22482921915483262,2.5460701293947407e-05,-19291.243471424863,-72343.081010937196,-55.994117514383433,-166.46383503759401
0.015892294163299556,-0.099041158474797997,0.2326721051439585,3.7724555690410265e-05,-45961.027967151131,-29782.48638446043,-91.040683256604524,-51.758723001938669
0.070633723623757833,-0.014639443894681274,0.22777716248879734,3.1994787963206157e-05,-2996.6858504579905,-79470.766979124441,-13.863963377771848,-190.34745110862198
0.020112547715203075,-0.093923350819792167,0.23248847281841578,3.379413509170898e-05,-43828.11507560168,-39533.120933211198,-93.559592342521299,-69.282131353092851
-0.11951117583901422,-0.088634535660398597,0.22046277327615341,2.6216044498239906e-05,-49314.949221646944,4315.2088983437116,-97.507120502848949,11.860284794243768
-0.18570650733511668,0.062080082549760184,0.20820356910175403,3.3560567304806597e-05,-6276.4910372509958,42183.672862294166,-2.0297834093272744,70.875949684429969
0.18546662642992592,-0.061306841715917382,0.20834837990196106,3.0493632377561775e-05,-6917.0797878254243,42391.422573320451,-0.55838771569137469,70.543543104341481
-0.1143993223220558,-0.069274766581158026,0.22130654782830261,1.3557487588011193e-05,-54606.129966663953,-22828.137417035701,-115.81095496068127,-40.167409801878804
-0.043115737197289075,-0.0065212223856438148,0.23096710742762483,2.4460916672629286e-05,14999.194166477415,-84194.243521343931,25.619667809025309,-201.42245455862675
0.042686261093471609,0.0064152619718680212,0.23100471566576627,2.4829252722821795e-05,15145.027011318403,-84193.528737489134,27.733594343453291,-204.35237207264595
0.004064822943791669,0.12889767727248638,0.23271185371864528,1.0429408457431768e-05,-16638.826347017141,26582.93135551619,-5.8816990575778663,20.126258730774484
0.10088873294324577,0.015495785876843859,0.22330676395840815,2.7780080433211058e-05,-29953.773321597491,-65472.386466617885,-79.742140552223844,-149.63613821662645
0.15528301086651783,0.12109095281450685,0.2090450662699023,1.1344721492616391e-05,9311.1328760696142,29807.91988005954,19.67327619764092,41.580310607362797
0.053793668126079268,-0.09361439586858035,0.22993067318449284,2.4434970296094306e-05,-48163.38933142701,-31011.657421311058,-96.290625055963673,-60.491095802064443
0.0321619970047635,-0.0070080118246954965,0.23180583125041043,4.4757089126201989e-05,18698.22570441031,-84921.60951062954,39.10963092410578,-209.45200731649359
-0.03338321159807299,0.0077345225759061064,0.23172368815253883,3.6154335110134642e-05,18267.248604127319,-84848.718802683448,39.120824204587265,-210.29595529038016
0.018089383068894141,-0.031477999526529257,0.2325946008061554,3.4032802879858357e-05,13442.295289893134,-85833.406057283923,23.458409847650483,-204.53422017724398
-0.061425358392108234,0.011547281008127231,0.22899843936536926,2.7190921686209568e-05,4163.7567189675055,-81801.855750401213,0.91645069610405749,-192.22871985510079
0.032502529013144037,-0.09934364436027876,0.23184031527220306,3.4610286481092527e-05,-47432.024227602749,-26318.804269791632,-91.470452580827327,-42.299510077249543
-0.067433669901182228,-0.098733346124656327,0.22824854776615389,3.0942359475141043e-05,-50077.164131800724,-15892.844214508334,-94.016660142053752,-24.824575909077868
-0.081218450258350422,0.017281822515123828,0.22621891054261051,2.9381319755758098e-05,-12206.939914989607,-76051.619014333017,-37.727018564827105,-181.71446218910273
0.012974811271655074,-0.036638488288711843,0.23272338084898256,3.3104141202818393e-05,11238.802447121687,-85717.004661298895,18.007956730139899,-202.87638315914194
0.090472069938034055,-0.019557168839363787,0.22484893038658602,2.8688907935587326e-05,-20943.805311665423,-71527.482669734192,-56.800770438671506,-164.05519234087069
0.10910974082139714,0.019434173947555856,0.22208965994447125,2.3891731700840002e-05,-38605.945244813978,-57892.811858408553,-98.266949478668579,-124.42092245439281
0.16668384317361726,-0.036265263051857337,0.21349599216886767,2.7456017874659238e-05,-44014.011313375777,30678.357088106339,-74.695117625074033,58.590496870637502
-0.16617422832810097,0.036744928909619667,0.21357151190830681,2.1744609413079245e-05,-44564.993219135627,30112.006948552018,-77.413087987829456,56.203553687236578
-0.10004793158329693,0.022389056032870055,0.22343124294265007,3.1127542631468014e-05,-30882.194754014094,-64920.188157676479,-79.105868680830753,-144.61443834190968
0.056106098686730776,-0.10132390654414254,0.22964820286692636,2.4930505415130385e-05,-49576.425367643409,-15059.965964856518,-91.790471170635925,-22.384035059094874
-0.053180822057675013,-0.019883610248193111,0.22995887460682479,3.0123699162117808e-05,6316.6712401928207,-82943.115223977031,7.5128531710756805,-200.22474304192639
0.15715683317967799,0.025820309544808757,0.2149763826147322,3.0585977478482927e-05,-54869.910720168948,14831.936405941677,-107.51518002259022,32.947537510366352
-0.15696008007805273,-0.026251620111697904,0.21500551152365577,3.0687273488497575e-05,-54914.55257614905,14607.788194755478,-108.17632240990119,31.473666320170125
0.10950687735933184,-0.024058766836578413,0.22203086466272898,2.7226575654292128e-05,-40214.769640384315,-56207.825159950553,-100.17563039843685,-123.34989348470828
-0.093942107949603407,0.085783909346521442,0.22433519809791874,2.8905151780374834e-05,-51865.373755205823,-22282.306802385036,-108.98203920742672,-40.99858495404083
0.17606448857819343,-0.054757380820687866,0.2110771892025449,3.0986217871713832e-05,-24761.299753104642,41696.725565726818,-39.427024553264658,74.683795127688441
-0.17598064333810134,0.055232358395924802,0.21106891636677094,3.4388115703872586e-05,-24864.763160432849,41750.681000764642,-38.382747245235528,73.857373534106728
0.070085784850540553,-0.064268050754019604,0.22783192992717338,2.7086998132354412e-05,-33520.531878028887,-62837.924642625745,-82.177543415579365,-139.73491377196498
-0.11894779971789941,0.027742000716315038,0.22063315471424233,2.907378904173231e-05,-48748.218008237498,-44670.414655702312,-112.32717514438215,-92.419589332150991
0.16721602523599977,0.028856126883801209,0.2134831313833562,2.7863472802429217e-05,-44718.871759657733,29873.131317882515,-79.444416008914331,56.673472507664478
-0.16718237195234761,-0.02865266447774166,0.21348976569392239,2.6735627605087943e-05,-44705.714772504602,29585.441112819994,-81.245651981368042,54.63288746165896
0.1861846757114429,-0.071178934045692824,0.20705005088205064,3.8914257829232845e-05,-2169.2652037745538,40967.944984849615,6.4173258846671857,67.231421034542763
0.11872574338447318,0.022023697600381646,0.22066602971676499,2.4153083451126269e-05,-47424.628160506363,-46649.599854022068,-108.06812392815601,-96.212686864369445
0.12824196960269851,-0.03034727511446262,0.21925717118026911,2.9210864780508945e-05,-55189.33107920456,-30949.446822062644,-121.75960529327948,-60.954757371517715
0.059987360889499269,-0.056204789741617744,0.22917409506640243,4.2162437741158168e-05,-21617.238333003523,-72420.726758760225,-52.325658810551595,-164.0663638074337
-0.17599741542497235,-0.031072761947937424,0.21210477168073519,2.4525452066874735e-05,-31637.906907936635,38911.99856206894,-45.789326734515669,69.017740057692549
0.1758219423162517,0.031424107826270288,0.2121296790024467,2.3888509087860994e-05,-31755.761960788266,38785.245909533965,-48.645819274990629,68.151917755298953
0.18609750315613027,0.034763049559683686,0.21020009297035297,2.9631928368559844e-05,-12382.979796819425,42293.250636080142,-12.531564401465364,68.005858223030032
-0.18597072095957334,-0.034453374726294575,0.21024297286056501,2.6008768456996145e-05,-12752.87751763135,42306.984759671337,-12.269160808001052,68.363226300376596
-0.13630188622786502,0.033609652576609909,0.21806391640884898,3.5424022100711254e-05,-58530.479124588157,-17105.227577978836,-127.87991313419465,-31.732162218469089
0.19477160552473446,0.037184787059598497,0.20829753267818854,2.3991417094170465e-05,5467.5732409167513,37166.803893148324,18.592367995327113,50.107314265206249
-0.19472755807008027,-0.037158215439125487,0.20830809849694515,2.4202546946038098e-05,5333.8179338548098,37226.899415190404,19.554506715368845,51.721532752481842
0.12778928714230109,0.025450813254542761,0.21932418992635894,2.9421383904187355e-05,-54605.620276757501,-33196.124423248824,-126.56216904326457,-65.864379086350738
-0.1857608487289287,0.080370168609587012,0.2059451762713233,3.1719387476275789e-05,1106.4875606565213,39527.702540970415,10.947254867018305,65.698975228352055
0.18581494550765426,-0.08169878074613765,0.20575444620511027,2.9754396733842278e-05,1805.6508226614392,38972.518249270805,9.4658052783595732,66.507082465201506
-0.060844542185262501,-0.11504739734275349,0.22906424639152015,1.1309560931559407e-05,-38894.282330880356,14088.558208332892,-45.311316182540942,21.677645735307831
-0.082248381263656856,-0.097995038193253725,0.2260664312871207,3.3259604023097098e-05,-50132.192817591102,-10233.125273532372,-97.099904115338759,-14.263806088257635
0.11544092681291591,0.10461402191365625,0.22072597429724819,4.6549680915573157e-05,-36686.422176320193,19346.847211090328,-64.10382394214632,40.563712887956157
0.15691346677487711,-0.038723463968990818,0.21498922198985859,2.9661001002063219e-05,-53030.566143613323,18149.754514885844,-101.8060707862422,38.879803501959124
-0.15714285714285714,0.039172919194348566,0.21495273563692102,2.6148623756037491e-05,-52791.659068577887,18590.044262147665,-99.913410450208744,37.054013082864259
-0.078080400669136338,-0.092822683697338801,0.22668349259964954,3.3997910938789637e-05,-50763.538909783558,-21556.355277303559,-102.43015649796432,-36.938619822768267
0.13816032320865126,0.027425834691927331,0.21778877847655537,2.5226391239409751e-05,-58767.440283743024,-16432.468906574592,-126.42009847670695,-29.229059509613581
-0.18565827800627696,0.086782213721157464,0.20504118788494671,3.2715142408411236e-05,3885.8323259184267,37656.154537690403,12.438789773112935,63.578846803188604
0.06111199124668968,0.033584675984834091,0.22903671810056131,2.7701299714273085e-05,-5205.8724466513395,-80159.331706139841,-19.555546395542912,-186.86624554127735
0.12615203774705799,-0.108759510267566,0.21827043423416459,3.074455451816953e-05,-25680.154000887076,28313.796772296017,-38.486428703165338,53.084609809627395
-0.1271061360414377,0.10831594515471356,0.21808888661055664,3.2228882730004425e-05,-25630.0982557028,28249.355447201382,-44.875528826694016,51.737478830699899
0.1272657149716851,-0.10298373356666599,0.2183926418426296,3.2022259973009719e-05,-32677.354333227304,24870.842918345999,-60.401788128812555,48.571820285461555
-0.12813254168476318,0.10204202098853972,0.21826451134777894,3.0005319306312936e-05,-33418.550840024414,24686.861602089964,-60.330440837845977,48.872600501545492
0.007605803960969694,-0.03316507701081238,0.23281774288823329,3.1170709107076316e-05,14360.34157894131,-85884.863207597256,27.208721156501102,-201.1966606041164
-0.14676316747730997,0.059555301468382525,0.21639384323072991,3.6732370944995478e-05,-53480.174812531935,13356.874397619891,-107.42697880813202,28.605509847599571
0.026035967023183212,-0.096312447953555105,0.23218087440325388,3.1709252451598564e-05,-45676.27725425017,-33881.561069045478,-96.170962455533044,-60.750777397712255
0.0096431992966658671,-0.095952380952380956,0.23278193500653166,3.5516008873747986e-05,-44020.97930342859,-36727.862996323791,-92.315638897309697,-67.209352110196576
0.17554441063059331,-0.065590480425942219,0.21037663664305339,2.756705386847226e-05,-20879.377452855937,42260.277253164408,-33.613856470067553,73.749308921003816
-0.17645200520724813,0.063248411233291696,0.21035864659966477,3.329770306419458e-05,-20663.521412882252,42451.768478298058,-33.840447245817437,73.77498442375277
-0.10280029479400359,-0.092956403597686546,0.22300837062973525,2.8393933628874116e-05,-50351.125218166475,-4881.6432905598849,-99.895197899504666,-3.8747066105764367
-0.071921387553932972,-0.014555887791985651,0.22758856466840888,2.4849624521613005e-05,-3786.5865562632989,-79404.12577470277,-17.39811513014849,-187.16940024069308
-0.166542352590797,0.047366825351293232,0.21329336919409705,2.9500129389379628e-05,-40990.421318966393,33248.837509948033,-72.936324472619717,61.723334363770029
0.16640866014437575,-0.047213703173245296,0.21332073726122033,2.6716197347765631e-05,-41219.610000622888,33262.215127376134,-72.050179014512139,63.927146206052626
-0.15510351847810239,0.12665571096440292,0.20812661868076132,1.1792249792854392e-05,15500.248000415226,23297.619084226761,28.231859097828814,28.646882218339062
-0.12560205003759223,0.11411386008010584,0.21794969035646874,3.5625432537487739e-05,-17675.122254200694,30268.841803253617,-25.364231718999811,51.653904897230802
0.11929535620330578,-0.031532475491100928,0.22058169966156174,2.9763210640611303e-05,-49994.195397655611,-42729.352599454243,-116.90771481900337,-87.546163489639937
-0.10952380952380952,0.029710670757781346,0.22202835788914893,2.7810859946261301e-05,-41734.414987940458,-54749.184867870317,-100.61794799369551,-114.70777741711524
-0.06232541919561839,-0.010714042136132966,0.22888849424298469,2.5791651865444243e-05,3775.0351539701946,-81705.29379085399,-0.46380533607783914,-193.19659645742934
-0.12914751505945138,0.034421472728203208,0.21912310696009663,3.594823390308668e-05,-56257.320280758096,-27838.954859742938,-127.36403134413659,-53.590513472525068
0.099845048467766415,-0.027896498573344454,0.22346127938805094,2.7595553169547263e-05,-32413.103342396465,-63840.43615131043,-80.785960399073389,-139.87835269040681
0.13728034077724735,-0.038338550377802476,0.21791905814120599,3.1267122475778492e-05,-58881.735527140088,-13303.987085550876,-127.21845882977938,-20.391687141727662
-0.09055492070645374,0.026030516711560731,0.22483666449360842,3.199916769277542e-05,-23254.017804031639,-70370.802927354278,-59.283923790827707,-160.36375065993576
-0.081474273900211835,-0.016628558853798728,0.22618103635662451,3.0520882513063731e-05,-12290.070820863999,-76296.690501397548,-42.0378152891005,-181.51647990521118
-0.096467154412608669,-0.098703576770837437,0.22394704144138172,2.8764668892967959e-05,-48370.143754730198,-688.1309858066611,-89.3212305238075,5.7287113768930755
0.08078058327065113,-0.022343641099624174,0.22628373588716658,3.1511731100391778e-05,-13473.400461557903,-75785.438570460974,-41.393765826089037,-176.46939613842019
-0.091384006162534864,-0.093221593267035857,0.22471392002584373,2.9873016872901304e-05,-51255.925259282958,-12914.564664324211,-101.31049144308891,-14.947005038723749
0.10034795375479219,-0.089990996115185004,0.22338490486796184,3.2762707807083272e-05,-51628.255485056769,-11114.781943915568,-104.00623354246572,-16.004427676808263
-0.070763450367111319,0.01926474178549183,0.22775816204895491,3.6372525724616757e-05,-4606.5583131284202,-79225.51601128286,-17.692778763927585,-188.86965904665399
-0.030260862365917619,-0.03101546634148929,0.23195822433920452,2.4379240980618769e-05,10722.506548793939,-84947.972940839114,19.306100355714506,-201.74928446559059
-0.090547965341567144,-0.019003103292003658,0.22483769422167188,2.6256971718393532e-05,-20897.925353897772,-71721.975901769852,-56.518691307412119,-163.39308635020242
0.06053855601707156,-0.036774573062473885,0.22910676493101337,2.289088388838301e-05,-6881.4934626785471,-79686.596231708303,-24.978167541889526,-188.80173558536609
-0.10029209476738109,-0.02202556221650126,0.2233950950644569,2.4839267112165141e-05,-31020.939521402128,-65112.796080369473,-82.944031279900742,-142.58812084111409
-0.066735670707126563,-0.06248379049981307,0.22828266762289423,3.8930387303185381e-05,-30374.878926224806,-65539.387965157468,-71.586727532522247,-148.81814773398173
-0.062982899532587913,-0.094029987678386148,0.22880764943806201,3.3671053266757606e-05,-49514.573075807333,-26534.954040847915,-100.38158044475109,-49.13667362264075
-0.14268379347496837,0.095531552700590994,0.21557314567946731,1.9101756190670935e-05,-31425.324530254453,30431.927888213664,-63.679385536372614,56.911339089201199
-0.10994840907857131,-0.023666996626250207,0.22196549676189103,3.1716208696894258e-05,-40514.762163609608,-56063.70938169086,-101.57893086693095,-121.78387541094388
0.061300486227782003,-0.017284336766192485,0.22901369287417192,3.4078623066840473e-05,2560.2059918411728,-81666.119522914174,-4.131223511290318,-195.71951566610826
-0.11917355603278457,-0.026934710414907644,0.2205997319367568,2.7077670321062839e-05,-49049.325946309778,-44655.563635743347,-116.76427949468903,-89.544505824778994
-0.12854431448665998,-0.029639958573561845,0.21921240961607688,2.9568664129166475e-05,-55490.034448858511,-30885.294206381895,-124.26389784043855,-56.995643018910059
0.071202623411535645,-0.041909315885844053,0.2276938067004437,3.6604010990466875e-05,-17028.933463360037,-75066.918724725139,-45.965379748448768,-170.09518363364307
-0.14732469618779456,-0.087058262238977752,0.21516858265379515,4.0154752530825376e-05,-36164.221781063083,29826.614016039064,-71.384115180207885,56.894458809846455
-0.17619047619047462,0.088753306244950592,0.20763973713241785,2.9124465322804642e-05,-5938.7533355544174,41158.474922516951,-8.5622783140729659,72.209862652390086
0.17649797045194049,-0.088312665523212305,0.20754735575944361,3.6208991650669731e-05,-5964.2654443595038,41039.527968725408,-8.7787362050144768,71.754598748759406
0.17683238967411063,-0.073613038504487041,0.20926004696930794,3.0836940578822633e-05,-14701.592762150662,42710.139210209294,-23.777006352330915,74.173350192208147
-0.1772312920726534,0.073916672677451167,0.20912561013823919,3.8183103218060486e-05,-14016.708039396279,42676.695159045776,-23.434381240865672,74.763821382731706
0.04738596476451272,-0.024629499776099576,0.23059317338603585,2.6375863789399228e-05,7338.6596102375843,-83421.020492309486,9.7397631718649809,-198.16633553734678
-0.13763490944111686,-0.032864303886061062,0.21786656494932394,2.3403612161581062e-05,-58771.728794976676,-15383.519480391562,-125.60528061831016,-27.128225536190612
0.16739710992568449,-0.056912896262239838,0.21275836869876952,3.5038200809189182e-05,-36105.687956665955,36461.305044967943,-65.1494025386109,66.124442791778733
-0.16554879445720172,0.05870217074763897,0.2130599568843547,3.6597432465775839e-05,-37600.06564875356,35431.610196044167,-68.830982589677362,66.740344177542156
-0.1568514531670539,0.048524569693054957,0.2149148534372321,3.1183207584436202e-05,-50591.842632256536,21985.224183851617,-97.571952887960322,45.43362207842182
0.15715777487829127,-0.049866186091137805,0.21484792840970615,3.9121020007470744e-05,-49654.581703030759,22939.889540111097,-99.042134925759314,44.839823461373221
-0.13796572917626404,0.04354809773827803,0.2178175877395335,3.5561481148408652e-05,-58724.040633688674,-9811.0429792790292,-122.91551552138931,-14.406010109006038
0.12882561143532703,-0.039851106692968319,0.21917076415722253,3.1021021684308435e-05,-56592.78864121392,-25855.051613498272,-123.91559698527143,-48.400276831526227
-0.0078638276889581547,-0.095286387352850457,0.23281320803779648,3.0154142522458675e-05,-43671.403126488098,-38251.740905293955,-94.442902696540997,-67.185079731099009
-0.11879827044810687,0.038177560209045419,0.22065529222793442,2.7886404740730769e-05,-50981.406525842824,-40548.585733367821,-114.83978399592407,-83.429640819487503
0.15812022314054311,0.037812228809988691,0.21482363953412179,2.9510884925277265e-05,-52266.965529406065,19654.24992982496,-98.401526743033259,38.129132088160389
-0.15704335158535745,-0.037072010602312473,0.21499101985328062,2.5489746838981062e-05,-53122.690574910637,17767.757632721426,-102.15261364548759,33.862145367321439
0.16678009463735208,0.038756627042626383,0.21348970781404697,2.561333714390554e-05,-43156.946044719269,31413.349530800635,-75.448791430873513,57.564637836245453
-0.16657402080909561,-0.039683929530494953,0.21351061944916544,2.3528454909937335e-05,-43198.883112930627,31392.601316956254,-75.110925328919464,57.852895040370917
-0.17560694164216126,-0.041589250371967444,0.21189850319089321,2.6062314175023801e-05,-29755.712943803126,40046.634182071808,-45.836150456447534,71.725055026844103
0.17562191127858404,0.041616267803976495,0.21189519120949343,2.5456396354210444e-05,-29760.550766081869,40099.344314878923,-44.441273953086977,72.072355886805909
-0.18597371951502925,-0.04488688318844522,0.20967209662063457,2.9387338205047858e-05,-10651.037056852027,42525.463792984861,-9.0238948662152456,69.136633314420621
0.18611357791081465,0.044485524515589035,0.20967243711074365,3.081456426242277e-05,-10418.007988279416,42602.020012733548,-7.5985340992794121,68.873767753447638
0.19523809523809524,0.047514096764050023,0.2073581708617179,2.5219428640922189e-05,7563.0333292973392,36115.455545174678,23.02774451160181,52.123492194679798
-0.19499463094091057,-0.047557439133790375,0.20741069805652271,2.4302514990089471e-05,7118.9274574331985,36366.166392787323,20.949714090731558,51.995600023645515
0.10952380952380955,-0.034695994803375041,0.2220283578891489,2.5926182011976958e-05,-43318.596786058297,-52797.159821395668,-101.91278494405562,-111.49535666946589
-0.10051392165679962,0.03212433979481525,0.2233622540306674,3.518008297890608e-05,-35002.503632865373,-62158.240418794267,-90.828135951622286,-133.80338881206663
-0.16670287207526938,0.064688324196752855,0.21245979566140896,3.0417933135956173e-05,-33254.084808752443,37588.163801573523,-61.179063131766767,65.819357335480191
0.16705718675451126,-0.06670919735044345,0.21223352309980947,3.1476713268377041e-05,-31606.372870327607,38205.88840461013,-61.116956243238228,67.554704692832146
-0.05369674114983642,0.022003854579564067,0.22990192935113399,3.8910526979208479e-05,5091.9539802643521,-82733.447040010273,5.0958734691133287,-198.12329289381981
-0.045150420413430273,0.040533765031587968,0.2307889348814578,4.476206202879298e-05,-1745.1244967285431,-82107.871160598821,-11.049692212935939,-196.63367813191894
0.090202828881694799,-0.028434399801501319,0.22488879099434167,3.6281635623694256e-05,-24134.560594402581,-70017.811162359882,-62.807296740794214,-159.76167088106942
0.0073652516780877107,0.081231944822629423,0.23282197067237392,1.3265893042935477e-05,-31189.539481630556,-60994.762300882743,-76.098573057296946,-129.72782881501942
-0.034397531874738319,-0.11848543194751572,0.23165436827560759,1.4574319481495842e-05,-36009.08314775725,15380.362120981361,-35.466657439607481,21.703817699486301
-0.075342539676453019,0.066310036003121783,0.22708882752368628,3.377058608215853e-05,-37673.724538729417,-58198.544593864324,-86.845888280552828,-129.91253241881199
-0.08124017583127191,0.024574682652848838,0.22621569411435746,3.0729743901753765e-05,-14942.026165052752,-75249.933523458181,-45.141413490242925,-177.84048933399475
0.089733705713910761,-0.05726475507991706,0.22495824375475784,2.4944308980866097e-05,-39679.113192405319,-57118.039206226887,-94.90895621355385,-122.34893204936763
0.17638450071474304,-0.080653120331545758,0.20857182551681291,4.0207775804562353e-05,-10997.61988460535,42345.20561507094,-16.689888512925304,74.680547873940199
-0.17617421676597475,0.081490139707568132,0.20851810335134491,3.7571771001593918e-05,-10795.683285150457,42220.609602886951,-18.611161497264789,74.325467441732059
0.024365267501207356,-0.022118164082459729,0.23226771339970573,2.4798130777437167e-05,17363.537446715098,-85408.347075661208,33.147240486556939,-199.92567862080372
-0.023748251378686986,0.020841704278713784,0.23230135611412137,2.7189570426556725e-05,18049.749814725215,-85483.781919992151,34.981944840905626,-204.45120639939702
0.071240524674863193,-0.023572765245482109,0.22768828731495258,2.4647454509362478e-05,-6682.4347515536392,-78797.487724464139,-24.680647280827547,-185.16775087169052
0.13854937675097487,-0.047874590159689943,0.21773117986638293,2.7959650494660244e-05,-58377.286196969675,-6232.6177026761225,-121.97484505741504,-8.6308266596655354
-0.12853022944201412,0.046156972634634856,0.2192144948791771,3.1876995423079729e-05,-57300.760352711681,-22554.352306780176,-127.58189133436994,-40.602428202624068
-0.14056446467479805,-0.12283582039783893,0.21319213264253206,2.9830293138282834e-05,4689.7852084268388,29918.357272269899,12.664635690105824,39.711262676690261
0.14113150292531607,0.12380952380952381,0.21289524305894908,3.153704057002828e-05,6585.8929948554332,29108.932996915399,16.837701793017128,36.456780232171369
-0.10994852819008948,-0.068788294059766927,0.22196547912766551,3.0034972751251295e-05,-53415.445602512365,-28448.396615316648,-114.95816163483491,-54.417596080997519
-0.1659976910941684,0.073145712514677302,0.21197129949138513,2.4821928148479506e-05,-29010.254178700845,39219.861446949522,-52.517221632894959,73.328415455044706
0.16642308041750681,-0.074278396545151726,0.21176042220403923,3.8074112151938407e-05,-27759.965090027723,39497.951533103667,-51.658836342567589,71.834140788218306
0.0072235721233155914,0.096728619064493718,0.23281820046429663,1.4701132400348464e-05,-44295.850307431821,-35432.808961050432,-93.414837465295747,-65.088737271465362
0.11940975585483193,-0.042638337623432734,0.22056476301861855,3.3719506990665935e-05,-52442.38397168037,-37449.160073821797,-118.8819489734572,-73.371774252576301
-0.044348573149422407,0.014052511914744834,0.2308591508086999,4.0727615381860573e-05,12667.542458556876,-84058.453042667039,23.809184046829966,-204.80017262249066
0.043355667048589543,-0.015154523786217313,0.23094609732041571,3.2086006058130462e-05,12769.845265466525,-84342.344531706491,20.189281934914078,-208.34890871103843
0.090761208692158202,-0.077438384153962175,0.22480612396388885,3.2860709716204521e-05,-49891.784234491468,-36125.474591021528,-109.9306948468636,-71.721869368453611
-0.019916698477803467,-0.12383226742980326,0.2324782646453846,8.7777437408329355e-06,-26950.697109557343,22138.639323062536,-16.714469381012659,19.599250425938468
-0.15496106415264352,0.10916059484166796,0.21093313162764663,2.3664096551676582e-05,-5912.5537696322926,36932.599740526442,-9.0452170293686933,60.303637620227157
-0.062952078637534215,0.021332229754722959,0.22881194591562037,4.6520558290332274e-05,-262.77595360816451,-80987.525656724625,-6.3442863548909587,-194.62219541656683
0.15712199426139029,-0.057890945647870534,0.21466885235963204,4.496522379195189e-05,-46824.837183796619,26269.906351008027,-89.747839201590821,52.033184230343139
-0.15646987424825112,0.059528003527148182,0.21473986660533656,2.3584380816170756e-05,-46702.100063427046,26100.84870140675,-90.727408636531308,50.864704771701305
-0.11012875271932321,0.040464187823394122,0.2219387972413091,2.5773042926431695e-05,-45837.047185479249,-49713.692158356273,-107.9260598435077,-101.00142537239542
0.13816878235294244,0.037414729492004209,0.21778752611691482,2.4770597215153678e-05,-58903.37047454495,-12455.270898372419,-123.8829813996656,-19.974618183166996
0.12857142857142859,0.035127921279048943,0.21920839542926485,2.2019999531802612e-05,-55867.910859569412,-28511.58392635659,-122.07187868130734,-56.347152889049013
0.11952142230049013,0.032340583412636979,0.2205482310214173,2.4860965485366513e-05,-50243.864588679855,-42224.985409973073,-114.74021361163365,-86.270450838091392
0.10980261288092701,0.029256774561458667,0.22198708160160893,2.3971517998593429e-05,-41732.199582783935,-54500.675102260349,-98.303567708360845,-116.31364389563757
0.022213855613650774,0.12183984929555701,0.23237387913206317,1.7377124987879821e-05,-30667.233104472969,19551.330797146253,-24.913761856764978,21.900468577150686
0.10062698175521717,0.026890353192155096,0.22334551570592184,2.7441523064951565e-05,-32934.928975280047,-63427.558893286965,-83.635001306384353,-143.07233258583051
0.099692433435844344,-0.03716587757899243,0.22348387374274473,2.9561723952629751e-05,-35962.705866481796,-60904.853459836246,-86.232817779075503,-130.73287782819386
0.090540177133003191,0.023800604214600833,0.22483884725060033,2.7382344393651157e-05,-22531.045048201395,-70907.976270831336,-61.289123688760277,-162.44595552882984
0.081049599427520588,0.021278929384943621,0.22624390857533419,2.5679909400488842e-05,-13153.824038008644,-75937.685019256009,-41.802111715777158,-175.68531450485762
0.099881855502779823,-0.084576720537368297,0.2234558301790586,3.5526688978336864e-05,-52468.318072963229,-19165.691857640988,-112.36761333009743,-35.348880406619934
0.16208599225843201,-0.066427804596884119,0.21337133407069633,1.4576686830542883e-05,-37519.350085137157,34519.631124400214,-69.427063375035928,64.344531702365742
0.071687355237181838,0.018392198983048853,0.22762284223401075,2.5355358334779594e-05,-4867.2744022952393,-79249.677219012257,-21.741751454619234,-188.14840840616637
-0.091318593039918364,0.032127885365026074,0.22472360430972727,2.6162090997917302e-05,-26813.855113560643,-68692.372771596187,-71.729285786116222,-149.36782531038963
-0.11073106324927065,-0.099047619047619051,0.22170217266638959,3.0062210100125968e-05,-44412.360092200222,9431.6111267659089,-83.395833845402066,21.402033261010565
0.11073106324927068,0.099047619047619051,0.22170217266638959,3.5126938368594764e-05,-44385.723256539088,9599.2621473714862,-84.404817398712993,23.501338561524957
0.070992972993603035,-0.058804641847946593,0.2277151511942101,3.0075131819588203e-05,-29601.724731926835,-66642.033250639797,-72.515762292342515,-147.48844414436505
0.11899358943140467,0.076303341277132439,0.22061685206480591,4.2766929550362773e-05,-54485.992031853893,-9762.2818103330064,-117.29063015403041,-14.445282337388942
-0.16679593091617059,0.082302078189513794,0.21091703703424655,2.8124105022752736e-05,-21516.855315679531,40758.149017263684,-41.974767453290234,73.437369208002025
0.16688528261283556,-0.082293556580571983,0.21089563788367843,3.3977655451911703e-05,-21504.29804180529,40702.327568682973,-40.118280704170893,71.869457533717181
0.048429306944085794,0.044238031264489282,0.23045381517600452,3.451863475604922e-05,-5665.9312573077614,-80421.109034449342,-16.394516055415895,-185.98739320861557
-0.13786916607400315,0.051716942963098082,0.21783136405757081,3.1337220650675907e-05,-58070.490148398472,-4961.4458412323002,-121.24280744274049,-5.2783195448802473
0.064553405695765828,0.10797147536592608,0.22861633902027687,8.5974606063329169e-06,-46232.071503420935,1359.0524566789711,-71.801823970828991,4.4473800838159363
0.1239381641913566,0.074870898749737624,0.21987359075039187,1.7201007418751797e-05,-54436.353934055885,-5473.7330093802129,-112.3136704918268,-7.4164892928712858
0.082087418760691838,-0.02922331807899646,0.22609026146845074,3.8262726154644845e-05,-17666.635253291974,-74007.133733709838,-49.41439883920858,-169.80228650195224
0.1281850067785813,-0.051112593391906588,0.21926560441411413,2.8044245998058618e-05,-57295.575986156044,-19896.03670486129,-124.18303968261603,-35.050478459173377
0.060220039791790823,0.014659915353598448,0.22914567264172958,3.921323313464329e-05,4068.6860757512513,-81770.116705393666,3.1357880545363184,-196.54204623461348
-0.11894720270442299,0.046892459499525946,0.2206332431009109,2.5317827126221744e-05,-53229.485928445851,-35317.210545982096,-119.95755102957816,-73.019128171136913
0.099785119075533571,0.12204381396409283,0.22297547547989388,3.2758164512521126e-05,-15611.428650473314,28316.040961169085,-9.4813790185533353,33.774916215953219
0.15723716921834424,-0.067115564683478013,0.21426538582290494,3.6746483735883432e-05,-42138.046924309303,29979.279719216014,-81.338196005005315,56.375341097333894
-0.15731472763326246,0.068153520035347415,0.2141992095351026,3.0399773925626742e-05,-41428.615859546684,30536.712454881181,-81.156402271515645,56.822390320488957
-0.056278188004219298,0.046349155510364316,0.22962591911371349,3.8318645073408109e-05,-11783.519448023624,-78215.950442672838,-35.643561275383604,-183.36893780817067
-0.023290733492065081,0.0083078981540458657,0.23232545112691952,2.7613461159706747e-05,21401.356912338037,-85674.759026005529,38.413481837716759,-211.40892289589945
0.024788936445631918,-0.0085629979585152109,0.23224654881425374,4.1449156907263064e-05,20916.190155113512,-85307.692667081064,42.704690218017319,-206.66594419968507
-0.023726663993404062,-0.097043144630520897,0.23230215757253167,3.7817274739487902e-05,-45752.335007702888,-32600.512193313352,-94.746966575212127,-59.923761234323926
0.19560660199410432,0.057816499992221437,0.20618092065602819,3.0260808290716732e-05,9823.3547065955627,34570.184842098475,25.766465023847189,52.275286752550059
-0.19535443042098138,-0.057299548265621385,0.2063090998528824,2.3484206420179131e-05,9290.0222766026491,34982.775855164437,25.303974273797923,52.032873906956389
-0.095796802507667603,0.077411392788270708,0.22406061422393339,2.3641504877437776e-05,-51397.865082377779,-32122.003029450781,-114.49782655780609,-60.208382336929262
-0.039241864683576676,0.063908266670623007,0.23128811512879691,2.3951297049403363e-05,-19569.364485057453,-73295.024952956199,-51.774075611363344,-161.99604485385069
-0.071305363006613387,0.029079374722902302,0.22767879076250663,2.5357889800739232e-05,-9293.4144183593726,-78032.831722563205,-27.849378878489382,-181.30613481621555
-0.18563327978430477,-0.054856425089135748,0.20898494410044119,2.9271512533844106e-05,-8627.3725009552254,42652.895469110532,-3.6483471887492804,69.992831193788703
0.18624751571018844,0.055613160254719005,0.20875917291087484,2.722423416124053e-05,-7344.9627666824108,42296.688240527605,-4.6276142789239278,68.437232196355566
0.033809203959868687,-0.032301456805090098,0.2316937823996213,5.3657615355145709e-05,8521.2864734555533,-84635.279400884407,13.267443160595791,-205.19803477043584
-0.03508805525069339,0.031462536364704259,0.23158200433946982,2.9771006722583543e-05,9149.7307194805508,-84504.222996939381,13.240560181567316,-203.12491291124471
-0.010204651007124324,-0.034167738453485759,0.23277206731120664,3.6026083339297483e-05,13397.296457193625,-85846.880404420444,25.698982243218918,-201.77794410884266
0.13802396690884011,-0.056969240161645542,0.21779011103215479,3.4536568974622729e-05,-57184.292299067536,-1139.2957338359195,-118.95963692209637,3.9118097985329063
-0.14808996227173996,-0.063681122868564102,0.21616598577137466,3.1472543748890057e-05,-50903.737132225571,17600.791322798697,-102.36015558245532,34.524020445631102
0.17546484803795639,0.052015265265238968,0.2114408655438994,2.7878863210140167e-05,-26723.76540945443,41060.187540028608,-42.857962953608656,70.552744915914673
-0.17593831941558039,-0.051703611275931149,0.21136107114378744,2.8372718540795855e-05,-26110.663970339134,41343.54250698354,-40.95654114596725,71.822549783996308
0.15664848766689146,-0.075883717053650393,0.21387911732800602,3.2366103251190002e-05,-37169.333015976074,32980.477194076353,-70.565398647631937,63.375939513655609
-0.15741080913893149,0.076080642782012958,0.21369570146913458,3.5623830089850651e-05,-36278.631566593904,33696.119049597022,-70.835111935296766,63.33326134503946
-0.099979056301264704,0.042468466237279755,0.22344143979241168,2.645633560636665e-05,-38825.470634301979,-58268.120831326502,-91.258694569263596,-124.68496275307199
0.080637541733270007,-0.065470137405445231,0.22630491290486157,2.7612949159971383e-05,-39415.74617779188,-56153.555103823528,-91.307993931791927,-122.08302491564682
0.16734053280218172,0.048189328047832172,0.21318568064099525,2.6930050072059744e-05,-39586.021323513189,34424.562258626094,-70.949056307678717,62.829658383554317
-0.16681451286480398,-0.048452113491851224,0.21327120298469229,2.7937535861259944e-05,-40125.399845816566,33753.255022380443,-72.172500144165681,60.155122014213461
-0.097955138108601097,-0.087662934964946052,0.223741076891984,3.1674574184539577e-05,-52227.868381282955,-16639.282483595343,-105.7126433524748,-22.496016073656975
0.095820854229954913,0.11663383302734927,0.22388514173868085,3.2998954508290243e-05,-27278.787882611185,24195.190799292453,-30.259469698348536,36.801919585645919
-0.19471853688485799,0.12058381652868083,0.19482740074064334,3.2127820426952936e-05,18198.458803959766,6944.9628001397168,37.974949993565239,2.9945507356337804
0.19455830851103234,-0.12118610889899377,0.19473164584358699,3.7588777597783893e-05,18074.679034671062,6545.9324038338245,38.000911230060886,2.4093543657143885
-0.053073753297755752,-0.031222188820002768,0.22997679211899436,2.87657230779345e-05,941.63939153251499,-82110.642348422174,-4.8899229363359558,-196.80333724554018
0.15678849512528731,0.046790707939285733,0.21499126983109362,3.121687463285996e-05,-50945.060972238862,21492.482003133216,-101.08864984254399,42.988530644019143
-0.15755225138207599,-0.046886287033085561,0.21486597450664816,2.5621360971940951e-05,-50421.176530225886,22278.568021084906,-96.254449588195584,44.794958656777055
-0.1280189556953604,0.053395855820820862,0.21929018794972222,4.1825659838897443e-05,-57251.54159214726,-18327.298186305481,-126.42283732987899,-36.173864191634401
-0.1379397610839061,0.060851562394322267,0.21778567864439868,2.2241799612124455e-05,-56328.853043518422,1508.4933749574509,-117.79025680690522,6.7253241510078432
0.089557438142811724,-0.038782548565790512,0.22498433982126106,4.1801496225338484e-05,-28759.612866159041,-67250.521195609923,-72.13254441217731,-150.16515455775672
0.061375244215989229,-0.024675611380286143,0.2290045609620493,3.3990155535168286e-05,-667.04177132362952,-81048.569705874033,-9.0015872300761668,-194.57999801060035
0.11845388540861551,-0.050065278687906056,0.2207062777542978,3.7487106115106938e-05,-53634.353173739495,-34027.353480058824,-121.53319888550847,-64.812557811526219
-0.1083233020701526,0.047081210508137232,0.22220609065163538,3.7907311085271205e-05,-47198.278114139037,-47750.668043780097,-114.20142471470848,-98.625268052468954
-0.066348686679655891,0.051717771752320188,0.22835020176665274,3.167256406225474e-05,-21286.716206532841,-72684.080789454383,-52.800410359641361,-162.75572861469161
-0.1377012603948648,-0.041651623195234723,0.21785674182138973,3.0159228537494793e-05,-58788.139857748603,-11120.411218281264,-124.73172428272109,-17.538764277851261
-0.15759178714668318,0.08273345326193747,0.21312087895892143,3.2951798497174452e-05,-31013.136849235987,36039.840647934696,-60.847051361665351,66.227426775755319
0.15673522320433916,-0.082024097013424321,0.21338474088395259,3.0565705337394261e-05,-32406.42190190644,35139.101239540592,-63.741140147211773,66.363456596430325
-0.080186088061140054,0.035973098897197721,0.22637174973127017,2.8072499698176763e-05,-19832.418146268221,-73249.263988145525,-55.178664835983369,-169.52479247981114
-0.12808082762533921,-0.041117000923711969,0.21928102793242951,3.3374342503705582e-05,-56504.644160764357,-26232.703397775716,-125.66427306053951,-49.490556081719937
-0.090189451308520172,-0.10803126410688897,0.22488000837548872,2.5527878960148624e-05,-41679.122101092478,10736.183290429011,-67.462447543466467,22.226497162822845
-0.06273470139275393,-0.055714285714285716,0.22882031834516087,3.5106270958544595e-05,-22343.745142473654,-71971.07459842402,-56.714192941375806,-158.85761174310571
0.058410060728616708,-0.096218308770691971,0.2293667670042861,3.6287019431422081e-05,-49578.756205756494,-24469.199582008237,-96.352838115044321,-40.838965951681708
-0.036050745286555282,-0.080177889263363306,0.23154804025612738,9.7131363438223763e-06,-34533.113753405414,-57887.744283394095,-74.902724146800367,-117.4428062263934
-0.10510467922032458,0.090922616995722988,0.22266070454219491,3.7551788153567787e-05,-51010.896147921114,-5761.6759171702106,-104.46241379592961,-4.527373949220177
-0.10964169465054555,-0.034015515801705733,0.22201090522847025,3.2326327323718248e-05,-43223.42566319961,-52891.915924927751,-103.44852457427648,-113.85053023392324
0.12818953651267875,-0.056712663033124486,0.21926493379590845,3.435916334879387e-05,-57429.889310498336,-15675.600423069785,-125.65262149103539,-25.047544690414345
0.14728111181902581,-0.0068319161732613119,0.21643846369855119,2.7521406861413775e-05,-59168.580948329538,-5335.836583579905,-122.87172472532522,-10.765540472052937
-0.11538945980532041,-0.12376726724100048,0.21958980591137819,3.849495055921805e-05,-5668.1043217236802,29225.217019577725,0.052432559324913662,36.050010527985236
0.14786452255189145,-0.017444755202087481,0.21635209088936899,2.8638433810838586e-05,-59273.054038390488,-2737.2304090671037,-123.1594734483712,0.63111962490724338
0.10039510243089726,-0.045243683154450737,0.2233798449828866,2.3267828409561647e-05,-40379.47306572333,-56344.725724381162,-94.635805356585877,-121.68760104753463
-0.13663288329684933,0.11709165406590495,0.21495618578161826,3.9481229483350796e-05,-6450.7607401473897,32845.777507910534,-4.1359942826274176,51.216007997649264
0.13607837377860446,0.11644141213666259,0.2151783282750849,3.6417673650617677e-05,-7761.6773748747364,32837.934210677806,-6.906817144458901,51.897601568239445
-0.13743733087686719,-0.1173988940191646,0.21471391632837758,3.6509820702097745e-05,-5547.7335455679931,32692.186030595934,-4.292832099241771,51.297209294889605
-0.099999999999999992,-0.031873719591813759,0.22343833911909095,3.0620800365103052e-05,-34188.531926826639,-62554.803524060961,-83.65879696672549,-136.75211302110392
0.071417092053939521,-0.032695255892949047,0.22766242635692999,3.2438743534994571e-05,-11533.607267940881,-77548.292745325336,-38.809497174704106,-179.6744703224648
-0.12854379960281467,-0.073031729649333951,0.21918043097920034,1.9239226420551755e-05,-54386.51110328448,-1715.1693920208177,-109.97661609611757,0.40201693781330133
0.051945170892142477,-0.0038541141465185157,0.23009526124696852,2.4637217703655712e-05,11090.531543205299,-83567.999145430571,10.606579511156893,-200.974811655026
0.086817832692779318,0.10117490778699675,0.22538993300877028,2.0707374734878406e-05,-48408.928702588848,-2217.6039758860343,-85.615973571867002,4.5406815963077776
-0.08709535270545754,-0.10229714014627155,0.22534884671784525,3.1248242228670657e-05,-47678.76942291548,-95.838225928903697,-85.590684145926687,7.7809581766882294
0.083414804261641953,0.051767036318672258,0.22589374466112086,3.1195320934612465e-05,-31972.16155087739,-64761.467871299079,-76.242832122651606,-142.86559456980555
-0.15640031714246383,0.093889507824753846,0.21239729024400578,2.9235135434634469e-05,-22138.185744957183,37907.995835372618,-38.659515744563713,68.008707799580407
0.14632735924133264,0.0058152889223910039,0.21657966488796959,3.0215237052858823e-05,-59418.677732645723,-7102.9021967390672,-122.64681371772912,-8.109827520056923
-0.090776963171282865,-0.030183418721073295,0.22480379154430422,3.4689011741775642e-05,-25467.7483138842,-69373.003544189865,-66.762022421516264,-157.85552759840738
-0.12903717727846348,0.063149234737696944,0.21913764019518461,2.7150694767974437e-05,-56852.836037706962,-9651.7567699709507,-118.33515478359493,-13.64198943764074
-0.12035471919245401,0.055793044909520965,0.22042486305887032,3.8308483444782904e-05,-55346.545654002082,-27348.249763563963,-122.03299287215054,-50.897985364724924
0.10885280573551898,-0.052451055198512675,0.22212769867755341,2.8890529429616469e-05,-49036.301300684121,-43565.570119549127,-113.45605296400032,-91.035216265493787
-0.090385581467070375,0.043096402581029696,0.22486173483425587,3.2034938360152234e-05,-31859.111663940948,-65081.35084142354,-80.060179436317824,-144.42823291922898
0.14861815408498388,-0.028558146640289005,0.21624051722619397,2.270133100524927e-05,-58574.425434885998,1339.2216409986429,-118.25087530073969,5.9486046588624308
-0.081062004428601508,-0.025997639954698473,0.22624207203937263,2.0949341844449434e-05,-15196.194167074196,-74978.494409973981,-39.628170816276452,-174.86812457271262
0.081610755198516197,-0.037074884334024748,0.22616083056939557,4.0328334896020086e-05,-21511.813871594401,-72201.949730029737,-56.587802739752476,-163.72626330927747
-0.062239560226409481,0.027582438211148703,0.22889898217317858,2.8349524095778016e-05,-2573.7141168586895,-80822.674236498904,-15.856286996304158,-189.47641112807202
-0.19495165203858678,-0.06774912708648903,0.20511176705043538,2.5757102066263763e-05,10441.772361127487,33718.427285523307,26.600653361833668,53.739398059246831
0.19455186285684181,0.067907264627774605,0.20520584851877149,3.0235977022259989e-05,10027.429503620437,34279.939794465776,27.91193906272995,53.42638754677381
-0.099689388539644125,0.049428711992193161,0.22348432453362613,3.0585204715491994e-05,-42092.233438909505,-54568.92074221019,-100.90062173022658,-116.70990380560261
0.09949067535274124,0.060674399960951544,0.22351374362931201,3.7797176128772927e-05,-46867.969340903284,-46585.798199019919,-106.9060202990193,-93.649543748683612
-0.13797347702117213,0.070204447584017324,0.21768477152218008,2.7458220548418792e-05,-53183.819866570157,8602.1646891287128,-111.2935053593613,22.139610450839417
0.11840791620722214,-0.057887378802328159,0.22071308340396539,3.3663773892743203e-05,-55046.07414275319,-28130.442299346782,-123.90810528608623,-52.171645108772772
-0.071539587262367907,-0.023176427407779397,0.2276444850845403,2.5385994932926256e-05,-6458.4294158673947,-78968.617721554459,-25.705410042748472,-184.30876205128314
-0.10567360468370877,0.084187640214254469,0.2225982802028848,3.3169582363541553e-05,-52911.104556040671,-14570.91218444086,-110.94355692713249,-21.350693466696743
0.13778055254426652,0.047485095461894451,0.2178450027749442,2.2554640640177851e-05,-58616.519049788796,-7578.1842444111462,-124.99823046457955,-8.6758122841533591
-0.033695576741973085,0.015926489292240123,0.23170267739756778,3.5778105493082757e-05,16424.516986100305,-85022.194387756841,31.451856016063644,-209.94025858344236
0.033255212719249284,-0.015139090222666912,0.2317322977977955,3.3989202437961925e-05,16684.073998797496,-84929.257100415489,33.845836640429845,-206.64521155148114
-0.18561635775411178,-0.064038564035201348,0.20808052719697098,2.7576757872484196e-05,-5721.8058461202108,41949.945614240707,-2.9906872218323457,69.771429861409928
0.1855810459915104,0.064024742597190612,0.20809064534790467,2.6274615739895726e-05,-5753.4141877441643,41918.945945615931,-3.9469060606985606,69.944700235121061
-0.041195119234443647,-0.09595871871785068,0.23113529154097456,3.1740352517380945e-05,-47180.472901832276,-30772.256455472438,-93.885115006244121,-55.759256692371714
0.14680608465426981,0.0157221663906012,0.21650879053408315,2.638125578524159e-05,-59368.650520737043,-4891.5533507946211,-123.94712357881681,-4.7073555502939808
-0.10914857468449718,0.057450023042078628,0.22208391066757521,3.4497021580077073e-05,-50860.564435633161,-39564.598448095792,-114.97916459911458,-78.094609894471247
0.090786695487252683,-0.045496867197648588,0.22480235069410587,3.815814866492327e-05,-33644.250074438052,-63629.070612107615,-84.567614833528324,-141.36998769570619
0.12907338404368676,0.044703719402980867,0.21913408191087899,2.9566124700626521e-05,-57313.995081943169,-22628.831614301067,-126.96038682714686,-38.872036282928754
0.17715742749004362,0.062702810902087985,0.21028849782175302,2.6588383312886318e-05,-19684.309005673382,42739.575992343423,-29.281315962500035,73.832545267096762
-0.17636987038240826,-0.062306845657369006,0.21051722063776437,3.241355147594579e-05,-21094.148091103638,42439.408149425522,-32.679198196069351,72.907513650659368
-0.13835443570690292,0.075598191058886224,0.21755849318018322,2.8150982948535029e-05,-50301.812330312576,13049.068276018814,-100.76905265447125,26.97296260684988
-0.11970467095251604,0.061708185565302227,0.22052110141964162,2.8489095121821384e-05,-55611.743006445591,-23294.337765282395,-121.21201914840827,-42.481336721485448
0.052686074163445819,0.0058302927315296077,0.23001348306339758,2.7261028812598614e-05,10166.797647872241,-83253.760605038362,13.853622473355092,-204.21670770512608
-0.086090865230474503,0.072898678377862763,0.22549755910881625,4.3223251591167905e-05,-46439.832365430128,-44992.603191935588,-104.17423901195308,-90.79931448349393
0.1005309812340813,-0.053781244861395669,0.22335972839387278,2.7804227108109879e-05,-44540.712279889776,-50977.602423893768,-105.00071148816642,-107.6720674681258
0.16671625139845236,-0.088760234243733374,0.2102848547730512,3.1032321460896954e-05,-16523.328057151386,40878.006368051821,-29.582190449512307,70.791416283233133
-0.1669190077781755,0.088658907695971165,0.2102428434008132,3.2284768297809953e-05,-16387.488275805354,41032.455993346201,-29.516643510383702,71.890850258061178
-0.053938209823425329,-0.039883896669046903,0.22990067240939555,2.366960902226119e-05,-5227.0094484923275,-80518.51032621332,-17.587880590188266,-186.396650802214
-0.16647837329381671,-0.058374279156081406,0.21293076809583392,2.3799736155865264e-05,-36705.212119527547,36139.779864218581,-62.428290427359215,67.042461263014147
0.16694078334730186,0.05953388403969162,0.21277633078318448,3.8777571714000717e-05,-35412.340328066894,36900.307288076619,-62.760969320787055,67.331691523967564
-0.062581242474134796,-0.021375270840063243,0.22885724466345003,3.0909204996933326e-05,204.1413632264406,-81164.065316018576,-6.3074184612785569,-192.85500045244288
-0.093827170128516726,-0.081078755795098836,0.22435221441580472,3.9187438569229682e-05,-51470.311543293086,-29068.102270436848,-110.92593348994038,-54.727237482731859
-0.081060211798641077,0.04404729158900722,0.22624233743470523,2.5690847202720839e-05,-25307.908665707801,-69852.023653528668,-62.642689674467881,-158.56131264785762
0.14808074872434179,-0.038070191012273956,0.21632007903068839,2.215265778870815e-05,-57752.320847775554,3924.9340346300592,-115.29783080888291,9.9257625147839956
-0.12905180614178427,0.067525228683107369,0.21913546937799547,2.6034083527595412e-05,-55961.731468974773,-5887.4762213660952,-114.34624077187188,-6.5634192123688901
0.19509413835193837,0.1153131738854259,0.19597887899812275,2.3125186395972279e-05,18494.663927776601,11168.201466571718,42.798811597080302,10.835480387868639
-0.052764357172709449,0.028461199605694137,0.23000287921087884,3.1990440362994188e-05,2579.4474143504408,-82622.672424657227,-3.9029282815626658,-196.17307161349362
0.10985122126801102,0.03941045428618635,0.22197988522570131,2.8783215895809269e-05,-45224.498982620069,-50418.363238383732,-105.79089566602102,-104.32944899376302
0.15577316617296955,0.05609114461623893,0.21502112201351287,2.8698286503231643e-05,-48794.985702490507,23776.228018407575,-90.857068395373688,46.987687707674056
-0.15725518771582347,-0.055641233472370946,0.21477792986927027,3.2465587548482504e-05,-47720.100057323682,25463.290233351028,-88.558107285269202,51.136185546135891
0.10821506637816046,0.092493691731467834,0.22218881521561676,3.3866014410332923e-05,-49755.304421760367,-1032.329643657451,-96.686613759041904,4.8718537550343948
-0.13876044732630963,0.080213314459311735,0.21730869549685794,2.040618755770719e-05,-47367.274926432066,17021.652170177687,-94.486003747935328,36.056076113216285
0.1475736537784651,0.026570728222957741,0.2163951534380143,2.2512943338262692e-05,-58806.562166726813,-1134.6662430911495,-118.72055767397896,-0.1355940050864253
-0.13167497362230129,-0.11142857142857143,0.21677549851037123,3.2214174841872514e-05,-18449.503344572237,31388.541918025483,-28.841114189135336,54.577067710989994
0.13161212344182782,0.11148782735927262,0.21678530945207219,3.2822807897709627e-05,-18268.864275297339,31330.35386623583,-28.709131514449517,55.892233406699845
0.10053831703283392,0.038651272016485237,0.22335864234332525,3.2379438294143441e-05,-37578.967860105127,-59653.802767929017,-91.552323413695618,-126.5241157831165
0.02400699378968707,-0.035052568329748075,0.2322877295393212,3.5430415967869441e-05,10175.738678638489,-85174.354476151362,17.014941598178826,-200.79990479023573
0.14641815756386478,-0.11330540401635458,0.21279547392363848,3.4850369957242277e-05,-6122.7419452308632,34980.383090907737,-6.5964796952609559,57.507832570742146
-0.14668638586929306,0.1165559739648331,0.21229803399554834,2.5185640434873635e-05,-1408.5195899791308,33811.995516213479,0.84328123953502798,53.381814940433671
0.090807930336616854,-0.071994947802411849,0.22479920691650834,2.845747997901429e-05,-48087.513163919823,-42619.59918592959,-111.53308105446769,-83.113429887330469
-0.15736302947114644,-0.13,0.20679704271645735,1.2022437321976339e-05,19070.3628564672,17412.475598973491,36.153030903496578,20.216964344829591
-0.15730790698230851,0.13,0.20681585298143956,1.6329783744460721e-05,18977.30361194141,17601.59160106934,34.71923766994918,20.075243137276011
0.15762041127585505,-0.12963754821743256,0.20676918397689864,1.7226266148897471e-05,18776.867954059268,18029.410108777363,35.587534859323,21.611541599296903
0.15730790698230851,0.13,0.20681585298143956,1.2535554560880767e-05,18994.862979343299,17567.237325585098,36.066656592582788,18.840224624050794
-0.13834797164255702,-0.053277239254738193,0.21775856909128208,3.0957090978027326e-05,-57762.008354537749,-3193.8723178500773,-118.95520950326592,-1.285182580689511
-0.17646580569628173,0.097002648518580564,0.20630503154397745,2.8919373913329765e-05,174.25302298376261,38682.680518198693,3.0699199770268248,65.977425310069307
0.17666701570353965,-0.095335981620227814,0.20651970625177829,3.1296711292504564e-05,-910.25393664477747,39041.080470665904,-0.87113910133213235,66.288515601548113
0.050657703898596675,-0.039385838486200107,0.2302318851563005,2.4965505340588635e-05,-2823.4216024730213,-81060.527697739075,-11.085544968936889,-185.28870077252449
-0.080070995053374075,-0.050128463640543942,0.2263887890242382,3.0066879343738948e-05,-28582.937956760732,-67627.301416345523,-69.511334589234139,-150.00397739832238
0.01000623271035592,-0.070175079129408402,0.2327742001339696,2.0530604575652163e-05,-19261.159956395717,-72581.349254565779,-49.606683939276152,-156.88480326481564
-0.061329951905908529,0.036736518976100606,0.22901009355335367,2.6320992404692212e-05,-7087.5763986066722,-79473.392647220826,-22.792636506531206,-180.13835499167544
0.090320944867510564,0.034807032249813949,0.22487130415543125,3.1328696700796469e-05,-27136.294830212915,-68446.788272505481,-71.405129178521193,-151.26070610717454
0.13727630139059985,0.087805145414047311,0.21721600005254252,2.7274254372308688e-05,-42402.090514204334,21186.597019438123,-85.471725322915319,43.066193435313821
-0.043166329418441438,0.021077910020162519,0.23096267718276534,2.8007720909787288e-05,11430.359836071177,-84158.256756694434,16.82843871668301,-194.29541603147362
0.043183881863659318,-0.022164752539990222,0.23096114015536415,2.7669857524377684e-05,10639.407971099008,-83878.8601609459,20.819002538874663,-198.81197425847299
-0.07080827787828009,0.04382741311213062,0.22774802314950687,2.7651145080422434e-05,-18234.939134970304,-74593.573458991668,-49.166470707888983,-170.56390006390541
0.051922887515932853,-0.015937198146426437,0.23009772080424248,2.3782718865705251e-05,8641.2171097608807,-83269.293910007138,10.028582994324811,-199.11875400363604
0.078851976286464662,-0.053146012515265226,0.22656926235016858,2.9598365713751082e-05,-29929.612392123203,-66517.164185775153,-72.822159072905038,-148.22518797738567
-0.1169345177652783,0.10325581784469698,0.22046930481340302,4.3502884721782005e-05,-37687.286994053444,18798.965043518117,-66.954181082784956,38.754122148266568
0.11630310906034333,-0.10103636274502002,0.22066452467433054,3.8011086208926309e-05,-40375.012383875473,15914.548388237476,-75.392582668380655,34.52607357968342
-0.17436707940652094,-0.11790933395618405,0.20324600524981021,4.1590805712845251e-05,14344.274743388805,26003.466646713332,29.26889207857802,37.077200091630296
-0.12901108451220056,-0.049911134673660415,0.21914330523373213,3.1546620808253728e-05,-57541.686736417054,-19536.959931917721,-125.59414231888411,-31.737910221094214
0.068778517190044422,-0.046550910889317454,0.22804570075731864,2.5732550043148029e-05,-18990.359753843113,-74195.300517558615,-49.74633707055488,-168.95771310959063
-0.056663910605486707,-0.096079888370106614,0.22957936306294768,3.3884809931917089e-05,-49217.46063542609,-25497.189476477786,-96.443938151767796,-43.147787520342241
0.14813641346908873,0.037275317555895575,0.21631183797493583,2.6155829470312815e-05,-57741.218734368384,3874.4636502217081,-117.82107362861636,6.429037835689333
0.059188587162574725,-0.040304110510972678,0.2292716676690775,1.6492430379660059e-05,-8159.4375241120069,-79164.598998750167,-24.767838387865897,-176.47059709427029
0.10089134521550872,-0.070382879931659259,0.22330637721664801,2.9970782263637821e-05,-51110.860398583616,-35825.047762893075,-114.35434640209537,-68.152336048764127
0.14761904761904765,-0.048450672352389743,0.21638843296938076,2.1578204658879032e-05,-56109.969042156248,8289.7477169678295,-112.7922833479405,17.207250800979669
0.080912418414612997,0.032361795270180974,0.22626421795393112,3.4017414508791165e-05,-18241.53759982036,-73914.958807499934,-50.815363455654776,-171.47547213515901
-0.18605875137755079,-0.074887772188790128,0.20666454312901311,3.0365171747368234e-05,-907.16937619465375,40436.002293588004,6.3957647300651201,65.141005070727815
0.1870747042932725,0.074667482385400774,0.20640307939466579,3.1794617824574867e-05,591.35232429487098,39835.439164093274,9.0672695619402166,64.761671304495096
0.075522619865978469,-0.096197722773235544,0.2270621670065392,2.9775407499060214e-05,-50585.932551555656,-16946.325541160673,-99.284992187766107,-28.972792976455263
-0.18647773164024564,0.10181329442576474,0.20217348844881347,2.6913450349467934e-05,11601.746832306808,30277.272368509592,26.003423054809652,46.508216499826339
0.18560539404481613,-0.10267062859635523,0.20230508688154028,2.7053929229713988e-05,11322.60035304654,30495.470724158247,25.634403658746304,47.510329035353251
-0.11984367754148686,-0.049099703067348448,0.22050052176810647,2.7330051672930845e-05,-54115.876751695301,-32966.42698289323,-119.69735422430956,-62.401905248264157
-0.18460331321375384,0.12370465609048824,0.19815174905689242,3.3672735835019251e-05,18889.71586630035,12452.260707867203,35.676216162342385,11.162464519690362
0.18361370797270515,-0.12377166969894252,0.19852211028067779,2.0951621214257115e-05,18814.627850809411,13239.240164065754,34.053789928685426,11.30104518437625
-0.14762135837329229,-0.070005567049985881,0.2160396568654028,3.194908951937595e-05,-48127.890704277961,20650.859595594335,-96.23321625402555,41.040786177408179
-0.11806413303350891,0.077097995664352811,0.22075748732573919,3.2987608515319359e-05,-54402.288887838709,-10183.851725226816,-115.19405503669131,-12.215864538867503
-0.11028148891359753,0.070109295299311383,0.22191618494876783,2.3169365501136133e-05,-53793.167298692322,-26565.283416994156,-116.6832324415939,-50.706771678728835
-0.031902092053933483,0.027508501954868949,0.23182953758907127,2.5457977226898415e-05,12745.317446549228,-84853.587444337463,22.38248553387492,-198.25728164292175
-0.11931569262048546,-0.06916273477672702,0.22057868889507842,3.0308624815663399e-05,-55327.735169348918,-17022.189697589845,-117.54158133878535,-30.917048159671246
0.041365733514789574,0.035048939745638281,0.23112035123945707,2.178221891700194e-05,4166.3829790058562,-83430.057759180665,2.9667295722142106,-198.6750785213066
-0.1761167151625648,-0.071601044894342991,0.20971026314633251,2.82972367891423e-05,-16878.489654075562,42645.341870123237,-25.870114740505187,71.310728245527201
0.17676648572187303,0.071097489407446271,0.20959810278972693,2.3141898475843076e-05,-16152.467242499373,42722.764311557272,-26.024609364272681,72.686398179095519
0.073320047685676876,0.079628172440427317,0.22738786233418556,3.454295507848209e-05,-45512.310424427073,-44476.232246994543,-97.862254565709236,-89.432070563370544
0.050329796330615482,-0.043732330443370479,0.23024759334924744,1.5765528084280232e-05,-6209.8022590419878,-80184.880663592281,-20.949308686775751,-188.58921626147051
-0.11634352471557641,0.090963318518954006,0.22092828229270542,2.4739100875022035e-05,-48957.93087776858,4177.4407941657901,-95.753713747189579,14.595873056417917
-0.10955285619005979,-0.045068759242985167,0.22202405758745733,2.601369720999983e-05,-47018.273953300275,-47988.042514576875,-110.93286419080304,-93.589415162167981
0.042643605483598253,-0.026918351244602762,0.2310084509197651,2.0767924258719685e-05,8731.3949023935475,-83847.482530851223,12.593938814569674,-192.47986969849191
-0.090454707160971093,0.048883949568855431,0.22485150091151065,2.9001017884116292e-05,-35170.354619493351,-62222.470538193898,-86.790968027352307,-132.99535971957491
-0.19388449622068468,0.12999217413502351,0.19269817029114431,8.4672004039792123e-06,15526.596771401335,-2058.859001628216,29.711249331264469,-14.97801797301323
-0.19542515009333766,-0.1137278946322105,0.19625398234441341,3.6356956568146994e-05,18588.346866193788,12094.235214561981,44.25662582721889,12.847066428960106
0.07140171237718089,0.027879938208729783,0.2276646789427538,3.2360285000033564e-05,-8660.2552766930039,-78528.987630584059,-34.570531044400191,-182.32868481315853
-0.057838901984968979,-0.048998924583965521,0.2294365357551599,3.0963678089859607e-05,-14488.905586140352,-76880.273893490128,-42.253536700927121,-179.4394025975889
-0.0046801314163528061,0.0024521625164843712,0.23286916252905601,2.887776177925168e-05,24795.258520098007,-85657.026662986507,51.27072339526822,-207.84212449040893
0.0062036246424393834,-0.00090382771455811218,0.23284238664307197,3.3851776053497287e-05,24817.02146960911,-85749.383169948866,49.113931559320555,-204.99099152683669
0.14751181627786653,0.048567774946909031,0.21638946469988268,3.603139658383664e-05,-56313.78831593322,8378.7249987341693,-113.58468284340559,20.820891877124001
-0.16652210236780188,-0.067894443742343949,0.21232819581094353,3.5333747926621104e-05,-31619.098316595624,38346.512433245385,-55.275111219713175,69.133519447720914
0.1670231886411796,0.068055868337763156,0.21220433640809949,4.0430742680025705e-05,-30786.860096423537,38933.306565922721,-55.712435686205794,71.033130870658297
-0.043132921216221115,-0.017231829079612435,0.2309656026624691,3.3138463132084658e-05,12192.710033243287,-84254.867394521789,20.971632096699555,-205.7473336392423
0.042773460896315216,0.016754602456803082,0.23099707977887504,3.002175340656775e-05,12843.746549774487,-84195.680943591826,22.181388666676373,-201.81421736451679
-0.19527544349280346,0.10794232625162942,0.19768853458322014,2.7987546690468863e-05,18334.487023004331,16785.03334381865,45.054732541984734,20.143809303714583
0.19553740675354478,-0.10828309149819974,0.19751615355909269,2.8907182824655981e-05,18324.484634561784,16094.827496112241,43.026271786504907,20.433550980030603
-0.089206136597218183,-0.075018884855002563,0.22503634932272137,3.0443782252063909e-05,-48579.781088232026,-40319.205537561422,-108.58060754597571,-78.784184706125913
0.073480332902654849,0.061261901080904284,0.22736452356640557,2.9173611878472874e-05,-33027.632003417311,-63496.101268947787,-77.638271811077985,-140.63561768521885
0.11102680815774467,-0.090712777074828735,0.22176111006008717,3.3685910662360354e-05,-50209.255644995552,-954.86801387210221,-99.476222558129948,3.7808191143627492
0.10398263907995461,0.086682559446292787,0.22284871725251212,3.673057349076659e-05,-52472.371273116798,-12629.328546877405,-108.34503442272315,-17.594917002916652
0.13754991768099034,0.057071255092856744,0.21787914781190415,3.7468016075536072e-05,-57220.473918704723,-1759.9537585809337,-118.82645874413407,1.3618478829310627
0.053415145788333653,0.016816021287265854,0.22993301081352949,3.5473153419023786e-05,7400.2747989421077,-82988.966593931269,8.0952747820417628,-199.97396084369544
-0.06551000104487463,0.056850661606804131,0.22845100950619851,2.7098492188578756e-05,-25339.798547463783,-70008.502733209447,-63.761064320016352,-161.10555046218391
-0.11240099605574794,-0.11842172444923324,0.22061555321299789,3.6606024728003534e-05,-17033.007071024902,28627.080132947518,-17.47427257703665,42.264162032926457
0.11270166722094989,0.11849304745012691,0.22054643570196134,4.3820541318380607e-05,-16629.223963167962,28803.437667151775,-17.287332752610254,43.50229092349646
-0.048835070708216792,0.03112273755782043,0.23043481758831144,2.5343497185661979e-05,3159.1934066769641,-82748.827458785367,4.0222316479692957,-193.93497183169239
-0.099897687075590588,-0.040627421865627213,0.2234534863459057,2.7352278196282656e-05,-37970.079317740048,-59374.44803566952,-93.706856856517518,-126.65689606823253
-0.15718326196363838,-0.066116027540736214,0.21438497464821027,3.1966691822799499e-05,-42600.16908711251,29591.846421709684,-82.080813157747968,54.403838686958224
0.15718143731150216,0.066081921956445189,0.21438744344410882,3.4646983300362893e-05,-42568.43352516336,29761.808785496898,-82.090000605746042,56.037323983012641
0.12864949371486781,0.054848386074960342,0.21919683803863382,3.3482942598063068e-05,-57351.748005071582,-16518.825542737814,-124.17219803742104,-30.727747959781443
-0.12685255153073799,-0.10532588208938845,0.21837566233213115,3.7209544682204033e-05,-30036.674730672679,26286.521522151073,-51.559589237437322,50.977605164142133
0.12784018526245983,0.10586617061719171,0.21812264455779842,3.7172178668371767e-05,-28708.621737695856,27118.699237800432,-50.53991310241716,51.89496072361279
0.047070638679135704,-0.0016384875337021728,0.23062078576867057,2.3493942524705009e-05,13634.533027453559,-83771.81754052281,23.435814102445804,-200.32848324879245
-0.047259614257509464,0.0020464209115197808,0.23060423761036508,2.1920252648196635e-05,13188.103120501664,-83884.8319428307,21.296930854443662,-203.36233441735325
-0.07534015847928005,0.05920471138560772,0.22708918005523476,3.0248616803990027e-05,-32242.775339415442,-64270.703455975003,-75.8599830737015,-139.08988492988991
0.14892810828551045,0.055786639721511148,0.21612888946732464,3.5575188207111982e-05,-53515.489624703318,14240.520208729655,-106.70424035935714,29.034011873578077
-0.14156373693408073,-0.0013853306904175926,0.21728490978214421,2.6635562782991956e-05,-58984.173757274584,-15315.787468643854,-128.03175937792369,-28.260095939579806
-0.157339951825406,0.1197043082329142,0.2086299197248222,3.0143245797226762e-05,8621.7564779399672,30752.493765219362,19.159691958341007,42.268375199685323
-0.13538219908623531,0.00057570176988216027,0.21820007427759622,4.229752514581345e-05,-57039.346077322458,-25577.751850529203,-126.50631952176529,-49.240057165321453
-0.19577982613222131,-0.08529268077998188,0.20210113686265646,2.9593585006533317e-05,15101.894750827152,27746.969026339506,37.36405382162598,43.342115150652845
0.19517499545011496,0.085693707405619962,0.2022271505792094,3.0617989526744854e-05,14608.530253604877,28494.225880086913,37.377811432820799,44.188517813950142
0.062985444986196626,0.025328963659077341,0.22880787011621559,3.0292668140240868e-05,-1791.0643666557498,-80798.826935877034,-13.24997913720884,-192.18504386002778
0.14255513473181558,-0.0032460722082308926,0.21713813529209194,2.9366059665771465e-05,-59156.49789048313,-13513.744012477942,-128.7008152930363,-24.422809456668478
0.12449989613105431,0.00054915532501757162,0.2198111777826578,2.1177299230868471e-05,-49970.623327988098,-41997.460545104121,-111.58153827993267,-85.096851278637985
0.18482368013122302,0.11747818383559633,0.19946991827675661,3.6616948069159166e-05,17402.413607186518,19219.431217202349,34.750593909794347,24.377928334461149
0.13240115656237256,0.0039326620701238737,0.2186414117480483,2.3851170943377274e-05,-55362.360729656852,-30362.255462269866,-121.93679621475424,-58.686860425483289
-0.10831574510617502,-0.11241963318833127,0.22175487057778775,3.7331824122632135e-05,-29151.987889370423,23650.600439237016,-41.719187816650525,42.40590271587547
0.14211190617136574,0.0072316480439388953,0.21720375440692685,1.6469920328441217e-05,-58888.009239916551,-14388.514433288488,-121.06758984722937,-27.50338004006521
-0.15201687305849448,-0.12307001402190505,0.20975093708440085,3.6349062672415415e-05,10240.361894936599,28418.085770311529,21.518391094239703,37.606405172165147
0.1523164670663929,0.12380952380952288,0.2095369205111674,2.6977833057192052e-05,11250.855530869861,27600.983859948981,22.262905412939112,35.225373755596301
0.11403403676705737,-0.00049584612584216317,0.22136062763479486,2.2411364281792651e-05,-41143.311988315669,-54560.905501538364,-101.51437110492425,-119.64015321483858
-0.090362755214357465,-0.037422578182498382,0.22486511421598276,2.7530370588754863e-05,-28555.035597181231,-67360.692127979375,-70.515658491646107,-154.21605396974564
0.19521198853849828,0.10980725933352924,0.19724923326799795,2.9862654020579698e-05,18433.008440039033,15392.443279841513,44.788176817365361,17.888114168241501
-0.1238095238095238,0.0041745860692604664,0.21991338604423588,2.6450685301283913e-05,-49690.598816602032,-42890.507404442484,-115.41471890467007,-84.216536719804949
0.13357559240845712,-0.0071558751576625721,0.21846753883567951,2.8801722769352117e-05,-56230.049878703932,-28148.799577082598,-126.77665103168056,-55.562143244216927
0.11938418092871846,0.050613903029934806,0.22056854933602513,3.2806295504549464e-05,-54327.919513537301,-32509.672595254277,-123.00796722341829,-59.634473441038246
-0.19977968776078164,-0.0055178019420453212,0.20852628213164676,1.5689925367216967e-05,14025.365904543842,30704.079553992888,29.846070605619254,32.635724189977907
-0.20000000000000001,0.0054419846893020395,0.20856811126310462,1.2983764013076766e-05,14328.14453356894,30128.161507626559,24.22809456770311,32.848397824836923
0.19961888245941001,-0.0058734370527992914,0.20862068508790876,1.2910310282036199e-05,13592.269748030174,30853.86830249097,26.03243528868844,35.182326328470246
0.20000000000000001,0.0061603636668113434,0.20855947472600833,1.3279241687864705e-05,14312.193752661087,30228.410119817807,25.290152713986938,32.712618559939898
0.14772800161251576,0.065105445185713984,0.21612641313778508,3.076462009538388e-05,-50446.896427931439,17899.992337791649,-101.8961648010773,35.818702075565319
-0.10486468619226608,-0.00096589299864518032,0.22271813191592232,2.7247886465946132e-05,-32066.642398538923,-63370.70928995654,-83.266641191310512,-141.92033705791192
-0.14209517546361441,0.0093693576126633211,0.21720623135523562,2.0908610526186498e-05,-59159.312503594432,-14036.021644277249,-126.34556158788645,-24.731786961419992
-0.11507003873497901,-0.0049835526682625577,0.22120724958525484,2.8664591619793037e-05,-42165.746249554562,-53441.301710170264,-101.3457209793212,-114.37764641510701
-0.12488622115586123,-0.0075694785233950427,0.21975398312412611,2.1143989988834654e-05,-50705.340629049024,-40982.548291490428,-118.70268046802499,-86.185400047389521
-0.19060486396559809,-0.0024154383208262464,0.21002446757813178,1.8686334830816587e-05,-5279.125830062143,40355.486632521846,1.8580739363147958,55.757881228854274
0.19046931146539392,0.0023138174698969904,0.21004453585863253,2.3642707126828814e-05,-5402.6640253165197,40574.458860097773,4.7990348454563723,55.561813708870581
0.14780633928862813,-0.058397709061910788,0.21628410043922586,2.2696144698897962e-05,-53158.599116299374,13920.260268895179,-104.37949819811261,26.501866448827045
-0.073084814944063589,-0.09582643835497924,0.22742307922066601,3.254554707545849e-05,-50382.866197834446,-18764.479463476418,-99.984656903666931,-34.121831076097735
-0.18169953317593565,-0.00024247667787219776,0.21134288425041592,2.5223430632554066e-05,-24050.162024174522,40316.305926191817,-31.128871115291044,66.759544632170034
0.1812316257407641,0.00067113844208942859,0.21141215702401484,2.2953493770058883e-05,-24929.191793460712,40002.949922962944,-34.176623107019324,65.859005180479613
0.10430541812910636,-0.0044042063428467804,0.22280093045043625,3.2561474156260901e-05,-31869.206497487146,-63722.39514532141,-84.695341574707044,-144.07339149225754
-0.095650341448179729,0.0012751527654289549,0.22408229749513689,2.4540316372553994e-05,-22735.315748634177,-70111.455109028975,-64.2960663551804,-157.92801983446807
-0.13346751161486728,-0.010267749882697691,0.21848353998415879,2.3570203138885941e-05,-56247.205641874491,-28127.305833356782,-124.14579252514052,-52.870789165499637
-0.11422448928776235,0.0073712767920286713,0.221332431514459,2.889417111496894e-05,-41715.964141894583,-54234.671894862899,-104.32870065548714,-115.89661779109689
-0.043560038973258788,-0.046553385329638659,0.23092820093935035,1.8349247042948608e-05,-5607.5845083684553,-80847.163950847447,-20.815000674772303,-192.48536506925424
-0.18505160401759918,-0.080728984372097787,0.20615374853296828,2.4301216902277392e-05,360.59331378336219,39686.904344647824,6.735060729605248,67.577157331380647
0.18634591983090762,0.084214961442117653,0.20524902182245316,2.5437117860740482e-05,3698.0028337040617,37911.581028819055,13.528824909104541,63.363733046691252
-0.17155028321105373,0.0028451541324610551,0.2128454607050056,2.88107984428582e-05,-41344.550023127675,32128.171824813071,-69.085583868844409,61.195411392007102
0.17234477536180326,-0.0027162365933459604,0.21272783770791684,2.843016644776773e-05,-40107.569038602342,32999.524444949384,-66.777620471390932,62.258923351904556
-0.19074666593516348,0.0082907088647628923,0.20997587136487719,2.6049795037349263e-05,-4863.8752490403331,40325.958943721722,3.8016090375372054,55.477896788397658
0.19063618848607505,-0.0085169317807160683,0.20999232101477439,2.0704637724470088e-05,-5042.661393245884,40353.522721440189,2.2471763113968546,56.470185084857675
-0.099658468840300288,0.056124491249266245,0.22348890213417572,3.3196824383051561e-05,-45048.467822981213,-50135.122946021998,-105.18571151251153,-103.0433672898062
0.095253058945708208,0.0045019154178182587,0.22414111438664117,2.4483719361351299e-05,-22594.304623406533,-70083.234216030105,-60.628109574955289,-161.01117981771506
0.085663664021716462,0.0016409156358512978,0.22556080540582077,2.0001704229112474e-05,-13268.75064507726,-74939.320914113385,-37.33255493370639,-175.09290084009058
0.12413620067334233,-0.0097765620013697888,0.21986502217838064,2.619414918780645e-05,-50309.402240188167,-41707.112993173985,-118.20528451146076,-87.207527939456568
0.1048412432000696,0.0066471797797216254,0.22272160260471424,2.2006036254546629e-05,-31995.360603819161,-63246.26076941254,-77.496737980181848,-136.99603916362668
-0.14298543876036593,-0.013278304203237792,0.21707442962873238,2.1959304098149041e-05,-59184.889952014542,-11912.981235972416,-128.31374551637265,-22.152644520372004
-0.1524488508026427,-0.0030883946474457879,0.21567339012689654,2.7953072100295113e-05,-58242.234666865632,3280.7509604812353,-116.95296979526837,8.0767160396257172
0.15220162266285042,0.0019590228663553576,0.21570999176574171,2.6532547021008818e-05,-58278.921191323971,2882.7691357739068,-116.5491869555749,6.0119866986777994
-0.087743764783530298,-0.089999829042151785,0.22525285058761349,2.1488436041692104e-05,-51302.209051385486,-20458.125338368049,-105.09851689145994,-38.326775376986745
0.16258932065911524,-0.0058263739943545806,0.2141721135500525,2.3809339205216042e-05,-51948.336936960426,20302.791210654403,-97.965735079082435,44.087538003517032
0.16173401456391162,0.0053197362013161359,0.21429873993176218,2.8223802245566491e-05,-52630.587996149938,18771.768247183441,-97.956068771789333,37.969470963349345
-0.16190476190476191,0.0055352709955359472,0.21427346112446774,2.2874356246464726e-05,-52580.856518210341,19037.845660938252,-99.794426500177266,39.672541423018053
-0.16173163131207902,-0.0060658888622967377,0.21429909276749898,2.7297468819323186e-05,-52736.165230171653,18822.577376678801,-97.83578400524965,40.830642870480624
0.14722388110646328,0.079191512736141223,0.2156601505896707,3.2222878507973037e-05,-42584.974493397873,25562.88538693549,-84.872338948934726,50.460629111724622
0.14731760718295084,0.072244708699530077,0.21598860593877858,3.7075337466544346e-05,-46885.443591675503,21733.046803240246,-95.621213179137214,42.814771164423192
0.17143769333837958,0.0080617070700350242,0.2128621294137566,2.7525420679779696e-05,-41230.480980596047,32140.823593956306,-72.075937417446141,59.022830866988045
-0.17217199372430675,-0.0076284368395536433,0.21275341768882045,2.6234652518298813e-05,-40282.82429758105,32817.834692597411,-68.310197598230616,58.734868206730376
-0.18078801605346173,0.011050139288472439,0.21147783256392913,2.6377241302827324e-05,-25493.244016254364,40238.276598018136,-30.966793112786036,68.177777042104069
-0.18070704578875643,-0.010939239871352549,0.21148982005203801,2.9098624478845369e-05,-25598.713020814295,40170.795770353921,-36.413625117291886,70.129067043081591
0.18085430112688172,-0.010980883753132126,0.21146801918944763,2.9921212167628718e-05,-25266.146704259267,40324.060650696279,-31.539623303647623,69.365739964981785
0.18036178488069438,0.011502351345234668,0.21154093524901701,2.5255176655934026e-05,-26139.465702145157,39986.933455693099,-37.398755004818959,68.849569790773771
-0.025548385622641424,-0.034031757695977521,0.23220655270005874,3.2609259784734766e-05,10419.248500672786,-85301.084754907657,13.572509310572622,-204.15370279347366
-0.086274521440512619,0.0041188646376980028,0.22547036916888005,2.4691282020855892e-05,-13835.615264191107,-74778.477418583367,-40.563888737383039,-174.3195397097588
0.19069214981700972,0.013998235282780751,0.20994956674748932,2.8122927967543525e-05,-4823.8815931435611,40478.443704670171,2.1758641948979403,57.111503686880383
-0.19993348023032145,0.017018599217460788,0.20829876377254494,1.3671798997556009e-05,14359.703032086247,30261.486332490236,27.301809295866981,35.210025415720395
0.19943686496096094,-0.016508355295613533,0.20840017718236248,1.3211324095641952e-05,13453.984628245917,31103.794967258236,27.667652181778323,37.822664824764928
-0.19976029165469081,-0.01715070462911281,0.20823679413946963,1.3053536832548723e-05,14007.684253412097,30652.485801753202,29.964662200680703,37.428491327671551
0.1997047380934022,0.016745550992221074,0.20824069854568716,1.4392037424124132e-05,14028.211463744321,30780.6454982672,30.766715004589976,36.294221869060593
0.076542998447441946,-0.0015558508129821496,0.22691110196857284,2.6868647652844651e-05,-5418.6799938368231,-78305.656889376478,-22.350360141544016,-187.55332656554199
0.11460654098005041,0.0094938441331515917,0.22127586951438466,1.9523154115363723e-05,-42048.224137371741,-53479.957647108371,-102.23256442618133,-116.92430851696828
-0.13323701277694935,0.012978247074609381,0.21851766488283253,2.7156952360871529e-05,-56057.001338684349,-28055.471600050423,-123.52066446666711,-57.704271084263119
0.094882712606144351,-0.0063783360242748617,0.22419594343231425,2.0389003535683154e-05,-22406.200773386172,-70151.053356499353,-57.550417877574539,-162.80569518548882
0.1099835090136578,0.048443065832453856,0.2219603002856784,2.9682261364933546e-05,-48357.615771426761,-45120.049293761032,-110.3386317684467,-93.618012701137957
-0.10537187689556574,-0.10784003781238777,0.22248236812483319,2.9739596079250108e-05,-36945.790276556239,17715.526118602575,-60.133342906311718,36.525615044275199
-0.15216759279489403,0.009585067773320249,0.21571502982062468,2.3302856410599055e-05,-58374.320146736536,3358.500414216538,-118.44905694386877,11.28058444266764
0.15269940893136327,-0.0084064287795571641,0.21563629548975347,2.4509989497169906e-05,-58242.711482098042,4028.7978437984807,-113.77906445694059,12.260405846573153
0.14282980628438532,-0.015134954382073136,0.2170974707100721,2.8690009998145688e-05,-59049.161830841083,-11877.396700802341,-125.4743144634127,-23.330640972069641
-0.081302943220334822,-0.035600272942694161,0.22620640152611218,2.8714164483954872e-05,-20241.257554296026,-72805.170746241987,-51.120498148298687,-166.68403384388509
-0.0051047473971606132,0.077005352192346166,0.2328616997659177,2.0830900032505043e-05,-26289.113820172002,-66151.946961552996,-59.767433224410475,-139.96426295622396
0.17122933235485355,-0.013809165607786174,0.2128929768467181,1.9331130947486051e-05,-41309.859523559535,32257.149258807585,-70.047388075879027,59.777725078251549
-0.17026718133915411,0.013039076127948059,0.2130354214083312,2.0165451808658948e-05,-42691.534765915705,31077.055975830051,-74.538297312103936,58.638598450964345
-0.1377652848576234,-0.059879754336442562,0.21783785362791469,3.0550360346880614e-05,-56541.94552799347,566.05703375056828,-117.967616152112,5.0363359373523027
-0.17397609873656544,0.11443123045925686,0.20404470700461191,2.8011996324902812e-05,11657.74105045356,29556.721418602148,24.819119934961826,43.127396207528285
0.17645094765940578,0.080869891424002832,0.2085743578435483,2.3894761478003589e-05,-10815.744511233241,42345.471860047648,-14.636116497061144,71.994108636791466
-0.1764265691538148,-0.081585487266838938,0.20848715805532506,3.0579462852960176e-05,-10415.499079429037,42122.748081678328,-17.520369386596631,73.962574550544119
0.12349910495610412,0.012797563762718494,0.21995934294369376,2.6985485926790698e-05,-50092.464322578373,-42206.024958877446,-117.47501969025404,-87.114736591981838
-0.076154471248863889,-0.0037542802065581244,0.22696856566115448,2.5424800115713179e-05,-5239.8031505920189,-78402.211832833811,-20.580304748160266,-186.01294774667838
-0.10387133918055361,0.0094399824420720625,0.22286519498326235,2.4879671309945255e-05,-31672.434274144216,-63967.566321328326,-84.209554391364776,-141.49138623584545
-0.066502674512380108,-0.0011254143301168773,0.22837822999723389,2.5771781369331038e-05,1959.1520782796767,-80879.775124774926,-3.3195065636979617,-193.17132506746972
0.028412193486344411,0.0026154922090605732,0.23205573130237114,2.1047694872670553e-05,20779.024308018077,-85107.8116808013,39.897096934581519,-204.42505892100519
-0.02865582390774235,-0.0025745791440603153,0.23204166852376221,2.6537155652917195e-05,20894.001553545604,-84916.388681230819,42.787249021796185,-202.17656546146458
0.1331894845752376,0.015055359465525945,0.2185247013394247,2.8491625293878683e-05,-56358.267821576897,-27638.640146356964,-126.30655798157557,-54.380079669771071
-0.084931011672201892,-0.006817935274003443,0.22566927314221405,2.6291618548409124e-05,-13104.399629928639,-75294.604492378901,-39.862523120335986,-176.34002185729295
-0.15717637208229882,0.088611420884916095,0.21275530407731999,2.8403436823869037e-05,-26376.488630943146,37195.443391736146,-50.18544295686214,65.798320669738629
-0.032259326799036751,-0.013486628560171481,0.23179928451334225,3.00940266847765e-05,17875.679181163763,-84962.841549036792,34.751352863780063,-205.29428292045412
0.11486025688548811,-0.012606800074538793,0.22123830737462216,2.6749687721146833e-05,-42720.222050405435,-52850.924709420477,-104.37774996734299,-113.83870526292876
0.14252291853012192,0.018609289281664214,0.2171429048372592,2.6401373314845417e-05,-59188.130979856105,-11707.788201083664,-125.11352646338563,-21.044557948422593
0.19009972285434609,-0.018932175683986287,0.20994796977404154,2.6080346958997907e-05,-5905.276166908051,40804.074773658089,2.4411091333151274,58.106689430549956
-0.19016208811387725,0.019418129069001675,0.20992790510826073,2.4236416872690003e-05,-5711.3387947807478,40851.08263594492,4.1997808840624273,56.264768222686158
-0.095531873237257287,-0.010037664129967696,0.22409983648028017,2.9770555332930301e-05,-23760.010405965822,-69912.047961529985,-69.316467029607537,-161.52095490625535
-0.12387681681253884,0.015472609544800389,0.21990342344776431,2.8386670576214876e-05,-50677.027892262086,-41308.980135155638,-120.02564960821385,-84.898897568985049
-0.18583693534423101,-0.10600282799826359,0.20153873765522465,3.4582829230332913e-05,13090.843206404694,28040.264454740292,29.810201237359905,43.77748489805051
0.18571428569073584,0.10681799278696266,0.20141007392546556,2.9461481093691734e-05,13284.165328293386,27471.096787672072,28.722470261686112,44.658220119488703
-0.082166231446367588,0.056371057224243973,0.22607859340566488,3.8783960462445265e-05,-34296.555966247703,-62577.129478869851,-81.571549332905334,-137.58715653300476
0.066309844750411739,-0.0038759278648534644,0.22840178473008782,1.9410758390577869e-05,2095.3472979145963,-80801.021644994355,-1.9373487965285223,-190.55054620985618
0.195295202068585,0.10421742470201321,0.19847759665463044,3.1392565803191192e-05,17909.318724135013,19078.242030172798,44.534181514094087,27.024105435272524
0.052543070962827926,0.026274631359299194,0.23002926720117328,2.5905413566477146e-05,4197.3684857433,-82538.310899982884,3.7478891398117509,-194.12466425799221
-0.15239580327378111,-0.013466220876133498,0.21568124370899547,1.9607802958832115e-05,-58256.77221395728,4160.8445205874896,-115.97933936333153,15.879220195492849
0.15177138041926949,0.013486332537487013,0.21577368828195834,2.7871165416715286e-05,-58426.045524962276,3297.0470410154444,-119.01032327255496,12.121497211230377
-0.057314230559042452,0.001857278570559106,0.2295006259409676,1.6930597730659171e-05,7594.0477234780665,-82747.380835537639,5.6022226135940514,-204.00112606904213
-0.10515530240207187,-0.012242769837318505,0.22267510675882329,2.5975497150203676e-05,-33203.723006071261,-62343.551443172895,-80.298927611741561,-139.73696060825506
-0.16176438546393268,0.016315972801911743,0.21429424357987076,2.7748848066901131e-05,-52117.615802991779,19795.981284661739,-97.619933480350056,38.856277936695662
-0.16213701979106793,-0.016727050710222905,0.21423907580214702,2.7558024611188104e-05,-51648.889967870789,20454.32156865588,-97.939060768841784,40.269824858915165
0.16305330760811887,-0.016438743799661377,0.21410342119670403,2.0685988642970139e-05,-50943.870327617566,21849.352472332172,-93.707333678935328,43.790980582086654
0.16200680541468709,0.016863220948232796,0.21425835378393637,2.8224190413883597e-05,-51736.933691925777,20339.279581051043,-99.120866638779404,39.865310978503672
-0.12880154544569075,-0.058022953845863243,0.21917432707955756,3.4891345200308566e-05,-57361.316596191478,-13852.991893635904,-124.83424936298297,-22.951594478531128
0.16707936120092334,0.076328424601790068,0.21149823506196966,3.6108560968054764e-05,-25566.047534974696,40144.391610952138,-47.138314422303957,71.323891763578331
-0.16652638140192833,-0.075768784129290473,0.21167568143012089,3.3428445468989359e-05,-26501.811254171818,39905.726867064135,-50.296091005048829,72.979925445379266
-0.10791847220065548,-0.073764545537180023,0.22226602491595301,3.2301524464342962e-05,-53573.33360000536,-25157.334032379265,-116.39663373743501,-45.2853215938242
-0.057046038419398114,0.039343872541498494,0.22953305175970568,3.3676926836805743e-05,-6424.9632835355724,-79801.463966650917,-17.736405608941432,-184.45789355789901
-0.17197823624421874,-0.01918408061446767,0.21278210310187937,2.4754644346049038e-05,-39727.373374314193,33647.198958270521,-65.164526092056676,61.246783523508668
0.17232404132026027,0.018771408767291574,0.21273090734190345,2.4447545652866838e-05,-39311.589616755933,34042.847847082514,-63.870738361886247,61.936288689366968
0.13333333333333333,-0.017994772407106063,0.21850340481429381,1.4691426001346102e-05,-56606.84425307269,-26768.504532199466,-128.3741441777,-52.808281129983591
0.018763213248416739,0.00039970540909964715,0.23255593450322939,3.0642434549944255e-05,22967.150403887656,-85493.136060473771,46.954745554949596,-206.61990669889269
0.038089372139539321,0.0056686377055686233,0.23140713559242765,2.5365675410785411e-05,17021.401426596862,-84554.428871951735,33.347344774043847,-205.03115929216352
0.038934939188940171,-0.0055540655593621204,0.23133321032769702,3.187644863730575e-05,16710.170836946239,-84427.151082156808,32.684251686628663,-203.91651844048934
-0.038290994613545917,0.0056745458063319392,0.23138959907837736,2.5307878599893801e-05,17266.092774318437,-84340.781735574506,34.735729883443625,-197.26230275723202
-0.019191852138002265,0.00055622416204160867,0.23254131721996668,2.5055310052063061e-05,23138.597999259029,-85492.323882510798,44.758340966835192,-205.16513948821316
-0.038691669839478297,-0.0054743398080742064,0.2313545128671067,2.8044733099564809e-05,16775.070264280737,-84465.266934347557,33.830612793797364,-206.1221500785897
0.08512071561536029,-0.0099072392453943905,0.22564118784730863,3.0719057477199475e-05,-13985.095743358825,-75117.335731243613,-44.431100472979779,-180.14633941714177
0.18061213852741143,-0.022087431309963157,0.21145583359759701,2.3184610549403919e-05,-24778.273502114487,40658.326433592592,-34.105744496756898,68.37458725325564
0.18090152035071652,0.021979757177055501,0.21141347130026816,2.5138885858178572e-05,-24264.765195047115,40853.986503917811,-32.691511921191065,69.52636005999608
-0.18075215027124614,0.021558781999679325,0.21143947085467263,2.8477014147405383e-05,-24599.540070480383,40875.682901564585,-31.476787071201066,71.068853057077447
-0.18082106980783411,-0.022808012790383195,0.21141859596198215,1.9921344815129348e-05,-24307.454403998385,40850.431593772861,-32.141131605161199,70.26001101947513
0.10074089020782458,0.10205469537443325,0.22328783851672931,1.7172070109658114e-05,-44861.482519380115,7304.4512754562247,-80.520860465847804,20.86967771084657
-0.1335884614485216,-0.1142960808016816,0.21605942370526543,1.3655853575417612e-05,-12836.295837589863,32362.391947364034,-13.800410525765649,49.242066270956435
-0.13714261432266822,0.11142857142857039,0.21546582505723727,2.9747735752833755e-05,-14849.649960420882,33190.879515323919,-24.864440957672333,58.562579636954702
0.13628270282576693,-0.10938856414357159,0.21589743492070004,2.9265316942135597e-05,-18469.318558449348,32529.419851598661,-29.617357448372701,57.112639284607923
0.16714855962821842,-0.094450195359944825,0.20944232344045535,2.8130632227908613e-05,-11190.206413621243,40586.190005102588,-18.486002451983698,70.327809357642877
-0.16675789899112434,0.094371983853610883,0.20956040836735931,2.641510710950962e-05,-11771.356420230471,40535.68093396513,-21.553092179358607,69.016424506945185
-0.1197065902216347,-0.07432364150552534,0.22052081727563119,2.7557127902059651e-05,-55002.766909586804,-11083.193823186233,-121.9230407574987,-14.943212977828351
-0.11457889595703116,-0.015168630940748312,0.2212799623055583,2.1250658100123406e-05,-42850.333793264115,-53114.415807868478,-106.44380836958277,-109.8502406333086
-0.19020784749627215,-0.0245774099815524,0.20980445231011999,2.6568079785010816e-05,-5221.212476666884,40914.434003896771,3.8236989368043659,57.876672523195005
0.18944970205557901,0.025254050595177015,0.20991725652545506,1.8901418384574762e-05,-6694.6390345863347,41267.346556033997,-0.52783031135424741,60.236749831054588
0.025901268272270392,0.013104997357336412,0.23218796826389204,2.598276619757372e-05,19928.965407340689,-85444.198959347239,36.941441314132277,-206.24889173536639
-0.20000000000000001,-0.027266902291686563,0.20779753668338632,9.754002517425921e-06,15116.608391614145,30137.806047052247,37.332644743633381,36.128892327638972
0.20000000000000001,0.027616468719182458,0.20777663846881564,1.8630856560100893e-05,14852.435854220017,30135.707950595715,29.961093498092726,38.934511587586904
-0.19971206178156364,0.026808356062333234,0.20788006175933718,1.2994408944007195e-05,14257.205757807438,30461.074702507423,29.149404650985218,39.714114789503654
0.19962094265732577,-0.027668619241510026,0.20769856074414572,1.3668445141507827e-05,14239.200180003607,30771.671725035474,34.9478144533809,37.831001456128526
0.18593447821165682,-0.12607117212540081,0.19703398278334827,1.5487010225669848e-05,18791.945299718333,8548.7624022546734,36.511222799664935,6.4753887412253475
0.099669494192299105,0.044695380305155213,0.22348726985254166,3.5494111316922134e-05,-39829.123438439499,-57260.08729863722,-96.410722982399122,-124.33513787737711
0.060827946961656908,0.038376113207888453,0.22907141496054989,2.7409903784625997e-05,-8333.0228931092843,-79453.30539265665,-30.697744104941023,-187.12668072536638
0.057278309178516063,0.0040642487553469095,0.22950501384516558,3.086630268824779e-05,7655.9333928998867,-82490.726515711998,11.361882309410607,-199.8344892113889
0.12896578527207914,0.080988773801808384,0.21902855003530178,2.7163847943051844e-05,-50958.536542580485,6487.4297069250706,-102.6025513213028,17.488128088863714
-0.14309330909744689,0.020983071908293852,0.21705845963792447,2.5148790689510628e-05,-59308.464394471732,-10084.760598781651,-129.91054609284748,-18.68613020545336
-0.095067764054686282,0.012326322893014377,0.22416854693006738,2.8777407114096401e-05,-23454.657175720891,-69752.354973066016,-62.783934220515249,-160.88694168594097
0.15298293436942639,-0.020238076981787673,0.21559432010743604,2.7573452145575224e-05,-57503.980918344299,6445.6473805764017,-115.97816237635486,13.000024172861746
0.067742093456143057,0.0071110828988899151,0.22820068537718599,2.2583331448564359e-05,439.06542892330282,-80744.372708604773,-11.003609965083333,-194.66639541266287
-0.12318293144650139,-0.018503211000312943,0.22000615180865798,2.174326675657101e-05,-50545.575242816893,-41717.459629802193,-118.93889336718922,-84.564570839746622
-0.1403242209030352,-0.095596902962326702,0.21611270302530847,2.2947988848315032e-05,-33047.667595522238,28626.442339839006,-64.624163338095627,53.030913319416392
0.1761786725063757,0.10374872982234191,0.20523960954747122,2.9946726230870865e-05,4884.8156751472852,35666.410182582527,12.908081189883578,59.082189149165799
-0.19395943416197214,-0.095080448045746946,0.20087068855348281,4.089940871915214e-05,15453.985473571562,26097.537607432721,40.047591633994948,39.021946889796482
0.19530079009893819,0.093542640813133043,0.20072028266581568,2.8085263815133272e-05,16182.273818134592,25004.976088940788,41.055499995347539,37.297357345004606
-0.071093964696577278,-0.032666399337275193,0.22770975323615544,2.8280402050176921e-05,-11163.710219572444,-77462.373836170256,-32.030212948734899,-182.5110515662324
0.10497357006735678,-0.014876106048456853,0.22270201187280961,1.9620546380595497e-05,-33566.866299783178,-62269.683100191782,-84.697270070960855,-136.6122819760327
0.17672307198844742,-0.10135472072100049,0.20551467360579354,2.8319684443916651e-05,3458.4763156922727,36661.786499075097,7.9397841552370307,62.263810776426531
0.076737077251056288,0.0096057724336859156,0.22688236898419914,1.834864477459039e-05,-6407.5809561116257,-78243.724614854829,-26.814654549285109,-184.02339757125768
0.15723289532157042,0.072316238980362352,0.21402825995299038,3.1806278756118489e-05,-38807.970915266807,32162.351336491716,-75.155947558875411,59.468039758582769
-0.13376495375264724,-0.019839469347529927,0.21843950426187611,2.1121461585888787e-05,-56952.669440291334,-25800.851186052812,-126.94834344554221,-49.557841202452529
-0.046934485027591462,-0.0092794345757420352,0.23063270843190048,2.1843809813011974e-05,12449.671993406835,-83730.302318680813,25.392324028206218,-203.59826885698604
0.047718781241588598,0.0086373543715442761,0.23056175462346187,2.650270224111553e-05,12235.296646580849,-83735.875567221563,21.475028831792283,-203.9211269184174
-0.11964115374702806,-0.054949378859530218,0.22053050501673083,3.4878133309735694e-05,-55023.768573470887,-28699.515033410506,-124.1875037381207,-56.299122210544063
-0.17076712733491017,0.02467529679491887,0.21295267601527235,3.0725153389511604e-05,-40790.090253344053,33219.12000753625,-68.154694627302845,62.512078805946715
0.17201290848035664,-0.025502420646064297,0.21276138761350002,2.9924724787664592e-05,-38696.593126481996,34478.79941508684,-69.260159535643041,62.80417478518627
0.086795751852749792,0.010732572027891588,0.22539320203361846,2.1374887307804213e-05,-15348.181231325358,-74134.159917723286,-42.603601381786362,-175.92063641836117
0.18557419564954331,0.10087412705071251,0.20263229669783378,2.9710206011568595e-05,10550.300448200327,31474.133580942558,25.503575054246703,50.449052991275607
-0.1859579753665403,-0.10041592722601597,0.20258940434231781,2.8558021353352649e-05,10593.503338043714,31443.633131891074,24.661225527327371,50.872005321787732
-0.11398686269025658,0.017500881178844994,0.22136761166389191,2.6041709146870983e-05,-42685.175302311036,-53202.62114750738,-104.67424167150925,-111.50981431650375
-0.1670913487766458,-0.09883210716096999,0.2088291689269367,2.3850491336163724e-05,-7202.1603492015374,39704.920937170973,-12.760073207255234,68.383153101955216
0.16700733756469985,0.098356759830238255,0.20892588225069625,2.5189913209124455e-05,-7611.018762248098,39884.252284592018,-13.232879945907364,69.624670571084621
0.18549839393245118,-0.10732774167534033,0.20142359214997549,2.9063199871824847e-05,13532.669923615553,27479.13756488396,30.696501133611207,39.9158592409714
-0.18638786507184835,0.10689384602354525,0.20119267798699486,2.6754885773519042e-05,13834.240450737889,27049.541430527534,30.274629896631374,40.973315645965599
0.19390200523099574,0.098568327264116642,0.20018944442410877,2.592360000217639e-05,16150.09400318914,24213.711995189253,40.632602815736163,36.974994008496665
-0.19042932701057497,0.030184148042944579,0.20953808733091725,2.6749438847863618e-05,-4298.9956808888919,40710.656337958069,3.2489522065560981,59.797382134662371
0.19058073440755116,-0.030371670081958693,0.2094999861178834,1.7369832028918699e-05,-3758.1347795344318,40554.402053108541,1.5764178868893488,63.129869325378245
0.12418522049182683,-0.021432762777402515,0.21985776489086498,2.0705776110712402e-05,-51595.099440438775,-39673.746481318827,-120.67840186574035,-78.061033568836251
0.095372118631179836,0.014775319502908888,0.22412348783485658,2.7403845438420692e-05,-24447.310396512912,-69537.037861862467,-70.828339452677255,-157.99992128995279
0.056269537133869584,-0.0062081310667364059,0.2296179535739685,2.3582717128670644e-05,8175.8133293363589,-82841.062315781382,9.7907891803218465,-201.22055443197101
0.12086403862406499,-0.083110168388188715,0.22030019053053213,2.6728786487253137e-05,-52128.773212611246,-133.80037444672766,-107.79350464163521,8.8012455835181349
0.13825702268655421,0.064495638173660788,0.21773773951081365,3.5201494025685571e-05,-55041.360765242316,4653.9483761493821,-113.2033306196259,11.9597191133072
-0.13291310717737073,0.02354849916759694,0.21856561846847883,2.6578958560668661e-05,-56732.490698437708,-26166.957148298632,-124.65737657649458,-50.446258009923298
-0.11374121666212374,-0.093212327329640923,0.22132000143205094,4.233375799305501e-05,-48116.375914444565,4645.5478860643889,-95.960498902741335,16.411684949382103
-0.040218303454293912,-0.042689406248973903,0.23122082906018382,4.1559427520980565e-05,-984.79547757952548,-82266.508280233495,-6.59428085966114,-195.47424475248198
0.18548582562568133,0.090500874057819702,0.20453195036809496,3.1132433053414755e-05,5515.9796673042301,36504.654685222333,17.025080253461432,59.313299551190639
-0.18526964475156268,-0.090427932321752377,0.20461537738236812,2.7347576053240723e-05,5133.1500989000542,36626.349400459578,15.18360543521853,59.282861968058036
-0.19507857883191845,0.11365485272480556,0.19641918364667119,3.1551281446344396e-05,18566.798087324209,12639.954048346781,42.833675022232569,12.713586843124931
0.19478300155288222,-0.11438044923943028,0.19636755594203581,3.3178044664961752e-05,18499.550124228972,12394.787591951686,42.493222114989166,12.758544538567504
-0.083458639071482002,-0.067349710233533977,0.22588725500391615,3.3551730013204249e-05,-42165.443918559402,-52629.438759441487,-96.563146034099489,-110.87584105164983
0.09008762746006746,0.041442377305458813,0.22490584633776817,3.1089372030995488e-05,-30572.669521143183,-66057.473787936586,-76.264845901922655,-145.506579208864
0.14761904761904765,-0.066284388641929926,0.2161815682861738,2.4631243133629408e-05,-50143.481041647239,18432.835030717793,-96.225585894433991,38.379514833682983
-0.079337648494742688,0.049901383199476464,0.22649735953692302,3.6764387015916401e-05,-28121.676846159608,-67995.753062472751,-69.304322789176368,-152.79593515466595
0.099102243117455774,0.081273757976045885,0.22357125025620198,2.713050886039627e-05,-52528.349802740966,-24395.857913157175,-111.62485838208035,-41.165449185911484
0.1054627359106729,0.016585250440394977,0.22262959183378211,2.4704558468593076e-05,-34460.206921733516,-61639.27247639867,-87.171342242318246,-136.39941331021322
-0.065878880426192804,0.0092037073421911714,0.22845442831281562,2.4346626109819092e-05,1577.1384181807391,-80890.412767738118,-3.8696612483205315,-193.25822500885769
-0.086908839576532976,-0.095342694479770743,0.22537645961899203,2.7956158465130118e-05,-50779.478232001718,-12216.610406403735,-98.342244440106683,-15.588288544945977
0.1443064631636444,-0.026426044796828547,0.21687885456937597,2.2395451201685255e-05,-59379.877058594218,-6400.5713812774147,-127.06875941279047,-8.4084548489787156
-0.14792395325233784,-0.11782127071401255,0.211768372868403,2.5797668890478217e-05,1105.2109680762819,33103.594164479,6.5062038447102468,49.369790434824331
0.14619946852694848,-0.11927612237264126,0.21202349840870033,3.3661388223625897e-05,2355.6702804899637,32364.389593125572,9.6230854763245564,47.155208772518108
0.14789030243418111,0.11755780530107318,0.21181424963328138,3.7957018258553939e-05,776.08569694163157,33257.616679168328,5.53975387055194,50.806904651142617
0.069715218592796613,0.054943949932522253,0.22788832721178717,3.8158925190716746e-05,-26054.107680266039,-69731.811548984173,-67.34321615946287,-156.41084884498537
0.15156184838684794,0.024627369925550223,0.21580470908640084,2.7033104214883261e-05,-57828.235685447253,5204.3395615885183,-116.68578752343231,13.090275600962251
-0.15172374829812277,-0.024789785962096595,0.21578074012361803,2.9627446642483089e-05,-57847.424123949932,5573.0917946334466,-117.70495723263048,15.654171747784845
0.1142857142857143,0.020588142407644169,0.2213233672741779,2.7291165629200134e-05,-43649.481460992814,-52204.866473093112,-109.21412140981421,-111.15003126622011
0.075440506104214586,-0.012090044210342439,0.22707313663418455,2.0685446540008423e-05,-6078.8585339521605,-78315.51051578013,-21.738331753765092,-188.89410516244411
0.16210326682912066,0.027675259106537016,0.21424407286164107,2.9557907479508146e-05,-50528.93694433476,22744.194479341371,-95.277648535220592,45.581116047215097
0.16199752820135899,-0.027565675611085687,0.21425954846711887,2.2187148483844743e-05,-50562.523619746848,22316.742497091291,-95.34469879697069,41.702977449642425
-0.16188729809899066,-0.027785791099729625,0.21427604660649352,2.790169916002936e-05,-50653.634459627683,22322.335248014657,-96.396984211993271,43.990686074264651
-0.10976401662777002,-0.051886297806847087,0.22199279570082117,3.4450221370910505e-05,-49522.366856326858,-43231.264077482214,-114.26606939165582,-85.232257274633383
-0.12330901873139338,-0.098346904662933804,0.21949125913447301,4.3301931716184332e-05,-40054.467494378994,18162.733744393157,-76.2390984222897,38.703959052715796
0.12234315587895157,0.10033118320039816,0.21959564142991331,4.0507208626561648e-05,-38356.831605655709,19376.277897325406,-71.910405248534161,40.264013198349126
0.17175853612804351,0.030290225505021643,0.21277258162056503,2.3544713673800416e-05,-38259.771351038085,35067.111033994312,-65.779407358802985,62.216561446795581
-0.17192118905038822,-0.029960102770832178,0.21274952576359102,2.4011711577890681e-05,-38177.51200997764,35122.139378214699,-63.419841750934424,63.233280895170665
0.18094837499068428,0.033188002035701172,0.2111907572593848,2.7269628680974121e-05,-22457.978651790294,41743.570525642703,-30.88881029402566,72.06673605904777
-0.18075586008909894,-0.032942526170347985,0.21123159803459385,2.707006230099127e-05,-22881.782409141462,41773.069359615503,-28.464704135146878,72.077190078831563
-0.18085625343017089,0.032657088938920255,0.2112214409978059,2.7425421217461927e-05,-22846.582312663835,41584.328370162715,-30.075648254018166,70.65715476108042
0.18105318478643351,-0.033177711379318665,0.21117100041057774,2.6950334014848801e-05,-22330.488807246373,41512.217640949115,-32.987074085088821,69.502055478881346
0.12259417676543494,0.023627290350688071,0.22009331577883909,2.5564600925662137e-05,-50873.079698546739,-41290.721070099469,-118.43124169136965,-79.703101370468389
-0.19966312734087438,-0.038633343072330892,0.20691306149738961,1.4853287161404212e-05,14931.243308861693,30132.714947508775,34.049437639543839,44.4836285268632
0.20000000000000001,0.038386027631426081,0.20700789988785334,1.544607701394481e-05,15550.856033220123,29622.436530678733,34.349952994776523,41.739334936392233
-0.20000000000000001,0.038386027631426053,0.2070078998878534,1.4211370288939369e-05,15458.407034823482,29587.940153681844,33.728167656075655,39.503458194869516
0.20000000000000001,-0.038386027631426053,0.2070078998878534,1.1337539792304713e-05,15529.948373779978,29492.409637624973,33.260711199270169,40.062168301745189
-0.17582190242827128,-0.096017549543873329,0.20664622770858723,2.8364784319840447e-05,-1295.684713119326,39158.365649753796,0.62472174740352693,66.835453734440804
0.19052800121057284,0.035190374441241075,0.20928377424505368,1.6013269634773911e-05,-3493.5864127386799,40812.492625120656,3.1374885100744785,57.67141335214037
-0.19045854037621529,-0.035507838860879777,0.20928021786176224,1.6648797860368486e-05,-3646.8972303766477,40789.420885458268,3.6608840747680951,59.075000415078911
-0.18424075400525233,-0.095022245094227936,0.20414173255577961,1.9330399897003715e-05,6363.8493987075772,35451.311918586012,16.615444387284214,57.054067008259729
0.18469512666007867,0.095327306098009087,0.20394112343946599,2.362616470801013e-05,7047.4944382103913,34931.616608318393,17.50951273125019,57.745187211588778
0.060085306562380272,-0.048578241016658051,0.22916213070916128,3.0132978155272748e-05,-15324.799864838666,-76146.157074773771,-40.108910360982669,-175.19456823546696
0.17674530404202687,0.086917381307027114,0.20772562479515241,3.2435366284838076e-05,-6533.2203118810412,41275.964118115713,-10.796016505306426,70.989410367342302
-0.1762704983650088,-0.087728091540029599,0.20774129648850295,2.8684312799356717e-05,-6655.7947771462541,41236.70382449586,-9.3139832275786976,71.596664973205577
-0.084740354649203486,0.014521502728330214,0.22569749953871143,2.1677634542604549e-05,-14330.572312541588,-74904.916212974917,-43.144816421436794,-174.2064447284053
0.057937788954767269,0.058625294170389294,0.22942232479013899,2.7918176030127797e-05,-22521.84729643376,-71632.353675050777,-53.070193779615224,-160.78905432950702
-0.19512261474658452,-0.089841232334685009,0.20145832867928093,1.6960130822591076e-05,15368.583041719623,26796.504463026489,39.107407738519555,43.182641891658498
0.19515378339677955,0.08975178427335799,0.20146393452677702,1.2931761396923382e-05,15331.999665753354,26876.245753538678,37.379406984290036,40.186520213005004
-0.078666216133078254,-0.077376862469035038,0.22659676377477089,1.4373995852298741e-05,-45808.228126687973,-44537.658197434437,-95.554353225008597,-87.981187808017197
-0.097009029543277864,0.06252009898398031,0.2238811464004363,3.7410077485037642e-05,-46444.763134778797,-47066.688312152131,-107.35210219584516,-97.856546715110298
-0.042785550373665833,-0.024433070321463742,0.23099602113105003,3.677255769959574e-05,9246.7981911399384,-84068.684420648293,16.400131184965321,-205.48158414940056
0.12856373472154939,0.06227481246690466,0.21920898346212658,3.1803428012124285e-05,-56955.062259010978,-10965.752136491872,-120.65737628244257,-15.224258975553134
0.13328221378575555,0.026258840758711793,0.21851097296256344,2.789017098395535e-05,-57278.746241066801,-24538.880480272037,-128.49178765587152,-48.181327523561492
0.095058295116582189,-0.017380644689810008,0.22416994878769178,2.4472124387919529e-05,-24736.522300598059,-68919.328521924384,-63.615800174267711,-161.88924330190426
0.16695160367589315,0.092856864441137027,0.20968329781802994,2.8534100021175954e-05,-12763.300993265599,40707.833923636048,-21.914954789388013,70.43342917904549
-0.16687555065450946,-0.093833331634176856,0.20957271454331189,3.1143110929725756e-05,-12057.506039291176,40666.934256770146,-20.504608053458686,71.70755327688623
-0.10562452725447583,0.020881875920677972,0.22260563894419957,2.5418878206294974e-05,-35473.859480454128,-60802.559126068489,-88.13358556207659,-132.86763338257128
0.14369001496928768,0.028925359906371777,0.21697011850961984,2.233937477959518e-05,-59093.734728450421,-6828.3862848063363,-123.01821463581476,-13.369967529305599
0.088877565365414787,-0.09440199716607936,0.22508499364602327,2.7856368130852393e-05,-50999.880650019986,-12613.131165639023,-100.24461141579371,-17.460152381808957
-0.057487120562053684,-0.0097634973681370325,0.22947950690937993,3.0219616976510405e-05,6755.7521146006929,-82623.031817512761,5.7776384993633885,-199.6291653639222
0.15697246886990557,-0.12365236983212903,0.20804709569422761,3.5049274881413044e-05,13070.657414358375,26616.334807050422,27.080260659198654,34.018800098322856
-0.1578366577877082,0.12459111673011726,0.20758804091859426,1.8436821387775329e-05,14295.944818403324,25244.285889133058,27.69009399827635,32.152515524031379
0.080352077124575816,0.039595802748295994,0.22634717537756907,3.7122575212859652e-05,-21814.165422342943,-72063.15875201649,-57.603182212448189,-163.55341379106341
-0.17300964407785657,-0.11200479073842055,0.20483144083090821,3.6059793762500961e-05,9220.7634214874452,31822.094441984478,20.30330394031299,50.464848439800164
0.11473465181880957,-0.022782952801429442,0.22125690295719441,2.533406507959471e-05,-44509.008669714065,-51136.550062200055,-109.25265356596275,-106.83186604858876
-0.19524741515414715,-0.10137302647463244,0.19913861751000134,2.6635404682619756e-05,17503.660942756367,20952.194955272193,44.404728270118618,29.207264124665038
0.14735025364658746,0.089737987013547987,0.21497592356657272,1.9585349713417363e-05,-33702.211204116953,30985.765218235003,-67.483016117507177,56.483778791377347
-0.066729500761792376,-0.011958067871294574,0.22834899486277502,2.5401710842921844e-05,425.47098388988928,-80728.428557392108,-6.7809787605537837,-191.58039031756215
-0.053715415836970384,-0.044672915984777677,0.22990694920280627,2.4472870364715418e-05,-8761.3186619465541,-79332.277889649369,-26.560263607051471,-184.00233252933435
0.054368176961172902,0.10449141251317429,0.22985081635112825,1.4464601500667502e-05,-48753.138168690173,-8930.1254174666956,-86.166432862215316,-10.633873468651091
0.013724068082285795,-0.011045836872836598,0.23267886864841758,3.4299553783748843e-05,22785.946791349677,-85594.563279555063,47.999176734114336,-204.30589665115949
-0.01370032329575992,0.011850010692662671,0.23267857143175794,3.3107856392430251e-05,22381.589920955481,-85788.646548350865,47.261083231643475,-212.16858235378382
-0.16671284561122501,-0.086120554202917823,0.21054686387735694,3.4319410268875785e-05,-18835.098648418447,40898.458170532707,-32.184615337748504,72.355649599003826
0.16617484405818689,0.083100224471879494,0.21103096220324455,3.4255228370883127e-05,-21629.307435620245,40534.212218089298,-40.69112422834143,72.472821005623928
-0.10023252617060126,-0.049572960300913863,0.22340391407780902,2.362747078620179e-05,-42092.680608114999,-54250.929157962295,-95.24426178805632,-112.16142424696353
-0.076531794794037558,-0.015625035995058649,0.22691276064737859,2.6325400771682706e-05,-7717.9856517178978,-77943.877556941254,-27.43146534958575,-184.28722684660229
-0.1232718489236127,0.025932704100292223,0.21999298775141518,2.3218562833174497e-05,-51553.38593193244,-39681.297136592082,-117.57503511524783,-78.198253190728593
-0.085964925455189439,0.066179580861366702,0.22551620424433802,3.2575108067012172e-05,-42654.514986851842,-52349.285368103272,-97.935407632953911,-106.77768046281
-0.18614694059715339,-0.085686942193397994,0.20507240759144416,2.2988677434645171e-05,3996.1131996722511,37667.637252845554,14.668224966690904,63.189040095244323
-0.15298302801318775,0.030265826510685687,0.21559430624366177,2.6624729250216963e-05,-56846.728243996135,9133.9316858536295,-113.63583163087371,21.957475331856774
0.15220222155933427,-0.031412528585245493,0.21570990310029758,2.1025688792779001e-05,-56916.516745417073,8122.2553357370125,-111.91007106624883,17.049723928100331
0.13283241097934265,-0.028456358321046246,0.21857756538155626,3.1273741505121014e-05,-57319.353422178872,-24633.469522972311,-127.26658469590683,-43.757188750866767
-0.19487212662826014,-0.079552603848254577,0.20334251709966311,3.1304954592467868e-05,12923.957955093563,30984.898509632596,34.663297956156754,47.962929088682905
0.19512296813944957,0.079761930539454629,0.20322758914377415,2.5533059841493225e-05,13386.731155917065,30571.167195669372,35.329056830096093,46.10238824484253
-0.15738177582475674,-0.09067433309388391,0.21246453143001304,2.7011626080452635e-05,-24192.160401457444,37510.652206764171,-47.865044568522492,66.536812320361079
0.15674422557693637,0.08914024850675778,0.21278296811019912,2.4280732239290674e-05,-26173.791020974011,37162.020290332468,-49.892360606023878,69.141834464108683
0.12707070476973262,-0.0819279061900898,0.21927764912641756,3.0580647966334331e-05,-51084.594620324402,5348.2353492790307,-103.64682266716665,16.217160387370104
-0.13795338734233351,-0.069096261491942451,0.21774028635677534,2.654903839743309e-05,-53440.652189924229,7618.5709993186783,-109.01537171141166,18.02207429295779
-0.12840209051073162,-0.081504785074136513,0.21907288354133173,2.8244129458334873e-05,-50956.767051268638,6468.6433828358422,-105.42146497245285,18.496843472515799
0.11821123350141935,0.059217035891317209,0.22074220189092619,2.5161429527765954e-05,-55094.223177108761,-27467.763131153712,-121.86048189785271,-47.953068614927417
-0.14286658396272311,0.031582479117232588,0.21709202584727771,2.9751185817983694e-05,-59114.22668340095,-7283.819375204851,-123.37371349263057,-12.041130389835477
-0.19004937602403604,0.040725890802137503,0.20903325087043331,2.200636087276261e-05,-3763.0154968439188,40943.275882657232,4.9987773622324498,60.038472317699778
0.19031027929109592,-0.040997198348525069,0.20896220141989194,2.5075550147024846e-05,-3082.8059480713432,40856.035168293951,7.1940536474645791,59.488034594980455
0.14674349634176909,0.021232868291490924,0.2165180566103963,2.5098997846038229e-05,-59259.23056670736,-3869.5335678010106,-121.88313614678179,-2.1947701359653817
0.17142857142857143,-0.035426722728865968,0.2127788406503045,1.8992189895202377e-05,-37772.160385228955,35486.484788240814,-63.227943516049201,63.253818658967795
-0.17116065153041715,0.035967438360158852,0.21281312276106501,2.2454005394856947e-05,-38178.892375276264,35437.545019008234,-61.987256968689032,64.203529629037007
0.14799280199977238,0.010354307108683364,0.21633309936993059,2.1134788416457877e-05,-59140.791652786196,-3661.8692515457683,-122.68425037965858,-5.6288049429356279
-0.10102394463723796,-0.097128035685880382,0.22325778790588938,1.9337510213940688e-05,-48392.133388049493,-144.16027536153567,-90.726529135329386,4.5212061810236532
0.1567530632164976,-0.09747869012241131,0.21188770040024243,3.7639067997331551e-05,-17977.017924222171,38312.203903885209,-33.863578663279142,69.050882484028605
0.10888892775300434,-0.070306196072583024,0.22212235088405599,2.3349060447396203e-05,-53667.964016267295,-27909.53208062072,-120.35404157680627,-49.223008666302206
0.023169066571888681,-0.016405855197440949,0.23233185867094017,3.3125231521683517e-05,19511.233141306191,-85555.135585920041,37.73017008531906,-206.11999496920225
-0.023297275621511772,0.014421300167552983,0.23232510658805591,3.0898575629082521e-05,19988.182335236386,-85486.169051237099,40.825212287689318,-206.71445556647566
-0.10430874014389037,-0.023904248008907024,0.22280043863269469,1.9777115736036993e-05,-35357.084847594662,-61231.551850597163,-89.598508869437239,-135.00742946183166
0.1472932301945136,-0.085074182555330252,0.2153157552025064,2.5105814071311532e-05,-38051.521883131376,28678.216445254911,-74.34179240321366,54.758225203550992
0.14740240027946724,-3.9948849291135619e-05,0.21642050718102493,2.9986090677201283e-05,-59382.615308200213,-5275.3343484632887,-125.9411549652642,-6.8592251777968931
0.14761904761904765,0.032068147160034227,0.21638843296938079,2.2985343146062428e-05,-58703.423387145107,850.47342560120558,-118.30456399992744,8.2527544886436726
-0.11456444933758683,-0.025657131333649379,0.2212821010990948,2.513193369411116e-05,-44839.243311332699,-50448.771631677155,-104.4442006196838,-107.8053496492234
-0.16754298533095663,-0.12999999999999662,0.20320189069849404,9.9698380749713753e-06,20180.552163210788,13392.032851382563,39.465438086831696,13.951642781319748
0.16845467854091503,0.1297741832268858,0.20278738133895091,1.2490113160228752e-05,20167.299972200584,13413.707360394121,41.332889358427224,12.204135328876967
-0.16768955179587208,0.12999999999999651,0.20314814727260705,1.7497326248315691e-05,20138.289793798165,13576.369438165028,38.246690049172834,14.475903300142022
0.16764614423156782,-0.12999999999999656,0.20316406408697837,1.7525596963515315e-05,20179.012774642222,13423.911126074543,37.933652038374383,13.983286007906321
-0.024286149223479561,-0.011624210920885093,0.23227302792011331,3.3471827097742548e-05,20652.715612529839,-85293.328722887294,42.71669447510137,-205.66025621989849
0.022848590336243951,0.0093940155323062706,0.23234873643512199,2.2621385354569861e-05,21539.208756854907,-85445.854228333686,41.144446385889921,-204.81632531745279
-0.12372239519505214,-0.029149053139071963,0.21992628526389044,2.2432070975520228e-05,-52549.630918849398,-37734.241029280085,-121.55696274129785,-79.828900098560453
0.052295867615377571,0.00041771056609326077,0.23005655262990438,2.5442201679688227e-05,10940.003796754552,-83051.02142285624,22.066662143104924,-199.50145578788826
-0.10930461549315376,-0.086062865110199518,0.22205024123961045,3.5825397070312831e-05,-52418.966942305153,-8580.7125647697703,-107.7315953933013,-9.8479335944341013
0.16586823329671477,0.088234072125342247,0.21052472046436047,2.1555844122460539e-05,-17818.650850562542,40567.427257601987,-35.061916954311563,70.402604750475746
-0.13311556219488571,-0.031172092023024001,0.2185356454021454,2.5167186480933151e-05,-57470.380049194922,-23236.462563562782,-125.62926474262011,-44.645184693011203
-0.088024371223557829,-0.057821636680789046,0.22521130735720232,3.2100458209344702e-05,-39064.245002063311,-57996.776296659998,-95.865049468573076,-123.64354448525479
-0.10387387231004971,0.057103562988709555,0.22286481995843288,1.3047295041359192e-05,-47826.088274508686,-45529.38536467855,-104.60935516451757,-85.268918127184676
0.14771757195912968,-0.011833454378417018,0.21637384663500892,2.7042982261231526e-05,-59329.058906348568,-4089.0973202015311,-122.27581302976728,-3.0855405509873335
-0.19470540607732575,-0.072993035323888483,0.20440463591434624,2.8935978112644881e-05,11286.219807131432,33026.074483185046,32.102987183395442,50.884765577629629
0.19381075981418247,0.073928832256622265,0.20453720240483178,4.3512218887978461e-05,10292.009323449802,33861.435780105996,28.625219578141902,53.648848046945048
0.18585414655519444,0.079337936667337031,0.20610234868126096,2.191224415736851e-05,823.21850940041611,39528.865134608393,6.7969984858382446,66.364061668878421
0.052215952705511083,0.011703709067339856,0.23006537334432453,2.1484966794305389e-05,9415.2886348550746,-82988.99955680978,19.266041600514018,-200.29603930924827
0.10131051708389173,-0.077465302986591281,0.22324431964766134,3.414746562454765e-05,-52625.797179412322,-27199.025273851799,-114.47536289972818,-48.007835678058299
-0.14222669299783317,-0.03406381559719384,0.21718676044349666,2.0679324774918018e-05,-59168.776651107932,-7245.4653344258722,-125.00616383643926,-9.6408163339626718
0.13782161927237055,0.083073987829054202,0.21736515495750872,2.5212995960605656e-05,-45665.85736926859,18032.354114352369,-92.047691663969729,34.232429134078991
-0.15708723176633943,-0.083954880278280228,0.21315619438343242,3.0188170216879867e-05,-30449.545174018829,35805.762376350198,-60.08652513829108,64.864361384379066
0.15715399396426516,0.083579830529439181,0.21317715805938817,2.974395714098525e-05,-30723.413547255135,36007.472323298127,-57.967948077086092,66.998982516509528
0.14714082609523885,-0.074438574699195001,0.21595962399431595,2.7308059280525672e-05,-45814.180861880253,22680.401916228591,-90.55891018043728,43.875241121286898
0.14676290883252041,0.042446869639543409,0.21651518262939978,2.3596717292117967e-05,-57603.733354354168,4227.448661711026,-123.37125038344071,12.130244248356362
0.10918827343367635,0.057026925046852826,0.22207803334599974,2.519490015662422e-05,-50683.759484441762,-39967.715331779305,-113.94716749720753,-77.753414484223541
-0.19979637438785913,0.049190429870825836,0.20593564341531273,9.0268839043654515e-06,16235.082189922046,29067.776678282738,43.560726760816571,42.247638015214314
0.20000000000000001,-0.048881762148323432,0.20601543912569867,1.5097519907128177e-05,16335.506510547539,28826.959367631607,38.139945877672702,40.395582544044181
-0.20000000000000001,-0.048881762148323453,0.20601543912569864,1.3380743838615469e-05,16472.518088379322,28824.762546645936,40.116661582378292,40.528595116463386
0.19972541942899077,0.052265871962112256,0.20572501755468636,1.9478532382293e-05,16207.412857996911,29009.692840324584,40.513976620879248,43.831911861967441
-0.12862720694285404,-0.065109117285800808,0.21920013755130643,2.8451062155083993e-05,-56397.725704898468,-8545.5730277701732,-118.44139705458376,-12.69781097054744
-0.090195540827124346,-0.046686763452506684,0.22488986997645713,2.7916719121929853e-05,-33525.429927034915,-63619.284172523272,-83.074512167843068,-137.52025825934453
0.13622770116950639,0.093280624605454512,0.21716640359895398,2.9817403442890047e-05,-38085.864694224343,24159.802248395445,-73.953926744339768,45.673179650139488
-0.17645421083351914,0.10947989009213181,0.20413733556689484,3.3036241834394693e-05,9382.0793507190556,32174.165791379313,21.91757767459336,50.531878181251798
-0.15243494479663713,-0.035600781740682055,0.21567544888367893,2.0507201172977516e-05,-56389.203525107507,10195.980356501223,-113.18018165054525,24.284420988936144
0.1523298567277071,0.034608307307374166,0.21569100696517057,2.7567090327488574e-05,-56588.447026194634,9538.3114142642025,-109.70496199096027,22.255309618211811
-0.19070530105032799,-0.045635041205353659,0.20854867685267656,1.8922545403422474e-05,-1404.4960982271994,40448.419980959065,6.6752956620794883,61.746294042715355
0.19099786589595705,0.045664667294039507,0.20847909007769869,1.9849721984515412e-05,-796.58343919242259,40300.287028218881,8.1661143539193546,60.745913688428416
0.14799410220065581,-0.022660292322220225,0.21633290687775225,2.590786353516131e-05,-59070.092763879606,-1286.7941413055166,-120.99217861709351,2.067372115577736
0.0055750468536485557,0.11557140344688238,0.23283976367026682,1.7585372789684445e-05,-40367.998385256513,6712.2954415257454,-46.665441251183744,14.379219407602545
0.16227452622906843,-0.038422250337592639,0.21418619686794982,2.2421741140578661e-05,-48323.364794296474,25761.564960032534,-89.408062810128669,50.573419509797318
-0.16272344371801103,-0.036827219100906687,0.2141265739919159,2.5916482355901709e-05,-48169.688169315508,25754.927847879055,-89.863784875739867,48.978050749434253
-0.16159768649728545,0.038195671037746827,0.21429225268799265,2.399319058882162e-05,-49066.500598033446,24554.867063320544,-90.516646951641079,46.186569106830504
0.10327164262798505,0.12538227796746154,0.22212690530117959,2.0697198587368177e-05,-7689.0124843876429,28631.775608202057,-3.7453833523820985,30.785124024461137
0.17549775974679105,0.09249600712140317,0.20727528195810666,2.364359426969965e-05,-4095.8110201812551,40315.980223849787,-5.0144069911082605,69.086322762685427
0.14741499072702038,0.094183394637559995,0.21455036449575657,3.3125164469273831e-05,-29368.20587291471,33040.423374670223,-55.882260302391174,63.399884873552963
0.072027626064300576,0.035328962945140457,0.22757300443480882,2.7850203920192648e-05,-13080.441872683214,-76527.351856109439,-34.613960255731904,-176.14615901266973
-0.18070129345367245,0.044153138816786251,0.21078371486080005,2.8335959108439098e-05,-20567.577809376024,42336.090696485349,-28.512886749619568,73.177969336669108
-0.18094135735038544,-0.043445730153093345,0.21077499497377386,2.473248968412156e-05,-20227.813383258053,42522.462115523202,-25.656388299854029,73.148684192552309
0.18134695668084549,-0.043872593317750591,0.21066580117489944,2.7721848928367813e-05,-19449.131869980771,42349.342959032954,-28.806675583436856,72.144349797420148
0.18095238095238098,0.043400436471116584,0.21077515812913936,2.5819242727486837e-05,-20176.931195845958,42595.314871676535,-26.669891364099751,73.646132650952424
0.054211141964183744,0.055146376697083326,0.22986228597913994,2.3103697608696184e-05,-18008.896872011763,-74929.146320374319,-49.118188360095481,-175.52390157976279
-0.17089860760204079,-0.040521142260980095,0.21275104558505642,2.4771589384663697e-05,-37298.703523281372,36140.034086663029,-61.32268434112941,67.289192384593974
0.17160529676858485,0.040187108933444987,0.21263782097834977,2.2152666165298906e-05,-36284.062969642822,36519.055402695056,-63.284891015293816,63.559296216256364
-0.056881854395015197,0.011987079607247245,0.22955036824221864,1.6609701956153312e-05,6469.0005586782618,-82810.012932393627,2.1576996343632393,-204.79802976025971
-0.14640638470427975,-0.093293184590543268,0.214854103591196,3.2580701682166238e-05,-31008.376122502243,31933.329751935071,-61.044951537978605,61.432821227970777
-0.19479035304954961,-0.10683970345497308,0.19811481067761383,3.1777326786973903e-05,18000.912402897506,18076.736576652242,43.763945271124456,23.652817686049271
0.094178023987849996,0.073200870533401602,0.22430027119341286,3.0948509737588486e-05,-49820.014262054305,-38459.603430071555,-115.36767743333415,-75.009954136255871
0.14254085021366197,0.11301493225513584,0.21387674987503752,3.4902519182957868e-05,-9063.2370334664793,34343.54684865295,-13.12146235691411,56.981569001367575
-0.1419796074263181,-0.11216784869296914,0.21411968490961605,3.0899195588518556e-05,-10761.318860727084,34262.554240788908,-16.908045875751938,57.746458571272036
0.065812409349786299,-0.014434932238333587,0.22846254795384657,2.1276696171668027e-05,534.6227842381976,-80636.299411074957,-4.7909408536631295,-189.20369276319667
-0.15340453963868775,0.075611350477104197,0.21462584963330805,1.0868617437475789e-05,-40165.61053769404,29752.142847150186,-80.367727121782153,51.421883919640855
0.10944017318487662,-0.065174950495333409,0.22204074008429273,2.7999957775532899e-05,-52854.205298974855,-32491.806667686214,-117.92099527061713,-62.005730535287832
0.05065988509821609,0.062541356659640765,0.23023968208633774,1.8244477067869784e-05,-22601.207363222475,-71335.324233938576,-51.547054820984215,-154.94980342521936
0.14720265922312814,-0.079817050774366516,0.21566831257049487,2.2642167118871839e-05,-42148.387085890019,25720.10529611291,-83.83409943359429,46.349473165935649
-0.071428564576605874,-0.042418785451330349,0.22766074586639967,2.1983706190612365e-05,-17494.80828512381,-74741.637533906571,-44.61245434577323,-170.46073584828559
-0.13756046466556607,-0.079115355989183594,0.21754960420842626,2.8595181386960498e-05,-48644.27699067373,14839.516401604102,-97.262013708971722,33.067363076556504
-0.19403905140758237,-0.062427915605008502,0.20601654421443702,2.6687953717094702e-05,7973.7531010670991,35962.795401316827,26.509008583433634,53.84398440607427
0.1941476216481543,0.063033915692863374,0.20591283194059939,2.1508689925140226e-05,8365.845455298946,35666.255671734456,25.64226294854182,55.259512095717668
-0.07627609219120543,0.017285711009595067,0.22695061691377486,2.9366093948699165e-05,-8113.2069399028996,-77838.636340334342,-27.86967300612422,-184.77436166495431
-0.17551292569767252,-0.076492859317642103,0.20932542884247227,2.391057482823524e-05,-14769.923182837158,42527.437101495532,-25.02325851287431,75.133526829342557
0.17629120253186914,0.076033590327588607,0.20916974343941139,2.8167746979461436e-05,-14004.467216455176,42584.725338636003,-23.947989089228997,74.432407008616067
-0.18629337355885264,-0.069723801507120348,0.20722476232225628,2.6642976982477154e-05,-2561.0418651240029,41056.4145706567,2.6281019037870696,69.18486579543378
0.18786885199011927,0.06989619000528878,0.20678108382427435,3.6241361008128909e-05,-50.602059421492534,40127.577122441813,7.5619238547007601,65.585566607486328
0.085269099886149419,-0.019879676929311595,0.22561921984846234,1.8404205694387211e-05,-16364.684923186927,-74119.659217849563,-45.848447374044348,-169.80557802219394
-0.18613095049646136,0.11175529705454706,0.20026117047462949,2.3478805518156898e-05,15817.300879718112,23532.794458967866,35.250695655227787,32.504135164861232
-0.094967864941114713,0.022856167015079622,0.22418333679694485,2.1027622415760791e-05,-26404.594364276301,-68449.586078403998,-73.334010072529054,-158.0310303020463
-0.10046150333521155,-0.060648019822848898,0.22337001445986954,4.1842833317128873e-05,-47640.837738740134,-45701.386422402742,-111.87700116120884,-93.861688111794464
0.10451298277805811,-0.025338059793833561,0.22277020091323901,2.5605784873165365e-05,-35955.646180885538,-60814.043176285995,-92.276104286904669,-127.82220964169308
0.023401391815473474,-0.061924043883763227,0.23231962334663658,2.3457920543187199e-05,-12615.763110690885,-77189.708863402673,-32.14807324008477,-171.05695641144771
0.14791613052864369,-0.033426585956515181,0.21634445043012274,2.1538763524430434e-05,-58363.440747361899,1802.4194513043028,-116.64074405401277,7.5379824718445896
-0.11356822651906662,0.028332789382236493,0.22142958992396494,2.0753958318510826e-05,-44807.991866500102,-50906.773811764673,-109.14856319648437,-106.02046281388256
0.052344275745318386,-0.010196424432618914,0.23005120951820554,2.540966685887224e-05,9902.3991954171779,-83470.028053261922,9.5747913536751579,-202.15767355289501
0.12377638543371176,-0.031165128122220075,0.21991829211546385,1.5036840938852614e-05,-52980.860063047883,-36972.285540086079,-126.98650649711244,-72.865315004931361
0.13785029012503519,0.07176390649773999,0.21771563456985749,3.3555089389094664e-05,-52311.829525292,9719.3793220330099,-108.55741462201986,22.265619404605115
0.13079865165686427,0.1268656093031465,0.21543426717408645,1.3519309591025984e-05,6626.0663093415424,26971.709217660864,12.333737133495136,32.055833509549451
0.14781917617664495,-0.070447379320819695,0.215978013872799,1.2827578769830004e-05,-47657.610558356348,20998.277998279576,-97.169430238525621,38.979085119138382
0.104094972357301,-0.061408490516040783,0.22283208653219369,2.7964251895100812e-05,-49478.597653437224,-41578.849873556057,-111.14980874999932,-82.762856773616164
0.15693639576720597,0.07823047050660828,0.213672906526686,2.3624302801206092e-05,-35044.006022373935,34010.717915528636,-69.346685456432425,62.874294979408958
-0.15703199491362585,-0.076582218988705222,0.21377142659487466,3.411678423015761e-05,-36187.600710824539,33583.507213010285,-70.495099234331008,63.165486582246245
-0.1287449845246508,0.080564162940503226,0.2190506372378786,2.0455759392939851e-05,-51503.703640074913,5856.6721571497692,-101.22729628829249,20.247095560249274
0.17031002921140553,0.10678974907069343,0.20665420264806447,2.6766515672280417e-05,2854.7537330511145,36278.068241518718,8.3060390237854023,58.154287582152236
-0.17069215364871271,-0.10705019321286746,0.20649595768666087,2.2460639263013572e-05,3366.9026059485423,35947.083400839037,7.8479596400473337,57.50704833078904
-0.10932360509891896,-0.063071883872813872,0.22205799775967985,3.0007685816353563e-05,-52419.578060710512,-34432.822858918677,-118.57219628681511,-68.531143381692218
0.11902476805661347,0.068732099138239536,0.22062175970338924,3.3722663853516524e-05,-55614.164717020358,-17623.035431273271,-121.57472289369291,-27.386253641339113
-0.12422582431341349,-0.072038336479400861,0.21984965896629385,2.1278495553493835e-05,-55151.171105120149,-8157.5360465690719,-111.48996956850428,-11.464216342349687
-0.081165789438204503,-0.045480174210991334,0.22622670687324622,2.1945472477177209e-05,-26251.107017764349,-69356.705876100154,-66.072953587615217,-156.17618414012369
-0.195127062523201,-0.052139056466465508,0.20689481628777009,2.4564162164154918e-05,8087.7598545866058,35940.202091466454,25.43076873102968,51.019318222525797
0.19443557918345894,0.052027760270644811,0.20708052265873592,2.0580367501692085e-05,6822.0255508620157,36653.152289035585,21.919062174770744,54.748886834837371
-0.11941540777464964,0.071540360424891508,0.22056392626302865,2.7578779262579512e-05,-55173.949206257006,-14387.710067507785,-118.7951783954156,-25.648236418351818
0.14324222624258676,-0.03672823305445283,0.21703641274808075,2.824878461678212e-05,-58852.277742876853,-4370.8482376430311,-123.62046377398016,-7.7157274696631015
-0.11909225192558637,-0.062881603357973714,0.2206117688495888,3.3906017565876878e-05,-55622.97268266225,-23060.064128372025,-124.14008823743583,-41.179488890380576
0.14768348117437749,-0.04332275252101718,0.21637889370850344,2.2389309357588627e-05,-57345.80526830117,5816.0988119673102,-115.70205262937799,18.888818438753141
0.040684175289131597,-0.093901094320319983,0.23118003373128834,3.3481802757980058e-05,-46079.256701913029,-34906.025194267473,-94.425964636195033,-67.343069238613452
0.18598847212726374,0.059514814986205089,0.20842547858251106,1.2597821062756104e-05,-6568.2490742387081,42129.381073286051,-5.2086291009860419,70.217089567377172
-0.18567673538490456,-0.059688633721202949,0.20848482989234615,1.3572208618523947e-05,-7032.8634092689381,42199.839010440846,-7.7464551956927101,72.822366901315746
0.12865417005919402,0.072756951653456733,0.21915743855612435,2.5531064136975932e-05,-54698.163349136543,-1555.2403493328382,-114.48261890517647,6.2875066029979179
-0.17656204593160713,-0.066947109605249591,0.21002718273868085,1.4524114469469878e-05,-18541.946021530042,42639.957367324983,-32.140323082074623,76.326596224676351
0.17641014966266957,0.067153119526379118,0.21004621037972251,1.7358030073709059e-05,-18709.114807913556,42618.956195555838,-31.385024045014553,73.557889866631541
0.14738472330015023,-0.062011732031007134,0.2162685621075611,1.1949433000935644e-05,-52085.183800385261,15518.179768178728,-102.65969701944985,32.654487262084892
0.010067831660482213,0.03989181899118821,0.23275247150013922,1.9146557200369015e-05,10027.121157017345,-85329.194648006945,15.701673427996013,-189.31363535556955
0.14723914074422761,-0.053657575064743897,0.21640680403285709,2.1326869559043577e-05,-54968.577669379367,10476.054299872723,-109.52464495575495,21.671669968321886
0.099999999996069927,0.056036974497471893,0.22343833911967276,2.0461969379675956e-05,-44941.386574237265,-50031.032108167754,-98.324915642522924,-99.434646915812777
0.09882325599200599,0.051693290625035318,0.22361255375028136,2.5186980629138831e-05,-42657.734035934067,-54166.599207215259,-105.73273527389532,-113.24388330150043
0.12839964130771025,-0.076335117294682231,0.21917892225805641,2.9737979777107336e-05,-53300.639948574986,1466.8476512060215,-107.65647748597564,7.2093795238033795
0.070945853056135877,0.03917331599422981,0.22773144642164131,1.2072008211386895e-05,-14822.931336787586,-76009.91886175028,-42.952755840361171,-168.42065505029689
-0.089326001280977937,0.070359287884493832,0.22501860359252679,1.4233538436296209e-05,-46422.682641947293,-45737.223458913177,-99.783706320234302,-85.541663987282433
-0.19408166346953398,-0.042613567054041387,0.20801177132407103,2.5563609350777799e-05,4739.2068096451931,37743.193380125216,20.116254937761305,53.343968476872917
0.19430213049461317,0.042454009479946007,0.207973726590582,2.6557656990182516e-05,5149.3267730152656,37510.11875910488,19.924652375951844,52.617681175325771
-0.1272099177638164,-0.069378410949275562,0.21939285555983348,1.610657133352871e-05,-55634.193586351263,-6852.8188562139776,-113.98620886356964,-6.0064272449584566
0.19047619047619047,-0.051223609552920497,0.2081234975836182,1.2882738631516622e-05,-865.03397741617653,40163.431477673374,5.9023330667177483,62.233725131154813
-0.19024523077137295,0.051179969970515202,0.2081794742015802,1.5302600984900951e-05,-1262.1931014006559,40443.802002099328,7.3082310054887589,63.273250333697803
0.18521893627587493,0.050294003142615826,0.20941627412536257,2.1615018331271114e-05,-10620.747425369387,42758.736285691564,-9.8258942863002758,71.983227694064212
-0.18524034701117514,-0.049928733906728827,0.20943846306199101,1.9330450606593013e-05,-10770.238377821763,42597.499458267492,-12.716088284833001,72.471519343955734
0.12139677037662226,0.11353768622129923,0.21899144765564785,2.8238408642369359e-05,-20903.989812438169,28610.601862867079,-32.705846587317396,48.644182941528996
-0.12064991585256693,-0.11390468687628663,0.21912830968053965,2.4209226717294879e-05,-20823.254398011457,28523.844279032597,-30.998480800330576,48.166743840615673
-0.13732421374784165,-0.073895637094939404,0.21773914867442654,2.046344369058013e-05,-51435.538965532258,10375.383110130499,-104.75538596325168,20.282851065644248
-0.17736660522762068,-0.056787610242534287,0.21068907595542696,2.0494923901609108e-05,-21933.375734977406,42269.155725227582,-36.664999370534069,74.995133715716463
0.1761904761904762,0.057129041091421848,0.21092243633839952,2.6303560159445252e-05,-23597.911881943015,41899.86125021652,-40.090366578517568,74.547608622446006
0.14261614705744297,0.039240599835080374,0.21712910253752932,2.3749507549092851e-05,-58727.789748435644,-4168.0386980232124,-122.87733885265723,-6.6818810538982243
0.051688395835393613,-0.020694455775148828,0.23012360313522917,2.4206744415687755e-05,7001.398162862105,-82940.338904435848,11.071862556556686,-197.34800239049184
0.13272558844469054,0.036747824573989944,0.21859338024727965,2.033586930755035e-05,-57658.116517886694,-21377.94171789334,-124.30522699114482,-40.664625546085801
0.12405023294453822,0.033721888284276171,0.21987774953120001,2.4369098524048664e-05,-53409.34641470635,-35660.202045763574,-120.62931879503353,-69.156299313679426
-0.099498431192716411,-0.0533689021777198,0.2235125953924893,2.1729788004907784e-05,-43547.903499533611,-52411.764355737869,-100.55336879509379,-105.12236622073895
0.11436001713931583,0.031062620208601142,0.22131236688314243,2.5322171636088814e-05,-46307.63750559921,-49070.477271329735,-113.54417514388606,-99.816140982584415
0.06121712762753484,0.11533780048621035,0.22901287405731022,9.9247352416926411e-06,-38422.185786723159,14711.991871178203,-43.670275345570857,23.179831986822148
-0.078559531180537059,-0.062030694842054479,0.2266125582717339,2.6767395543755874e-05,-36373.675581364543,-60517.286813529972,-89.532636869356651,-129.08157354135528
0.13587228377049032,-0.10279965025104285,0.21657220178264791,2.9117155386649198e-05,-27735.25599654434,29903.061361659475,-48.96871130058959,57.33521532526693
0.12801811258386231,0.067543642410905796,0.21928219818513017,2.2754547384705955e-05,-55874.986081203031,-6997.9263709279849,-120.6127355717107,-11.891939462415303
0.10555057712465103,0.027823099470794883,0.22261658711517507,2.6090110373336162e-05,-37585.069088317076,-59150.002285250477,-93.011636242755557,-127.35281026079873
-0.062039087138532303,-0.031370629051878124,0.22892347056118026,2.6367039298985971e-05,-4221.1852173651405,-80411.228637746346,-19.398866284247514,-186.28838703855638
0.064607316716176921,-0.098851989558304904,0.22860975362769687,3.6065558440018391e-05,-50062.199902213673,-16817.583113545352,-95.668623690103004,-29.31349582700928
-0.17120790145687817,0.045669138043882576,0.21256417002136915,2.0573667753997236e-05,-35259.706265843313,37247.063146018132,-63.008447308234267,68.200723869777363
0.17054910249307673,-0.045503208833667652,0.2126810071944181,2.0233685339757791e-05,-36125.286102169455,36566.565676590886,-65.037982905343583,63.725870191982906
0.095459437867777455,0.025496651126673688,0.22411056039397198,2.7499161119826887e-05,-27753.7688464122,-67541.098163602655,-73.399801028683285,-153.09248605777179
0.17635460248059961,0.098006187532217987,0.20615709911269176,2.8595929276939832e-05,728.10749488678221,38226.16635632384,3.9124733499429425,64.624132507604017
0.086162032623498183,0.022097585114052964,0.22548702291653977,2.384943751241122e-05,-17940.116443366398,-73409.211883888434,-50.176757662719446,-170.60253269855721
0.1906975848576461,0.11450433693526683,0.19794390128368539,3.1541067123525679e-05,17848.222083200224,16702.147531236122,37.229251768567821,21.745947255567845
0.14703419671943951,0.059963850345057447,0.21639401905496439,1.8911194106612496e-05,-53000.670000322934,13806.763669374432,-102.85688937667466,25.573954355477884
0.15184640243424652,-0.040532537836822299,0.21576258142049853,2.1040689020861293e-05,-55735.238025382881,11001.874911568708,-109.29199778912891,21.500300131185806
-0.15241790809096326,0.039617413188479028,0.21567777155944334,1.4235436709048186e-05,-55801.836144360743,11643.832881850944,-113.69390196015644,27.481647786774843
-0.10842548431976193,-0.056662585475460013,0.22219096277096723,2.2579170923373066e-05,-50402.009813183853,-41092.014930351215,-116.8963365677097,-78.428426103185558
0.076355556391259849,0.020095718774192098,0.2269388523955693,2.5127049446992957e-05,-8994.8108994938575,-77843.962638764671,-34.923102132559315,-183.05445785851319
0.18522695501790254,0.039732711825628979,0.21009818786749851,2.0038060876309114e-05,-13137.107219855834,42590.460711793166,-13.657370094445113,68.925100253076195
-0.18532954024507001,-0.039914383104603407,0.21006802691567097,2.0441871654227004e-05,-12974.695814925368,42489.70964820146,-14.166406138852272,68.512352480726975
0.048240155172906488,-0.012675230380338232,0.2305042072826472,2.5722336406781076e-05,11338.099105449959,-83494.525078410647,22.988140865663947,-198.4186148197638
-0.17742134334066645,-0.046729893754930821,0.21129965200114112,1.8815514799828101e-05,-25362.612308393687,41395.810380870287,-40.538306213158485,71.404108408231437
0.17633548947139455,0.047245564390453611,0.2114871622361035,2.0619983984605666e-05,-26917.777467081673,41079.992568268404,-43.401091525672484,73.552683856091335
0.089935962414294884,0.046089123646852921,0.22492830004888481,1.3911351143165378e-05,-32984.86971628145,-63895.167053714926,-76.2545247091969,-139.19369210084608
0.065793228308535706,0.016927481626683984,0.22846489097547304,2.6046718042450688e-05,-286.46396946318362,-80621.435325559651,-7.5060357142739722,-191.08256534836687
-0.042747648163490901,0.12355683708217829,0.23099845739253549,1.1958447726197183e-05,-26334.088065080236,24270.392296707611,-15.251983358250683,23.118308424193597
-0.15714093743514479,-0.060797210994112914,0.21461335601975842,1.7079228942383708e-05,-45389.217299674623,27414.134678167895,-92.036861026769515,54.790964087830012
0.15763465063642834,0.060677539184159253,0.21452592073800222,2.286367829560931e-05,-45049.728239622564,27907.154518345276,-85.89600569290053,52.414287396572952
0.1668287302297205,0.053525628659789055,0.2130578872204392,2.8452730189436755e-05,-38231.339133196743,35230.604581228843,-68.74385427399794,64.244360519669613
-0.16690850659571288,-0.054158615838425746,0.21301344839898426,1.7768847903111038e-05,-37919.999572364097,35329.571661109061,-67.39719731860049,62.457847110059078
-0.032954210599243028,-0.019016643215772188,0.231756154461012,2.5242738174581031e-05,15915.01466902733,-85041.767917377423,27.307809668947659,-200.10607673762769
0.19523809523809524,-0.098898814875563443,0.1996547805339553,1.3696417897858547e-05,16995.877865125171,22276.896706276089,39.92525471310212,34.682929980551435
-0.13734301291867596,-0.064569192393062566,0.21787097730237068,1.5056590101953085e-05,-55304.367753444654,3463.5191311915387,-117.73902773541862,11.550737727686661
-0.12660379402814326,0.09722877106636274,0.21889527537320555,3.0679050219406354e-05,-39617.878186805261,19589.961275335125,-75.255804178375698,40.367602466172968
0.12613690896500446,-0.097528237950623584,0.21896155777364371,2.4061020181529034e-05,-39410.627992934496,19534.187989521633,-76.744924254267005,40.059051392882751
-0.080528755475645683,-0.040054231059856157,0.22632101849590078,2.2430556826015341e-05,-22334.057774686695,-71794.130021908742,-57.264916456198314,-162.83472389960983
0.19492564619549799,0.020847904475256484,0.2090693149513822,2.2578449372951081e-05,4448.4808731127232,36970.189533931421,12.016181538180449,50.604853786792795
-0.1947608810582514,-0.021437990724290319,0.20907991023750522,2.7714883454333594e-05,4141.7067227295584,37318.548378153893,15.552679946184599,48.84275563610008
-0.0074180110715244257,0.12339157744867221,0.2328210434089775,1.7535871287727168e-05,-28078.959890818282,20817.834196713455,-19.676210721172499,20.327285780125859
0.052976855341425315,0.021438972943444018,0.22998138770429635,1.5195099381630957e-05,5911.4262022524963,-82955.264833299065,2.8159926949642333,-201.26905252792056
-0.090762841976058661,-0.041971624667488168,0.22480588215942632,1.9999830203201191e-05,-31343.965618410508,-65458.456332532696,-78.868438566263279,-144.06155407416125
0.10957905761876993,0.052638049829422717,0.22202017851757605,1.4834489439208824e-05,-49523.103857656752,-42672.775869276331,-114.13619930279441,-90.462561165137899
0.11870873269113237,0.054997048283481891,0.2206685481163885,1.3767173150907256e-05,-54614.066329943489,-30108.079427618872,-120.77325690923287,-59.43732521636997
0.06766444312812063,0.12458389561686097,0.22818627236279851,1.5527987003683633e-05,-20304.153470062705,27582.066297857804,-10.34255107671795,22.408416729585934
-0.18581541177502489,-0.028917341685239375,0.21044420516125109,2.6322039188733469e-05,-13845.633543819984,42025.73865994691,-15.573811225216764,67.935267788280939
0.18510821788842843,0.028781014936877954,0.21057480441881152,2.532426871419667e-05,-15232.798674944595,42259.02961234923,-14.401231024302128,69.727863334547592
-0.048772233819197236,0.12068022955911092,0.23043414301679424,1.0394726902339493e-05,-31312.389206897446,21080.182448742155,-25.578805531887181,22.513679515370036
0.073814660369022858,0.11362560349289913,0.22731502704392106,1.4946161274970382e-05,-38572.332570851526,14603.56751344855,-51.43804909298975,21.751055377350127
0.16662227177016542,0.10751999946184965,0.2076635626360433,1.2198150110361592e-05,780.13837109426072,36804.986575323877,3.7358552919654318,58.064294711451033
-0.10101745806380784,-0.045589884071065685,0.22328770645800755,1.9499077605949757e-05,-41012.9945793191,-55843.38113960292,-99.422163958482486,-119.73597379696454
-0.17566785784911659,-0.036303399077790573,0.21202208147417312,2.5981275603586117e-05,-30991.962898205969,39166.259372641805,-51.216546305340714,69.421108316073145
0.17541660477901086,0.03658351169322465,0.21205776825332068,2.4349269115988991e-05,-31358.693305543882,39170.212568971539,-49.274632876735815,69.886505581459787
0.047392820152244969,0.12891583333575773,0.23059257307544329,6.0038923797309477e-06,-14285.599435305412,29021.621041519047,-5.2770737207459302,22.828911804154586
0.061673365084916207,0.029670653320298224,0.22896814460518566,1.4380539577607687e-05,-3286.4786623797081,-80443.141008680745,-11.704314123490134,-190.68761068028098
-0.19477787557017867,0.091540880665438376,0.20128437145301437,1.5122451244295461e-05,15259.381101778323,26612.137919329081,36.3768985040725,42.677474392115144
0.19497851088452101,-0.091426755280391972,0.20123911558157756,1.5969391704554205e-05,15489.301432246084,26310.706174242743,36.892674927015797,41.704091883280377
-0.16767011543146804,-0.044053792680663763,0.21321377998925456,1.9152099414019699e-05,-40532.232107254378,33579.1207387498,-71.293137731499343,61.024365498408073
0.16786536023146365,0.043354822866099513,0.21319797337604104,1.9802075387522943e-05,-40403.935177973224,33679.324928835718,-74.961942657525398,61.413405152324096
-0.073965272818512548,-0.02640235840717918,0.22728904814311993,1.1765156001224796e-05,-9634.7930235279309,-77726.879575230239,-28.695714046947586,-176.00537009414487
-0.1572622913097983,-0.051051607069757102,0.21483223882645297,1.9407048470235108e-05,-49282.889111846765,23459.52785735975,-93.262968935635399,43.706371427983754
0.15720253739272616,0.052042542608966569,0.21482616238697891,2.1945803380227036e-05,-48938.804552855261,23858.58033495754,-92.948854052879852,43.988825223065398
0.1948386971853216,0.0093237212637958828,0.2093398902152824,2.668466436207595e-05,4005.5501023854649,37192.412879748554,14.490011619513712,45.351846186336523
-0.19490481323717931,-0.0090764866577447197,0.2093323782753265,2.7893777489196947e-05,4079.0522708098774,37093.371328013163,14.637320592500288,46.312545970539951
0.011317843879721458,0.035703342930804162,0.23270201218887018,1.5693256623280606e-05,13077.122886873174,-85524.230316840971,25.347179186475092,-186.83296586150459
-0.20000000000000001,-0.059029979475976609,0.20482603139331673,1.301506405069408e-05,17273.504655148718,27521.348361789154,42.24168419227162,42.85804466385332
0.1997294131079545,0.058107786129979772,0.20487264801881702,7.9806315401047982e-06,17077.061861678198,28328.473923582715,58.525070027314136,43.334306624571269
-0.19970515567200336,0.059002579891956328,0.20475470533533063,7.7843899005471923e-06,17066.186171227149,28087.382393712629,53.899859507713465,43.878475523178764
0.20000000000000001,-0.059029979475976588,0.20482603139331676,8.0077930497732863e-06,17495.709424061559,27476.74872309366,50.260538162793253,40.30735688479708
-0.19475448756810082,0.035523989238832356,0.20837679690503524,2.8643685204738062e-05,5217.7024763875224,37221.60052950104,20.024552041166576,49.700769611850397
0.19611666104979567,-0.035107506780090156,0.20811784542676534,1.8622730158054277e-05,7850.4467775902276,35566.383045267605,21.663319552949378,46.990789958964633
0.18566177953273383,0.018318983147815188,0.21069575673595434,2.7619332775196584e-05,-15194.692151454798,42008.301324521446,-11.426611555187772,67.421351412893614
-0.1859030488637311,-0.018172157241992518,0.2106590289803654,1.6582559415618712e-05,-14621.519003612104,41720.613358184113,-16.145727785198048,69.254658354357758
0.042321275254175707,0.021771687068607909,0.23103667663924182,1.9491003080989464e-05,11259.240351845734,-84530.302078462744,9.6876690222588131,-202.82006760689299
-0.19402509254228523,0.044139104141013824,0.20790430334540075,2.0656564760440908e-05,4647.2519365093822,37569.168908656655,17.473973891325691,53.472875927081034
0.19440151461366104,-0.044575766679918978,0.20778869398690258,2.7178818459716314e-05,5477.6141533837172,37160.950864918879,19.079887192101832,53.203617192840333
-0.19499529073175773,0.023896429266716944,0.20895694141358925,2.4697659170834657e-05,4768.5457865149856,37044.056492449083,16.211666383986216,47.798670513175203
0.19520122872766538,-0.023520373046526922,0.20893982791813623,2.9387154403981478e-05,5138.3569339983724,36665.462422010605,13.822361808302862,50.294181075588277
-0.063810538104691505,0.12877635926766956,0.22848697449051408,4.5039344485299553e-06,-12218.90194718989,29582.965797349356,-2.7192861210374679,27.673318434065042
0.17621075466303848,0.026271321065978463,0.21210569343281244,2.3585180851904543e-05,-32066.795457280645,38377.706228118732,-49.455010990860551,67.501547580406324
-0.17633084479540037,-0.025767505006490762,0.21209129643300337,2.4398960595456751e-05,-31879.293591948004,38362.884163203329,-51.859030244017696,68.461542022341789
-0.19519828922138774,0.054611168479447754,0.20662666921072562,1.5438103414444573e-05,8504.6883472353402,35388.88251241362,23.976930704900845,53.277081996920295
0.19502901010839604,-0.055386688328558115,0.20659306582220247,1.5307243810267468e-05,8365.6185932231729,35476.83554936984,23.270185387443256,52.353830771810834
0.11871651008571148,0.10961879349136217,0.21982971750962099,1.7476158152096823e-05,-28253.915201199805,25422.306107067812,-47.790003654518756,47.025301716912594
-0.11780197853317138,-0.1087281601249328,0.22009008549954107,2.4222935964139661e-05,-30353.309758581425,24288.409367342894,-44.732945167441905,46.996823547641426
-0.082087879757049814,-0.030785590112321116,0.22609019321884849,1.9061127301515967e-05,-18302.980403752586,-73789.358616936734,-49.626863698568556,-169.08754665432494
0.11033753354780804,0.04363815730055038,0.22190788765112887,1.4118388422699299e-05,-47030.23290179688,-47672.261953272275,-107.4207642507625,-97.776107968641455
0.12010585541225846,0.044374199281139393,0.22046170685105357,2.7992830470232688e-05,-53515.429112409074,-35375.778889608569,-123.93230604645349,-68.891515515262242
0.12900667903141957,0.049645106050289552,0.21914395745647916,1.6088557209625018e-05,-57509.843346934314,-19535.192360393969,-130.48769451049722,-35.345436029543876
-0.13856699305502732,-0.0054396766434826127,0.21772857180728714,2.9009414622742603e-05,-58204.61653332696,-20180.174348517543,-127.27230661281121,-39.141505981507812
-0.128815285699452,-0.0037202325117785826,0.21917229286206827,2.7087943393437181e-05,-53308.720264150914,-35748.162773986427,-121.31604829623186,-69.788832407392633
0.1185229819316241,0.0059836094213303499,0.22069604815024568,2.3952790629396432e-05,-45450.684689685775,-49245.482727891038,-110.74638286034426,-105.30586299739142
0.13765881061877672,0.00091975174055711922,0.21786302642707717,2.6037632971659616e-05,-57812.47930542488,-22011.345460781122,-125.79124462827417,-41.411509041731918
-0.19549779025945863,0.013076138467865138,0.20918243322999838,2.6954946321370722e-05,5413.1613541616553,36398.729019859165,15.538302668086933,44.612223135829666
0.19492679961344456,-0.012675627129658305,0.20929233317647253,2.4737464987862393e-05,4203.0316279752769,37128.421779748569,15.280456973746412,46.101559845905953
-0.19448312153491165,0.064626575180747742,0.20563868099701899,2.0194150648202589e-05,9099.313617223439,34945.840684123978,25.111094746688909,53.471522678691478
0.19490289900111982,-0.065256611372302292,0.20544610414296061,2.2216048857215818e-05,9889.7055009413943,34291.863021164936,25.899401257170439,50.860515257105575
-0.13805351968469909,0.005837884782640205,0.21780459052778212,2.0294952391138206e-05,-57977.392972311274,-21131.516419600608,-124.12253091455617,-41.564200524311694
0.10960433015879716,0.0041775188126655458,0.22201643696783355,2.4810521064148431e-05,-36663.556333061155,-59029.6788099556,-88.36789389278556,-128.98857416228054
0.12904488139060219,-0.0029767070310057868,0.2191383016724936,2.5370885720283171e-05,-53628.484675361404,-35417.10787028481,-124.95716184609792,-68.070145513848615
-0.12012898725355441,-0.00031178072059344196,0.22045828222753927,2.9412992229030247e-05,-46598.437925679689,-47536.191321053302,-110.76947920882102,-102.28679206853526
-0.14299857886647674,0.042144431918698447,0.21707248426191994,2.1140333586680896e-05,-58603.855814612885,-2295.9373402023161,-122.85230133340407,-0.59158886587172799
0.1385104838917858,0.010808486896147508,0.21773693787753362,2.4685962706900697e-05,-58223.63023365265,-19918.004716122465,-125.58935127762818,-37.31490079518089
-0.19473917889466019,0.074731236943849699,0.20415828535824432,1.7276603479396865e-05,11705.523586461783,32500.346970973122,30.759344284880612,50.529054453104621
-0.18540748438575994,-0.0072124947982754161,0.21079392938163966,2.1575278175365812e-05,-16364.861249189975,41478.085931121794,-15.669550003433683,66.215174244198607
0.18483382188667102,0.0081443634220170636,0.21087885898402353,2.137894700493553e-05,-17473.409395376526,41390.896711949397,-19.565183654423254,68.217218355912493
-0.1185402892375083,-0.011203019484247763,0.22069348583771972,1.8850390772792082e-05,-45744.934145822874,-48894.7198736426,-108.35448215844815,-103.38046237905806
0.16715452445575632,0.033667654124363885,0.21345827999125369,1.8660078448504346e-05,-43996.568240184228,30877.119655933173,-75.941223923890917,61.057678906353132
-0.16711312339313111,-0.033518964174406959,0.21346571681005624,2.4530972295678832e-05,-43903.154689849442,30532.073139955923,-78.345299595348365,56.473400440578786
0.12896627327538518,0.0084775811248359225,0.21914993944902614,2.6558762810417173e-05,-53482.43514389851,-35049.431139185988,-120.92021683218493,-72.397048632106475
-0.090554349110370247,-0.0025071112759289154,0.22483674911728205,2.7085308116264174e-05,-17995.316002065876,-72752.178511878214,-50.606427455887065,-170.72078814444569
-0.10881518691712949,0.003073946639242783,0.2221332680694747,2.8427790432298198e-05,-36101.331647538733,-59895.331675790228,-91.240550436318799,-131.37638783163891
-0.1003313468732529,-0.0044291210291117784,0.22338928386754284,2.8675745117475915e-05,-27672.8097110536,-66745.398258679517,-72.329278813982626,-151.76928865698144
0.099879969167605984,-3.102036471635118e-05,0.22345610944726335,2.9143104568810508e-05,-27144.48253402815,-67210.104162884309,-72.989774923731488,-151.67359727924006
-0.12922958460017642,-0.013560255728821779,0.21911095672633954,2.0453972385995178e-05,-54087.437510562369,-34069.318495994186,-123.20234345953098,-69.148661790363235
0.17691809567688538,0.0039599457565976173,0.21205076664862513,2.4616163661908583e-05,-32770.509646323022,37338.674309161688,-50.332560672306194,66.427293261199296
-0.1766302055367657,-0.0039563414857906268,0.2120933882164798,2.6315658486062584e-05,-33245.003754023266,37104.303564673879,-51.542126940880529,66.083030301120445
-0.11026642073715162,-0.0086694238070349292,0.22191841576259341,2.5869924438594921e-05,-37984.10395601418,-58364.084594812513,-96.450741585383582,-124.28830863133173
-0.19482308912348126,0.0020557328146114237,0.20939341636189632,2.3082720423002995e-05,3886.7290967733893,37192.239386148751,14.966043165991891,43.388377521060676
0.1950510431874582,-0.001971340668949351,0.20935988301651764,2.7695846637910541e-05,4330.2019520842523,36829.81934551413,12.754332408927922,45.736481349705656
0.18572453101580857,-0.037216370181243588,0.210144500196003,2.899724629610842e-05,-12670.28242128057,42412.408651762838,-11.53370277751217,69.941593211828618
-0.18565574801759605,0.036965002319836272,0.21017533802288385,2.5373566472567634e-05,-12957.595222943195,42286.607643869866,-14.517639628156989,69.476286173079828
-0.099947773025580056,-0.036244123300549907,0.22344607121972196,1.3307008505534135e-05,-36109.08547502094,-61201.730845819948,-92.394968563212146,-132.45075003403278
0.11974903598350935,-0.0059884363304232337,0.22051453326424017,2.2367636763931447e-05,-46479.323484018656,-47667.36122238887,-112.00114537672545,-102.04580100613236
0.18520689043736024,-0.025404023304063481,0.2106533411165577,1.8834854138941527e-05,-15526.672082403502,41887.069453781929,-16.727579460021396,66.266091128538804
-0.18571428571428572,0.026195222793803125,0.21056021086504978,2.6687513290686373e-05,-14423.055375045016,41883.834756617041,-16.011184496628484,66.681104670967159
0.091432060522235334,0.0075099884208556181,0.22470680567259829,2.3006811627284477e-05,-19012.295574237414,-72214.803450976295,-52.380016772842005,-164.71813905793584
0.18536965030574737,-0.0032861809636712605,0.21079953064261997,2.1371775311347244e-05,-16495.275780032465,41318.677982824687,-18.144349353309373,66.748673057972368
-0.18604730886559964,0.0043911709005706664,0.21069775354586931,2.4802132964619293e-05,-15138.082950391125,41376.026785759772,-13.854993112023697,63.677391965377403
-0.16674748471767303,-0.00064832755685716777,0.21355650555632597,2.9363814378100119e-05,-47605.197541463116,25961.210493786955,-85.522201595525956,50.522190243162484
0.16730621136746324,0.0010455105914126098,0.21347378717699436,2.9638506222110993e-05,-46867.419266632663,26781.295959078947,-84.737872934962837,51.601557675415222
-0.1759621022946575,-0.015869635337551678,0.21219229958473856,2.7339370753718115e-05,-33822.941084639737,37274.75323842495,-50.551914216034533,68.078903299849102
0.17602590495113923,0.015389453096440749,0.21218285372719231,2.3920327973190972e-05,-33715.977190707505,37236.009714634303,-51.532348196710245,65.664257649540161
0.090585008395318828,-0.0023840313152230881,0.22483221007057044,2.7804282563383858e-05,-18247.858543035534,-72631.102608017798,-50.665914591592951,-174.03490099412099
-0.081360199711893788,4.7110820216073772e-06,0.2261979248153812,2.6426654142183848e-05,-9535.0455507599891,-76742.728521650351,-31.78703949286291,-183.44367454012951
-0.16617796427933892,-0.012425764535239711,0.21364082193477854,2.7669647789756097e-05,-47957.805700250618,25839.141996533985,-84.166673827207916,52.323881943272355
0.1662546845508133,0.012716820580738442,0.21362946364979135,2.7708861474708765e-05,-47849.475014776937,26055.902877467692,-84.196626391088316,53.367604518034845
0.13808674035783572,0.021999915472701224,0.21779967227259742,2.5689327846894622e-05,-58506.515170944964,-18286.892278458752,-125.9363231912633,-33.012077036181573
0.10056050965809205,0.01000798222136383,0.22335535676889426,2.5287413378519966e-05,-28451.129308464238,-66286.87734872874,-75.000441541349232,-150.49412125928009
0.17717442715941786,-0.0069562251659541904,0.21201281727782864,2.684168924173204e-05,-32225.030409776846,37565.897786449947,-51.22584162533505,65.843858867770308
-0.17723039784270639,0.0070890117516901703,0.21200453092847793,2.6373843347677351e-05,-32223.343225171317,37613.639977949148,-50.010882310074258,66.442166440715781
0.0799980235785515,0.00644318378000539,0.22639959230726939,2.0175788052061892e-05,-8784.6221139791323,-77437.512527274142,-37.430798264091635,-185.09004061189529
-0.15700200798370595,0.00061811429908187158,0.21499930417985769,2.9463724414712518e-05,-56188.254768943567,11050.055725954393,-110.94031078989428,24.945383125694107
0.15646192860063046,-0.00088158437670105732,0.21507926186810325,2.3295067988929668e-05,-56649.341502571318,10221.761883728163,-113.72844101565363,26.562319019373376
0.12836139123368301,0.019431752182357185,0.2192394910431647,2.938318047606745e-05,-54167.018739751802,-33986.874867255574,-124.42924980018341,-68.881806538456715
-0.18604259876552462,0.014805573127434557,0.21067314155940239,2.6700284713782134e-05,-14684.824632776712,41483.097641519533,-15.913939786549435,66.491005297254574
0.18605702361957371,-0.015594785754177717,0.2106615600232172,2.8293487040123423e-05,-14587.891605268582,41512.804444694404,-17.08924015180423,65.723862302455331
0.15697407294752683,0.0094586070641806443,0.21500343990690807,2.7229565373923676e-05,-56005.968459657248,11383.560236816142,-110.16316619898309,24.201494819391215
-0.15675036976857787,-0.0095193072842857298,0.21503655872166469,2.3331038003540203e-05,-56243.198889414649,10968.115246527315,-107.39780800996023,24.473716640009105
-0.13825983838772207,-0.016151669848458654,0.21777404545042403,2.5558892574401158e-05,-58358.796109511291,-19373.233569245003,-126.59021279528274,-35.369047709931756
0.11891159271552522,0.016627998097337428,0.22063851508958504,2.6134228696126551e-05,-46710.335300868355,-47493.776860890044,-108.82455579342026,-100.97011915890214
0.071524885578720679,0.0027449063118855383,0.22764663836803839,2.6902032977222191e-05,-1576.1841460933806,-79692.194722226734,-12.788842429414316,-190.01797896865398
-0.12845394502071494,0.0081676180851312369,0.21922578863740483,2.8698971202799371e-05,-53220.7487989808,-35858.68251439419,-122.17825457657101,-73.5943802236294
-0.18552637442953346,0.046725153078747694,0.20961832677841979,2.2178657488672966e-05,-11170.310466034458,42522.600087181243,-11.505785396455813,69.952760459838004
0.18544535634163739,-0.047090584551527079,0.20961692524965123,1.9903051016432163e-05,-11208.876098609058,42467.303161774762,-11.912182501816254,69.091776094232316
0.10951579318527604,0.014446314106939577,0.22202954469226974,1.8360967347728633e-05,-37806.289398990593,-58178.854202467737,-90.610327644635973,-128.08185432778347
-0.099782189529276852,0.0058062880703812943,0.2234705855300084,2.2868638077297615e-05,-26922.073086815864,-67108.529049928868,-67.730897490097135,-151.02100204856666
0.13822244778467663,-0.011555766819653689,0.21777958105551343,2.7354557273378e-05,-58126.433413085477,-20307.440364572118,-123.91375303420155,-37.004374873211184
-0.091180931616370448,-0.013843973345705272,0.2247439848121727,2.6627883441402733e-05,-20111.277265966703,-71890.790701437305,-53.763470740300839,-167.18098213108837
-0.15770797883893939,-0.041332267251932231,0.21486886936372016,2.9991789953500032e-05,-51688.544296223234,20357.606972901682,-100.19973440979982,40.216733433569885
0.15691543898359556,0.041741483945102971,0.21498744360360206,1.524376757556555e-05,-52385.224974207726,19519.988590384921,-97.688149917854616,41.051711772647423
-0.16682219158664296,-0.023246144933843766,0.21354544535161149,2.6511290805891579e-05,-46156.754873998121,28239.083283439046,-80.253718525110244,56.127786425310624
0.16666666666666669,0.023395680759960825,0.21356847050949673,2.7694345820213004e-05,-46385.318740012364,28192.104995549096,-79.683618035211836,57.885828334456853
-0.10993554294673555,-0.039751300805964618,0.22196740156735204,2.8559809191726801e-05,-45339.940633446298,-50088.329368846848,-106.33213158629859,-107.76119335619808
-0.080952380952380942,-0.011009426448740318,0.22625830157897497,2.5983392730518874e-05,-10239.698141433468,-76626.350476863619,-32.253320834794749,-180.25779132162702
-0.11975903813953512,-0.044097122581467051,0.22051305246475333,2.1913673932188716e-05,-53096.122300169867,-36197.327287093234,-121.39743402158517,-72.232880961488121
-0.15682647917166354,-0.020061409951401751,0.21502529087453853,3.0784847956318465e-05,-55614.800793107053,12898.78577301077,-110.25593822891614,29.354694684758062
0.15662732987952041,0.02027686946094464,0.21505477453474572,2.909746244783151e-05,-55661.802644203533,12591.500006186139,-109.5924884360099,27.379995653770234
0.080602328263088732,0.026497275722632923,0.22631012618972121,1.665009489933575e-05,-15023.444284746784,-75415.410870699896,-48.478134330505767,-175.07738229086766
-0.11892846823879667,0.010778568458349961,0.22063601670162392,2.7210039122098694e-05,-46009.876160291518,-48416.631127045832,-108.2690591162457,-102.97032046384686
-0.13822249105909246,-0.047879737779595935,0.21777957464882144,2.8009536474370745e-05,-58467.596993479696,-6724.9637082325271,-124.8335653781742,-8.1394764751610449
-0.10078870325083024,-0.015997046208036565,0.22332157315722612,2.6324324221317729e-05,-29691.061028473552,-65545.320831028672,-74.532291365028243,-146.25306289395513
0.090579285094309639,0.029139999287722415,0.22483305739400508,2.440627955986151e-05,-24708.364704080312,-69884.365719493755,-66.833834271158636,-157.99058570981308
0.10988219113454085,-0.0087286456118149374,0.22197530019799872,3.1176359562184911e-05,-37607.947152277622,-58423.596823233958,-94.594725605497274,-129.27454192507105
-0.13747005660299794,-0.027787577486290033,0.2178909710871062,2.1058879571853368e-05,-58744.907397550254,-17555.007310866815,-128.43499552335254,-28.458635299379619
0.072894057834416909,0.023500805235035543,0.2274461024229758,1.908177704702808e-05,-7448.9237488702183,-78191.428465081946,-18.435960336727188,-181.28933615566001
0.16694075624382168,-0.0097568592677745765,0.21352789208779002,2.5845578774497479e-05,-47098.869916090727,26593.348031915841,-85.053722985484754,50.652897973226793
-0.16666666666666669,0.0096967581735361991,0.21356847050949673,1.9649700313706901e-05,-47579.69925444229,26271.526844058208,-84.148112839571368,53.403673708236425
-0.071900695094646999,-0.0085859509721139052,0.22759159539143245,2.7437183615154668e-05,-2696.6547519308069,-79706.103027808771,-18.606384861046269,-192.88256751995706
-0.12892581894720742,-0.024761321251444181,0.21915592863258321,1.6782926317153817e-05,-55019.750175660483,-31684.301329307989,-127.96219465870385,-67.798636671639713
-0.071162718897384514,0.0025744370267037271,0.22769968314557446,2.3912546074487543e-05,-1212.1038258249421,-79858.843458428571,-11.127227199785167,-188.12660905100662
0.090647555528191176,0.018437674917803949,0.2248229500908201,2.7225606867263271e-05,-20833.505052343109,-71574.018945897682,-56.337990323871743,-166.55846662526588
-0.11862556132023215,-0.021545774937823291,0.22068086147393146,2.4497015347288012e-05,-47318.602166238205,-46887.56899984381,-110.43134465225923,-97.310611708553566
0.10055285384504549,0.032551016328278358,0.22335649019692733,2.9398108256899822e-05,-35127.567814893853,-61822.288052659504,-88.771930756358614,-137.73992709005211
0.042962875639909956,-0.12434826896631315,0.23098049316387761,8.9618436449287825e-06,-24676.055719914773,25139.686129355574,-13.323681628758882,21.396670145801362
-0.11070718191324982,-0.018311540678624741,0.22185316193914892,2.0419115855578629e-05,-39978.197922714236,-56387.943572332049,-99.653887117724196,-124.77003294608626
0.080826234791398041,0.016027176939561461,0.22627697726949256,1.9908679832646273e-05,-11273.801084729681,-76407.432112271665,-36.192645313833083,-179.02510086578144
-0.15646632548205811,-0.031957067536931519,0.21507861091847352,2.5912564994416475e-05,-54580.612367088972,15394.583339629073,-105.53644427184567,34.121179654791689
0.15721630913275991,0.031921012298100529,0.21496757731709695,2.9858756122049796e-05,-53873.090286724073,16517.255246385012,-106.99512606909073,32.87245238473502
0.080391007365215664,-0.0047674318508024944,0.22634141183216824,2.7098360644593149e-05,-8683.1463563134257,-76968.709018679248,-28.6511361344884,-179.01197565780097
-0.062227300744418575,-0.026406532682822208,0.22890047970561483,2.1148673900343357e-05,-1814.5893283075247,-80935.278028210319,-13.276572092707619,-193.54774306962412
0.10052511301395968,0.021187404977865986,0.22336059717229639,2.6822659499055147e-05,-30946.884055796687,-64893.449255809806,-79.626632666923982,-143.75223931634156
-0.075152919183905098,0.12332269004600736,0.22708512409011075,1.0862924279065619e-05,-21103.984752226686,27209.51231361246,-14.531532767841743,26.599795614391773
0.11033242703268274,0.034746689300494252,0.22190864366062896,2.072214770170696e-05,-44148.103833506197,-51891.932170409687,-106.11403538224702,-110.33331522863546
-0.090126120939530069,0.0076406119218604077,0.22490014745399886,2.6238611869926598e-05,-17816.641499778652,-72948.37494249898,-52.566293305095492,-166.84069274355858
0.12023460265775845,0.038272067044815873,0.22044264607509961,3.0017415190794113e-05,-52095.782177994151,-38514.977233491874,-119.63851142725007,-78.520655223493094
0.12950869219604766,0.039955192514170984,0.2190696353968517,1.8426828852442975e-05,-57013.897863965343,-24724.513171652488,-126.43268809425298,-43.251812102354648
0.13910026934747916,0.042369199300597321,0.21764962130320045,1.8487370273948714e-05,-58854.094198365914,-8324.852075300998,-125.12239743830956,-11.20565320126838
0.13910703570798147,0.031686198672284692,0.21764861955686365,2.09844260616402e-05,-59054.217039211529,-13335.628905862874,-126.07806097567963,-22.075727881766571
0.12792550304042064,-0.013845948840633407,0.21930402343110431,2.1701592804193528e-05,-53300.766195458833,-35807.766410446777,-123.31096339855281,-73.022688849536323
-0.10112062338974113,-0.027013338921575012,0.22327243303482716,1.8949409667931771e-05,-33357.110223055039,-63049.950075607128,-81.968122539932892,-140.51282143890012
0.12848111748685573,0.030624321462322326,0.21922176580734568,2.4274948295497657e-05,-55455.399922596189,-30594.572581622433,-123.34890884003177,-57.473622613132584
-0.15705881776993805,0.012419385440024942,0.21499089360296994,2.7868029904337482e-05,-56004.440131191848,11865.963914219052,-108.49212606131506,27.613528323614219
0.15689283476909274,-0.011854970449191787,0.21501546705911645,2.2382864712448953e-05,-55925.341883780558,11573.853490548394,-111.77320799447465,23.630746082927068
0.11898681142877161,0.027435227771792668,0.22062737910733415,2.3656893969347044e-05,-48829.488177318672,-44773.558690552265,-113.74134370852181,-91.140754459402274
-0.13899345812056019,-0.03714737533109954,0.21766543449483627,1.9426072107168198e-05,-58952.738441862348,-11261.846388309099,-124.2132081450934,-19.287041290070711
-0.12924561372061213,-0.035541337287870532,0.21910858364665015,2.0340217938195145e-05,-56462.681096356675,-27385.259648366889,-124.53807913070371,-49.968620441026601
-0.11968292009970029,-0.033319082271973714,0.2205243215905332,2.974528498430493e-05,-50826.541810479161,-41584.953508209008,-119.61131535034932,-83.727352197311845
-0.11002063529149013,-0.028892886416204147,0.22195480381341587,2.1005186072768172e-05,-42041.750698686214,-54456.186960389896,-104.16537162005734,-115.40949122937241
0.17631396716766401,-0.018550166479192703,0.21213479084804293,1.9361400763190306e-05,-32955.156417760263,37772.312897231313,-47.894992026069282,68.467918364954954
-0.17654887752156767,0.01747747416511853,0.21210542866884405,2.1808906482942052e-05,-32596.920215572336,37725.237079704784,-51.798300261824124,67.620400192485988
0.071060352268475471,0.014034097377382065,0.22771467628364433,2.0708226419545448e-05,-3146.9547471646742,-79592.616809210871,-16.826319441228897,-189.91934970320625
0.10928097518394701,0.024203015914766663,0.22206430903457403,2.335827676715827e-05,-39800.216072222931,-56572.123905983193,-95.51345463739176,-120.40265631217243
0.13294860718625839,-0.03970157606326781,0.2185603627621284,1.3166193885608415e-05,-57903.865396067449,-19574.021766190923,-125.51173923441998,-37.129004023306479
-0.096536781012671921,0.071976032810659757,0.22395106186465863,2.0092033101530201e-05,-50085.996781744238,-38123.094032326757,-111.94238849320809,-70.434123956045582
0.099847436026875666,-0.011367940175963686,0.22346092591463035,1.4010227842294022e-05,-27899.309151763468,-66789.179636851724,-74.704725989655088,-146.98869174775035
-0.13760875664675803,0.016662463942906436,0.21787043681898538,2.8302761861688843e-05,-58319.594561443111,-20387.88799275161,-127.90550095650684,-34.54655129827524
0.18527813058053677,-0.056133528157360398,0.20891719748560031,2.0297746428484172e-05,-8916.7985202397431,42489.382027140884,-8.5293840022355383,71.935249294391852
0.11081280891696224,-0.085329859517145279,0.22182736861469884,3.1355033011389927e-05,-52545.860877770094,-8122.5761763922155,-108.22104528591504,-8.1862848132373749
0.11887400221936342,-0.01670757939020345,0.22064408028845633,1.9106023609336525e-05,-46717.716518130474,-47490.54512588826,-109.28429419814418,-100.44586656330128
-0.10872624790751939,0.013055535020248046,0.22214643531456146,2.5286248851345551e-05,-36911.797450518534,-59233.54911666827,-91.676827751903446,-129.26089481687416
-0.12907160846518048,0.019398736685244881,0.21913434478177746,2.7030928845307676e-05,-54311.853353553684,-33118.661315129139,-123.08101284716371,-69.113790782679743
-0.162704143208666,-0.12293653956345107,0.20629623816700202,3.1046672230938782e-05,14222.239150915317,25721.069195418884,27.424205883031256,31.625416950651569
0.1624984935792452,0.12399246392896955,0.20617424860685635,2.2195337511267093e-05,15348.796699313745,24409.768868778985,30.211902373530183,31.860644601156032
0.072252740512342983,-0.0084338722412788721,0.22754003302574111,2.224715222890703e-05,-2966.2797977468385,-79564.516445996167,-19.564711065978504,-194.35654172506554
-0.19135935306305629,-0.055715994696730144,0.20748006571240571,2.0931831346181044e-05,1855.9513928436206,39396.319785430314,12.448993864460075,62.961411493354078
0.19126448698660811,0.055655580624387947,0.20751019657831765,1.9903870781866172e-05,1744.6405260486993,39489.560414734231,13.7289103743305,61.34227355639343
-0.17571166872906047,0.028941354852947437,0.21217545695504239,2.7398517212767472e-05,-32459.962662419577,38231.658478891666,-51.709749654304957,67.21369240494333
0.17570528574988914,-0.029766774378675337,0.2121533849520861,2.827267579548181e-05,-32361.16965500177,38583.833185897893,-46.416473330675117,69.989018817641792
-0.16722008450216266,0.0202968858262823,0.21348653808965845,2.954191545625053e-05,-45999.163512333267,28090.350198968743,-83.134044524094804,53.710746712592901
0.1676083423099449,-0.02052669630799903,0.21342887043562342,2.7365668676372201e-05,-45437.914438486907,28744.705046098054,-81.290349739113566,55.075192001985549
-0.081275370434321648,0.011417664390981489,0.22621048362273946,2.7604594912556655e-05,-10352.373306474266,-76542.659131268141,-33.228166810454972,-175.97784378799247
0.006975480579007055,0.12660209142550402,0.23282882102545077,8.5854077620818107e-06,-21504.869270530988,24628.116471087935,-12.373594336314431,19.065963094854737
-0.12356313127899003,0.036578799654395998,0.21994986397277716,2.9220924230579355e-05,-53732.175364193863,-34982.476073749218,-122.27588201154141,-67.893460314444255
0.15660837456514631,-0.022852261491862945,0.21505758083168058,2.265306060943457e-05,-55496.736246061097,12922.987663209418,-105.46174700030603,27.783046988865891
-0.15763467820619309,0.023428971796090672,0.21490563860032041,1.6064924640179317e-05,-54677.239579830406,14924.939972661547,-111.38718131237835,32.26898655439085
0.087259247567952253,-0.12946087207160911,0.22503703249237825,5.3127793328113697e-06,-5019.2464126783952,28730.567735325672,1.4199262810996984,26.425744673243791
0.083017973084072327,-0.12373186173695158,0.22586533360911015,1.2005602634766148e-05,-18120.686863387255,27891.136057663833,-12.279271936616315,26.174826683950815
-0.0043630356795421443,0.12859957646232173,0.23287473558914545,5.604258676604969e-06,-17271.585720907235,26323.788717420688,-8.573693037108443,21.96370079228199
0.088991658003823873,-0.12639341416213723,0.22479137057542839,1.2108326724337113e-05,-10836.649680163264,28767.516562719971,-7.3681870770423448,27.814275989162372
0.090170177632570292,-0.013825504707555933,0.22489362494742365,2.8811641976501963e-05,-19279.55208155778,-72355.143310977728,-54.161808648136358,-168.23650374967005
0.085107257806227896,-0.126675714219638,0.22552092573499086,9.0379561317993568e-06,-11525.777592610584,28959.408902009927,-1.7611257063495454,22.699343595337446
0.01247547660096677,0.12627920173928159,0.23273215681725157,4.4659890297526481e-06,-22177.306099189802,24510.058059692248,-10.544094247072287,19.079626316424342
-0.039734941722708604,0.12598796546340765,0.23126315593925423,8.870104889319474e-06,-21555.023121676266,26463.249699949833,-10.319873936785331,20.980432324228222
0.0071588123511265589,0.12363872667374082,0.23282559891028576,8.7511464044121427e-06,-27517.623247870957,21180.218825199925,-19.45208371488215,19.689718279091743
0.002391034345253788,-0.12654961595708872,0.23297817344245891,6.8746277340423248e-06,-21654.376180187213,24523.989137149285,-10.018279221158663,18.408608731780774
-0.062870788165187957,-0.0055405550122440486,0.22882187579024213,2.8334053276708972e-05,4174.0198043842101,-81487.07287001946,3.8629684936655817,-195.33789282422197
0.061910306439396504,0.019950022844544828,0.22893920150921407,2.1934031978621872e-05,1308.3810280104392,-81315.266175473691,-5.4597465952471866,-192.63687716941789
-0.0062169979515375035,0.12633139575613125,0.23284215160284108,6.333430444886249e-06,-22200.928944599964,24323.786881332897,-11.066611211866453,20.053838734763104
0.0063960920650143142,-0.12647467799201767,0.23291230533447616,6.5948961555159632e-06,-21863.798418405771,24490.211803624607,-10.194474994251078,20.139731584734246
0.010165142939444861,0.12585268472364158,0.2327727616782688,9.4990470691609892e-06,-23062.392919590544,23990.576964995093,-11.681969951689268,19.04388173792282
0.062553589601598958,0.00010733104662435369,0.22886062254463693,2.7271044399357763e-05,4773.627145695159,-81644.923950832468,2.7972199823770252,-195.7441861412199
0.015930953162053268,0.12178549908834603,0.23260236670732168,6.3087434032963212e-06,-30959.252791588937,18808.310134797106,-23.575263364149802,18.716151657352537
-0.10016226399310528,0.016876811457580788,0.22341431625471067,2.7992919496989886e-05,-29461.542447018022,-65853.888706270678,-77.099574963215858,-148.47515907369095
0.17572013951330573,-0.039585655729178333,0.21195953009685833,2.7620470240625166e-05,-30110.931172761091,39643.673864196891,-48.584310125891605,70.18615604276097
-0.1754674729987912,0.039420582175706931,0.21200708767567708,2.7096683409758579e-05,-30632.03944723335,39462.464145645303,-49.443151383577138,70.19026536364369
-0.041972764201239979,0.12627606798218435,0.23106675357933482,4.4373981968716349e-06,-20740.654537967781,26886.354088987147,-10.833845559560899,20.1465931810346
0.062584430610898301,0.080790206773113188,0.22885685522299748,2.2678558305082401e-05,-42899.987846364689,-48047.154546688165,-89.768061872642406,-97.819235265681471
-0.059852688394615022,0.1206283392101905,0.22919054571492986,8.8869291065197622e-06,-29812.919949926571,22718.122905483069,-24.379735425696396,24.713740416262326
-0.0081554385041380777,0.12617693914558273,0.23280720588039719,3.9363530119863809e-06,-22541.519367557947,24193.733427453113,-11.440776363163257,18.821412162247416
0.18590012364351835,-0.066703499641474984,0.20770650501725199,2.0890432937099163e-05,-4373.94054449343,41506.685968415513,-2.7030575415886369,67.864479583597998
-0.18588007604341764,0.0689017615805574,0.20743043296469929,3.698236395206577e-05,-3560.4508707251289,41452.90320582495,2.2424617546778065,68.821020512801212
0.0084265641380569349,-0.12618194527664026,0.23280331776277452,3.7742790842498814e-06,-22454.938162056576,24206.449029020951,-11.920646760250225,19.720381089077062
-0.062863401566193189,-0.016004402021571957,0.22882277808542853,2.1439569910583853e-05,1782.748204255196,-81555.466920122431,-6.1337135182250435,-198.26653333643458
0.10928633166846209,-0.018658578759618075,0.22206351601759841,2.5449897485635153e-05,-38571.946464874083,-57657.101344132541,-94.692105828273455,-125.64789081697594
-0.05188375643760211,0.12127126225919949,0.23010169525688318,1.9819389419681995e-05,-29864.46488403781,22408.197952323313,-25.124158797575078,25.539775931128904
0.010280344393125838,-0.12677404859231864,0.23277073697547646,4.2967737262582026e-06,-21173.004061528372,24862.917568042489,-8.2764123489910855,15.678013927360222
-0.043705293970113669,0.12907759888602308,0.23091548129216999,1.2865244760884586e-06,-14458.966051858401,28867.347379330524,-5.731748591866114,28.434760245147942
0.014095338271373497,0.12637516837142312,0.23264052229854126,3.4029503457782692e-06,-21943.954070614152,24685.217739954733,-9.9385615109724874,18.222795023136172
-0.13837109193491071,0.0279068823096391,0.21775757458202752,2.9107636225777365e-05,-58770.47605368682,-16018.839860030434,-126.2450606066175,-28.985296282205933
-0.034278943615637547,0.12552008197356329,0.23169083887098285,4.6023288860554289e-06,-22935.632628758245,25485.108322771353,-10.576891947027201,19.204043754132446
0.12798657504120928,-0.024481218952137319,0.21929498184175167,2.6819960809037497e-05,-54374.069723160232,-33362.469134730636,-122.83584683101181,-64.839968964902766
0.011050137769140319,-0.12883451380446262,0.23275720760802379,3.0166115042278911e-06,-16655.69453262537,26612.367315913692,-6.6010111806430469,19.270455443523595
0.0043935632051340509,-0.12651214697455318,0.23294523938846756,3.3185737185550294e-06,-21778.426778675781,24483.087253251579,-10.434585368586861,18.629582393087347
0.0099587192013050919,-0.12734339059133459,0.23236877530732747,7.0942633801582943e-07,-20090.893853575173,25325.128048482351,-15.94655714217509,32.077754906658804
0.11367080166605401,-0.033292967948544507,0.22141440387561431,2.7221984147657681e-05,-46386.933363831951,-48962.36444533195,-112.80434571114918,-97.496497333890602
-0.052803994212819658,0.1291443539474707,0.22989915333347807,1.1749793030956196e-06,-13294.40717616212,29363.651409507926,-4.8763416166747922,38.081044066225637
-0.060004344235785982,0.12677669381189374,0.22917202049979679,5.3456348773689509e-06,-17257.192620991795,28619.969138876928,-7.010343496538753,21.378935676645902
0.042837781091068977,0.001584996653078782,0.23099144740682895,2.3231375944784148e-05,15689.909605453553,-84138.965915040622,28.039070996877502,-200.70178278590907
-0.042956246742386399,-0.00091423206228104324,0.23098107364124174,2.4554284745333963e-05,15499.950558184944,-84009.762581463321,30.775038603629678,-201.46195992748054
-0.14758070141252402,-0.080406765287035595,0.21554799646905806,3.1605836867968905e-05,-41366.425160652667,26444.74900977248,-83.795504056380892,50.142653723070914
-0.05745026078462976,0.1292091039966923,0.22948400944156902,2.1364382574190405e-06,-12317.091672446668,29565.671899435849,-3.6131142226293091,25.91805637010691
0.18689915579404989,-0.086969496664724755,0.20462933552609283,2.2711989852382155e-05,5430.9763886708397,36622.947187055441,15.160752348650259,59.602440203337288
-0.061943610939035956,0.0068975319184871129,0.22893513326485262,1.9062815835038165e-05,4858.8733720487335,-81711.936085361987,3.1212444091401688,-190.66604170918728
-0.16693245208289292,0.03298722296127346,0.21349914421538543,2.0054832946300923e-05,-44512.770404234863,30320.33185472996,-76.229547255137362,60.325629438560682
0.16581033981084722,-0.03087842790244652,0.21368772073005837,1.9121595214989098e-05,-46028.782466585049,28301.213957615135,-83.590792185345606,53.153108221709267
-0.0093222218223885864,0.12710837921679291,0.23278757628941202,2.5260466090198109e-06,-20544.720291160695,25166.017711879995,-9.9598902243691239,19.384441827835847
0.093760744910262706,0.096046028629517305,0.22436204853845268,1.5133658959966546e-05,-50043.985940648134,-6550.2233999451901,-94.876692390184814,-7.0461017584843537
-0.047680009516705493,0.12260835896617413,0.23054860557839418,4.416454626015108e-06,-27745.880484372978,23565.901459892491,-17.859603808520884,21.452486769304468
0.010766836178284462,-0.12299240073837354,0.23276218672507265,4.2976994251371866e-06,-28824.3793611931,20242.8257644677,-17.773678094650819,18.469756015478481
0.077223846427832213,-0.12373478954082846,0.22675942006833955,4.4753609352450007e-06,-19809.909286779166,27610.520541356065,-10.78415721757262,23.765789415759606
0.036485670594122888,0.12877439030731638,0.23154768716533131,1.6571097890307573e-06,-15730.782400500506,28211.935144419986,-7.9858535631201466,29.670370169440584
0.056981100563381529,-0.12553544517777832,0.22954131876749673,1.3139260820054697e-05,-20405.83535814497,27500.918341089615,-11.043803252224327,22.162075875564721
-0.048379805758666877,0.12908357356379341,0.23050308176744311,1.3477929541724105e-06,-13905.50060085051,29126.398580290734,-5.9680768760379337,29.076901399761258
0.18549489681987566,-0.076677648524797554,0.20658230311594392,1.6762892916301326e-05,-789.58878678884798,40166.625895961741,2.0085628344787589,68.160081082289153
0.012476154940167123,0.12333155506053556,0.23273214489522084,6.1152317157731144e-06,-28119.189721647199,20943.553038308397,-17.286604174395976,18.874951100742877
0.082938993946895773,-0.12683997053981641,0.22585318045019714,4.3363812160562491e-06,-11796.171081575558,29007.219591800749,-3.5725090087644262,22.835264321815643
-0.05548261913273822,0.12514857208656879,0.22972436276145863,7.2128046566787738e-06,-21467.54959793622,27136.65745241263,-11.776067728936088,21.535689804291248
0.081751030082361217,-0.13,0.22602070879547356,1.6608988995862683e-06,-5298.8889934968711,29030.80377441477,1.8777478200693662,21.274787296561627
0.082187610167440486,-0.12834369720101957,0.22595503293004715,2.8211673377656854e-06,-8794.4233502793304,29152.928295185411,-1.4012350267223941,21.023240539178111
0.015268013593000994,0.12737050924665985,0.23268307707680738,2.4308538177627307e-06,-19774.186384421493,25687.090046282068,-9.4265926287504413,19.528036736736698
-0.04298178496214225,0.12759406432021178,0.23097883731786598,2.2747505467649442e-06,-17807.1860570996,27971.525932307875,-6.9213960236941707,20.272673380846463
-0.052350397651164476,0.12799549467694105,0.23009846076952004,1.5496643147706425e-06,-15859.189514647773,28794.411906400794,-9.04530434990399,25.123057412810141
0.027110545351402178,0.12844418736062707,0.2321242821271306,2.3576763620510951e-06,-17045.593601585686,27304.487515692399,-7.2950750598937448,24.246215507743067
-0.061791209008903711,0.12901403483098453,0.22884369560172019,2.9406388444687545e-06,-12030.312520488877,29622.334341913727,-2.4006366466361531,25.152338766071253
-0.048414100710556913,0.12427504333215296,0.23047835251850393,3.5015759741829713e-06,-24278.923581526848,25579.83248791016,-14.288819709056547,21.234960100108179
0.078256248514532001,-0.12826333775169385,0.22657552758359989,3.4806781902058462e-06,-10005.134046666262,29317.242001849343,-1.1107435496828344,20.929806108638509
-0.044667716688852332,0.12404666272770781,0.23083076276626482,3.4337032701698975e-06,-25150.308176339637,24934.836408228399,-15.788143942592434,19.282734656674446
0.019138350839697935,0.12512567032904884,0.23251403760798611,3.0585642432910081e-06,-24419.364162446971,23660.257425976673,-11.134721544396498,16.595580089127573
-0.022196616352515519,-0.12887441892231483,0.23226573249310845,1.3121070005970001e-06,-16332.353133762437,27219.881720188736,-8.1157223479323051,28.176824511198955
-0.012898992439962738,0.12721131013484499,0.2327247133894613,3.3088115079791514e-06,-20318.651043398913,25423.901652138749,-10.042032456587567,22.849961111587096
-0.070830684632660387,0.013814268531711355,0.22774831457583647,2.5971445189655864e-05,-2697.7429392966042,-79595.277181850484,-14.438526262001186,-184.31580730633155
-0.011167113225999207,0.12710661605166385,0.23271496561225158,2.47675633490755e-06,-20527.294952269716,25254.140247465828,-10.462603093587353,21.14503718971039
0.073390475983925355,-0.12141362198797752,0.22737006556233894,1.3367507673069737e-05,-25476.482623407112,25321.276177787953,-21.702996468894003,28.269457928234672
0.016535381300131598,0.12375847683572415,0.23259565621102163,2.8022909499094075e-06,-27196.840131095258,21729.756601342942,-18.174102931424169,18.485336808674695
0.08095238095238097,-0.01634922272932994,0.22625830157897497,2.0373759737841435e-05,-11726.690663994585,-76412.793056850947,-40.123049765656262,-182.37207307496581
0.01248107300983833,-0.12711025407522664,0.23273205845855638,3.5323541684690225e-06,-20414.888093946138,25266.431196087513,-10.077973374175118,19.135931147885895
0.030419701827914671,0.12475415434102445,0.23194743451768357,3.3680637842910421e-06,-24714.094485707534,24247.840392106267,-12.823726030729341,18.374509935138228
-0.0133855987374798,0.12853438665225222,0.23249128613807757,4.3815268766369324e-07,-17506.846107547364,26511.074596348299,-19.837996408600908,62.145959598915177
-0.018841307940311865,-0.12808142330822347,0.23231900247308246,5.5187960887900579e-07,-18342.819527543681,26417.284329520164,-11.421143526147777,39.228021348774291
-0.0099472059240128426,0.1285302600821028,0.23277659199177264,1.3630583696181714e-06,-17431.102809599706,26375.594831165243,-10.345034847046563,27.651551282546666
-0.05295309001498312,0.12461187744326453,0.23000890052980968,5.7218128689414353e-06,-22996.327378663122,26397.171039265653,-12.008028545243251,21.034039176468987
0.020021785451356692,0.12418720166306078,0.23246751184605052,2.6783218657755864e-06,-26303.876871941608,22631.200403130384,-11.874517020732258,18.487097043187031
0.010236908857804459,-0.12476747610423657,0.23277150036905214,3.1824456957038476e-06,-25323.166247763427,22649.289495035533,-13.482320955644836,18.348913003091248
-0.058573340405128196,0.12787398986226073,0.22934682190285854,2.1412633606143104e-06,-15116.035388166174,29094.665334088324,-6.4714162400366053,22.941244827583695
-0.02127572640045515,-0.12748562300888602,0.23243157074121307,2.6968587552569931e-06,-19402.195260439465,26127.645474054076,-8.4824417489688617,19.181450647839679
0.02825043812204513,0.12717747857599457,0.23206425008969497,2.5216341564847709e-06,-19777.114468764943,26414.319987628984,-9.7933822284676957,20.484475315577232
-0.090917772578438916,0.019412229296180583,0.22478294498908982,2.08287174209199e-05,-21351.280329127043,-71454.592786268753,-59.179822934135252,-160.78955976537151
-0.022793847018526117,-0.12740998953106206,0.23235161947200336,2.1534842712583565e-06,-19543.806248588055,26164.923231351644,-9.0759769278714266,20.498133520683719
0.032857514713911878,-0.0010832381288645658,0.23175904833480576,3.1252032053125892e-05,19162.646981261034,-84883.11636580831,38.422507641365492,-208.54288395699072
-0.032975164326839446,0.0019434917404883342,0.23175113481680309,2.9994405226307429e-05,19200.19334868457,-84855.303222061077,38.368803015779562,-207.53663978638718
0.030647144605399242,0.12729235060895058,0.23193802841601086,3.7773153612527652e-06,-19421.831680156094,26710.272422355341,-8.7209182863542747,21.277375720883473
0.015452143652725301,0.12870172819779133,0.23248104449633469,7.3133196187413831e-07,-16911.772286592266,26741.252288564894,-11.130323984806898,36.256358954500669
0.01180445557021801,0.12883760268344299,0.23269563109769148,3.3533879048244579e-06,-16636.944927565546,26679.713567347728,-7.622085476226113,21.990882498950985
0.18146266580455792,0.053666779628355019,0.2100161276333295,2.7538074186951344e-05,-16271.475609192803,43114.901181467976,-20.578080618336415,74.864960081247844
0.18117462810220128,-0.053862366014438008,0.2100640395565061,2.0241337250550984e-05,-16733.918612255788,42855.104014962082,-24.965036652320833,74.005413005761284
-0.18089707804055299,-0.053273912692089552,0.21017275799231816,2.2512797621556548e-05,-17514.019011626009,42979.51171884581,-20.893008328221182,72.230583850676823
-0.18076104021634185,0.053724359822502121,0.21016731234450001,1.5602548268571321e-05,-17557.923201361846,42925.582630102028,-24.230217383850007,74.942075364873574
-0.050149068447544277,0.12647275945094674,0.23032189393746128,3.5595279390243998e-06,-19411.552260782875,27722.714230850619,-8.7022324858835329,18.889739597549013
-0.016569119020076031,-0.12514439378598413,0.23261119043292125,2.7791589740837699e-06,-24409.831524206089,23481.052251199064,-11.73370740710401,16.190726518307876
-0.10519379186846135,0.030441083427770389,0.22266940846918157,1.5146313168649359e-05,-38379.980423887457,-58464.998561273431,-97.032635259536733,-131.14240406239841
0.0122929510821553,-0.12353700504707618,0.23273536476225398,2.1214068355677853e-06,-27751.88840746487,21088.113617107058,-14.336925651154406,16.731188234639685
0.080124112977134537,-0.12834013210649048,0.22628322751710922,2.5179437555178231e-06,-9342.9269349800506,29245.006342855002,-1.5232560128931121,20.386710985726765
-0.047370397408772233,0.12760911447503312,0.23059453658370091,1.5492431160272421e-06,-17317.11820270104,28292.597702230276,-7.0053519644539017,21.498986947055432
0.025889757714800756,0.12709923110957799,0.2321885744632072,2.1954002572118435e-06,-20039.330209708914,26184.777621444173,-7.1886537805113973,15.807151258267405
-0.019443949274005671,-0.12778553492922257,0.23251904432310014,2.0165610779783786e-06,-18853.021877293111,26243.771764403751,-8.1025137050618063,20.955009733106369
0.013479684051782391,0.12517259246573542,0.23269223885407497,1.7229474225556722e-06,-24458.587398022257,23312.769705517265,-14.80229437202251,17.961889508091442
0.035323596228341497,0.12776542844738659,0.23164452824031448,1.7337702465830919e-06,-18045.535030162158,27483.017687772492,-7.0954763519079789,19.92879474941811
0.021477449827540157,0.12825236543781671,0.23216030914640251,1.0110983939085988e-06,-17795.356912149891,26745.363263130006,-11.719984049685811,34.209439727559868
0.033200398966594213,0.12835884828793409,0.23153645893819907,3.8323415808967466e-07,-17084.212959257424,27667.670128063506,-16.268896431171914,61.736418757839118
0.018472196113824682,0.12796470099533305,0.23257863248893512,2.5177516895782671e-06,-18413.584352828675,26367.096732733473,-6.6891274353716792,17.449385676694558
0.10081580572434762,-0.022561291548664097,0.22331756068943695,2.2213679841085664e-05,-31545.955510049091,-64202.823671506398,-78.539080854132052,-146.04130932947157
-0.04508790327884702,0.12805258695932378,0.230794409363657,1.8048070822703669e-06,-16626.660161535041,28404.893784385215,-5.7469007110112598,21.153592872484467
0.013372310705126117,-0.12588633432858815,0.23271461018315195,1.6003908886671892e-06,-22975.310065856207,24108.263122718959,-10.350650220504923,16.865289548029384
0.01852195481649432,0.12638768004475051,0.23255787274044165,1.5331587878920664e-06,-21773.95753791061,24990.302040739698,-9.4881529947677805,17.522637216883489
-0.049445133142796666,0.12765395392290357,0.23040961199150564,1.9975767498251968e-06,-16975.71014835274,28460.922593413139,-5.7619634614733322,20.987339962192159
0.025786718117408566,0.12757220432088928,0.23181558469718638,3.7178683392326117e-07,-19145.33050317266,26512.510426322868,-19.460010478351734,42.124856664848465
0.020188155476139964,0.12844055738913274,0.23248884726767582,1.3310601915394998e-06,-17370.984557563996,26793.985634221655,-10.482414965274437,28.238504834776492
0.024664199909182748,0.12729489589274917,0.23225311801849696,1.445444147584092e-06,-19647.212754673736,26258.740966092166,-8.6472457684476005,19.135094888185947
-0.017921532971588848,-0.12770964645951041,0.23259481917546193,1.9317246715032247e-06,-19044.995195258209,26081.099940859764,-8.3892355071907101,20.386814893148909
-0.01802785082520254,-0.12479272045980383,0.2325559214513927,1.8567071905142602e-06,-25103.793336609695,23173.713413243582,-11.881112188575363,17.380502754514779
-0.015685870102986235,-0.12898282105110442,0.23266935424472396,1.2966573290903836e-06,-16283.966597246887,26913.986080663741,-7.3423613856815066,26.822303108921158
-0.020088899062669075,-0.12599671253653183,0.23249407457052629,2.6116686941005069e-06,-22568.759370979529,24677.76918530789,-10.399398376167694,17.964060315316559
0.030619242904258402,0.12803857602942198,0.23172882383654286,3.1457613405089599e-07,-17916.158246783252,27231.051039528393,-16.065740446989544,47.71374107935597
-0.051123013127508665,0.1276823897501547,0.23023497214670227,1.6336240899724984e-06,-16689.184744326256,28575.741032598646,-6.2594988740873418,20.509335731973962
0.16953792874975643,-0.11266418607852897,0.20589449331335438,1.3924556039425938e-05,7673.7125111901105,32890.622044485317,17.386793377016218,49.511221930889924
0.053472239879256298,0.059736374352025452,0.22996175265761998,1.5543195789669877e-05,-21289.957187387627,-72388.185946781668,-48.652039722097363,-155.52928153893561
-0.15714285714285714,0.033983059873537599,0.21497845173943875,2.512430150718618e-05,-53850.205948413182,16781.415888230644,-101.81216626810787,35.801940092497311
0.15653732059105585,-0.033874517473362425,0.21506810023250753,1.9089035830678146e-05,-54000.340228174115,15988.275933205423,-106.2226923229673,31.431029603422623
0.077956721789941369,-0.12984822136618088,0.22661443325467809,8.4156492599433817e-07,-6586.0981596054762,29306.236900736301,0.8330560107318139,22.193273910278744
-0.10932242859668066,0.024057660333142487,0.22205817193851751,2.4096649713704117e-05,-39908.546040881542,-56683.59235473939,-99.505408250496956,-117.86239026919517
0.034104818809708323,0.12781428696670208,0.23173017380353356,9.4119150939955031e-07,-18071.235236170462,27393.925395043872,-9.1972389452484506,25.99925687025398
0.021241053663185575,0.12719761038623897,0.23243339676828806,1.9628896475917411e-06,-20080.872852208395,25880.123054826585,-9.0710152708393661,21.036522867055456
-0.044068536274818632,0.12784986583869293,0.23088367299602275,9.8040692709463158e-07,-17168.890400811262,28206.794158370136,-5.8119110360667188,19.22567979574648
-0.01733469415375995,-0.12646432552222683,0.23260032853581214,1.3150017085707659e-06,-21663.091232702805,24939.536806702497,-9.97737031553552,15.994581118095407
0.022104870437199626,0.12635361037263157,0.23238790417262406,1.4483652767999119e-06,-21804.282451881743,25176.230150429754,-9.5865439719588483,16.6164186354046
-0.016628506489556619,-0.12800895205118892,0.23264366007297521,1.148919830354978e-06,-18391.606426437269,26235.125586290109,-10.063272788115723,19.440338214864234
0.018163978160903756,0.12817725895469737,0.23231172559427632,2.7216030757783934e-07,-18049.549407268194,26480.037180369818,-9.1366034566216143,21.433387281051932
0.020618407239289725,0.12606346587079487,0.23246618821533566,1.2692898238046139e-06,-22461.787889012987,24766.744806328064,-10.58982151813008,16.402096580381144
0.042857142857142864,0.012293695229553583,0.23098975194134702,2.0111039348623444e-05,14018.348485518698,-84038.713506696266,28.826539205649116,-200.9553716729487
-0.042857142857142851,-0.012293695229553561,0.23098975194134702,1.9346737745423685e-05,14115.86906657034,-84219.585096453666,24.512641355329905,-195.93491589896968
-0.045056291141256553,0.1289632448122206,0.23062376455714881,4.2580000865578523e-07,-14636.277683469019,28893.911449429404,-7.6237390917078187,43.555131951081322
-0.048380743938925941,0.12778282678598721,0.23050606285355932,9.3700859850224432e-07,-16808.057334755511,28461.893349671253,-6.9693722340653519,21.135144609941889
-0.16638702535363964,0.04179551237489712,0.21351249057688251,2.4498095641029423e-05,-42890.328090942923,31637.226017588706,-75.992829611706782,58.449421060302555
0.16674035687013913,-0.041852660273320068,0.21345576099297417,2.5764965228200921e-05,-42316.575878928321,32063.782716679038,-77.04143862948635,57.943324464898005
0.11874821891396058,-0.026405758452858759,0.22066270225892043,1.8308367264522222e-05,-48255.130224049048,-45325.273049748474,-109.59592649162849,-92.219418231866513
-0.12792685847383428,0.029264342563728438,0.21930382276185878,1.9124074729297086e-05,-54920.878880943339,-31843.994427627462,-122.23904513841994,-62.26575694093885
0.13802385481932242,-0.031725002420859315,0.21780898235263596,3.2747904526153024e-05,-58846.121846431954,-14956.633453074126,-128.50505566512265,-27.095570890035031
0.062239007610297305,-0.011405979749540196,0.22889904967689148,2.3956143281079186e-05,3690.8481925803449,-81482.073778392863,3.1431315878278081,-194.39300831951647
0.13656918736936888,-0.09628892613182273,0.21688450745012153,2.1711321018742102e-05,-34864.457906833894,26507.203282619237,-65.026754681393726,51.362984903425918
0.033203721471160137,0.0088599571349164581,0.23173576127641302,2.1687932892724636e-05,18464.385035695548,-84898.266274622074,36.200720579983312,-207.8657034935938
-0.033225676368602207,-0.0087127732122098869,0.23173428451442601,2.2547911201115889e-05,18568.818736464767,-84858.847436229567,36.492271806083323,-207.44606994469996
0.095480486094639036,-0.028484258473265373,0.22410744424546811,1.6120634114425795e-05,-28955.453080385989,-66973.010687569986,-81.373269550003926,-149.66503630813477
0.040857273704127256,-0.12161837811474741,0.2311648758997927,1.1674588459135262e-05,-30230.385874424763,21389.610569344295,-24.290575185539481,22.713420622240001
0.13711783590774093,0.078233009715895127,0.21767950149337656,2.009998353725306e-05,-49258.699846573712,13543.680397609487,-97.431184705889379,27.786494921838496
-0.025363860663467484,-0.0057658020113778522,0.2322162706398003,1.9311678686356845e-05,21769.152581909631,-85118.20665220714,41.521221576390516,-200.30797852756476
-0.17548412742334543,0.068904560454442557,0.21013003455974333,2.171166228878328e-05,-19184.418916525334,42364.855114450751,-34.948542353814716,73.660212200225132
0.17653262411707038,-0.069639732189144182,0.20978377473008777,1.3448170207133028e-05,-17306.326465203922,42596.543591692491,-30.230555548933985,72.303842796130638
0.17163208561830026,0.050494828184441426,0.21227272227671132,1.7625763947554561e-05,-33014.226506325307,38442.746818635998,-57.160585821882542,65.632029704700358
-0.16725164484468752,0.052092298569831955,0.21305998276819915,2.3240973665218534e-05,-38299.419521722681,35165.346469033502,-69.784054021364142,64.213279200157032
0.16721334928246412,-0.051814480608565611,0.21308307146174188,1.5422466304604551e-05,-38389.216624965797,35108.812111938169,-68.694210819055527,62.302422925479924
-0.014978524837009038,-0.0036304647386282141,0.23264936942345649,2.6675508827512613e-05,23401.262578911901,-85741.240461396679,48.335464770224547,-214.20862519481352
0.01390488695327748,0.004088800910817425,0.23267579511702441,2.2962269046570157e-05,23748.220976712557,-85472.201465698832,51.47848525595959,-206.94348668535332
0.10926851810476065,-0.029693520188328812,0.22206615328059645,2.7439754490458624e-05,-41555.205153843308,-54875.224766043626,-101.38035624771007,-118.91251586921788
-0.11904761904761904,0.03244373079772625,0.22061837665920686,1.9896401766459566e-05,-49941.156012367363,-42814.517981444507,-115.90456523653017,-85.984199118148126
-0.099999999999999992,0.02697760279527155,0.22343833911909095,1.6206974179079778e-05,-32477.344615448194,-63747.565096166123,-83.395579410306709,-149.76786186863797
0.12886112686200937,-0.034945821031843828,0.219165506168298,1.503160917572944e-05,-56180.447268414908,-28026.726999980139,-129.38499272803571,-54.762388985776177
0.15800654257255881,-0.091623370914536123,0.21222822806942182,2.5612362664150431e-05,-22721.135359482614,38091.0054858367,-43.882205827964995,68.982485244136271
0.085824720044571853,0.041279011232943988,0.22553696137905524,1.5530505023180951e-05,-27419.025874390365,-68918.421839409086,-79.696010279050654,-157.40630629657542
0.071888503647889873,-0.019672409905998049,0.2275933810128449,1.870435111304794e-05,-5409.8935436903312,-78954.158607474703,-21.269681322343029,-183.00045227775098
0.063101576084889172,0.049516049459958869,0.22878203047578893,2.5173300395949334e-05,-17739.841018257284,-74930.295179276494,-47.259824770659932,-171.06598404547574
-0.085695247434907584,0.026433116756265342,0.22555612954374418,2.3368214374186944e-05,-19387.578324002072,-72912.388504150455,-53.610790865370241,-167.80391515919243
0.083065678612256222,0.075290589031104665,0.22594543202543599,3.9060424832414136e-05,-46573.468457906922,-43969.281327609337,-103.95666759577921,-93.67160628821479
-0.02280318793379859,0.0038988221483810038,0.23235112753610399,1.7654660106661065e-05,22388.706175507537,-85083.126655291708,50.167923700315789,-200.07346026788053
0.022500628918879544,-0.0041183211768777081,0.23236706169638455,2.3689562870303233e-05,22098.180451902474,-85446.820769680213,43.163819392283592,-206.71282744142562
0.15569993949972458,-0.043578620054548399,0.21517414905599119,2.0937413690645152e-05,-52707.828963520813,18236.830330209512,-100.20337303912474,35.809456652455303
-0.15694720009489277,0.043611200442364217,0.21498275889996807,1.5057108272424582e-05,-51813.456094305722,20226.947210677368,-102.29060069943276,42.039814704520445
0.043514106071524478,-0.0090345640201878984,0.23093222317828654,2.8159198396768797e-05,14355.69254440003,-84012.844433421371,27.489512295678619,-202.80976873901503
-0.042487401003434261,0.0088793031269262732,0.23102212938810487,2.159012605542472e-05,14924.100702425207,-84347.746619080193,23.87319917630812,-201.30869226098372
-0.10439049523276425,-0.080361312511166558,0.22278833495291445,4.0810619779605578e-05,-53221.9295193664,-20657.554058641224,-114.18839404668283,-35.806774046293938
-0.16182828913030103,0.047927784005415808,0.21413982973487458,1.5228783161390787e-05,-46072.385449635687,28215.221427437973,-88.933820565209928,55.396534733094718
-0.16209533486050418,-0.048666138874887424,0.21408043606986074,2.0287105476017871e-05,-45391.219240222803,28691.385245444384,-86.666419656681825,52.688344379583953
0.069605709721719658,-0.053283617808433964,0.2279197169028889,2.9834747916956489e-05,-24584.039029490817,-70678.774527335685,-62.622723329068535,-159.63049500066651
-0.0036407617988338998,-0.013082129026938276,0.23284030621502211,1.455258574024845e-05,23777.855440559437,-85598.67789847152,51.164099734400267,-188.01104601227772
0.13785474670462139,-0.043324119951242655,0.2178340184757297,1.5769119719410791e-05,-58798.673118478124,-9700.3767789258345,-132.21799087671562,-15.415623850766638
0.16765017952124456,-0.062201228540312056,0.21245408840927094,2.1072357945363082e-05,-33297.711422444801,37880.937355617381,-59.519453200876548,68.838085817697674
-0.1289326560248199,0.040788327728240391,0.21915491641671758,2.9127872626728415e-05,-56799.897210685449,-25125.221084315435,-125.42485685739757,-48.4134229766007
-0.06240381674144764,0.016057490424401036,0.22887891774799987,1.6560246621768831e-05,1788.9932214086277,-81554.127841383583,-5.576974277007416,-204.00564851174599
0.075853337399758303,-0.022076377363135221,0.22701267125909474,1.83352687184194e-05,-9388.471242194697,-77572.569182581807,-31.792114988009004,-181.31359358590981
0.10984014881461857,0.062803592750190429,0.22198152448060382,2.6779544933619434e-05,-52460.402772892667,-34210.750397032047,-118.06776947718079,-67.055561167315773
0.11913578948687673,-0.037119129059474711,0.22060532319944604,2.4060319319355107e-05,-51106.679049145576,-40426.20731415254,-118.93025432036991,-85.822137269912673
-0.15231217254932211,-0.044918660733005926,0.21567984572155818,2.3168317911993859e-05,-54668.442729638766,13836.430618267712,-107.49494227589388,30.805279538663363
0.16153207444748385,-0.10927585779498861,0.20898240840106136,2.587153664458883e-05,-1092.6288567119389,36657.639945174931,-2.2310954485911352,61.160487759942313
0.14598753864926564,-0.10730031817747422,0.21364551083427663,2.8748308149888334e-05,-14878.776785681168,35541.52682386712,-21.210921314438636,61.316998053798891
-0.14587540127745047,0.10733739219827443,0.21367015386336277,2.3373882087496292e-05,-14935.133592057658,35432.675915869077,-22.598840296865955,59.102770024843807
-0.027489216111108633,-0.11658274541101764,0.23208383487127979,1.4192923094437657e-05,-38971.78262301896,10676.3646604759,-46.562948576397915,17.244084100845832
0.18555369159851098,-0.09757584764114495,0.2032425746215944,3.0900196890808086e-05,8949.1529252673954,33399.273164297796,23.301670200077375,53.485627689310085
0.0014302124404898557,0.11536985033279683,0.23287532080775328,1.2086983332407855e-05,-40534.858515624503,6132.5345993330566,-48.742300856042711,12.248841732997521
-0.11071330517414354,0.035146356308102027,0.22185225540244172,1.9844642310348824e-05,-44560.916773574652,-51410.046196824209,-108.73860130761307,-109.05743733363079
-0.14638877025361061,-0.075492991061155576,0.21604005314053468,2.3046940814213359e-05,-45641.280651617875,22307.923263991885,-90.935762585609339,41.272274395426741
0.099510724665472394,-0.032291753813284328,0.22351077536807645,1.4523441898002531e-05,-33985.084455431781,-62759.128289437984,-88.041992408184669,-140.5131426257139
-0.15652195011936212,0.054170321867233737,0.21491802064008286,2.9159952033957687e-05,-48817.207514065471,23903.78014127526,-94.047118550164214,45.46259305211899
-0.042475251392815015,0.0256803255789427,0.23102319330166243,2.7571633544514651e-05,9575.1555366478351,-84221.716092285715,9.555025901571895,-195.22346551122828
-0.14246441632925713,-0.04466751244953051,0.21715156597279783,2.1005501705532621e-05,-58225.49580943014,-1884.6770611466861,-121.29463836772678,-3.0369006772488327
-0.071940139084781807,0.024322714187372446,0.22758581822365404,2.0353254685612779e-05,-7582.3908022197529,-78567.231202855706,-27.228486883286276,-185.9386672889799
0.12921449352696973,-0.045604295777828492,0.21911319092998544,2.0904152516772817e-05,-57375.151163507886,-22024.316139143735,-126.35819298864034,-37.642616832158119
-0.16951161911211307,0.11390807470061068,0.20567329195042369,2.5225733513561258e-05,8871.3910260764314,32014.512512421355,19.811987019102066,48.61355673353097
-0.032575715231396296,-0.12571445020339644,0.23181471471989956,9.9923599976559346e-06,-22566.990136588029,25452.47707355041,-12.299211032585967,19.647872547930717
0.05277418236113763,-0.030855570703828938,0.23000450262241928,2.1266201174214686e-05,1142.4356034253183,-82175.256323761714,-5.3469577229908296,-199.48908057926786
-0.11886206093844201,0.042788618314214238,0.22064584817156221,1.3543103366673101e-05,-52300.330084569301,-37970.862352722797,-119.80385460423408,-75.098016145934324
0.088177474272736894,0.11136562648756,0.22516469927775151,1.2639252162895025e-05,-38158.934447203617,15391.293249755023,-55.227758466576013,26.533187308654721
-0.089087131898323998,-0.11206997592910234,0.22502028844329564,1.4811880420655449e-05,-36889.743198783195,16646.864488643041,-51.026579046570944,29.665422851286849
-0.060417228668144078,0.11438950363089098,0.22912118883569155,9.367368068811561e-06,-39897.048113051911,12740.450925307963,-48.573118889083112,19.696331415359349
0.011444993064971563,-0.1171070036915835,0.23272811731626764,1.5584446254086999e-05,-38504.942489970861,9928.2796341203812,-39.927375378389051,17.347940169973818
0.0097388687836743107,-0.12053364172542402,0.23278025358436816,9.8849387367929557e-06,-33203.762871457206,16339.911874832627,-28.043962983534055,19.65749055403127
0.038136943147844798,0.12036447336962862,0.23136054684000926,4.8729980298299611e-06,-32655.438321503483,19115.630284437699,-28.451842431834638,21.635963863871186
-0.0081783290436296015,0.071466153531879628,0.23280768057481185,2.9957530753632512e-05,-20529.988577050579,-71591.432435568917,-52.758760520972395,-155.87088201544924
0.040547399356455766,0.12336897069221783,0.23118770760289542,4.2921321671441543e-06,-26778.615095934543,23762.798260644227,-16.56356547736145,20.671234273231153
-0.064651988032181307,0.1243723202380244,0.22858914673929698,4.6147092963284284e-06,-21422.358737130577,27245.094087293041,-12.106065271294334,22.020995460960265
0.028881025559789761,0.016006797781447944,0.23200501894160119,1.3784382023499485e-05,18348.325602955014,-85221.644139587588,33.51397193819821,-199.43907491115129
-0.036081962689308737,-0.12488740071378511,0.23155752425669426,1.045369308601932e-05,-24051.118986918318,24985.165852564936,-11.956635092756196,19.633188699947763
-0.18523391466392802,0.091749432051128579,0.20439402427276851,1.5714412542026879e-05,5798.674608575292,36214.918203540765,16.566797444254913,59.021982793546073
-0.022490650830884786,-0.11468704754051935,0.2323583009192344,1.3825339811258656e-05,-41449.657057426943,6105.9835779091809,-50.348776689793581,15.622630649926473
-0.13333333333333333,-0.041490220686267149,0.21850340481429384,1.473358465962313e-05,-58220.860601066037,-18063.122152390129,-129.00641659293078,-31.15073948300298
-0.14713360796307304,0.084918428066361101,0.2153692333104561,4.0322778186754251e-05,-38177.509233199766,28617.03059886277,-76.669877173603211,54.464228958736264
0.10947626360135168,-0.040578280678592926,0.22203539696926261,2.328445070375086e-05,-45298.304268896427,-50190.096298156706,-107.33090299523909,-106.35495604620266
0.15766941343456561,-0.086527840461686878,0.21280925909529036,1.6648201806341458e-05,-27688.500088142155,36865.43157452358,-53.901080259930559,64.861484410337638
-0.11461091975210562,-0.10350344856709094,0.22092960743720494,2.6166691526844193e-05,-38485.889429138173,17204.921868917001,-65.335203858214612,34.568625811852598
-0.10095626827431553,0.038157659806384352,0.22329676548574567,2.2521360670414219e-05,-37746.936603815251,-59480.742805121015,-93.027776738598206,-127.32005376573379
0.095678168581126044,0.035321565173416655,0.22407817774294747,2.1895957570796093e-05,-32068.375464556018,-64673.194093108046,-82.213503374017904,-142.91711476880508
-0.12219708396773224,-0.039425243503805128,0.22015210458492623,3.6504826586977381e-05,-53476.028716137786,-35457.888443723605,-120.95498356434697,-71.113978292730096
-0.090342548135024708,-0.052986661568527195,0.22486810583425274,2.9603897748960059e-05,-37377.238030890672,-59661.449702873797,-88.345712190094474,-131.14258023397019
0.090207795309310848,-0.033734032618006844,0.22488805572452122,1.5905652170903454e-05,-26739.533942651637,-68448.211006018784,-67.436851942600242,-159.64640364818413
0.15302477574599299,0.10233717142979484,0.21229695947688293,2.0593110962317718e-05,-15673.401990908853,37274.427561315286,-29.193404699046667,63.807692799153024
0.13772156056830717,-0.052109535636562815,0.21785373642072028,1.9903804170452138e-05,-57911.330668461764,-4950.7244537127781,-120.19328705545161,-6.4722096639492079
-0.1641454320834812,-0.082527454993015156,0.21157694642886885,1.1169338768176127e-05,-24487.494818091833,39467.796139736442,-46.553926973953956,67.881402371386301
-0.080982442084388137,0.030662497094701792,0.22625385108762747,2.7922849372118376e-05,-17530.721044153895,-74138.851866105557,-48.602547146062733,-173.06594109290526
-0.13657156466906489,0.10434331099932094,0.21625851381466704,3.4578484632256058e-05,-25246.025077828755,30960.05762782638,-44.909096943195109,57.846379388928291
0.13713487575785516,0.10523809523402139,0.21603892424295471,1.6147586279289192e-05,-23685.541074287161,31505.90740135657,-44.204248324601586,59.198716090067563
-0.1910500111727538,0.061501820008323105,0.20693111987152044,1.9658076860175146e-05,2700.7257461771242,39097.960042392602,15.852926844438882,60.307656003285658
0.19055950522218965,-0.06070865034488785,0.20715414032309198,1.5976513040423869e-05,1652.2380261773274,39373.572549112447,9.8330941776550027,63.905810714363732
0.13739570433275572,-0.081433154558630635,0.21751473681194139,2.8616255802578716e-05,-47159.173705594774,16549.653353671463,-98.026544216234896,34.810313967966643
0.14709355415407899,0.084419207334125834,0.21539961036009039,2.5716189685608572e-05,-38599.014349326389,28123.130311117631,-76.311707906215062,52.705560110840445
-0.040704274338945037,0.085304515583243423,0.2311569049281513,1.9328158529223598e-05,-40200.168732796119,-49467.000138143994,-83.561356214227899,-100.37378192106789
-0.0096387586052548192,0.0012724494433055643,0.23278105610816729,1.5124089353835975e-05,24357.115154084313,-85586.945145975013,54.332239304745208,-211.03379384725162
0.12101888627359207,0.086998496390243776,0.22022926847433494,1.1584785938711447e-05,-49838.885141940416,3915.3099192454793,-93.837457627312318,9.6851557587950659
0.072137972918265181,-0.027829579731670367,0.22755684247235766,1.5594800181155897e-05,-9570.116911884099,-77884.881592157122,-29.237828641606171,-190.12197006837991
-0.062322040739911169,-0.036360204447754334,0.22888890693146613,2.3822786767980982e-05,-7608.8806433658019,-79357.569703821922,-25.113275385063528,-184.45930245249767
-0.13816133570752789,0.056302256095783543,0.21778799660762499,1.4232228771470367e-05,-57177.284481012124,-1381.134784980306,-120.88294081042204,-1.2500606615965195
-0.044184391189278471,0.082548511640995859,0.23087352784667883,1.2133322587103357e-05,-38802.22599368482,-52468.395133450256,-79.856576871135303,-104.00522726009139
-0.036749873549493786,0.12566664485589205,0.23152007339482764,9.1612667800574136e-06,-22460.246851961962,25891.955330179986,-10.325671708383579,20.457272832124364
-0.14769585373431932,0.015109371446778931,0.21637706197538861,1.6743824108246013e-05,-59180.400912148507,-3493.8110476136503,-125.43379137079106,-6.0445504786211028
0.056277139797254828,-0.01760805909061992,0.22961711441988991,1.9641427113762686e-05,5517.8522591356623,-82565.253185706737,3.3922481317913551,-197.99313007559326
-0.14772949185327816,0.036075512291620801,0.21637208191817264,2.3467956286562965e-05,-58255.90657899683,2665.7884084422612,-122.921256802939,9.0346368831923449
-0.10468128255725863,-0.03295691864548022,0.22274528446262301,1.4980661586399336e-05,-38812.813053239879,-58137.210723472817,-97.341434090695202,-128.43976275494785
-0.045145759871570698,0.12128861521773596,0.23078489913840475,1.1219333801285724e-05,-30503.690946778523,21483.198820565503,-24.357580629258347,22.911103494040614
0.07863944615074954,0.10284904435900299,0.22660072701789485,1.4623674620453083e-05,-48204.68902572208,-3088.5913076269685,-90.383800472895444,-3.833518568814827
0.086810589399598848,0.032146316526383181,0.22539100536405016,1.7801538436442704e-05,-22494.877259708177,-71167.157838874424,-54.177609108776977,-154.57010711212291
-0.14701879162924153,0.0035546931417110685,0.21647729968565343,1.8197920906041971e-05,-59421.034758977927,-5887.8781570907131,-128.36542711796579,-8.3556578654107518
-0.089930693957036317,0.037444812595548986,0.2249290800335986,2.5730189745167606e-05,-28576.576952273717,-67702.285738768245,-77.035914865468996,-155.04217407178839
-0.14708533090197079,0.045858044485992393,0.21646744867746515,2.5122551048122224e-05,-56951.478073504724,5974.201960186565,-113.70391591626618,13.40378299047449
0.03895311861725731,0.031617759666465295,0.23133161839682276,2.3869625704238823e-05,7584.2184180399827,-84069.218674826887,9.6033205547882439,-195.75698816186463
0.0041760228515366812,-0.12893223138523996,0.23287350032380633,4.6141915989518465e-06,-16635.799432192045,26483.200875790615,-8.3414358758947902,24.156787840029669
0.14388725407248121,-0.046449074039243719,0.21694091764912188,1.8505016587233611e-05,-57939.888426201753,1420.7646819048532,-118.79069032446176,8.8619374792130916
-0.11911964991295154,0.051274740940388933,0.22060771263155687,1.4311372441809546e-05,-54258.326990965405,-32206.545281888488,-120.59898266627714,-62.251922398295868
-0.14728070042515765,0.077989622915139195,0.21572566757961664,2.0402394261570649e-05,-43418.052128727162,24724.968137979497,-87.46662048777624,45.574110695652713
-0.14202643029085943,-0.085764267653771056,0.21641125248154403,2.5464415076122381e-05,-41119.321038745606,24319.998035699122,-81.805338507288766,48.276749156853839
-0.14794630199402031,-0.0071031145906085844,0.21633998360413736,2.1783754568070751e-05,-59347.294794234956,-4235.5983837466629,-121.06953534315194,-2.6061883227369913
0.13882652031390952,-0.064093832423717995,0.21763555868680165,3.2352261667896035e-05,-55018.197504723983,5138.7716474538975,-112.69635226613775,13.579292332359227
0.11980304828296609,0.095323815621728147,0.22025950619917814,2.2389419802973558e-05,-44351.045723896445,12290.025887733658,-85.723546461367661,27.335872723517802
-0.065737634692777727,0.12650463828710462,0.2284610334057369,9.8187071123914436e-06,-16690.103759776917,28702.216704419759,-7.7939143189919706,22.639239469972299
-0.066943308201646373,-0.021932128035204834,0.22831767953569757,1.4591428086193021e-05,-3102.2873843983975,-80014.114646672606,-9.5449904813754962,-193.2216252910076
-0.079019346666604567,0.11667835696638892,0.22651674615121592,1.6518975075753877e-05,-32709.886238031737,20537.320750201507,-36.479696458303906,29.815553352020142
0.044727664696645394,0.11437071950179913,0.2308217428336457,1.6615977406525682e-05,-41278.26027099463,9219.4514676942763,-52.528595423085164,16.779825445872589
0.054502102456281613,-0.11714809029134503,0.22980080101592429,1.9427909597373712e-05,-36639.02938209752,16541.156200993511,-40.010204564555949,23.759870964688488
-0.018732229507014843,-0.11407129673686642,0.23251597546081582,1.5229671922481533e-05,-42115.986873479538,4302.804326636955,-54.823030721140135,13.72720331329255
0.023642802087435449,-0.12548938755606551,0.23230690956262376,1.371636195550095e-05,-23490.180667020162,24404.895447074679,-13.550578838250942,19.915399912019122
-0.020280347985774112,-0.11791766826086515,0.23243541991222214,1.2686228429691812e-05,-37267.120990460608,12401.668485372546,-39.018096074659958,19.392821822106704
-0.044177006365186969,-0.1269995518565426,0.23094513838062372,9.5869091395447403e-06,-19025.121042773786,27551.295481288766,-8.3707093420795076,19.371202872739321
0.07095165601346376,0.10525022629291247,0.22772679843885474,1.377526836808151e-05,-47715.450203733621,-1765.6822155497632,-77.254467112505225,4.5521331087808532
0.073271569911390236,-0.11322861342185654,0.22738932128489597,1.4565216889660163e-05,-39357.645794651282,13758.407855212161,-50.829148016579801,22.330861605668215
0.0387498747399991,0.11810924222193087,0.23131428586702041,1.1382584956173511e-05,-36406.191074211572,15401.92344795586,-35.939872031764693,21.869771306247348
0.0083980896362926064,-0.12356079987457487,0.23280381821134863,8.9704566737902061e-06,-27683.558326815539,21042.981133792549,-17.592147578655869,19.547141129178563
-0.086490043248331955,0.031886197500191796,0.22543846158999489,3.6597938853063742e-05,-22586.183888420823,-71269.379146221792,-59.370279309390995,-163.20488396320442
-0.08698706210955133,0.12962812737485901,0.22508415703653287,6.796096701544005e-06,-4680.9222395213746,28770.218861618225,3.6768703830550278,24.394789744247078
0.050480743501482697,-0.12346744732409162,0.230253579613453,1.0082701483682197e-05,-25614.184482806835,25011.879949755763,-15.382358855609612,21.911951527241222
0.034784731051883226,-0.12258239653270139,0.23162073809780404,8.9270499469766078e-06,-28813.262362425779,21997.754224697605,-17.961379020726493,21.217513519339423
0.053393730135929206,0.11582588163914702,0.22994204373854013,1.4395896192015162e-05,-38728.359175409038,14019.31707778188,-44.093310707808023,24.139928326735379
-0.01145685481257051,-0.11537793332428783,0.23272635241323417,1.699042220179662e-05,-40589.091881930181,6543.0059788273484,-50.762284070713982,15.547196502890737
-0.022614176322363833,0.12623101196914463,0.23236108176375211,7.9612849663162713e-06,-22039.609265496521,25170.988503720811,-11.302887550861056,20.726393118601536
0.018429586008861819,0.12327766735615753,0.23252126721119515,8.3474809443979543e-06,-28100.934405911226,21254.901399893002,-19.633803718442255,20.030298243418112
0.063849347420699226,-0.12925629594769544,0.22862345608578249,9.7305002264058449e-06,-11191.955221928176,29649.310760479195,-2.3348749121591559,23.066054263911422
0.049212335420274117,0.12582891555426304,0.23041294577153379,9.6193293413688117e-06,-20862.450245784908,27170.170287042307,-9.0602640457115751,21.287150977269572
0.037700660788048436,-0.12080182864546846,0.23141820767202451,1.138900148736486e-05,-31934.777364005862,19726.971496806982,-25.200868725734562,21.282799565201582
-0.03616175883750828,0.12005684962862723,0.23153448402702756,1.650954701598692e-05,-33353.1567450324,18343.983756708752,-30.221681594763133,21.983142897639642
0.068056451735300144,-0.1239066701801096,0.22812794480932203,1.0318737520346396e-05,-21696.65990564958,27061.86952444457,-13.831168974218501,23.316824354751137
0.0040756015403294191,0.10491001035700766,0.23287978733706771,1.7500971157377381e-05,-46830.604755388224,-17741.577112706538,-84.098503236735397,-18.997166680498886
-0.087821384393600974,0.12584194812447466,0.22502841653553132,1.6097296354831526e-05,-12243.794056118319,28796.442572651511,-5.1408864554420894,26.573407915524122
0.047124150078625492,-0.11758524940761679,0.23057332895461174,2.3392621527011331e-05,-36743.813592803141,15810.337929403073,-41.05799051303056,23.258299605264906
0.047126922814246061,-0.12902372490640659,0.23061585709595048,4.6591473781479501e-06,-14189.874274946982,29043.422209319506,-4.5744065059233465,23.696641316350362
0.022047256067931797,-0.12869666066422822,0.23239093841238925,6.0014163186540356e-06,-16755.34025221839,27104.147552443101,-7.3799752020686986,23.64750990439866
0.07498047714400484,-0.1239789453135504,0.22710880865917568,8.4661840790404677e-06,-19915.758914419486,27669.400738124608,-9.3526627962517015,24.580507402250998
0.080812154094428115,-0.12678806829654543,0.22618343118000064,7.1931302839156211e-06,-12466.132270945969,29031.013167007735,-3.8235454998378806,21.96472772515072
-0.062467462233729808,0.11915219445372702,0.22884315718083589,9.84090947349422e-06,-32122.119249550273,21042.81269182406,-30.255238003011076,26.342039414578018
0.048495393837381232,-0.12088920495555901,0.23043102234278653,1.1705098470550779e-05,-30929.072882287426,21380.602139023784,-24.109709222409641,23.439493929882872
-0.012856965297383529,-0.1187796781222229,0.23269526027587703,1.0925506171891793e-05,-35986.035276775794,13447.764527385951,-35.102041786401081,19.0955019579857
0.076765977095151372,-0.11389769456228921,0.2268772588241327,1.6662307671491756e-05,-37671.503681053,15874.83025455942,-44.07995092393471,26.417036923689764
-0.022253225590192903,0.047604855638655755,0.2323800911025462,2.6061721301246985e-05,1368.4226833013201,-83376.863776990664,-3.5491788203319361,-184.72936777385712
-0.073545449968180049,0.12619960417791198,0.22732201794623216,1.1287986765252969e-05,-15567.131294850542,28807.69962690847,-6.6232894476212385,24.110388263736013
0.036128234258860491,0.12653821468675233,0.2315738381780027,6.4708584313146006e-06,-20592.223676433638,26648.65874224023,-7.8145780679595287,19.772105999665651
-0.079465423482942915,0.12917104217058167,0.22638203397280884,5.0270992904245408e-06,-7689.9219195606411,29280.557036977603,0.24487810943312435,25.076866576593986
0.077322833257530144,-0.12098555862984307,0.22675844448057372,1.488760747628424e-05,-25279.153462707785,25445.033921298247,-20.032880271654527,29.983631739418946
-0.056664270709134303,0.12141401000108071,0.22958002048294132,1.1521647928834248e-05,-28773.984056374815,23370.109518815996,-24.137455915915648,25.905298434691968
-0.049376081977012189,-0.12668854818901049,0.23047029456108142,8.1741792380666665e-06,-19044.63635854657,27736.984275246574,-10.602556974817041,21.282727659983028
-0.067347898393326638,0.12331829713175091,0.22821823600244392,1.1868207442668431e-05,-23064.563271462968,26597.065621303311,-13.187175950578531,24.421728387796996
-0.080932016846134283,0.12661057702289311,0.22616580186250571,1.0138668103772284e-05,-12722.645603377057,28975.322586624759,-4.6212276033471529,23.223525525912187
-0.010566520174756174,0.12525735106141506,0.23276570734359553,7.5919534906626974e-06,-24367.308513519361,23355.249438262454,-12.09095967177306,19.075076165160123
-0.081218606839397273,0.1205968028308763,0.22616188409745164,1.7341331424638065e-05,-24928.154785218987,25388.881246030323,-21.932900922468498,29.436475264468211
0.07948750896566327,-0.12955651409743058,0.22628754469706303,1.3009067869997349e-06,-6874.9034056809733,29265.905421930322,2.3678004970360238,25.286726467722939
-0.018535044994739455,-0.12088546859274657,0.23249377063773843,1.0012230092408641e-05,-32518.896544391759,17656.971715320684,-24.820985267309087,21.922463942830966
-0.028271453675909219,0.1199037174863887,0.23204372147265004,1.0144143295055983e-05,-33931.354476036635,17000.902543826614,-32.971622500950254,19.847775108008289
0.055226591534877946,0.12923656572659128,0.22962296885534098,3.379091648904503e-06,-12548.456345531429,29495.73188101481,-2.6783064473333673,23.734168674145184
0.019746971126943222,-0.12613821497223629,0.2325119641430253,1.0740409637370552e-05,-22287.015782412145,24834.446956104533,-9.4898761477270046,19.304372622650035
-0.071914262544627044,0.1290495294514713,0.22756272134969779,5.5086171420670509e-06,-9858.1643955186664,29553.955680795483,-1.7019896700426811,25.902812024865668
-0.084412536794397725,0.12643838790091891,0.225632683434352,1.2814902438709462e-05,-12094.807384902278,28944.463691482357,-3.2394242865433727,24.0535287518132
-0.011541998791106445,0.12885116543081887,0.23257229265339729,1.3843187985252445e-06,-16683.963681856436,26690.664735173086,-9.1000599878356425,28.45329385110481
0.0013889107112103473,-0.12159582784459656,0.2328643494510115,7.7145874004905742e-06,-31230.947168681771,17989.375564345592,-26.779212492970984,18.525527637202998
-0.029556255811879588,-0.12607969188928067,0.23199547967684633,9.2912428910368543e-06,-21995.300480930815,25560.363054358553,-10.270190158494785,19.612964803769923
-0.044495726656841261,0.12646730603776352,0.23084626491330046,4.9720057872862445e-06,-20105.783322581505,27242.710452997861,-10.057365493673339,19.481977366587746
0.0062602532833178392,-0.12095219034580711,0.23284139137640086,1.0489648429239936e-05,-32395.292694377917,16954.672112318665,-31.181047094298634,19.541268325240054
0.068626588994444945,0.10752858902706455,0.22807040499517142,7.5848489023347164e-06,-46232.255009467648,1893.5218984603171,-72.513567098821596,7.855157107800804
0.054307289205547782,0.12690724541009193,0.22986793283159529,8.0863785845162484e-06,-17829.762505287661,28320.447590218097,-7.3834347627331827,21.085364109562569
-0.082541731116696299,0.12352420845419747,0.2259393912222622,1.0183431398098295e-05,-18683.975554298297,27725.234638790575,-11.763257990696994,25.941247808188159
0.041053672395692124,0.12581677348886181,0.23114767771647729,8.6555982195467151e-06,-21742.894470556876,26439.952812270425,-9.8763931895995132,21.604774067131782
-0.037672007517538297,0.12877334322120407,0.23144380235978515,5.1117205002191884e-06,-15698.263111474127,28309.23350019084,-7.0836165910274422,25.371352075770378
-0.027064912014926834,-0.12051319197101951,0.23211422865126566,1.1763089292912385e-05,-32893.813837403752,17863.561003273597,-28.62670999357502,20.663090245378715
0.062528135466817569,0.12911176037546515,0.22878345501234271,6.3763756118287339e-06,-11639.461419971329,29614.723669578492,-2.4915724133920412,23.865698897137523
-0.020188269825374132,-0.12913990620224708,0.23248884124551505,1.1410134141780323e-06,-15757.720465677721,27273.543625528728,-7.2073462000172137,26.441368392795265
0.061593248712649915,-0.12583350173098132,0.22897793105996683,7.7341445719322752e-06,-18983.521227339665,27927.08655754029,-12.728802420965758,21.700689905891167
0.044762028002298913,-0.1214720386310401,0.23082294551478599,1.2449342974984234e-05,-30186.124836024217,21758.310792818524,-23.169895660048141,24.035648332430974
0.066509449988896865,-0.12591608604018426,0.22835246099166798,1.011145916534995e-05,-17804.755089199145,28368.514272062122,-8.0448618194744164,21.528986717468779
-0.033364116048248842,-0.12251176358193004,0.23171909756522002,1.2584273968292001e-05,-28955.292607308147,21753.33095607207,-20.50585543942405,21.421922451178233
0.052491326066322348,-0.12605098192088654,0.23007356637419879,1.1912889033576443e-05,-19936.18677666688,27584.904984306413,-10.392701427125441,21.052580177437306
-0.015932184473657487,0.12261704710542971,0.23260299340502399,1.1185627594144993e-05,-29417.587114413705,20241.672530466301,-18.29925952002143,19.630045065321696
0.011957051523070299,-0.12518635134108211,0.2327412683055991,3.5899850657783236e-06,-24448.80849416427,23236.515987495361,-12.330891657494524,18.326299051287013
0.04095934858448004,-0.12686960705064629,0.23115593743645463,9.3184036208455689e-06,-19564.646909338589,27259.575921055333,-8.391918063396739,19.723315239905219
0.013840121136390347,0.12870799040126249,0.23270817274836073,2.3517389320131574e-06,-16889.358181107655,26670.155229461179,-7.8810593024702307,23.04517149078686
-0.017577235862404998,0.10914553117029589,0.23258642644095442,2.4648710852145283e-05,-45797.81594388721,-7073.3023543375148,-72.045746746823241,-4.5937349225725939
-0.031808013681781315,0.12537351909123451,0.23186160434713807,1.0217838514993102e-05,-23386.445018410261,25114.32964811593,-10.710562664468013,20.048263182530128
-0.017106553645202908,0.12603109930430648,0.23260307625594664,8.2380453673567962e-06,-22612.674496872034,24563.228101257911,-11.94096380544257,19.826636562454098
0.048871660894346344,-0.1266732920805021,0.23045815932815006,9.8553678719494466e-06,-19081.520334025325,27781.271613283749,-8.8037582733622823,19.958973458394134
0.14231010271081712,0.049092068950136097,0.2171744117998779,1.6108588467658065e-05,-57660.4967383654,359.9729201531128,-116.09075277402165,0.79212997289320897
0.045148737474604385,0.12050073543288072,0.23078275625108977,8.8182375487239633e-06,-31884.194816652132,20392.054908035039,-26.061720212558743,23.769251680860698
0.040271377181964316,0.12099836451015573,0.23121618151548562,8.2876973093401038e-06,-31406.762213202619,20449.840030055871,-23.505962231788637,23.267582668872571
0.056464085735727962,-0.12164153167320946,0.22960447367689765,1.416461800824668e-05,-28449.277373799854,23532.763552394539,-21.353131133995415,24.412548083559564
0.056008464147612132,0.11904109028357771,0.22962651207124249,1.4369143086334555e-05,-33210.123547511772,19819.44933394522,-32.175404251242469,24.807815464802133
-0.014141472825620498,0.12583410040334037,0.23270287639499745,8.5525785115498952e-06,-23115.554983557377,24177.218147632466,-11.36296488714224,19.00722351809604
0.045656938527828705,0.12587543502407733,0.23074458025101402,9.441376914339915e-06,-21121.182505746558,26934.247145277855,-9.7681962634165131,21.660335568699935
-0.019820447662320842,0.12624772132477363,0.2325082124657129,7.1184361885177259e-06,-22083.679895699057,24976.630749721659,-10.817913769854039,19.666832460597004
0.034336633370790161,-0.11972119906431156,0.23165662068252255,9.8396902799342985e-06,-34022.933558317767,17441.389436971593,-30.325896917232132,20.601754733937156
0.026885582613347201,0.12061183920939755,0.23213612970776307,1.2045423513040163e-05,-32742.423805966391,18081.248711026721,-26.819180057627712,20.481113210291603
0.025793316366729102,0.12358199996101789,0.2321936535116641,9.0975616660672591e-06,-27258.821856464892,22314.7807613759,-19.565882355151384,20.679878239028053
0.028363094427724129,-0.12033952856550589,0.23204248507617092,9.885481414064711e-06,-33219.665969312708,17813.161301408338,-26.936366019308469,21.566567916439531
-0.015093104726912547,-0.12114967637300907,0.23264295484794789,1.0222799227434208e-05,-32031.361910249412,17764.371175267286,-26.064977699043478,19.892657185481344
-0.011291490128242475,-0.12411655807524784,0.23275296576228491,6.493773117841862e-06,-26522.602939110267,21884.207817494043,-17.227739340004032,18.515724060232973
0.040086723670577577,-0.11756670490024793,0.23121138595769064,1.0229422149079843e-05,-37226.211048057761,14635.795228114677,-36.737237024992062,21.326104530816355
-0.021952933444655785,-0.12594133911299757,0.23239590587897677,4.5939285168986146e-06,-22641.241519514526,24782.756716002892,-10.306585194006994,19.197663908525591
0.031444007727027531,0.12260152895259815,0.23186157728587034,9.2944888072214443e-06,-28905.932539742087,21664.700878656437,-19.753851502124057,20.886324206140774
0.073260158050069565,0.10914184039116774,0.22739712001939782,1.3836781940462207e-05,-44209.434257254259,6529.7289340390771,-65.477700922773735,15.778219102997467
-0.043283199661021045,-0.12450537260359282,0.23095244312346491,6.4212471770472305e-06,-24287.985852440743,25206.597550043251,-16.905112400926821,19.519993317315674
-0.057374800897140484,0.12649626933022193,0.22949322709279077,6.9308106568390246e-06,-18296.690416813472,28331.90338852736,-6.4449269471809796,21.324654180353349
-0.0094107333763711731,-0.12603843841650567,0.23278602067023557,1.1681203729745997e-05,-22676.061631530036,24037.389278694674,-13.114216145976785,18.986466360132674
0.052802958535491017,-0.12032269997330236,0.23001149653555611,1.1539594369274922e-05,-31456.330805461606,21264.291290277069,-24.818904208934054,24.657005644768375
0.027067765987323099,0.1260002350621624,0.23212653508675279,5.1333849503932982e-06,-22336.321463051761,25293.910527403434,-8.5279543827130091,19.446907780884057
-0.018613198198499565,-0.1263145689219321,0.23255379923274719,2.8697372376161022e-06,-21957.601301833423,24882.95921919289,-9.4341831644292036,16.900882617055736
0.045693662652390728,0.11749174103891909,0.23071466836645274,8.6731631278891652e-06,-36951.861596612995,15479.455752873284,-34.982638960218111,23.378052481745858
-0.062170195546678457,0.12582135207038098,0.22890745527652054,9.0925295764614393e-06,-18897.181125049236,28169.513353964361,-8.0708242865017219,22.481201014928374
0.061121931053170139,0.12626051114434791,0.22903550392343497,7.3102112414793795e-06,-18134.695021882777,28209.984480311872,-12.473879136054931,22.166506074180706
-0.050504889301837066,0.12349992254872014,0.23025143439389884,6.9837723586552976e-06,-25668.092347153666,24927.057928671398,-14.303061886386123,20.647552773599209
0.077076425169223028,-0.12663447958695215,0.22676803131298198,8.7020927194777482e-06,-13799.122175704895,28992.973688263464,-5.4987023102052408,22.278590250966197
0.014809900894134136,-0.12640736201946884,0.23268798859046955,5.3047776910772105e-06,-21863.240574142619,24747.353738119575,-9.4422548038440048,18.74929513865666
0.024142818830477052,0.12582089090668361,0.23228057636303709,4.4937465191243001e-06,-22782.400617275336,24881.134613690519,-10.087656211522882,19.7914739755855
-0.03855250157238943,-0.12934312986634017,0.23125976471838913,3.341598522907718e-06,-14327.003631957141,28650.4675238214,-3.5276782636276569,22.494338621583942
-0.068604869631107651,0.12092532364523202,0.22804958299316372,6.4836960781982733e-06,-27525.65575588655,24248.193785233943,-23.973200069353112,25.622199142645979
0.048216714666009838,0.12039076256119059,0.23048957129344302,1.0871726952346042e-05,-31801.042961509364,20657.795884705654,-25.148879181701172,23.798000305739674
-0.012836122159336074,-0.12621380803183613,0.23272581835496886,7.3774593492761115e-06,-22303.956963270681,24427.504664335815,-10.57954767362817,19.808946799589499
-0.021738640722614298,-0.12104360918335542,0.2323808997800281,9.2621067885439555e-06,-32130.822564369042,18209.754873565944,-25.720501320276441,21.379965697849038
-0.069775338163981071,0.12617852577561198,0.22791130908720589,1.1713326690099976e-05,-16520.944136345126,28697.037068000805,-6.8097676075647495,23.203442926582031
0.045199793576136196,-0.12637314018008639,0.23078461138675263,9.7995229808667551e-06,-20167.809165090544,27265.709546966256,-9.5110740770683169,20.913626572373946
0.036430204061142051,-0.12700189899653375,0.23155254424250668,7.1525342893245456e-06,-19646.900815887962,26944.929327055204,-9.9932919488838632,19.602140639940774
0.055299195034409603,0.12281815121602885,0.22974378162390047,1.0968485582709705e-05,-26187.096575071122,24820.101339028755,-17.244271534990126,22.866694839015508
-0.018471519280193006,0.12074119025254366,0.23252180112352727,8.8047146177775734e-06,-32793.377142089768,17431.02117974998,-25.629941030164698,19.920590098437
-0.041087994204047705,-0.11476839572330917,0.23114467223437804,1.0410114113599555e-05,-40981.348723344658,9417.7856964005477,-49.681246311585063,16.702492248631955
-0.022094684012073901,0.12072702919442754,0.23237641544781013,1.2634193436661381e-05,-32769.181655167653,17800.281312046449,-25.906119567392068,21.33103252981244
-0.077099391609157603,0.12616887918555367,0.22676675877048677,1.0346633432784587e-05,-14713.124436099992,28829.734940350139,-6.2774748959909363,23.551339447781846
0.017057727778788286,-0.12675058420963062,0.23261346356984103,5.3851726019262176e-06,-21060.319836378403,25231.972550220904,-9.1393271639720606,18.705095420766838
0.016827572166091535,0.12604547392506718,0.2326130166930781,6.0223832734175948e-06,-22534.664508260335,24539.434840885693,-9.973499754219775,17.937008637003661
-0.01579780001619303,-0.12680436491071467,0.23265819139819949,4.9689530936063419e-06,-21006.764936863034,25193.873540316086,-8.0447691710729607,18.683375417877297
-0.025284364639850447,0.12061983665317273,0.23222045726891902,7.7554862692980715e-06,-32850.921980870349,17896.112570668149,-28.674052249726653,20.922072518300819
0.058448205593945354,0.12219467318669097,0.22936210749476124,1.0718446839797819e-05,-26956.933522268151,24446.347505988149,-18.881984263579984,23.676259935612382
-0.06865809661048701,0.0722373722546302,0.22806698670370379,2.4096632827186586e-05,-39095.728478309662,-55906.226344311297,-88.940559430746703,-113.937527088702
-0.037821508246814954,-0.12698085917480062,0.23143071092354697,6.2242888850796881e-06,-19524.212253419828,27063.564524986003,-9.4527370131608421,19.51134446561878
-0.03201773512756572,-0.12867154862626493,0.23186584676554803,4.3205322724465081e-06,-16302.816914892588,27818.692972028122,-5.7408328191227076,25.274280738221723
-0.054118284211456209,0.12720797018228222,0.22989102035759984,5.7622373113079397e-06,-17279.610240967409,28513.69569373034,-6.5038213712102406,20.77683900828308
-0.027701539593129789,-0.12350462316164666,0.23209315763072413,6.8094304794818293e-06,-27329.758587432982,22468.96874074221,-15.704626398729376,20.084731258340806
-0.04833191078967404,0.12638347267802025,0.23051033906052393,3.2033942730712011e-06,-19817.14390249093,27518.255082687789,-8.9019666005201401,18.95215251604278
0.070128152730725909,-0.126672300937928,0.22785370892405857,9.4494936088594128e-06,-15405.576996329466,28925.407544023881,-5.4943014111458703,22.68175188500128
-0.025172565027520383,0.12555571757353878,0.23222634515476714,4.552259484795859e-06,-23337.93951802421,24694.732799877966,-12.408546605338662,19.872599306711614
-0.051864604719570759,0.12634970294769618,0.23014234756626192,3.8101750302730155e-06,-19450.424884368538,27769.398427039643,-8.2335706620238938,19.039235282226286
-0.027120491235248886,0.12250889300808578,0.23212375833078169,6.639938632209811e-06,-29377.887078103817,21126.114969487666,-16.266170723401547,22.045024842620524
-0.0083082195974054258,-0.0077173441914242698,0.23280539770633649,1.5884507631819317e-05,23908.21481484763,-85744.479214554318,50.626529844664823,-208.04650117888113
0.0089285920528101043,0.0083296545531876594,0.23279412761440837,1.774809376332447e-05,23745.396653695847,-85865.138217181084,48.262720884710767,-211.75435186027286
0.060213227212384153,0.12443741367709357,0.22914650481870438,4.4002877950708144e-06,-22180.288858757918,26991.940965531092,-7.356157596830907,23.221773191165031
0.070168103009423236,-0.12218639824063894,0.22784114794266608,5.6968276579041815e-06,-24662.324237107783,25763.773088059719,-18.375349652559258,25.788034143425847
0.038679372544046256,0.12642292616033646,0.23134173200902869,4.3227970793429878e-06,-20633.850014574207,26740.665759466243,-11.071537299290478,22.126269537892007
-0.14816523357596231,-0.058412035138138266,0.21623161051717971,2.0569840993799153e-05,-53073.57865175551,14691.182174070143,-107.64637109087705,31.160525410316424
0.035657675662893309,-0.12462372933719765,0.23158397108970197,4.3909694296011265e-06,-24647.682979125668,24645.352685913262,-13.366444592449177,19.261858963251402
0.043366017673168666,0.12596226178824921,0.23094519093994281,4.2254324944328048e-06,-21187.47231057637,26782.451476045349,-9.7764067913282027,21.056419144118067
-0.013754085276768425,-0.12856782027939448,0.23249077221230177,3.0692272049265877e-06,-17311.873664723138,26519.580328611351,-9.048652756040962,27.752253297969428
0.02305898765621851,0.12740181630372804,0.23233765593692568,2.9242715378443153e-06,-19522.352958085001,26214.948911460997,-8.7198387700815694,21.383102139240616
-0.10949400369584114,0.064216532738632259,0.22203277058323664,3.4813870283487115e-05,-52801.24732293198,-33228.654614636944,-120.42752664761112,-64.271653970658917
0.015731163213974331,-0.12838297377015501,0.23267493707248549,2.5396841776322755e-06,-17623.293680205999,26501.978156310168,-8.8304574744488722,26.121432805637514
0.10994938502860731,-0.046245912049250458,0.22196535227441166,2.8679054847016436e-05,-47551.427618179565,-46644.736124578732,-110.92864488856056,-95.479585587908247
0.04259106836247508,0.12064258813198239,0.23101305147505768,4.678524711968133e-06,-31833.426652971146,20254.33627643943,-25.391298012735302,23.591932614405323
0.029176041840021559,0.12597935631983287,0.23201550350713984,2.9600659471073916e-06,-22271.834419617458,25419.813158317658,-10.778709928594886,19.611353104438276
-0.04636118415867594,0.12676510663329141,0.23068291107510513,3.0034036573714171e-06,-19259.492206721097,27653.88678483382,-7.7998118804043592,20.201398551962352
-0.13986938077727715,0.088572028388897439,0.21665704558411733,1.9186251722732437e-05,-40197.293445050971,23980.86744941687,-79.494486752861064,44.903648890215607
-0.1478129708452664,-0.018765480465574746,0.21635972301793388,1.3736416870541191e-05,-59001.810686761659,-2744.0398785841385,-120.19560209159116,-5.1649915246381655
-0.01844662692298429,0.12848815662620663,0.23258056423438603,3.3229301190584318e-06,-17345.247311731327,26777.366267045589,-8.7913498790197249,25.682258989380816
0.034092966663603244,0.12656981776745452,0.23171626811257612,3.2870598581606281e-06,-20659.300966660721,26453.632536778423,-8.7848140833226065,17.269857627003759
-0.095238095238095219,-0.030507493526371349,0.22414332973406192,1.5987947159115788e-05,-29667.249218019046,-66327.989346425558,-78.008278569993735,-156.29779732492949
-0.024103033551345153,-0.12629275733653977,0.23228267164026642,3.9298502964884707e-06,-21849.411874023361,25292.211779723788,-9.397255015309252,20.620779216979663
0.049628944454812703,0.12379762418079614,0.23034621203165764,7.6366120434349654e-06,-25090.993627532014,25264.643894935976,-15.572697726589665,24.030818669705482
-0.044087449479246629,-0.12930873170431947,0.23076948218616827,1.8721279831692878e-06,-14004.438160433036,28915.683329526735,-5.8957096216511582,27.714366477315899
0.038685182972842097,-0.12682210415282297,0.23135508090715146,3.4424891944452798e-06,-19879.345164828497,26990.909434284858,-10.064449924627763,19.998311340342063
-0.12890319869520742,0.058206550936134221,0.21915926265947797,1.5498850610926733e-05,-57348.002305561407,-13568.216133801832,-125.48855031806325,-21.856978316592173
-0.14797439555673514,0.071518018426977858,0.21590730627945603,3.3734371684237884e-05,-47131.490278041318,21823.612825407301,-91.301959008110046,41.979399716986983
-0.14761904761904765,-0.049698898146978754,0.21637324735260716,1.1650233490019052e-05,-55970.590860115823,8842.0004556544827,-109.23161554273698,20.890670747181648
-0.017207089590872415,-0.12354013658777749,0.23256952603441802,5.5925316470573064e-06,-27594.812746640564,21516.154333033362,-17.476780764121191,19.010787858413096
-0.022025343870215444,0.12347024220247046,0.23239209241029807,6.5369787704079066e-06,-27631.859977086206,21951.229721464173,-15.931886664807191,19.685555952461986
-0.14761904761904765,-0.029436744778708349,0.21638843296938079,2.1521282650784484e-05,-58823.248622546795,-17.95700320110544,-120.40693904151755,5.0099670913859269
-0.02688189303811736,-0.1285337288898567,0.23213632401789819,3.5279280609599436e-06,-16859.004069015147,27321.227548377094,-7.95609630193632,23.98881005517222
0.089660016988168709,0.067322340844105363,0.22496915322537409,3.8783534516976814e-05,-45336.832201948215,-48190.562258557111,-104.34472036142479,-102.32839422546525
0.031596186140151299,0.12893098948543094,0.23188804748937503,9.5377192331114483e-07,-15708.869993965045,27938.47988587078,-8.9230184057655766,34.45129157934182
0.051931068918880337,0.12659841736615401,0.23013830811127678,3.8711064769886106e-06,-18806.037944170937,27895.605466314468,-12.467189622659255,20.600917478934129
0.021613984893851565,0.12509673596996404,0.2324137564809059,6.0084035678939864e-06,-24419.992147400186,23824.648274302901,-12.635041981665633,19.027269424757144
-0.071706715246642988,0.034452148367651654,0.22762000666837787,2.7398602256864311e-05,-12709.443433646755,-76875.908015981651,-36.352835520911462,-178.2194350190469
-0.02303562239631278,0.12852891771601058,0.23210588765542803,1.7523285841668402e-06,-17078.065937526313,27103.843648779864,-10.512454041836516,28.819410815852063
-0.12860656057260977,-0.077081905429780315,0.21913669827891147,1.2123810427541711e-05,-52999.153467987533,2410.5201323918363,-107.43664225935707,11.060644662059385
0.05632176435798323,0.12714895880793214,0.229581720243831,4.0448662315677349e-06,-16962.706663650184,28548.806118066474,-9.3244885422594006,21.30252742014591
-0.040689810843774543,-0.12769387854119804,0.23117954023868378,5.9952757100566167e-06,-17792.488319967084,27839.799089538021,-5.8706490749582976,19.213581564723999
0.17189026339305641,-0.056193223986061733,0.21192715388922739,1.5125697633027398e-05,-30311.142865627506,39554.047599258207,-55.209476820579766,69.582351272898663
-0.17073339487348524,0.055175392503919375,0.21222062750575982,2.2599840509621374e-05,-32523.209939326727,38832.572064904343,-55.816564467675811,70.845535380996353
0.030020895816541708,-0.12328488096419503,0.23189047703914747,8.1515476779067545e-06,-27720.712403581518,22386.319239958866,-15.910031033862953,20.219742385412985
0.032547023722119525,-0.12343612742306732,0.23178706812041608,3.5729894722847999e-06,-27239.183084574932,22839.162936920951,-17.637717772180125,18.299322415487211
0.036808352993205826,-0.12875874221569703,0.23131374402603327,1.3677210805024729e-06,-15913.385549530554,28221.477761630445,-5.6941294690904787,36.866949393401278
0.040893019836820178,-0.12990609309052412,0.23114603833985212,2.3209218667866272e-06,-12780.879716140702,29038.402451750524,-3.2030796506747965,17.589377286587169
0.032938594175317151,0.12762191896258299,0.23180929551834345,2.3109933862939364e-06,-18560.277108457882,27161.159013076202,-8.377764214929952,21.940900997685578
0.014031618488326736,-0.12440872899053247,0.23269111739923806,4.3836023873247475e-06,-25956.480508752775,22434.465308473871,-14.598502069434298,19.320503287954129
0.018890356337584978,0.12934467738948699,0.23255719538644293,9.9769990441255234e-07,-15274.999925335969,27361.585875134817,-5.2949086690276044,21.908591021877616
0.022981896831438128,0.1291114572015481,0.23220340709803497,1.0675260915226086e-06,-15676.647317214805,27464.731781779559,-7.5454006422491888,26.877657187036085
0.074090111737062286,-0.12896243992886272,0.22701462847353088,2.0640584665172951e-06,-9567.6602695992569,29504.77536794409,-0.48511804485388804,28.548231081294432
0.040826516298812426,-0.12409394531791755,0.23116756925528656,3.8603654593647397e-06,-25401.648614544738,24557.072403471186,-14.78855314832818,19.45001895632727
0.075469079000224176,-0.12795920900328975,0.22701261985075138,2.4518469043190247e-06,-11396.525528866337,29307.70354591155,-4.344236839717583,22.545394856743918
-0.089304768131620582,0.05450542177318967,0.22502174711844167,3.2876510564183442e-05,-37776.359691101723,-59510.764924010306,-92.0433234145695,-125.87825704118906
0.11900859271022506,-0.068523466348820616,0.22062415443154276,1.4051647040842907e-05,-55472.380661870411,-17959.398806804114,-118.17240705578671,-30.642453718341493
-0.052497153388947095,-0.0032550238232606646,0.2300343354450454,1.7239106549506081e-05,10074.279303304791,-83226.349064370399,18.222650703789949,-209.02124029735586
-0.052501402776517422,0.017234650370062849,0.23003386641324294,1.6005655095691547e-05,7439.0671519026873,-83170.35938892886,9.9461264238863283,-202.89239019041514
-0.094803313571096975,-0.090228674696122071,0.22420769830296891,1.3325510153549198e-05,-51526.564144459626,-15116.028732253933,-105.06005480723661,-28.858930785179478
-0.086311780474004465,0.058518115124338667,0.22546485304240382,1.2957849399556606e-05,-38095.787654962194,-58441.719955773071,-84.576378393206525,-126.54588426644598
-0.10914418927430403,0.052262049583854171,0.22208455991891132,1.7351204678248665e-05,-49478.496488255078,-43471.973844492197,-117.81732491409002,-87.572691879206488
0.13797443249390751,-0.069809129267462536,0.21770887270619893,2.954685910833501e-05,-53117.265104866427,8372.8272756848382,-111.24707035509991,19.272988852141463
0.12810700632695468,-0.063227349683439696,0.21927255282857613,3.5706584456304602e-05,-56857.994778989443,-10503.350934416558,-123.07201371780701,-14.845170342641655
0.12388246327269101,-0.041910181244228031,0.21990258750046715,1.5403382598904244e-05,-54778.784705997183,-31764.971026318923,-124.46985306010578,-60.909460270578037
-0.080481304070774806,0.040024943364455952,0.22632804358287203,1.2428288585709662e-05,-22339.654251984633,-71882.558778228355,-58.925114023622442,-156.44029725573844
0.10040109254566811,-0.049174269731569409,0.22337895815820044,1.4288604415362599e-05,-42492.217723966212,-54084.097130183,-105.24341082092936,-117.36911585181939
-0.12905256646921093,0.071967918466683239,0.21910675522335135,1.3545419317122221e-05,-54836.32913724133,-1748.8136280889012,-119.52004362419467,2.9035090690159113
-0.1681452510116177,0.10689981013881043,0.20728822377554512,1.3221455855668491e-05,1290.1858963781099,36820.657361033474,3.9783008107321991,61.09016752479716
-0.14659352598697969,0.11154632237529638,0.21295837286273239,1.4385518154526896e-05,-8494.941701650625,35364.988386773191,-13.468790446046222,61.542453246860568
0.032180331533013688,-0.087897502895330035,0.2318275077731603,2.1652933007792765e-05,-40727.757894477261,-47654.081032261485,-87.380767455378518,-94.644033351732546
0.039917898307510538,0.040085837750853337,0.23124713485042153,2.3963580664757611e-05,1290.2617835315536,-83046.485707183761,-6.6028581287376236,-191.24724607244855
-0.052904655933470587,-0.013708141041836944,0.22998935680993551,2.4340624824887804e-05,8416.7577998564775,-83411.548022482428,6.7371633269165079,-203.18570880321909
0.016718416891236182,0.098796719852237619,0.23257762848316998,1.9664653719879664e-05,-45647.561832185384,-30383.697309840554,-88.140119877656716,-54.061184380635567
-0.011228807409694976,-0.059745686553367032,0.23275406743132829,2.5765602881795137e-05,-8163.6077879076347,-79529.294539640308,-24.027385998702414,-175.99488084390816
-0.11937822631397105,0.066459714158362923,0.22056943090500281,1.4866422647823477e-05,-55607.949549552344,-19290.631431604546,-122.70640962630078,-36.172950371928351
-0.071135316668109891,0.038854029164839536,0.22770369661120105,1.5378941835417071e-05,-15336.249224252047,-75962.290189675987,-44.574513022142632,-182.00172673035391
0.071287645142626754,-0.037108231119164579,0.2276813754098953,1.4371634788979379e-05,-13891.15405535701,-76153.293821180123,-31.831536929556258,-175.89086893847647
0.00060094053293629221,0.099612449807770925,0.23287429961309652,1.7387587119466036e-05,-45415.024978742207,-29769.518085749922,-88.883031120052408,-52.645759833951068
-0.085444737580136931,-0.028256052819623588,0.2255932170340241,2.5505489650930785e-05,-19821.219400131326,-72806.387274804845,-54.491343472578365,-163.44622507145428
0.1289049946309492,-0.070130055871328603,0.21914110630867631,3.3010523327533507e-05,-55306.019048480761,-3500.7220414938256,-116.18062569962913,-2.2594454021649333
0.11877642836158035,-0.064294920272983613,0.2206585259057971,2.6839266676733595e-05,-55426.140687042462,-22219.660437935927,-119.34683459731883,-40.446927927403792
0.12175752689994568,-0.093029182425456325,0.21996184278471795,3.1389424054216153e-05,-45489.933067634469,11409.120942306461,-89.074306537014195,25.107986441239245
0.15476982668649975,-0.088910543936772113,0.21331665458602117,1.1665991672687438e-05,-28296.054989636803,35747.811283997929,-55.205069757392515,64.112894447376704
-0.15144771825773382,0.049389145681934199,0.21579031687891431,2.9946584495204652e-05,-54109.580921400695,14516.6506257361,-104.77225014631398,30.811727922165527
0.15169086450283925,-0.050498101794148639,0.21574789361367827,1.8993578808596849e-05,-53512.205190625973,15563.297063945547,-107.26626426116594,32.742060846063417
-0.20000000000000001,-0.068760333600992221,0.20347178404355765,1.4942147600706516e-05,18396.476145565219,25816.180724036069,52.0733764816773,37.641421427630263
0.20000000000000001,0.068760333600992221,0.20347178404355765,1.850249880958091e-05,18259.650098982875,25736.508839515114,48.197368920920233,40.032943367267677
-0.20000000000000001,0.06876033360099218,0.20347178404355765,8.7582753473747292e-06,18455.989741719546,25712.04726861975,54.840495789421162,37.783601614579418
0.19971763446660815,-0.069608423014890841,0.20326517714097986,1.5231177682130592e-05,17935.175687604762,26005.267038192833,49.594682009113477,41.503760304179025
-0.0019364061091594314,0.05660405699477622,0.23287275127934701,1.7018645597046697e-05,-4308.8429718012358,-81462.453888414413,-17.603277817794797,-178.86989055749808
-0.16636615283675874,0.068908371731824333,0.21225385014691692,1.6508279280926088e-05,-31249.064325414467,38262.925638256238,-57.212035466092857,64.82371022682031
-0.061399941889473848,0.032602408407710504,0.22900154406727588,1.4885419589525772e-05,-4941.0938960183548,-80067.840050413972,-12.83020928836439,-192.13042160163104
0.16549612454380899,0.11378380861540907,0.20697352313179321,2.0297893243737442e-05,6396.0533103180342,33315.734645749901,14.490362124481569,52.303712055675199
-0.015155927106771211,0.0068088711206014292,0.23264520951612952,1.8133458280091682e-05,23603.139383030219,-85523.621437239082,46.777748423106253,-201.36782188546039
-0.11413712944026917,0.038284453694224972,0.22134536496770671,1.800622201838397e-05,-48005.985547267286,-46306.530481500427,-111.03601135656861,-91.571570927671985
-0.005906913621775289,0.0079690653282918737,0.23281234746587895,1.4826396047974542e-05,24280.173025362204,-85461.519700594261,56.069112643603177,-204.56532198076221
-0.15617287505297528,0.11436010232155881,0.20986108509019946,2.9868440679437727e-05,1437.126178145624,34834.902042218506,6.9773265469500823,53.186509736311699
0.078513946798983131,0.069621783503779427,0.22661930694958274,2.9907873933934203e-05,-41529.370910110949,-53375.946689861208,-95.06837477360483,-110.07214651971989
0.031951497036821777,0.12589820059993104,0.23185778540633945,4.7971853012806334e-06,-22227.489122896368,25630.062928029794,-10.260736126239259,18.666185154849725
0.059782597573012249,0.046968357131159447,0.22919910751867592,1.3229664765284906e-05,-13455.948881917277,-76957.691224242822,-31.123601883159182,-165.74519859933613
-0.17056931022263547,0.10357514397163986,0.20708883400806719,2.1900080102981103e-05,108.21013544465625,37733.932644209126,1.0425906542611221,62.710094610369836
-0.027689823942693113,0.12567308360701973,0.23209377463118569,1.1388140752498757e-05,-22995.309366496396,25061.725738486264,-11.23534551363295,21.141091489546707
0.11057697322196516,-0.080595233265320212,0.22187228233195558,1.615869200922364e-05,-53609.944938206332,-14240.042052759165,-111.98226377038701,-21.15539563833017
0.038991217079630477,0.093603867079792458,0.23127941033471999,3.3446602518897653e-05,-45888.541606142062,-35913.556152406796,-95.767317686747859,-68.895565417855707
0.20000000000000001,-0.094771660708707239,0.19880855548063325,7.102771740251991e-06,19917.070322363437,16636.145729534408,57.461346280756381,27.053244370126631
0.17929075778464448,0.12985963431783162,0.19868552835445341,1.308036455017438e-05,19581.96098504867,7638.4124621920073,40.731794939619007,5.0417704925374869
0.1237587199142319,-0.074016239554188581,0.21990380877186594,2.4018425406214506e-05,-54786.640117995834,-6500.8427807403941,-115.73347759984365,-7.2515474425502005
-0.1904452923352096,-0.065899723889547984,0.20658064048809885,2.4541950161102234e-05,2721.6366551894475,38802.456906077045,11.566277070867084,62.48274582235058
0.18999703205319046,0.065824461335457773,0.20670945541663466,1.9647406207270118e-05,2124.0245760891958,39235.267806118973,12.549065532431388,63.171968064561604
0.10457403128649387,0.12184594999799477,0.22203434747910245,1.3004617757166491e-05,-13987.455300813803,28482.318524228453,-13.395543724070267,33.9871163099969
0.13956810512524875,0.096616489836767683,0.2162022370227219,1.5346432948358549e-05,-32383.003731882989,28851.060522644624,-64.925695496413709,55.120948719938745
0.10480612252784345,-0.036846560027505686,0.22272680215101953,2.1800084632669608e-05,-40457.360284834474,-56621.134959524366,-102.44798538961589,-119.929276211005
0.037108218518198267,-0.042744748182059727,0.23143591632446267,1.9723328795826283e-05,514.84328732779807,-82725.186295739113,-4.2953710540518442,-191.32387632573878
-0.030594377177712562,-0.11848621404407228,0.23190398844576363,1.6196425566658169e-05,-36156.805601054497,14892.114313793767,-34.154837805484355,22.052815407017274
0.1168057970986917,0.086813507235535978,0.22090196911937737,3.4140363427856536e-05,-51014.387917361128,-292.55492895094727,-106.00425043852263,5.6477297055004279
-0.095702413807300796,0.03289947693117181,0.22407458828499616,1.5122192771652008e-05,-31027.47614214768,-65289.794557966139,-77.008007215793555,-149.56243343119479
-0.18110608836421582,-0.06312549992016514,0.20929093312729949,1.4576240575855272e-05,-13332.647944567545,42886.906825093938,-21.163418890715302,76.672700594969683
0.18157776137162251,0.063601789180366908,0.20912773454294306,1.2027963117015612e-05,-12439.40794756496,42878.841816413966,-18.870938381462928,73.299649637283366
0.050667373650064899,-0.034801755807913427,0.23024528032544192,1.8654419064098142e-05,274.29767807030248,-81848.171074579586,-2.0337591022692774,-186.29325856788927
-0.073317257563329088,-0.055714285030486428,0.2273886665489947,1.7340377718919408e-05,-28703.584815635026,-67730.188137444624,-72.588966098327646,-150.8944191874416
0.12464892081636492,0.044117244420008722,0.2197891149717037,1.3727140636033126e-05,-55489.667525567158,-29365.054044262564,-123.38392422384722,-57.09380345585928
0.1671861095819373,-0.12326878572436589,0.20468443944120204,3.4271882439566817e-05,16114.079637943049,23585.499053246254,32.442641981155596,27.339496314687477
-0.1668725433214685,0.12364270726499424,0.20472022655380454,3.1215810936735072e-05,16242.728086246258,23294.944580951353,30.813295310146056,26.240798346148335
-0.12350764301663854,-0.10772036570916498,0.21893957097859354,9.1627484343219501e-06,-28729.674874558947,25959.329775669783,-46.169388726743271,43.653968198448005
0.17273677830023196,0.060282327649294379,0.21147730607039048,2.0548695288165401e-05,-27325.142281846376,40882.740931985158,-47.788380494434136,73.901917210137213
-0.17120606173171335,-0.06107668591836328,0.21176184065237186,2.0453856901729087e-05,-29106.929041968626,40033.075041714816,-52.19031799657769,72.549062531723308
0.023008363481355043,0.052693847189010649,0.23234032204064947,1.2229308530459049e-05,-3693.8404622265584,-81580.282440714145,-10.54293103462116,-188.09351230311339
-0.0014361299732149968,-0.0029646601777902409,0.23291211233430439,1.2965267065098616e-05,24947.887115438749,-85544.861996316293,52.625107862725756,-200.15163905211261
-0.17696087181816827,-0.09180684154949606,0.20693220688342293,9.8237592964079383e-06,-3159.0078837012234,40014.035598377508,-4.6352120746776029,66.778870141870286
0.0018534565542563484,0.086365150835512217,0.23286106792560801,1.9242834596616982e-05,-35833.540322635847,-53979.240694042448,-77.011589193074244,-110.4233318669806
-0.046437034262884896,0.12876218183070584,0.23067626905531222,1.4054107658462203e-06,-14883.714368801833,28877.494232948142,-6.1900895864723076,29.136365773613075
0.03389338468867524,-0.1107256490982874,0.23170391526989587,2.6020903022484684e-05,-45219.110524490847,-605.72027756337286,-66.254342034067491,7.8159353387877353
-0.14491590432080428,0.10273104306488302,0.21439538501980659,1.9993623252416348e-05,-21626.656975717073,34334.542705881024,-37.786811723873136,58.037426660020927
0.071709558099101622,-0.12925051011830846,0.22744310549946631,4.1161192765291765e-06,-9513.3174474806838,29595.745878219815,-0.53400367673305338,26.303580292995409
0.083071475407297785,0.024458969505173719,0.22594457382135474,1.0041571368758622e-05,-16140.962644254829,-74419.185010283298,-41.76241444367151,-173.32025040547509
0.041971876274214642,0.11020526399013267,0.23106727270716723,2.3624609628976657e-05,-45569.122810454064,-65.081286726867461,-68.922736665908332,5.4480248902423893
-0.04316559876709801,-0.11184277155952224,0.23096274116422899,1.657000660903025e-05,-44276.190630664183,3792.6523268275155,-58.544777064313372,16.630901603434427
0.13853527469772786,0.12041728527684842,0.21409527647913978,1.4349688327988274e-05,13.812003092791782,31567.814122649615,3.5863011832844758,44.016716856632534
0.15922161134935339,-0.025373863483021772,0.21467069627609237,1.10589421962904e-05,-53371.258688054833,17709.338117874835,-101.7644406837634,36.482673767444005
-0.16795817203794183,0.10104513909686857,0.20826894646212069,1.0473240443425034e-05,-4485.6274734362541,39250.647510396535,-4.6412803501110433,63.88954755241199
-0.051466475147034757,0.085761500242629185,0.23015513924190936,2.4396831185113414e-05,-43563.850010354974,-45167.022939444119,-96.729335538613526,-93.010196574815808
-0.054143223954902411,-0.071184818925770749,0.22988797389325571,1.4645672672393408e-05,-32302.89577702598,-62634.648761835175,-74.003320344051346,-137.17925701017569
0.11530266768576299,-0.043180427649491662,0.2211728093275695,9.1408946483878167e-06,-49982.91027317127,-42222.165980121616,-112.61460930377793,-87.288189376911546
-0.11853906387788896,-0.084976890652859946,0.22064649490304181,1.1657010881866235e-05,-51579.102991555614,-1044.2567375578139,-93.356347028362052,3.8690508031766804
0.086971700386412318,0.096345521546353854,0.22536715319997899,2.0951269221272842e-05,-50315.907251370751,-10444.712226647029,-96.686580843486936,-17.598251428822383
0.016771804245480186,-0.12374156348364977,0.23258717422368891,1.2736187419345378e-05,-27156.438024006307,21784.617363587076,-18.192962064905753,19.549620807965233
-0.038361094425060104,-0.071492481770390082,0.23138346059853723,3.1505543423107075e-05,-26864.285972430556,-66963.061974165597,-62.987330013584383,-147.73637975157007
0.14336334011935059,-0.096763389659282301,0.21529662621917814,1.8980807864086274e-05,-29702.592892808407,31457.47171914611,-53.606925871076548,59.092293641677522
0.035960089653456935,0.086675743388552245,0.23153730206598827,2.7753745713718308e-05,-40705.488917056566,-48626.648122565559,-88.888615904286752,-96.230794339532039
-0.034317063855548141,0.043689141924788358,0.23166391128981062,2.3597562769631119e-05,1294.367270378322,-82935.112414759351,-4.9873431368971683,-185.04764334448782
0.028072946025141269,-0.078341646465880599,0.23206053514900937,1.6438273013301268e-05,-30691.918211592736,-61993.442878375659,-67.626408071908571,-128.27531665834408
0.13108716432476958,0.10035262032039038,0.21779594124385898,2.4139569587498458e-05,-33674.510038322689,25356.51096909893,-62.197138382811346,48.358768185756404
-0.14224423127106472,0.051878254582647026,0.21718349891990568,1.4136400556110809e-05,-57177.406343519906,1994.0786150672775,-119.50342092582746,4.0527968843339597
0.16054470421448655,-0.10190409012438491,0.21031201772430619,3.0869301252093114e-05,-9923.4320845708608,39002.682468332911,-14.80760802774153,67.394499085594404
0.15714382839531582,-0.071630366256601338,0.21402582063186565,1.3702526048900859e-05,-39465.134075642192,31528.439599018853,-76.629820267583995,55.53601574244891
-0.018610117872404935,0.095952380952380956,0.23251601284899459,1.4404483185684438e-05,-44836.946466581081,-35861.377544552546,-95.873842286286788,-61.280897431593353
0.16196121106333497,-0.057663532175579263,0.21383521528795107,1.7713489283453059e-05,-42032.442514448187,31666.548071576315,-79.538829894298956,59.64862148994758
0.17694079141302821,-0.12999999998364989,0.19965523749135913,1.1724136973637383e-05,19962.312793039837,8762.0571979154702,40.335394330827917,5.0299191195624013
-0.17694079141302821,-0.12999999998364989,0.19965523749135913,1.9034134300372053e-05,19904.909278316052,8803.6187609492717,38.956247116248143,6.6872936353819457
-0.027896322114066761,0.091916165251116344,0.23205608644321229,2.2029025867287118e-05,-43136.313194687558,-41735.173177292883,-91.179977949433948,-80.526705963927697
-0.033797369626888063,0.022234000482857175,0.23170868847260911,2.8426908849340959e-05,14540.819741894313,-84764.874399557404,28.238575137889264,-200.4793131226196
0.033600821279498649,-0.021445691890860649,0.23171848994054164,2.4263081872890349e-05,14695.125050888815,-84936.115667879858,26.734581092497553,-201.09998652104591
0.13313687929219681,-0.049034217299046494,0.21853248944790143,2.4835009288883229e-05,-58129.54109168482,-13893.20769356637,-125.09878690822927,-23.618008863945509
-0.19058596260238053,0.070551232613312101,0.20596035485903497,1.5558435238587689e-05,4348.6181413413206,37874.901886431653,13.084813241878992,63.02989785507372
-0.1520317682424196,-0.055847853249940856,0.21564704024438464,2.0327379120629615e-05,-51500.455571627201,18569.439552286029,-101.91535397302218,34.09244195539911
-0.1067271543995075,0.10212194336170904,0.2223224488184013,1.4859911555584619e-05,-42905.839011209006,10802.772368125503,-74.589545511759354,21.852389353688508
0.16947274381363495,-0.10848003304881181,0.20663533970790682,2.3762812891964991e-05,3678.947323501206,35586.862802733609,7.7588536161657009,58.103826117322868
-0.1427237225298833,-0.053978501465278571,0.21710277868549613,1.5195973099943932e-05,-56567.163031942691,4081.0273341731604,-121.64712584867058,8.6573553777183481
0.018502702316195316,-0.1199511092306428,0.23252570842386705,1.3884902975897599e-05,-33997.48048389866,16067.583490359064,-30.829709964714308,20.184511479400552
-0.094907809615295602,-0.039565714306479711,0.22419222786957199,1.8237379784802214e-05,-33296.577781065513,-63786.014299385148,-82.279153958741105,-134.66033880915026
0.073759752721563904,-0.12661691130376893,0.22728644557419531,8.346975966129686e-06,-14687.893053432323,28973.941792097601,-5.478420148985772,23.252291254533297
0.025314796244814017,-0.076846378600803303,0.2322161651323526,9.7867388756852593e-06,-28495.223079284202,-64315.333999280519,-59.956705135514653,-127.78540681550351
-0.17136411471148078,0.06493060186465606,0.21145080820190251,2.1133737001120843e-05,-27130.638329945279,40961.354547945492,-40.428326705560949,74.563059378793753
-0.1139150167102715,0.081897667050832387,0.22137637815186317,2.7713744302396602e-05,-53254.070438904128,-9244.8650065822276,-110.78870852155727,-11.687640722852958
0.17891614353361449,-0.11429524713283977,0.2023479025304657,2.6837110095454011e-05,14024.16172986576,26771.695447229478,31.769088683353718,38.158666868813256
0.072515024786346471,0.045012328203759729,0.22750094711756819,1.3951027999310912e-05,-20127.418188357835,-73321.276163046379,-53.241169158591248,-173.05742461260746
0.17550701570073343,-0.12626521287142589,0.20107210832147845,1.4398718399115802e-05,19166.227498658111,15171.659219149873,35.834042462203975,15.329727614487394
0.14331105058473628,-0.056092481718086118,0.21700381336381058,2.0555757041660915e-05,-55967.812708648424,6232.0343517163492,-116.17381319378805,16.205523807744004
0.15268224492769045,0.10669439729812641,0.21189880922668805,2.956216792252671e-05,-10595.879603889109,37116.957229376232,-15.568933699405026,62.837702282728515
0.15201076162426538,-0.058800462106234457,0.21557704161014798,1.301091962838911e-05,-50430.477606762208,20100.162896909995,-99.520863173594321,40.182081088202295
0.10553799190394789,0.07216132557562982,0.22261845033229649,2.6851347040542721e-05,-52701.729855641679,-29334.801524333725,-112.82642697089557,-55.865354799040283
-0.18088357249178849,-0.072342636408475408,0.20838677713286619,2.0376762912722345e-05,-9636.1664406723903,42547.202004437233,-11.555649785967947,71.552780768833145
0.18149637742118926,0.072393190820772516,0.20821653747910088,2.9284559241548997e-05,-8602.6800314963002,42396.047192676851,-10.664080488568178,72.558517612352503
0.036853712223046876,0.015856695880670013,0.23149025033246198,2.226538617604209e-05,15419.91058222121,-84755.213508996123,28.134921423406539,-206.58690912618579
-0.10519379409910438,-0.043031530387060785,0.22266940813893921,2.4867169394231953e-05,-42910.837489099358,-53314.292463970938,-99.672282575538631,-113.93652884308592
0.12112958247139806,0.082722030328076387,0.22025715613987323,2.1846965775543468e-05,-52022.606003626061,-589.83289197505246,-104.41556561171292,2.7800050202994875
-0.07597829676317612,0.054078741341442499,0.22699470493998267,2.5816417635371488e-05,-28970.428710815744,-67328.589763065116,-71.261540767965855,-150.46096443074129
0.067283495069820121,0.027086535980706105,0.22826785403359343,1.3413894298854241e-05,-5521.691315406727,-79560.755706979005,-19.294426986444837,-183.76904242352839
0.13302996226347139,0.055202020075295039,0.21854831830328617,1.4237927382305632e-05,-57688.870275273563,-9924.0383849851314,-119.98214541166995,-17.552439479313652
-0.16251872058182046,0.066743067497577899,0.21325438489684798,1.7462015743444979e-05,-36959.860431498528,34777.296389510448,-68.115441991794512,60.219140686046835
0.10845953765263237,0.076944343728713296,0.22218592124214998,2.6431921722498807e-05,-53908.98930636252,-20796.986970612619,-118.67597444145241,-33.638863818821754
-0.005094575405948455,0.024297028509430614,0.23286187854195178,1.7980515071071661e-05,18996.143361729028,-86221.977354511109,37.642081718894993,-206.24650618956071
0.15212080199409811,0.06810158346684142,0.21528009771351714,3.4257566277452726e-05,-45827.308154238548,25060.724351651003,-89.139654401083078,48.210686983907515
-0.010059111714801609,-0.079082821270331796,0.23277336551789812,4.1979138160133459e-05,-28823.146159377276,-63546.744319586731,-70.894804142716296,-135.16727475377914
-0.01139754189209727,-0.085737891054300713,0.23275110186824932,3.0635972875296749e-05,-35816.292106878231,-54631.029243985191,-84.849024669084088,-105.98723015972413
0.0029189017551285211,0.074797660644557354,0.23287242020787766,1.2972947372940225e-05,-24061.137047594424,-68548.312162414921,-62.240903780911808,-153.28106552827452
-0.0057391844379458589,-0.128978112698729,0.23269469405129894,9.4840879570737052e-06,-16528.40004838492,26620.410614320343,-4.741022504611764,22.577992566567943
-0.010670904571749707,-0.12899282800327586,0.23261026181099667,5.3616270141901796e-06,-16410.933855581552,26654.939510316097,-8.491181625848423,23.55167875941148
0.010759846009026654,0.073744235907184291,0.23276230957955721,1.4451050844552734e-05,-22879.641124021218,-69540.263770087302,-56.664161592786769,-136.07373059020799
0.013720300750687269,0.08126387816091668,0.23267910286647173,2.9293256740192642e-05,-31857.850749845482,-60535.871851458382,-78.971710954578143,-128.00000665330757
0.0034697313663902456,-0.056084025694823493,0.23285517952423801,3.5697171485356535e-05,-3827.9308188306641,-81565.793050548134,-16.347297952001622,-183.33928250007477
-0.024118532355519265,-0.12849233690811657,0.23204717557276383,2.9732256090066897e-06,-17129.062772444649,27094.97608042842,-8.4632972236113631,26.157432285789003
0.020594484151323166,-0.11686327621871499,0.23241857992420004,2.0916978774871215e-05,-38724.710564209912,10402.283517526876,-42.469307460577134,18.380854824046011
-0.020288587330106286,0.11801538557869809,0.23243896053314383,1.5785320362845554e-05,-37137.008367207985,12765.100268445092,-40.882013573510747,19.943903414371906
-0.015074418786340029,-0.080797313433766768,0.23263272144176222,2.0297261316213188e-05,-31087.62397434497,-60841.132908591964,-71.602086588615492,-127.86243883764409
0.0023387462529115997,0.049429583647625411,0.23287430659530992,2.5171627364556138e-05,2564.5060695067164,-83898.078169877583,-3.599372690574258,-188.14619859803943
-0.018613328894851056,-0.086909579934642087,0.23253070931917583,2.0179663974681644e-05,-37676.882751916455,-51770.992837286009,-86.750855906516321,-104.02016363702764
0.12150458976664372,0.003268122036850619,0.22025462698659098,1.2192957917601899e-05,-47835.974098419538,-45716.378623692101,-114.18573405763023,-96.111984767082092
0.02142249251161964,0.10429082578883558,0.23242217378683494,1.2373140375921046e-05,-47285.911696919589,-17792.047067520522,-76.760320876513291,-18.457230384832258
-0.19125773426875042,-0.013433334275995423,0.20986558264514624,2.2757757635841423e-05,-3507.4108306212242,40161.913360014827,4.4271238903817967,55.868649375347758
0.019034386954602731,0.060722708478642529,0.23250335939565087,1.2678792270322216e-05,-10433.046689728897,-78404.414635032837,-27.195254994472275,-173.61719178789306
0.034132776370484702,0.12389292827086709,0.23168179853459109,9.1214157475921939e-06,-26136.549436536603,23682.599964343321,-17.049715784166921,20.16228571852572
-0.07412953156622476,0.0050266499215649851,0.22726514864497066,2.3072566050790986e-05,-3696.4642089856902,-79082.742694986795,-20.362436577873442,-185.3652791496807
0.038146978095958968,-0.1037639645738636,0.23139916220066609,3.0703809235681233e-05,-48341.332137300589,-15365.854727075841,-86.83427779099442,-19.264764881210553
0.19348638878395363,0.03302260584049279,0.20879558601606815,2.7419571033620887e-05,2472.7072822225946,38760.93651993377,18.53860283902705,49.314867081121136
-0.19350368406230509,-0.033150398344174652,0.20878486179873285,1.8827828627377757e-05,2456.6232531356445,38669.856466380523,18.122312349966442,51.403091202583298
-0.078552567397489101,0.0086931097718637301,0.22661358924608957,1.3652552697815704e-05,-7913.0607693839538,-77386.374644510361,-21.984682671904604,-188.09467756316016
-0.18781522237731346,-0.03752913936789349,0.20969922859637133,8.1645681805403536e-06,-8683.8829440782611,41903.351482196347,-6.0945556158380967,62.568735317621559
-0.032128522041930535,-0.081457503410718016,0.23181362705013883,2.5318231977791455e-05,-34930.866219468917,-57100.714050634939,-78.291698873963909,-120.99345149348997
0.1386852424197394,-0.025491696323041425,0.21771106522189398,3.9565551950572363e-05,-58865.906122104127,-16084.982285146631,-127.86033078407833,-28.915015310839404
-0.055061803771249751,0.12930233335930993,0.22965027060745058,3.1145899030954091e-06,-12512.042643317574,29503.667385305725,-4.3049467653425362,24.202590443348623
0.16663533280868681,-0.10012913485302706,0.20880593997232344,2.7783424430668225e-05,-6440.8339743963461,39448.282278101811,-12.060731822717969,68.062828331263589
0.059597487895156114,-0.0088197987952313255,0.22922171922013773,1.1914482547281856e-05,5770.73715654852,-82231.243486472144,2.835593825363218,-200.33845020935578
-0.0010396554520018014,0.095466219975691477,0.23286425325543261,1.9394982222545138e-05,-43516.195624227512,-38112.461447200047,-91.646448055531053,-70.914115896315749
0.1521480896326515,-0.067019957675508529,0.21531334460018853,1.4139574267969718e-05,-46514.468299684027,24402.801525476632,-90.764751255345772,47.63690248981743
-0.065899698959175829,0.046130764477951267,0.22843539567276375,3.172352059556173e-05,-16837.695491233899,-75380.650713326744,-44.008685236080822,-171.35700081696947
0.17546528812615447,-0.12287733867650689,0.20181064660395862,1.0818351115633891e-05,17657.115061707373,19763.842638362705,31.150845096663364,24.213699559914115
0.14401335445533195,-0.10271736457980285,0.21462627353830735,2.4590569075820325e-05,-22181.362531804498,33798.94601023868,-43.360756496301228,59.477693430424608
0.038390247268364333,0.068811739468495114,0.23135148412740295,2.2698522446428915e-05,-24117.780162265444,-69517.789576298921,-55.581531160189414,-152.00190741699842
0.13625210019657721,0.034422650407278502,0.21807128713266,1.016683449735514e-05,-58565.95208865415,-16861.39569757257,-125.66996854576296,-30.519794157429256
-0.067008933124207498,-0.12380952380952381,0.22826788917521662,2.1516813257257e-05,-21934.137966489783,27026.696040401908,-11.22802783305789,22.710668393430648
0.06644516088502439,0.11039335662909905,0.22835054453264972,2.059591408945791e-05,-44015.549483025454,6808.6330202985464,-59.930711993510613,19.546572475098351
-0.092561137331481372,0.067819897391124914,0.22453964807623736,3.5183387538369259e-05,-46674.088310730367,-45711.68060840766,-106.84513148661765,-96.21056261165684
-0.17000857015116994,-0.051854562620332743,0.21252357495055171,2.0060758930839008e-05,-34764.24610613969,37596.541663487653,-59.057765130773468,69.200833775764764
-0.067462289978312287,-0.05171460845723555,0.2282178413440267,2.333231615539349e-05,-21867.583248618404,-72496.894911247742,-56.079845986929982,-160.37028005363499
