x_m,y_m,z_m,area_weight_m2,pressure_real_pa,pressure_imag_pa,normal_velocity_real_m_s,normal_velocity_imag_m_s
-0.1999701048105022,-0.11787555851115113,0.19338229228454323,1.5807904715315664e-05,12916.043099168315,3456.9253439514264,36.794402332632991,1.7162366584910809
-0.19992832072856451,-0.11111634915348453,0.19511711215271937,1.6662918530275444e-05,13817.606924182357,7694.3468148198208,39.477121418476997,10.84147475055455
-0.20000000000000001,-0.10580359683743601,0.19637703451451632,1.6362283812741301e-05,13973.324079444303,10491.428755304682,39.997827876219048,19.440172431385108
-0.19987382661170983,-0.098480913133130107,0.1980766431054731,2.0424275569644977e-05,13580.762788131753,14404.786093247794,38.139115461930217,28.301900004484438
-0.20000000000000001,-0.090772011712525733,0.19964305107257804,2.3227924671903357e-05,12831.105951017527,17746.212276736584,35.973299331977742,34.206298667385767
-0.20000000000000001,-0.082666681620486723,0.20118904863574136,1.7444136813836384e-05,11763.726933402921,21009.910529536934,36.078365416491657,38.791115815564986
-0.19983307644294723,-0.075273967238548511,0.20250920161154443,1.8416265742307833e-05,10227.9121070213,23585.026346697552,27.655978088675642,44.359759069889328
-0.19998214727189342,-0.054804880204953735,0.2053742830218187,1.2618082514974596e-05,6769.8413138126116,28437.633418554269,21.310388180342922,45.061462969670835
-0.20000000000000001,-0.043711750034850089,0.20656461150605362,1.4405365738745967e-05,5410.182463303986,29598.025048303036,17.765695710738576,43.65122998495287
-0.19951977141235133,-0.032783731861708007,0.20756616206760875,2.0063977804644586e-05,3134.7518485269993,30291.628921077328,11.246457734509246,44.186153166045173
-0.19959228701698492,-0.022379550530939228,0.20800847900325056,1.3940218048623965e-05,3168.6190986229658,29865.859738957002,12.516239316930827,40.568598476334515
-0.19948102319771568,-0.012076500221800696,0.20855955682909205,1.3642702782519977e-05,2845.6699361529868,29495.870104844838,11.908159008930578,37.831188097465876
-0.19964501864777448,0.00073101668668726176,0.20855926983347273,1.321035486871712e-05,3452.4827005060301,28895.480347474742,8.8654034079116304,35.152438537578412
-0.20000000000000001,0.011126198357847856,0.20849977418233165,1.4422089143599459e-05,4350.0090060009588,29037.506830501556,15.048940622279961,32.248929660171306
-0.19974142704930645,0.022074040541578542,0.20805596851445363,1.2831069895437321e-05,3603.214921566158,29730.658250359586,13.815370034221788,38.025779876101794
-0.20000000000000001,0.032350767326698907,0.20749360674620329,1.643563422544272e-05,4555.8119819722451,29779.018322441043,14.368147915978726,39.815663482836619
-0.20000000000000001,0.043711750034850061,0.20656461150605368,1.8996863060753966e-05,5246.0384233771338,29636.693396783154,17.549174830839025,42.739975110884544
-0.20000000000000001,0.054051774261796803,0.20546626674534366,1.6409483803936236e-05,6667.3200199334487,28529.872223786133,20.390971322876794,44.974492281876948
-0.20000000000000001,0.064008184690156372,0.20418579604128986,1.7792118814548733e-05,8385.6019962681694,26701.328685456814,24.572913512400685,44.989851975046477
-0.1998615170252622,0.07452303559703187,0.20254205100530409,2.080707166513851e-05,10139.810361288441,23901.802629338137,27.960227878730535,43.678806816484972
-0.20000000000000001,0.082343017860852782,0.20124767616694061,2.2361589788920069e-05,11918.086181268607,21199.03421543715,34.983619450427376,38.663928479402628
-0.19985239968787474,0.090549629827350125,0.19973352379514303,2.3904644967105324e-05,12983.307475466472,18232.792324687016,38.189764169721101,33.302938911713497
-0.20000000000000001,0.098696682239565084,0.19798706017043474,1.9250550292189787e-05,13971.57225762585,14215.745626890777,41.361966382499098,25.772992128252262
-0.19999999999999912,0.10632581581370711,0.19625047873093215,1.5991285414933908e-05,14198.274642855995,10210.992346884193,40.948809703718233,17.277008867630521
-0.19999999999999038,0.11155734354521893,0.19498265790961436,1.5186241854829593e-05,13940.630083992884,7190.7380278643159,39.571837461776525,10.362120324341719
-0.19999999995084483,0.1177021658920667,0.19341514269992127,1.652745171555465e-05,13188.088116222059,3454.6795394449032,37.974610209413349,-0.071657090546601743
-0.19998820822727686,-0.12595589220735653,0.19116590248990789,1.2027073581161789e-05,10410.560410310167,-2275.1314593796969,24.264734789199331,-11.671345288335527
-0.19998539063918308,0.12674010076817641,0.19094772106523272,7.4346135818671305e-06,10099.578283380073,-3043.7954887256606,23.422902232995376,-14.239229773459464
-0.19898025681242157,-0.1291847481375035,0.19047564553442514,2.5781184878160177e-06,9323.9090411394409,-4272.4496886033603,17.697464011205795,-24.569688572082232
-0.19919788545452038,0.12947862554543826,0.19051244880323009,6.9578077279776728e-06,9004.2011941161927,-4416.5816336406178,16.973782802874538,-13.511215219758464
-0.19472558655040637,-0.1297992169059837,0.19238766597939835,1.304268077567806e-05,11263.566091959787,-1499.4321775136718,22.444539474035473,-9.1457122558401203
-0.19053687736198491,-0.10872145124060403,0.1993129780860223,3.5296972090000681e-05,8808.4534257150699,20338.99779206363,18.361824937658206,32.910652743343213
-0.19080937697591724,-0.10123709881590016,0.20077556742489605,3.7780958831358089e-05,5435.1586212937882,24110.90267301452,12.960703674148448,40.291051033540654
-0.18870961663440369,-0.094705438297343542,0.20272537414713149,3.1635879746218112e-05,-487.3811743293839,27868.074388369405,0.091799132212453768,49.322138192223271
-0.19083026174448828,-0.087903398848728498,0.20326034886082917,3.6645656708845729e-05,-1104.4749706313469,28776.739305938059,0.040620539176204562,50.731324831069507
-0.1904751916771914,-0.080900692083684278,0.20451095902110558,3.4538676761606906e-05,-5193.4332396611999,30702.995935825842,-7.6392637613644441,52.541036306220505
-0.19084389770634214,-0.071090306665871947,0.20582267523826356,2.2609413886199561e-05,-9201.3810937065064,32462.870938549899,-10.906467471931338,52.641820082968643
-0.18989048337351788,-0.060426473309817451,0.20736785117293938,2.7511458842809242e-05,-15494.179701623307,33705.317219149278,-18.451119105904077,54.159668316136425
-0.19017478362763141,-0.05061529034763404,0.20827493291270191,2.9200964105303877e-05,-17924.909228466015,33969.350503362773,-21.175164577715698,54.439507340275533
-0.19001647961361234,-0.040326183187907608,0.20909926393551403,2.334025318830553e-05,-20438.80093952005,33199.949738595795,-23.395078708895298,51.039505172342771
-0.19020543394879191,-0.030554517965405759,0.20960871435132952,2.2907511783082038e-05,-21015.080710726288,32282.187378526025,-23.958817326949418,48.750540748581798
-0.1905743412047772,-0.018690287301549504,0.20991888375629292,3.0537894832995255e-05,-20358.798515485214,31118.297702410982,-22.346837491153,44.601713815693749
-0.19055911679250598,-0.0072831409600858064,0.21003124035694698,3.0848664797004711e-05,-20351.29763527829,30102.508103117292,-23.141548859885269,43.415610678577181
-0.19032776264481535,0.0029126179439628512,0.21006508570355356,2.3943932221619225e-05,-20846.302464339969,29746.925637512777,-23.492848705367706,43.773324416239532
-0.1911987730920422,0.014438873249451962,0.2098522545536704,2.5905752722906209e-05,-18797.343391764822,30856.825258810171,-23.115875833127888,44.267654305357539
-0.19027321961014942,0.024581760042834737,0.20980256696109148,2.4582141780434584e-05,-21113.04951519323,31694.901999391048,-21.839446748550717,47.784743957605002
-0.1903277038551415,0.03652931443187029,0.20925944933581198,2.4048798662679022e-05,-20220.803081890077,32963.557651181647,-23.311788549738647,49.284419733380119
-0.19011071776846281,0.046626131291280494,0.2086210989274597,2.7302929225468653e-05,-19080.072867098705,33470.641606458434,-25.211027454672585,51.553098077684687
-0.19111512714882944,0.055999422488563579,0.20753099744183698,3.3062578705473749e-05,-14238.978660650906,33964.66466803565,-17.489442451654877,53.670392024630061
-0.19047619047619047,0.066005392537648339,0.20659105218829482,2.3795697298335312e-05,-11946.932131871203,33234.78152457461,-16.355551683331182,53.762419758166992
-0.19011775897247879,0.075494899067016702,0.20543948429331088,3.9204779556409252e-05,-8370.5667176373263,32148.491461793754,-8.8070215858878971,53.684282260894683
-0.19039439156849183,0.083530902555774944,0.20413704030472343,3.5238890184878349e-05,-3796.3112025202859,30130.222488724794,-6.7872159076037955,52.051975923159908
-0.1900579539606648,0.091248722164993884,0.20293405283751695,3.901812259410596e-05,-365.81677692533401,28291.019642742685,0.55701538136727635,48.459395520493352
-0.19036392429308097,0.09894663186401445,0.20138800277387137,3.2366934105324322e-05,4086.0244167911751,25352.762903130879,9.4690583702675806,43.664612280327923
-0.1909099934984152,0.10539689822328163,0.19987783582946178,2.7956497290199913e-05,7742.8172903885807,21855.059871359463,16.194357794126667,37.15409438204378
-0.19108031410475973,0.11080841041745219,0.19864326329535056,2.6146420654405606e-05,10155.676831217737,18450.529895582702,19.193683947512419,30.839279854714093
-0.19011476794951707,-0.1152177374501293,0.19800029188476087,3.7299005107721026e-05,11371.445236571089,16212.340093109489,23.432902253933666,23.54583083877591
-0.19039630097804561,0.11609542710411706,0.1976888541363655,3.1385960125698129e-05,11892.090505790753,15240.59685681739,23.530577019490487,22.547832085914788
-0.18967025777588387,0.12201773244156307,0.19655006661806473,3.7340504558164772e-05,13391.622222088808,10487.738451086812,25.285627091574142,12.273315326249829
-0.18874446070765441,-0.12999996526044511,0.19489847254997406,2.2638671569348857e-05,13281.248169706239,2327.4151408479697,25.863112175307279,-0.50066131139304448
-0.18826717708983973,0.12999996747881057,0.19509444422178884,2.8225741244948486e-05,13465.104110075496,2520.7150416996951,25.921901181148655,0.77559814521004844
-0.18861480901867222,-0.12249338477059733,0.19686223461149366,4.059008964932948e-05,13315.568776237604,10969.157094597123,25.103536379824472,12.139182052031105
-0.18158455791088321,-0.12355528241065734,0.19935506709872586,4.0679824263834068e-05,12451.721591936846,14931.807620406558,22.795835578741919,18.366541717395105
-0.18161739844088998,-0.12999999838630183,0.19782482965802017,1.458676066965996e-05,14634.312093116276,6612.3283212856104,27.670971107268933,4.6062089214552273
-0.18082052775595045,0.12968802625739101,0.19821598393153467,2.339133306509016e-05,14670.330005851542,7513.3752399161667,28.724929392652946,7.3822754072141716
-0.18113130929771079,-0.10456174561181,0.20348214676268364,3.061405206561493e-05,-2210.656247017047,27541.337892017928,-6.9882923915347375,47.717919733197675
-0.18123879842227203,-0.098375319445492132,0.20457196715789441,2.7754898707170269e-05,-7100.3203663426939,28968.212880564854,-16.078264839422069,50.576258218102822
-0.18063408330742317,-0.091749185706843372,0.20585459727539238,3.074741927235074e-05,-13100.989546535113,29468.691958761407,-28.946607252857675,51.66565750585346
-0.18121640117655327,-0.084411028128250978,0.20678866220225184,3.679348445836682e-05,-17674.377027021634,30025.910663960261,-34.218617985293058,52.474141644349508
-0.18101110139384116,-0.076919861094231171,0.20783188796777596,3.343419865737689e-05,-23071.547103193516,29526.833469907117,-43.740749818527505,50.653898422082335
-0.18095238095238098,-0.06791336898418486,0.20886879907072214,2.7602762866826707e-05,-28403.285657190165,28614.025653990182,-51.611027061161295,48.034949519580728
-0.18132483999245372,-0.0588372503278684,0.20964883525145925,2.5906082777024011e-05,-32178.441996900463,27859.870009862716,-53.186437704836202,45.488203872151949
-0.18090353885639815,-0.049078988788496009,0.21048177151398653,2.226134828687315e-05,-36170.756516888912,25428.713629709757,-59.038881734748543,39.299565582175376
-0.18074761458739338,-0.038430394965723855,0.21107195694248465,2.6912034928969157e-05,-38484.822053420401,22935.772759358824,-63.262609548376908,36.440582531236757
-0.18128934427387225,-0.027813774721883951,0.21128733937885233,2.559269551102963e-05,-38542.75120408841,21194.726673949437,-60.438780587921002,34.599663544573211
-0.18124972529588704,-0.017472284402056067,0.21139895291382521,3.1511628466951457e-05,-38573.81390093379,18757.597983905005,-62.597310698222174,31.316392255899547
-0.18128410766963104,-0.0053818668765101378,0.21140438717788043,2.5785012422316456e-05,-38288.549562980777,17177.818270071271,-62.692511084130224,27.691944698513957
-0.1816417170431327,0.0051268876901266261,0.21135144381493012,2.4609030777864013e-05,-37833.172393846035,17779.222017143446,-60.385726237866272,29.949671937053093
-0.18125892614022551,0.016098584745869594,0.21140650367847996,2.6053676718088866e-05,-38656.17925079658,18629.944533326812,-60.565501036006367,31.738010242991269
-0.18102548214401862,0.027470478282167463,0.211344084532683,2.8962477573924957e-05,-39053.650206712206,20692.213445152185,-62.126055894365209,34.35731805028307
-0.18041247988453241,0.038033782399857947,0.21114124101905396,2.9185379245140126e-05,-39260.950542886676,22450.119617211865,-62.862303716438419,39.043691287509894
-0.17958492083359048,0.049363869963579381,0.21073617181818677,3.2942570122589001e-05,-38285.709642587812,23911.975508292875,-61.240383313527516,39.732914684172037
-0.18083736698918257,0.058494926669139843,0.20979971993068161,3.1293083204669141e-05,-33149.998650893373,27466.648337991846,-56.097777779752136,45.46657816094681
-0.18016451108164694,0.068439670777884931,0.20900723540563301,2.4540001471167178e-05,-29379.910235329698,28134.712623724266,-52.522432768755472,47.295376015702168
-0.18115756583161594,0.078132719485714777,0.20762788493422685,2.9163879677989447e-05,-21942.697550578694,30017.811501274802,-40.904551308458011,52.075525382093694
-0.18043973837313532,0.084977986465346461,0.20693558976496598,3.5369511536428511e-05,-18121.074596865987,29977.389321586557,-35.678724785051934,52.310183933395635
-0.18052997876526433,0.092600873520319385,0.20576010325513769,4.4906873694259688e-05,-12316.508685280727,29780.665725062601,-25.92930187778596,51.905141701146768
-0.18185838101039373,0.099699830830807828,0.2041291129415809,3.2773611424852337e-05,-5155.4464274352385,28698.682632318312,-13.692547400821182,50.66158408910902
-0.18141354410587485,0.10508839129890525,0.20328437064212398,3.2048879146865071e-05,-1219.8227758642788,27649.261613044921,-1.3737845614525774,47.401278211374006
-0.17997507982384239,-0.1105980018577112,0.20273553785588008,4.5335183858237858e-05,1885.2953527290588,25695.69476606245,2.9144478149636641,43.082739175952547
-0.18148203107843741,0.11089437263430267,0.20214164090127268,2.8959188445923259e-05,3588.5246304704315,25164.501345000986,7.2441748305323062,40.445737792465493
-0.18058553910582478,-0.11642147906483784,0.20131672859497671,3.0542613552629662e-05,7126.1019380291746,21966.919053687707,13.034410395993779,34.852755644545084
-0.17906362903176382,0.12380949394522756,0.20028440532332301,4.8489452004530297e-05,12092.248392975627,16121.755797055617,22.516225866064424,21.386080556970565
-0.17566652949124756,0.11879575157599705,0.2026101529133566,2.6472245942005107e-05,6569.2989793767765,22529.578089472205,11.55525022537288,34.459383404114412
-0.17481779599130209,-0.12371701126118191,0.20187196958243164,3.6105414861975828e-05,10494.378336770958,18550.642203033301,20.9628681096729,23.625725532289106
-0.17187185111464434,-0.12973853634836396,0.20166850088029856,1.8065378702877018e-05,14020.432300612571,12237.354369695993,25.951791995740958,15.683851246017674
-0.17260433922645801,0.12999999999999304,0.20134597844648211,2.3040459734907712e-05,14381.489968205628,11522.883365566897,27.129277182041864,13.866915878867699
-0.17151960195101323,-0.10176917751255386,0.20709726055809013,3.4278555987886596e-05,-14662.642496885966,27330.692551934528,-33.964405967800644,47.497565671483187
-0.17108470401059281,-0.094974691030438721,0.20824918032658329,2.4242751966780035e-05,-21790.326881258738,26030.34804929472,-42.860910665490465,45.97779386812995
-0.17100281140840923,-0.089348588236976847,0.20902982904245676,2.3367455529345441e-05,-26568.194892842359,24282.967160077726,-56.436406389154698,40.566850572617547
-0.17073230336503284,-0.080410081123779051,0.21015699187291628,3.2671844101506451e-05,-33712.747912107036,20902.522374294065,-67.556954432901236,35.405059251673563
-0.1715493768123966,-0.072707797501111227,0.21074633964904191,3.3577103490446594e-05,-37698.453305775096,19249.836440960866,-75.347472584932106,30.821740744584208
-0.17192609787248594,-0.066205102454521395,0.2112259040542237,3.048053954088632e-05,-40953.692021492789,17365.350148952904,-75.606834483543309,29.843414796330627
-0.17245990347180254,-0.056184569888711719,0.21181359659607824,2.9774864324819995e-05,-44263.0197967036,14404.479512425376,-81.850965013103917,21.186232832500124
-0.17287168664579824,-0.04684635684151546,0.21219405742034256,3.0785451951494659e-05,-46209.498522701782,11684.135081769249,-84.281488957243923,16.437364685080325
-0.1712285784083391,-0.035078940767559408,0.21282077143416769,2.3985598428606892e-05,-48090.062273235002,3746.9308216454333,-85.536271605087322,1.4172136402631998
-0.17172491435161841,-0.024181261617312634,0.21281960690881788,2.5906284966570769e-05,-47612.622381817484,957.92224528823658,-86.193129290289221,0.56595351763188151
-0.1710100727717338,-0.013586586251762586,0.21292543779586989,2.6401588840161865e-05,-46956.060155388914,-3553.6340720036592,-88.980497734564679,-8.2163136679943101
-0.17216543213438906,-0.0024476207143135967,0.21275438911927583,2.8037079749052054e-05,-46141.156901529124,-2318.4200239070042,-85.969815963773456,-5.1982061122824934
-0.17198339741594043,0.0082571463458773961,0.21278133900057788,2.6733864343401272e-05,-46483.900181516176,-2111.3476500116767,-86.808880139820076,-4.4527828402815954
-0.17177010671264392,0.017889524584628766,0.21281291626883567,3.1261242186398815e-05,-47132.600353507471,-869.09416711561153,-84.711933635964684,-2.6736422903762476
-0.1711582015830182,0.030500011621774323,0.21288235232252944,2.7531202603851245e-05,-48167.474704088512,1982.2392424719483,-86.94077557954725,-2.8674955086862077
-0.17072944296028034,0.040467451141659311,0.212825349073967,2.3921829139808403e-05,-48561.434330978656,4977.0287709490212,-84.588599410641635,6.66272626309273
-0.17324601692357602,0.050348811648712341,0.2119881661314002,3.2285609454997442e-05,-45311.021384954285,13710.893143103145,-79.817648769448269,19.627814887278362
-0.17201392718235856,0.059957314443542895,0.21168571386685781,2.9611248138979441e-05,-43404.679690467528,15290.741546001245,-81.82745342120694,21.73998276861083
-0.17097733862549774,0.070267559420646275,0.21110778494141216,3.3323495277534309e-05,-39473.309271526654,17577.332056625899,-76.602587859608505,26.278687395084319
-0.17077600563675924,0.077400225222608796,0.21044485539951271,4.7112741840802518e-05,-35445.784039530488,20380.283604797452,-72.397887100697659,34.228144892123815
-0.1713495432581518,0.08506787582489661,0.20947208142237217,3.6060027793385639e-05,-29396.7346012089,23620.953414590527,-60.909275809034995,40.251043981380839
-0.17208714895732863,0.092769153393104251,0.2082577720123143,3.9351237277963712e-05,-22278.233669577741,26246.624889435891,-48.005918005611001,43.918540990444207
-0.17061892820979663,0.097883589768452378,0.20795701532015737,2.9009077287872597e-05,-19475.143275468563,26695.542911018685,-37.283156816584352,47.370512876720838
-0.1723706680604542,0.1232849505392184,0.20286437626665965,3.6227948434054658e-05,9259.7262078153581,20080.73343749937,18.767984739906538,26.310297249857612
-0.17150212089342184,0.109008286113041,0.20590413490114151,3.0505006045317022e-05,-7007.0519417137975,27485.576714503582,-16.141445947157365,45.798621148219134
-0.16831460772349427,-0.1181230857875379,0.2052929974537486,3.3308948299217851e-05,793.63317302340033,25132.911965592313,2.8685028706454112,39.882325238991363
-0.16885551245228014,0.11886640426223533,0.20496797761417243,3.1511005800396578e-05,2305.2896276493998,24588.012071337474,3.5373625334136172,38.918227023741984
-0.16802004489889411,-0.11127244532803275,0.20664350407389381,3.165194180198823e-05,-7667.8738040143098,26943.664923373759,-15.704689135718482,45.075954902769872
-0.16771002413032898,-0.12393465742820942,0.20439451287397264,4.2964513648510143e-05,7415.3512076189909,21166.519361930594,16.080509291703748,27.947594104791811
-0.16552487513387212,0.11083111163805338,0.20749758078333813,3.0234997986530698e-05,-10132.87656956301,26794.152388113944,-20.255283657315054,46.344637676780508
-0.16288857506271795,-0.11107915784573441,0.20828668919566146,3.4649575186766793e-05,-12310.308463462765,26253.43522261834,-21.834031397075012,46.401701479359694
-0.16277476436528615,-0.13,0.20495031609873202,2.3811978433112024e-05,11823.799994486133,15621.867166872004,21.108340017296999,21.072697527666097
-0.16315847554230076,0.12987404073818706,0.20483652151084569,1.5095962665255742e-05,12072.38595458288,15618.843170968932,23.535845232760856,20.464290064513253
-0.16283849602816644,0.12430084037078161,0.20600096741184024,3.0124213981643976e-05,5416.1450458722165,22090.473364224563,11.867491645990484,30.10377693772811
-0.16217307264975661,-0.091601860123452353,0.21116402395329384,3.128032565824077e-05,-32861.474357137675,16889.55384554237,-68.695000435722022,29.225397905002644
-0.16124609995203115,-0.086427476045015675,0.21194226377591802,2.5680595253553528e-05,-37358.021586697607,12427.406870928546,-78.325730308550632,19.765088168769168
-0.16166467328964668,-0.079448858631380584,0.21251934340111364,3.3799708241016553e-05,-41623.272214329809,8496.006585768233,-84.427493779223383,14.362787072349171
-0.16190476190476191,-0.07097703511324889,0.21313203387291338,3.8394871177253768e-05,-45170.573117787164,3583.7272621965758,-90.226665825826672,1.5793506333566176
-0.16256871807485154,-0.06133823199367841,0.21357468699315518,3.7768398109975895e-05,-47983.899187072253,-1124.8848386006123,-91.827155432950491,-8.5801789657388934
-0.16255340663056755,-0.053932788547413402,0.2138661058116153,3.1763876821930398e-05,-49296.997188801462,-5330.5874013898238,-93.341412361982748,-14.734671281630224
-0.16280749999421246,-0.043490554575176692,0.21405902196588464,3.0303115637172751e-05,-49454.443372292502,-10327.5574641528,-92.53522534164145,-23.976665778628789
-0.1615585003785853,-0.032786546147601736,0.21432472446098655,2.5278825355262211e-05,-47780.751502730818,-18258.688854307089,-89.771910854040627,-35.992876275695721
-0.162128224445446,-0.022042704276224304,0.21424037793573197,2.8733472686497644e-05,-46128.808111506325,-21175.558541248651,-90.153795281426952,-43.480181398002273
-0.1615629461150894,-0.010948089975097362,0.21432406627845904,2.5784909538768011e-05,-43763.822435641945,-25380.555682764745,-84.980764840142157,-52.313444644834689
-0.16205548501588946,-0.000240800986105719,0.21425114686491889,2.7376898865198395e-05,-43811.647977857923,-25240.786740313844,-88.154859293743911,-50.132913128945027
-0.16212293735116981,0.01074054519282598,0.21424116067961946,3.000854242823089e-05,-44519.317988978073,-24402.213082440576,-88.256010375993455,-45.891357465166706
-0.16197741004287178,0.021893768158176386,0.21426270571079961,2.9698093250791894e-05,-46064.561452209629,-21478.297700861607,-91.221608074708556,-44.981545629097454
-0.16191451415293742,0.032843782619415202,0.2142713522150651,2.5819186256426723e-05,-47882.776122427174,-17359.219367348815,-90.904066318281963,-38.71078057624878
-0.16174263997949723,0.043269144989967354,0.21424458542285055,2.7457314570366342e-05,-49204.735760677766,-12620.758979404434,-91.444761039892882,-30.136196970311794
-0.1624081516406134,0.052482986639052147,0.21394679029736552,3.0536621509337356e-05,-49441.118997837839,-6303.686312367191,-92.02494650191727,-17.343098733815875
-0.16049574181877205,0.062793001649087007,0.21390636359526471,3.3930801833849055e-05,-48104.365957221897,-4033.0530535130447,-91.319816271158814,-11.793927282745715
-0.16146400507506822,0.071214868449013188,0.21320704135028462,2.7261457955252437e-05,-45451.341131695641,3124.4943069362535,-89.901907489885588,2.3132554949431063
-0.16271562091618744,0.078430139677473878,0.21235219541271139,4.2192938614798249e-05,-41388.570248574739,9807.1491020918656,-83.594033738141619,14.21950047627241
-0.16196836471349077,0.086097429710635304,0.21179575716827423,3.2984769607047424e-05,-37178.31096430761,13516.728845503798,-76.724961274151596,22.884374179411004
-0.16200631595955642,0.0925186040121935,0.2111067897890401,3.0701379054408307e-05,-32255.562311040183,17509.906474341315,-67.846749951473853,29.030059489584588
-0.16175098933334109,-0.099681391906020198,0.21027698465727493,4.2586050120543399e-05,-26048.127859996453,21092.133831395706,-54.742139366196952,36.043810297792746
-0.16177610502143294,0.098155647837416538,0.2104739773113469,3.7614292365563762e-05,-27517.760963097684,20581.726891321556,-56.697348491814317,35.200606691002143
-0.16011402718876577,-0.11752834540370204,0.2081123336071132,4.3299721272453181e-05,-5984.8174148179223,25466.550400136835,-11.24729047232157,41.056801991111321
-0.16225197668279942,0.11755642964862552,0.20742567708555568,4.6423021448040561e-05,-4109.3927541163685,25739.609948482976,-6.0314036086598968,40.998125739869245
-0.16034044367152328,0.11124197663299437,0.2090634070357888,3.5310438344404684e-05,-14070.351042019429,25353.044538410704,-28.450904062073398,43.215307577346728
-0.15769919161730026,-0.12387001942748027,0.20783190170951302,3.7052604030219299e-05,1846.1948983934258,23279.716738172287,8.3470608008335851,31.305358715482217
-0.15646720032771419,-0.10467284195658287,0.21110272617782652,2.8879550876450253e-05,-25273.014553020301,20218.03949479583,-50.064431996551988,35.870468229746081
-0.1576675530274895,0.10481109120537291,0.21075614132916926,4.1549082118982111e-05,-24021.563842297466,21561.43336293794,-49.179495192946618,39.698799794551306
-0.15670276929240981,-0.11078816852488445,0.21022271430234626,3.8652688054694968e-05,-17781.593250288872,23737.006627925883,-31.582738835813796,41.890602739313223
-0.15284594346431682,-0.11753030381867981,0.21038786034407886,3.076947489680423e-05,-11256.842743038947,24404.009266806745,-15.620460984704383,41.167514037689514
-0.15147476468225274,0.11746380605194483,0.21079853946744245,3.0530567403472278e-05,-12307.708651967441,24073.03434602495,-17.954443232500289,39.755706274759085
-0.15279812145319743,0.12304502703880237,0.20951207434334404,2.9475045528697411e-05,-2508.8207504795987,23905.967675566793,1.9009967129692895,33.890766580322897
-0.15305695794305799,-0.08761298822533696,0.21384134438484947,2.4113741294433529e-05,-40800.90918264541,2648.7396637281727,-83.700617580970061,3.4993420957360084
-0.15269466713080743,-0.082008247580787993,0.21436388296907016,3.2432056217621619e-05,-43358.392123910016,-3033.4684631792475,-88.655604838675359,-7.7995421693237352
-0.15153045285602862,-0.075399654807217151,0.21504141209318764,3.5217926632516227e-05,-45378.516383060924,-10823.859172508877,-92.177219232494707,-19.897929235120031
-0.15217537266187878,-0.067770714893767708,0.2152820201663547,3.0320497609732446e-05,-46220.782497737164,-15836.69834297437,-91.224951020753664,-33.162036614441959
-0.15296338682502589,-0.060832485396843612,0.2153934281913894,3.084890055351006e-05,-46686.154889915233,-19538.617683385579,-90.997360182599053,-38.729834377476173
-0.15220420168570284,-0.050262420567131157,0.21567972169678476,3.1894832249803121e-05,-44587.337903496649,-27883.505911223023,-86.679384689622751,-56.175194384168485
-0.15042757074209478,-0.040378701034317066,0.21597263665620856,3.56239911390551e-05,-39900.835461407987,-36534.328069695322,-80.082578367696627,-75.266681169431791
-0.15159895706476464,-0.03076483091164138,0.21579921521977116,2.5415859749673113e-05,-37939.180442469842,-39072.884642183977,-77.016774966650658,-77.524323637595216
-0.15149733653694683,-0.018657582160603772,0.21581425993863515,3.0127257766068982e-05,-33844.116463377555,-43302.328059166233,-70.82234059975346,-86.439586541575906
-0.15217761705197227,-0.0087927545316154529,0.21571354574912063,2.4084231518383293e-05,-32794.13769419946,-44185.878963640585,-69.445755639261336,-90.141598425287029
-0.15173432669412257,0.0035546529908731714,0.21577917401293878,3.5739470085975725e-05,-31789.233657165456,-45289.681299441931,-68.662212392765369,-92.853390694301197
-0.15207372032297695,0.014570327052719692,0.21572892745508288,2.7833482659581816e-05,-33698.99945318864,-43349.895355202818,-69.605698951531309,-86.540941377311015
-0.1532734748550113,0.024411244201890663,0.21555130616115872,2.8744546659890496e-05,-38002.283100988803,-38292.236606566978,-77.173859988597243,-77.160649513862808
-0.15228792670910418,0.035136968057148978,0.2156972146217867,2.8183277107633282e-05,-40312.143050486549,-35995.971329490967,-79.275965746610225,-71.036827453498759
-0.15217349727891655,0.043978982854041816,0.21571415567340202,2.8025765843540552e-05,-42971.743472473419,-31446.242778840282,-82.711928935323556,-64.552957409608297
-0.15142974928782982,0.056640563568469415,0.21571781250804023,3.4964571247669582e-05,-45616.326613554498,-24974.902802374159,-91.952722938806431,-51.638832836078883
-0.15282517944220234,0.064311787100557988,0.21528624089562984,4.8265820782483049e-05,-46849.800478901794,-17000.831585929674,-92.58903671776514,-36.028729249615601
-0.15318851372101994,0.071605874005909009,0.21491882947649918,2.5601423940527351e-05,-46287.709086732866,-10854.293982803389,-93.885848455953209,-21.743180035058735
-0.15176325469577573,0.079954484588036487,0.21472413472370883,3.1642378913918064e-05,-44497.93932421787,-6115.2276912900306,-92.331862807649784,-9.215075064062269
-0.15303203941517954,0.085700948726526324,0.21400679467890879,2.4912608586067491e-05,-41938.49163425286,1051.0191274888966,-87.876743533865806,0.98018900464759395
-0.1516733878729683,0.090847821000275636,0.21389683605175644,2.9302451574011787e-05,-39421.76777114041,3743.2836708383529,-79.890684752064658,2.9290839107409083
-0.15229242496830367,-0.092932165785197668,0.21353661022675566,3.78074475808653e-05,-38004.988407768753,6518.6182627689986,-76.629283370767055,11.30126494983284
-0.15182165072241399,-0.12973277117531318,0.20873086926912676,2.5344024367923505e-05,7080.8784483472691,18833.248195010074,13.635568500087084,26.943342097509479
-0.15168747376678082,0.12981845923313673,0.20867275270797264,1.5111418226903426e-05,7476.8967394611855,18817.054370077447,16.738882075593796,25.285676707308138
-0.15095835118333045,0.11113004395439388,0.21180894111187359,3.1554855153995525e-05,-21745.580106812246,21135.651619072567,-36.285702326706947,37.703470044046973
-0.14968714325331234,-0.10509976607488344,0.21293445068031136,3.7582395355483398e-05,-29774.50651673408,15383.778193941875,-54.989014076995204,30.99918745641191
-0.15038859088207007,0.1048730085081165,0.21277282179773216,3.9547728813191071e-05,-29263.17323951461,15805.818519541555,-58.502818314291389,28.773197779436693
-0.14897898783766092,-0.098128113457824601,0.21381710344869906,3.1936040051559217e-05,-35841.117632200032,7808.5466150338216,-74.016494125032011,12.703777305577988
-0.14690136591468067,-0.11152129490418139,0.21291065110941781,3.031644880482073e-05,-24107.287464854653,18908.299344752486,-39.434473623248955,34.575569088476286
-0.147488805915725,0.098802720095131052,0.21415215815147273,3.7634593626242332e-05,-36208.398002184353,7019.215348256751,-72.376061964195969,14.007837888858674
-0.14700040643688614,-0.12380952380952381,0.21120785642641574,3.5963040916726693e-05,-5046.3990634428474,23297.846506213398,-1.666930926992386,32.550392364358025
-0.14262643601068498,-0.099441913053417652,0.21528696975717607,2.808344108082087e-05,-37550.300369166551,2319.8788269382849,-72.96915181387709,5.9355922963672558
-0.14196262622557976,-0.080329978640333713,0.21669485763536672,2.9874665614248278e-05,-42059.067811775261,-20644.82349002748,-86.331963351431568,-41.765811509650156
-0.14203556811016696,-0.073784314230107076,0.2169315361914575,3.4869614480582338e-05,-41356.450910777283,-27199.250892506745,-85.715087509054143,-53.500347329306479
-0.14272743152397521,-0.066074310824973184,0.21701812921010979,3.9324571157403333e-05,-40142.483453581845,-32518.752337314094,-82.196076286526576,-68.687451214987192
-0.14265606291309549,-0.058741212658906854,0.21710082708679024,3.5000840409356558e-05,-37679.125486200966,-38256.358594872407,-77.545343730644348,-76.943656498907714
-0.14374566619643053,-0.049250288892143612,0.21695905709723726,2.5615962843016239e-05,-34661.396021550849,-42811.270080825998,-70.712652294774827,-86.672068838227105
-0.14364530951023635,-0.039920390859626377,0.21697673706472437,3.4074815359097689e-05,-30283.627931393352,-47753.592832535498,-66.499311478764568,-97.216886630600357
-0.14229370695238933,-0.028588375312214379,0.21717683915959948,3.5132533020689877e-05,-22440.083087659241,-53515.030872418371,-46.808379393638077,-110.81424804032331
-0.14350014728375185,-0.018721613536666525,0.21699822804626154,2.894476857180125e-05,-20784.114637318606,-54798.046138114827,-47.037425908062197,-112.74433183996672
-0.14344149957575433,-0.0078036009684470742,0.21700691072384437,3.3698485421349453e-05,-17853.472480897777,-56504.609487297879,-40.360895852441352,-116.52293283015317
-0.14237532091954555,0.0037322329977314125,0.21716475637261137,3.323148627795644e-05,-15386.85569875281,-57992.17768764116,-36.663886817312772,-118.38744924123552
-0.14275277296285324,0.014918880467080438,0.21710887534150333,3.3437756120202872e-05,-18413.042993809144,-56488.130232546981,-43.877528592097292,-116.58257558335751
-0.1434343698322966,0.026456765891106081,0.21700796626831159,3.1513570413968875e-05,-23402.255769772317,-52864.512735984528,-49.662545285476511,-106.52345502926116
-0.14166301778022369,0.036971162695091771,0.217270211448541,3.2343450024666124e-05,-25706.271495421661,-51574.312605925785,-58.254305409397105,-105.78770141002451
-0.14232197821313222,0.047334045022025852,0.21717259281125159,2.582941482462594e-05,-32015.664001090194,-45753.400797626819,-66.492948643729434,-95.00268718953869
-0.14282116468264008,0.056396728539242165,0.21709498309343478,3.0974898943685792e-05,-36991.831586680004,-39718.746124749654,-76.042227211283361,-79.305064389846635
-0.14101744127017779,0.064135262058702833,0.21730253637603097,3.9877811234594966e-05,-38034.973072872337,-36725.372856941482,-77.702325994338239,-74.383566110034636
-0.14312212631563254,0.070668534796387142,0.21683624925403203,3.2909335097072567e-05,-41672.011415997949,-28149.699679681373,-84.119636843811193,-58.40827272118193
-0.14318978300713095,0.078069106931878143,0.2165565449424432,3.5712694071633527e-05,-42699.242538493862,-21358.424725704768,-87.065222621971174,-39.904757639090924
-0.14182560650279633,0.084766406234238312,0.21651222831320924,2.7606887976100801e-05,-42099.256754650916,-16131.847617522615,-85.0423567082033,-30.637865749885258
-0.14101900191067104,-0.091130084652633364,0.21628848863118047,3.0150881116922115e-05,-40938.715725721959,-9719.2170571274255,-82.697740840791511,-19.614789247930819
-0.14215761821692433,0.11296293707625314,0.21400603666095536,3.2439397692093963e-05,-25003.736989253026,17288.289051655524,-44.565470911412142,31.031476102292022
-0.1430059152475241,-0.11766181457559022,0.21320188428113035,3.1990498403715357e-05,-17845.465683197006,21270.556340365754,-23.878126401162788,35.397604298849437
-0.14194417972276743,0.11807148644353978,0.21344795639087008,2.1901237845029302e-05,-17766.558766345079,21277.579988569112,-21.911181702345782,34.47906491527484
-0.14029590096552375,-0.10472781336539755,0.21532638930435763,3.9556703662056383e-05,-34693.150043365808,6793.5581743693565,-65.289532481732536,14.485536424075963
-0.14207828521386145,0.10561261404449375,0.21481535121770079,2.9665070795076461e-05,-33232.43429023715,9461.7443572155062,-59.718804203529068,19.427307553604354
-0.14108620317810797,0.12273015131472026,0.21306221919621474,3.2218421813627473e-05,-10344.455232288377,22654.075139304656,-9.3288654189648348,33.516697905682882
-0.14007778786313563,0.099611246000376602,0.21586963524939229,3.686940884900801e-05,-38205.958702077216,153.17110075306434,-73.306043587697985,2.0813973910029011
-0.13990165561475101,-0.12962367411957024,0.21247928473566521,2.0028042512734729e-05,1379.8335323073629,20676.393504937882,7.4797939126079545,28.501538964498213
-0.13982565334104052,0.12952400731845606,0.21251370603933828,2.5751379560639481e-05,1287.9238631052817,20761.862848481102,6.68364231942817,28.701577817737594
-0.13749833656585111,0.092969828434123145,0.21694108835300002,3.7012549064720533e-05,-40815.30972863725,-11590.242140640994,-81.705092321499222,-17.188989040748108
-0.02493491291013384,0.12331874436542718,0.23223886101693861,8.201594503325068e-06,-32525.269599937168,-4629.2806256216445,-23.001905182607075,1.2163398663352756
-0.1370330532916364,-0.1108085647022511,0.21554508047962853,3.2334730305062029e-05,-30286.980294026591,11716.225607790646,-53.73381077346491,21.613412657905926
-0.13648941937382833,-0.098933633026495799,0.21672571281847341,3.2131655059898327e-05,-38986.786901720763,-4749.150202227429,-75.191449547660937,-6.0821817502091795
-0.13493739201666977,-0.092228660112892755,0.21750067940951706,3.5046050039232757e-05,-40189.21897705712,-15741.763407758195,-80.543924344111815,-27.487876793935676
-0.13538726922663147,-0.123800047239408,0.21454808826693886,3.7297105775128631e-05,-11680.421392269225,21826.481431136021,-10.175833706027456,31.419311924949202
-0.1328458604910277,-0.076348386661110393,0.21847704150879232,2.864764832605641e-05,-34798.283660645116,-36841.933737378669,-71.673939685375316,-74.217568853662812
-0.13276361427833008,-0.07060599734458424,0.21854389358974133,3.0303086403657769e-05,-31595.851197552009,-42180.283357917404,-65.445785666588861,-86.6164828992856
-0.13300370965550212,-0.064146625787957962,0.21855030197628997,3.3650273798434166e-05,-28101.305797486802,-47044.040976816286,-58.91483057485425,-95.191817110494554
-0.13317605944358724,-0.056634563119115716,0.21852668890370652,3.1857858947063009e-05,-23535.37178823911,-51518.287529346817,-48.737781288010467,-107.13370234077146
-0.13246749410270214,-0.045838675977783037,0.21863159060594425,3.3343887070706132e-05,-14753.043118599811,-57043.32088035874,-29.183684052341039,-119.64951436486537
-0.13336727856472388,-0.03679882259320872,0.21849837928968763,2.811838012260292e-05,-10522.144575043765,-59478.48365401959,-23.898322083436085,-123.91498095539968
-0.13338622755508359,-0.025185868497424397,0.21849557392901059,2.9839295217697182e-05,-3983.9192929445303,-61901.419958642058,-9.353226541187162,-129.66205714491642
-0.13356311668131307,-0.015011746753801531,0.21846938584249531,2.3031149763274119e-05,-98.318727405553403,-63224.335675076007,-3.8678304622018014,-130.94324691403162
-0.13351152869894475,-0.0051862717753915809,0.21847702334161245,2.2302650910419901e-05,1738.8989559217318,-63847.389164590779,0.62610417955794673,-140.17407623441233
-0.13330131182461358,0.0061006935215955817,0.21850814553554998,2.9639281623503396e-05,2286.6585327372427,-64205.245907686214,-3.2875699378447094,-137.01847505548031
-0.13317287362672611,0.017853554514026017,0.21852716055761404,2.4645932531562294e-05,-158.01263083440736,-62776.985109936148,-1.6871347119324789,-128.03755020961859
-0.1328114846846809,0.028583451953608913,0.21858066347823824,2.852291695083768e-05,-4790.7311924647147,-61575.953838040587,-13.360320163431757,-131.70016718836462
-0.13341810799877063,0.038633974954083099,0.21849085409215452,2.5097687580469541e-05,-11844.85336098564,-58874.124592998844,-26.675263283359325,-122.22398304547727
-0.13375543890414013,0.048747354776679942,0.2184409059512073,3.3306466177465821e-05,-19232.839834580318,-55113.447042932254,-43.171704320391683,-114.66182752809745
-0.13357846767453846,0.056897752147040938,0.21846708107088147,4.0516795372298978e-05,-24391.08321745017,-51065.309360386287,-51.697910922293929,-105.48302921508727
-0.13376764527730736,0.064892505626677158,0.21843271770403289,3.8789823017151877e-05,-29779.370975715938,-45724.246418634124,-63.785766506448759,-92.424108735722314
-0.13333333333332989,0.072590305107704256,0.2184420095645743,3.3486035254489978e-05,-33597.48412310132,-39848.684786079692,-68.643976189975419,-80.194272050707383
-0.13361599828213222,0.079223773759181867,0.21829986562199413,3.2249416113550838e-05,-37054.439659345924,-33163.663760352465,-78.006681785694028,-63.414122199565512
-0.13328315264314258,-0.082714664214813244,0.21824341316424969,2.4945279754555299e-05,-38212.827710209705,-29682.10860738251,-82.825079852038314,-55.550472938961981
-0.13289527740859228,-0.10472819558859905,0.21709532592263653,4.1198257107533913e-05,-36822.367238511579,298.18393840709359,-69.676531075702698,3.8926736302789484
-0.13196521356101693,0.1049858807059659,0.21727726593681218,2.4741579312466734e-05,-36669.765417680319,-138.83498565549053,-66.860798230964079,1.5206421547828308
-0.1332780320915472,0.098449642486664046,0.21747611344382323,4.1911473313472019e-05,-39171.84217356929,-8547.4261951316657,-76.044500589865905,-16.043965299016708
-0.13180893208081781,0.1113250607050955,0.21683032625011373,4.0698859243502977e-05,-31878.071093574403,9025.4839310811385,-51.522904050182817,18.623974769577604
-0.13092530559996171,-0.11819957049817104,0.21633278509527387,3.1788605390927372e-05,-23690.561323466394,16885.349679261097,-29.155012630598687,28.690721569878338
-0.13033529977744479,0.11794132909170166,0.21651116483144303,3.4352373318307703e-05,-24204.081837930433,16444.357977318239,-32.820792219696237,27.752906135018854
-0.1309496213947495,0.092148140463475331,0.21829950243780813,3.8417725081687889e-05,-39098.188850984036,-20252.273532479358,-79.039369828979645,-38.140137784737327
-0.13024516609494946,-0.087758630642644594,0.21860889494995728,3.7994248549084081e-05,-37539.698618602153,-26900.717986576288,-74.549362912391871,-54.048335446491038
-0.12896262092311486,0.12380952380952381,0.21625230463022624,3.63432549186752e-05,-14757.964606439191,20827.292362334956,-12.407842987681182,28.607957961174478
-0.12854445067174683,-0.093046739275768467,0.21871794803617078,2.9962309590982213e-05,-38403.681427363212,-21542.686944024965,-77.034813794049683,-38.790135110406538
-0.12661142134101203,0.085734827456511467,0.21932404094240754,3.5250848648289652e-05,-34798.608516189764,-33287.816096175047,-74.378927279963719,-66.787747868574741
-0.12853330353200135,-0.09932146366500795,0.21842037416583446,2.7227005668248692e-05,-38649.860471478241,-12109.984629159939,-74.877529171669963,-22.230068666713425
-0.12633543349942505,-0.12956188530489024,0.21632039714352785,2.2251093235280534e-05,-4669.9039252088896,21413.253253913586,-1.6441376078628567,28.289774618044397
-0.12675378519260205,0.12986429444411832,0.21618078022009188,2.1142682154651161e-05,-3779.5535368563706,21382.445728946634,-0.39638403026660041,26.403657903988474
-0.12503453247433255,-0.11116144293111513,0.218364435078824,2.7962821879023518e-05,-33906.839010423653,4033.5968573511791,-55.441336999960477,10.578199425084032
-0.12356912839401156,-0.066706283733181104,0.21994897611171768,2.5233182066540284e-05,-16657.687336188847,-53534.339281855639,-34.755785996253159,-111.63915142661453
-0.12397053229811192,-0.060381324610968311,0.219889549054825,3.5143239136484627e-05,-12245.754270639271,-56838.145190034156,-27.386348045449218,-122.47633242604007
-0.12446716459331426,-0.052225370116711065,0.21981602362231101,3.3820826675712115e-05,-5868.9684277668512,-59728.335659131728,-13.573071532637544,-127.55916564889965
-0.12467011444046207,-0.045649827522143867,0.21978597729742572,3.5793788746734017e-05,-599.52742329980106,-61382.6697763716,-1.7524546196246,-128.44806975401329
-0.12514503754906295,-0.034591831940952882,0.21971566586720248,2.7723200326388912e-05,6500.3637006453646,-63307.280216504667,11.152060898935353,-135.3051306987887
-0.12400069697487937,-0.023705514128299566,0.21988508323387979,3.1290838935981476e-05,15005.997067121454,-64026.068363699327,27.678865182907867,-138.99552562727416
-0.12360638934477325,-0.013053170800510151,0.21994345970139337,3.5648973603340386e-05,20239.711199736295,-64033.633926161587,36.851739439104854,-138.93869173766547
-0.1247891318536061,-0.0017964344243514572,0.21976835700397596,2.5977183413756936e-05,19841.755218598217,-64008.063368321302,40.804082646867947,-135.11962241988408
-0.12377974063324299,0.0099203320951465335,0.2199177953847859,2.6335607787527383e-05,20654.419424616433,-63948.987984748994,39.336758244208433,-138.9244969877729
-0.1233351965065049,0.020973382454381323,0.21998360926661695,2.712059355358977e-05,17676.037982409925,-63734.071150148651,33.605854117265643,-139.04276315493775
-0.123970229360728,0.031238744504759525,0.21988959390410759,2.4834300595795759e-05,10860.576670441931,-63360.973812575248,22.227591341199485,-137.07658855910046
-0.12349134252773786,0.042153375539203029,0.21996049215591476,3.2530587024134843e-05,4050.2416717986534,-62555.683720209468,5.0183664236924415,-135.2132497670602
-0.12340189763841448,0.049182574148645297,0.21997373429549608,3.1555321343522231e-05,-1606.5333401436628,-61507.114843095813,-10.941962854161952,-133.95293409129954
-0.12441490161709952,0.059465247329270096,0.21982355236950493,2.9606427733438648e-05,-11939.087658830846,-57003.76906354948,-26.433787655513385,-120.57566381469952
-0.12384552446440932,0.066490320934657954,0.2199080438082289,3.3684167417062003e-05,-17208.637530264448,-53766.736106346252,-40.385415188965943,-112.20414657011047
-0.12416113790285609,0.073294528556881927,0.2198543578027943,3.4518912664736412e-05,-23247.413309625215,-48310.980653019484,-48.028187107269098,-100.57275988188869
-0.12435286154778301,-0.07718184147735159,0.21980474576640704,3.3095256595453314e-05,-26767.06587353666,-45037.665035112776,-59.310639170384711,-90.913626310635493
-0.12387637078271604,0.079630655641088094,0.21985997973131208,3.5617654276153358e-05,-28151.617331145615,-42919.076331130171,-60.379751499241628,-87.001723594067428
-0.12301142253086507,-0.083864037556280843,0.21995000961157377,3.5304366522956597e-05,-30441.388534849608,-39030.504043106012,-63.82432627389079,-78.102866853309507
-0.12231681866248593,-0.12338913336106934,0.21797286310666278,3.9828967154678202e-05,-18471.471672977459,19169.984700233665,-16.854467081249553,27.143606330918939
-0.12189208901170369,0.099707615829444082,0.21970559183019395,3.0308952492924277e-05,-37379.098507529554,-17429.100399101426,-69.889777831201329,-31.913493772428353
-0.12168810021828341,0.09346466559107354,0.2199948184763007,2.9521851911918624e-05,-35448.922961871969,-27505.984289305576,-69.666603784792699,-51.616687346316589
-0.12095230912357345,-0.10474318064459776,0.21967641484318712,3.0616525345616326e-05,-37298.590248496563,-9794.7184788711529,-68.282333285700815,-16.067919045703153
-0.12254876807380483,0.10493170804525753,0.21933474782002776,2.6666059513680712e-05,-37298.629454383641,-7896.8493056866946,-67.363080429787161,-12.76454415967771
-0.11938690410183386,0.086495585079554668,0.22050466768874524,4.6620976232952161e-05,-29349.316798011489,-38938.473389049279,-62.294207047888321,-77.842944316937945
-0.12044888358511958,0.11028054840307691,0.2194494800050979,3.8903874448474131e-05,-35227.507340063086,-47.18782517064674,-58.525632953541397,1.989698981861741
-0.11996483865351781,-0.093794835171768912,0.22029250243314821,2.8683773982681632e-05,-34711.405843673303,-28195.900618731583,-70.653497257998566,-56.350123927243303
-0.11815057040298418,-0.11795644413273181,0.21940038884471297,3.2012320358876455e-05,-28723.946069671685,11424.719432465688,-34.994883826626378,21.82657079792785
-0.11835570299684128,0.11726981453268465,0.21940633193141235,5.4728262315186318e-05,-29344.525920872991,10611.667480641532,-40.167111627803841,18.813397304497204
-0.1171986665032002,-0.081238902296280766,0.22088273442938014,4.1473156191347075e-05,-22543.580299968125,-46388.02948675798,-48.039759475356071,-98.655177477813808
-0.11672998878142767,-0.099774096526769801,0.22068389363979046,3.3860024448636642e-05,-35634.03549243469,-21573.339535579849,-68.164499748055135,-41.745646710654704
-0.11569852715219152,0.12380952380952381,0.21951792233956438,4.3733619472328221e-05,-19910.064610343899,18362.464958898909,-18.260620226811174,24.035130297715888
-0.11436718987449897,-0.065209914339526359,0.22131130497383497,2.7744666278642139e-05,-1661.1313287166506,-58641.804900012357,-4.7903346304181182,-126.21221332302643
-0.11405261689700216,-0.058161335811302221,0.22135787688317532,4.1711123592271651e-05,5677.3281297317035,-60920.476736480799,11.612793863085239,-136.33879902481937
-0.11525941029260858,-0.051197014218011171,0.22117921349937189,2.5440456341184737e-05,10810.986651920197,-62197.44017505282,18.304510563849075,-138.83888034868554
-0.11507040502895131,-0.041789988191679235,0.22120719535615418,2.6747624316182136e-05,19785.810588492579,-62373.897958236834,34.893990968472004,-136.08020988480726
-0.11482315196704197,-0.031265941967937576,0.22124380068466962,2.7991327632729036e-05,27325.51589921294,-61006.921434817341,62.66653411480717,-136.31482369867371
-0.11491617589148552,-0.019900519766032999,0.22123002867599253,2.3000043257962364e-05,33719.062623511723,-59937.137481270162,69.126663312033855,-131.98352986990403
-0.11464428305695863,-0.010342118616317481,0.22127028187428258,2.3101045526035251e-05,37364.388613039155,-58924.716803253134,76.922089262642245,-129.8480990370438
-0.11432506627720081,0.0012325883811523679,0.22131754128939543,3.2484316437165875e-05,38670.297844026813,-58812.772468721509,82.035302988635863,-137.88187532405365
-0.11344411877994999,0.012518451999282865,0.22144796383014265,2.5421940291293215e-05,38646.459185859996,-58179.143239907746,81.164545681737323,-130.59654086043341
-0.11440619195422166,0.023304377665246873,0.22130553079279952,2.704105690544331e-05,32837.721688507707,-60071.926067610308,70.439944803962561,-138.34963747390481
-0.11500199402949189,0.033185320681034712,0.22121732346979592,2.6983068997128841e-05,26222.154912896745,-61437.433843945168,52.84275201764757,-134.74056723343946
-0.11428571428571427,0.043203193047646485,0.2213233672741779,3.4978527253078386e-05,19592.225706848341,-61825.151444358045,42.432210006933524,-136.67312903372357
-0.11428571428571427,0.051884509755531549,0.2213233672741779,4.609061484484042e-05,11750.024551468456,-61983.10224058311,23.665631134378799,-137.02550415996714
-0.11464062623118268,0.059312418394775482,0.22127082326013164,3.8350322245687461e-05,3868.0956795403654,-60620.263751279592,6.7221485212331782,-133.64044068616633
-0.11486573893592424,0.066677204114714478,0.22123749576785942,3.4276144969475228e-05,-4138.7112864904202,-58063.843432681933,-11.689857778292033,-124.5138682319196
-0.11449235593204886,-0.086496473323820544,0.22126925028375627,2.9323130625182634e-05,-24844.489444078772,-42624.088313606277,-53.487735255719322,-85.857545630449408
-0.11347199103825294,-0.073764546981504489,0.22144383739723314,3.8346916033095794e-05,-9972.0779143738182,-54802.035647570527,-28.146649653281671,-116.4027786522546
-0.1141680357193704,0.072442054137082906,0.22134078935399759,2.6249892786982105e-05,-9196.3052654876938,-55187.543932099805,-21.388480660488693,-116.23089044397904
-0.11458203260895553,-0.11285341520126355,0.2204948113523878,3.0673176744039518e-05,-34167.88404903539,806.20968474816834,-55.181608033246285,2.6649469396949415
-0.11300225366520655,-0.12965065451844765,0.21968720882561407,2.1646337579791817e-05,-9268.2404581608571,21596.710804096514,-6.3161897243853371,24.484391483011805
-0.11269581073377191,0.12990592597398343,0.21973507036438727,2.3174549556917353e-05,-8712.5752062438041,21710.541990552239,-6.0776701301782596,23.051447620950515
-0.11127037188503879,0.087038290003293731,0.22176539585910135,3.989220809169507e-05,-22198.091013813351,-43854.515945078914,-44.832064770380754,-92.415794998005026
-0.11143380484938815,0.092670837971426417,0.22169566465216303,3.6393441950851277e-05,-28546.151972390184,-36789.192188171408,-60.745340045539628,-70.132634762854224
-0.10913259206199986,0.08045960729913515,0.22208627686333651,2.6305008898888858e-05,-12179.818341906781,-51590.134554822238,-25.685744093628291,-106.90516589697343
-0.11151982763532929,0.099199214385819259,0.22160572241575643,3.550881038352803e-05,-33799.387077727872,-26229.088454653673,-66.471165305005272,-49.167946804624677
-0.10874820122249702,-0.10332080463894902,0.22197899956687742,2.8972382256543401e-05,-34432.87566887217,-21062.711479927639,-64.124362175885338,-35.422139828071657
-0.10956168372177516,0.10520891676394833,0.22181453920256611,3.6086811608205236e-05,-35568.92531768218,-16652.086810637251,-63.20974257492405,-26.314612467366672
-0.10871035341929766,-0.12333375967363504,0.22109798360006369,4.282883901101653e-05,-22837.310414588326,16221.898357473172,-21.461722963242611,20.906280334291708
-0.11047194529964495,-0.080085132422389196,0.22188798825617562,3.8125185375197802e-05,-13806.487763499785,-51228.422340689547,-31.268149049735989,-111.66693567882302
-0.1077037582578594,0.074334491266256186,0.2222978128920137,3.3378582358956812e-05,-2962.7904897910407,-56529.84678153132,-10.959335566845866,-121.51586550330309
-0.1081038013489965,-0.092505244601833056,0.22221237473112554,3.3969983204605838e-05,-25648.158675188835,-38875.035026359059,-52.6608980759909,-79.213532501773486
-0.10588368686330797,0.11168967256479491,0.22222617011087428,4.4661266579782227e-05,-34809.356282783054,-5981.6452938198518,-56.701211676710884,-11.879319238978479
-0.10516815665863057,-0.060033017173211307,0.22267320371147367,2.1953511600193448e-05,17728.946390464556,-60360.902290855374,35.222067467505596,-134.44287365602821
-0.10421913912423109,-0.053999468540894956,0.22281370388706451,3.1256667828383265e-05,25731.315014387459,-59475.283903683856,57.014531437210856,-132.60877823639191
-0.10568514857586418,-0.048281568587033447,0.2225966640770439,2.5392103510072004e-05,29123.030501272315,-59219.393057321271,63.734827086075505,-133.27846238046746
-0.10450017880376197,-0.037614941787009616,0.22277209651639876,2.8779762512170948e-05,39608.87296611676,-56101.056605307669,86.294151803398194,-128.36624823316555
-0.10530773816819874,-0.02857242389928984,0.22265253894407719,2.6811799955076035e-05,44369.816989517509,-53953.024870436035,96.298162197684192,-121.59180486908308
-0.1049017309225489,-0.018376293640923927,0.22271264751661379,3.2430499074198871e-05,49634.150315333085,-51268.946271694716,109.44839594520232,-121.77784753911868
-0.10514297906910908,-0.0068681770562275301,0.22267693120398094,2.8739061734024224e-05,52292.681735556245,-49821.333518158317,116.83965645779014,-120.50836916175477
-0.10419551081463359,0.0044598608228882137,0.22281720201173244,2.3367002589506048e-05,54063.135617456683,-48159.159111726971,116.68527148322941,-112.96424327173553
-0.10448736803465747,0.015250088601077062,0.22277399312551652,2.5721608889200226e-05,51477.409588190239,-50159.951103251333,112.69192687545439,-119.96508362620605
-0.10496917179421818,0.026119799033236066,0.22270266302847944,2.745424753615026e-05,46134.992014804047,-52864.969579365519,103.42855372336848,-118.74234027598781
-0.10592375820654763,0.035841780320383806,0.22256133839148648,3.1008713881770516e-05,38518.322636080724,-56483.770090926286,90.14627555023506,-127.17366114108269
-0.10336312127981521,0.045806484690769457,0.22294043564184235,2.2777990895808137e-05,34690.282448805818,-57958.044572634608,73.866453796522691,-132.23525561003524
-0.1044297280414304,0.052841588616434114,0.22278252661291362,3.127642262652517e-05,26458.026937652885,-59494.754812098494,60.409550446687099,-132.56549553547086
-0.10430920184646326,0.060984800095962979,0.22280037027853872,3.3904235143166683e-05,17950.171006232842,-60068.656066171738,37.604073493540312,-134.18765123578359
-0.10438665467514685,-0.065976192070965334,0.2227889035399005,2.7664959343046238e-05,12026.296237295346,-59652.630500555635,22.178197750608309,-131.95580178377952
-0.10550511961748385,-0.098812150133890539,0.22256555055313801,2.8142367819917525e-05,-29848.902701784937,-30977.266654152103,-58.436350204966203,-62.038981833026263
-0.10492923422228866,-0.11761197094319309,0.22217869496931109,4.2683644707576487e-05,-31492.693920162492,5684.9519788295092,-40.461182997040936,10.787454826393994
-0.10535565842540866,0.11738543739545092,0.22209781700618872,3.6003044289190724e-05,-31779.879549444813,5458.3198236385952,-39.112226662906529,12.448442567574007
-0.10459044349462876,0.068013863872325137,0.22275873300681465,3.69568377628256e-05,8989.40977595191,-59494.579397549511,13.706552096010515,-133.19336573909405
-0.10373027973887122,-0.087399325664602859,0.22288419986801056,3.1229888163598225e-05,-15706.454089172921,-47608.753089129255,-36.777780140259516,-100.67403740013785
-0.10208657181334709,-0.074010087669493907,0.22312942627445764,3.3185195438744169e-05,4475.3736533812171,-57480.022247773537,7.2103842732062891,-127.27151554232987
-0.099653621546856502,0.081187943686390124,0.22348961976641674,3.8566535679218895e-05,-2674.2260413548679,-54230.434167969186,-7.4918916030521627,-118.19967928206322
-0.10167143542975428,0.1229453846098829,0.22257649942729529,5.018513843331249e-05,-25108.337326035056,14108.79785228447,-24.426743353851133,17.621238011367886
-0.10122166201599245,0.074342407709530434,0.22325747446534325,3.6377601119882076e-05,5073.3525903237278,-57592.667832572377,8.6558873285169309,-127.71365019212169
-0.099706040383975486,0.08701409573582021,0.22348185926089126,3.6010108662481651e-05,-11370.50821345793,-49602.613979027468,-26.397451639118493,-106.19553783629412
-0.10036142480706113,-0.11181173390661929,0.22324743921736384,5.0723841604218812e-05,-34673.997276743015,-8452.9912211769406,-55.517094593145437,-13.686118471924528
-0.099920574366834117,0.09261517883448972,0.22344895207224694,3.5062530113678869e-05,-19596.243710137111,-43283.89426643675,-42.579273294537032,-87.828592198098875
-0.098507583633578477,0.068317603301741983,0.22365928842080177,2.5331979472169043e-05,16847.888736868401,-58911.403095769201,33.610808156678289,-128.88984234471232
-0.09842273034949299,-0.078320007483433388,0.223671850782277,2.7161297796629024e-05,2530.7156969843245,-56278.040290460456,1.0564602642692262,-127.68920172150982
-0.098336466703259198,-0.13,0.22292012009936918,2.2818478062640036e-05,-12630.369845588222,21348.240986591565,-9.0701953435255049,19.626033077447051
-0.097690883475229084,0.12951983356665919,0.22293934362113216,2.3724337878468343e-05,-13777.380724767841,21056.879256584838,-10.72929065974594,20.674715028643352
-0.098822883880384363,0.10008322789009393,0.22359655294536593,3.666500450449779e-05,-27798.631993251925,-32680.952233197859,-55.132118109699981,-64.645766801348103
-0.099213478503260386,-0.067897952598286196,0.22355478207656254,3.8042984656545108e-05,16288.881442876125,-59161.834276603062,33.433573698241993,-133.39281460288802
-0.09739243900406834,-0.093746198021349744,0.22381807181141022,2.401846092814052e-05,-18896.288177778373,-43104.536789120706,-42.387531302819873,-90.533456177600627
-0.09601276212029651,-0.10503505686192131,0.22400114314437788,4.0281196374262814e-05,-31218.392075730149,-25005.462641369388,-56.508082765413846,-44.180224416689455
-0.0958593523667568,0.10523809523809524,0.22402399229567591,4.0286920859610177e-05,-31429.544215647293,-24689.766189776667,-56.341256000847046,-45.071603377085985
-0.094827331701077239,-0.050968416455653462,0.22420414246616163,2.7046213060897384e-05,41425.081304131301,-54736.440161868661,89.223112296082391,-128.38295567636231
-0.095605938473161761,-0.045132454812064952,0.22408887126807642,3.1253180723748501e-05,45494.025941650776,-52750.562255427867,103.37035418762039,-124.19365052581394
-0.09549736845073982,-0.035921530987709088,0.22410494484592011,2.7238888234001283e-05,52996.733543230861,-48416.894980966492,114.88296134265042,-115.21752839051314
-0.095686806475309541,-0.025667515154316294,0.22407689891973762,3.1188751797614356e-05,58232.833881286628,-44062.207789162385,130.43408428893477,-107.06426008219569
-0.095638634540283332,-0.015272681152644478,0.22408403067977831,2.5531734706660277e-05,62256.335508850752,-40228.10029080727,137.82994091028957,-98.925006970905144
-0.095672835978508203,-0.0035182260088184535,0.22407896722425524,2.7481488649469978e-05,63864.458297637968,-38217.886914163457,147.1501307156509,-94.248172265585879
-0.09524795178337099,0.0065334048353076065,0.22414187049195969,2.5438604471946689e-05,64257.310237245954,-37936.845290471465,146.78556365712487,-97.257968351258185
-0.094940276459156661,0.017827752562893633,0.22418742121732582,2.6085511512242585e-05,62072.511633481103,-40282.5309207838,140.19193675620065,-99.951759707233748
-0.095184836803086176,0.028137198126201458,0.22415121454040032,2.8432289694583902e-05,57592.813311137172,-44516.366003095427,127.61442712311475,-106.92035598977979
-0.095633434818454863,0.037897943843321298,0.22408480048834711,4.0455681010794555e-05,51045.906190460504,-49529.380040772106,115.63460113668775,-115.9559362525216
-0.095512184145574774,0.045826077977287542,0.22410275141149941,3.3905181149201266e-05,45064.313276684778,-53239.526430375459,100.84954874233517,-125.90625872906629
-0.09473839001100523,0.052890122938090083,0.22421731010808557,3.0861208376967287e-05,39442.174627369008,-55507.144701386875,87.623523845231873,-128.5433130333264
-0.095477246954344827,-0.056637945162923115,0.22410792379380479,3.4349882267813731e-05,34381.733011831675,-57062.315273823959,76.9106490354215,-133.89246921955609
-0.094435684328401021,0.058230597582035998,0.22426212508780574,2.4679130712685778e-05,34088.289398034096,-57060.142858325904,75.895253812183157,-132.1859605008697
-0.09476732170622959,-0.12366625295257166,0.22386043059405897,4.4575015267804598e-05,-25361.991404004097,13474.908469496388,-22.64203877902299,15.709195746314432
-0.09413521594330361,-0.073445560126121301,0.22430660884003945,4.1339191240648743e-05,14553.528383070259,-58148.933042916775,28.010973470245876,-131.35677472070259
-0.092941874739076724,0.11106373440263825,0.22442914726290344,3.8754989479469723e-05,-33769.272208190312,-13937.598355218675,-53.705545221556036,-22.976999780429711
-0.091941706231594811,-0.08632173739640378,0.22463135362976594,3.3013625877230173e-05,-2891.7416692158154,-52408.864718531542,-7.4906573482782957,-114.2122260680712
-0.0914934286926955,-0.099146210329620815,0.22469772023590953,2.753006773681545e-05,-22594.638980817701,-38020.670110391504,-45.340585709902449,-76.70775865310587
0.026014461997544619,-0.12250859159519624,0.23218200695759364,1.3994443355573635e-05,-32703.774322378111,-6734.9199629174782,-25.527180851626419,-0.027917819854802149
-0.092344524894080432,0.074228675181468237,0.22457171712068263,2.7060338559259293e-05,15494.95211731708,-57942.391252652458,32.251831997134019,-133.21360663574592
-0.093223068956069632,-0.063081178534482266,0.22444165040378899,4.0640906958781613e-05,29645.401299661567,-57659.115071278517,66.199527244728728,-132.28990167769928
-0.091188416435977415,0.081186170776406122,0.22474287669938137,4.6087232900402456e-05,5911.5702973168054,-55844.259389649669,11.70484253037608,-126.04957842839279
-0.090008015868383709,-0.11761904761904762,0.22483437536632886,4.5956904691089104e-05,-32762.215571629331,-156.59377629942585,-39.53700126013009,2.6486334884420994
-0.090656794369473478,0.1171076103978895,0.22472894521110451,3.5808881489024548e-05,-33048.291690098398,-1079.3002027126811,-40.524122546122761,1.6168450460999664
-0.089496481488726382,0.061253008050877383,0.22499336433376163,3.4423182683643595e-05,36482.095377602869,-56197.317868158272,75.466493674290518,-131.5834440677871
-0.088874834072808606,-0.068095238095235544,0.22508539800851066,3.7130241640383178e-05,28148.361909270967,-57142.037215561722,61.343544214831383,-127.61871589136337
-0.087818476412606733,0.086714459805554769,0.22524178967817457,3.5821395434517075e-05,-28.05712304333877,-53426.762276792586,-2.9697275946922606,-114.61800493058264
-0.087683324020242107,-0.080858952738883855,0.22526179872349825,3.493063631857403e-05,9915.0721618314219,-56169.439206493968,20.516372029754052,-125.017663901205
-0.086458753610330966,0.12179677001457839,0.22534848768679841,2.876396436496345e-05,-29477.622014700079,7646.3023920558635,-28.699074465864289,10.142027056732555
-0.085947662939885192,0.09270579529964712,0.22551875992570691,4.4434591341616131e-05,-9081.9268380785852,-48996.788480262483,-23.799378971120703,-100.28145611403608
-0.084571937880938086,-0.11138877787340222,0.22572243330932792,3.6859011879685983e-05,-32780.03774247921,-17381.564968991835,-50.805818233095273,-24.090230287879653
-0.085869634993536392,-0.047556823498759553,0.22553031180938199,2.8990854115315897e-05,54192.691864540298,-47074.639742096049,122.58035696744808,-108.13109218826115
-0.085438130166535869,-0.040923984386524781,0.22559419524858548,3.7275177952543094e-05,59921.676964877697,-42791.015776652428,133.75221950358056,-104.56395828728404
-0.085976125468068404,-0.033996769409376217,0.22551454610450491,2.836533363913498e-05,63641.959803434205,-38900.856124175021,144.59170380243185,-97.725098267725116
-0.084310090848649655,-0.022517647652629806,0.2257611992463954,3.3697816428578612e-05,70036.908303775708,-30495.87836976691,162.63684168696588,-77.012499006824228
-0.086139729262341883,-0.011850591115949027,0.22549032488520224,2.8006865731882296e-05,71507.997017882226,-28538.010376022685,167.06006966104368,-77.624355666363257
-0.085714285714285701,-0.0013871623926667775,0.22555331096400397,2.6441326100926271e-05,73082.333886217966,-26204.860408367716,168.04796569999826,-76.57303980143125
-0.085513412608487729,0.0091381675945180346,0.22558304983142538,2.5377084426125031e-05,72531.360021673172,-26581.163642797124,164.58238399192882,-73.27736827352264
-0.08669003931670817,0.020660799349148277,0.22540885256623525,3.4809776946945126e-05,68735.600237787949,-32415.585804573384,161.13849589698393,-83.543830354096386
-0.084937035931611005,0.039435491988571499,0.22566838126248151,3.4366656007248214e-05,60938.608021260457,-41604.175628074299,141.55669379722792,-99.034821132161923
-0.085909553320407991,0.046039206437749114,0.22552440197976192,2.9799643537131808e-05,55244.253127539028,-46316.838953532751,127.26795612943141,-106.63102257653858
-0.084948545086461644,0.051203578003217204,0.22566667735478874,2.5109894240649387e-05,51672.775936860417,-49173.347718962577,118.47300201143921,-116.58283040745332
-0.084555559114071047,-0.053147261177860797,0.22572485815348239,3.4342583869028827e-05,50346.683813662676,-49996.937240915016,112.09410896102716,-118.89219040575725
-0.083808614187329822,0.09949913895242779,0.22583544187776544,4.0287589057719034e-05,-19342.770879290241,-40911.909332610267,-39.118110269302939,-82.327545467040551
-0.083373418446278463,-0.061522596370925269,0.22589987174951992,3.2483877289407434e-05,42290.125589897492,-53642.040300476481,96.55471386784096,-122.71984132716504
-0.082622141380614175,0.12945670779122698,0.22588727980748727,5.4385217526328317e-06,-17603.733915842524,19456.872724704677,-10.781083583584765,17.680625234397748
-0.083112916970128806,-0.091227473618751026,0.225938438479653,2.9336531823304309e-05,-4224.6047317667681,-50825.675233719412,-8.9135813973212823,-107.50988551496846
-0.083552010561254011,-0.074580852156965499,0.22587343153887718,4.7683468243662848e-05,23826.671813642395,-57021.181259549223,53.245666280262675,-129.78076994525816
-0.081485326887237905,-0.10497802380180304,0.22617939998367917,4.03010983751439e-05,-26193.095441124435,-32748.879453295194,-49.418968593233011,-56.921981182365698
-0.082236121557707653,0.10648646572825454,0.22606304472688496,3.2811639341507363e-05,-28447.064358365369,-29392.58559817768,-52.485208265390142,-48.375079271953283
-0.079917658895454519,0.061987406158289939,0.22641149014021469,3.0890902934384404e-05,44955.157472562547,-53018.188586223856,96.917626221423561,-125.37422152245446
-0.081083089030569488,0.068746026087710091,0.22623895050560597,3.6300325113617432e-05,34925.402017903427,-56080.167681970663,75.54886567835743,-128.68465255936826
-0.079772325559780935,0.074922285844619033,0.22643300645413003,3.6866021088066991e-05,26653.695630608931,-57211.592252341587,55.254061609946177,-130.94999059390122
-0.079068626822425686,-0.12365472766648827,0.22649320012644747,3.9099325324932513e-05,-28229.914126999636,9213.9302244221672,-23.157954286983237,10.796959495222398
-0.078993745852242628,-0.086855675849263708,0.22654827364536259,3.7407022740864967e-05,6514.584455057573,-54864.297003016014,13.222381670896709,-121.49302149893444
-0.077652840279137866,-0.068317580441215137,0.22674587358152581,4.2456219588740828e-05,38334.809254335094,-54890.051204811338,85.869170286359093,-125.79975856958238
-0.078823848971754734,0.11168313071387617,0.22656947757466017,3.3911580301354103e-05,-32259.145896969738,-19484.408868731534,-50.206725979394747,-27.655941746697621
-0.078238421351420076,-0.055718469674751435,0.22666009794907346,3.9387051105229187e-05,53210.251015532951,-48311.538566065108,121.17183317717605,-112.98432353936214
-0.077588336040716854,0.080536666899097248,0.22675571863914398,3.6126515729215741e-05,19052.444178124781,-56841.312737128916,39.968539668510772,-124.67834749801101
-0.077368645593956523,-0.0997955970166539,0.22678886653576305,3.2184660165368554e-05,-16253.970428472816,-43180.538547558521,-32.837471598446974,-84.369268007562752
-0.07625393160308902,-0.044947397581709764,0.22695389774517011,3.4781054131586655e-05,64397.065278044262,-38946.928790186088,146.50703002841374,-93.19792874395678
-0.075487759567218371,-0.037859854111179821,0.2270662156417998,3.8019921314211374e-05,69050.040556409818,-32965.521317929939,163.92999732683504,-78.627877773493012
-0.076586942404620953,-0.02989956915248167,0.22690459615231973,3.8777640281202764e-05,73031.435932557273,-27841.71958766281,169.33084066647174,-78.502436161373041
-0.077308042376775438,-0.022120309669342118,0.22679783872262652,3.7950140078371036e-05,74683.877858317064,-23328.512537971666,176.8830623783129,-59.702928897625611
-0.076447873026291718,-0.0095961372471304908,0.22692518509969564,2.5976514516610561e-05,77582.11001471206,-17019.772921757114,183.6686935828904,-44.879769786657917
-0.076495063363937008,0.0011015123723866569,0.22691819866321261,2.489214956159313e-05,78168.658175572913,-15813.934127820288,185.08489873247021,-44.937362461938861
-0.075110244044841429,0.011643485111284763,0.2271215084982208,2.6145649757641403e-05,78539.935989908161,-16826.518285146711,189.52464085765445,-56.125252729346499
-0.076696998616176848,0.022341787646073662,0.22688830254710385,2.6986481773492034e-05,75256.476827405379,-22944.291952710781,174.44379619642339,-62.307921411616881
-0.076045305914819269,0.032209265648031921,0.22698455457222069,2.7471281109526951e-05,71791.198599240262,-28819.752723601916,164.98088750577625,-70.359465662063059
-0.075870491691067382,0.040077874918439151,0.22700994631733432,3.4408183712494985e-05,67590.017461214593,-34861.484761416061,157.88680399319878,-80.10182259237115
-0.076066640482900336,0.045397898525190841,0.22698134760519431,2.3142808854995951e-05,64298.217165037735,-39447.924177203793,145.1818445241941,-96.856835405278588
-0.075470270545551485,0.086160949893577338,0.22706991722025544,4.1677693213320704e-05,10244.62609049481,-55895.751476380188,19.49973879799386,-121.44127090483734
-0.075332798513839061,-0.1186589397120673,0.22708347241294272,3.5811297139134756e-05,-33128.190709733564,-3589.0245349718834,-37.204883553330582,-0.72200435424585385
-0.07458778575515336,0.11484478654341486,0.22719791478985146,2.4963379801023129e-05,-33290.691656784773,-13708.121498379267,-46.200045282577804,-17.84603955380619
-0.07419276908563735,-0.08072643975101694,0.22725904879362419,3.9296966725616738e-05,21435.263069100285,-56786.017011728458,44.336739883042142,-124.78480367993504
-0.073484228546591493,-0.06089922833328279,0.22736394682399849,4.1695978749332178e-05,51182.935644923629,-49554.682025700014,116.10614690113118,-112.25683298625194
-0.071492637807857765,0.091722504695188625,0.22764616120896092,3.3867565713780772e-05,1799.0814385281872,-53790.28348116087,1.3331914082713145,-112.49442493910382
-0.071222825582402588,0.055791850142606417,0.22769874307594684,2.9546537538481789e-05,58323.569039443559,-44765.866151946211,134.82003748172099,-99.313500272145589
-0.070973380410219347,0.12293542088251072,0.22773146269882091,1.6037861184434398e-05,-30527.747175576362,4945.2923726806202,-25.613062566142503,6.738896596752654
-0.070676545972151839,0.061518698379495654,0.22777961869560595,3.1730620495965836e-05,52839.35985560812,-49043.357460492305,116.01110302534359,-113.76470324368464
-0.07046149471998564,-0.11132286463304147,0.22781104883061815,3.2875756879099813e-05,-30620.37816835312,-24168.974701073756,-48.239849522474714,-36.316428162363692
-0.072078251771147225,0.049119893035499712,0.2275720989146251,3.6580964285820076e-05,64184.976166031658,-40026.027475410265,144.37322111730174,-96.099941058454021
-0.069369634105060113,-0.075326041152238413,0.22796471122496584,4.8166195169143256e-05,33947.330686771835,-55905.486029922053,73.845301477002849,-124.42441681234385
-0.069550873577369166,0.098574213035772795,0.22793902964380244,4.0357705942877756e-05,-10862.239767698207,-47677.994540555155,-22.74265232101509,-96.482171084113318
-0.069651237052787238,0.067236926605964226,0.22793141366038158,3.1976384085636417e-05,46287.963952485734,-52471.912445002832,98.967818115191008,-118.71491880142391
-0.068807175583038616,-0.056015269024670807,0.22805534119448648,3.0817719847710716e-05,59985.049281609179,-43913.014203021943,133.4166134076153,-100.8492006606192
-0.068355519074568175,-0.093067530831346751,0.22812308871620526,2.8502480521919773e-05,1016.2753475268153,-53220.97511953846,1.5226155558841346,-109.79376463555633
-0.068939740494491489,-0.12905444571946537,0.22803052359076836,1.5344458103185479e-05,-21627.203781934582,16339.553990579543,-14.001122907071951,13.558604738962142
-0.068250073968917274,0.12925329544262831,0.22813433747703196,5.6941370569959896e-06,-21536.255168849431,16611.571079911206,-13.603414973744007,16.953624563086777
-0.066652562711191271,-0.034255280830642464,0.22835992070490824,2.9311678011826873e-05,76121.742692165019,-23274.771962866293,174.71344510508615,-57.116506482563544
-0.06728295060313616,-0.026907710816017737,0.22826793377895821,3.3844156204136407e-05,78830.238975691143,-17635.498877276987,180.63897615922482,-49.781124761456859
-0.067561050048777507,-0.017279811728094122,0.22822720191711907,2.7563294317800122e-05,81244.688959547595,-11992.979702830178,187.87129784667925,-43.344586219404334
-0.067207446124390363,-0.0068358408635910131,0.2282789925496416,2.4866954305389935e-05,81910.854458315036,-7643.7004369039596,190.13567270135081,-25.120590066302551
-0.066062555382257915,0.0040504176627963783,0.22843199186691687,2.4458659585062609e-05,82983.098335739021,-6244.8392826527097,193.40013369401828,-31.780802455096303
-0.066928490846476937,0.014994251910151673,0.22831984976103617,2.698026936739893e-05,81025.064349590815,-10399.095531950239,189.04191211028981,-28.603725338542986
-0.066967739400923001,0.025631236515136577,0.22831410121776452,3.0733430345898591e-05,79035.447678201366,-16934.810531351159,183.26479954940828,-45.554063280163732
-0.066553275075761739,0.032529422145520064,0.2283720489868932,3.4497829813857567e-05,77007.257478899744,-22188.821232550719,179.84342274862647,-58.41669114987431
-0.066219073728065722,0.039154419173007306,0.22841287268228158,3.5202190499118866e-05,73707.414708685115,-27542.415547071323,171.85919808088445,-62.728785061692065
-0.065344209212427812,-0.041670280984313988,0.22851974000265216,3.8428992960801641e-05,72960.345718416516,-29358.432647657603,171.00019135525764,-71.310892751764086
-0.066394370368623501,0.076182927527132141,0.22837541447520127,3.5273195546480287e-05,34717.711212713519,-55689.536745912053,74.720725504313094,-120.60370690280655
-0.067357846254046033,-0.10579020183132554,0.22825125870900587,4.4283924245244157e-05,-22920.414706508298,-37290.132742452261,-41.411781919600145,-63.494084580101109
-0.067066925501363464,0.10535773011017731,0.22829218779759305,3.9277601869761844e-05,-22228.162195247085,-38259.32074119139,-39.451863709591926,-67.386462379264756
-0.064562386517496184,-0.06841622772361132,0.22861524198600938,3.7749468695274913e-05,47948.074429333101,-51093.873960680045,104.74693488012618,-110.52904919734237
-0.063573188126040667,0.11584576783678371,0.22871370173321276,1.7296265766522235e-05,-33354.08238101942,-15837.968875803097,-43.568022925571022,-17.225720292952893
-0.064926420664558435,-0.087403422207461612,0.2285614344003597,5.1010466250900554e-05,14500.527729727541,-56487.888250781631,30.539702668192248,-120.81945065803735
-0.063330236556962571,-0.048921898074580798,0.22876575279336672,3.6976752819233695e-05,69274.296766853367,-34510.578293022176,159.92223205129611,-77.804701227672936
-0.024387458559631866,-0.12367275214445467,0.23226769250083784,1.322081191919347e-05,-32161.236432704307,-3779.4108654353922,-24.72570644341263,0.088628225808215708
-0.062743515795986124,0.081321192929599356,0.22883742249125777,4.4228817063834259e-05,27795.373826290241,-56719.224953077639,59.723017110672146,-123.52905332357608
-0.0621363804891326,-0.12316290747485602,0.22891158588705909,3.488703406083829e-05,-31353.432630877836,2712.5619434257969,-24.980138764537312,6.087866629528218
-0.061866909759689753,0.11084431976168826,0.22894377196850196,3.1958169397658947e-05,-28949.698295841532,-29091.401073053639,-46.140472717506796,-42.976442063045113
-0.062622751352120462,-0.10056269057847164,0.22885217422970555,3.4468474746313085e-05,-11547.106664606674,-47417.262425556415,-23.440801659607988,-89.29108578256043
-0.060662822407702023,-0.061899667547862101,0.22909158541928165,4.0401385782256057e-05,58330.811782999153,-45254.680447699931,133.65360845683233,-101.51794276632376
-0.061375523232362728,0.049947586570810228,0.22900143696977854,3.3330946530517411e-05,69392.773380105704,-34578.423065839095,160.66720998307105,-76.799695127495781
-0.06132857788732176,0.04267076261793093,0.22901026139383857,3.1906849192319466e-05,74519.926968939952,-27506.754842745944,170.57669722398612,-67.294468433810849
-0.060191212546626849,0.087047588171012574,0.22914691072652052,3.4000921004919363e-05,18078.508895172661,-56790.127219684866,38.464995068534591,-118.90153730636555
-0.059657128737074475,0.055971502310233949,0.229211240023352,4.1423425800848756e-05,65280.525198714015,-39556.833376169416,146.05895780388494,-89.965726361346583
-0.059755499573641263,-0.080497617735924051,0.22920241762044413,4.0201120518410752e-05,31172.371161673549,-56566.435814881981,64.096071927922978,-124.52335768892479
0.04480584873567664,-0.097552017560748217,0.23081910823359211,2.6972749695855273e-05,2067.735868271197,-53823.389971423327,2.7600647019955287,-107.951360874701
-0.059128600253131859,-0.11878511055137718,0.22927899524969697,2.4631017998624745e-05,-33614.688748780463,-9660.3630742546557,-35.964805661383757,-7.1423608838168953
-0.058345815251144267,0.11746534827258652,0.22936941505739858,2.2432302828319744e-05,-33833.990544287713,-13546.764562741038,-38.851183117607349,-9.1655164642917288
-0.059086940301058884,-0.041903570592946381,0.22928408413759357,4.0019890971223284e-05,75261.117264845991,-25408.617092008848,178.51273404974808,-55.935074832715287
-0.058400756245033755,0.06272401204514684,0.22936503070505346,3.9943913085976003e-05,58629.625647503934,-45063.722044335584,134.03820342995289,-99.103598579636355
-0.057760831181390568,-0.02931937584766009,0.22944607233760034,2.7195980072506241e-05,81020.552895141227,-12568.831096576387,189.5642876498078,-29.61114199394612
-0.05729277194387198,-0.023438185101077289,0.22950324717506856,2.9951847121197217e-05,82652.943406340375,-8014.105082578234,196.5756060501495,-23.711748010730883
-0.057664482492364486,-0.01630027302914884,0.22945784161848143,3.5904358765150719e-05,83546.851819433185,-4016.6976122958513,199.74191357005861,-11.235862082131423
-0.057366538137673263,-0.0037974759533578803,0.22949423641360256,3.4232938320331082e-05,84838.096383404991,296.05521257578869,204.26871068438464,-7.9618870775469697
-0.057203396032021459,0.0068861798862499633,0.22951416471033764,3.9270809395215099e-05,84542.926723810204,241.91681531240968,199.07582332908331,-4.2858513812481274
-0.057169294508605174,0.01704282317790488,0.2295183303135401,3.2280444769237183e-05,84125.774869569126,-4229.8973876946538,201.15568052171668,-19.722558920097253
-0.05774476134769245,0.02606053701847344,0.22944803531590777,2.7070938000706296e-05,81895.132746467672,-10650.369161098481,196.82234513064898,-25.422705590775216
-0.056853037888422595,0.032682578674686283,0.22955341895142495,3.4897527185747173e-05,80875.347713539115,-15294.503977942828,188.46677559982695,-43.175615007488005
-0.057233138622836549,-0.035415305909818361,0.22951053156380527,3.4176866760304053e-05,79392.593950889001,-17724.904174506381,184.6081820174976,-43.966170222703234
-0.056652472164604992,-0.055766295907521246,0.22957962004014407,4.0148310907150871e-05,66867.785826950203,-37642.700989078454,153.12939231672866,-83.807051949975929
-0.057742069394109238,0.093461967203838883,0.22944227477957391,4.2302557971268685e-05,5622.6757486724146,-55432.449920422048,4.7252202738441289,-112.30808643376056
-0.055961855364119947,-0.075423463448221109,0.22966378657920553,3.9252991420452763e-05,42103.726655138504,-53316.888363935723,95.213269284186964,-115.13240863852324
-0.056352583937397532,0.067899277832976793,0.22961421552182817,3.9737784067066368e-05,53288.640250577751,-48698.02247786244,119.62886509698144,-108.80388918934274
-0.05447208548463419,0.12322371222499374,0.22984083791762491,4.3429249485708458e-06,-32207.412656233428,460.01284158267504,-26.542647541247643,2.8941506240048827
-0.054184542313070225,-0.11064500276479146,0.22988102798547141,4.7525928670214706e-05,-27473.048778814129,-32188.68096353488,-45.264362492240814,-48.057038916379959
-0.054501513127114272,0.099361293720857724,0.22984420779797163,3.5502354069930445e-05,-6030.7264291190477,-50822.677188899564,-10.123809255375427,-98.649748188440554
-0.052859882658947137,-0.090739570236689743,0.23003456724173188,3.5707490012318592e-05,14355.020800510489,-56372.888349405024,29.292322126934529,-113.63871986387218
-0.051660068275038232,-0.049461601704196549,0.23017204481548317,3.4126128968553886e-05,74093.336902489245,-28823.062423403335,167.74016249334326,-65.648573725129864
-0.052701714795352156,0.073864348306848099,0.23006405855369991,3.9086564795162609e-05,46204.377989167362,-52103.92511710884,105.48926216474821,-114.84826646614015
-0.050856417608355901,-0.067285767574068095,0.23027377926832712,3.8251618466094178e-05,57048.720480861448,-46081.342878452269,125.95293512743125,-101.89229240045105
-0.051993858347656248,-0.12937799266493577,0.23015052533846506,1.3562048301781977e-05,-24509.754580502093,13392.67748586014,-14.222809220151207,12.031929464317674
-0.050483186110655949,0.12886452118904845,0.23013203078064418,1.0881980898698818e-06,-25691.834259475443,12210.723167050508,-27.693580504116401,24.307129814736363
-0.051034059523673438,0.043173241614130171,0.2302651377957381,4.0888191348187219e-05,77690.270858274758,-22430.418789053791,181.85767484778918,-48.103079381643731
-0.051472356091916957,0.036607662984216298,0.23020792005419169,4.3335601846640149e-05,80659.590576811053,-15814.551320325891,189.50248710298769,-36.981974592522299
-0.050268725005540235,-0.10428042556892034,0.23033767314403769,3.8642214402021229e-05,-15060.15496469352,-45206.0708195322,-28.583199601593876,-78.581397255350055
-0.052125124741839231,0.10463846994974182,0.23012176559391828,3.3382685916368341e-05,-16624.294175491574,-44492.190068585223,-32.087843393156696,-73.389093485877126
-0.049231862022241571,0.05006487570348965,0.23042438252604222,4.0866626852439718e-05,74499.790999404911,-28647.077203032684,172.93691518865484,-65.276291954237124
-0.048575246092715164,-0.086935421516899661,0.2304849674464963,3.234077618990821e-05,24031.083340591944,-56786.770904560392,54.048484465968428,-123.19005037153339
-0.048468566543716354,0.080204390792562433,0.23049263812171983,4.5333148944631999e-05,37669.174149857208,-54594.073484131353,83.380955018517326,-118.8773743580705
-0.048025981301461976,-0.043361480972230526,0.23053254901466258,4.5627238633127461e-05,78811.167472007044,-20549.092568593096,184.73520103374565,-47.676078570677433
-0.048554635315633352,-0.022689801269484305,0.2304694961188051,3.3474958674391714e-05,84588.342095853222,-1841.1286662375153,201.28438702721144,-6.6002357725556831
-0.04797759665112783,-0.014705486714748714,0.2305331875285494,3.6116008083631018e-05,85896.507792027711,3244.9438511887329,204.57312920220897,-0.53101087272430525
-0.047526082660271661,-0.0034510217739733315,0.23058090358302533,3.0705413305124661e-05,86227.043199796681,6996.9813899136852,204.98936711052468,8.6161461344022356
-0.04838536567873674,0.0075202415904667159,0.23048817948001471,4.0613705507940458e-05,85988.315630139157,5653.8121367493713,205.29919825354892,7.1716721388665512
-0.047801938243416282,0.018368400211709872,0.23055257605883128,3.0687745283545679e-05,85404.051078172444,1411.7992696160316,202.71403656440108,-2.3889107136872418
-0.047895224106668952,0.024703058088486721,0.23054227950765496,3.170577070221288e-05,84231.573804791929,-3218.5430288236703,203.7903759096576,-6.258412950132394
-0.047032045589246112,-0.028394543453808992,0.23062416527710489,2.8393903614862332e-05,83837.314553472272,-5040.347681330134,194.60794884777079,-14.60570693993593
-0.046978051456824398,-0.061515148381166014,0.23062842085648771,4.0368167513937851e-05,65104.452057572147,-39141.974198539625,152.59344035668897,-83.522020103428318
-0.046054581282792495,0.056023256104095247,0.23070975958627626,4.5560549021805135e-05,70958.488855059113,-32869.379088691225,164.75121994944254,-71.420009107199078
-0.047295752170118735,0.11106710110128783,0.23058999353555049,3.9849015094417325e-05,-26852.529267477137,-33120.125471523374,-42.6709842942252,-48.835515113009272
-0.046332827088819056,-0.099032775013410526,0.23068429694793499,3.2424959262688996e-05,-1831.5418598895535,-52201.52089423556,-3.5156399748453424,-99.129416464108445
-0.044992544644747737,0.086480815480373813,0.23079590212418497,3.2494269812232714e-05,27183.833928137268,-55911.717754499303,56.472429237692872,-116.89359744329379
-0.044298608659211487,-0.0811855876429739,0.23086352608459948,4.6929660059414045e-05,37883.695042632273,-54147.991482968544,82.28432228995004,-120.0033373730203
-0.043951533019617371,0.062047853564210324,0.23088435834963747,3.3472524760131982e-05,66442.917777961906,-38173.078407458073,150.54504215277936,-87.280218159413081
-0.043855230061943085,-0.036529836937533387,0.23089901458432258,3.7554137835113081e-05,82304.358738374154,-11151.906166382012,194.86521228014084,-25.554673852463207
-0.04346862600314276,-0.055463586584670481,0.23093333020980961,4.5352996824421891e-05,72493.190005452241,-31489.297909786888,170.73507578102738,-74.208781165869866
-0.044291437757172994,-0.11747727813056563,0.23084832240724401,3.217726620500788e-05,-33001.806169756157,-17591.18157128643,-38.648057586982361,-16.131857941606199
-0.041679913579418346,0.11824783673623272,0.23109046295699992,2.6413814131692318e-05,-33270.523753118832,-16000.957136397634,-36.555450770303899,-14.213057615087413
-0.040374131041470154,0.030778319275473504,0.2312067234053265,2.5299740446845161e-05,84522.063447274399,-3822.9668227208917,205.82173577948359,-9.4487438933880856
-0.040004040413412191,0.091448291085784936,0.23123377263745004,4.104562092139664e-05,18279.331139733953,-56165.810787947514,35.560168607689,-117.62496898272755
-0.03949754183182537,0.03790073808162734,0.2312748448461289,4.0094821355516064e-05,82784.570710167158,-10133.874359032809,197.74126788282157,-22.240509559443925
-0.040625462327728692,-0.075835316635048167,0.2311835618276312,2.218742319104473e-05,49581.903673574299,-49390.31832928618,100.99660426932378,-107.82635245668762
-0.041484171169919877,0.068783851325296436,0.23110585895110652,2.5845551893517371e-05,59397.674589397851,-43581.022100302456,131.44849841170665,-94.856274255830556
-0.039263256003259327,-0.049615585656346162,0.23130446037670091,3.3123970756230712e-05,77563.41495288338,-22308.407071872647,180.658368538481,-48.799428631637447
-0.038114101598474164,-0.11142857142857143,0.23140508919430522,3.0582453506023377e-05,-25432.063973163844,-34224.181726927505,-38.880454274341041,-49.376937091616796
-0.037754414011184484,-0.017985155816313006,0.23142966602931322,3.4620889067106648e-05,86270.04477418345,7029.7902377476248,206.22806924045852,13.797186078836679
-0.038842314968521294,-0.011457274100118178,0.23134132121840367,3.4608611243477855e-05,86712.625750548556,9921.8927066867345,208.28328287462719,16.642509611251008
-0.03838648784453786,0.0002766139103729793,0.23138123695499002,2.752847126006297e-05,86571.482759580234,12264.91823698573,208.47947811902807,25.433487412652433
-0.038151115015937584,0.011002238357977255,0.231401848014165,3.2677612538213991e-05,86875.551070729896,10257.440081004048,208.96605118962111,16.663276413432587
-0.039040120023721356,0.018579193864920962,0.2313239998830478,3.5103359346618636e-05,86310.849527618469,6407.6270085831338,206.97867130802979,10.680014266359152
-0.038791135517566716,0.045375925140563274,0.23134580288563111,3.867634643458548e-05,80078.103968785028,-17365.118186112748,186.08814919801139,-37.390789000966002
-0.037343348181264925,0.097576993152678884,0.23145491639395507,3.7726774405524703e-05,4746.4703087262105,-53873.800783691491,9.9225095588590619,-105.16457923097137
-0.036815850186417608,-0.024212645147328491,0.23149894022156359,3.9225662378526206e-05,85666.636176039232,2810.2790149581542,208.71348872159456,7.3453227385660016
-0.037885247759593524,0.025359004795616043,0.23141959241355772,3.2755845316948404e-05,85658.497685213326,2875.2736203624349,199.14321171228397,2.872642433269863
-0.036546396242814111,-0.092455799343763689,0.23154236955944599,3.0186689490834485e-05,17446.162832593793,-55606.235724004982,31.736824086456995,-111.49119225759333
-0.035074135162266581,0.074621101644623891,0.23165132875634259,4.132866721623654e-05,53645.47448306311,-47348.946130065153,116.36330919046416,-109.24738152732603
-0.035458330896648585,-0.066965100531333296,0.23162695140897591,3.020999218620914e-05,63463.105682890055,-39992.730519666271,147.71130433638842,-89.427768597612356
-0.035034801781816921,-0.031094434028444768,0.23167473642213562,3.7687332480536721e-05,85002.232006420789,-1758.7044702469036,202.15286855354785,-3.1473065089600256
-0.034569806341821073,0.050505294364685115,0.23170298570821829,4.1911779930353562e-05,78510.323505334236,-21889.520483658842,185.89755851173416,-51.631678865351368
-0.034176826196800437,-0.042639233825197041,0.23174173552382488,2.7022993886659303e-05,82204.419214490306,-12043.071056292236,188.2786775501217,-27.843486836086807
-0.035071372962454293,-0.12852313706816967,0.23167110300387958,6.1753065571155191e-06,-27532.368270023944,9191.2652713794851,-18.569492258788337,10.745286144345091
-0.034003389756254741,0.12867098485594042,0.23174739162326921,6.8645841666075334e-06,-27441.414499382081,9495.1938012862374,-18.847003051763675,11.816712357663341
-0.033840313540420386,-0.10487096012617368,0.23176838455731383,4.3360065869068932e-05,-11547.615243520841,-46866.327780929772,-24.170066785010846,-78.6445544621197
-0.033286297353224838,0.10611565878092558,0.23179903839814583,4.0494212990969821e-05,-14332.822278042684,-45032.441569680719,-28.072277232017552,-70.466952353519744
-0.031525025144047029,-0.086393618586427801,0.23189179515730668,4.2091241386789918e-05,33094.890240359011,-53902.520241042992,64.49818783114587,-114.59663150366764
-0.030787583736372814,0.080923366816854803,0.23193063224034841,4.5418638837621628e-05,44060.107484261687,-51134.337148591148,96.835971655365185,-114.23944227201768
-0.031264398846021835,-0.062207082162173827,0.23190552094633063,4.7879829827246781e-05,70321.700858038981,-33588.239373602417,163.08554668597066,-80.15443893113877
-0.030881937210453653,0.056148579795606612,0.23192566314901444,4.9228378998789848e-05,75461.969229448601,-26467.016284910685,178.35284433404519,-59.506879081106426
-0.030281423138257494,-0.024817841540461773,0.23195728900382392,4.1493230712244289e-05,86135.549749704063,5535.0893913181335,208.35179117588845,13.009060884535304
-0.02878570371561532,0.024058847081350095,0.23203579991689699,2.6784048745672676e-05,86381.810544659034,7905.5465017452407,202.97057148660514,13.210031846188816
-0.03065045336661771,-0.037521596264933045,0.23193618609935507,3.5571163932309007e-05,84288.333558617116,-5432.2210756921113,200.47260063970458,-12.21071903292057
-0.030076386602275337,-0.12289394184105594,0.23196082830574077,1.0554418410086606e-05,-32761.87754450459,-5227.6738236903548,-24.407972359133005,0.19547083560412304
-0.030187620839207716,0.11156269130908217,0.23195334005352841,3.8753771688130558e-05,-24497.78017254929,-34785.56798214664,-38.726186552173182,-50.019102635676589
-0.029643393498443388,-0.09974602589070998,0.23199089060233286,4.1707704206485963e-05,1826.995283882088,-52682.597272759398,-2.4653034458480239,-99.736871354003668
-0.028031584801284388,-0.017572842865414686,0.23207577592009163,4.5512788155455323e-05,86650.253078727008,11531.606008225328,209.68888066928426,25.817582670594845
-0.028461890468111938,-0.009097687087706979,0.23205311402893392,3.1152766581461519e-05,86697.988329726053,16074.245170749253,200.3474653757726,30.764471848685702
-0.027522072898500873,0.0036631951564534003,0.23210260917880646,3.9021681734636562e-05,87261.823073403255,16855.523978719601,213.25114572812618,30.998126628362929
-0.028471466712851719,0.012719106929775128,0.23205260969949393,3.8670254984415358e-05,86931.539901833254,13344.371342595467,214.73441669424966,31.010218455657164
-0.027145886340029537,0.030091217022392244,0.23212117077080974,2.9314078737842605e-05,85885.263648504755,3407.4502819607847,204.84957582065715,5.4412329157479231
-0.028904020619211414,0.019150164800135809,0.23202602607280773,3.0075310482374673e-05,86545.649648515653,10782.503373370979,205.94398942819672,23.327255443110758
-0.02972324498897258,0.087328859328107064,0.23195517772518398,2.6442331728309954e-05,31646.586067470435,-54110.303737565337,66.830321057916123,-119.44352469210176
-0.025943189493718686,-0.081352704313921942,0.23217579374619765,3.5562341175444473e-05,45271.190275578083,-49790.276126712735,96.010160673284076,-115.51451879749928
-0.026460393632998375,0.062034053525312868,0.23215439083992692,5.8639691643357061e-05,71961.741988513109,-31125.397308248866,166.23234496962851,-74.63798095523066
-0.027210135881732052,-0.057295508645793587,0.23211903722813748,4.018129208190963e-05,75889.803624389431,-25597.966377317702,173.61438596761127,-63.044402135801043
-0.026385164926211676,0.037052665154348692,0.23216131010841776,4.3244285242466713e-05,84691.96019770659,-3096.8071870998442,203.2201248257617,-5.3390791767707899
-0.024280002390155264,-0.1186782442822647,0.23226347397188679,1.6431849047358427e-05,-31826.775717341032,-17588.828809059756,-34.400491280667744,-12.996035997873182
-0.025998230961628909,0.11642520938957374,0.23218279562332658,3.4288622057452973e-05,-30480.68939686958,-23381.047144451604,-39.071118751529255,-25.003858449258175
-0.023477980738729611,0.093649726614768045,0.23231558981889919,3.776942973511522e-05,19335.399977499259,-54050.558771504744,39.462964907777462,-112.07344454004033
-0.023990478097442827,-0.074228119982068352,0.23228654657783199,5.2066446347609426e-05,57300.327336634618,-43084.080012947175,130.9269176485198,-99.295541419825526
-0.021597762964951271,0.068719104269303985,0.23239643777409222,4.4320796355314871e-05,65850.046201988793,-36844.752032945929,150.08852579881435,-86.567052606088325
-0.021746835809166185,-0.049803688639850047,0.23238609340443239,3.2916415925942831e-05,81377.270942903328,-14421.234723234109,189.20314556291055,-35.806953526138365
-0.022827509027374453,0.04270756165415069,0.23234342357836191,3.7293366610187361e-05,84093.5331096929,-7551.2252773452119,198.78291584457136,-20.696007388332564
-0.019229849218039514,0.12350164488746693,0.2324982584156555,8.5644254631943147e-06,-32086.737813298059,-4484.0438054829865,-23.094559814630049,-1.092501953078062
-0.021035279824002062,-0.11010639219511728,0.23244382446613776,3.4321593037101474e-05,-19555.618975165322,-38503.408158772807,-32.567297775218442,-59.704493483730609
-0.021715695728351445,0.099882828324785108,0.2324083669216877,3.1329603522209629e-05,4315.4191229127264,-51984.504091276103,3.846586016873156,-97.226051601361618
-0.021110857337126265,-0.031113976692489068,0.23244025351036174,2.9865810916999507e-05,85816.826119675796,4747.7677806332094,199.99009904741965,13.663173579901446
-0.018598878005629496,0.016947946039471733,0.23254457556777652,3.0593665912998663e-05,87027.907728853912,15021.409706900711,211.6542710637259,32.939867769254761
-0.018505038139287222,-0.093127030415031523,0.23256022682297606,4.6154530412939934e-05,21841.202182250658,-53589.654736984194,38.783848430143784,-113.18327399245608
-0.018328034422067589,0.075175885590304928,0.23256844340776237,3.9476307987499104e-05,57775.452365816011,-42568.681188302791,126.56615828839777,-98.260530855409556
-0.019508278117328158,-0.067637790889841773,0.23252465276105813,4.4439805607712707e-05,67424.701680444719,-35071.94755019572,151.45632039541354,-84.088897005684544
-0.020019188345607064,-0.0062033858632938761,0.23249774586004066,3.6078832477886839e-05,86948.227995903711,18676.184483974106,209.13863213701381,40.696064634603019
-0.018862756234506593,0.0053439383651814765,0.23255347583337679,2.045669618702831e-05,86893.390742905176,19753.882365750815,201.52210469247649,39.886281633944932
-0.018263065299719172,0.050576369338196453,0.23257622369441158,3.7351321023067492e-05,81748.831217191837,-14807.292293233215,189.13896120629587,-39.460356040763564
-0.018793080290486746,-0.012271472751278316,0.23255714475450764,3.2550869849804075e-05,87538.421495881164,16862.034193382919,211.92005280658998,30.010754218382953
-0.018867910545365841,0.010999741313162783,0.23255506654043698,2.5961964362298659e-05,87074.544791460576,17614.054305440121,207.81424397777326,37.943370137501695
-0.017907445206754746,-0.043950059371939847,0.2325805838498966,4.42698147420346e-05,84105.023155107847,-7472.1439947101262,201.00406832504572,-20.550024777801593
-0.017166663335767985,-0.12909742501835619,0.23250748002961433,7.9382283172632699e-07,-26945.277783948419,9231.7420045258459,-23.817490456375396,16.967660438108805
-0.01552489219991999,0.12867096122195534,0.23247464255290529,3.5067252523315706e-06,-27653.208347517801,8200.0535803801067,-23.439198713955669,13.914296689888252
-0.017044863072879425,-0.10516561074640184,0.23265140067819584,3.941369192054403e-05,-8180.8135995455059,-46653.125228901772,-20.133538199589889,-78.785681674344914
-0.017057349870036636,0.10477843505181604,0.23264525949350059,2.1814838803887299e-05,-6850.9891265101023,-47092.304614335604,-14.332294516002952,-83.026943962252304
-0.017343308286169964,-0.025409275162985748,0.23262923273795785,4.3952875591224324e-05,86809.258327218166,9774.9530425808425,206.7674036716806,21.479543537300813
-0.016393794302182681,0.025001316216693187,0.23266329111688588,3.5686768419410008e-05,87086.353465957247,10459.289314681291,208.72022575599638,19.121197685998325
0.11075596810448164,-0.10930600153238523,0.22139611108184168,1.7336598310975157e-05,-35538.775151216571,-7908.3002110853213,-58.327594290873165,-14.726813743817871
0.077741457023053628,-0.032452891626276861,0.22673367253844293,2.5656087419332101e-05,70569.959400264808,-30499.783052657516,166.17331431875868,-75.958738524168822
-0.013774588589823457,0.080139355617461286,0.23270932450405291,3.3337453508269149e-05,50536.437741434594,-46722.467359624985,107.88190171980163,-112.06642219801861
-0.015171949231327002,-0.062861447357036304,0.23267702329771231,3.991952382197305e-05,73480.140399696727,-28211.635004428637,166.46044994582965,-72.03707480112277
-0.01443285724132792,0.055543171434266209,0.23269775521968869,4.3103546068463177e-05,79090.966212442727,-19691.287509025533,184.74161632666829,-47.734548957139815
-0.01374417697474048,-0.038153564833164622,0.23270985899801985,3.5690740810552868e-05,85881.647901130622,-66.355371511093949,201.27356810792668,-5.8783412857136206
-0.033465431476267911,0.10107626439940393,0.23174509090045997,2.1388368473149785e-05,-2299.7140733562856,-51264.568929529043,-5.1595679365041764,-94.285781687852122
-0.013161087392186653,0.031180276971139679,0.23271273803392392,4.2175187332696469e-05,86553.781763608538,6075.0810772208906,210.76991151551695,13.657881900645611
-0.014493570196684931,-0.1242533542343459,0.23267304889265583,8.3650656269685646e-06,-31442.368020597532,-2771.2850505705196,-21.747912872545889,0.76634440546424443
-0.012510363082785627,0.11208362405173754,0.23273018263501383,3.7382737344711508e-05,-22600.866445455038,-34436.528460674184,-36.214339828908066,-47.152736794543884
-0.012582882849778414,-0.099846814892020214,0.23273026911770497,4.5243527509312314e-05,6224.4326252247965,-51293.608533027684,9.5775490682226607,-102.80403330277208
-0.012365892970053203,-0.018276838773147661,0.23273408278499255,6.0402608048647527e-05,87254.063302177121,15058.350770430932,214.16926981141162,33.556512812377079
-0.012250106902762573,0.08692919535535662,0.23271372317973088,3.6928083147085913e-05,37304.359041242526,-50958.893452622237,78.941609022048354,-115.34161990457081
-0.010320545858750751,0.060951776170828711,0.23277003042172123,3.8248068928096307e-05,75707.270214188888,-24880.395985553831,174.75252539449951,-61.471947201439157
-0.0091818369094593122,-0.055193230237478838,0.23278516557229045,4.1540534153069688e-05,79928.590990283803,-17419.04204521982,183.68889594682608,-45.322105848292054
-0.010393235342027378,0.036579139052333995,0.23276875288055263,4.0972708974179088e-05,85992.267752721076,2109.2918996259173,204.533409642756,3.8321125341214946
-0.1156443237766043,-0.037066042041732132,0.2211222278166754,3.1028205603860599e-05,22218.389248094089,-62294.984015840128,43.656486737898966,-139.76075962529899
-0.0094552801633437135,-0.0028383330626694033,0.23278523774605284,3.3694202223912928e-05,87157.225640911274,21828.329048494877,208.20234768659714,40.664851697719534
-0.010468088067542921,0.0064622513216728815,0.23276059254632794,3.0123818086006814e-05,87047.738825275417,20890.535989949669,212.26886043170859,42.508634748575886
0.17353244421061628,0.12982534076277125,0.20102321180504049,1.5133198122459819e-05,14317.138810150429,11373.834244632764,28.270714343792292,12.443289621263339
-0.007546733340248332,-0.11880816333861505,0.23281566584430111,3.2695977514385176e-05,-30719.160603392585,-17850.744767807679,-33.450072020969891,-14.165302779892579
-0.0086610212003585367,0.11783062204366654,0.23279919710410607,4.123313900072627e-05,-30137.153120026818,-20391.544885365332,-36.246048483170583,-21.430456126134914
-0.0079748170832063918,-0.012532962082802216,0.23280645320956492,3.0841184495936058e-05,87224.625670877896,19011.143397390315,212.82614857102652,38.739833235351469
-0.0075304275391050255,0.012430209206455951,0.23281160062869044,3.6114790435531671e-05,86951.659840765016,19602.457010309048,209.43439221100479,39.627446715039163
-0.0064491911746974856,0.09285714285714286,0.23283807073187748,4.2251041662221103e-05,24450.255484302554,-52427.286260207242,47.75873500020009,-111.74872062676759
-0.0065284026279687438,-0.072007665760809914,0.23283667856497767,3.6905286235018286e-05,63842.6317281433,-36847.07932887083,145.70513187821547,-88.81779970005816
-0.0057506917229554269,0.066584105415695885,0.23284282606955467,3.8795304322153208e-05,70744.469234521952,-30724.257213376553,161.4136133068875,-76.954025618673995
-0.0068607732881558175,-0.049441817398116227,0.23282890257325722,4.8168307752012314e-05,83009.812978098795,-10877.795135351818,196.80791305421079,-30.209035224405781
-0.0062453958991346608,0.043492813005599436,0.23284152178490858,3.5719586234728508e-05,84897.808315782124,-4020.6427923701376,198.75493844132322,-12.653687280201094
-0.0041230118340945081,-0.030138156013333816,0.23287895408582732,4.0250412114792137e-05,87326.637031875478,8093.0336917494442,214.6212665764119,13.165120878742336
-0.004590160577295283,0.01898596217962556,0.23287074379563943,5.1007913056931685e-05,87131.641176773774,16190.438694071852,212.69367854692581,35.29085506561664
-0.0036530334672174427,0.12411664223518581,0.2328799973457843,2.0013365523172849e-05,-31358.346484989244,-3234.9736755521894,-21.981595193943388,1.0783265847251573
-0.0042942599913771209,-0.11131415837762429,0.23287594434409969,3.7295670925434507e-05,-20099.077485014022,-36383.003439170781,-34.585809274039228,-51.428100591675587
-0.0039671689722670916,0.099285507474617049,0.23287918877315594,2.9258744855136032e-05,8615.8159381453206,-51545.52319727037,10.430059357073757,-102.7718392050274
-0.003987943699756435,-0.0068958168751957396,0.23287508902618781,3.3711321250423808e-05,86948.20003628399,21436.39883062166,208.77342662768396,44.988624946148882
-0.1247721117516306,-0.089308502343554641,0.21952623171038557,3.2118592129855605e-05,-35096.141654483872,-30567.849514316778,-71.945500731396223,-58.122722387092217
0.010801361250209229,0.11342394320898233,0.23276157993577182,3.1698851333981888e-05,-24636.358025296136,-31594.731063801428,-36.634508398034662,-37.81076743306857
-0.0021497303915657988,-0.09285714285714286,0.23291363514512897,3.03825292607751e-05,24847.256896755924,-51971.171490461027,50.731320759798685,-113.13920070011663
-0.0015952681345346364,0.074081186822752984,0.23290768211459817,3.6016510853155576e-05,61781.649086443686,-38672.881018963133,133.053108736056,-93.493726691290178
-0.0021296777294634744,-0.067234802113474698,0.23290867972309356,3.4447132119905251e-05,70081.427213753122,-31313.469766609447,161.17394877541275,-79.180965487063986
-0.0029263854384100393,0.048852116272897518,0.23289998518159311,3.1861343805505589e-05,83406.769050433461,-9638.7491136723202,193.7816997131317,-28.281069163795483
-0.0018672791311831239,-0.043710423358199836,0.23291179615501123,4.6228638401745969e-05,84995.134430105492,-4936.1281446872026,204.97751938722527,-14.662654577524153
0.00017096513177615544,-0.12900716935031104,0.23293936843178906,1.1027403097010433e-05,-26989.971698298752,8744.7923452677514,-15.731762189554892,9.8437496233678683
3.6778432128160972e-05,-0.10489004235407885,0.23294933535172871,3.6088835118419741e-05,-5421.0739218043291,-46752.069682393951,-14.003523513826828,-81.089979316084552
0.0007763187520633245,-0.024079705570912324,0.23293777329870835,4.13436646628232e-05,87147.216394776769,13046.388995672542,208.57499895404712,28.302068617316142
0.00083060611282029066,0.00070589748966382818,0.23293681918079229,3.4080086489957454e-05,86900.425957331419,22113.023893689351,207.77343573849478,46.960176881502079
0.00025823670386846103,0.025569308497505619,0.23294093975882882,4.5318404924468049e-05,87204.690201426682,11830.453702914225,210.71350629888181,26.643006370653822
-0.045658077626029928,0.091805842528696613,0.23071435106539481,2.5120526298867883e-05,14857.473708033162,-56332.771689990223,30.172798190994385,-117.41081832418661
-0.000385707080657401,0.10496615276299345,0.23294463842511551,3.4985389186890517e-05,-5577.4641077996621,-46587.57374843405,-11.988405927084418,-83.458514283125837
-0.00091846226174552986,0.12910142465681657,0.2329352750805716,9.9999383536059312e-06,-26870.971142518898,9127.6480108906926,-15.042475636835261,8.8781085710794994
0.002485962042296945,-0.036135327026225683,0.23290772576516586,4.1349494680938322e-05,86496.199951042829,2746.8550772194631,210.49454064950012,2.562178947631474
0.0036488292346427936,0.056142607996433655,0.2328872879983129,3.3280054696972544e-05,79688.317225427847,-18068.465455084537,184.76814511700098,-47.712133075183928
0.0023314635258747962,-0.062913024314897828,0.23290600602300304,4.0519945640514593e-05,74602.864180105753,-26038.615472776379,169.53177963284665,-67.795372353189194
0.0028353966041941531,0.079725177778767919,0.23290158433977051,3.2159234952502591e-05,52709.377123416387,-44253.55069170444,112.08841237097975,-101.56344028442844
0.00326395252225266,-0.085767444501028009,0.2328940523309613,3.6394056797296329e-05,40819.270257228993,-49119.750678446595,83.666622265476121,-111.28984951866825
0.079257729078817785,0.046400257767264003,0.22650919144894102,3.1705516661283339e-05,60724.441476805609,-42066.306667490855,139.19948500107017,-98.484149356950567
0.0036094947030462878,0.0069375518026536494,0.23287672687703517,4.0284112406557697e-05,87082.133284668394,21074.725339633151,213.99823908571778,45.713593770734128
0.0046248417684331238,-0.099520322466120692,0.23287013426249298,3.3844335765338679e-05,8192.8749037508805,-51325.457526595477,10.198812292738173,-100.71029809776266
0.0037900388699386358,0.11122913252792946,0.23287881638947433,3.8209446207282419e-05,-19958.054680810747,-36578.85942013243,-34.201821299754982,-54.688328407531614
0.0045690951342889459,-0.01923310845905888,0.23287111402761057,5.4124989909702764e-05,87177.275744243831,15859.520962726327,212.03254540981987,35.458669366673995
0.0035694822903821841,0.031030281705669776,0.23287269497732449,3.0034264442255566e-05,86996.826552839149,7927.7347242869628,208.85070916853817,13.872123325553702
0.075331847431611629,-0.084057583976110295,0.22709041048946219,2.7508189204438807e-05,14458.938424120757,-56378.004656743033,27.904059444602357,-119.77452534950562
-0.029221967252501983,-0.12906287516258971,0.23186721387968781,2.5705760306078504e-06,-26946.848433909301,9827.6127166901588,-21.176438741461975,13.404848181813684
0.0069339916839286459,0.037321955760912122,0.23282387247610073,3.4038658108581243e-05,86228.253312511995,2413.8420424303349,204.16335858618842,-1.4719787882269286
0.0073651707321923448,0.06153119430557262,0.23281710729536514,4.0758443229591171e-05,75457.823714213358,-24961.491672941687,175.24220186565083,-63.881738597206407
0.0068698796002139581,-0.080514715561253669,0.23282864910272028,4.1095456662599119e-05,50685.805061224506,-45446.87515945069,110.06564125864631,-107.83494133869233
0.0058766064855235774,0.085976603366756305,0.23284696817945832,2.8283522767141238e-05,40283.904111104988,-49424.18578535039,83.927697355267838,-114.2330361260221
0.018950167818240885,-0.058475475891872332,0.23252076949791034,2.4808602945589808e-05,76516.862133109011,-23942.042312598482,176.60972404591203,-60.272223014904071
-0.20000000000000001,-0.063895156538484418,0.20414890771843719,1.4669771422493424e-05,8374.7866800578704,26746.049757657391,26.08055079805138,45.754841685489801
0.0028629746602658575,-0.0058787781715284601,0.23283457218860396,3.9309542535848291e-05,86939.552559934586,21467.538241326354,213.43450061618472,47.610468529318382
-0.14681597922685577,0.065583356003603113,0.21629414960798565,2.8926451954533884e-05,-43611.606332497038,-26430.587094801042,-91.116610937759518,-56.001219231193772
0.10787793492009301,0.082280394918511593,0.22227202638044713,2.148638915930965e-05,-13300.105129043237,-50429.991206099054,-26.817405997429145,-105.24801324212582
0.00786651015150229,-0.012341379898214216,0.23280815284233758,4.2335434951033564e-05,86931.871737198147,18642.351142061689,213.56795188440859,45.357232917281941
0.0074657500788789166,0.012743837728446453,0.23280953599729376,3.7107233294713316e-05,87039.176410550499,19574.965957566725,207.24456767018415,41.104233440390743
0.0078064793671083392,-0.11729148251324335,0.23280574933094936,1.6925881191246556e-05,-29440.436263917032,-22026.353365694402,-35.759624947940985,-19.21450845297554
0.0072734437087536036,0.11911915204312927,0.23281943750333525,2.5761228921468119e-05,-30937.691014472577,-16895.338219407571,-33.071579466004231,-14.109015624246609
-0.090039537098116504,-0.024435995998265476,0.22491296602107583,3.0566393009290224e-05,64602.465226522152,-37642.551680245277,148.3546560883189,-95.328931260977868
0.008612408293982474,-0.0065186687898143173,0.23279128630983209,2.8639161497255217e-05,87188.297111914726,20588.837776245451,214.14036721075982,43.484380114161759
0.0095238095238095333,0.0027319322732341322,0.23278403332038752,2.9694993747165046e-05,86922.37497500793,21296.211808692035,211.08957279271158,47.351860074210229
-0.18589304006164201,0.057070151987598683,0.20870121641246231,1.7377455462492974e-05,-24675.097379622839,32060.106191642913,-39.260800566603457,54.532339227572031
0.18606901403038678,0.11238688755678285,0.20012521300095043,2.4542890154992326e-05,7788.0095774470592,21509.471692097381,16.217960897656425,34.860221610334897
0.00099046134624625973,0.013374893916999512,0.2328612703427736,3.41592746561624e-05,86849.888373172769,19497.982746033478,209.10597692676464,43.866113243069634
-0.099940575145386096,-0.083654978109767103,0.22344713685169867,2.3390599083217311e-05,-6611.1216413802304,-52170.044339521395,-11.468568940854034,-112.83057746623776
0.011287693251083723,0.044245984072987764,0.23275204685894604,3.7955835394382093e-05,84411.146251770289,-5693.7191257513578,200.6490580691152,-15.868802996529322
0.0097264013292693349,-0.051368492456277483,0.23277895530343135,3.5350801325631181e-05,81951.202703186747,-13057.633142574889,191.32301766190758,-37.844764445947796
0.012500631272577266,0.067910503390397198,0.23270683926591682,4.1046838707522391e-05,68554.404995669742,-32972.618970565221,156.61031240897609,-80.469640153031037
0.011510454793853276,-0.074652738637764518,0.23273534256897943,3.4143434550784884e-05,59919.640681162702,-40297.573989409146,130.53573139686901,-96.653748071295581
0.009430937842501437,0.092395434086648687,0.2327779401644752,4.4389042502906723e-05,25382.394211210842,-52305.846935749832,53.005113063152884,-113.78078618555175
0.060101915071128456,0.085280397569277508,0.22916010193008343,2.0412436879041068e-05,21804.526537502177,-56726.172995236935,47.026648576469185,-119.24004227420411
0.006642659891838233,-0.074308729353584818,0.2328168565485319,2.3025896403744554e-05,61021.112935910605,-39090.487208716906,132.17220558204701,-94.504274524972104
-0.18188398674266884,0.072479252428234178,0.20809280146930134,1.9502185634048437e-05,-24449.913057949419,30004.187987225643,-41.535703903292948,51.036361446679734
-0.14915714782491832,0.025400794951729776,0.2161607202652758,2.0952051916754873e-05,-32455.116127299734,-45028.283847306964,-65.653538950236779,-92.403773548812708
-0.14868160492118793,0.12573593370963432,0.21032356806883853,1.8022216947290876e-05,-638.89968315326109,22465.521534397765,3.0447090775989558,31.103796641232289
0.01125038468662286,0.018580261959872963,0.23275368820371045,4.0086334945880312e-05,87410.91955957943,15857.629622687591,210.78989355484634,31.389908949384587
0.012775540612734041,0.099047619047619051,0.23272688309523601,3.2416526720552959e-05,8532.0459116151833,-51678.623260870372,11.252475670713707,-101.3475600879607
0.013305759788248137,-0.11160400195791127,0.23270673113340851,4.076744701841697e-05,-21297.235985834763,-35635.540388482739,-34.06263573177349,-54.253703538733873
0.014625125402360134,0.12394137530972549,0.23266468445449984,5.9083207646425577e-06,-31634.679021791337,-3678.3401310084892,-22.107785979306406,1.175945783546775
0.012466459087109963,-0.03055661456726488,0.23273231530297292,3.2604646616342455e-05,86476.604752552055,7153.8032007436832,207.39013311707149,16.716877725997513
0.099601938702221268,-0.10920497625713975,0.22333214168975984,2.8758140482605341e-05,-34089.938556498681,-14417.338998943218,-56.426935816050587,-26.376387285490228
0.11443637050819257,0.049544284681306498,0.22130106291736171,1.7164892985692526e-05,13467.241992009511,-61582.737364095752,36.375568298823815,-138.21731836351196
-0.011659088401867098,0.1062893401810111,0.23274650510378378,3.2329430307605068e-05,-9671.5283720500211,-44927.875058790705,-18.220944884407764,-78.224742944483992
0.015071459154576446,-0.043286288397715041,0.23267876999802961,3.5799015500768929e-05,84356.651903406964,-5110.1070230072564,194.53212789496715,-13.627504360028572
0.016257681386984045,0.049237271444510455,0.23262765104717645,3.2101554423910464e-05,82740.161367894572,-12307.689402664593,191.32975268773632,-36.318668135588986
0.014937443008986648,-0.067259183393804184,0.23268414979364282,3.9280482309117513e-05,68956.71518156919,-33130.828039297608,156.5917141110736,-81.062874989932283
0.014935562376480416,0.074524485098539983,0.23268777541423805,4.0665014406645064e-05,59452.255715361018,-40874.057172194662,131.727785494508,-96.380290855506857
0.014902835913671727,-0.091943523074505429,0.23268498430745119,3.7722429710342886e-05,25477.264289779891,-52929.413418591008,49.793129782923984,-111.99800620140837
-0.00018146994909759529,0.044464541261651599,0.23287710802822795,2.2291614850782234e-05,84775.886618144941,-4639.3009600509395,196.89902966961839,-14.224152936184467
0.016201392791675123,-0.025744311301786716,0.23266660478331533,2.8450295252976812e-05,86902.511291549992,9721.0474471000271,209.00741352863912,20.117522123202825
0.015719935148381957,0.024796595542116988,0.23267513440936821,4.463215282761727e-05,87011.01032897699,10249.53099519129,209.90026114615975,24.089817107396883
0.017729082500067484,-0.10574351354434496,0.23261553356512898,4.319080315034011e-05,-9375.1176063396742,-45767.540380443184,-18.350905904060511,-80.224834162040409
0.017034468007499661,0.10388465255470448,0.23263389648386804,3.3657358864007832e-05,-4811.2902824760095,-48306.683520752042,-14.369926597346828,-84.488388081267445
0.018218965260675471,-0.12939639330772221,0.23259255395288095,4.1101120430904678e-06,-26496.576216137102,9961.3308932958553,-15.371631001103415,10.459020142793534
0.017049504470327513,0.12848167323064733,0.23263463428679571,2.2824351975710802e-06,-27739.931640375988,7892.4163822798737,-17.897066667195819,9.7524566860155044
0.018865079712396336,-0.037007290233285299,0.23255849835758619,2.743903274015989e-05,85831.12969735323,-821.05393618867413,207.19630306648102,-6.8761581629224091
0.01911338228652415,-0.012871165904816535,0.23254544980610359,3.7497092515948221e-05,86999.010933089259,16810.748528808796,208.24338892045697,35.888172039691568
0.019311370038330587,0.012704431760193322,0.23253461083405025,3.9066437026290443e-05,86977.567816946888,16987.489344164245,208.06239097218258,36.880078318677946
0.017598477449159516,-0.0066923712946141784,0.23258499774341215,3.3468936014570945e-05,86932.242915776369,19027.506694332707,210.26048589445395,42.684689384125399
0.018437715811647857,0.0059499757706612142,0.23256354345031349,2.8047655303531437e-05,86935.692673809244,19256.037770519499,208.62997287207756,41.204528318168002
0.019057050799237033,0.055714285714285716,0.23254841648335664,3.5183908394093357e-05,78456.73180402971,-20573.246094260048,177.54392076164737,-50.963348427468738
0.019830982537980973,-0.063416260746391298,0.23250469719877481,2.8454855334691857e-05,72269.820337458834,-29639.437187911299,158.05693019067505,-71.390266076819557
0.020287518946126994,0.080517044989223407,0.23248361432673295,4.5606860445754168e-05,47915.877401551727,-47942.486223815897,105.75327401773455,-108.37010021039691
0.019384721742858636,-0.086654580928933064,0.23253115981250069,4.140043731159374e-05,36371.064951599896,-51686.867648037929,76.495024814981178,-113.92995018583582
0.018467437259628267,-0.020517796566600039,0.23256779442438896,4.3032889087537788e-05,86801.066213621118,13121.414867968362,206.76481044951564,29.431540272559538
0.020176169004391974,0.03142282566914225,0.23246714585859943,4.5600815947684632e-05,86565.5371598364,3886.1961366759365,210.90386709071723,5.8847562223426833
0.021995360940874793,-0.100070371758383,0.23239367145034723,3.4215058447528688e-05,3709.9727142615911,-51954.509731294267,2.3698149301198179,-98.623747552809192
0.021163366129786716,0.10962112788510674,0.23243700797815015,3.901180271473146e-05,-18722.484086190507,-39468.503093191255,-33.175226252616056,-58.997212061474812
0.021156745152769246,-0.12279753360601074,0.23243002571998383,1.9490156973958237e-05,-32320.381037791038,-6376.3578959240085,-26.088324307396949,-1.4405820742084514
0.022726435236402595,0.037432914831200793,0.23235455406197836,4.3854984933668184e-05,85093.652113650445,-2238.9144364092645,201.69972507984366,-4.7802044260173453
0.023648335725541425,-0.05512923199695708,0.23230638728638117,4.5542966743096822e-05,77827.782868121794,-21738.508969275506,181.74164468902552,-51.190026400842754
0.023300652398831351,0.062477943190069656,0.23232315231766559,4.3195112275731649e-05,72006.670946096041,-30130.851273746848,167.40891034445943,-71.333632706418996
0.022944483397212865,-0.080325068374050942,0.2323352435333581,4.6102476289600553e-05,48101.130519011815,-48193.543140021873,102.84915298121136,-111.83024358786449
0.023451253951399485,0.087169669892594837,0.23231364518914374,3.584405507538798e-05,33948.110696806238,-52668.759131719678,73.458385724247663,-116.41554283791055
0.024934968641817788,0.01919920856662782,0.23223875464618726,4.2704494854443369e-05,86847.236599340118,11811.876202835383,209.71362812288743,25.309197275600393
0.025257251735629378,-0.1181252112648884,0.23222188516014097,2.7712744731688944e-05,-31592.308411856462,-18950.646390462003,-36.152793586549301,-17.508748294878757
0.024634969134036233,0.11660764338905834,0.23225263278533659,3.8440240018594577e-05,-30296.950641077168,-23015.760684271336,-38.245381395521406,-24.646237123699393
-0.13726083736006339,0.038434141869861924,0.21792194558368166,1.4271922875510144e-05,-18648.973743216633,-55412.984023816891,-34.815890073520478,-116.92834462971837
0.027443595587736971,0.043794154656059306,0.23210477672522667,3.8919494101322531e-05,82686.957137839563,-10786.593440246656,195.68483019274265,-23.582257074636257
0.027028000611788547,-0.049639491381530891,0.23212861995837508,3.8880770355477041e-05,80479.220033620048,-17053.548289669059,191.81389578197951,-42.070598673948851
0.02831070633627367,0.068266598251576882,0.23205348573992068,4.3894423546660564e-05,64493.943876459532,-38547.75315000095,147.97195538166062,-88.653908901442094
0.027835932315237736,-0.073984417227537153,0.23208584291195461,2.797342630160271e-05,57215.40610050987,-43587.504053526056,125.73058249544849,-100.74545866157344
0.027930701359164374,0.092387755913440797,0.23207925658260245,3.1248211180495518e-05,20856.919930783217,-54682.701991936898,38.87224397721215,-113.39092251162529
0.028327680785944841,-0.019132818629919276,0.23206018213294477,2.9562840017587975e-05,86678.988128946134,10812.849864131522,207.64900314106748,22.469951906292511
0.027824651830990997,-0.030737410078692691,0.23208618441355588,3.1824691809065701e-05,85938.434226763682,1953.4154813376094,208.543528455993,2.0120964826579697
0.028571428571428577,-0.012854056975928145,0.23204734524463394,2.8841922582905969e-05,86923.819424263173,13328.442149763834,213.78684028489903,29.817916708711653
0.027162684691184359,-0.0022975435124212747,0.23212153622779841,3.0200291158459571e-05,87013.79364205974,17117.880076553018,208.730671357246,35.335639099324453
0.027452750880754721,0.0076494729468371764,0.23210625999761295,3.1409085323476261e-05,86723.807151962552,16186.373798916453,208.43266718465864,37.11652897287702
0.029660145711605114,0.099848299983121058,0.23199000835313052,4.5380355767441551e-05,1907.5580166692696,-52279.110690315349,1.0443530552417366,-101.58586125270178
0.028466730138182902,-0.11129644032947364,0.23205261358329921,3.7252714421982234e-05,-23432.69305908262,-35664.580697218153,-37.524799559714666,-50.38047783832517
0.028681695498095478,0.12353316755684016,0.2320415380771178,8.8005269596964092e-06,-32428.038503386055,-3803.7303011707982,-23.766992336797038,1.8549513014403514
0.030053796607336744,-0.025003305499675981,0.23196913026225627,4.1090760585541937e-05,86218.929196125653,6193.7755219452229,204.63669225024327,11.588923767527762
0.030444524711662528,0.025282484626726807,0.23194664325817479,4.0435408052470558e-05,86070.722318804968,5305.2578868723185,207.9274430482146,12.409057349189247
0.031747741347111613,-0.044958804286207181,0.23185770110516618,3.626047555371971e-05,81618.315953136116,-13496.291316236959,189.53636092081064,-30.304943621664666
0.031207815332815414,0.049961299853551563,0.23190639892190454,4.3056284581285731e-05,79250.35206443505,-19667.009185801518,188.50402187915734,-44.752234800684214
0.031222182038428033,-0.06826343826078958,0.23190774427912048,4.1536789208290648e-05,63512.812217144114,-39390.503588994288,146.88909045479238,-88.31903823359535
0.031880227142311417,0.07472826895128741,0.23186982940121317,3.5808004187512567e-05,54561.500450010739,-45868.671576401503,118.23386319111717,-101.52657407228365
0.031046629356419404,-0.092465787375093353,0.23191698969715424,3.3390153004125981e-05,19693.137213989154,-54819.330579541172,39.332957428099043,-112.19689085425397
0.033823164419058568,-0.039132565095252342,0.23174199131022308,2.8703153158618366e-05,83852.629302753106,-8824.4688398831659,200.40232726935679,-27.655080504051526
0.033335994381857956,-0.10586605420412568,0.23179642112224041,3.7890477893187437e-05,-13216.029334922099,-45328.683737053936,-22.951361451965266,-76.174809532780174
0.033561147984477277,0.10593645891281191,0.23178194554388076,4.2737250292455057e-05,-13744.9789289002,-45410.429865054713,-27.368761564939931,-74.415655967832549
0.034307747110155454,-0.12923243601541051,0.23173279293868346,4.5748551125858578e-06,-26570.105929122481,10680.459248405667,-16.519886665088034,12.823161590273694
0.034733939038740683,0.12926765586250774,0.23158186074114429,6.9283587354493564e-07,-26399.677843250982,10775.429449614812,-29.555061791582101,22.36306663842814
-0.028282414327721758,-0.051195854697326695,0.23205982670998598,3.624356284290071e-05,79438.459342229355,-18353.029626604733,181.04468500286353,-41.583730198333946
0.034490386435936708,0.030229960658026512,0.23170739683491168,2.9607438388158257e-05,85142.227928351233,-332.98335738540015,199.33059714552263,-1.1642889944546189
0.034308718952929834,0.056007776685201988,0.23170874252973606,3.81054907371627e-05,74468.361558571662,-27517.630749211279,173.38111793976617,-59.301848113045502
0.034937772372022412,-0.060923347738907174,0.23166545798157614,4.0202365035845849e-05,70740.354409037755,-33247.122934019309,158.99540565289942,-79.788226066855401
-0.16634569782548653,-0.080368870757465183,0.2112550834299371,1.6002231340453305e-05,-37651.720370320145,15262.332998703485,-74.482225476374182,21.100267423509596
0.036173193954223554,0.080187053793309246,0.23157505002855588,4.4243533658921689e-05,43544.030216936095,-52010.90932074489,90.350590977950603,-116.07988710997286
0.03599735510951424,-0.085658082130800853,0.23158017457362251,2.9636933012509251e-05,32722.071550657944,-54387.381514298446,71.677628715934432,-118.19649138932377
0.035977056142881943,0.037026507599517845,0.23156314271715528,3.358055403124267e-05,83307.419493689522,-7618.6641033591477,198.12040697834138,-13.835641290342291
0.037553146846932395,-0.025255443049472654,0.23144390581185045,4.0002884316084723e-05,85439.905891131537,2572.5914430372532,203.09032165878574,5.3036525406554595
0.037636068294731588,0.024858626108455597,0.23144318804903827,3.6658006609787459e-05,85484.411273180231,2659.7645462131986,204.14062087188989,6.3930683214581476
0.038177394879138647,-0.098681235272785092,0.23139954674677243,2.9400293549664106e-05,2266.7025273454747,-53035.697104108658,2.4235852105199212,-100.10294719653318
0.038282911900807369,-0.018913956788754082,0.23139030686300799,3.3391111171419068e-05,86417.662842960082,6326.0074128770138,208.50256502328426,8.9515746385817092
0.037779076393682796,-0.011675029040194837,0.23142800715256184,3.6808206819297877e-05,86574.302426160866,9814.9054655341042,211.47149681568317,21.398183594847378
0.038443423044511399,-4.997622039254327e-06,0.23137625127001199,2.8129576595243161e-05,86751.033528506014,12269.031656938729,209.0431505262919,24.909272462178759
0.03857685652810082,0.010955918177840397,0.23136456680565579,3.0591384450118827e-05,86771.832228789004,10370.004363700087,206.70198942145527,16.622771090442029
0.038301456739513073,0.019596407888716281,0.23138868293398343,1.9741152969083441e-05,86015.675031628212,6102.2015831365416,203.29700664723583,13.645088034085203
0.03683888377757278,0.11135801330330822,0.23149425008880997,2.5111035426187622e-05,-24844.865169540335,-34589.601941291614,-38.691063578254521,-50.159427788373137
0.038567553723075805,-0.12428021658081594,0.23136538143097177,9.8303007135993284e-06,-32160.5520504005,-488.52027370170816,-22.222190452799587,4.0303631475373836
0.025925685736840721,0.082522063336418233,0.23218668232701717,2.4578311200278879e-05,42888.908815902774,-50661.576307640709,90.114101453623206,-115.69424983248742
0.038691242835916552,-0.056589243287909832,0.23135455025883001,4.0581589564919511e-05,72949.035700491557,-29644.728874557495,167.99469679990472,-63.8975460250441
0.039422341991944033,0.061696679698506923,0.23129052958126378,4.9187030868337815e-05,67947.973989435428,-35986.470166552914,158.31464965331213,-79.264858372840436
0.040158226258816043,-0.079150575238690707,0.23122207248611565,4.4099344464807846e-05,43879.15836194648,-52215.936272159095,91.645120156836555,-118.58297112969404
0.040822075409967948,0.086549604280494893,0.23116613919025766,4.1102905217283564e-05,28749.200915106951,-55601.274608438216,59.532944784961288,-117.30752540599443
0.040975630442198416,-0.031269730407566441,0.23115451167148884,3.8468560840191771e-05,84036.651189077937,-4641.8389784005958,202.69740019921244,-10.408554227504744
0.041934401598148652,0.044172532150898107,0.23107055427866624,3.60654220928414e-05,79969.072796211985,-18038.92123432572,186.70183729433739,-42.74788228982657
0.042343690505432227,-0.050271891148640439,0.23103189342764646,3.802481121429823e-05,76377.635627289608,-24545.146273656919,177.22482953140013,-55.727189267989267
0.043048021716741186,-0.11799144345325466,0.23096581168752342,1.1455379280733622e-05,-33246.922069535176,-16581.772765531561,-38.127870892955748,-13.915238871125194
0.042535159429962527,0.11778889310516924,0.2310174895135455,1.2667256109743572e-05,-32818.946196068908,-17319.783002492622,-38.369504036000315,-17.104909499405419
0.043534083146908743,0.068630820753016214,0.23093047383157844,4.0220960740217645e-05,58605.020823334387,-44503.288761642667,131.78111569631162,-98.132771795608392
0.04432515132236764,-0.073731820044248317,0.23086012812674267,2.9253417183389091e-05,51143.907927130669,-48612.908109531876,111.06927892886974,-103.04845180604839
0.045012560936780535,0.093145897068889524,0.23079065234764679,3.4524604356727047e-05,12252.824917045053,-55692.81214018038,27.200290472762152,-113.57583223913414
0.04478755219951646,0.030386833206537824,0.2308207104193318,2.8599509219299789e-05,83746.381025492316,-5385.5399934600782,195.96054776646048,-15.220183102480249
0.045382592314823875,-0.0437460179175026,0.23075865244138419,3.6386410413435469e-05,79023.822922962281,-19004.077771675686,183.84922804903815,-43.569584763637003
0.051207907832629643,-0.08231929707719754,0.23015843036376737,1.7578841319916091e-05,32350.992952775476,-55669.324719594544,75.458798045402389,-125.17106652708202
0.044762855422914465,0.049078663211973329,0.23082287305945898,2.8256049110102902e-05,76379.472227257531,-24957.531429556919,179.51416184997095,-56.618797650580689
0.046138819311259655,-0.036874048581717757,0.23070009463995111,3.3095779585217447e-05,81593.185732618585,-12444.733521175534,193.13135422447905,-28.618496129844946
0.047358312944952297,0.098907716964042242,0.23056631568542929,3.4426511788172529e-05,-1897.2738584179056,-52098.272319666052,-3.2587712681508014,-101.12076911590778
0.046181766750937304,-0.11061872785398902,0.23069862224631346,3.8117402390682286e-05,-25897.534871026688,-34506.555711944544,-41.834537320069181,-49.948581123284676
0.047061286062361707,0.12310802826909717,0.23061431276580982,8.9391992322339078e-06,-32620.246008155296,-1775.5063834001451,-24.765947862601841,2.5315828433525351
0.047089958270314855,-0.030551310448033889,0.23061909399634747,3.3719975917941586e-05,83385.470575678701,-7161.5568870027519,198.36136529189972,-20.694741276356861
0.047024537813595439,-0.067972565278117444,0.23062482271581233,3.6627438647187468e-05,58056.252469765037,-45093.613301127654,129.37230270815957,-100.53199415852428
0.04710216775425774,-0.018815754346529958,0.23061802483982019,2.5541523019972019e-05,85586.558103632313,1948.7431293342918,201.39748732456161,-4.4078158477158018
0.047910046941892492,-0.0071893901493866466,0.23054064341751085,2.4640267179962458e-05,85806.509132390391,6547.2364270428461,203.38399853322943,13.492413604083287
0.047495212492764928,0.0035271811482125142,0.2305836068128459,2.5220048003885581e-05,86353.310797419981,7324.9306125289631,205.56386394310465,8.1481857628981018
0.047602243702815628,0.013981204665729979,0.23057423433507501,3.0047921216422469e-05,85765.671762968937,3815.305472337117,205.86724774029591,2.3884769898280664
0.047962709443486844,0.021671677848220262,0.23053483072388473,3.8589496274282065e-05,84810.908582599368,-691.2435313960674,203.29825831828876,-4.2235561612103547
0.048703937650781848,0.074414920375701049,0.23046151054887129,3.7847729669729672e-05,47460.605180993902,-51230.35092634723,106.17212931710952,-113.21537883738358
0.046163626161350779,0.037749854809951425,0.23070021077616906,3.9930003387180678e-05,81273.755919734715,-13815.668025703584,193.60524897055009,-30.949873425321801
0.048200760201415678,-0.093044711605024547,0.23052182361696785,3.1043316175308463e-05,11140.948183751621,-55916.496245683324,21.605937186617151,-112.87078352836373
0.049601360611853197,0.057027945729016233,0.23039600034116064,3.0341645026719594e-05,68830.58854496594,-36026.441331801099,158.79240498753251,-80.732610682406317
0.051662238093704044,-0.10569536646975766,0.23017575210441396,4.2170907459626097e-05,-18432.417661299271,-42869.862484533478,-33.713622837402745,-72.022347366759519
0.049401271291966739,0.10520806715563853,0.2304166976120898,3.7695750930329838e-05,-16714.590924342428,-44030.739259560542,-31.072522631070669,-76.518361690368394
0.049667395822713914,-0.062400751447748252,0.23039339369683434,4.1046859359919339e-05,62993.497884427641,-41138.284774432635,147.71171877582583,-87.088963185666003
0.050900223923048347,-0.12913183897676675,0.23027483686460962,5.5274749188025475e-06,-25109.918290752132,12898.525018046577,-14.718092311376914,13.353365192117609
0.051563410186591781,0.12873047026000381,0.22998248892800729,5.3573629694970834e-06,-25595.115674182362,12202.539252429249,-15.693937103261055,15.294841645382608
0.050970347701797473,0.08096251691158543,0.23024146056850894,4.7784803671573994e-05,34827.198964821713,-55705.504849401419,75.403559733119693,-122.92954410377641
0.052150568747827863,-0.087798041278841069,0.23012558618414922,4.3267774756080753e-05,20734.327212741842,-56996.083799524211,41.457343517771974,-120.08173793360325
0.055572832111196346,0.043857490446539193,0.22971334297599685,4.5613802400787387e-05,76071.418642778357,-25265.211183716245,176.58854356341206,-60.229830349101292
0.053384547761821347,-0.055497670129479017,0.22997578288870438,4.2022767141923403e-05,68554.022618416435,-36295.814326677355,158.14776455322004,-83.677721692293375
0.051324542823649157,-0.098498024832870609,0.23020067556029286,3.8817648397341201e-05,-2800.1255287141657,-52332.743628860255,-6.410611658586741,-98.125872158717598
0.05469770647596274,0.063850194468938526,0.2298131136890772,2.5864319660129728e-05,59579.320046422457,-44270.0710852353,130.30980800407815,-98.432830367711844
0.055054192324723833,-0.036417756902538748,0.22977669637898349,3.6727291937255473e-05,79606.01719287438,-16988.513792349433,183.49771812258362,-43.173192429843063
0.051741236184439016,0.11166323987621141,0.23012526907648823,2.7078935509133058e-05,-28300.195976852126,-30580.973001165654,-43.698995727324792,-39.481524712453087
0.053822714970041902,-0.12319169230287647,0.22990386560871059,8.6286554385702865e-06,-32314.724432028484,197.76476140708374,-23.619028807378779,4.5232922182010906
0.055567765567514929,-0.050033709394979191,0.22971396186947934,2.8383700011194981e-05,72116.22805065116,-31472.512187929871,163.07568654906407,-74.588110001365337
0.055795910332598328,0.036059076314867163,0.22967990703352234,3.6577224653969925e-05,79451.275787618652,-18057.027195861945,189.96751486804575,-43.704612652054962
0.0561110822785637,-0.081500617230983508,0.22964759410626059,3.3021175583340132e-05,31364.540324145524,-56126.925769664005,66.011169271702983,-120.91944621637491
0.055130205274253115,-0.043823478536163571,0.22975171337133554,3.5110854104628e-05,75869.87963617155,-24338.63539772735,175.58626249930381,-54.132305852159284
0.054963543354768218,0.086622954412009429,0.22976995762614152,3.8721325632549304e-05,21835.927025794455,-57093.921834180743,43.567187457389167,-120.68778095402214
0.057551226147474162,-0.029028499532247398,0.22947167622015641,2.9491310786674115e-05,81042.887359632616,-12111.194434166298,189.2945208748076,-29.193271723247644
0.056912133205390972,-0.02221212101655113,0.22954702617826894,2.7476003468942641e-05,82861.17133186321,-6525.1107545999466,194.55870508897752,-19.001771362856566
0.056737819679065944,-0.012389701582427979,0.22956626626547985,2.8427224460233116e-05,84693.458762922775,-908.25392542361055,200.38171422181043,-11.849348535413645
0.057536056069722612,-0.0014168130661710403,0.22947352929058057,2.5913178727975881e-05,85165.904306447075,962.6610109952079,202.22396861875845,-11.150332859176165
0.056672791734469791,0.010870295880853326,0.22957344381131667,3.1249047864798576e-05,84613.172716365734,-612.61417993428711,200.80739492308038,-10.471677019891182
0.057569945085121428,0.021378065206233341,0.22946938964586883,3.4541591428434256e-05,82728.260076680133,-6466.0438217126275,194.29784158496028,-17.165910121596568
0.0570539734532838,0.028339030483318574,0.22953137037297,3.7679566446176507e-05,81546.73983979004,-11584.744527021196,193.25113789891094,-31.54670832475016
0.057832734248906469,0.050380380761030706,0.22943486719831455,3.6198035683858715e-05,70866.481422499448,-32954.400900446752,160.76668210329916,-75.813908489969862
0.05779883444784556,0.068561151143081409,0.22943326331003497,3.9308682514607368e-05,51619.692324533789,-49562.026690922343,115.96661600581388,-110.41187462255616
0.05962486933129086,-0.11819630176011929,0.22921311637137948,3.5087531902110354e-05,-33949.282978753952,-11031.033535672314,-39.382630186094794,-9.1682478950688768
0.060274427157476849,0.11927476827238395,0.22913718776382588,1.750325334830851e-05,-33365.953215008783,-8044.5620727562127,-37.444313932780069,-8.4572114059169667
0.0088074349046290638,-0.11327975673451154,0.23279662383591895,2.0759428691251814e-05,-24008.399873829669,-31958.472662424338,-35.655099263528669,-42.236692090874683
0.059437632451224472,-0.073749144175209183,0.2292407579346607,2.6990250147652088e-05,43126.380009679226,-53333.939291039824,94.469051721576221,-121.00178821932137
0.06147689221900348,0.093690807446837651,0.2289810313771472,3.1282101823094589e-05,3379.2351289824255,-54307.352867720547,5.1033149605192181,-110.03056898840516
0.063081154386237945,0.09982732759377333,0.22878879250351064,3.6676388474818299e-05,-10316.242920334376,-48020.525354169455,-19.71078694418631,-93.127512221585746
0.061176064922392533,-0.067559509993298308,0.22902862643058761,4.1561289869345639e-05,51040.804752366006,-49475.960611242837,115.64444503161151,-109.00828156110312
0.062583131094490707,0.043486360805451429,0.22885635070965027,3.3948003765057386e-05,73081.624057225155,-29121.149376677335,171.82246932366263,-66.861767110759502
0.062024241140540802,-0.11017940953066345,0.22892528404429133,4.3468309287516135e-05,-28376.222479352346,-30377.401447444849,-45.869389547381836,-43.080327740869578
0.061947471907396585,0.074323561689327605,0.22893466163600568,4.5552944869312993e-05,40533.114646342445,-54495.091344922512,87.459408769570004,-122.50714944134944
0.062538625224599437,0.055343133296534855,0.22886202838008149,3.5779510587548557e-05,64189.381871427795,-40264.696488582093,147.40152390674893,-91.736626467026625
0.06302314232627064,0.12380952380952381,0.22880326527324069,2.5830671420693185e-05,-30715.045415667504,4397.7219090909412,-22.89640093232822,8.88560755330505
-0.0053219014312667458,0.038693253752304139,0.2328244935115604,1.670189691451907e-05,86154.590500773396,755.37171246246476,208.99128497159029,-5.1030127831760765
0.063900633639778284,-0.0425779425143957,0.22869607708164436,3.9670071103301034e-05,72878.114313898433,-28697.017002976452,170.48680653088371,-66.470948470378929
0.063769935911513448,-0.092546578309884775,0.22871204220052679,3.7386955964111647e-05,4450.522390179538,-54694.993839348463,8.6813681047446778,-115.324324567511
0.064119745808072101,-0.062384204892134837,0.22866927123058042,4.187976906742326e-05,55768.538709309723,-46607.44121335417,125.98863168939003,-103.36782566148948
0.065277968783145041,-0.056877003081854706,0.2285278314694463,2.7061329151009634e-05,60844.043657005379,-42863.989648849325,140.98621824326992,-95.43967158540282
0.064938319430094718,-0.049864279692359972,0.22856932065500282,3.3547783728385401e-05,67634.439650596643,-36484.4281799663,154.64895917856876,-86.513664039758041
0.066462969605015867,-0.10480105295287701,0.22838003034475174,3.6555313483678467e-05,-21126.390715568192,-39579.100724446027,-39.13123415233423,-67.312891554354664
0.067024550751942982,0.10437693492764227,0.22829248079911199,2.3805767395236047e-05,-20299.396116595984,-40048.171220250333,-36.515108874457248,-69.913607922543576
0.066542217826640118,-0.036250337141012376,0.22837339966298439,3.9299671979353547e-05,74933.203041364235,-24932.13929156405,176.00315029074468,-59.283822761934829
0.066345122607606416,-0.028406541627351484,0.22839747543419181,4.1498045080078018e-05,78007.275989821617,-18465.804058526646,185.84166538076204,-45.568335625191764
0.066508095000834516,-0.020030797537604391,0.22837756786833746,3.7514759741903321e-05,80226.219467624338,-12663.479099188333,190.52453683354648,-34.752583031082445
0.06716939743818684,-0.0091610055212869006,0.22828456535409658,3.1520555432290869e-05,82136.65581507863,-8219.7741468704935,193.12536781220524,-33.181211634234657
0.066928018275929674,0.0015012794987497244,0.22831991897612647,2.6070367199609369e-05,82243.157782191163,-6539.262518962083,191.08555437268029,-22.755227567698444
0.06666666666666668,0.012258641836486893,0.22835819786451256,2.91128796864619e-05,81776.889076911728,-9090.640242290383,192.19693097876686,-29.307781672787108
0.067671064229980663,0.022194641469113877,0.22821108867957274,2.9454935955970116e-05,79782.743374476297,-15015.014505735391,186.14661617186917,-43.977472332533232
0.066736596456421896,0.031386353760178287,0.22834795559117949,3.0867298275409703e-05,76987.977994162226,-21174.310588198699,181.96192775338611,-52.381171046382569
0.066951663773709466,0.037284240773798265,0.2283164557359364,3.2944076548754777e-05,74224.018769040165,-26336.678528870874,174.57400658278124,-61.409442821244475
0.067053663065669164,0.079565399480854837,0.2283059365988464,3.2928505809240792e-05,28405.540477121976,-56775.728095661303,58.020511758510928,-124.62868617438853
0.068268110903307075,-0.12940653644630315,0.22813075432831431,5.9952955236812033e-06,-21282.625645702981,16814.40366967009,-12.70908638369856,16.335973560283769
0.066112939604250395,0.12898687230601927,0.22842583728332472,1.0016023792343152e-05,-22371.62384483391,15605.496141229052,-14.655846023425292,13.810310639882363
0.067635487411892889,0.061955879199808286,0.22822957089020993,3.4727089087670449e-05,53951.315184516847,-48205.529182205428,121.30043596072096,-109.05294711212339
0.067162829629142093,-0.08591225193299995,0.22828157622319181,4.8374593831531042e-05,16173.975826947793,-56938.167026398762,29.409584277393879,-122.91264079934706
0.0705637278693656,-0.099840965534638892,0.22779632119337526,3.2674298919356369e-05,-13696.4314991066,-45728.615773347381,-28.016206318875938,-90.382865485587288
0.070270981302239605,0.11067397479632206,0.22783753865128323,1.4711993584639528e-05,-29909.940684845216,-25788.554481417879,-46.430493751748138,-39.240151894800363
0.071805137765935806,-0.079922658502564872,0.22761253290482827,3.4605765182902309e-05,24216.100158569589,-56798.166602148653,54.55230843030089,-126.95753359151379
0.071532738227677584,-0.12424005090106463,0.22764633506880935,8.4378439672411357e-06,-28896.756106858065,7970.7605776804821,-22.08831457979748,8.0822809948961094
0.071448703786665416,0.088475449909680648,0.22765172998261493,2.9222486151485272e-05,8240.2090197442958,-55617.31702183708,12.906726831325193,-120.01311439395357
0.072566953244118965,0.067667209516672627,0.22749974762471192,4.6193375350823065e-05,43143.005769564537,-53346.74040496262,97.120551147436871,-121.23180586026363
0.073647446955007217,-0.073372627558344825,0.22733978266031252,3.5765105345698487e-05,34310.175756888952,-55996.005093806052,70.218028529511315,-128.29689297439398
0.073729964137581927,-0.049244248865275557,0.22732756615406183,3.76580005726856e-05,62551.642548873962,-40829.906166745153,144.15024406181843,-94.416154766954719
0.075835886864780128,0.056514281867882973,0.22701578844477074,3.3575016646317906e-05,54178.875221520546,-47620.358554156803,123.6362902526915,-109.69518222145777
0.07444716750921139,-0.11706861455871086,0.22722044951196202,2.689522573857042e-05,-33570.064429637154,-8201.40901935488,-41.066766680377611,-5.9677228649147089
0.075408119252201547,0.11811452071982684,0.22707461545949101,4.2121241596723989e-05,-33280.174630457273,-4835.8479903633761,-38.572988561163612,-1.9536771819279972
0.07474596061626318,0.049009992532432052,0.2271771498777759,3.8466342376901529e-05,62168.767082491126,-41046.270253008552,140.2198345631235,-94.327840110832469
0.075454866178884444,-0.067678449553958714,0.22707219780638072,3.7399329181551631e-05,41202.567656971878,-53886.406642741786,89.913236573984477,-121.96084957823734
0.075482247741678207,0.093559048796091143,0.22706528527682196,4.0885927302128373e-05,-3983.4996111735927,-50898.92765705011,-6.6965254069584121,-107.73602255035716
0.076608481037787904,-0.043005071907044022,0.22690140740012887,3.5213225016199117e-05,65520.463395343904,-37821.63974309968,148.97347928404574,-93.247548758814176
0.075777680732112773,-0.03731066686094793,0.22702374968616099,2.7428478453637111e-05,69359.114078623752,-32464.678378626024,161.28714158428033,-78.308511850311902
0.076469450112189308,-0.027095075040503923,0.22692199065465385,3.1289697419597813e-05,73594.526977690475,-25433.725169660167,171.40919248800907,-63.436606602884794
0.076442110547386699,-0.017397020397946814,0.22692603822334051,2.9325686435133057e-05,76592.699489204868,-19842.437919094718,178.65865997232564,-54.540786757489201
0.076420945752326538,-0.0065234056300525149,0.22692917162953638,2.3894753523488644e-05,78111.432935724064,-15897.208032062093,179.21049980797409,-43.801409534702394
0.075885977286034439,0.0040286788211976489,0.22700789065503713,2.4912537657225268e-05,78507.240854750591,-15371.536046994832,185.5997819864676,-44.136005603919145
0.076424494773584109,0.014261453388306408,0.2269286462039338,2.8554208024928844e-05,77031.470184851001,-18433.689364730886,182.00831179259436,-47.792599677440002
0.07654592300522961,0.026152150050757578,0.22691066899355625,3.224951611292503e-05,74125.291211162359,-24857.809516091573,170.48831275696514,-63.311108205357712
0.076190476190476211,0.034044937138646605,0.22696329219394601,3.4066657854909011e-05,70865.32685627896,-30225.960093571459,164.16593924093246,-73.534736132917047
0.075687884683082921,0.041058888219432724,0.22703690430702236,3.4590984371631841e-05,67305.792880223409,-35128.487622569504,152.7728159204745,-82.77864279495715
0.076059473845877551,-0.061516912530505743,0.22698217323281231,3.0646324497051853e-05,48981.676948012762,-50620.203950227078,105.48028983797909,-117.78752418280254
0.075575383555719522,0.074446652449137382,0.22705414322977382,3.9128023733826531e-05,30720.567832511366,-56586.785112865931,63.897201021583186,-127.95508891314188
0.075966259299016597,0.099579249812376383,0.22699100082503385,2.7333309930492109e-05,-15504.004352291591,-44145.280864087414,-33.442337688850706,-84.132681862191248
0.077540045978037764,-0.10962660281522889,0.22676349104670535,2.8079349531728173e-05,-30248.394781375602,-24875.581496078888,-51.164841027051608,-41.041651460073545
0.078697888618003614,0.063062866932997813,0.22659207472579959,4.3530096933712771e-05,44204.234855861534,-52582.805782598043,101.22492724864571,-118.89522617689053
0.080006732432282304,0.12373045949033734,0.22634599524921425,4.6198451786361232e-05,-27970.371594793272,9680.4378513043284,-23.384692059175929,10.792076782135272
0.080123199579619914,-0.093746961115621252,0.2263810602470151,3.1481317655414985e-05,-6905.5848354213585,-49491.714499164147,-14.163618276075516,-102.4629475574561
0.080084268797443403,0.081060401317184561,0.22638682387258938,4.1768138907342697e-05,15805.731462542306,-56583.592604612524,35.651222389395116,-127.16899659065308
0.082910919452182,-0.10547557152934464,0.22596440260497475,3.8579290572528269e-05,-27277.5393721562,-30985.810971542174,-50.693657395871867,-54.151391948841969
0.0824007150209492,0.10558994154471023,0.22604387857458144,3.7098763011526346e-05,-27268.921080528049,-30885.100347007225,-51.150200752610367,-55.347461314557002
0.082107172002812048,0.056814327410061143,0.22608733703988562,3.4718019938458011e-05,48656.499653070605,-50820.562808826762,108.18114024236986,-119.57956100301728
0.080877069408174213,-0.086703123476922758,0.22626945130466661,4.1814805137664455e-05,5302.075259544552,-54531.740732557468,11.006736182389433,-119.25030423558607
0.083728503988037606,-0.056289582251664957,0.22584730203488498,3.3419065179833359e-05,48004.662922361451,-51232.046471749098,106.46029502789189,-120.66526493985093
0.083940579417795383,-0.12937526894102139,0.22552071338770807,3.6430811019032673e-06,-17495.74605672195,19480.604736532016,-11.96700386588082,19.42162621696156
0.08407264521905361,0.1293449301154794,0.22565136494986024,1.8398817476897707e-05,-17482.95247425649,19402.018110727618,-12.587813507823395,16.502496514880278
0.083260164693480382,0.068006529145446137,0.22591663874441484,3.8272988215154735e-05,33701.687890799811,-56484.719989906778,69.310594188734427,-130.32379427563666
0.084294538596557791,-0.079569161176649708,0.22576350172666637,4.6375005821799052e-05,14872.723374674959,-56912.672634980714,30.085730308800052,-128.68406957170163
0.085342933314790537,-0.098929677719625769,0.22560828895486706,3.9122246960720078e-05,-18973.3058192424,-41163.168571200586,-38.752939045977051,-80.69261216147153
0.084978216091762995,0.086429803026396801,0.22566228462093116,4.4725231367363625e-05,2259.6623923788284,-54092.536820000969,1.3045890429189602,-119.91791174112706
0.085228591311145907,-0.061260360604674817,0.22562521706315505,2.797598684829097e-05,40949.008169739813,-54151.782613898722,88.418015608736425,-124.68584447924194
0.085343722023543858,-0.048876563695858827,0.22560817218809059,3.8236717409676049e-05,53565.032987397797,-48350.637160592341,121.76452415844865,-119.94757922805594
0.084321472165840336,-0.042167296800237154,0.22575951426481625,3.8374077847268862e-05,59400.354642029277,-42867.483944472115,140.04190112551984,-100.97275287089131
0.08570127002804416,-0.033192073520589574,0.22555523791069998,2.5297752867376923e-05,64049.692282926386,-38351.082600577334,149.42456693825218,-97.047981427311669
0.08543918701467626,-0.024392589933824732,0.2255940387843012,2.5832974524371311e-05,68434.071971355035,-32721.57766580582,158.65664069434445,-83.786578764167672
0.085307271961589243,-0.015843974443829588,0.22561356854792516,2.5639954777994506e-05,71375.269670136942,-28616.209447033216,162.8008600213972,-75.203640159564259
0.08540998252327929,-0.0037868260877759433,0.22559836245169468,2.9715083266470609e-05,72999.087247203977,-26248.090081870079,172.34462439458181,-75.551238938669101
0.085342924201487216,0.0061927275329074216,0.22560829030407367,2.8817437715032032e-05,72880.336091236852,-25969.090580915919,167.29689504375079,-70.369214942823589
0.085458909477661674,0.016563147714133652,0.22559111891252634,3.1311887317851633e-05,70847.696283469646,-29091.442681802251,165.1552063317088,-75.815137953651217
0.085316991813437146,0.028621874060087048,0.22561212954301549,2.6448084504440231e-05,67182.146912016207,-34887.312297582532,153.08973433822553,-90.500705188431326
0.085274487153897544,0.036656949274153534,0.22561842227408976,2.6484253579639643e-05,62512.120826624334,-39905.35053948631,145.2281237184971,-95.651458100165868
0.085052514878290991,0.046083065102368433,0.22565128483201788,3.294928708081783e-05,56211.264572380438,-46077.880993299201,126.49340360103636,-111.50749372663479
0.08422696231648294,0.11144996945283915,0.2257735062617483,3.0449907972492995e-05,-32763.678559330758,-17363.537162157816,-53.584435970881486,-27.698835406608442
0.085402850244592821,-0.072213866836823459,0.22559941837149755,3.4449636923461091e-05,25496.690777022657,-57225.362208996819,56.047994249420292,-130.69089039280462
0.087711474402759823,-0.065864792765520222,0.22525763111484687,3.4653191767760954e-05,32564.814767377011,-56855.648482735596,65.852257807708256,-131.78058214268484
0.086568601358273989,-0.12388441946068107,0.22531922476069355,2.4186891505361855e-05,-26732.085995580328,11682.279597621937,-22.772868019587857,12.926945062890761
0.08605017323260622,0.061683532736233851,0.22550358347890259,4.1556297694435976e-05,38960.896245475415,-55136.465978591565,87.525935779976464,-129.57976703207865
0.088706215981029943,0.073689957574577872,0.22511036158467648,3.7860096981926518e-05,19904.491678254151,-57664.635411128373,42.468292175441064,-129.29584967075917
0.089766877575503973,0.092494004570060309,0.22495333272602594,3.9336100977108976e-05,-11527.761421499936,-47659.283521857738,-27.536375661916576,-99.693824440690946
0.089526968044058935,-0.11815774752429237,0.2249042211819671,4.3604616227025338e-05,-32461.194695504222,981.18489174091633,-39.285451020838835,4.1688575747208434
0.090287807895091096,0.11744687302708531,0.22479206129674065,3.4325837618108535e-05,-32837.854762974341,-460.6880250163581,-39.190773967570593,3.0544355062960569
0.091222551821130454,0.099726857579994818,0.22473782302288539,3.3133671894248595e-05,-23145.080072485151,-37196.564356092407,-45.939962778603693,-71.609013842249794
0.092330366559459767,-0.062352819579089599,0.22457381323421916,4.016274586366613e-05,31837.372190733367,-57142.406968587231,68.213545103799774,-129.52477098810229
0.092096621317783123,-0.11184276667353263,0.22455312595493204,4.8935195718903586e-05,-33901.014531449153,-12375.930375080827,-52.583717011638285,-18.392234794964153
0.094207049952032024,-0.093231917551638177,0.22429573429498367,3.5520000749511021e-05,-15801.413459728585,-44911.332280798109,-33.209882890225472,-92.36138741189194
0.096012214556752976,0.067637123130019766,0.22402872289461243,3.8485675343103185e-05,20271.435138949484,-58840.152387310351,41.870234827358125,-132.83923363337902
0.093373796165760969,0.07987439709893486,0.22441933553745583,3.9022742421015453e-05,5812.313000785708,-55879.385967141621,12.044546770906889,-124.35570492289314
0.093412869050536654,0.061410161112992169,0.22441355087387185,3.9195534648629805e-05,31350.56859979561,-57434.725028176705,68.978698490681893,-132.82490922347827
0.09424146668451043,0.12380952380952381,0.22395428289869929,4.2022171620055364e-05,-25170.064749230314,13558.791147853337,-24.51818271559177,14.918833493768803
0.094484990892444332,-0.087218122183397709,0.22425482534817526,3.5330867848387625e-05,-6727.8062718276078,-51161.035083490402,-17.375228955412528,-109.38002685721345
0.095421841556625212,-0.05587160175116207,0.22411612645374113,3.1399891788300699e-05,35574.456697198882,-56621.186566971672,78.584530701919149,-131.26659041128661
0.095009244158221526,-0.049422255130202063,0.22417721068540469,3.6808081466317454e-05,42352.806782862637,-54251.258730831636,93.812139256933335,-126.77033749332276
0.096309813251072865,-0.042063985360926218,0.22398466399444258,3.2030874771243354e-05,47218.165803329925,-51551.360556069572,105.85267942058452,-118.54301487339013
0.09483482950867711,-0.033020851150234953,0.22420303243052356,3.0400044459842533e-05,55207.672921852172,-46061.579084248006,123.14350449173772,-106.39193062053069
0.095238095238095247,-0.023075233649339291,0.22414332973406195,3.6424640057080418e-05,59695.660532258589,-42276.145251213558,135.38044994091968,-102.50690184769121
0.09564313598697062,-0.011235681512563706,0.22408336424946795,2.9396524464358764e-05,63206.29225652125,-39209.01867255292,140.51712685847355,-98.107499662922692
0.095447134319654792,-0.0012732632545777562,0.22411238191002297,2.7016867816599289e-05,64573.371199677043,-38099.24471818778,144.67578312153142,-99.598512416721121
0.095561004179480866,0.0096752384157675914,0.22409552370169683,2.4387097740686179e-05,63251.261323593615,-38814.117910089488,144.3151933285319,-94.6515855726784
0.09571878804642471,0.020054828680195879,0.22407216411116512,2.7611828297283183e-05,60343.285992239966,-41973.289138043001,137.94484792695633,-102.07549642609879
0.095199936746404423,0.030932068354594094,0.22414897902355188,2.6467188599740618e-05,56047.736597287774,-45854.242011672402,125.44143814581307,-109.49036012963542
0.09532684084993466,0.040501004352202601,0.22413019112113394,3.1078926805829439e-05,49341.281791584028,-50288.441899623052,113.51811071023737,-114.94423189928322
0.094358628626416585,0.047034860488983067,0.22427353303261885,3.6400651430199785e-05,45273.757619357682,-52737.474481036465,101.31232539538479,-123.73854053538865
0.095094811733614254,0.05536085516872196,0.22416454257450918,3.7085858491117091e-05,36516.207784332204,-56159.671396061887,80.313932109494147,-125.04158262431577
0.095859703318959599,-0.069211444676325132,0.22405130188279002,2.7296748186153871e-05,18701.539489297942,-58436.233144394842,39.717271029473302,-132.11145207646135
0.09562811085178842,-0.10515113065636636,0.22405875050933433,3.8204776127837233e-05,-31187.998931148413,-24895.145393435458,-56.478158329168991,-45.268969941604865
0.096112515966506384,0.1051145266256749,0.2239854594100319,4.4885941716578803e-05,-31662.537871902427,-24806.505883608064,-58.722462645854407,-41.722553941627233
0.095083156835575069,-0.080885128908529752,0.22416626805919376,3.1886817929324638e-05,2492.961700287929,-55020.55077508933,5.1181145677795685,-122.3550856768983
0.096907460996786335,-0.075130663401078782,0.2238961834235674,3.1284707078063696e-05,8942.4023809686878,-57361.68016707676,19.632914496261293,-128.21158058854189
0.098076251177562093,0.087151760107513215,0.22372314634082077,3.0156631462367686e-05,-10157.603543906587,-49968.959171896531,-25.529126765635894,-106.80025140936903
0.0984899849749271,-0.099408368422284496,0.22365631572618316,3.5175703671489514e-05,-26772.956501439901,-33816.480540458368,-51.499118670048176,-68.023485747849151
0.098263498594323206,-0.12960027551780418,0.22294811879067675,2.1891011847246197e-05,-13427.359410243162,21194.552408834636,-9.4193324933818943,20.599856475878912
0.098591174128373871,0.12955766447479608,0.22289014308092939,2.4346482465634139e-05,-13565.396853427497,21120.957367680003,-9.231022509202381,21.161249208887906
0.10008028393649668,0.07511229385345404,0.22342645324052066,4.228838602686893e-05,5419.29301959247,-57079.148717670789,11.58506085727536,-126.33562288670694
0.10045101544695086,0.11154903251680169,0.22324092140161295,4.4657125018563518e-05,-34730.106831396195,-8885.1786635994995,-54.340836248724294,-13.474351107375146
0.10141482755389612,0.068209506552812382,0.22322887668815811,3.4512020010494642e-05,12749.267326590172,-59266.91935925604,24.057324240026038,-133.64333887328092
0.10154675775022826,-0.12380952380952381,0.2225678400274653,4.2276419486341896e-05,-23623.024896862218,15378.073704849892,-21.269170823618662,17.913411617394477
0.10280367665617858,0.092977659435617921,0.22302146982845414,3.4899097484783042e-05,-22038.655801076988,-41153.879423275306,-45.082384690660078,-85.46371645537198
0.10378919414214921,0.08069750862940471,0.22287735639430206,2.4000096692601477e-05,-6603.4744256355179,-53486.753265055544,-18.751039894707397,-115.01839771314833
0.1044811017975097,-0.11764580330673068,0.22226651956764359,4.1913455804070326e-05,-31400.047953193396,5754.3296852320091,-39.603250565270805,10.36355711002142
0.10573120654327486,0.117465971645517,0.22202653849955112,3.8240566891267767e-05,-31466.69559209215,5777.3389965241058,-40.351295522879226,10.952620251906678
0.10417141594804956,-0.066885536391174463,0.22282076920924268,2.9230214606727486e-05,11123.993512446476,-59353.372931510312,22.068155350261094,-131.48348094633147
0.10508360729130586,0.098481178791683624,0.22263826800377534,3.7690630889225688e-05,-29527.902554165496,-31619.70850653014,-57.47920846944919,-60.805423962544644
0.10462217691286389,0.063358084029160502,0.22275403493678692,2.5843210345590609e-05,14302.562731549846,-60062.658844875463,29.49666631995116,-137.71177041777472
0.10466944313959539,-0.05621756672241137,0.22274703726507428,2.8881177231596529e-05,22808.601942112295,-59849.671097202707,47.981517584806838,-133.50780408369138
0.10492950965120909,-0.048595242839552813,0.22270853493058348,3.2935822062117159e-05,29850.629656247136,-59135.040579335226,63.030874045550227,-134.71874458928323
0.104548245098181,-0.041743081447935107,0.22276498039624176,3.0047481141269982e-05,36446.658348466306,-57224.255111162907,78.420299495136263,-131.31029753314951
0.10415739414474956,-0.03162321587780112,0.2228228451095863,3.0639112580988832e-05,44192.198055961984,-54038.52333131367,97.399751850998854,-125.12075407337058
0.10476190476190479,-0.020564971410927724,0.22273334850411991,2.4519254254805473e-05,49106.602535784499,-51370.998006451679,107.53966722251918,-118.8693740120468
0.10449513152016733,-0.010554169454039137,0.22277284375678746,3.0168839518865558e-05,52504.120037055342,-49104.432277982371,116.49981033338899,-113.17817060720911
0.10553165582644643,0.0020260076608363663,0.22261938837608308,2.7738900495772002e-05,52365.219987328899,-49980.978402227716,114.37913109516522,-121.76309848644739
0.10532710941793798,0.010889551374619937,0.22264967106873124,2.3651668860073902e-05,51391.912899332863,-50244.513409512881,111.16534688526599,-118.33582590691111
0.10455557515035731,0.022778055696829037,0.22276389519646356,2.4096531674538859e-05,48492.510932453239,-51938.71823260477,104.18508110219547,-120.45785783423217
0.10564601011330903,0.034258282257191075,0.22260245844928894,3.0339558131267876e-05,40309.572497517365,-56249.195882223321,86.689380756865773,-129.74946756887624
0.10549697258166653,0.043714465738066574,0.22262452316211706,3.4896207031146444e-05,33309.036099718141,-58775.333328621382,69.905273389725224,-136.72251055848616
0.10410382261294579,0.051199385241274112,0.22283077626928807,4.217737983002192e-05,28538.805681040627,-59654.9495141433,59.379938945507163,-137.2635448658823
0.10488366696136672,0.05778288932984451,0.2227153218504653,2.8115155371502954e-05,20760.807888663257,-60364.695922526385,39.851800248483535,-135.02244164037745
0.10585979443017517,-0.074108251084386872,0.22257080810251503,3.1072185614757624e-05,-324.57769870263036,-56779.784373762996,-3.0289914260686923,-123.64925324413484
0.10634923894647447,-0.09369946247572794,0.22248162601590957,3.4535795284501923e-05,-25588.2425446778,-38313.156779420875,-53.884125005973381,-78.321056663979675
0.10640100720415313,-0.080235046295023274,0.22249068261798005,3.6885250685414325e-05,-8782.3118157258068,-52711.287098513967,-19.335404260255334,-113.06030939500174
0.10571333843710728,-0.086453978477290888,0.22259249062364503,3.4348225633858003e-05,-16509.195203033811,-47764.921096535028,-39.893208696600595,-98.131380662061574
0.1061086754904972,-0.11130998273693292,0.22219836020032571,4.9963126092296634e-05,-35128.012886622346,-6511.454630556922,-55.457019949308098,-7.3237083024629461
0.10868297552580111,0.12444601390429687,0.22103197287671536,3.8778631573118436e-05,-20904.671185253555,17597.102631265221,-18.20312110620339,22.051754534504294
0.10914955821273283,-0.10431962732115226,0.22190635346039461,4.3553166990711807e-05,-34821.428124578488,-18548.623617359408,-63.438956966258786,-34.527937620826741
0.10808417200958086,0.10439463534539228,0.22207584912758546,3.2618457549057858e-05,-34788.819107516865,-19104.85900692967,-61.801878997657042,-32.413636163740463
0.10999476871283816,0.08704817461855098,0.22195109790475562,3.4973800553957102e-05,-21349.485646277251,-44539.226992706579,-46.302848437066366,-92.130628385075525
0.049226661030306561,0.11695475580387024,0.23037484658227692,2.0944015784957869e-05,-32829.979928355206,-17937.14053623908,-41.050425702706107,-19.968985137430042
0.11120199004208216,-0.098131011857805164,0.22168589498801755,3.6258143873126897e-05,-32450.528202875972,-28128.786155993788,-62.759753714531016,-55.120344939449978
0.11199706121732576,-0.075023379935856421,0.22166219785034696,3.633741982299334e-05,-9291.3634295050451,-54191.920861239028,-19.165414604255545,-115.66970640469069
0.11294973359978756,0.072539747332512616,0.22152115658170368,4.4232399321079329e-05,-8195.918911623321,-55363.381142787228,-18.302465151350546,-120.64381409388987
0.11285970223775461,0.080721981603868315,0.22153430680838018,3.8984659090767828e-05,-17210.147199663854,-49544.778707502439,-39.451604307088786,-104.02302616272632
0.11258621145090893,-0.12951012860862876,0.21978513762004911,2.112648024602528e-05,-9579.0304075390595,21540.390662085931,-7.0652185420935867,24.576058933976725
0.11433243776966454,0.11201431633388383,0.22060118470281134,3.9810150526802882e-05,-34800.454173128164,-531.29849937870733,-54.727589491284114,3.1768297486785939
0.11388942389758927,0.093401818408730963,0.22130084071599318,4.0105884011749859e-05,-30581.727337835127,-33548.533219075354,-61.419277527527456,-68.322420936951417
0.11435277759773645,-0.068633452430983108,0.22131343868300513,3.2753958324482327e-05,-5196.2338020098696,-57321.682966478555,-14.950504251233568,-121.91065947593836
0.11397640249042255,-0.062383155778122215,0.22136916027586179,3.0864607976720558e-05,1988.4963059906406,-59779.492150445898,2.1931487227433064,-130.15254940404174
0.11374927048635861,-0.05543246863502941,0.221402786721419,3.1173542713869899e-05,9472.6736267363176,-61606.284113783302,13.328850615637649,-137.49392307122176
0.11479200707463692,-0.046710715622084363,0.22124841162460812,1.8968419234692967e-05,16085.467355032948,-61721.954060178985,32.49981987001842,-133.25185226705167
0.11425771996933486,-0.039116446761369265,0.22132751177754512,2.6065887511044703e-05,23082.656484282063,-61564.889602938929,47.967026814313762,-137.83679205270377
0.11461724392900764,-0.028003916763814772,0.22127428496388554,2.6129392189467344e-05,29894.801240885827,-60611.449894905621,64.898793275578655,-135.37660442266164
0.1147700336192464,-0.017934094232449772,0.22125166475137217,2.5024576114526727e-05,34543.325535348318,-59754.409528479657,72.521782771422679,-135.26430970718994
0.11512492291951824,-0.0064346023426775333,0.22119912408990267,3.4141423080065696e-05,36726.620890015656,-59067.482378012755,80.11841133341953,-131.43221030432957
0.1142857142857143,0.0041804894025573467,0.22132336727417787,2.3641015191303991e-05,38624.457060967274,-58486.53582057554,80.184752330971065,-131.99582616001115
0.1134603716329495,0.01444661475753692,0.22144555762728813,2.9797353316072636e-05,37937.952044777245,-58309.68742297947,79.702711960871142,-130.6128807628219
0.11394880713355096,0.02604000834889119,0.22137324571406014,2.4795011328577225e-05,32021.048131585463,-60044.933853226757,69.835384041705339,-134.00725781697975
0.11540765466228955,0.036743123408962533,0.22115726621260895,3.0238590993052806e-05,22469.523350806558,-62163.049109291424,47.287596109397462,-140.12523560511366
0.11477542745694287,0.043802989100604865,0.22125086620433168,3.9362856913666971e-05,18220.73933515331,-62176.111624573685,36.511380703135885,-137.13937018554441
0.11405769469727151,0.054474654651655498,0.22135712512485303,3.0673478025311713e-05,9918.6057362074425,-61560.512299829606,17.040701011996568,-133.86105191076564
0.11353224641534247,0.060371180770856236,0.2214349167074097,2.4959130715786498e-05,4780.2936274194089,-60197.836982061686,11.425200128151332,-129.41204707158585
0.11419075623099348,0.066380479153530611,0.22133742562703063,2.8296653774559962e-05,-2805.40586430961,-58272.79433389019,-7.7748298818059984,-124.84090051951458
0.11573373314392787,-0.079992610343583667,0.22110505210558065,4.0900610073798186e-05,-19545.40079581835,-48330.783996103222,-42.725897827842807,-101.63233359618964
0.1156985271521916,-0.12380952380952381,0.21951792233956435,4.0488398454604749e-05,-19886.032892791078,18260.451606029699,-18.023231165285232,24.156713514676099
0.11734759013342892,-0.088108800811171423,0.22080855494234919,4.2689914381162987e-05,-28763.002962832703,-38246.100586805391,-58.28091575006777,-79.077726693847296
0.11656648866727606,0.098843822863931272,0.22074595980548828,2.5892502834276179e-05,-35585.850400223899,-23082.756911786804,-69.328317465697296,-39.954918511893702
0.11571057289855055,-0.093888041093043453,0.2210161827286074,3.4966751488033941e-05,-32246.552458112765,-31738.72591155906,-66.11932931737573,-57.419088618497064
0.11847222074180837,-0.11830889080351525,0.21929043213372276,3.8181749611473791e-05,-27916.325457164985,12214.607122806077,-35.612697128861022,21.122641855722563
0.11962546540447662,0.11808083988995104,0.21904091282163524,3.7442270397524187e-05,-27885.062017187705,12288.889894736565,-35.375023405857178,20.885255290940478
0.12139795875456348,-0.1123098164422779,0.21907470515485181,4.3430961332601986e-05,-33580.502549851408,3971.9549511164741,-53.553071035045903,8.2861969198141701
0.1214949658661853,-0.10536390227699378,0.21954219204968561,3.6112148000969264e-05,-37152.644918179518,-7943.1635530268295,-67.009262421988026,-12.378078014535628
0.12254204418357946,0.10709834995112667,0.21919236293611843,3.3319985478987664e-05,-36751.018414844417,-4094.8074458473247,-63.040962291740179,-4.0696807158148136
0.12125160676907927,-0.098951183937170284,0.21985149978408516,3.3677497946923342e-05,-36808.552121945067,-19065.943263876346,-69.841679152588213,-36.318975165239657
0.12249643394024289,0.12380952380952381,0.21789621510729543,4.061734368931903e-05,-17482.885900567708,19679.910173866676,-15.346421107058418,27.141947050460896
0.12433838136209358,0.079694449430840836,0.21978416857820932,2.4011490130938556e-05,-28585.070299363124,-42526.677426094633,-61.630197352247173,-81.452066309201754
0.12264555673960371,-0.078694039950880867,0.22006097783029455,2.9713551078014932e-05,-25781.129628436385,-44545.131739422533,-50.927839298296568,-92.464957209395109
0.12337138861886987,-0.068598999517558851,0.21997825109571073,3.5401159475374308e-05,-18106.156120958261,-52320.758628435324,-37.978223217279265,-110.1736636616364
0.12298284244904001,-0.060917393747815365,0.22003577459038548,3.5706765494818033e-05,-10828.808788311193,-57037.372693132711,-23.896148786176649,-121.5943829387995
0.12308026925614757,-0.052925047818493207,0.22002135074360743,3.5278860940495744e-05,-4029.1769514897778,-60057.315293893254,-9.2903120745304282,-129.32518547151631
0.12437236359947819,-0.046239343712755239,0.21983005872260933,3.4195825564551651e-05,-520.95654324224472,-61297.974327051168,-1.5336796358089602,-130.46292557704305
0.12404828819219345,-0.036625716029454129,0.21987803744795184,3.3664045614231056e-05,7235.260943234538,-62904.15450562739,13.695821201586078,-134.72052489794288
0.12336116169764925,-0.026741094988930601,0.21997976517124168,2.6306106821002526e-05,14857.760463976751,-63299.885579002359,31.446451737826358,-133.93581108680667
0.12324177785742069,-0.015547827668540893,0.21999743971349917,2.9773009199602944e-05,20087.319509131641,-63943.039677720124,35.27792773509649,-139.14960963047656
0.12417696042097227,-0.0037626596968207277,0.21985898777807561,2.6169570778946818e-05,20807.246321503299,-64218.263871843519,38.57076148574739,-140.65227573737155
0.12442528194225314,0.0066678058338222592,0.21982222426625594,3.0375048100146445e-05,19784.40023943019,-64325.679252838316,37.541638731448217,-141.82005377812024
0.12344423683736905,0.018221657082317513,0.21996746606053533,2.5618097966632003e-05,18514.323115195519,-63986.333950922315,34.542325353223973,-139.30656186618151
0.12344039894263688,0.029005617997673743,0.21996803425328645,2.3299561292463647e-05,13334.526402777703,-63590.807200696247,25.880898897460092,-134.80354872930891
0.12495311511727396,0.040005356901720926,0.21974407960497733,2.7776372379522898e-05,2987.656161823184,-62279.799494225772,7.9890351890225819,-131.96858067649009
0.12434494928788502,0.049068543969216019,0.21983411735741101,3.3110477630002206e-05,-3086.3428518734891,-60722.123829787677,-5.8212659759302205,-129.16357904378737
0.12326182534192509,0.0566299420848334,0.21999447172292902,3.7876451074462241e-05,-7672.3910357351624,-59187.880150668658,-22.140722874289633,-126.15689846527492
0.12370224166760965,0.063446138598880306,0.2199292689539086,3.5692810750908279e-05,-14302.210411978856,-55404.280096011316,-29.700449930990846,-117.17047953380924
0.12396142394779552,0.070608899630716135,0.21989060464925969,2.8036565124083076e-05,-20757.92231202223,-50657.125891007767,-43.834889205049201,-105.52992700812104
0.12496467476534204,0.093520113796184912,0.21938086516908251,3.1084343418581071e-05,-37003.566556716847,-24293.724519070482,-74.752602200588882,-45.541526987296585
0.12413685036277329,-0.088046737705637673,0.21971167033980127,3.3723391428303543e-05,-33892.314569177084,-32521.809544054955,-68.533494389959344,-65.535879303757596
0.12635008164997841,0.11226348459905028,0.21797952090404238,3.2216129585987399e-05,-32388.86357842735,6604.3958657388057,-53.897616393683414,11.550334507114204
0.12742967123218854,-0.092667242183924609,0.21894649748780812,3.2328169084645671e-05,-37832.397506571113,-23126.261901416197,-77.005858528380728,-40.081574269145612
0.12524822247078127,0.086655471949396864,0.21956069107572151,4.0741773629440716e-05,-33922.164790206771,-33431.748527170588,-69.2407458671873,-64.997645073828082
0.12696715503670858,-0.12988804339292015,0.21612558815414978,2.0344752235116015e-05,-3694.6454081642855,21275.578084668552,-0.060388016049535247,26.838559243125637
0.12722852518536254,0.099047619047616761,0.21872175142820391,2.5122942100878146e-05,-38637.557015472063,-13733.518422026209,-73.466156767352643,-21.984469293618815
0.12896262092311497,-0.12380952380952381,0.21625230463022621,3.9149304914698417e-05,-14819.150034750915,20752.492285792119,-11.871150907070051,29.651067430388451
0.13027200214065598,-0.11772770643726045,0.21654740044692652,2.960352842076805e-05,-24452.363569072495,15992.124387049736,-33.802398355020685,27.121040520568457
0.13083399658412187,0.1178121945016012,0.21639950571686756,3.4192118316386948e-05,-24236.391111125238,16635.028783798531,-30.75246465560264,29.26726944597679
0.1306349321826562,-0.087298192659104365,0.21856214226866227,3.4863323837920443e-05,-37627.582249610074,-26737.181184066249,-76.459606426274661,-53.836772579325
0.13166608974698815,0.086666317564887074,0.21839321403851172,3.9217771930480658e-05,-38505.992408240738,-26753.820123292546,-81.876374198527827,-48.904867710940017
0.13136249271668704,-0.11165403649410816,0.2169004768099502,2.8876928417370631e-05,-31609.641445402925,9101.4782352646289,-50.451902574362514,18.950207921601226
0.13173196986854618,-0.098939632650142981,0.21777415916180753,3.6727550606096235e-05,-38842.340557181116,-9423.3848865170057,-74.745053160840655,-17.326169408155732
0.13082592612008662,0.093587638349955538,0.21826567781284595,4.2149646994289611e-05,-39338.8223811918,-18328.85226322458,-79.539786263036774,-33.228671586322029
0.13180844354850707,-0.10614394325012251,0.21723026751709612,3.0133174340999629e-05,-35781.723983634874,1336.2911239342081,-65.130566137736452,1.8889841574363777
0.1329746228499433,0.10609068697320477,0.21695414941005178,2.8243798801239951e-05,-35714.264221869169,2221.7306965881562,-64.159435770017737,5.1663180274861835
0.13208001045825149,-0.082097583376889424,0.21847142194791425,3.2162582561630725e-05,-36743.315954603757,-31567.214627083704,-74.892546433819689,-60.187633237032053
0.13364823883375743,0.081042340303912011,0.21823520311356151,2.0536666008490211e-05,-37621.644162502445,-30981.650503323461,-77.668685508626425,-59.498111796169887
0.13356015700903606,-0.075416603956624778,0.21837271440716097,4.4563616709149351e-05,-35245.653590205489,-36730.282510679514,-74.920374496247661,-73.33220004948366
0.13324363911332618,-0.067376983619441111,0.21849172564739311,3.3519779539876161e-05,-30389.656666446237,-44222.851192141978,-63.022259414815153,-89.30229118607312
0.13388102617003445,-0.06141551841108827,0.21842011843332793,3.4100267104791534e-05,-27636.058124018473,-47713.200718143111,-56.643552381299145,-100.67720523421417
0.13311958277398175,-0.054553731189381165,0.21853505016333422,2.8758131110641815e-05,-21898.590840839312,-52641.046773265785,-44.999753764629496,-109.55370390248345
0.13333031039290172,-0.043976685254026336,0.21850385235466696,2.5720356651858946e-05,-15007.493185194173,-57298.384788884199,-34.384857011030903,-116.53312444478313
0.13331972409264373,-0.034735775728690535,0.21850541963555606,2.9239449925925542e-05,-9131.8528022191767,-59861.598956088186,-19.49243190424022,-125.458529324785
0.13332572193778847,-0.022620565887679547,0.21850453166640327,2.926703278581705e-05,-2939.3584833562668,-62357.645091148435,-10.122372161691912,-132.40246273983007
0.1332617914092577,-0.01313930480647971,0.21851399645515437,3.1156922036411127e-05,913.4346210181784,-63395.752580713233,-0.99849998254664862,-133.4790454954053
0.13336940986524648,-0.00046272097277274757,0.21849806375484573,2.6440240636659153e-05,2657.6360105118451,-63997.483331709896,0.91702232005212903,-134.21949204858822
0.13363617107501449,0.0093280980992365651,0.2184585702834875,2.6603570617764746e-05,1043.2059143469066,-63670.388435527471,-3.6773785309486819,-136.10989848003726
0.13354119668441566,0.020608472180017982,0.21847263105483483,2.8389110136416065e-05,-2440.5631691467293,-62608.323890984982,-7.8593802516851703,-132.10041219245426
0.13327415843624207,0.031840989526927106,0.21851216554118297,2.5828176049753196e-05,-7506.2065135154735,-60990.348682161952,-22.010935916265353,-127.15182140896519
0.13450939455226094,0.041981468882788295,0.21832929126867898,3.2775764839581883e-05,-16203.08905759606,-56895.609791747658,-34.681214792152119,-120.72225714382971
0.13371108962659825,0.050187118010769499,0.21844747873957923,3.6071255707706868e-05,-20025.293123947795,-54278.325544060026,-39.748089572678595,-113.07452130040295
0.13265291852159616,0.059417497714053094,0.21860413888617186,2.9498179609964455e-05,-24759.769983875649,-50896.41692431477,-57.058084467829083,-100.35702346609402
0.13345611100874508,0.066672197412777912,0.21846812859835488,4.0177533060979165e-05,-30440.996621111823,-44503.171701991072,-63.529915983249296,-91.763393519707776
0.13316298891893849,0.075252931318991731,0.21843896855989395,3.3657704002923821e-05,-34681.045935847615,-37501.237570286627,-72.035042298889152,-76.356667673102891
0.13381272176113099,-0.092573409269193482,0.21772680358414898,3.3910468091815443e-05,-39872.548387368697,-16316.63746067315,-81.152772441495543,-30.406347521720829
0.13502722295819836,0.12398426198491455,0.21462616921053965,4.0697306762290923e-05,-11450.151405728153,21907.766827774438,-8.9186079585437632,30.52950560505959
0.13586937112573608,0.099849718300282136,0.21679594505314614,3.9947115460537516e-05,-38696.141051774743,-4088.9468654622078,-73.827285438964509,-4.6208026168726057
0.13772291631328076,0.11079311547957869,0.21538161986022433,3.0741897189705358e-05,-29844.898314491518,12265.207749660778,-52.546634634217853,22.262582359358348
0.13962857258549138,-0.12954442775522265,0.21256513348471265,2.3421520377004411e-05,1174.0643309824386,20604.791974362302,6.246850108683514,28.891656892280164
0.13946526549226573,0.12988552007208912,0.2125692247777429,1.9524608927597396e-05,1857.4578153326024,20463.467903912206,6.6302097784181928,27.369454339594146
0.14050483612088932,-0.092719218534948245,0.21628823084868545,3.2310744460234358e-05,-40374.581240053602,-8329.9268334894441,-80.799936690680539,-17.443789285513212
0.1399148720898104,-0.099278564565165831,0.21593828880975111,2.4473587714334431e-05,-38064.962151964755,-627.26538386067864,-73.803045679884491,-0.85368842643298248
0.14086482307333564,-0.12273089700066701,0.21312017251324056,3.4484665702441539e-05,-10456.751632799442,22550.734336199293,-8.5591075397404808,33.254099607113552
0.14064963786046988,-0.1056121424998909,0.21516926176943557,2.717180769251105e-05,-33673.554820160331,8076.4943592531235,-62.074851779680195,16.423566546595534
0.14142778361760736,0.10534520980194893,0.2150028276173031,3.9846551696629242e-05,-33748.195697076917,8647.1294642450976,-61.233840011059186,18.836870349778582
0.1407623579432658,-0.11719238023599408,0.21386261238017976,3.3421397579408879e-05,-19826.309370974901,20043.788479870251,-28.263861854791493,34.218475907957377
0.14228709013732069,0.1182540066396922,0.21332673437717273,2.9248272967229686e-05,-17277.993018615598,21405.495770784761,-21.977969723225076,35.170662395995649
0.14149034051850112,-0.1110466623149991,0.21439855953210871,3.0602019810839089e-05,-27677.49005211343,14968.201540173539,-47.762022573068393,27.031289082628614
0.14131992112715985,0.09222793996645462,0.21614514183900274,3.0971319421691834e-05,-40999.062670907559,-8027.7038183472205,-81.812367542342187,-11.414221776122471
0.14310875633816589,0.088200806251490071,0.21604204827331258,1.9355805272966747e-05,-41825.012989228075,-10405.041065716212,-84.747651173956697,-20.958548171913069
0.14311967751079069,-0.087589694634031004,0.21608077414153945,2.8826252072453891e-05,-41736.57522176249,-11074.952577160942,-83.724684263439599,-21.546783218395284
0.14217433570375254,-0.081780801351100801,0.21660096762699929,2.9495361297422747e-05,-42333.377986068183,-18793.570241028068,-86.76291094675743,-34.611379748777239
0.14141534246792112,-0.075552635753440844,0.21697526883004997,4.2789533120624821e-05,-41416.770843047176,-26159.275547551253,-87.520368719957787,-53.578120636502902
0.14339814464594938,-0.069148862956258744,0.21685018557105043,3.3744408038921303e-05,-41331.089876467049,-29015.10915120428,-81.99661900992831,-58.965059551870439
0.14339682733328787,-0.061809146475602511,0.21694929696101756,3.1428002608367235e-05,-39272.570995242597,-34916.247153459823,-78.42934643667644,-71.690042150154795
0.1430195684122347,-0.051193323429810443,0.21706937680103786,2.7006772496544446e-05,-34509.231660891171,-42586.915100922502,-68.999913653959027,-87.042893948964476
0.14285714285714288,-0.041812592506956459,0.21709342358435177,2.98924103040312e-05,-29919.685304335697,-47766.08635714202,-61.231091334925033,-98.838272737880459
0.14341174922513591,-0.031462737447058201,0.21701131520461975,2.7272005479997033e-05,-25923.7867248107,-51318.801984150668,-56.321895904655207,-105.49896096619661
0.14268674466626985,-0.020897333672677126,0.2171186507006802,2.9587315335263099e-05,-20134.813378904684,-55157.728739722035,-45.490284252032765,-115.85777132052063
0.14245762268220619,-0.0091492145209341093,0.21715257175885441,2.6529272374699851e-05,-16118.203079148969,-57312.095641420521,-36.870217385566775,-117.37022464222244
0.14175394248294734,0.0027575816195504702,0.21725675022550228,2.45226981071387e-05,-14037.889019814631,-58686.953863913259,-36.644135700570551,-120.32629928266668
0.14285823028396205,0.011785301096832321,0.21709326259295439,2.9621591836534492e-05,-17409.483857974159,-56633.579815954392,-39.871553281906834,-115.78823466027505
0.14279332134806,0.024412755600568915,0.21710287223298849,2.4055585202290851e-05,-21537.645587427425,-54163.321262334248,-46.540591882521149,-112.23550977225855
0.14309121923768803,0.034273234906729372,0.21705876903754295,2.4457933275709982e-05,-26773.293496704577,-50865.439950923515,-61.119749877634447,-104.18306474196281
0.14268215623263925,0.045157168365271477,0.21711933000923608,2.2417003512138502e-05,-31472.015379128745,-46278.863114401531,-63.925781219092229,-96.277825231175868
0.14329260895993157,0.052992699991355675,0.21702756499359044,2.629076964094846e-05,-36030.237884889684,-41156.630798789287,-74.519021263838269,-83.516136130295493
0.14285714285714288,0.062626795688160791,0.21703738246314616,2.8545754324884733e-05,-39181.831645760722,-35161.077005577034,-78.593072507111131,-70.52230385987761
0.14262386844489805,0.069429639405708621,0.21696831065671732,3.5307109716106269e-05,-41007.123308766211,-29815.938071553726,-83.209347836308964,-60.827861876600494
0.14159578050457533,0.077360385016192024,0.21688042241785127,3.8672308112981436e-05,-41657.973047287909,-24171.318573360433,-86.64252129532683,-49.223722457795517
0.14267511234317629,0.083543986824687763,0.21642174263685993,2.6554540724106475e-05,-42415.786183144148,-16350.137991590163,-86.019129382466801,-29.671997238211052
0.14351838822798818,0.099530386067326088,0.21507617294742126,3.84620728226977e-05,-37220.316034338124,3623.6937264855337,-72.752252735047691,7.0226321699802456
0.14700040643688614,0.12380952380952381,0.21120785642641576,3.6518125254559815e-05,-4853.3974036131949,23308.047152890376,-1.4227860914808816,33.500710957068861
0.14764643040765354,-0.098704245112958874,0.21412228403693465,2.7925893145486153e-05,-36113.746304056491,6992.8664986503672,-71.34678646979556,14.019730100443443
0.14707044854975096,0.11019347415009283,0.21301708251826521,3.4303321690221404e-05,-25465.699748324168,17929.292174610677,-45.846266040177198,32.167529383674598
0.14939448012796544,0.099008786627817966,0.21364403157616185,2.919833175747594e-05,-35160.481149389801,9149.4443625630738,-71.053530280807124,16.870622293341686
0.14968694718137585,-0.10442925720361261,0.21300466362908718,3.0593795214252577e-05,-30105.831246469941,14715.707673428002,-57.106662247790972,26.746541625245531
0.14749163737696203,0.10442096091003522,0.21356357922277161,3.1017107418032014e-05,-31433.220417447828,12885.843793043568,-60.895034412389258,23.126787437185651
0.15216775522670317,-0.11063841418888884,0.21153781426276108,3.8516064489126023e-05,-21250.347913904767,21271.927737644022,-40.428635692237435,37.604927963902767
0.15207238512862253,-0.099979206537077064,0.21284596401195496,2.7885354732906201e-05,-32849.011333624519,12923.943561535511,-65.276947401189105,24.6873201583713
0.15220953150265887,-0.12964642894514958,0.20861414937886225,2.3847053462120148e-05,7200.4616629151233,18771.962439781808,14.148573285681634,26.610565069523364
0.15169231962046614,0.12960625304161721,0.20860280432861933,1.8620564924797925e-05,7016.0154870607084,19019.945736761441,15.325004254186167,26.801210882029672
0.15228427239245515,-0.092545673085010507,0.21358678391737021,3.6847361120219605e-05,-38164.119124537872,6054.327632905035,-76.447347526027883,11.221741914511803
0.15233148685867434,-0.085395762163520822,0.21419860616527331,2.7882123371026707e-05,-41899.23081728899,-617.6931544273117,-84.631349105779279,-3.0821361476465969
0.1512070745875663,-0.079002883612537572,0.21488595920602313,3.6151625435208892e-05,-44264.079436596287,-8128.3928500696438,-89.75147048379894,-16.199843220250976
0.15252120110915771,-0.071700070295908719,0.21505378301795217,3.3299948443221564e-05,-45739.696055867789,-12128.163213559272,-90.529029010584821,-26.756826748855215
0.1523308826420616,-0.063034125997152926,0.21542378884291469,2.7490103162147247e-05,-46239.055349494971,-18903.853851114451,-92.098171807084682,-41.396717087584491
0.15194553687998025,-0.054802158853458884,0.21567423711939812,2.4385965646969892e-05,-45307.287511110648,-25379.848396684378,-89.224493684826584,-50.904455800404989
0.15225443404353844,-0.045663921952778165,0.21570040647992689,2.2979591221619165e-05,-43472.05546701506,-30384.677579929496,-85.117239577194226,-62.053415796537315
0.15217562630502973,-0.035955356490084092,0.21571384047528197,2.0409873861318973e-05,-40179.252686521169,-35663.436416528704,-78.646653683458069,-71.327109476101469
0.15231779299687093,-0.025736184571462952,0.21569279297674496,2.4434613073358536e-05,-37283.915448477586,-39679.118061394627,-77.546442489651056,-79.502235078982835
0.15241358560039836,-0.013512475065600063,0.21567861107058617,2.8209114576058883e-05,-34269.993054613791,-43167.102728643564,-76.056047199324965,-84.191012025571879
0.15141663656880705,-0.0037324408479146908,0.21582620740987021,2.6635750363153474e-05,-31355.652839034974,-45972.888027284695,-69.393225207483425,-91.080870181753951
0.15212493994968554,0.0070127858133564131,0.21572134449029517,2.6785597037973719e-05,-32583.107882304274,-44248.651991657047,-69.448042793897443,-92.202023335313569
0.1517608112771936,0.01903428785169882,0.21577525302261241,2.7922392859022309e-05,-34550.944102153167,-42619.758495934191,-72.299494555605648,-87.752756428885206
0.15190721065673304,0.030034156369075658,0.2157535788830037,2.560576071170817e-05,-38152.001041932592,-38841.922198804183,-78.060189641885387,-75.743321662595037
0.15240163425543549,0.041143960918118908,0.21567793076233524,4.2783681694761289e-05,-42723.823015077069,-32597.199121191599,-86.128650801692913,-64.848956110632287
0.15211745940575228,0.050302281725673768,0.21569292101023643,3.4215135125349187e-05,-44819.095363846602,-27753.247238732467,-88.075416182112775,-57.139978066304437
0.15205855898483314,0.060737930543536857,0.21556011523682694,3.4877895257116919e-05,-46200.248054247561,-21068.006004066694,-90.612239957150493,-42.560644596491919
0.15258647042586607,0.074965402595459502,0.21485527992044554,3.2975313143328971e-05,-45208.175519390788,-9013.4256397554946,-92.638872821444892,-23.386831932549295
0.15197283037439061,0.081408154951285325,0.21455685273473479,3.1917585805840095e-05,-43625.358773166976,-4465.3728458087026,-90.542486572404897,-10.96595811814851
0.15194905519987897,0.088590751659528677,0.21402593700219419,3.6721866021187281e-05,-40628.396203923825,2073.3443906282596,-83.200543453187393,1.5187533536739171
0.15096728339622348,-0.12297938694100526,0.21005850588527084,3.6073311765115194e-05,-3859.8536656860824,23666.570472506763,-0.50139812661466632,35.002055773783248
0.15217992193373497,-0.11682310053788676,0.21068449855895457,3.6231742983913467e-05,-12661.366757752381,23784.044615569634,-21.859708968835239,39.293798672886304
0.1524857928496407,0.11761904761904393,0.2104869577890337,2.573915782573209e-05,-11439.160501707294,24232.869974298304,-16.657382925164647,40.027885782803736
0.15658736012030597,0.11148257353872192,0.21015244354093229,3.7228200330924013e-05,-16896.055005946266,23807.111424578998,-33.394071745585414,40.95225813271945
0.15643605220555179,-0.1056805951130536,0.21098922471883869,4.3233720593630214e-05,-23943.808833969135,20877.296295889308,-48.503597364537733,36.567783281158796
0.15851388025407503,0.10445295275857269,0.21056327833889088,4.3879056674658942e-05,-23805.238633823305,21766.701878208118,-47.676527024356567,39.74607799171946
0.15757771730278813,0.12402137476723732,0.20784495971845321,2.6316091611802498e-05,1766.2446474844417,23205.697062035048,7.7767885870620272,31.632349394078066
0.15846659949640729,-0.11305015600126632,0.20935861005877363,4.0659333958137177e-05,-13408.669354998805,25027.995126971182,-21.920530590762773,41.57262384043382
0.16258787982678607,-0.11832328024560197,0.20717466988010258,4.110425796902573e-05,-2995.4577477062376,25328.047541541735,-3.7264918979567283,39.749825365948077
0.16157749519798309,0.11761904759864593,0.20764010622582604,3.6457293380882779e-05,-4701.5097463842567,25759.92982642314,-3.530283210928447,39.503920706353377
0.16243488780231227,-0.097636893054993887,0.21035510807282162,2.1008098934162941e-05,-27296.808388603924,20544.973245514724,-58.250770226158977,34.516908158440806
0.16117938770480417,0.0970361288894796,0.21077012531906342,4.1885359309652618e-05,-29058.735411241381,19510.073659486294,-60.197162930126375,34.973192449460036
0.16265961033203774,-0.092932034463541507,0.21087481621844609,2.8224391593781367e-05,-31313.991828989107,18090.161716764065,-65.552088967403193,30.36677699238426
0.16200882974192513,-0.086182506236460052,0.21177634979537499,3.455844752661712e-05,-36880.042539606555,13272.266341470413,-75.876930208857388,21.134616815383922
0.16225133788074428,-0.079632694135940124,0.21235499127536409,3.082892007886816e-05,-40833.226381417393,9518.478842560753,-84.222300518961958,13.613436691884955
0.16172916318920727,-0.071016139736724937,0.21316624430585365,2.8179773608132472e-05,-45124.055789897138,3113.6188666368616,-88.197001701594374,0.92719178366830646
0.16190476190476191,-0.06230857903839189,0.21366585073204553,3.1989558983163266e-05,-47984.673853422486,-1692.7689866525161,-91.651061839139842,-7.7991100062105216
0.16258951268845612,-0.052088777406742538,0.21392144985758185,3.7801628156290471e-05,-49383.635274835106,-6108.4531556581987,-93.259108563408319,-18.103713911362107
0.16096065308867244,-0.044146514869763807,0.21435101827397793,3.831143399581891e-05,-49191.966552141777,-13748.052610282602,-94.381994969411792,-29.693615370553701
0.16199208110333027,-0.033599187005129011,0.21425521744138371,2.9857529433476408e-05,-47999.161516516258,-16912.046633100246,-90.652999099584022,-38.273512839810316
0.16230252868106737,-0.022029294569112279,0.21421436262161644,2.8467973552592577e-05,-46298.220094671356,-20916.505899014948,-91.373732290270866,-41.738647007134958
0.1621589059617633,-0.011734088102675433,0.21423583559771003,3.1576277958113188e-05,-44576.172955170361,-24015.720857604229,-88.524539437734305,-47.282764896294992
0.16192374507434668,-0.00035334783298483254,0.21427065070362381,3.484552268882882e-05,-43733.755222902466,-25529.253726500578,-87.700526329595078,-49.681997354843581
0.16162039659894742,0.011025965844138969,0.21431556084755049,2.6741336975500137e-05,-43733.46595001925,-25044.135644548529,-84.917711706247601,-53.4740615575638
0.16230806423363656,0.022010869472268779,0.21421375300952869,2.7694402560224877e-05,-46274.618669174371,-20826.600065546874,-89.224178985803022,-42.548958528762746
0.16229990336746181,0.034087008644262534,0.21420564666782674,3.0104646103109811e-05,-48471.86270073065,-15928.323292597279,-92.021336808845632,-32.457012531098364
0.16222146532092097,0.042833742348809586,0.21417443538907888,3.7551695415594718e-05,-49457.257013809634,-11682.17732826155,-93.490945700305929,-25.763465095204399
0.16201899562746416,0.050623451339627132,0.214055269883835,3.3472915316446641e-05,-49433.275498137926,-7923.8442869689579,-96.546180463880575,-22.464114174348875
0.16235558165653638,0.063296359128874727,0.21350800363324668,3.561182231313298e-05,-47699.337687475323,-123.7710257156761,-93.831399991137474,-4.2922464299806666
0.16253870605068343,0.071833246348964985,0.21291679824666096,3.7620857972851885e-05,-44545.87692723747,5284.6079608435866,-89.725966745948881,3.1307025460553857
0.16173096421669364,0.078199712876210956,0.21260874983346897,3.7646747705251275e-05,-42088.288065625187,7905.1094146607993,-83.32189574783969,11.54734723501838
0.16145115937676607,0.085392067505991723,0.21198836329677065,2.8949745334395355e-05,-38008.005990234291,12153.173164396443,-77.470118996115502,19.396654877896442
0.16178311945152085,0.091366993296539953,0.21129101974509901,3.0984541404103326e-05,-33356.203453773349,16461.684189408799,-70.192234758985578,26.893925455289963
0.16251259897757719,-0.1239299114229509,0.20618362337346111,2.6769066665704702e-05,4742.7327025282311,22341.966997898158,11.829453104729849,30.144748545941351
0.16277476436528615,-0.13,0.20495031609873202,1.6615378591963368e-05,11902.443045384298,15436.106417372977,21.610919784923368,21.48036109668309
0.16277476436528615,0.13,0.20495031609873202,1.7245186541950674e-05,11895.972944280191,15604.376018038645,22.506703491806572,20.848618200686357
0.16575979899623466,-0.11285330090636249,0.20709086508974028,3.4412167827018736e-05,-7656.4571633959849,26457.712084984225,-14.684458727907817,43.32297961422789
0.16765614243717961,0.12396669108167534,0.20440720831179804,4.0775538967479128e-05,7512.3711229381724,21186.084616071887,14.885254970659672,29.028819399267945
0.16971850631162314,0.1112451764917629,0.20609416659800292,3.0719597242253241e-05,-6311.7792474863336,27177.542300394529,-11.30288280604481,45.048785996075793
0.1702301603036547,-0.11750069688064224,0.20475908084101654,4.0354705772098425e-05,1435.6190562862409,24906.158461992283,2.0968942440190617,39.886567789042836
0.16937642936874309,0.1176190226596078,0.20503161953930593,3.986824727657841e-05,1222.262179290695,25292.934206210215,3.6487767182070039,39.734942805718291
0.172065430699746,-0.12362004653258404,0.20290518635650676,3.1585603155708094e-05,9088.3170333860417,19831.080016666459,17.496557020257367,25.774528505231405
0.17042207937502815,-0.10349609124639182,0.2071452910812871,2.6431842913337512e-05,-14101.32876944567,27361.218095907803,-27.221087604282047,47.295403131708454
0.17153356437254141,-0.098467714841525486,0.2076084652122728,3.0701094129666474e-05,-17904.591902642507,27097.956026259981,-36.512177474679092,49.266459004542192
0.17226245667565696,-0.091762643987705908,0.20833966082322963,3.3212746329813448e-05,-22955.471167393058,25911.069662528524,-49.637214016216056,44.857278074907335
0.1712943580452306,-0.085189751197417812,0.20947238362665976,3.5550561412195429e-05,-29345.288224733944,23256.040781914675,-60.968288706708201,39.549137445326096
0.17124935989166656,-0.077717062697611,0.21030404750320486,3.7877762373302796e-05,-34923.562012561932,20849.111463647605,-69.26863871622335,36.48482268476954
0.17163770564124947,-0.070633022632765205,0.21091262908117997,3.3636136069666508e-05,-39059.710323950669,18678.302871568143,-72.76683472863246,34.811981629762002
0.17278062777114744,-0.060796860221175406,0.2114438478733674,2.7005280095998112e-05,-42286.369729925296,16421.177371293154,-77.169435654293835,24.849542097627502
0.17182960769739258,-0.050803677274068558,0.21225288346488941,3.7408211022080884e-05,-46412.464747151818,11217.961488888985,-81.684909946622312,18.091222230421423
0.17121128529763263,-0.040681786184595073,0.21274731039433328,2.4886931376834447e-05,-48102.994030499976,5942.8539921927049,-84.201749494548906,7.5306316217671041
0.17038760456431823,-0.031542470552089322,0.21298741268244389,2.9229925902973579e-05,-48511.247567059254,448.50729223863283,-85.509412672144052,-2.6967939660185913
0.17201271588058889,-0.018598181680723774,0.21277699845966919,2.9124846397170109e-05,-46943.534142846402,-217.65273797785744,-83.846183797292881,-3.9047181404458158
0.17215135921333785,-0.0089012022302710873,0.21275647258750174,2.708227838797099e-05,-46350.7914429171,-1741.6592139891457,-86.978785950556755,-3.437625056478014
0.17205004997401949,0.0028734432846982769,0.21277147122071691,2.8230194775659176e-05,-46069.11229717001,-2456.9539462518401,-85.28571865719222,-5.3705908127804172
0.17142159220664235,0.013754133660334577,0.21286451315457725,2.6176418940337538e-05,-47141.744775861167,-2508.678028341255,-87.760703496035873,-2.3114382766299957
0.17239968279319262,0.024050832754832503,0.21271873762564961,2.661108357043547e-05,-47275.540428191809,2504.6337134209798,-86.68624636623646,0.77090337192596747
0.17101238648370576,0.035306692505125428,0.21285244227579111,2.1745332884848324e-05,-48395.213912205239,3491.391832054157,-84.765143333247181,2.9864338083624031
0.17178249198334,0.046198832395337931,0.21244036122554746,2.5512913501530285e-05,-47305.241967689573,9369.0678460534837,-81.599859315735443,15.147773079773089
0.17149191650917434,0.055634012500843891,0.21206427651845933,2.4016093718566661e-05,-45574.185145980788,12703.20434625793,-80.025449981927949,21.963566892395885
0.17189939192510612,0.065092927982504725,0.21133150595498262,2.6684566655336417e-05,-41386.601004874014,17109.131481645814,-78.264873554195162,26.036095713117909
0.17120211197029003,0.073914593943666632,0.21072342824084658,3.0668537110487426e-05,-37421.694135526232,19319.964641083276,-72.095823095139437,32.210641262719271
0.17193111625233942,0.081609558845834457,0.20972504711451062,4.1091218975424656e-05,-31650.320067090877,23056.454547324367,-62.953796987567983,40.621115891226395
0.17134415975563619,0.088841493374365824,0.20899806793343886,3.7734731208336191e-05,-26582.313039076933,24638.846551268707,-55.806397636199833,42.764738635336784
0.17147017699079226,0.095538501930006126,0.20806517983611564,2.8317017232875696e-05,-20612.880830370272,26440.114038458203,-44.084710200619895,45.569255437722511
0.1715894229461894,0.10138031329365545,0.20713871329998351,3.0167649616727135e-05,-14863.134679207566,27425.240592888433,-34.055070730655743,47.524317637196816
0.17260433922645801,-0.12999999999999304,0.20134597844648211,1.2409292359146098e-05,14329.763169247699,11383.734024600531,27.031340587528849,12.805592282251551
0.17454244497786775,0.12268269389050571,0.20217865198928933,4.4813096869736441e-05,9387.8132386799589,19715.765101304511,16.458681323549769,27.962107971161878
0.17581136923205301,-0.11799943075514502,0.20272721094886245,3.679619307562491e-05,5661.1174859607836,22989.107067571316,9.9325136031541756,35.003925018931099
0.17928972055741302,-0.12358585424760989,0.20024558893240846,2.9731042460292336e-05,11892.002830829311,16316.161192824909,22.789863604301868,19.227886579004789
0.1791489541186676,0.1175482165045611,0.20160479327847541,3.1977415015711598e-05,7373.1855998653527,22027.088657395492,14.799322757554007,34.294610500149652
0.18071378077738706,-0.10923193056738885,0.20274347648866556,3.019718643514478e-05,1331.0507148858799,25857.738610581888,0.37121865573617652,43.354687628674469
0.18122107904674234,0.11114913265469271,0.20218344675139654,3.8831032579906425e-05,3372.6523946940415,24926.463256494408,5.6202227525766277,41.171638964336744
0.1804108198590729,-0.10491443171163622,0.20365595024016789,2.6105648755806026e-05,-2637.3326753603437,27504.5355892275,-7.7229110564457368,46.802436531921821
0.18130072655792703,-0.099363626894765578,0.20437952784105176,2.7359071790563223e-05,-6293.5940840361909,28928.170102224991,-10.417987217771454,50.348760480975024
0.1808358381720501,-0.0931831332611575,0.20556872434938778,3.050826025316562e-05,-11596.24993237428,29407.533618711157,-24.81557823571822,51.197127990193799
0.18175756820233413,-0.08600656442386688,0.20637672704074639,4.1353472727085418e-05,-15528.97415302198,29908.71602056154,-33.799889341370267,51.712817702328728
0.18110173998781956,-0.07724888095594741,0.20776075131910399,4.0116453903919632e-05,-22578.407720834093,29562.345001712041,-42.469885087848624,50.734624278820746
0.18118950733756614,-0.069657380996414067,0.20860561056008262,3.2014949463879523e-05,-27164.928650535941,28960.832272092943,-47.963575655156738,48.664234223902945
0.18095238095238098,-0.058505210314449413,0.20977346872899047,2.3834913183457016e-05,-33073.531849107145,27454.05240944097,-53.370509754555677,47.350717097673162
0.18012879354159012,-0.04901113596748833,0.21064843723476251,3.5228844351915055e-05,-37591.203998307028,24453.169413331441,-60.678063304220075,41.319337744967896
0.18043981907696538,-0.038221286106501398,0.2111339961838361,2.708331493596439e-05,-39223.857439920859,22365.260025836902,-61.079691744648699,39.09865448006537
0.18132289494070092,-0.027429774463593255,0.21129400396292261,2.730282325824132e-05,-38350.904437193756,20934.57627132432,-63.88190947339308,31.147598292433823
0.18094395388576789,-0.016938028826247439,0.21145187757769668,2.7465365391494316e-05,-39073.996426388498,18117.750691497607,-63.962072906014626,31.637419309383404
0.1812042702003312,-0.0048631441488124942,0.21141620695786212,2.4432441908202654e-05,-38527.652471037421,16949.044635555078,-59.644182923456889,31.567774980646103
0.18075275473532182,0.0061669592568136377,0.21148305293258474,2.3756341017294739e-05,-38864.780767636825,16120.679973300688,-64.892411283587364,25.54987103938652
0.18003093417031549,0.017250580565330995,0.21158991704462948,2.4770198452604507e-05,-40176.54347046902,16428.207585566313,-66.135097250990569,26.657496298254241
0.1803740084814833,0.027862132216239607,0.21144393240610596,2.5216424702764497e-05,-39709.373215780637,19548.941397986953,-65.536838257963865,30.240997759047278
0.18061885573171002,0.03826649625562175,0.21109996960683727,2.6068889568545702e-05,-38791.887504772421,22874.440995448094,-62.502464880193848,37.456079880222902
0.18074498597894642,0.048523819320301004,0.21055173157603216,2.5712111481585936e-05,-36541.163061192456,25445.537093877894,-60.511559209413257,40.810093606248387
0.18170504940515086,0.059245234373711674,0.2095149700779019,2.7198316850712879e-05,-31384.395187824273,28629.151108192305,-51.759410936261325,47.957620376249196
0.18133231631326382,0.067470358677152675,0.20881683201802703,2.8029141903787985e-05,-28026.096590550231,29044.017097857017,-48.456017167690561,47.892774804167857
0.18127763203486419,0.078112342240384366,0.20759763692553557,2.9993198471927663e-05,-21783.233572817728,30050.176760615162,-41.188643135248633,53.291801910551968
0.18165084184104707,0.084864661304534059,0.2065924743656917,3.8056746020475094e-05,-16606.995439347778,30192.987233083604,-34.09706681357131,52.455096681338567
0.18043426809829027,0.092421283765117143,0.20581418311833993,3.6570538677145686e-05,-12806.616889489274,29805.118328097946,-24.897924280785322,52.697679964027927
0.1806426526010308,0.099466874809065534,0.20457808812608191,2.8965576454905814e-05,-6913.5326670385602,28823.450890527038,-15.561035970065271,50.14675405590198
0.18137240263495069,0.10484783194407128,0.20334681847310129,3.0433853427762641e-05,-1714.921277085183,27374.963171749707,-5.2109579641096433,46.528270262287968
0.18160348483872832,-0.12999999845097082,0.19783054255445073,1.9083856974004502e-05,14560.060730858315,6625.9041560576388,27.426148142105749,5.4191436884058151
0.18173750762282601,0.1231055901134552,0.19939722557071901,3.9875575966800424e-05,12354.10770556329,15380.929268916303,23.473884819580825,19.002157092186916
0.18760735880380358,0.12356871609855921,0.19700381219446295,3.8822034564377411e-05,13501.291953461221,10656.604870504632,24.794221502585007,11.068628730500748
0.18861377008954064,-0.12999996586788173,0.19495213384897178,1.6208455238997477e-05,13381.195722404544,2347.3031322281513,26.369385619791366,-2.7599382932886987
0.18870411548499394,0.12999996544796558,0.19491503821541784,1.8481921256962611e-05,13348.942478455929,2238.3690027304579,25.3814197846628,-0.88597902818320529
0.18971227186144798,-0.12331297670994119,0.19620907989490585,2.7305510434734102e-05,13431.930085163363,9209.8998790078458,24.524259812266102,9.4996963753413066
0.18976099430212959,-0.1164414140812572,0.19784984735278668,3.5515477606584349e-05,11722.035646349297,15565.132504581547,24.176884093648354,20.948055569477024
0.19088046876704384,-0.11081265884570736,0.19871744493200802,3.1225550100922625e-05,9875.2113689814032,18574.788667838664,19.301977810818315,31.067654522573463
0.19025867705974636,-0.10574797816976021,0.20004739326835808,2.8812001318932168e-05,7222.3358310567673,22225.329460562676,16.310212120814395,36.863743697859483
0.19053436128888868,-0.099232872867974331,0.20127377401982666,3.6321544044381797e-05,4266.2973486000728,24961.124268808919,9.2608149662991401,43.92912854343475
0.19038787865727436,-0.091423757133681893,0.20280324404309791,4.3554164686591204e-05,159.23024416143113,27974.537998623804,2.702628282075429,48.835460175425098
0.19079275130563578,-0.083473375652831791,0.20402102003631739,3.6173264234384286e-05,-3157.220331278615,30162.833881901835,0.28067650514386427,51.839804898389104
0.19025281630537202,-0.076336906110355512,0.20527266187940257,3.7214388636083127e-05,-7511.9905116412192,31743.069956317457,-9.5897660064695529,56.058197431347644
0.19067864366969794,-0.065458463656040175,0.20659574010715751,3.2344005360475682e-05,-11842.476362447742,33203.069142703251,-14.074581759045241,54.392599222790402
0.19083482635263518,-0.056119829492688532,0.20759081006028873,3.1111737829276979e-05,-14876.403947934023,33813.184090763389,-17.559477277701401,53.379003198825082
0.19041215170913456,-0.047090943644845791,0.20851120271008844,2.6166667017657104e-05,-18356.506951613952,33570.16857449591,-22.177480408095853,51.749538743267038
0.19143034643468496,-0.035842762071903629,0.20906678491605443,3.1695269942922623e-05,-17638.314018169935,33366.271001554996,-19.22077649315456,49.686181233716653
0.18993629023628489,-0.025084358433317171,0.20985136900290191,3.1855669475138113e-05,-21744.36535423695,31520.404456669014,-22.07504605657887,46.163248884862078
0.19047619047619047,-0.013873229399320884,0.20999344868182901,2.4380586909137511e-05,-20678.503408427045,30474.750759979128,-21.886727696452926,44.721653841905137
0.19024868148395238,-0.0030241349237070357,0.21007639419413876,3.1228975076056701e-05,-20985.593649643517,29611.027825226152,-24.458265926422232,42.913009488854769
0.18972845923131917,0.0082948450658280777,0.21015421757177416,3.3615996202190404e-05,-22243.577235344477,29502.296968320134,-26.652716560721913,43.810208801769313
0.19053729581611031,0.020260105574249478,0.20988744484665603,3.0052207321585717e-05,-20395.859407265554,31455.399532434494,-19.688173107304138,44.333855963909812
0.19001442644222766,0.03029148354467423,0.20965153516768376,2.3090189493166944e-05,-21388.240220732063,32270.246302769308,-25.075951974675394,49.077224232955537
0.19003945003705575,0.039875000830406869,0.20911991796070689,2.7596040262971757e-05,-20329.451931390573,33201.98718929731,-25.065717806904971,50.387040963159997
0.19001859280949071,0.050461807091466963,0.20832216987276789,2.8918863259021849e-05,-18230.064819576222,33925.062866964196,-22.684795364848778,53.86988248819781
0.19030237586148943,0.060312211681542424,0.20727766711301082,2.6566583510017122e-05,-14462.077773441684,33846.411757803631,-16.989242245471271,54.837690745697039
0.19083850971022934,0.080484252322519031,0.2044626655202581,3.7886254763411006e-05,-4651.6613228339029,30935.095176248818,-3.8945437566201613,52.915666512784497
0.19073975897029638,0.088760427107117526,0.20313495929413528,3.6103044874548938e-05,-730.70185806647828,28652.120521149373,-0.39400421863940666,50.289843110854704
0.18993428438615001,0.095036131996534545,0.2022676511894807,3.6579021004874452e-05,1352.8198365343671,27069.953383832719,3.3283499499806219,47.803036945534657
0.19009326063107349,0.10237450091251236,0.2008043367332128,3.1350919294071283e-05,5452.4094249518739,24134.164041992441,13.175559902846372,40.865762802393775
0.19081010070492119,0.10835727254335889,0.19928958689407422,3.0411961562325705e-05,8934.0984220477785,20390.016588016457,19.667036569178155,33.220869301644186
0.19454061425619154,-0.12973321768524068,0.19230520857366451,1.3238008837834184e-05,11275.370538493014,-1316.1404003565915,23.458821901916583,-8.2890048417305877
0.19472717735179332,0.12996609502134285,0.1923438335395167,1.5345945422979056e-05,11115.769175784162,-1721.0903237482441,22.267136891213248,-6.9605204258895874
0.19919788545452038,-0.12947862554543826,0.19051244880323009,3.0948301832664608e-06,9015.5139582850461,-4559.1590767245325,11.811411366319582,-21.569209610770145
0.19919788545452038,0.12947862554543826,0.19051244880323009,2.8352025687387271e-06,9038.6039819024118,-4631.2159784837813,13.51502641795719,-21.273950879620035
0.19998859288667101,-0.12584883142350564,0.19119568879359611,1.9408962869606585e-05,10380.305377902654,-2095.0133558059497,26.301035415750061,-9.0974772544655433
0.19998796785646866,0.12602279369873451,0.19114728924920765,1.4788089332705304e-05,10405.798117441525,-2379.9238845350651,23.50929257858953,-10.648496972626777
0.19990319182629643,-0.11762590835268964,0.19338850626898305,2.0078508277652029e-05,13062.068714755285,3585.9113852361024,36.265092312297554,0.051425480043505271
0.1999999999999893,-0.11219282049719774,0.19482865491994592,1.5986957255607659e-05,13742.494092213816,6899.1718989372375,40.063594145094903,9.4040356312024276
0.20000000000000001,-0.10580359683743601,0.19637703451451632,1.5729502957149546e-05,14004.868325333144,10492.658534916383,41.292802862206791,18.10642939568833
0.20000000000000001,-0.098696682239565084,0.19798706017043474,1.6461926864596335e-05,13791.219050770056,14197.375198318412,41.048698930883333,24.857523209145604
0.20000000000000001,-0.090139012763855553,0.1997637882690915,1.8169470137676099e-05,12887.17516373449,17909.840024856967,35.861860947867569,33.980721924709748
0.20000000000000001,-0.083051937343920343,0.20111556558164487,1.736730960912515e-05,11985.063817794582,20785.448516312634,35.318324024649236,37.661997361270721
0.20000000000000001,-0.075787317613988867,0.20236875609411478,1.6129266281390825e-05,10479.081375779306,23328.700133338447,31.113712448574624,40.09001434216637
0.20000000000000001,-0.064008184690156372,0.20418579604128986,1.3658180401737596e-05,8463.6240056052247,26727.026611992336,29.354461978173809,44.074136780015827
0.20000000000000001,-0.054051774261796803,0.20546626674534366,1.7075847686977678e-05,6471.6005037448649,28471.626224794534,19.772728023571688,44.937377140388797
0.20000000000000001,-0.043711750034850061,0.20656461150605368,1.4034464178174628e-05,5337.2461713254561,29895.157161090552,24.583912423369565,42.32845832920097
0.1997446337928282,-0.033154918097753679,0.20738917724153305,1.1408913190212313e-05,3830.9649108654057,30108.408016089015,17.029108941462251,41.671600595912984
0.20000000000000001,-0.021982254850318038,0.20810894249242159,1.3857278110006029e-05,4151.3993910665749,29661.20356560174,18.956787974113158,36.841053081294902
0.20000000000000001,-0.011126198357847856,0.20849977418233165,1.2752012877687217e-05,4235.8706685855286,29033.96238530409,15.204642447181021,34.227104911568325
0.20000000000000001,1.4432899320127036e-17,0.20863353620469963,1.478139672172193e-05,4370.3312451684078,28829.940354972543,15.358041517684738,31.649335577680834
0.19973581526583375,0.010974268399585169,0.20854349343862416,1.3846877005623787e-05,3579.7214601984406,29197.865207295326,12.213615523567164,35.470725937689551
0.20000000000000001,0.022585458098354126,0.20807740859772836,1.4994148691095739e-05,4250.265183261693,29627.806237658562,16.281103721809647,37.338016219367844
0.19989598666356065,0.033330669306054106,0.20745246758682634,1.5240649605271467e-05,4391.3111232863994,29960.961265743041,14.210443559332052,42.352106775772469
0.19975302148529037,0.044782556938018761,0.20639127312668165,1.6337904336308512e-05,5005.0514036960076,29922.225642173154,20.055458854816919,46.030161887372657
0.19969486117849591,0.063281604865624702,0.20436250300566106,1.872225221640198e-05,7509.6786848235834,27229.474210909255,21.624628633612154,47.520011305487309
0.20000000000000001,0.075588373557922042,0.20240277720238523,1.8787143171904306e-05,10699.113363836095,23213.673448134148,27.513298003484408,42.749814801214569
0.20000000000000001,0.081808887909821673,0.20133901688479758,1.4696442514373929e-05,11877.158056543281,21276.142979134878,35.647100573079769,39.549920076930164
0.20000000000000001,0.090913133309151281,0.19961613376729678,1.6651905531225738e-05,13013.568790813917,17684.695972646907,37.394274808448927,33.136236004782369
0.19985693507523392,0.098391813660515304,0.19810123852873118,2.3429954893826478e-05,13545.222199061565,14520.741254264447,37.122388948825545,28.460476518554483
0.20000000000000001,0.10508840049189379,0.19653905763291526,1.6718575920631194e-05,14068.422124114968,10892.052045985012,40.247914211088606,18.445383234878403
0.1999999999999893,0.11219282049719773,0.19482865491994592,1.6029640451526663e-05,13804.429372278089,6832.4826911694709,39.249750933307261,9.7845820369976906
0.1999999999514282,0.11763676900032306,0.19343192133676576,1.4660197635216183e-05,13112.12302537815,3570.1978251008727,38.219559346905676,0.045264496867873538
-0.082172049705331651,-0.12954149754743005,0.22595876601524573,1.9014572814817617e-05,-17571.477044097894,19397.21667256398,-11.18260731336612,16.100041646897971
0.0041695360252650146,-0.12396360712375834,0.23287813640812655,1.3531213540996724e-05,-31409.487948579947,-3675.9441435137969,-21.800900225395715,2.782182517753041
-0.0046729603184387427,-0.12489565779748311,0.23286928856342021,2.3676719359322857e-05,-30801.25667360318,-1233.4127872026152,-21.510912845652697,1.4191517430299254
-0.046758305606368129,-0.1239991037130852,0.23079006378369779,2.8910110246570363e-05,-32088.472784236892,375.84627999255679,-24.436553853042941,4.1936751847873737
-0.084671826329614883,0.061911856539787355,0.22570764502136709,1.7057880683691002e-05,40693.034330613598,-54185.904032145547,90.449314194263337,-118.90247268118374
0.059680482182811995,-0.12380959803947576,0.22921158121937385,1.4366579205957747e-05,-31106.48618452064,3263.3738835619529,-24.279685443006219,4.4707967827599955
0.12709152079976752,0.12987554840259083,0.21609410131341586,2.1071671443653426e-05,-3708.9363140083092,21391.525802954497,0.55006271952788754,26.47753158434741
0.10420165985489935,0.076125404245564701,0.22281629165843997,1.2590878564576319e-05,-813.77204906952227,-56058.918960273375,-6.061241421135132,-118.8873280789222
-0.09568361832048565,0.095947309152456001,0.22407737091977592,1.9740402273065869e-05,-20987.918214246416,-40446.654332410384,-40.408307839444468,-87.426336898176459
-0.030648682140058579,-0.042343944371093692,0.23193329731998685,1.3599043890772079e-05,82882.134914035341,-9858.5150268545949,189.39755572311827,-22.014036758310635
-0.0017118218091552793,0.030472869651135354,0.23287137784103351,1.9092805832177431e-05,86840.188599228612,8984.0582286336848,200.09282297290997,16.977104933909981
-0.071353344257906418,-0.028026219842403936,0.22767176318395813,1.5101819552328628e-05,76318.781805005317,-21417.149147621374,170.51924922067775,-50.740674527192546
-0.095602717331404838,-0.020394773864793086,0.22408934815176512,2.760719174946816e-05,60622.061417384706,-41792.612624884292,137.37372301845139,-102.30168850166882
-0.13708737140092961,0.085031313694598792,0.21740696893983341,2.2177107829910211e-05,-40304.32688728832,-22187.43669610436,-79.793744981482263,-44.90640217367654
-0.015021696123530451,-0.08959917783146247,0.23267975442711872,1.3793188553438469e-05,31254.147266107484,-51884.164001931465,61.720738864038815,-107.65717557055055
0.0053304007518661222,-0.10369047619047619,0.23285773383525649,1.7138099310740262e-05,-2600.706568700788,-47998.386268973416,-6.9662117274838753,-87.757227355737697
-0.19999269529552216,0.12216416080323592,0.19219604911151922,1.4097266584905437e-05,11846.306076455465,344.83489008309891,31.223938110484053,-4.0736975675157572
0.03505587522412807,-0.080525618367071311,0.23160407675066644,1.679050424130411e-05,43044.610249450729,-51521.249735862024,97.252221539199439,-115.17279728377245
0.061715407637013824,-0.081833801738819212,0.22894066048189099,2.3499877617934939e-05,27793.538647690268,-56276.925489799498,59.616548502669602,-117.26869876683861
0.00063978649980227318,0.059905443793317338,0.23288224011923431,2.0456452283922484e-05,77285.761100998585,-22050.761786976338,170.45228305276342,-56.944046919088656
-0.15027668159572483,0.094472095903591721,0.2138480569782848,2.3470178786219503e-05,-37747.422335569318,5520.1390921472048,-76.005223896163116,7.3130317934489524
-0.1852001139836276,0.07521797819455292,0.20685584835904106,2.1364544190349715e-05,-17241.873546272553,31550.522276113501,-33.611824543341008,52.872766940662338
-0.063193607501650886,0.069013141861097596,0.22876235009574053,4.3633851830989745e-05,47844.44383589051,-51623.044674163539,107.03649048843911,-116.08563671092905
-0.15547431527079092,-0.071637146356297018,0.21442339565758406,2.4725233831910897e-05,-46355.217232734743,-7056.2621135117261,-93.938995923577593,-15.082303101543706
0.13595666268147316,-0.11515875848059355,0.21533937294360295,3.1248388277801353e-05,-25345.677847706222,15905.52113000733,-40.733360047663218,28.173867055766333
0.15754903095604533,-0.11811015861590916,0.2088221386441598,2.6599739051815389e-05,-6963.1687284354648,25027.271056634218,-10.139123318062531,39.098740630175904
-0.19539151071677627,0.10196525883487388,0.19890489278430995,3.2664227936386736e-05,10488.517587368418,18980.057141183595,24.421466405112902,33.201007134402168
-0.016012805987594282,-0.084117218840114152,0.23263392786195058,1.1591307842132692e-05,42814.38893027274,-48846.718053483783,83.152481981523422,-102.19999024289827
-0.040210313606390928,-0.12520900793009249,0.23122152871285359,1.198461676952882e-05,-31281.728851446915,2196.5791074390913,-19.464424264555412,5.1276336185711724
0.018217925627915146,0.11872409608084569,0.23252085589206659,2.1818607531850745e-05,-31369.49392793038,-17719.578817769012,-33.961623609214747,-14.145353771391878
-0.15833525576693838,-0.095789251235585515,0.21165391941133962,2.4914328331588391e-05,-32158.567287038837,15660.247101388346,-68.756676849050507,25.432763328626994
-0.038700919102904123,0.12282590630678887,0.23135193743391469,1.4383045672867844e-05,-33083.803360709469,-4118.6478940915185,-26.349684392509758,0.72790231529439642
-0.065936130712364441,0.11913069912042351,0.22839846989427406,1.734317913236429e-05,-33667.371198620946,-6246.9319817603173,-34.911645473089244,-1.5878558783809125
0.00073279033322138027,-0.10995444932017363,0.23289423206770846,1.7796591502865917e-05,-17133.704569482863,-38745.218159520024,-27.747083779059352,-64.62933288033868
-0.19487983733949873,0.095745267134235965,0.20038348763386665,3.2080774904874593e-05,8036.2441313905711,22723.573314025038,22.268057643755689,39.862508813752996
0.010090619896034088,0.12272681630761244,0.23277407144484957,9.6936669140329132e-06,-31871.772558263703,-6971.0379232865826,-26.950879341896087,-2.7603543833669111
0.063123971179281937,-0.071707537778932073,0.22876113760159672,1.7879641976531999e-05,44035.089658448858,-52413.268921053153,97.972965466068075,-112.59317615824429
0.057200776036181178,-0.10650790466058284,0.22951001340823338,2.357724017477806e-05,-21300.514084274433,-39724.391842864912,-35.716243870822133,-67.247425316315386
-0.19484757392207977,-0.12070739983392155,0.19471819689844427,3.3682494099347991e-05,13242.534126877663,7093.023484317725,27.846514164623336,7.8763621133107362
0.18105210634672655,-0.064343273989441799,0.20918632045920804,2.6818976964930904e-05,-29999.591827800043,28199.399676555589,-55.134812656728435,45.977057513732547
-0.025580462030146967,-0.028802899022685492,0.23220486340774479,2.2145879852719405e-05,85887.954819822975,4776.930306285125,202.21850643663225,13.228637519716491
-0.055590451321781059,0.088444439704523176,0.22968986792708257,2.0262783643893903e-05,17740.063627365162,-56557.735437535142,40.510820692988631,-115.06117846516852
-0.05228915837577737,-0.025647590650408777,0.23005955064707656,2.7898851855194493e-05,83152.366743824998,-5920.3398027072217,193.81628208310332,-14.613817016716833
0.0018535527324225433,-0.081173890697171139,0.23286480989289446,1.6118666114901167e-05,49925.407394329755,-45364.586904341202,109.18443874325243,-104.87933731949711
0.11298212457541804,0.12981706284120367,0.21967941905163671,2.0600279866274696e-05,-8818.0189680846361,21632.784664791208,-6.1327569987427966,23.650055890353343
0.12537868695090296,0.11818479696726639,0.21767059938484093,3.1152726536254169e-05,-25980.685947975919,14792.327289143146,-31.836336794741968,27.018715326580811
-0.040721065772176379,0.073845196462766854,0.23117680331623341,2.4080621395248038e-05,52482.505817490419,-48145.042342112596,115.17604086362525,-106.44403287759563
0.043919944766245118,0.073817327270685587,0.23089668481388767,1.6967618858661889e-05,50868.021543281735,-49119.274480653075,111.35315258555401,-107.16662006011126
0.17107333820618406,0.12632478429168076,0.20267505230551025,1.3975975122761591e-05,11173.564582957384,17170.993664515107,18.897787053785144,22.973627429578698
0.067011794301140556,-0.10975617187703922,0.22827440881380548,1.5986639547936039e-05,-28524.018266463558,-29174.389420598494,-47.189759981115444,-49.753825270655824
-0.070296277693427237,-0.038184213921117913,0.22782658641128714,2.2068922581572274e-05,72177.336507810687,-29348.386433727643,169.29181023457252,-69.928739098765334
0.11740866705404625,0.081737102542943141,0.22084106077647903,1.5393503665807689e-05,-23201.860200218722,-45660.205776179893,-49.970898482071924,-94.978285166525808
0.18486513711517077,-0.091352126094084302,0.20457216214558677,2.4215474356824397e-05,-7551.9820341404111,29782.314633818565,-14.578689958084656,52.54167068041766
-0.13319900406394095,-0.12968868863772498,0.21438005523512071,2.0845173065836687e-05,-1527.4573658004015,21104.257035667215,3.1563773444271424,28.961628224322869
0.078726169654958864,0.052360086625278773,0.22658788777401623,2.1760696725312306e-05,56305.993958607447,-46011.088335288077,123.8118650016081,-107.34084639843935
0.14913293627115373,-0.08905719165110032,0.21461214455818803,1.9884453530938267e-05,-40947.699500607567,-1586.8763419537815,-82.8508577796498,-4.7493662002703632
0.04908737750414912,-0.072224752470835957,0.23039959716720118,1.4785705756708673e-05,51289.555369256901,-49265.436012008737,109.37889649400228,-107.82425437241719
0.067347752504820516,-0.072525653733168827,0.22819361669921634,1.5517921794606128e-05,40299.346039672797,-53715.704661859774,85.099302684797962,-113.3126391426072
0.0070863047057705044,-0.06105631734327293,0.23282687325559417,2.0461384518711142e-05,75994.722160747973,-23528.896148840664,164.86600677958873,-57.46148721743468
0.014038504360068836,0.094434855028846312,0.23266254674517389,2.1979626580783424e-05,19808.089364634914,-52781.857361467002,39.264277517019437,-108.60660416000039
0.015279305304451318,0.10929906076124228,0.23266510801490178,2.9670548254849559e-05,-17191.286900542462,-40146.927920095681,-29.973012326481353,-63.11911118300177
-0.0082575700327485683,-0.12307024932958198,0.23280628788881,9.990532303727544e-06,-31562.714726024278,-6084.3470610840841,-24.127762934636834,-2.6491697096564617
-0.11896146868066876,0.021825800727606474,0.22063113105124388,2.6098283252458452e-05,25423.076223426495,-62154.153855397439,55.469299748824973,-135.40039607838881
-0.12426757556249284,-0.11840433321622253,0.21791579247629053,3.5546599034590617e-05,-26064.09005506945,14407.181916850839,-34.468350058176227,24.579700595119274
-0.12925381034278835,-0.12331722198708384,0.21619706216894438,3.8764244379881535e-05,-15603.800766562426,20523.523226446196,-14.746737800204397,29.50631059663089
-0.18592213903870158,0.096044155739323844,0.20337328580198699,2.8196676038979292e-05,-2929.8076018671804,28662.441653440765,-6.3942102410151129,49.998003858380635
0.11817220594870768,0.063814744623972824,0.22074797984318748,2.0515707183410673e-05,-6089.750104540838,-58164.523413864357,-15.77968679807752,-123.38102663694049
0.031266507465292186,-0.1170051175263556,0.2318602525289972,2.6979705951486637e-05,-31351.604197900615,-21320.675692042194,-38.744743371012952,-23.933231289629333
0.12881586437162065,0.12315277244076481,0.21632903805020956,3.1012774234654443e-05,-16051.69828588515,20404.546320156198,-15.738483103033209,28.71748885283343
-0.18510454612856581,-0.12627089407432723,0.19729031211450751,1.8206994779886898e-05,13813.10777275156,9260.56229319042,24.804701962032162,10.506653087216881
0.19510506549117956,-0.1033424677523419,0.19871858929144037,2.8238318737143703e-05,10444.704202971139,18681.342881888238,25.88808382255511,31.264560972666612
0.054536265178798699,-0.076260218128438931,0.22981188150577009,2.1617205404472612e-05,41679.91644609873,-53707.688845471006,90.509718620580287,-119.32467102157369
-0.13218756411395641,-0.096078043255979143,0.21778791808449352,1.6487148720018373e-05,-39309.470136672724,-13415.116912206271,-76.139779835137659,-26.809225216456674
0.01984711567053405,0.12697367330194015,0.2325068080047771,2.0002880901994897e-06,-29587.972777596329,4391.8547330436541,-17.213002927212084,6.8983619784568537
0.19537969702307648,-0.095308236877702776,0.20028847821741896,2.6902302368458533e-05,8234.8061875967742,22219.606140704363,21.170904168972953,38.229223540089222
0.0030729380697028601,-0.11883037843434274,0.23285668718083891,1.6356522484088835e-05,-30496.274614334459,-17733.108088311947,-31.851310412295973,-14.639552932190968
-0.1901112191856984,-0.075787557080666548,0.2053684320861052,1.9882129143028581e-05,-8365.4781540471013,31974.270304924983,-8.4828966093415747,54.227809010914527
0.030362362467019531,0.079871088366541609,0.23193490331400873,2.5292118612559998e-05,46255.518112729078,-49847.703106142755,99.542189189618043,-110.81200716663743
-0.0067061658183464974,0.087382669372239083,0.23281801778405489,1.8846801601421348e-05,36925.561370719144,-50889.024275076787,79.392975731881691,-120.24676872304413
-0.03888685954136728,-0.10616490952447541,0.23133475140619786,1.7924726594256279e-05,-15785.75064499867,-44468.809063662004,-35.026273948741597,-73.429968428227696
-0.047809601854790072,-0.032865066480103504,0.23053456678618622,2.1184408580196276e-05,82422.312439500281,-9321.9916115752494,188.58416213521556,-18.243302007530751
0.034743025622994209,0.071182252056614825,0.23164407532202549,2.1417951977195755e-05,58780.375330117538,-43402.45309991543,129.32167453191073,-95.241128458723438
0.13535929671405519,-0.12526170156539468,0.21430361822407423,2.5538129454454404e-05,-8903.6876840158002,21904.173232272336,-6.1893558064266676,30.480944906304977
0.058411489553619474,-0.09082192946100337,0.2293665924690334,2.4672939247937249e-05,11036.290438796052,-56332.423341717775,20.424607771789045,-116.72382747382454
-0.041750438953028365,-0.12157848963171526,0.23108666346589529,1.9396340365707544e-05,-33411.320658530858,-6967.4833096760394,-29.643057924421125,-2.5743804847437688
-0.011446347279120934,0.042301282415990071,0.2327330984494356,2.7629471540057583e-05,84979.978582649448,-3389.0769415757622,195.23069671313169,-9.9144612955413205
-0.093937730850344417,-0.068030096966441189,0.22433584611883736,1.8083919058808573e-05,22578.011255512582,-58790.896440556287,40.345257035713054,-138.09392130727969
0.013014327782320416,0.01411273074749273,0.23270161734939773,2.5865940722815615e-05,87003.208032611437,18243.277432710678,204.51642889343412,38.296130641255033
0.025192454506957354,0.096894014201296827,0.23222450806964573,2.1442837765600913e-05,10797.447096224294,-53509.862728578919,21.901546418769982,-109.38328158290186
-0.0031699640307148625,-0.11641027066097709,0.23285579568902634,1.5951983961810265e-05,-28119.533648421162,-24124.2885735741,-35.769336810371243,-30.727493404147637
-0.020923454878839131,0.12890046924723342,0.23245012299254567,3.1111606401069806e-06,-27325.460989158706,9068.0337786689561,-18.048646074375593,12.313295309237056
0.0080892994158311103,-0.057385141977257248,0.23280480049195765,2.4744998283268796e-05,78578.695449676525,-19512.087341882216,178.67936972728882,-48.104824927916226
-0.018470739309902555,0.081474858347528809,0.23252923836809927,2.2408411457467815e-05,47096.570327369307,-48212.1479139277,101.17960285702392,-107.07490547849095
-0.10536534357059119,0.041229264915640634,0.22264401057778493,2.5319728780423202e-05,35712.861328660627,-57877.307573322127,74.678686224780648,-131.85954086505023
0.04640040907278975,-0.082941711130115919,0.23065489104553097,3.3752222796156732e-05,33610.820879421277,-55099.143297976465,73.261846310075612,-116.67249603421669
-0.00075657154252574237,0.109610094654276,0.23289840668064016,1.607869234548435e-05,-16654.533310535899,-39517.422778988119,-27.202812596905932,-61.096785593083183
-0.076159359913723204,0.027382953392155247,0.22696784964238942,2.4616676767346499e-05,73743.01659667425,-25448.846478635165,169.6601241065633,-63.168571817101238
-0.0034420523226075484,0.11970230932637191,0.23285872268000724,2.0424972283677248e-05,-31160.025487144401,-15278.875003256304,-31.362140031538583,-12.817363401744222
-0.05149077659046522,-0.12445303971492541,0.23021197828158635,1.4067094153095476e-05,-31296.201525316024,2772.0136832830262,-21.527622777803312,6.4362604079858787
-0.050896093507340208,-0.095106905354015836,0.23024533445376985,1.9694376067132138e-05,5577.6537825198211,-54724.811967277783,8.5304200193367574,-103.00618511020004
0.013646886546570787,-0.047927756146524593,0.23268646254009553,2.3344525782042808e-05,83065.864178947813,-9529.8830442945873,187.70245978042288,-27.378894337413666
-0.011354126944469224,0.092855778857254101,0.23271473281570995,1.8989930184961294e-05,24128.96005978221,-52493.194776402474,49.003728116966222,-109.35212549994495
-0.0068936207551197537,0.10364996011256207,0.23283025973832033,2.6147067751333534e-05,-2839.6804387315915,-48260.326212743275,-8.3433859766146981,-89.565554221944538
0.0066252990314236964,0.066418596963254667,0.23282216830955477,2.0377244148319988e-05,70834.91197145835,-30357.685830498296,159.95250764885984,-74.602343205753641
0.1574184916102648,0.11762220327745854,0.20894188528387994,2.2622581794458043e-05,-7858.8416664616179,25353.097438519435,-9.8959698120634734,39.998344389293862
-0.14325246238866893,-0.12628023083111803,0.21195841894592365,1.396626312233927e-05,-2842.1694518651852,22287.891841585137,1.0329755985417168,31.008977418621736
-0.036156966300008149,0.079603307404469401,0.23154471847417835,1.9177054661027687e-05,44379.772492120523,-51234.971124575466,100.68027953952119,-109.57845227412349
-0.11880571008759991,0.081678865345950341,0.22063597659501932,1.6290693699144353e-05,-24574.083124731991,-44661.389931797938,-50.223954187488154,-94.44942933618259
0.055536402655826239,0.093335972616369084,0.22965203812680779,2.5410193864381558e-05,7395.0474970263076,-55170.54482787598,14.814014025246159,-107.98648518147479
-0.10351082689609251,-0.070048235183211793,0.22291856811645899,1.9681318653180997e-05,8337.4144495102573,-58584.729228765675,13.789898350296182,-120.73167302343997
-0.016236814552441133,0.09903002834776041,0.23259740931730549,2.2586474472322526e-05,8005.2489812878975,-51920.832194736111,12.625821322291369,-100.1496140823222
-0.046620607003192288,-0.12876619881590692,0.23045890362884125,7.286821570246863e-06,-26379.005620572792,11177.044562437506,-16.705767203774414,14.408568184404283
-0.022495702640349169,-0.05432791340163682,0.232349412210727,2.3864250574508598e-05,78748.378851409871,-19576.86754816382,175.29453113860171,-45.021843405543002
-0.18094667429923869,0.063804544107018413,0.20926521580272112,2.2475296502083205e-05,-30508.041887057527,28266.294786128037,-52.623685231784677,45.803502434145059
0.18341656454706634,0.12987862668398192,0.19709018685495633,1.8522951025025851e-05,14425.750271589382,5768.6284669211755,27.325600517238847,4.1670912506149982
0.12081537104650621,0.090857499007665862,0.2201699905490368,2.5286601442959636e-05,-33093.304625439116,-31910.978599280923,-65.392751247424044,-63.565669541814287
-0.071092930598579296,0.11849379594558644,0.22769432907140888,1.9196142601640251e-05,-33516.15571065242,-5796.26864102326,-37.404257961933013,-2.5383945024419692
0.038259153266747774,0.1060384829251019,0.23138900067072807,2.4324857818434117e-05,-14963.041717498189,-44625.334753500938,-25.726161384174134,-72.656854981983898
-0.087951906315406211,-0.062855766221419654,0.22522203564403626,2.2132489564404601e-05,36227.004812694562,-55942.303833280326,73.514787937463268,-124.61329670456477
0.010342315143984433,-0.044530679353749991,0.23276964781949541,2.1992186580914011e-05,84171.830588497789,-4957.298386522607,188.51447422334678,-11.602158484970289
-0.055820173117602526,0.078452481081284567,0.22968312953140069,2.8909949940401585e-05,37024.555852147292,-55096.438555984059,81.392050244418101,-117.31443256422509
0.021614281803226734,0.046730616557141058,0.23238299597595879,2.1602655742595302e-05,82626.266943696493,-10953.167170650959,188.30752827395048,-23.312354464435586
0.19182505109549183,-0.12654983144803925,0.19446870535188124,1.5760920243242094e-05,13086.395404488621,4059.1041849927556,23.979665025072265,2.7546600690150926
0.11228648029773265,-0.042933956283895625,0.2216193499258961,1.1807860137338008e-05,23654.860821323578,-60875.744238035251,47.017172781519356,-126.0683797269763
0.066265553316731396,-0.081394528987479092,0.22837284053221976,1.5900086201075395e-05,25528.625924829797,-56810.816783419927,55.244080231194332,-123.08002956033886
0.042607788504129371,-0.10673651022819736,0.23100962797794516,1.6845487158056061e-05,-17853.928856860464,-42756.025315433988,-27.890129842597478,-73.395225251846952
-0.0079228553364867286,0.12848522782355648,0.23257975298135009,3.0266193178209156e-06,-27713.747063052127,7617.6835544913429,-22.002008635858868,11.046556975671841
0.008020528192292483,-0.12842118982692993,0.23281045397579012,4.5548044142746921e-06,-27703.104711280317,7439.5190155618957,-17.994465493137795,9.1988862214607572
0.0089615713219928124,0.12902597498825133,0.23279391483855244,4.9403761879328809e-06,-26930.279229079082,8958.0918458808592,-16.431779959242728,9.07942366577843
0.090797725232984905,-0.090301073334485699,0.22480059793116924,1.4511937821411021e-05,-8659.9024839974645,-49719.581826699367,-22.026112785424804,-103.44299289415972
-0.18476419186620191,0.11738536029107417,0.19952517097240194,4.0896606771527658e-05,10174.884220350394,18669.641807466916,19.11474049586003,28.510664900574412
0.02518558098788844,0.12876890087881476,0.23222565967395686,2.2182071916595411e-06,-27364.482399847933,8955.2625149419327,-17.015120325496131,10.383011533782321
-0.025391088968511315,0.12864244806453193,0.23221483667103604,5.7197410390261275e-06,-27690.33069253973,8658.9164233358169,-20.230045594901863,11.29578686189134
0.026103382542848625,-0.12875041403200915,0.23217732398947422,7.2078104357902035e-06,-27493.964222919345,8943.6081173133789,-17.794751121791641,11.98378920586415
-0.076358250701123273,0.11947659806559686,0.22691687148606871,2.1898381340471573e-05,-32762.808955372424,-1277.7572592712486,-33.326015024140041,3.4166110982638433
0.031979988217956126,0.03363026517095706,0.23183345797526289,1.6242606956882145e-05,84930.704552407682,-2438.7455133014473,202.15070894564545,-8.0381447948881437
-0.00048270922974290786,0.069257402573695087,0.23287526794139246,1.7583931640737461e-05,67438.863131904553,-33596.905868969836,161.34240239109383,-80.06834596833113
-0.041197880238989064,0.12899529888219041,0.23113504976613417,4.017410964013374e-06,-26452.159669490251,11099.52474517124,-16.859845600323691,12.630194484494611
0.043357535109354486,-0.1288504489204905,0.23075365390824928,4.4751199488753938e-06,-26485.817758454563,11065.331659469563,-16.48032932228762,12.173172847458158
-0.041779220265252145,-0.12969694810097637,0.23103480799306103,3.2029450640312007e-06,-25275.539417375774,12415.118200241903,-14.749568988755993,13.631537272000198
0.043357171681267022,0.12896786388513654,0.23094596556318045,6.6086346277360793e-06,-26187.19687402825,11288.13648422064,-16.5877694889632,12.378822957671535
0.028729668000473406,-0.12565618247360802,0.23203901162275931,1.3304451979094325e-05,-30928.849224352103,1798.5334474012498,-20.582136094211215,3.6709041181838904
0.038834741189293705,0.12855703642138921,0.23134198443689311,4.8948027284490434e-06,-27243.43290144319,9752.0058763625966,-18.950498457941418,12.782333501356847
-0.13355240784367972,0.044070637531272633,0.21847097126480139,2.0136899687472839e-05,-15454.952700644824,-57061.665781480253,-31.737650495568399,-116.86196159713143
0.036922780551171729,0.098896535661817983,0.23146765116760037,4.2317236878439093e-05,1875.3772236204022,-52884.730904888056,2.3649578826449011,-100.2422663116016
-0.05984444795472426,0.12910918617802772,0.22903131305712596,1.8206256124914101e-06,-23574.22952940136,14653.987979792813,-16.462599687031034,16.25810527869336
0.059684476372442785,-0.12883139576831487,0.22921109331714981,8.6295484685072476e-06,-24246.360080921124,14024.382229736388,-14.619207772471336,15.986557542428972
-0.058956360167443808,-0.12911796145487714,0.22930003489193745,1.5593111105194375e-05,-23711.506927893959,14347.614740056184,-14.17059431962266,12.262729738214601
0.058934106942374609,0.12907610155936639,0.22914219952785647,6.4463584636454294e-06,-23750.020091245653,14337.610544977695,-13.30324290934754,15.807325187347015
0.17447687166387243,-0.10585033446977035,0.20545517273623171,2.6943837707110442e-05,-7619.7452340240088,28041.6785490211,-14.324184968658253,46.694804623716415
-0.023557150665847123,-0.024107605444206349,0.2323114203635338,3.9283161704968294e-05,86764.367222552275,8755.3061901703823,210.74759122046555,17.441670273726782
0.18479943579344799,-0.11399988369572983,0.20026632895842406,3.4271700645780696e-05,7910.2743286247905,21071.875804798055,14.584153922437046,36.20139037472768
0.019606606159226735,0.094558069909653111,0.23244555598055777,2.7857133883644633e-05,18243.753456625203,-53664.451198417468,31.874313533941297,-114.13319095951631
0.0049260827524724143,0.10018817514173071,0.23286483985480919,2.7675731600048424e-05,6395.5775988201021,-51043.035110273813,4.5109106170132875,-94.51215276266835
0.18310972481949175,-0.11922159723226988,0.19973214270516762,3.2953893561517613e-05,10280.6696638634,18131.532650233756,17.827712667258997,27.540216576266491
-0.00024465925827518199,0.039679444973749887,0.23284309788579416,3.5419949272218354e-05,85927.160675528692,120.70247165758779,207.00394580819886,-3.7683334033651961
0.055361788773266057,-0.12909345702157973,0.22957605394479028,7.3571417443519304e-06,-24539.421209847107,13673.058611471632,-14.730733237261692,15.41676273963834
0.015117455511253984,0.037088216990588244,0.23258150352791307,3.935742547128558e-05,85957.67211725135,1110.0420199983962,205.75946374125104,-2.5547397178882782
0.033452669700050862,0.092808181564106404,0.231705588332483,3.6266002628193569e-05,17797.007476831386,-55272.022333160261,34.123687559615199,-112.85573834050506
-0.010601126983872146,0.098839338946895783,0.23276509911773718,3.4118422305690649e-05,9261.8659579761043,-51954.272504873697,11.257497667035247,-102.69860612268167
0.0034519202625591877,0.095597853371212307,0.23281941816602053,2.0817908298403718e-05,18434.346404213422,-52461.363217823236,28.936918798533242,-106.57886616941072
-0.015961531897365631,0.092230905657898779,0.2325957027072843,3.3585650989357524e-05,24761.721459097771,-52999.419756258074,50.009757986737533,-112.73699762554232
0.012512694555888645,0.030675624288067166,0.23272128431253764,3.4652934027162403e-05,86812.457967517083,6921.7921244814761,208.99540331940247,12.730465496856135
-0.086336427957525649,-0.017664359309309735,0.22546120403104511,2.1633944369355137e-05,70202.950902513447,-30821.247677620649,162.53483385112045,-83.367406576902312
0.089927710123849675,-0.082519622100505882,0.22492952178422118,2.6199835000104519e-05,5034.2436235865889,-55237.748564287875,8.6606586225256876,-122.56282125510594
-0.0078027839036439719,-0.083095344699979229,0.23281106860372888,1.3945584199732255e-05,46124.014297269801,-47105.418094899178,96.787846510036289,-104.64042998803974
0.081346116882601627,-0.11309866182536128,0.22617770146340108,2.2293144786288358e-05,-32953.550763894564,-14940.498528175145,-48.866339142388085,-23.701544451845525
0.051032609618361806,0.093124557802749572,0.23013857667779122,3.4310269721730094e-05,9854.9916498654493,-55601.846619291871,20.886600873445499,-113.60144143005932
-0.020112951120005249,-0.01801309791699961,0.23243583835119455,4.5826514599196668e-05,87049.398105872155,13363.90335486107,216.23540270892849,31.326060236014705
-0.0041356377200512748,0.03426321319096079,0.23281609830717537,2.5186973358206151e-05,86401.797373387686,5479.0314448592662,205.42128354081822,11.219790489201563
-0.16064613691522778,0.056944735851624358,0.21409344144659898,2.0944066792775573e-05,-48821.944253877075,-7205.1751313174609,-92.454701629398755,-21.841678873793992
-0.075507472332506945,-0.12925592799853763,0.2268562743518352,1.7917947980315535e-05,-19695.007134985855,17807.661306152208,-14.554896872857778,14.305953244590528
0.074591394850707038,0.12924104804434744,0.22714598159485544,1.6854708947486997e-05,-19933.721545125049,17704.819852253378,-14.471530759885166,13.957481928224428
-0.075721760535015475,0.12902786457222595,0.22677245769459006,5.3819444144023327e-06,-20216.261172566254,17770.131002677441,-12.859074187151329,19.373813261420587
0.076362920433811626,-0.12944992211367287,0.22675496238340284,2.3020008924109876e-06,-19223.24643898986,18447.48667730072,-10.475261063981634,18.97933742403815
-0.033530480695565953,0.092363408233386887,0.23170247977802721,3.4997909703885474e-05,18643.660207850004,-55398.276912437752,39.687499458423154,-115.8665713486029
0.053860351539046836,0.099146591661843461,0.22983977072498957,3.5519482947786962e-05,-5055.8830401487594,-51318.564354188173,-14.282393371938806,-98.080004403953424
0.05971595963057591,-0.078236498845353525,0.22919132618196558,1.9317932769395938e-05,35391.047850544208,-55168.979669440312,78.715709039317915,-117.42447970230772
-0.012081239206181076,-0.024536070371279139,0.23273908566691931,1.8998274978485088e-05,87076.415907716131,11585.799150847079,208.91511154504897,25.38851057895344
-0.044562376223898977,0.097982925306486945,0.23083927861640696,3.5605856951161151e-05,1278.6420632898075,-53302.423090939592,4.8333847837155961,-102.76239130392911
0.089613049686754861,0.050266300973001402,0.22497610664178264,3.0231772741302599e-05,47695.541299355325,-51284.39531183552,107.30270612197485,-119.19769785238762
-0.017884835102326673,0.037375711402781953,0.23248745800950693,4.993132837377417e-05,85646.012508070169,-484.78319441624478,207.79786907427481,-3.5377090384805014
-0.16608173311905278,-0.10472099225545829,0.20826165918386247,3.5065817871433275e-05,-16942.050351855509,25776.247236804182,-35.074356244035592,44.330170041136299
0.16505068479124377,0.10338750313377409,0.20876481920858955,3.7524238017263771e-05,-19242.301361687732,25098.277626260922,-41.921555562207992,44.279735705154984
-0.062263150627275589,0.099332675038073845,0.22886445481014411,4.5049031157536304e-05,-9176.2198423123009,-48971.413478463379,-17.472404181048862,-95.226946123250769
-0.02981547115604857,0.096878635837864102,0.23193957605043181,3.0648507486310098e-05,9505.2591032783785,-53981.083296218902,15.837757130263807,-105.91654578408624
0.079175447866615012,0.12942274072314142,0.22642389405486046,9.1208823506904343e-06,-18519.570322177748,19013.416712837425,-8.4723047162301253,18.171672796768558
-0.12146545826775926,-0.1099947566514749,0.21921353331898746,1.2171429583948755e-05,-35287.304953576793,-449.22508435986543,-55.323386388204646,0.79410038758117318
0.13850361985185958,0.051836541226466026,0.21773795408511665,1.829524417335062e-05,-28803.010296856857,-48519.094296386138,-62.590710039781946,-97.332625512048452
0.10044872403942293,0.11718120743705585,0.22303634401830111,1.7732708900731725e-05,-32160.229913152045,3050.1172632157964,-43.60594500447386,4.0300007247778051
-0.090817548431722933,0.12925625474971805,0.2243672613240455,1.3903068274426976e-05,-16039.21941309326,20207.20063752522,-12.495121619303013,19.467628183224672
0.090870352014939496,-0.12927280255293386,0.22418064154369341,1.2182814126744579e-05,-16021.889867679472,20294.292511825133,-10.197739447672687,20.572312088410566
-0.091194558505222276,-0.1291449641709938,0.22431105073910387,1.9797069566195835e-05,-16210.851890774113,20103.743751750626,-12.168702524596076,19.178242724950945
0.090980971716257367,0.1294168149021265,0.22434030105983205,2.1827477853760128e-05,-15744.334985884523,20424.172946397801,-10.265291516146361,19.79673947477248
-0.021000077969669718,0.031424823228745319,0.23237644557399448,4.1759235977518069e-05,86066.843730829933,4041.7206291075004,210.42709878131643,9.3558840284076439
-0.064149487000942723,0.093244019483724627,0.22860797612213005,4.0743321411365702e-05,2821.4726052019091,-53990.547435583365,6.4367011585307381,-110.45574175342362
-0.0323303431592801,0.11848621264118933,0.23178656412850876,2.659797262770279e-05,-32587.902186957825,-17218.488324406844,-36.206252528931202,-14.48852331213803
0.1742488156860881,-0.1107283034758549,0.20466760776778889,3.5255811549772737e-05,-2799.2456056277642,27072.138872780873,-4.5660300645844032,44.991822414766922
-0.026599564409667705,-0.12609399626992687,0.23215119275224652,7.0082166318853315e-06,-30596.161461043597,2685.3888313311281,-19.463512100459749,6.3248290066785158
-0.041719470651819884,0.11275480952396555,0.23108745249963994,2.4615422674174297e-05,-28308.825343724897,-30346.575168101001,-41.235299932494463,-37.777988719655667
0.16509999755439661,-0.10604758992989398,0.20835784477762101,2.9756671977808027e-05,-16274.314137617064,25721.381948508064,-34.669897006324192,45.71181061006029
-0.022540213746747598,0.074033364402827276,0.23236497697584801,1.8213109583308888e-05,58571.904878173758,-42465.910158339306,124.21295806258776,-94.397873165688964
-0.17388313554682738,-0.091916413753850748,0.20785854947115701,1.352461980078231e-05,-21253.599574629716,26785.034157845141,-45.336987329658164,43.605077131710857
0.069594447075678967,0.098900068166813571,0.22787275458130687,3.3234009692435257e-05,-11346.984152690617,-47119.689533020042,-21.606375470436635,-95.902984636254757
0.045034629718770793,-0.077958149554096093,0.23078842457686563,1.4697995569756792e-05,43663.090283875325,-52035.306318456402,96.24725242889383,-108.76946453510838
0.067691159395506906,0.093123205828737676,0.22813082213880032,4.0126574820754508e-05,971.4565244676993,-53455.596645636106,0.65468906414502603,-112.72298914601147
-0.14491062566978116,0.12529118262046623,0.2115334985207247,1.9351948581708558e-05,-3644.3188465650446,22625.975324388732,-0.89570824549959971,31.242344796794725
-0.049689887043014351,0.095543897414287288,0.2303196168776879,2.9999718916738832e-05,4805.671065196685,-54539.865869509442,10.435129752676056,-106.60428722977689
0.00027506829700485696,0.034360474964765408,0.23285456558480538,2.1463693712704127e-05,86671.857321262054,5488.3911048282816,204.48948807455008,6.7016104494514996
0.013513390933589262,0.12004702482559036,0.23268562024751593,2.4019976436728315e-05,-31735.58272185818,-14350.572831889629,-32.643807576399212,-10.652160210828221
0.029323333510522145,0.12874636249907312,0.23200774644497998,1.3072486678295364e-06,-27382.161364959109,9144.0655587203019,-24.842742557741705,16.464856679770278
0.020276188260733529,-0.068902647114748694,0.23245120034872516,2.2653040305971568e-05,66012.510021204696,-36001.487250701146,147.36515879693508,-82.923372800551761
0.094078572572931396,-0.12380952380952381,0.22394058199381084,4.0511610505367809e-05,-25338.109978217526,13669.289532724331,-21.348087288931865,16.300507282791031
-0.062360689530827774,0.10493087716642294,0.22888020321884944,1.778539841914978e-05,-20157.760444013646,-40899.886934727925,-37.562485078750086,-70.282081778457098
0.1770705269140197,-0.060416722584351157,0.21048782562209833,2.0517265055570855e-05,-37524.705591391401,22741.92281408218,-68.384730371403961,35.29432964575178
-0.072850847960538076,-0.01842870831596732,0.22745243116127611,1.9369620526690426e-05,78194.844779690102,-16908.640017170019,180.97275884864925,-44.913430918600874
-0.029895521452941248,0.041587319888312213,0.23196119147285707,3.0647034488700307e-05,83425.975888292873,-9083.9363954271394,196.38957524325269,-24.533946433979768
0.015048038274785475,-0.086469872779983512,0.23264608391330455,1.6177305688091438e-05,37956.935563095001,-50716.539286987078,74.416806414541142,-106.74556967477454
-0.044514510088395375,-0.0753611270165295,0.23084051384193818,1.4730222067974843e-05,48024.048477066666,-50225.019015019148,111.7959528772151,-106.48897838637545
-0.093636376367438837,0.12345642787252445,0.22403016641939738,4.1953519279742175e-05,-25944.730461277566,12918.02546539865,-22.995300723716049,15.757447913588049
0.033117292290356391,-0.12561027094895247,0.23177300446993485,1.1668939474787794e-05,-31071.872696108727,2192.3414258854305,-18.602142320143976,5.727172204644603
-0.0067321827648558312,0.081542385055434138,0.23282914317179765,3.7169454717521079e-05,49029.766944580617,-46635.311126185072,103.14221760630004,-110.50171009707118
-0.0022534846943160184,0.087083772285129632,0.23287251348407584,2.7927736374223139e-05,38296.413051186144,-50166.830117662204,76.847079486926063,-114.35909988526855
0.010711354806712313,-0.086285164631033959,0.23276100801410837,3.4401107657995994e-05,38920.046261671007,-50124.300958906599,83.214550937923335,-114.21558429758747
-0.02048341324304569,0.087164652085867572,0.2324427906054039,3.085120597497411e-05,35190.77872969077,-52198.970231859566,69.583427069754194,-114.35816823561103
-0.0055464560924863345,-0.087107868129626675,0.23284877168955964,2.271677642003545e-05,38328.124982432993,-49976.52005479364,73.516788621314703,-112.55966246323209
-0.0032744954633817389,-0.081643387608993728,0.23285753164538581,3.3184117347066241e-05,49491.314111733212,-45951.32159438228,99.458845242846365,-109.65669342521937
0.012784086749010184,-0.12164773925391066,0.23270147234685504,1.4268163927207057e-05,-31794.946578979056,-10082.400055778975,-28.005603764717968,-6.2221322541631654
-0.012405546930021069,0.12255877722772551,0.23272570890460137,1.7748545727263428e-05,-32049.294563198713,-7400.9483919597051,-27.308999247355349,-3.04982800744355
0.014926494353608766,-0.080757587358633059,0.23265065032091886,4.7689263612668814e-05,48939.407020831561,-47044.648559269313,108.66303044045577,-110.60356933152205
-0.030521620143855056,0.12285638597769521,0.23192160032036266,1.2125701361083162e-05,-32787.050548497777,-5326.9425702340359,-26.368906864621604,-2.0128290759818603
-0.010254167829037755,0.024660603117586156,0.23277119703705304,3.4353192591595383e-05,87015.399396487672,12339.868540666122,207.09563213459131,25.320320302596354
-0.0037969947038386715,0.060792673860780209,0.23285108743421734,3.0271632259705486e-05,76494.370755320822,-23527.434527291636,174.18269164732726,-62.345496605596267
-0.01438039190605326,0.070198584020903065,0.23265787641097219,3.6818366257729588e-05,65338.61605713598,-36287.45789933615,148.77769000792597,-86.087322320604088
0.0068141225197566766,0.074436075523815814,0.23283165694550811,1.8421302877477796e-05,61168.228252650639,-39089.784689037486,128.28105827276195,-94.978483615958766
0.0043579287733800792,0.12415259692671611,0.23287482534467227,1.5387348462121412e-05,-31400.959350885802,-3164.9349760137798,-22.087159798919028,2.355608535986129
-0.015465766960841742,0.11829256962827285,0.23261540564234878,2.9452993933494484e-05,-30945.28237260017,-18995.683400786784,-35.733210106763529,-18.727774785636058
0.014691125565277543,-0.11775581421299466,0.23263896522949415,2.1185320824597047e-05,-30081.21751334803,-20687.804130810477,-36.142034804880012,-20.240572579203135
-0.006722654753377205,0.054519106609959095,0.23283326452107317,4.3161761652790651e-05,80466.741834655622,-16944.049982918194,190.22683767569589,-44.727781818561425
0.017331774797070997,-0.073784440912963906,0.23256437942528796,3.6931251859154052e-05,60226.530085034326,-40842.322989784283,131.33514193514151,-98.839799976497318
-0.025675738292258575,0.10517809984064204,0.23219984571811547,2.904076439383815e-05,-9446.1215674881605,-46656.13723994897,-19.406216718096978,-80.67404709273778
0.02544957271532174,-0.1052851164403816,0.23221172829435238,3.3231925515020858e-05,-9943.5884569660975,-46541.512500646451,-20.052919000780761,-78.841844565729133
6.5312441690914408e-05,-0.012380952380952378,0.2328764008599874,3.9292008269666713e-05,87551.444425486727,19642.175709910134,215.32220008440251,36.120848410786174
0.038813133599168763,-0.12881610791295411,0.23134387656404026,3.1721612001138698e-06,-26953.311367349866,10252.081538240094,-17.994207266188656,12.630673515631806
-0.046587785214213757,0.12453648837323733,0.23066306813999415,5.3869360841965922e-06,-31689.177242004422,1754.8295325198778,-20.654859580207095,6.0916284163483594
0.047338005417489747,-0.12375348959871751,0.23058458078058222,1.0092023222332561e-05,-32304.134591355265,-26.947977489779841,-22.060208766827508,4.4203035199997389
-0.086302910935538144,0.11182573490173484,0.22543295838330207,3.7514655333207818e-05,-33145.212695902628,-15410.036270663315,-51.70318468598002,-25.481724328199295
0.085664481117198849,-0.11221573245016506,0.22552747558119296,3.6759171342114391e-05,-33281.43876981928,-14850.512482891738,-50.512424992928338,-21.44432877934554
-0.078948588712103474,0.12380952380952381,0.22648949800656992,1.2579243579714464e-05,-28192.087811687386,9356.6000802316048,-22.792944133391362,10.612438241319607
0.079682814657081324,-0.12385038371720287,0.22637650556879621,1.2432714616841021e-05,-28009.599632191908,9650.2530244852587,-22.929315584570258,10.602269099133229
-0.0023751158071768684,-0.058073514914919827,0.23286604476030009,2.6487108513059428e-05,78555.493935439517,-20226.10698861898,181.38218562213058,-54.371366388097165
0.0022605400448347896,-0.049772281294928916,0.23287477034559648,4.1765936387128681e-05,82944.254902931949,-10682.517536073392,194.62062756262404,-28.858089064879589
0.026836470304819442,-0.086715303155132706,0.23213871618959717,3.3720532065841976e-05,34311.742372715096,-53335.361745012044,68.03517118834047,-118.63739872644176
0.039448827923315985,-0.11016301155428369,0.23128429156369984,3.2803166210653419e-05,-23641.637746715827,-36972.908155987017,-39.05774144634502,-51.612485089596795
-0.023743912322354833,0.080155537331562804,0.23230158462894215,4.0958604900880399e-05,48064.258379590116,-48552.683519047794,105.64193761814929,-112.36195463186897
-0.083713226842641555,0.11647281414559481,0.22579771564289916,2.8865922577120025e-05,-33576.602073202623,-5575.3892047547097,-43.489766131172352,-3.6880195718248032
0.08227379364076623,-0.11824003280413801,0.22600749841698609,4.1360084495935995e-05,-32832.457031834587,-1926.3171189641992,-38.624852079523436,0.16922879923405945
-0.010907705409725462,0.048532142843452176,0.23275212826909961,4.8690354876366706e-05,83003.080715590622,-10748.139358864941,198.07621511100672,-28.385168722116504
-0.027559147678091565,0.073514230369409503,0.23209717757536968,4.4086446059598117e-05,57818.209921472575,-43833.363786138521,127.54047642460031,-102.69382935942149
0.025001769822291086,-0.067765758752724586,0.23223534002201976,3.6723894819960696e-05,66188.228278749317,-36377.752919289218,149.41817682358015,-85.11759122367404
0.06386745608095841,-0.12326382233750831,0.22868532087334315,2.5004652082264887e-05,-31236.163599481242,3393.1278929966043,-24.63630965476997,6.6089239245703757
-0.063129312254042169,0.12246298169068656,0.228777820926476,1.2407834589235505e-05,-32006.173230528992,1201.5208883935443,-26.907277774094766,4.2282595333549651
0.0091753163701732282,0.10446360526761278,0.2327901582002283,3.8848319754603835e-05,-5210.4648052642688,-47332.781323260053,-13.072373312934609,-85.525351724970889
-0.0091012611061370915,-0.10605719673143534,0.23279145974543533,3.8530313561714115e-05,-8690.1247459930855,-45237.488971816187,-17.685255135164976,-79.956621228734008
0.016059978578272339,0.088364401173631243,0.2325930345478914,5.1593068920648328e-05,33278.575102571049,-52307.784518091845,68.755976201452611,-118.4181898929573
-0.0057585589142662066,-0.061279947138346801,0.23284083192327773,3.1296505532265443e-05,75986.72497586401,-23898.471308731292,168.1235307654629,-60.212771506664197
0.073922525764148858,-0.10520086043722209,0.22729891413660089,2.7327320365733329e-05,-23943.397085181245,-35658.745018345107,-43.92265641581384,-63.663729972886337
0.0053450181092192456,-0.043838000668552549,0.23284545655998359,3.3911493069548557e-05,84892.061604159913,-4528.4443152930971,202.90697158888261,-14.886848994037731
-0.053379626085781992,0.11092505272295773,0.22995659914021918,2.9356115343979703e-05,-27686.145627670281,-31764.90758961274,-43.074921217982272,-47.88127308189015
-0.016936572967849898,0.06297705773677495,0.23256300743938599,5.0078832981576203e-05,72912.45320379296,-28770.665829302819,168.39792718968079,-69.365212383001264
-0.014065189402442396,-0.11136191960603646,0.23268300151825966,3.4180638190902612e-05,-21036.814784870974,-36088.051736576868,-34.158468536822127,-54.161549508635574
0.03002263419221619,-0.082080148163546404,0.23193948568751346,3.2119020029439867e-05,42521.762519426753,-51111.784509338126,89.767375442401587,-114.15705609793518
0.031775778818237663,0.013524265375223903,0.23183180961526029,3.0754932425529803e-05,86669.23236580877,12587.914037789602,206.49785621162903,26.312140315809724
0.041738426515862889,-0.086818031371109494,0.23108771536748787,3.4203689291432679e-05,27762.958156762772,-55719.815052326179,61.002144463622734,-120.75598873979976
-0.04978020145935514,0.11620468142403977,0.23032740726082288,2.2204189344474815e-05,-32793.344545711894,-19621.548121929329,-41.117898391727771,-19.77110268998927
0.050951328834486893,-0.11752572698695886,0.23020335625163124,1.1126697522599032e-05,-33424.821691402227,-15860.990177693453,-36.450358159560174,-14.071803261110974
-0.036126368966941692,0.085434854073306518,0.23153641723993337,3.9463280093345251e-05,33301.533699933694,-54639.719939841249,67.679897282298043,-118.84073856831543
0.060303605133795499,-0.086287783800583009,0.22913477045450642,3.4713141236525626e-05,19613.22185619799,-56736.867648062609,42.373498280007112,-119.67083019072545
-0.016364135919619324,-0.11748553482142463,0.23259574371604666,1.8602602228230604e-05,-30102.276723170824,-21302.464977324464,-36.204509103301085,-21.049118787815619
-0.041672853898532994,0.10183955215129034,0.23109345741130868,2.1581075271037154e-05,-6818.9962035752478,-50306.438327319287,-17.823639093956256,-87.609403513960871
-0.016135143055689,0.043532089793733575,0.23260797629966182,3.5830113643005143e-05,84549.531693382291,-6245.6049656926571,198.34470827276255,-19.740621381776556
0.019793521001375637,-0.048679696497077506,0.23246950793334309,4.5403455149129837e-05,81766.016797652177,-12784.742043184257,192.82425716265769,-29.356007515780476
-0.14502940902921838,0.091362673371299455,0.21537027797197908,4.1252257685444242e-05,-40929.983511122759,-4261.2683909666102,-83.989859854371446,-7.7772852441771221
-0.032024133649363858,0.067852010620468917,0.23182493431512216,3.3211073616903607e-05,63965.723243007822,-39016.816425777914,141.45771718143175,-86.034435789361098
-0.057888063522987393,0.10476462865838065,0.22943011073327804,3.5940441786871115e-05,-18656.625557802548,-42865.932432241621,-36.485698838172162,-70.398488617064913
0.049299330473538037,-0.07741688457135136,0.23035026589940064,3.2264783176819175e-05,42828.102346111264,-52899.680184311313,89.903435704212825,-115.70615767730571
0.028654129800283361,-0.061268631194380578,0.23203298997032218,3.8780285056287004e-05,72235.077818143589,-30881.445935095751,166.75029977114522,-76.473057958423965
0.0074056220783944079,0.049937609566340191,0.23282126114953705,3.0962997974570813e-05,82739.626444995491,-11136.500996396688,193.57730299104139,-31.382361593025923
-0.023974775191958588,0.053919732241047943,0.23228942632003144,3.908574473014166e-05,78700.942789146779,-20559.23909315317,182.06762001460473,-48.416383786632153
-0.045999780303081113,0.067182789047013511,0.23070366898195571,2.387778770027186e-05,59488.262884751028,-44115.888430613762,134.49665117020984,-97.37166618861437
-0.038950429349520949,0.057429984004951008,0.23131531107878064,4.5493420489038601e-05,72219.190050459016,-30869.812547992198,167.74839411572978,-67.033033704635244
0.042560540954401337,-0.062556090652651733,0.23101572469022025,4.6502182294743058e-05,66058.190756746,-38113.110514313863,152.25656908123591,-84.638273483939727
-0.045909944343149989,0.073548407197350521,0.23071297019191558,4.0418498288504701e-05,50453.565144314249,-49748.282716016562,111.42217316526988,-110.46749763682841
0.038316922354840272,-0.066629149646459954,0.23138314090773962,2.8807730636317666e-05,63161.260240914758,-40601.021005802504,147.24941810922584,-93.103664308310869
-0.10491487924629027,0.12966200476554363,0.22148043218945612,2.3486529513183692e-05,-11606.804937619681,21556.271891595457,-7.7868851131425227,22.846674536059226
0.10566199638326824,-0.13,0.22129467699481661,2.2116180298720144e-05,-10600.303605043668,21711.125972687511,-6.9829534242568831,22.05845626746202
-0.10556604141742643,-0.13,0.22131602719178625,2.4447904573672895e-05,-10713.008379622699,21641.277991721236,-7.5357738616833077,21.827555785751834
0.10548558843210354,0.12985735837789611,0.22130153980536788,1.6584179463779262e-05,-11012.060973909123,21644.598090008454,-6.1264326920249523,23.140681363454032
-0.033983366369208012,0.062676114986165127,0.23167724026870978,3.7603511528033397e-05,69128.27362980535,-34448.565733460899,158.79132145798457,-77.584249672554378
-0.019835051372915836,-0.081340132600189144,0.23247058014162716,3.4449871146044978e-05,47018.113912593544,-47709.992457394357,102.34093179888603,-107.73959525613546
0.030961915735218195,-0.055545350559477312,0.23189855226707889,3.6794560591229552e-05,76168.516636437547,-24972.604137368457,174.29495491755014,-58.132975910105699
-0.01273384368761276,0.019045627896074339,0.23272761593217536,4.7320234028887667e-05,87146.165166508697,15021.256984901223,213.32188259413792,33.128851590798504
0.0039389746280800182,0.018630569735783895,0.23287819425688527,4.7998405201590472e-05,87682.948095653337,16250.638000931505,216.32358833962675,31.230135167587029
-0.0036029910072232982,-0.017747892973993092,0.23286741008397566,4.6905735224027051e-05,87145.618148728536,16892.074509893566,211.9509777440133,36.797051616849053
0.012605590944915894,-0.017129945806576157,0.23271717531979297,4.2874541943946916e-05,87373.838648075704,16158.162923239894,213.73142554076165,31.531592504497649
0.020893041009657654,-0.042287170732832752,0.23243844105999642,3.5293661605715745e-05,84093.590168314506,-6586.6649599284065,202.10524047759822,-16.188361202270563
0.0099838971646223282,0.055611127429138901,0.23277594713135688,3.1492566908358869e-05,79594.376843827093,-18360.624569546639,186.29644921971334,-48.18697883111907
-0.027563488041398163,0.047948875491595822,0.23209507873053087,4.6715235230491792e-05,81104.215197599377,-15286.744384797528,191.96397038356159,-34.834765068533791
-0.16451123471940232,0.10421284887892966,0.20883229128113198,3.7715693056990853e-05,-18814.426111086479,25213.526072725766,-39.202192711961452,44.378159302648903
-0.02397393643058434,-0.086194382737843217,0.23228947049309359,3.434518257964352e-05,36031.536216595014,-52043.337357586352,74.368019001171831,-112.28075694362353
0.01458307941921117,0.061294223891596764,0.23266055893664725,3.4913999223956706e-05,74904.131308665688,-25847.187607795848,173.65469069220561,-65.202054256290921
0.025154360047365716,0.10497534233470991,0.23222713026966352,2.9589807141045102e-05,-8833.0778565816654,-46791.565507372987,-15.539442794571935,-82.594251195651694
0.019981679164400509,0.06817975959000884,0.23246556767435869,4.2843027271066227e-05,66893.037655571476,-35318.384092343505,149.8654713913046,-85.029076218696588
0.094655191236173275,-0.037626295353955813,0.2242296275227266,1.5843609744820102e-05,52346.649443259827,-48436.217776219193,118.77768864869188,-116.72767356982128
0.0010720241285559645,-0.096186670037848865,0.23289606063508983,1.3373048332990744e-05,16864.683131048845,-52041.631885960713,31.810897972739156,-108.79179908743376
-0.034983097163608437,-0.048008742691190029,0.2316147048405473,2.9318544764236318e-05,79762.428362846113,-17534.084469050707,177.50399724553486,-38.250351522246028
0.030901578881759241,0.11307594815731811,0.2318865209817686,3.242080175040129e-05,-26685.956483042984,-31282.206225917955,-39.661727559902637,-41.83046957829395
-0.15488397759625319,0.098662475123183158,0.21224507359810674,3.9204139757014229e-05,-32217.158935354422,14744.406092016528,-66.896816379520359,27.1931158305715
0.021088042832080954,0.074491681301894833,0.23242204879731762,2.7710058756101422e-05,58328.455336579624,-43001.795556735895,129.5751417022739,-107.68335517186391
0.037653820256405172,0.12348366902408288,0.23143119474042437,1.1621170888821614e-05,-32585.569667864882,-2566.8746490377562,-24.040025345943956,2.0633024929604282
-0.012316104229540192,-0.045329713019811806,0.23271202941120026,3.0055380918885609e-05,84065.431850088818,-7135.1163827113978,198.18033834478035,-19.120830742675849
-0.0068360596567464682,-0.024031025616915822,0.23283127139323337,4.0100898136277703e-05,87208.656356175576,12494.982453473502,213.31579904319466,28.240386040370542
0.008499078211880718,0.025325370340177289,0.2328020433044837,5.0625253287963043e-05,87470.581995822227,11412.142565956656,215.1323069539861,22.895548330574968
0.16241838500937003,0.038488064524872849,0.21416551756674768,1.2784772295933695e-05,-48820.034999985997,-13651.454416068207,-88.209565927824144,-32.133633583108853
-0.025653624989366321,0.098117596320889816,0.23217988423477443,1.3332368320120091e-05,7879.7289705494795,-53220.643079195484,10.19285503218029,-104.13040647196715
-0.060024609610089166,0.074954774447074865,0.22916954502364092,3.9845433772837144e-05,40695.775228662773,-54438.851405421839,89.647740322098841,-122.2238531178232
-0.014240669259591981,-0.050314267710987258,0.23267421194569629,3.7772999501317598e-05,81793.242641524848,-12775.897050103087,190.17479802678395,-30.230452739136251
0.030785443030465383,0.08696858094165999,0.23190322751031819,4.0433035718354771e-05,32002.394753773835,-53800.857144578236,71.049245809505791,-115.99276163563539
0.080654949581302676,-0.061003639412576985,0.22630233570726868,1.6778016024790403e-05,45538.872173674259,-51753.195761136507,100.92753669233298,-113.3490006389178
-0.1523006808083765,0.019321669442722206,0.21569532640252592,1.4322620732405492e-05,-35182.652106941903,-41573.50400658328,-71.897105478690904,-86.518782033873492
0.057588358617163854,0.11500187092845167,0.22946714037779045,2.0492719156316447e-05,-32350.330690411141,-20329.794976838115,-42.22850909658564,-20.653650352815916
-0.050667811115686488,-0.11771383757082832,0.23031250597870409,3.5412624320644403e-05,-33440.911106046769,-15222.320940965639,-38.165359949180178,-14.591232819818623
-0.017216144046248893,-0.054973820941635686,0.23256024055324034,4.0179222446135211e-05,79198.598073177389,-18819.343031931054,181.22876823616539,-47.957673536330319
0.020312904884524495,0.050698812624907358,0.23246340967597173,1.4375568107409755e-05,81215.714362333078,-15015.054075281689,182.04951953680367,-36.591000753927709
0.042597061897532373,0.1036313055381194,0.23101194794826185,3.8477216260841975e-05,-11158.019054393606,-47661.426017040561,-23.183409437074772,-81.775733283021296
0.052528315039138851,0.12440718587584407,0.23005090627054792,8.6380228423258406e-06,-31199.192246207782,2894.0540288719103,-21.123349796938228,6.3963441763880535
0.046692509698892166,0.11058606507708842,0.23065389765687755,2.8852757776256583e-05,-25738.791791791133,-34411.995625416421,-40.726242829842334,-49.054988613221049
-0.048016310377651875,-0.11152711304879755,0.23051106621070411,3.4502400690238878e-05,-27656.473220808071,-31810.870971548378,-42.187330464082926,-41.264157915118354
0.061479421557336433,-0.031521662857464064,0.22899183538784426,3.2655574376428796e-05,79104.791957837166,-16919.738302362086,183.81005235753619,-43.173268308944927
-0.059422124433162235,0.12388514275328148,0.22924314039214691,1.1380539343260128e-05,-31199.149914016292,3579.2145518818206,-22.777923913589579,7.3749821552746138
-0.11233887182200011,0.07695036772058908,0.22161159346398446,2.121388405656318e-05,-12018.940143170787,-53076.942553317123,-29.205772427385085,-111.25318036178237
0.054283185054833094,-0.065836984570240453,0.22984029886211368,3.0426803850507866e-05,57550.988212800294,-46359.458456900749,126.93561032125197,-111.87020023443367
0.022880652835857808,0.091857051209150511,0.23231370466600948,2.2477045549551993e-05,23760.205315909097,-53633.340976608953,49.805828450440039,-109.61240184663592
-0.0020193131573593343,-0.12022781925859835,0.23284271922384323,2.2974171346618267e-05,-31221.6359373704,-13947.360828859706,-30.260825615889804,-9.6278790809931962
0.017755920360887727,0.042525362211391651,0.23254730220173295,3.3289509551743233e-05,84913.121156532157,-5837.1994233498726,204.22081949930634,-21.611047591365001
-0.021172166718797601,0.10522602432164851,0.23243549264804803,1.8252495420925334e-05,-8929.5754111104106,-46774.042726780026,-20.273013727131541,-76.34567738588288
-0.16744703172016503,-0.063148520626363988,0.21242575519736376,1.8993023934198088e-05,-45364.149524763139,8521.4697508061017,-86.615792481366896,6.5953572517985757
0.025030090334422314,0.049379011222543345,0.23223384853256721,2.5127340045199815e-05,81385.108002299428,-15584.383690427741,184.56117540874868,-44.525980141485945
-0.13203218727555668,0.084999171354401007,0.21838960780929609,2.7124138660057628e-05,-37893.90895290333,-28327.801559699903,-76.878997903836279,-55.831037617969947
-0.050712143172944514,0.062573305510067442,0.23018434559565751,4.1296941288787603e-05,63123.149970964085,-41446.199536102424,140.02354125297759,-92.791608841761757
0.026902667533758536,0.05597789182978085,0.23213522993665467,4.4938095522482572e-05,76405.606033385251,-24470.787591094406,181.36573372567275,-57.117894168110034
0.031177668267729833,0.061516341141140338,0.23188983235774296,4.3203415809393508e-05,70809.55549460795,-32569.511803176203,165.60281881674135,-75.291577406243036
0.026064403104082992,0.072651575629054721,0.23217937682741427,2.5590460493513032e-05,59486.571810322712,-42069.041343316916,131.44344476015073,-95.004358285337645
0.039388081859208557,0.074190183495243006,0.23128843551072159,3.4411022866395375e-05,52492.834936084968,-47775.033227297798,113.95553152607533,-104.83197143219668
0.09031422113714295,-0.024050628077507085,0.22487229959046071,1.4596125639849612e-05,64400.574429322893,-37669.57959475863,146.76203564325479,-95.308593868291467
-0.011286297801237168,-0.12127111750943838,0.23275120918776057,1.102764377548339e-05,-31775.473332795285,-10957.182715209417,-26.441355204495437,-6.0610381806623366
0.047886443589525145,0.087670549620057825,0.23052653506395263,3.5869334945203556e-05,23014.227862360676,-56774.968154251801,46.773968622327743,-120.83770195532739
-0.1617424154715047,-0.066588604478633046,0.21343133738316733,1.5554250538972944e-05,-46527.143679171284,431.44147839679857,-90.995559041176975,-9.3483647519029489
0.02358210564114294,-0.11277961406731611,0.23230917221712949,1.8791836022377459e-05,-25081.722572915751,-32720.143693275153,-38.377564094588436,-41.011175150687215
0.058407529947011295,0.10484442320802528,0.22936668054742154,3.4109266215162973e-05,-18666.372373850762,-42426.450976810542,-35.517088955994126,-68.816874587788732
-0.060361853948791282,-0.10551976835520105,0.22912834961778888,3.1498666365928707e-05,-20506.738392626234,-40337.9140225827,-37.619717121659974,-70.114185175007336
0.062043065819035986,0.11146557818371265,0.22892298455344259,2.5724172709666728e-05,-29514.479940756941,-27460.518354349642,-45.751302377738924,-39.293402898714021
-0.061890057108092804,-0.11093408943253939,0.22894167502566948,3.231165713122599e-05,-28995.727188523662,-28702.250562138048,-45.01681227564837,-41.965365251564862
-0.072490683223730479,-0.1241661225330393,0.22750151347952219,3.054071433230294e-05,-28711.627546180058,8246.4119435260836,-21.621383526149554,10.139694950135439
0.071187900593660342,0.12353050892341198,0.22770377817899556,3.1325405341045792e-05,-29725.398845093925,6462.3482902839551,-23.300097340381626,9.3991011560817075
0.06928931591366394,-0.07557773308689672,0.22793319229520254,1.2925834295759699e-05,33847.432496193127,-55783.599313339982,73.107978622847241,-128.29622530250583
0.046091199263607212,-0.056022752651748733,0.23066551717488087,4.7220747103600148e-05,70998.22723237086,-33287.945330286711,168.07227838861508,-78.235770501181591
0.11069030919118529,0.10859771497457651,0.22146189975488748,1.8141059420640982e-05,-35648.818111847999,-9328.2835063367384,-60.901923465626254,-19.052874393013944
-0.088379186583308206,0.10563674252080651,0.22514349405295886,4.310047003340085e-05,-29519.518555935756,-27860.500773547166,-54.419234906968661,-49.911741418291285
0.088922443085984876,-0.10571807673966258,0.22506157647433092,4.0985428539866883e-05,-29574.869216695806,-27339.952049512518,-52.898915478102843,-48.907367005141772
0.10862264245120992,-0.12380952380952381,0.22104288118351484,4.1890692351098829e-05,-21934.519637504716,16860.133383071854,-20.223673922530502,21.07290296678347
-0.10850698487659513,0.12380952380952381,0.22106780711839535,4.196743974914402e-05,-22046.376982913334,16878.169803668177,-20.280953180157823,21.301095515912223
0.028777610007788671,0.037310845240785019,0.23199351709213795,3.7004494899531614e-05,84416.325495809768,-4590.5517562587838,202.62730817012459,-10.859364290063588
0.082669562783562522,0.098992783558557118,0.22600407619318683,2.8264864972634319e-05,-17579.437631720939,-42112.777088945455,-35.947916164698455,-83.495120405285135
0.10878509250597962,-0.059585810160777415,0.2221377234877337,3.0001175144312251e-05,12940.114406225306,-60417.746645787622,27.949100695378053,-134.03408230934579
0.059455185879173561,-0.043501412191340669,0.22923125293839308,1.2369460679819531e-05,74410.028813532583,-26466.195963048973,168.40696589458639,-58.691514344878684
-0.057658473597708995,-0.086097030035330563,0.22945857562295724,3.162604196109863e-05,21226.154292291802,-56992.075528569469,47.005102999845121,-124.24412227650279
-0.052436949036302555,-0.081821724561029666,0.23005021110393128,4.8624902361891325e-05,32590.413674999021,-56139.135404803252,69.122252027762798,-122.45268249033506
-0.076298730605101089,0.091440459747340927,0.22694726534121468,2.0245354331872268e-05,-273.74291388359393,-52848.64260313187,-3.9700415025306857,-109.06475446581264
-0.070974460840611334,-0.11583845881526432,0.2277179498503516,2.5048475088572661e-05,-33277.11622961051,-12773.738780597963,-43.283149481269255,-14.48500179546453
0.082117290234095433,0.092743852894315082,0.22608583905568572,4.0033369668226369e-05,-6564.6353631886586,-49694.605113201716,-13.287909119255588,-106.42256031972711
0.048511907441664101,0.027862474508621105,0.23047421208057617,1.8900130096542428e-05,83621.477615762356,-5115.8842101226064,188.89022061992495,-14.321488871444737
-0.039304940244429237,-0.061904761904761907,0.23130081018323329,4.7351517038051006e-05,67897.421815382841,-36490.851577432259,160.96070134775078,-81.538619514333391
0.0017032304234971415,0.091048626314052153,0.23284931704088283,3.4378066025344414e-05,29461.788357498248,-51739.809300927569,56.076774972408565,-113.92482777169926
-0.034292347086870754,-0.054061578945738001,0.23166340055968015,5.5193368937656763e-05,76244.446192430594,-25198.129275988736,178.3128637200652,-60.66380379746645
0.0066089484264844345,-0.027527860346643049,0.23283526294652884,3.3402800124159212e-05,86812.546413012155,11247.804979827895,200.18148523500136,21.863876921927822
-0.0068785885363465442,0.029049251217371751,0.23283052393442508,3.6056709247186414e-05,86836.854345516564,9608.3984468332928,205.56285252328036,18.463373607623545
0.0081751369854263616,-0.091065511197233232,0.23280773667626678,2.6275037057161971e-05,28887.627344728102,-52060.326828980476,56.403706938633114,-114.08329006600654
0.0013249108265061095,-0.076449871712452627,0.23285262959501898,3.3429809881926945e-05,58108.589963482213,-40830.68804893396,126.49463861094533,-98.290845904309464
-0.11944171848936591,-0.12944327397766789,0.21808536693391006,2.0748634777493524e-05,-7562.5555735021389,21580.926690041626,-4.3204971111058965,27.488494576978546
-0.12001000424776255,0.13,0.21788283852584683,2.1972316199970476e-05,-6096.5478993893221,21646.73901052928,-2.4751616030362902,25.140605185148686
0.11977319957539077,-0.12966151923413544,0.21797251138151214,2.1801341057741229e-05,-6885.4259329311208,21541.717613214409,-3.8534852572595431,26.805873482525165
0.0042194134208986007,-0.069926851379517471,0.23284673481030016,3.4737061349932238e-05,66981.423798575852,-33944.701846805008,150.28294849420001,-82.350649933022027
-0.010100949330028317,0.075625337056377501,0.23277388990170769,3.2513578663371776e-05,58834.267937151431,-41187.537997842155,127.19913358801429,-100.186682425852
0.0045033759705544289,0.070540055443130051,0.23283757632214708,2.4667311405362627e-05,66392.840199749859,-34693.071513529452,146.618284811492,-85.447427426881362
0.030693527466974162,-0.12864044060502641,0.23193558567950603,6.5915073997664155e-06,-27586.613556653254,9098.2704861984766,-16.896717720600559,12.356777996439574
0.0014694135914695098,0.064974963120867701,0.23284487048023833,3.2810901724577947e-05,72683.131791386797,-28341.546368382526,165.3167520115621,-72.792109226580394
0.0096308549972697211,0.077955298170444207,0.23278215196158439,2.5610525516394663e-05,55294.710405781043,-42989.821079942434,116.20447194874123,-99.617648345754873
0.16154449310263053,0.057021762939544925,0.21393897829494962,3.4473981585452582e-05,-48853.01372813333,-5458.0083013500398,-91.486668635284033,-16.854472538361868
0.001605405022925695,0.11972431490209058,0.23284941279446256,2.8648483875127609e-05,-31043.248630240654,-15347.125027273598,-32.172637803693284,-12.94833489283819
0.0020835813199993605,-0.11447029196405863,0.23283947250168888,3.5076622393803123e-05,-25658.137153781641,-29214.894045176854,-37.349189873381654,-34.803275213379592
-0.0026392326387756166,0.11431882481406622,0.23284130415168816,3.1269818676179157e-05,-25635.665003663704,-29534.941553452729,-37.296225909028593,-35.907266052710789
0.0083616722793751277,-0.065857196883301189,0.23280445825816992,3.0509890414660683e-05,71412.584273490618,-29725.196675566338,162.00838163782242,-74.346867215834294
0.006217898290864065,-0.1083530862044388,0.23284213577908636,3.8144196631717533e-05,-13996.034668641647,-41795.246874408884,-27.582967875239234,-68.989531880177324
-0.005989615660292308,0.10901102745505298,0.23284614792012093,4.0025480387368181e-05,-15885.136821400758,-40969.079859311096,-32.678317012867893,-58.929772409525214
-0.0014652023801404153,-0.053534945001457758,0.23285382200635113,2.7064162654800643e-05,81635.616223183679,-14830.50079534629,189.11526719251134,-45.133539041444401
0.064392944936029914,-0.11655094552357533,0.22860596032731362,2.4315572101323485e-05,-33664.982659867317,-13464.632346445826,-41.08442875373855,-14.359933561994417
-0.14555724860515337,-0.10233476852208812,0.21427344925564562,1.9697764548243086e-05,-34234.602619762365,8623.0932622638393,-66.092125600687609,13.588389745768943
-0.099478453343288656,0.10967162461838505,0.22334635872639705,2.9394243825106742e-05,-34489.360765494683,-13636.860547543278,-57.264038623396729,-21.247244055426943
-0.0086950700017868667,-0.064845486946846984,0.23279859868541322,3.6271110389524452e-05,72238.510252542081,-28898.422204492272,162.64983921325125,-73.350914043777209
-0.0060465234501809947,-0.10065303043463736,0.23284514774731574,2.7850808828979331e-05,5108.6813743779303,-50729.87213352594,4.7405147941101164,-97.111275658371042
0.01129846839063107,-0.10279275803212,0.2327528431170674,4.6067831613333119e-05,-1258.0772832561929,-49312.13310643602,-9.370590988192987,-88.706138705390899
0.087168496491225156,0.11454023662278748,0.22529521855790702,1.630596750380308e-05,-33548.67204756193,-8797.4734085549771,-44.157324590856611,-12.372789625496695
0.075307933409831496,-0.10085571927279878,0.22709395091325565,1.7533994606513468e-05,-17164.490095062662,-42307.214567542665,-30.699192986173617,-81.920867612943923
-0.078966503777320479,0.09652172524946756,0.22655230678086458,3.6751259236469179e-05,-11500.137132332366,-47245.700395098946,-28.169855756574641,-93.500540588149889
0.01890011609746254,-0.1127374078719412,0.23249731063146661,2.7186552459201938e-05,-24093.62096512115,-33065.719707803451,-36.617082488189546,-44.099939843326794
-0.019616666595640483,0.11302795013045305,0.23246875541121245,2.9852703962668829e-05,-24873.114335173235,-32283.407904820815,-38.447244539629168,-41.663155116689026
-0.08630835487765387,-0.1232051372659361,0.22536560446108139,4.7483797959556747e-05,-27573.977298993104,10465.175647475491,-23.880151558647857,12.287688171705117
0.086706776135052718,0.1233288630404577,0.22530230010990765,4.2076577140188378e-05,-27375.266358757264,10822.146194970799,-23.697385439151955,13.114039635272183
-0.16137244701109787,-0.10538865534991819,0.20961136954812146,2.5851415109133879e-05,-20401.672846751062,23712.348750441601,-41.517697913652462,41.04897208195586
0.015552815015052205,0.11471751859543383,0.23260050549029973,2.5443595051405885e-05,-26976.804049143564,-28377.370794263512,-37.480352985870034,-33.368669921507532
-0.013116113111266439,-0.070961688279692792,0.23268343320997267,4.603835695281941e-05,64267.853016935638,-37019.802298708077,149.39548662725929,-89.096019658784741
-0.082410694900923204,-0.11777165673444256,0.22601865495634879,4.3408777106313952e-05,-33047.928661142731,-2839.3412599592571,-39.762786881097611,-1.6698065754778824
0.08317085162501886,0.11790463314943522,0.22589897756789548,4.4325713076658139e-05,-33015.898411282695,-2271.0117341361588,-39.750380148026053,-0.53325975244727175
-0.023657221259481449,0.10961112119466251,0.2323048481044436,2.9432516613764458e-05,-19299.865603498984,-39348.327177400221,-33.068574508467051,-57.828704472152296
0.022174234885932606,-0.10860382698680304,0.23238256455728665,2.0615125629443282e-05,-16618.096406840399,-41354.959330886071,-29.639240053749589,-65.479197478580559
0.077399577559628646,0.11138299539806931,0.22678428711920776,3.8529815247728283e-05,-31929.658327480411,-20736.165365563775,-49.871670879013806,-27.771839738228557
-0.077938187221098507,-0.11180474381858214,0.22670454702034928,4.8336088303189677e-05,-32193.78063376763,-19414.509694239114,-49.910215359980008,-28.390995990425047
0.024638694031892873,-0.090931709897385679,0.23225446127623114,2.6351108028723275e-05,25357.220765431099,-53917.689796437262,54.817999953155827,-114.04188525568506
-0.094420511574271837,0.11547237813012844,0.22409228274825879,1.2939047892747122e-05,-33571.394370782189,-3316.8343218480873,-43.834716789168233,-4.1594546759365238
0.012841579866752944,-0.060425636011511227,0.2326991892772044,3.9746422980145926e-05,75722.328860696944,-24687.943309397233,176.94710948243295,-62.141855705393951
0.075673597132123072,0.10594766821970608,0.22703981511984092,2.5010410552933046e-05,-25477.689900083176,-33408.21296516958,-44.997171583944905,-58.415948163884771
-0.07515253388408269,-0.10572535877562948,0.22711695750677266,3.8085572216699532e-05,-25120.271765732752,-34048.702842166691,-45.906127373896645,-58.873235996737051
0.15455096385565395,0.094610587101089105,0.21277313049277022,3.9612458159100258e-05,-35736.791122916562,10752.886242997629,-73.608887622548011,17.982592392658901
0.19299557511567458,0.12462720663986884,0.19448085005219767,3.4534201151880903e-05,13320.702198698173,5042.5252245007814,24.843942826533539,1.4877695834435967
-0.19402195956927565,-0.1250611157761331,0.19393763573079961,3.1186125605572543e-05,12908.780445866849,3823.1058953429128,24.444861272402193,1.4869135234355255
0.005102777157518789,0.044732559070523911,0.23283331971211421,3.5616052502273111e-05,84608.653233406847,-5093.1337228363809,200.59394740988017,-15.003467148820647
-0.030264081746760874,-0.076291176647282105,0.23193964864001018,2.6784875061080108e-05,52475.739393751603,-46679.683946915742,112.94214029491333,-105.88207754379621
0.031334885517106288,-0.1213805954236036,0.23184734684040967,8.8814565467988234e-06,-33084.638771823869,-9417.858757448199,-29.7660407081984,-4.1952797303408769
-0.017186983319305817,-0.075300514742044411,0.2325551639042947,3.9968719147951131e-05,57460.074685853084,-42126.966033033663,129.7932626302858,-98.735768318847946
0.19373250672872586,0.12001647908656449,0.19535471707852217,3.1906954212905647e-05,13235.899594528257,8799.5294978842867,26.590161048957128,9.831553587145919
0.163361314022755,0.10990845505966781,0.20831343176361902,3.2450180250189052e-05,-13390.105004987923,25934.830764151066,-27.522508738988762,43.574417914338881
0.069264190121315183,0.042341297560085998,0.22792513068715947,2.2585710249093745e-05,70237.28292492294,-31798.617921677269,165.64047286914459,-70.89028031025407
0.12008153173027124,0.1299709755633984,0.21785739017697878,2.2132413244015563e-05,-6113.2381138262954,21616.441987020313,-2.8590194940463434,25.275357330117053
0.17579722207146775,0.10941329536226621,0.20437105445685641,3.2610796011537692e-05,-2789.0256250245989,27192.681885960006,-8.2769475592969375,46.685712592244521
0.072210063787846682,0.10226248161428529,0.22754209562692942,1.5753632263475374e-05,-18555.567110584951,-41575.095819256472,-35.649434554044461,-73.097261100034487
0.035261298344443796,-0.095056421057235163,0.23162400835801658,1.854865730070454e-05,12223.443627294442,-54542.82533707664,25.237547176052747,-104.78141153771816
0.19494629217753656,-0.12551683260431126,0.19342629580693088,1.3064286032723398e-05,12529.569802991426,2473.272158838492,24.434806882382432,-0.85160410241248163
-0.025911276937197133,-0.091109211684340247,0.23218744116120041,3.0796908965897987e-05,24240.12484732848,-54240.19145694992,50.157647674295234,-117.3576248187351
0.02821264120443466,-0.10160086334786944,0.23206624065058926,2.4167689293210408e-05,-1756.0836053358032,-50814.562487316063,-5.692393390015857,-92.359362976127471
-0.027966874959315859,0.10184475971289561,0.23207918384034129,2.3945462280244644e-05,-2117.1567150750893,-50405.143470085117,-4.4100748966563268,-91.806996367408033
0.065357448898147472,0.08651628988721359,0.22849743146090462,4.3598700735065654e-05,16043.460136396683,-56743.441870459515,31.848144161331042,-121.37177395554684
0.10485146770040521,0.038658424890446658,0.22272008888759059,1.4856464791531426e-05,38205.626379208741,-56866.707686539987,83.877123755724099,-129.23454813053021
0.036656740284548156,-0.1168662966169285,0.23147635136972089,2.4751157666403442e-05,-31900.371985874452,-21058.665878674135,-40.202806239785389,-22.421525827008562
-0.036060312634503537,0.11452380952380953,0.23150900280778186,4.008025600161829e-05,-29655.601553443656,-27099.168123985241,-41.155989759082729,-33.705002279704345
0.0089689668765687361,-0.03968488485889933,0.23279378485928987,3.1403901220932277e-05,85718.0996010401,-457.94743741687654,203.03295460576172,-5.3660303715034461
0.058086325834005262,0.080559767467585322,0.22940631219108837,3.4610545376159437e-05,31977.770405604573,-55983.414587547231,71.076473897281119,-120.50038696181012
-0.023874914828436809,-0.10375460390878068,0.23229376286770012,3.7237133095922612e-05,-6053.545210082666,-48188.260114414748,-11.148671960491114,-87.831189684170894
0.022209301841336765,0.10063028067198132,0.23238076240120714,2.9120564367265661e-05,2430.2630019568437,-51500.63379546241,0.50999833122123339,-94.953312398742597
0.01822930615279417,0.064321777624857565,0.23250197643386195,1.9003233718182859e-05,71782.555043531655,-29579.536395458861,150.06907033021568,-67.145894631142696
0.055318728471138459,0.074250620754285748,0.22974336919868321,4.2865314131957131e-05,44192.698045920799,-52796.320464663724,100.08727956705641,-115.35942061481538
-0.0020656023585188619,0.0082555869847939171,0.23283892579918986,3.2513944321463729e-05,86887.227272427495,21547.482695926887,208.87274259214172,42.952334728676099
-0.02793604626032517,-0.1079479217849493,0.23208080742254092,3.7703884016763866e-05,-16491.151546329827,-42069.003442700385,-27.593095990894554,-70.391000995003154
0.027877335357196571,0.10907941408156664,0.23208389941086235,2.9653134576423226e-05,-19102.474181543184,-40173.794685972178,-33.878464580979319,-60.756946223650829
0.015692769700706908,-0.053891368201266443,0.23260637466804049,4.312502688517958e-05,79939.22596598095,-17367.08944022271,186.102027134971,-44.298536920645041
-0.17134904670513018,-0.084818892796158701,0.20947372810862069,2.089343369322474e-05,-29902.725610989728,23102.803997389627,-59.134408284529449,39.922521391715179
0.067620102423126716,0.046358826648651506,0.22822462221079698,2.410046869077917e-05,68966.280083593039,-34903.448168796502,153.42863908390086,-84.913353405997569
-0.19977357740304424,-0.12206650876101985,0.19233474150997382,1.2362483012060208e-05,11880.508907619254,860.35844839769163,32.318387554292009,-3.6370584494150111
0.070356779420983784,0.12919423361795568,0.22778534604584222,1.0463567404585759e-05,-21013.526294383166,16796.021397249253,-14.463932843163919,14.100248672507183
-0.04028172661398749,0.10817818078192783,0.23121135145628327,3.8469442583260534e-05,-20140.934857019394,-40549.819709628689,-33.598845573828193,-64.772747466575638
-0.1798186985601779,0.11565205931710783,0.2017632716194788,3.2721895674747702e-05,6294.7780828204177,22971.218949535116,11.107849486135462,35.147911579261525
-0.032564652500576746,-0.11325921036046672,0.23176922291410371,3.9350413888470305e-05,-27248.799520142256,-30756.736458891461,-39.884208307651271,-40.676039683572832
0.027262878108555121,0.030796981487424671,0.23210275484094503,4.276587903813389e-05,85848.11457192972,2297.5040604620958,204.39385271990449,4.0167979760582382
0.042556336408546676,0.098169005240846541,0.2310140967964823,2.348014979643378e-05,1762.1682492528516,-52984.227420718082,6.2003055342586615,-99.197625534232429
0.050010426669521546,0.068179405693273409,0.23031195106548311,4.2741797813436988e-05,56271.772135298808,-46703.74258083848,125.69111712279593,-104.99604246458549
-0.050111766633414226,-0.036798659200284044,0.23030960860469432,3.0920926278086651e-05,81062.1836623626,-14855.476728362202,189.46081516888674,-38.428569010909143
0.035051694158901185,0.11999016334629148,0.23159372088377339,1.5310337741141712e-05,-33272.516379933564,-12493.233670507969,-31.849026221714016,-6.0877624877991101
-0.037078601045686513,-0.12184379165953982,0.23145192931085087,1.5768361605868443e-05,-33252.668828669564,-7130.7873431274538,-29.064724256733768,-2.6193284976262183
-0.020184977371651085,0.057310028075118258,0.23245030799237407,3.266410874519219e-05,77141.653508258853,-23152.200458123061,177.46614907260042,-56.384969646869898
0.17475890702492433,0.11466874086265876,0.20372890475674341,3.6967827558217998e-05,1718.2047922079869,25598.262492855567,4.5814428286161961,40.668375966646849
-0.11418515433301837,-0.04632307915407053,0.22133825497698531,2.6437512883281382e-05,17246.371106594914,-61888.733585041002,37.791920842036973,-133.88761905698561
-0.086994019599163169,-0.12948383515840972,0.2250674018489055,9.649394663034421e-06,-16462.140507284683,20065.429908090082,-10.641323778410168,18.472594962393245
0.0797708390057974,-0.047246206558367691,0.22643322653551753,2.8845056133883836e-05,59734.601348123644,-43558.102282763401,139.19416542166874,-107.90976562852283
-0.0078108676388043766,-0.041604074774265004,0.23281413882779961,3.8960622322946369e-05,85252.7094150427,-2637.5328691948348,202.68345246250377,-8.0896732260547957
-0.03053090112971012,0.033186941328730672,0.2319008910062067,2.0284862295971068e-05,85070.797215666753,-582.42673054774991,198.55173326033074,-1.9681860790368106
0.02604299686363723,0.077563438304024471,0.2321805041792678,2.6858620310901402e-05,51912.630725904142,-46476.613641670265,112.94835129584708,-102.0526241404792
0.045989408565913388,0.061814482405593098,0.23071546661173106,3.679595890495305e-05,66012.671812315341,-39150.183489413204,147.92583936106737,-92.915499419975845
0.033793328302800921,-0.076379496964817689,0.23167702897457773,2.9449522631426457e-05,51073.957007187011,-47587.713425644273,114.46740983740027,-104.73467897025083
0.012256722316715176,0.051046391308420036,0.23273600149451915,2.1646382448002388e-05,81964.03243147282,-13215.838518244736,189.07143191822314,-33.306317687975877
0.010395032445136718,-0.023595386942727243,0.23276872129588447,3.9643433630189231e-05,87108.719519035687,12750.589937413622,212.27606253382152,26.767097098914267
-0.13408238302910616,-0.051174925637636537,0.21839250948310382,2.1772160224312944e-05,-21330.465607298451,-53513.923830134408,-44.789617830500177,-112.84041550723963
-0.010620791511911209,-0.028894586284064095,0.23276475350729944,3.0852625219702185e-05,86976.890152452688,9057.0136506721847,204.52595726000561,16.203697913147654
-0.037881314073700378,-0.1167427940518329,0.23139095470771412,2.5109579058085562e-05,-31916.67772636775,-21043.525811345895,-37.413742930682787,-18.484162425216393
0.043253563409345983,0.055214107286038705,0.23095503830210398,4.218715844130504e-05,72621.518449902214,-30474.785446487953,167.61683190178394,-67.061910419329607
0.045475427969113844,-0.10277252715838968,0.23076047471465624,4.1421504110685143e-05,-10354.714284001648,-48696.977001047555,-22.58610151226673,-85.005347749973112
0.091905938551398947,-0.099749368667560789,0.22463354727180013,3.7670621240146081e-05,-23887.493576577774,-36829.172501287758,-49.309310263656158,-72.42203728571981
-0.091084329919090115,0.098960242123546469,0.22475828650306698,4.9304024951186436e-05,-22328.146515573186,-38316.399786842383,-44.563883829190502,-78.44583347112588
0.089384216521222554,0.055811533267989287,0.22500998494094246,3.6477590458399341e-05,42449.837946900901,-54114.225131933134,93.675708552462964,-128.71721171202287
0.11147532117797838,-0.11859545899382312,0.22074943190681703,4.0663390310920513e-05,-29236.611703914601,9979.0705079545278,-36.232795866457906,16.715368782423571
-0.1111167406228252,0.11855053561326415,0.22082693406236509,2.943587133165975e-05,-29460.239042969872,9821.7960268658899,-35.433506067064933,17.021540804193709
0.038782698658953091,0.050344829957952794,0.23134654168200441,4.3138531042089723e-05,77220.227905979918,-23227.661568540781,180.77331677757394,-49.677790421464238
-0.020981457147841821,-0.059799670400788034,0.23241336164451382,3.8182990945241203e-05,74941.934999168137,-26160.996310775052,173.01408783495967,-62.961567223061053
-0.026176617098584667,-0.11257833953676731,0.23217346711828002,2.2980758240847741e-05,-25134.47474601373,-32944.497768681766,-37.224961039214612,-40.342924759886273
0.068724895266758304,0.050551918757125336,0.22806477729133237,2.3994991718457529e-05,64889.109106569907,-39149.997805619161,147.30584338437876,-88.408525633403485
-0.025306087000298183,-0.06568683388075322,0.23221931326872072,4.771119216139669e-05,68093.166085347853,-34740.062804750967,157.06601082462248,-80.285548865683651
-0.072754792327646492,-0.088198809689501792,0.2274719384185995,4.4961957586803497e-05,8189.2023324727716,-55298.783089092576,14.815328393965849,-119.01534143117098
0.069951655695502477,0.11532970961103133,0.22786472193994814,2.4340708772265143e-05,-33255.256835590946,-14404.647378179494,-45.010491405760121,-15.567601059014889
-0.0037332334713135081,0.013618583874474881,0.23285163143874088,1.5636665947674227e-05,86527.368225070415,19517.698855234095,201.05149676376482,46.868612084963736
-0.076406834076373956,0.10723939880411244,0.22693126083534909,1.8611735113883335e-05,-27185.071982047142,-30585.162833580362,-45.160899756286092,-50.918946426266238
0.068188183200870472,-0.11945802938002394,0.22810676792993681,2.3863039779608398e-05,-33281.327943499637,-4508.2444851638829,-35.195267744231657,-2.4305373170136968
-0.086272707846814733,-0.10717965784226889,0.22547063766785272,1.4633387691572656e-05,-29875.263591853156,-25833.928697825944,-49.007714170053774,-45.007967439338032
-0.17778556399939588,-0.12030366524850634,0.20151713437244401,1.5453049528872061e-05,8752.1538145558789,20271.832858722879,14.159180836688437,28.733036253755767
0.014733397264762508,0.055591929784675212,0.23265994107690821,2.0626614840899102e-05,79248.081097495218,-18980.925623594529,178.98246342545568,-47.856981222475547
-0.14231345549756971,-0.023289796261696385,0.21717391542640707,1.5015990250201968e-05,-20427.846006165542,-54970.985366307694,-45.658015583478935,-116.8371455271799
-0.025179640518308909,0.086192142291459536,0.23221329588457199,3.1338681033455064e-05,35740.66926993095,-52566.134434909603,74.242429660279555,-111.92329672003916
-0.016730573887892071,0.085448739524218026,0.23258908081410951,2.0523812608107499e-05,39908.217904677316,-50601.043479231368,77.847825044218439,-108.43997568172043
-0.050457965770216516,0.068215408742995337,0.23025993402938519,2.6596064061446917e-05,56065.045031903159,-46953.681467293572,124.10515358250558,-105.58331171898499
-0.074207293603051921,0.096007372841649188,0.22725689846744671,2.2933009844287537e-05,-7888.0843149471839,-49024.487401844563,-14.037716931878773,-97.500288941987137
-0.00094126307866090539,-0.071907823651765762,0.2328842022937028,1.8193654387703449e-05,64464.432935606041,-35937.655649289911,142.69766254316659,-83.102361255348882
0.042978155799908241,0.12347650618223094,0.23097915511528549,9.9042046092474463e-06,-32516.526226780865,-1709.4798516002681,-24.681611184377466,2.2274679504095913
-0.00038227453125246644,0.052834320354812905,0.23289965854789299,1.8897393133090815e-05,81501.77521230503,-13698.340630481944,185.30096574316676,-34.239018619526114
0.074868923534802401,-0.0557509151600857,0.22715550485958944,2.5491639364544188e-05,55992.597533427397,-45818.079969254264,126.14709384510461,-100.22143130477197
0.17119888046648848,-0.065470158952460861,0.21144349237538915,1.791542195843005e-05,-41666.080773239206,15591.435961214145,-76.333957561140537,21.269932735111695
0.044120910557393159,0.025524162022865039,0.23087908670012863,2.0494378642158247e-05,84689.373006356065,-603.48432256843989,194.46845745534293,-1.3727148101570272
-0.13474574844060319,0.088421067242345608,0.21770481965087912,1.845370991948694e-05,-39807.328058581639,-20956.181519400794,-79.737226914185896,-41.299735521823877
-0.011784327925093246,0.065892690544206503,0.23272759644694987,2.5247180099017497e-05,71043.858824367839,-30627.671241674572,154.56064755009206,-74.17120064721486
0.0092465789004675027,0.070790038628214119,0.23277759313000482,1.4406755812705728e-05,65606.757471473029,-34958.215731452234,144.23072053052218,-77.210081821540214
0.095719893579358201,0.083195030151183846,0.22407200043919315,1.2918705340445843e-05,-1460.8561839800602,-53500.127584227666,-1.7063778505101159,-109.41651131606599
-0.091250029014956699,-0.10407636303086734,0.22472596560502228,1.3956044185998488e-05,-28272.894987870666,-29402.392418923802,-50.561418049837442,-58.743519520733528
-0.06756075341867944,0.1099265165801797,0.22819938615943058,1.6313008673612621e-05,-28791.124544423637,-28678.066702693341,-48.693442460020492,-45.960620208077515
0.15154434586333426,0.11222286880969411,0.21150022608935315,2.4108111229601112e-05,-19754.144666746241,21874.624688672029,-35.894164713537776,38.254873702219449
0.041705796745201092,-0.070392599531321917,0.23109057268172409,2.2302603440183806e-05,57261.905376978284,-44904.889984661066,124.26879499575395,-96.714619723875401
0.058515446469274361,0.097611686836445,0.22932094692914465,2.3492378558629635e-05,-3531.3443335881861,-51688.096377913716,-7.7022231712240927,-96.843373757887647
-0.17697870565772944,-0.10065287288752314,0.20553887762659967,2.2950023107337796e-05,-10011.154147991641,28850.828463715658,-19.173606787258421,51.781444529283839
-0.0045836783932329834,-0.0014842159902575321,0.23287085772211996,1.6512087400992179e-05,86532.861640213567,22527.956819768857,200.08792015209022,50.016190579288839
-0.00015541520884436769,-0.12436064949292013,0.23288298714513725,1.4221015237392824e-05,-31053.479173935284,-2600.7672835434378,-21.359452859964247,0.7267745020489973
-0.066166809758224171,-0.11129411325843373,0.22837751240281318,1.5807142309108799e-05,-29906.291807048539,-26054.336155524958,-44.61109351956803,-38.280592090020782
-0.049060286064342283,0.10055229353041754,0.23041392597161389,2.166620294684393e-05,-6367.8548902753955,-50502.092628815677,-12.093112695199487,-91.179175929067398
0.046276044063264909,-0.08870324525307155,0.23068674857295138,2.6068668476076812e-05,21797.816863693912,-56487.826132819187,43.413170211457349,-116.03969898727362
0.051163312699119459,0.039463853427763949,0.23020853978991276,2.8407218127087574e-05,79177.502128750231,-18339.459843715529,185.89953020772558,-38.560153006490964
-0.063470023628480948,-0.12980292784689113,0.22873934027602627,1.5238296489113797e-05,-21534.025612551588,16404.366803872559,-11.857444623623341,12.872333361921893
-0.15194439221942085,-0.11153769910006554,0.21148097636135907,2.2465694392912822e-05,-20462.776026069678,21561.186537454076,-37.524261681875991,36.534730649060954
0.022331919447443012,-0.073794383552079096,0.23235048448575352,2.5038062653894476e-05,58915.896135799609,-41810.68012284243,131.59580522764193,-96.366532404769458
-0.12582708193345271,0.09145681384610517,0.21929635286544444,2.6867262859127269e-05,-36740.123825475363,-26462.470060164942,-72.968216208608894,-51.786558327430534
-0.11238153864685721,-0.10764606496453936,0.2211805668390659,2.8991048223211381e-05,-35999.03718135794,-10386.438717441539,-61.971827293510408,-17.265739202371826
0.11329336659098074,-0.050748031708319125,0.2214702823946087,1.8838009249553131e-05,14780.777735867463,-61259.104871227857,35.657358446278351,-131.76960132762392
-0.069824950629318913,-0.08270882098980091,0.22787091931785189,2.8558782104340421e-05,20932.587813284394,-56753.672335634474,42.768190088010023,-122.01185674960489
-0.037640427373960603,0.10351259783820556,0.23144318312193848,2.0131349644312883e-05,-9270.794936414055,-48325.341847190386,-16.496555543441005,-85.221909534205111
-0.039160479748384429,-0.079452964310046323,0.23129369233438771,1.49455971417354e-05,43699.109711709811,-51175.017393731578,95.557798648810234,-105.01683386799132
-0.14996119660166266,0.07505059692829083,0.21534712294903519,1.3869674583245355e-05,-44699.582958039842,-13510.361453173764,-86.724765464467239,-32.705717223639525
-0.073293131773305348,-0.071278652442699125,0.22739000749203361,1.5903840805960734e-05,37603.865232837677,-54842.532246154355,84.689608868070664,-119.17409889866471
0.079034126608969746,-0.057377122799981722,0.22654229535391376,1.6131954858920219e-05,51248.677272200053,-48938.489361360756,108.03645160061727,-107.02704155098073
-0.019979097239801544,0.022090868642327129,0.23249526495286527,2.1730392519470622e-05,86883.936636964398,12310.40302175939,198.75938987157207,22.910404469657024
-0.013952751768640689,0.10190897522501562,0.23270300851870768,1.2346648925840028e-05,856.02512381006807,-49787.504871746496,0.52024997757352565,-93.755352232019533
0.040954373319110865,-0.045342222855013048,0.23113103694583545,2.003026619719541e-05,79067.586276175673,-17996.481873800654,183.65803501784367,-32.308917726724957
0.020478699434135404,0.11478833095350716,0.23244582947832873,1.471782161343437e-05,-27584.899069331161,-27767.576167386185,-36.747336856501541,-37.078368676344361
0.010050249092651401,0.10926270965544234,0.23277478097477061,1.7684106050728165e-05,-16369.623140247348,-40087.770451136988,-27.952990346190987,-69.389229491067169
-0.0013152689008368132,-0.087433516972851913,0.23288791862483038,2.3344573035736228e-05,37493.620487567947,-49995.635212740221,75.443909303462519,-111.23677725533193
-0.10432985022044038,0.078665391121199385,0.22279731332746638,2.2960917725611373e-05,-4384.6688002555993,-54705.567879814276,-11.988286910664911,-117.57249714926522
-0.046191972998239031,0.11767673288575353,0.23066553511513266,2.0854806484973205e-05,-33289.748366684122,-16733.352089698208,-37.704522745589898,-15.017427259131303
-0.045271404145648245,-0.1035781570509204,0.23077834061329699,1.4908164667704502e-05,-11591.089227766775,-46974.277047473865,-19.260794982599439,-85.895840942404746
-0.15344585796959534,-0.10763870358957189,0.21155987134143681,1.2891924966414774e-05,-24141.087640228769,20026.745918995697,-48.330950245471271,32.934395700882966
-0.0012728377912832039,0.080822257341872483,0.23288153079169774,2.682340355262813e-05,51405.318489119352,-45634.904598887952,98.37737638524608,-112.97368728366517
0.16075489744300073,0.11373853038811921,0.20851524685124267,1.737866903533947e-05,-10738.12109590092,25731.003465807396,-19.417363084588892,40.575244991102863
0.1429422827386336,0.057838506934534566,0.21705449409209976,2.0486343314892157e-05,-37696.65903927631,-38429.637920433735,-77.544821952854747,-79.423530989961336
-0.034401157156561557,0.12312076507468456,0.23165389208344586,1.2956003161337858e-05,-32882.887643224502,-4144.66817375356,-24.534042598068599,1.6017344637203514
0.030290650490945661,0.11911646796000616,0.23192611752612075,2.3247015929539205e-05,-32690.160060011036,-15688.997340459999,-35.757421761265157,-11.646500424012766
0.17731800658460381,0.12619480001309424,0.20035985189101038,1.659920498040645e-05,12877.187124356919,14249.429488454054,23.234916886106127,18.638007218789888
0.0010300211469957132,0.12458480040080869,0.23288571376008216,1.6472094712105072e-05,-31183.915637034268,-1941.8836650281378,-21.699091840101083,3.5793916129345056
0.054682990259461849,0.10868472995625933,0.2298186226422014,1.6496427047952562e-05,-24123.008485853094,-36112.768008630999,-38.092424795162756,-59.791761343642811
0.06266056385855942,0.1055089406223601,0.22884755531881434,1.6826131876073173e-05,-20860.596185567523,-39609.190360790511,-36.616365402672379,-69.114578888155563
0.045333883130235834,0.083834692615508424,0.23075521594956186,1.8477442313608377e-05,32151.121670861423,-55328.2664405943,73.656647380313885,-118.42516368723248
-0.14474194944521418,-0.10685630365020755,0.21399168135474125,2.1347365868063304e-05,-30524.785378571672,12829.703157564772,-57.999914975215098,21.685804287584073
0.0070997497732593947,-0.047898781471618988,0.23280628676567033,1.3972223897498177e-05,83088.009617822856,-8613.5064044463506,194.19895769448195,-16.560188783500909
-0.036829273229161956,0.068790506442849508,0.23148221433673841,2.7222730506919771e-05,60959.901741190362,-41505.246512819002,137.66201423589013,-86.290548605275248
0.05746456860703774,0.11101287812318332,0.22948226169821706,1.7501064757317365e-05,-28067.972696921697,-30117.18774735328,-43.045365562380645,-46.890187196670261
0.041676448209625905,-0.11400081021346022,0.23109160815371882,2.115383827125616e-05,-29715.756533341682,-27455.87379576929,-40.341391203255064,-32.441758509143426
-0.027278461564657984,0.068139379695595276,0.23210088963494657,2.0138503610587717e-05,65021.695353350166,-37943.753675201217,148.76007031276487,-85.899101169864181
0.0080418397218267636,0.032547663528097709,0.23281007941876866,2.1144404919692272e-05,86288.220559462556,6531.6341986775587,201.75979207587565,18.801772784322655
0.10002809402740978,-0.04099557180546877,0.22343417985370218,1.1250292726971424e-05,43586.673995900484,-53665.537858827905,88.824540239569004,-118.14628682840144
0.16206849114612953,-0.075298830245204951,0.21275552946908571,1.4592845701133721e-05,-43165.036106376698,6388.3319968982969,-86.805672729740579,6.0818103407987882
0.056992637329240425,-0.061294087652536876,0.2295384764412283,3.8281296959474299e-05,61262.762764663516,-43068.935578583027,137.19943639618756,-96.904009611562074
0.055592980107816423,-0.11114737990479046,0.22970307835564027,3.2513483340612887e-05,-28571.31749361999,-30513.542460604986,-44.42842723649197,-39.988446083818303
-0.033412831621467222,0.03691249497520404,0.2316857574314577,2.6901012105010061e-05,84065.646219568429,-5421.3912627319824,200.08713094637505,-13.90477157044397
-0.030780292141012119,-0.071139999460795564,0.23189868118625567,4.6030776339178698e-05,59747.987020891866,-41984.612825913289,137.68291463113786,-93.149160956867391
-0.040689682140327102,-0.10172217590518939,0.23117588873334677,3.1703265320836168e-05,-5896.62602616406,-49942.59799067799,-10.679925506916526,-89.124859638447077
0.037494103303680554,-0.072045882198211869,0.23141755377400211,3.3243524544751263e-05,56451.478412837154,-44962.258424629035,125.09109360912376,-98.579669939252625
-0.10162193063636073,-0.12341889693793606,0.22256978956359241,4.3680376645077311e-05,-24338.547379550473,14733.63735900469,-21.948420220856637,17.870490682569638
-0.082028068597967935,0.08612709913077711,0.22609904814307138,3.3293293888168231e-05,5786.2827178605539,-54971.330804083002,7.8012338513717827,-118.42843317821054
-0.041266447546259549,0.079587114093117958,0.23112904548417848,3.8206082015822193e-05,42734.432721284888,-52389.41927304132,90.455720343238212,-113.29425880232243
-0.16408837983491728,-0.11767764871101007,0.2067723313684805,2.3543644239905023e-05,-3002.1709292536416,25493.155041184698,-6.2040491090625736,38.703454925374395
0.034326644569587381,0.043567059116511278,0.23168421038816225,4.9028474173978496e-05,81506.52228428844,-13999.809615352548,195.37508028480394,-30.250237841863747
-0.065194159674766938,-0.08041240722642061,0.2285116168529637,3.1578865958122153e-05,27878.868107203947,-56675.215383146853,62.215802920961224,-124.80693565015248
-0.044116884940036023,-0.10774337925267798,0.23087943921421475,2.9306274501368176e-05,-19716.501576009094,-40505.11033198698,-30.677795193331328,-69.9855920604071
0.081089689313978239,-0.070359969781322418,0.22623797334665555,2.3763081941559657e-05,32684.186827377394,-55891.674788390395,71.882112383927875,-123.53913525283559
0.10823819444280505,0.068352530782220478,0.2222186906681293,3.0553034839913971e-05,3424.3703057955172,-58689.627876264276,5.519532643355058,-129.08169458049642
-0.051359234976969551,0.090920566039143252,0.23013625584769501,2.8659514850845335e-05,14327.702389443539,-56367.615524602552,31.165472381062884,-116.2568954501333
-0.035541315035939172,-0.076189912944444813,0.23155292726606436,2.6904098340293474e-05,50993.599365289097,-47997.621364116232,109.2545676334515,-107.00364063169481
-0.097622105390154465,-0.11824158100243577,0.22352538397849464,4.1691966084131317e-05,-31650.854493738301,4085.7576368277701,-38.750536992183989,6.8697340654201096
-0.17557675493764216,-0.10589545104365679,0.20508091015387878,3.15085242199563e-05,-6482.8902844753493,28138.604826899373,-12.405313726194185,48.591218279872159
0.052319223469920635,0.12024083456244944,0.23003668459684773,1.6299655240172793e-05,-33639.101834506779,-7994.8043152162345,-32.565967758327687,-2.749727498381628
0.068530521335593259,-0.11430748812538161,0.22803682472094222,2.8181655792400635e-05,-33062.799282468768,-17704.699067490921,-45.686304012294805,-18.172129335352196
-0.068828950787212406,0.11427872720123537,0.22799693357838785,2.9640883315877647e-05,-32955.862451503555,-17609.132711943974,-45.859799028796822,-20.427434335707872
0.057403312098497666,0.12506530354466333,0.22948974436416808,9.6417410110044318e-06,-29917.507081458916,5657.2641056988241,-19.958633710581967,7.6433261581681364
-0.056255521362284344,-0.12448219611999511,0.22962995043966067,2.7151058150861626e-05,-30767.75089907628,4111.6437004244544,-21.876212342715249,7.3876629912772893
-0.069170610578546399,-0.046417223324166389,0.2279801497036541,2.9486258501025956e-05,67956.017888066955,-35686.055548115211,154.41506736012158,-83.234741370637707
-0.093708497178199221,-0.11261346724903562,0.22429789917657886,3.5653426065644624e-05,-34233.639386498602,-10004.598536601183,-51.824364289820018,-12.652607800286995
0.092669322420759315,0.11150530305324004,0.22446973763832723,3.8559073543350874e-05,-34028.668260327293,-12990.206785147358,-53.781254880392481,-19.024222364596003
-0.062112865752313458,-0.073362089611813633,0.22891445828257653,3.9436791019170765e-05,42084.475325129184,-53709.334904463154,90.276455857250426,-120.65055115873733
-0.057676686056363988,0.11109236017201769,0.22945077543032949,2.0808244876023096e-05,-28699.6466088161,-30041.663037014307,-42.266065050076705,-39.862070846665425
-0.0734288648973557,-0.049988086011442855,0.22737214330315406,3.5946919634164045e-05,62334.978319490394,-41381.03158723552,141.74339515363855,-96.820495816758864
-0.1479113875108001,-0.013507290547544661,0.21634515262456669,3.3023532148877337e-05,-26764.839934755739,-49997.940931830795,-55.506109487387448,-102.48279507459637
-0.053539568175248409,-0.12063591461262148,0.22990221738591601,2.4472305370852501e-05,-33468.144231428218,-6676.5261885004693,-32.386483560667322,-3.099487160311738
-0.14743200021531006,-0.0019638868776576022,0.21641612496886062,3.3678640816570609e-05,-24697.624505244505,-52187.844216872152,-57.364663056373487,-105.58927408075246
0.08987973488033589,-0.052657961697187949,0.22493662442447107,3.3303879925072241e-05,45265.861226933128,-52626.274545242639,101.5396449289953,-120.3671070737724
-0.037710814749992112,-0.083836390261090993,0.23140107452935263,3.0246489804054901e-05,35903.883777740237,-53671.695291690965,75.640912531582757,-116.16515026450951
0.035269600918258787,0.11594531369014748,0.23160127561352217,2.0187337977521077e-05,-30778.484771219039,-23510.373419641601,-38.307322943784314,-26.044641754431279
0.061375032012047845,-0.10306583346042675,0.2290045868833962,3.1061193832756974e-05,-16157.037372051251,-44413.301915179371,-31.214499983069143,-77.270046630217749
0.089175346720778995,0.10567599965075643,0.22503816893710807,3.7703722237008936e-05,-29554.516135624915,-27318.56689056136,-53.43012683888233,-48.622326230910794
0.1226975250089995,-0.12370098884751089,0.21780375573262956,3.8504129188487107e-05,-17596.77666540079,19459.130756184586,-15.91576195196183,26.474704150425147
-0.12233057403765318,0.12380952380952381,0.21788511348489531,4.0415591244511607e-05,-17566.051938158955,19606.63536059254,-15.926484082309111,26.717478234540181
-0.042262277154549437,-0.089761904761904765,0.23104184296761474,4.1193278142544285e-05,21174.100381265212,-56342.324804231888,44.121298101983562,-120.38988678967264
-0.058399866545041201,-0.068095238095238098,0.22936801225433634,4.1529235835174911e-05,52016.460535501596,-49208.561283770345,116.17933910327086,-108.41064475240445
0.036928526877797255,-0.091131312149220489,0.23150890725550438,2.48119254987841e-05,20612.32553813413,-55312.866808723404,43.602058533671041,-111.02787585182334
0.19999995572256715,0.12185051295014887,0.19230044709559047,1.5952883390825675e-05,11906.990465107954,656.31310085524831,30.924871489747449,-2.9814210923903413
-0.16546126019380469,0.09910977208951828,0.20928194292550151,1.5563370061764825e-05,-23390.695653616393,23671.535065643162,-46.554215220380243,39.154519119840579
-0.0077281547391674895,-0.090551012061607594,0.23281559253375125,2.0972242807909563e-05,30118.940280458399,-51598.025240314084,60.990825280721886,-111.6636572342113
0.078180610732323255,-0.080124435795810564,0.22666865669729436,3.4742664109068723e-05,19423.143508461981,-56840.301304020315,40.356074598097365,-125.93518691424532
-0.14693077471248459,-0.023709955146335567,0.21649033041671059,2.8863820130897711e-05,-28354.778349944532,-48902.964054182572,-58.750659194600004,-101.81776836579289
-0.052422741298315929,0.0021045830527198152,0.23004254877847666,3.4662354775880082e-05,85631.448153459482,3862.3796192231616,207.58006571897195,2.8420599405428009
0.058826863013610023,0.08983165682020583,0.22931585335705801,2.1357701531524274e-05,13276.803062081217,-56323.756597586798,25.965753207633909,-117.6630228418127
-0.14701967053964313,0.0095847187593578916,0.21647716956470067,3.7046256352245926e-05,-24750.884011508475,-52044.583349168155,-55.434174688543003,-105.07231867249649
-0.045666732094132335,0.10455097429631964,0.23074372265085763,3.1480941896057978e-05,-14339.435444631639,-46023.829878827397,-29.180556728509895,-77.230498314690209
0.03885798371970775,0.055612212758482105,0.23133104038783969,1.7068358730189396e-05,73944.013949219268,-28668.687684325167,159.8030383047236,-64.399036942803946
-0.055539505440224082,0.083096552377277755,0.22969111308496276,3.0292321897260177e-05,28855.74880802504,-56720.502705706691,57.330554193419921,-122.03784532321144
0.092015988352431161,-0.067641953343832967,0.22462035630817551,1.4095536026496056e-05,25156.260588963654,-57662.481145386737,60.221023215506918,-129.02913697726825
-0.029732296479652379,0.12870030088885986,0.23178035444604936,6.7299098928625909e-06,-27516.596634584053,9150.1387840041607,-19.742543118584937,10.915440411412211
0.051154354299689321,-0.11345401491365904,0.23016171344341374,2.6701765639396356e-05,-30545.390784952448,-26471.055246132561,-43.927985965537559,-33.398225772522608
0.038042150021783801,-0.051428614094171196,0.23138500248065705,1.340643853382632e-05,77206.354441494012,-23419.386021528688,171.53282955452133,-57.639812076439668
-0.037103986022243379,-0.087997465255231014,0.23147319254711146,1.6131359812997172e-05,27074.365284898548,-54944.875909834824,64.651182498479599,-114.71593561737824
-0.053527203818029112,-0.061927701968062805,0.22995314559723065,4.1744688453154923e-05,62091.913216556459,-42461.015589025614,142.36741558438277,-96.428536765751261
0.18661427553257137,-0.12059290933655033,0.19809312633127213,1.3460979913869969e-05,12144.046611663767,14324.677497752436,22.074829228516073,21.105559451630853
0.077534387184365242,0.086663594696152937,0.2267643288199559,4.6015407902090928e-05,7774.7030369087379,-55261.877308318981,13.543228890391493,-121.00888579357802
0.034031242199047705,-0.051941236274174268,0.23166675005328452,2.9186153074899803e-05,77442.249134788217,-21866.836458841142,180.61641768163418,-44.132686850796979
-0.052097519642877982,-0.0083316207429541909,0.23007844555106463,3.2817190667397406e-05,85348.879407510845,3172.8102195260226,203.31952750393023,3.8265273035430152
0.022454222246185023,-0.026746240281710125,0.2323637397990059,4.219003740635365e-05,86256.547069993889,7613.0101948719421,206.43858050522405,18.058593486084529
-0.022810307563588553,0.026484128602275701,0.23234520727302035,2.835708509740045e-05,86443.602399037292,7922.3295382686883,206.65878492137233,16.808286278627776
-0.10316822869462385,0.10489143109610438,0.22285394918938423,3.8606294729180429e-05,-33353.665968804038,-21349.131429488407,-59.60889534222099,-38.225672749500646
0.1024441314166277,-0.10447961004978433,0.22297404651954725,3.6980374330923546e-05,-32896.874752131815,-22375.070534333125,-59.005962096989137,-39.84876598492162
0.071899505093223987,-0.10961604461147811,0.22758717158208125,2.431042464982925e-05,-29199.214244585295,-27527.05392748415,-48.841240589505716,-45.273945742310907
-0.072384810911662878,0.10906153164072634,0.22751559627660023,3.2246947427515099e-05,-28678.902888174303,-28508.326158040349,-47.180306273156525,-44.803673099474096
-0.013382585626170701,0.095716421599214854,0.2326795253042841,1.0898237264830929e-05,16866.375799090951,-52563.307860236207,33.420082481270242,-102.74835052428222
-0.18565105386336714,-0.11289697037604897,0.20017605287550194,3.4429181671664568e-05,7724.6779352700032,21343.800836450744,14.224404057272842,35.342587720239202
0.034451487477088365,0.06621098132273491,0.23164270446301316,2.5786691651840002e-05,65368.248713226938,-38821.520238436045,148.54310266493349,-95.017362808925057
0.098923431238600534,-0.059476693247712244,0.22359772300245404,2.8994054606895358e-05,27248.109132070946,-58723.658934112304,55.36879927193182,-131.3440513929975
-0.050126092968495864,-0.055467514206516078,0.23031905587607748,3.729665796742872e-05,69793.79644928714,-34390.146797067187,160.06488481006056,-75.206259474028741
0.13279591075142194,0.13,0.21445299723618708,1.3364358702135675e-05,-965.46234636774034,20942.773657897025,3.9386107221940616,27.165932242918192
-0.13339512024570349,0.13,0.21428236688620891,2.118572445093562e-05,-702.36014612386987,20928.957771639347,2.9476904797144985,27.397266828964305
0.13295161576954073,-0.12953843722778274,0.21446142825461123,1.657625917457097e-05,-1866.1097473797402,21142.88120954519,3.9655741399851663,28.878012219985067
0.04296222426599533,0.079502417448933035,0.23098055020319852,4.0898430504524377e-05,41554.605051786508,-52733.090847628504,93.886872587100711,-114.08870781955621
-0.066510919109287817,0.087766471574952182,0.22829758026642163,4.0996578579786009e-05,12910.56050542415,-56295.797685193946,26.880836948234766,-122.85439080884079
-0.14815332482727669,0.02020430405457551,0.21630933428168597,3.3969032406646688e-05,-29180.470614636732,-48262.372862461918,-61.449757177683516,-96.406296318480202
0.14644444935781631,-0.093342968916631922,0.21484357187543998,2.7426207395482943e-05,-39437.660504450454,-326.907215430436,-82.612274951957062,-3.8551312897417609
-0.14722505210802411,-0.034413903094775572,0.21644676322827938,3.2652754156973624e-05,-33089.288052339398,-44647.768015427137,-66.27600523441788,-92.625060319586268
-0.074288356197795835,0.10289832243089528,0.22724489731005754,3.6787270749499445e-05,-20350.869849313945,-39690.755436586725,-38.058941060823543,-74.092942674065739
0.069245202637137779,0.073745940997750378,0.22798008178688201,4.1092379902054902e-05,36443.916039630451,-55375.421543769073,81.910341046669302,-123.27589472660348
-0.056220178241116206,-0.10175253640837886,0.22962602751874142,3.434080914839244e-05,-11658.980387491165,-47660.84501472838,-25.131988764617503,-83.875698807135507
0.097812565820404623,0.098496873224811515,0.22374277535488693,3.4972482020287783e-05,-25110.821573503046,-35608.080813605578,-47.872001629972289,-73.60303943184212
-0.064948057881910465,-0.11665099682235151,0.22853183907899677,3.4315093094325196e-05,-33439.431595059068,-13189.925283571602,-41.321706309756017,-12.14142953545228
0.06477566071496528,0.11666886392745046,0.22855388171060373,2.8043097361030265e-05,-33532.24399939111,-13128.389087966894,-41.146667460789978,-11.371724368097144
-0.068945212247091853,-0.12030238390913012,0.2279835856976786,2.6160915747432335e-05,-32704.220941620821,-2174.3782021559095,-32.281480201936006,0.72923217095936321
0.067822736808613976,0.12059098962501656,0.22814070523049138,2.5375839440069675e-05,-32588.897811768129,-1855.1533480742144,-32.846379694077385,-0.68729584972401436
0.11535693384911297,0.12398550490002216,0.21958095332287533,4.1473750859710861e-05,-19670.025257592904,18362.381954348395,-18.427189653077168,23.682758499114076
-0.04657891513292263,-0.050664744073536508,0.23065133137711416,3.1678389099048138e-05,74921.243170350921,-27165.803016768838,170.64740753958017,-57.177845629550184
0.053141392900364549,-0.071545981044104756,0.22995203310378229,3.6201033929467425e-05,50088.262641581518,-50015.590355235028,112.26867402319535,-109.81923835358108
0.097299110815223203,-0.11925389938164728,0.22348326382480571,4.1247142989151918e-05,-30746.98866942713,6137.2078689011942,-36.764050399295307,9.308270860693991
-0.096062906030633818,0.11915695431419349,0.22370592706190093,2.2469596664184167e-05,-30888.637150031365,5377.3013069399694,-36.008991929008275,7.4225938523202899
0.065129571709212811,0.067739024829920017,0.22854092940094606,4.2908611839162373e-05,48296.535194139411,-51669.802239063494,105.96025908876246,-118.64683191370175
0.10711560077144903,0.1115683627096648,0.22201725022636562,4.1897133614629901e-05,-35079.669918540385,-5479.707840366319,-54.703015313848219,-5.9730471631549937
0.078460956351871877,-0.10381142458851943,0.22662715208084103,1.9001702103031736e-05,-23325.934210160092,-36174.333473156912,-42.935554559657199,-65.215906539482489
0.074718362874093378,-0.088978872097237538,0.227181235669113,3.7479645273793618e-05,5286.4899766082854,-54591.286811613318,9.8979795832072881,-116.90176616420709
0.052791416438549912,-0.025851955808423987,0.23000185576973467,2.7984369463751383e-05,83125.235811721024,-6575.8541551244252,199.46846669138822,-18.948220423018331
-0.069830289474470952,0.082008361783703868,0.22785539001077057,3.978723710129448e-05,21797.799579273506,-56807.118872444611,48.488257331794941,-126.60125300625188
-0.040767068389776076,0.052335801000717497,0.23117277497243863,2.9317800688932315e-05,75769.211742328276,-26151.546202255799,173.86582145600627,-57.581253101797657
-0.085286010485559102,-0.085161884605263916,0.22561671626754809,3.1839480845443925e-05,4711.2298069447988,-54916.661566880393,3.3758437421629801,-119.95068087093517
-0.10129601331837726,-0.10274427125333391,0.22319513711113106,4.0156611082362961e-05,-31458.770820977574,-26549.496733240445,-58.605334843300639,-46.073123511100356
0.10312427046169412,0.10591881823271276,0.2228745974791399,3.3404741848194339e-05,-33987.455927004812,-19242.269897764992,-59.032548891220898,-33.229088639519105
0.049842586953270131,-0.049032211079866522,0.23028963575392522,4.3923536057378438e-05,74480.804873991234,-27271.418501933193,176.58394963472273,-58.993294811071706
-0.1476276782406245,0.029750818801709985,0.21638715522286606,2.635021376731666e-05,-31804.405939301498,-45864.757146100637,-66.559690272299022,-94.609499234481149
0.068333198173110801,-0.068861627199390499,0.22805937209543833,3.498690982166406e-05,45001.918446151118,-52125.155094114474,99.179261410600759,-115.18445754924295
0.03675489197878419,-0.04732903701882539,0.23147025727210441,2.1996085375803951e-05,79601.961690793658,-18192.789157113661,184.81583205062478,-42.695043933713251
-0.10070195919487696,0.065342160049363232,0.22333441544374996,1.473651566471208e-05,17610.192250040709,-59203.212850702294,40.927283396827789,-130.26659345213008
-0.17563377069968136,0.10256612348015134,0.20564849754584588,3.9981013524691494e-05,-9413.9541727625638,28467.657768379897,-21.833282243218463,50.23608201227993
0.065368277004320713,-0.076876806041958221,0.22846410484124771,2.9337051653684009e-05,34402.586968706681,-55668.712372682523,71.525942527400829,-123.44565220197842
0.099020702963154267,-0.11366773221588092,0.22332460774652052,3.0862455053591851e-05,-34246.646657539088,-5006.2642991150242,-51.436047374014187,-4.8322821541966405
-0.099258688077104071,0.11492837031839864,0.22324457499897424,3.7883471192406304e-05,-33973.624073045452,-2320.7145647589768,-46.676709813851865,1.4043389681302474
0.087058047441835651,-0.087030316729449386,0.2253543696886012,3.7585120566909511e-05,-114.73798106706849,-53491.021020395492,-5.8085218743090277,-115.64357684742278
0.13779204069704581,-0.087164385298862293,0.21715269897073283,3.8940334412550213e-05,-40667.288116682401,-18524.957688306367,-82.29991008767162,-37.258157976983149
0.06077914328247775,0.06297227414440483,0.22907692571433638,3.6098214071490907e-05,57080.051892354932,-45947.181975489802,128.91637315761841,-101.21907208627995
-0.044780019349057398,0.032791174606066169,0.23082137005378278,3.5535244274026385e-05,83533.780491095167,-8120.3989600613668,197.71078475788761,-22.717591970377761
-0.080685991879845279,-0.080476190476190479,0.22629773995614938,3.2529133785296643e-05,16745.226759477446,-56771.670605457803,31.915486729793873,-127.00414148634444
0.065010265857908256,0.058704124747052132,0.22855493505759819,1.6807983081709632e-05,59273.612694668445,-44246.752507223166,133.64248865019562,-95.546932400748119
-0.058189586216900381,-0.091089624483284573,0.22939369862610406,2.6029859447650666e-05,10731.826639646368,-55747.655525723188,24.8933131237449,-114.48466154816616
0.022970749597770512,0.025106255424116677,0.23234226170505451,4.3285478066269937e-05,86615.699624006593,8192.7859590639018,209.59569428761995,19.159657338771282
-0.036878363175221869,-0.036576496685706082,0.23151329997597417,3.7706294655786838e-05,83873.125932351802,-7729.9506999822788,199.86109900753246,-21.581712630454405
-0.14682912157121922,0.12138936705450025,0.21152512385646915,2.8292982830398622e-05,-9257.6364539210808,23460.282402898632,-9.6094213985246277,35.054676264528361
-0.14993925631279603,-0.11474315468667465,0.21160941879418133,1.0754733763605717e-05,-17497.943693867059,22240.479401178258,-32.618169195080164,35.234517244498754
-0.04890804336757585,-0.076342825345255064,0.23040760636046834,3.0984752627429739e-05,44676.603500581085,-52484.047508297481,94.856617946069278,-118.38175396371318
-0.051676383116350012,0.01209969856105295,0.23012492905506407,3.7359106307421883e-05,85147.040082449588,1924.899247721414,205.88563315254279,2.0317833035651449
-0.044749694833576298,-0.070589160205759394,0.23081833836054522,3.1264597376117442e-05,55349.964260784429,-46559.435781455752,124.55682904076738,-102.85131238864635
-0.14749411769347867,-0.045440029031542685,0.21640520552750064,2.8136957915059651e-05,-37810.672848139788,-38897.894287216761,-72.295951386204365,-80.463928609391616
-0.076231427578995425,-0.074285714285714288,0.22695722942158503,2.9579866427048301e-05,30971.470247845948,-56503.887758855584,61.446451673803125,-128.24815772517658
0.12784130614605976,0.077051698368578725,0.21924952872947157,1.6469114215511243e-05,-30100.392741928881,-41636.592414611019,-58.667709531240043,-83.844749070377588
-0.04265395437285243,-0.066077674090747107,0.23100754469125062,3.5019919304312611e-05,62455.332426435067,-41659.968357330894,133.85256832887083,-93.441932260741453
0.20000000000000001,0.086708845558161801,0.20041805281859501,7.8448543069708921e-06,12671.870491705175,19089.241016028136,35.223906416809186,39.240797437132244
0.09832415376897341,-0.064375682816277952,0.22368644485074266,3.0120354688578068e-05,22023.317174868687,-59138.096428275749,43.267009241527695,-134.39769894119226
0.16020364603059292,0.12690476190476097,0.20640815034732551,1.1133976842647007e-05,7299.6852444410315,20117.520174717887,13.933910672334067,27.177137785387316
0.096989500811027196,0.092867899928340714,0.22388403759075767,3.1498913607311828e-05,-17476.425046586275,-44209.724483533231,-38.509196319113251,-93.588832260024105
0.14618230217157144,-0.12524620551514185,0.2111569627151845,3.4174362255282156e-05,-2932.5132636747539,22728.649174939077,1.7377110587496254,30.964072809936596
0.041342315850737589,0.027892936575734162,0.23112240187062968,1.2070164786062645e-05,84836.3267167046,-1376.4520521023619,200.94210749089197,-7.2399067712203191
0.032377358980619525,0.01980118155778544,0.23179817496650679,3.5127053136635226e-05,86293.679380695234,8515.8446028873877,209.21847608415939,19.631661823841522
-0.080913411819055467,0.090699283642855288,0.22626407088236128,2.3389010356299147e-05,-1827.4712166577051,-51963.990774723912,-2.1604175057086397,-110.01703063584974
-0.0053315459677559345,-0.077386686319982884,0.23284341343630727,1.9223280093010108e-05,56339.760993168878,-41885.723952774926,124.53243672344682,-96.94509471921846
-0.053121927034156718,0.058029908903717627,0.22994513353758103,3.8521444368794026e-05,66504.15368460337,-38102.834501834957,152.30305933546251,-83.621026577756865
-0.059946813055894166,-0.052984154035799029,0.22917864127778273,1.3158128773499127e-05,67961.493581951916,-36031.394013516809,144.92876798870245,-72.497707606326628
-0.05470688555376494,0.1153465438843209,0.22977067614827404,1.9755214109487271e-05,-32564.560145801013,-20332.813130426643,-43.053908161671146,-22.09901717823973
0.032624862110732192,-0.072254156758332772,0.23178723324708458,1.3929991401291883e-05,58028.463865193691,-43571.16027594763,125.16819571490375,-98.232559181543223
0.11796455305073486,-0.073545657969368836,0.2207780062685992,3.6329344615787781e-05,-15579.63980918073,-52788.908939529225,-39.895008895804558,-108.58600186745828
-0.13267027593468994,-0.099450697080006575,0.2175163735262208,1.1804176176966064e-05,-38888.616655674268,-7912.5141412617122,-71.861477186339599,-13.401566644956421
0.013094153899140601,-0.12891600714911106,0.23272128336372178,2.3300422301874126e-06,-27120.984672775834,8697.2047921071862,-19.274574048294888,12.218659942434613
-0.12503925834855134,0.11902219093320932,0.21765728802752007,2.7054162580658953e-05,-24783.640043191885,15609.910871987255,-29.762634953908286,25.700390706970559
0.12446968661581444,-0.11872355886649763,0.21782182339008571,3.1653943765743727e-05,-25340.747888841033,14860.776285555447,-32.281813402835439,24.07751826951003
-0.07296644234126852,0.077186081522134561,0.22743170880603947,3.1927752317133843e-05,28417.817404628528,-56526.768467341215,61.690798112144897,-124.32539612833192
-0.030317450611199705,-0.04689542513695337,0.23194931240291161,2.3219520634484651e-05,81176.678230815,-14327.866327026926,186.75479345549957,-32.180658680832039
-0.14757165998023666,0.040662984325003107,0.21639544861591253,2.786308821212563e-05,-36316.379793030057,-41421.359871952387,-72.512007155274446,-82.46591032457907
-0.025530716971111592,-0.041350040378864722,0.23220748321315382,4.0227763236786001e-05,84012.423681496817,-7057.8143472113034,200.24048963397053,-17.601257065685527
0.010592764271232642,0.084348013009024989,0.23274287147967349,2.912438114949315e-05,43199.618980269566,-48874.565010380655,85.672180557101399,-109.87295954987771
0.11358854150686988,-0.11341568705463112,0.22061130774344653,3.6448010619761459e-05,-33808.017230753314,1568.1875777228645,-52.75894227566738,4.2739041699777802
-0.11135737796684862,0.11412806801214247,0.22101126279532293,2.8170482399929132e-05,-33787.590489927432,1833.9339256235089,-50.170457762725711,6.2067772251439859
-0.12869425740776913,-0.11494645646113806,0.21717756700949362,1.6032638892595931e-05,-29051.638771911563,11923.853126782946,-45.577195019416706,22.038212150676099
-0.064827631860958315,0.062847767212411615,0.2285400768767625,3.7347287632584343e-05,54656.145594773217,-47644.84947862455,128.05476843991769,-105.99599154777148
-0.024666220384038429,-0.045864889742609535,0.2322530116109249,2.4530233359638864e-05,82617.659007536757,-11204.423009912703,190.94702510816236,-27.950245746487816
-0.083915340086126972,0.080443394093340684,0.2258196413187899,4.1714935982244415e-05,13711.932851123354,-56738.472091306503,29.905294510184213,-130.33470834898449
-0.015224439643739259,-0.08668774594679679,0.23267832137802241,6.7901595179469043e-06,37604.404678399209,-50312.871870186762,77.34057172162683,-102.55417757818361
-0.18489166477750021,-0.11886314513744707,0.19912690392150836,2.665425075202199e-05,10862.743733615942,17308.065111833384,20.723568287689911,26.440367225317448
0.039860562216076749,0.11429938839659569,0.23125017473676882,1.7335242057465844e-05,-29702.831209910641,-27030.839656420965,-39.535071479040759,-28.767540922402283
-0.0046240642810559205,-0.10495244577826358,0.23287014792708496,1.6580304908706004e-05,-5764.5975110707432,-46823.881564949123,-17.206828192946443,-79.032368513292141
0.050732425814453273,0.032011403438703456,0.23023207572195689,3.8405860048927017e-05,82002.089972023023,-10744.896221685223,195.00307930359017,-26.056718168016765
-0.1370119626927799,-0.086452699262152516,0.21736143575219513,3.6596177334224128e-05,-40448.702855273637,-20542.84362055684,-81.655084980374781,-41.316320501276678
-0.0090319637256567487,-0.11126579341387088,0.23279267766930067,2.1907788534295862e-05,-20375.467567317355,-36342.468697559263,-32.710395562468584,-48.786933177242148
-0.041918778269566324,-0.031199335432810664,0.23107192237774477,4.1551358273525602e-05,84186.196261036952,-4815.1061785609154,198.82685487264575,-12.627451224198646
0.1893899712344087,0.11909566466248769,0.19736487443153869,1.6257749623506681e-05,12346.388776260343,13544.601152209996,22.202542201334051,21.226944871874242
0.07123919502322329,0.083393017763264077,0.22769573610660115,2.5537977002203677e-05,18510.384024408708,-56765.122024407588,36.672330903979578,-120.472825464762
-0.050187564769045859,-0.072101885921910358,0.23031335721383428,1.973527740844269e-05,50504.505773569428,-49473.528255307247,112.68991787595345,-103.73285367235256
-0.19454669587506157,0.028869416034797132,0.20875345783395913,2.7842490438182293e-05,-10096.087093522927,33235.182764722238,-4.6191109364834659,46.107380086415382
0.19503934277933022,-0.029678386625217993,0.20861684224119209,3.1126883565624128e-05,-8850.2835477641074,33007.444332628518,-5.9859926100834313,46.379322127175165
-0.13439647712600816,0.12306563528816682,0.21484167482087763,4.0343171757139825e-05,-13434.672721677236,21559.629647671871,-11.731799362164571,31.518060874619351
0.13440607789699885,-0.12090792484575508,0.21507607129685466,3.0779195381278794e-05,-17387.62255939524,20183.548371357399,-21.149094465894766,31.974831756208353
0.15457633487323638,0.12633047475704717,0.2084173506999222,1.140604232599072e-05,3427.470279234346,21643.808905748334,8.1686260431744362,28.673096957656782
-0.044185515184427038,0.048093394121899724,0.23087342942099964,3.8867536372960796e-05,77757.633010123303,-23326.418146628996,178.24069252803724,-55.384305004121224
-0.19488148303485706,0.040195644226390104,0.20797362978800407,2.2963903733414435e-05,-8478.912030572119,33643.212140685871,-4.2102713207042548,48.460188092015471
0.19513499143664711,-0.039646223972669974,0.20795255396813944,2.4040144043430192e-05,-7950.3241711104447,33535.531069588971,-2.6959006744194456,48.39917105582429
-0.1945858469955864,0.018497029482582757,0.20915557005047236,2.5097597118434366e-05,-10160.950742861689,32350.13811831149,-5.0484881982714533,42.726645662595956
0.19463483613401808,-0.017888603330079259,0.20915941349779282,2.5574783419411794e-05,-10089.342182536544,32240.345261710434,-5.2809506557543147,42.928353208379114
-0.12857807047432837,0.0020423852793359093,0.21920741210863076,3.0480330403786998e-05,12131.149293445533,-64754.105333807187,21.742686067529203,-140.72102661782688
0.1946750664557666,-0.050357156496807685,0.20714285686934564,2.8895514171127906e-05,-7292.0099086031205,33510.948976681138,-2.4330373729302144,51.721357077176833
-0.19475186834928537,0.049516728306029073,0.20720227666907992,3.4074959177537736e-05,-7180.0721051247083,33761.031956429986,-0.38624670749687062,50.560531496024609
0.13836302517675919,-0.0060752620107457078,0.21775876884967341,2.8303337117806801e-05,-7871.3948606094391,-61448.76760272809,-23.25812625079929,-127.26034669367972
-0.19483185942118936,0.0067725610729374754,0.20933670036740487,2.5977127381471235e-05,-9332.742640409786,31466.2948829325,-6.2667882012255909,39.550860586439221
0.1952510676208925,-0.0075451792436633082,0.20926692080895964,2.527452801805239e-05,-8291.2522279808472,31579.230689742813,-3.4789069475231127,40.244513612601537
0.12831122553296209,0.0022435699367263301,0.21924691797628706,2.3609763696246325e-05,12935.035928978861,-64606.462311584088,24.211582406401021,-135.44662136776378
-0.056999860182074515,-0.11486933152566869,0.22953902722389763,2.512990093367625e-05,-32314.55860383288,-20879.129703653645,-41.848935275537499,-21.251391444076777
0.11883575608165244,-0.00035804798101810118,0.22064974255376682,3.2388390374494797e-05,30823.394455950165,-61453.707246409271,65.171526264547509,-133.96027419114512
0.13782989157408793,0.0058162351339281328,0.21783769822881927,2.2804571410652919e-05,-6569.7095658100534,-61666.609465158399,-18.145232737023658,-127.23731236072695
0.11555928012987898,-0.10769866085868023,0.2205324401526457,3.6946444360040702e-05,-36557.9140793978,-7980.7330369174961,-64.684393812771376,-8.94690757813113
-0.11442793499212486,0.1094503792935633,0.22066230696140909,4.1940866838742586e-05,-36000.664976829918,-5422.8705522366245,-61.06091153894306,-7.0308456250022955
0.10957326600520276,-0.0027968268141160975,0.22202103595455025,3.0972767779873832e-05,46263.341222302268,-54556.834007883786,99.639289588121386,-130.81156124074863
-0.1195085046347856,0.0054017914832894679,0.22055014345636603,2.7932076188914074e-05,29389.430828882676,-61883.097134359989,63.856990096875677,-134.34506999474215
0.092155770237532644,0.086829255259034191,0.22459966187557626,4.1975433880344695e-05,-4161.8116614065411,-51957.396022651905,-10.317906141008541,-114.22250695502977
-0.10031991261715427,0.00087796958414869657,0.22339097668662297,2.3324154895234408e-05,58860.33785052356,-43264.858205446122,132.89393770465892,-100.60372354460752
0.12893746947053886,-0.0087713517561405462,0.21915420379556549,2.7061147891137739e-05,10555.629353962469,-64695.841413482012,18.544131601470362,-138.32567140068926
-0.11032121724544938,-0.0031697472190577399,0.22191030324753597,2.9759511200173993e-05,45157.851780445904,-55071.027386900161,98.472463140867873,-128.29711517183199
-0.19524201027372032,0.059454335184915975,0.20601429718240147,2.7627628560259676e-05,-3646.3921132734527,32517.729738798222,2.0218140052334861,51.683025387701051
0.19536668101158672,-0.05985278430306399,0.2059304881526838,3.1657748667734238e-05,-3383.9582194671229,32238.436152118913,2.3733489444328071,51.163111841889233
-0.070389682788219277,-0.067828699479511284,0.22779653771931452,3.6864476740579229e-05,44814.494034729549,-52868.297512090416,98.346031114393682,-122.74799750667057
-0.19475040338785521,-0.0028697239816952869,0.20941072863692825,2.5853681958303601e-05,-9562.1309422433569,31454.484245473093,-5.5956775938581877,40.16647028218258
0.19523809523809524,0.0041690673003645408,0.20933852681967063,2.8710571361058365e-05,-8226.7300026782159,31368.661537750002,-5.778748486947074,39.574363664987018
-0.13772039494628671,0.01055927259934022,0.21785390898876314,2.6391366684348763e-05,-7387.1118401034882,-61566.290555355357,-22.157018200735781,-128.23635338456964
-0.12003384640178205,-0.0062345401116473739,0.22047236764313521,3.1871995432278225e-05,28318.239573609269,-62398.827761105647,56.860362424796541,-137.09795988835668
0.17194640591350249,0.069395811731108994,0.2109404332970673,1.8088571940299537e-05,-39251.750708173757,18705.365482762652,-73.052921128457399,30.749293258484681
0.18551577407933453,0.0022808586258599764,0.21077789730592933,3.1206646990085631e-05,-31272.385889191366,24200.078935883314,-44.303847642479489,40.835337308065029
-0.1860271094247177,-0.0018298049093194283,0.21070219511581373,2.9341920380284463e-05,-30229.260840263814,24770.71965705042,-43.891900374424054,39.352168321836118
0.026742854562749989,-0.043667913624785212,0.23214364642854349,2.8900521292700017e-05,83018.75314511839,-10019.033858004634,195.29078733927625,-24.923351802350911
-0.17720238310521774,0.0019287749352159369,0.21200867845515012,2.6996196875601403e-05,-43095.548575236346,8922.5861852066537,-76.117266697099296,15.669937815361516
0.17743141895401796,-0.0015768271530918251,0.21197477014913194,2.4877355307070291e-05,-42586.913916505822,9136.5085770452097,-76.068819828951192,12.714856533773606
-0.18591799174210416,0.00943432375441711,0.21069430797209426,2.7150394980307405e-05,-30499.064338755699,25136.163109678932,-44.643350025149815,40.605497216032603
0.18603536072307805,-0.0090210599049702286,0.21067864254648039,3.3259258471043845e-05,-30218.841133524671,25218.107044703291,-44.975405520549003,40.539872662613611
-0.12902460949640004,-0.0090315101419476199,0.21914130288647718,2.3374604150962822e-05,10578.794966553503,-64609.435447681142,18.283345029691304,-135.96998069672563
0.099479986377669097,-0.0069048923167738989,0.223515326111005,2.9947521750088077e-05,59430.678961339661,-42947.628884214231,132.90039019860413,-101.44964395975686
-0.090753823074352077,0.0030119689054364397,0.22480721739004902,2.4883089552633757e-05,68694.399932169908,-31888.194641579474,156.62705525493772,-80.529105410395033
0.16770774558027055,-0.0045806142528098566,0.21341434082815436,2.8085614536262162e-05,-46442.331021858641,-12369.284259093944,-89.654393715856202,-25.099242766975888
-0.16642377846429407,0.0048184001749864459,0.21360442962916029,3.0307269685106305e-05,-46122.962514893879,-15456.008624267337,-87.749273550311614,-30.227489290199308
-0.10907890381465181,0.007993761109914909,0.22209422530254455,2.5201519644659427e-05,46552.573836898257,-53859.558360706389,101.55912696058925,-124.2899398026845
0.081239211730724112,0.0012894457876966611,0.22621583684754346,3.0208347093225641e-05,75582.650899545348,-20708.932762394743,176.55132312370861,-55.087402233994808
0.19465068336259081,-0.070556811186666415,0.20474500152936093,4.2912051012714017e-05,-1465.5683217966807,30828.601395014648,3.0151503531221868,52.329484913205356
-0.19523809523809524,0.069758937524738163,0.20467441211706014,3.3705032835067995e-05,-498.79913161041179,30739.239841829134,7.05911671596093,50.684497231316705
0.090213216047738062,0.0031260832556607937,0.22488725319488057,2.5085234728003684e-05,69561.165059129184,-31695.881015597672,157.65323832165663,-89.179738579428133
-0.13820465768431822,-0.011453613702963493,0.21778221484480975,2.5747193881949767e-05,-8517.4491606132124,-60899.861010648121,-21.704472778729123,-127.28426859535281
0.1001291845236795,0.0048872143234932374,0.22341921360496428,2.4951544164999592e-05,58822.674159805036,-43596.345635955484,132.84068626955778,-103.54596514559125
-0.15703209340777963,-0.0046552689941318755,0.21499485009211761,2.5415621649898086e-05,-39043.010433190902,-35825.662819626705,-81.355813673936609,-67.543868375845051
0.15670816899122836,0.0042737221624142641,0.21504280646357962,2.5714773800371514e-05,-38693.776288655499,-36388.962248727832,-81.086466349358744,-67.815967615405498
0.15736998581585407,-0.0064043058341084185,0.2149448257870395,3.3389827704078056e-05,-39583.194010331754,-34839.012578238886,-82.021531204446333,-68.399254143836146
-0.15686178556033981,0.0067042221193938873,0.21502006383327882,2.9468747384903433e-05,-38958.180924973771,-35585.084033617655,-81.051349548967224,-74.545326400736826
-0.042798981985553257,0.0042998379885326125,0.23099484495557951,2.417750059965664e-05,86454.012036728862,10086.783469905058,203.50209162972132,16.87927218066832
0.043238791490567093,-0.003709260603200279,0.2309563318451773,2.3450473264616286e-05,86458.083975874586,10336.720705500571,200.33966805354308,15.937787541930009
0.11949923607872986,-0.011756637902500956,0.2205515156478231,2.519612847817732e-05,28045.785268109135,-62005.383998007201,60.267109258295271,-134.86912613851953
0.16625740792972493,0.0071469055841908262,0.21362906045891089,2.8390436678728114e-05,-46143.397258391298,-15290.559674714645,-89.844200678930051,-30.654054190588408
-0.16712251275703158,-0.0068770688560234362,0.21350098339422524,2.9432160517686401e-05,-46432.031881935283,-13339.546417671861,-91.540511291754868,-28.562884343198235
0.18557618263347075,-0.021195309126637248,0.21062831721810649,2.4545703395813576e-05,-31312.265256233812,26080.408926084023,-46.34729612253458,41.791719140359589
-0.18574418786146155,0.020612839003789248,0.21060679662575271,2.6293032508466707e-05,-30883.498272399527,26253.265819243046,-48.1707614887993,40.887924872382719
-0.17580590222983108,0.012448816221671414,0.21221542469648827,3.020122411752033e-05,-44437.238337321913,6856.5077873967566,-78.520747225580507,9.1458130738651064
0.17586690737407379,-0.013134782132810507,0.21220639300511548,3.0391742063741866e-05,-44401.552915705506,7134.1429082277973,-77.470183929635539,10.753102126472704
-0.080952380952380942,0.0055281257911755062,0.22625830157897497,2.9063492498129162e-05,75535.784317714599,-20946.203599113851,178.37408341566848,-57.211572549955228
-0.17567716635854061,-0.010085910207536179,0.21223448378851295,2.7418343363605416e-05,-44654.56581482575,6305.1154325979824,-77.723651482625201,13.388701554438295
0.17600411178229355,0.0093358569758823871,0.2121860801628887,2.5714931285644394e-05,-44324.577184552567,6997.2723345642826,-77.665185564100611,14.387701987393337
-0.071951801109785038,-0.10143152746218774,0.22758028889584486,2.5460256269997678e-05,-16790.743641366476,-42748.120771671718,-31.995169986251028,-82.934165474272405
0.10997188680948464,0.0089186621071899973,0.22196202093010056,2.7122701893274959e-05,45087.178620429033,-54712.296191704612,94.380324131861386,-125.48346704441765
-0.12856311971016235,0.013695939988911011,0.21920962553979975,2.5724802207626061e-05,10209.761136994561,-64363.321300053343,17.740287943284454,-137.62640977580975
0.19609481216307337,-0.077880727728907778,0.20320509907933257,3.8202686242702167e-05,3885.4487313913414,27607.751559145152,11.37043798991173,48.803800662669254
-0.19497208308645886,0.079834744667622054,0.20323659448228998,3.4717220093723425e-05,2553.8006206119699,28299.941738665741,11.032911863695139,50.661818402396683
0.070737707975624481,-0.0029560473092998495,0.22776193241078008,3.1664906660463592e-05,80886.570238269269,-10138.963271468407,191.26496027316009,-33.95836170591425
0.18522372732262268,0.013376768972126259,0.21081614127263595,2.7573813088175919e-05,-31928.686818952308,24735.802001225496,-46.867410614261331,41.206987349796258
-0.18571428571428572,-0.012476372650062541,0.21074850804961265,3.3886851856334103e-05,-31087.868147508812,25563.928293691435,-40.950547386577711,43.403789911256453
-0.013400626652138616,-0.0096211871812762403,0.23268426166818881,4.1699900495081281e-05,86837.057571302663,18934.965961226604,212.16051143029264,45.957007089155887
0.013783158042188081,0.0091771800315039297,0.23267504080028362,3.1474126376773057e-05,86902.113988222103,19935.898624300746,206.93484066041606,41.357179479123204
-0.16623858617136439,0.015097315279277048,0.21363184698314117,2.4024188126786975e-05,-47002.786269486751,-14161.788002257008,-88.590475572712407,-27.213090990512523
0.16692671675700668,-0.015195987038131896,0.2135299706061432,2.3028066844910253e-05,-47246.988954383269,-12616.698686394031,-88.733605726489046,-22.141090956748268
-0.19523809523809524,-0.015259166519337584,0.20921343658169708,2.5721607431515169e-05,-8493.3587626326771,31871.12899781594,-6.013074057633653,42.073378356298939
0.19478190817498894,0.015299602478296013,0.20928554897484955,2.7011840172633575e-05,-9596.3283765212564,31960.142136885108,-6.1240622616600033,41.661384359663273
-0.078774291106335298,0.10338206040650388,0.2265807634879804,2.238928020751296e-05,-22660.452473935704,-36831.410692885518,-39.439787603660498,-70.783479420821408
0.090437611853192185,-0.0087067060984292871,0.22485403183813493,2.8650356312287833e-05,68660.47000401387,-32848.174812449251,157.82112266526767,-88.623162358079554
0.13796215303816814,-0.017560026918873303,0.21781811717973051,3.4552563231033655e-05,-9762.6677663502069,-60067.074905094967,-21.841534043325172,-126.11723459553059
0.15573187147551168,0.099068072425167353,0.21194509881847765,2.3319240490619106e-05,-31434.183436066734,15625.089713146916,-62.35845827960329,29.136725944228292
0.10458059854905513,-0.099047619047619051,0.22271084668735672,3.386407012043489e-05,-29560.251263896302,-30952.25236280559,-56.814506960089453,-61.458280538026855
-0.10484562159991903,0.097881541880337097,0.22267143102285389,4.2304408635241184e-05,-28892.641842057896,-32769.806985605981,-56.093011977055475,-66.496632255602918
-0.071349441578794651,-0.0027767517527182636,0.22767233479022658,2.6569527573783609e-05,80898.866179408447,-10976.110212224272,192.34667911989084,-39.75402518782851
-0.099557259352103911,0.01115926768628867,0.22350388599943385,2.5411336508793596e-05,58900.91934269794,-43855.278213374433,129.55012473428357,-108.30915727407307
0.11870746413552807,0.011702091642203273,0.22066873592354555,2.6904132978010604e-05,29554.231136849881,-61846.832634837243,60.082938334890692,-137.5962566868966
0.19527206450066578,-0.086039276549870841,0.20208509462652777,3.4934511482666749e-05,5204.5500915693819,25823.388270638869,14.336398880526449,45.952331102372817
-0.19406887504983411,0.087170292100489058,0.2022749397912145,3.3851704639196667e-05,3714.4305496593242,26802.370997492824,13.616906870223167,47.385147224462727
-0.1859874881676456,0.031651545245188699,0.21027067205470457,2.6580042945095735e-05,-30070.645004426813,28505.935062749275,-45.056029507186373,45.399082401828053
0.18571059076065308,-0.030929863096779118,0.21035218231810662,3.2804794846819974e-05,-30819.633421967257,28222.603984639569,-41.772879493431375,47.737477439244032
0.10027334249451438,-0.094611197281097098,0.22339614991063234,2.4802689528235674e-05,-22295.831982676154,-40393.20376391738,-47.6614302290048,-80.304613580172671
-0.080280112792867286,-0.0057913605622925673,0.22635782955504719,2.5028471667154767e-05,75978.167058186984,-20145.784011877564,176.79706618798792,-55.234408232999385
0.10975841195198627,-0.014132007281726032,0.22199362546202495,2.5293689704057016e-05,44134.942402997644,-55204.038960368671,93.0328074817985,-128.46466131410659
0.040452386423056257,-0.038788288679972027,0.23119429710993858,4.2948174124064183e-05,82276.294262786032,-11544.618558149326,197.25384356081938,-26.440823431213609
0.12823043439461884,0.013904886198463591,0.21925887894509108,2.7189649782324321e-05,10566.430795530603,-64448.796150466878,19.57355204586651,-137.69257628739177
-0.19464975945633711,0.12581070694659391,0.19348009278858286,3.4308877980098174e-05,12771.126613967188,2392.7581800374282,24.151746627763416,-1.3805317582092289
-0.14710547150821551,0.051412089783555263,0.21642984049812114,3.3154057908512188e-05,-39903.815712401083,-36082.820262578665,-79.674388141510377,-74.024795444357977
-0.092316189105460092,0.091497735774662317,0.22457591217834211,4.2690666995386819e-05,-11811.656991220969,-47822.486648302081,-27.63445769681568,-100.27692167443212
-0.11847558859754889,0.015898718207014821,0.22070306463995004,2.7157895561301564e-05,28708.443667485226,-61807.038546505843,59.777674411142968,-137.65930443142628
-0.090320596890428942,-0.0076784387205874943,0.2248713556727524,2.9423325713547462e-05,68619.503039330186,-32572.854546207516,160.0184177372044,-85.746569295197546
0.1380952380952381,0.016651020266033358,0.2177984141993228,2.7076856082082379e-05,-9889.8431653400985,-60334.249345988741,-24.762582863449779,-126.57358993585909
-0.061882204043956009,0.0011277065329498659,0.22894263430096987,3.1307730382991064e-05,83626.923505985906,-2524.7812736964656,197.17771486461001,-11.281251208842676
-0.15654142619262812,0.018151768410136444,0.21506749240628631,2.9956082662814418e-05,-40483.799517434076,-34143.416546185181,-83.595808050918762,-67.698415436490677
0.15788067580201082,-0.017554789799630387,0.21486921914108545,3.3163300687874326e-05,-41728.537990629593,-31564.582020033704,-85.254473055414266,-64.961453978806404
0.0508235003041939,0.049630500168696835,0.23018965411628584,4.5232813903280049e-05,74092.664212798438,-28680.56990167667,173.16673477767506,-66.20010880539472
-0.11720740411656864,0.096146666006827253,0.22061371377630012,3.2537710848787491e-05,-34538.191359156393,-27188.246578982868,-68.476162709132325,-51.01266640419859
-0.17536226174397657,0.023154957194999402,0.21224007353066984,2.9623908053933523e-05,-45452.560031018016,8638.9732185759021,-79.256128456775315,14.362813961013794
0.1761904761904762,-0.023439203212427311,0.21210969802228455,2.6264207976806131e-05,-44825.552151887277,10230.904108929355,-76.882830218163804,19.051062325617782
0.08417696974734469,-0.092350380879656593,0.22578090756308106,2.5117367965801577e-05,-7097.194309901166,-49749.387739667683,-17.634347552672146,-104.04140122491729
-0.074181924657575962,0.072037439963850702,0.22725810870985519,3.2588932430869827e-05,35860.578556890578,-55643.191458817098,77.202469681920618,-125.98028186422843
-0.070710824330536173,0.0080859399305438905,0.22776586992642295,2.4890472126472636e-05,80586.907632293369,-11377.436225790805,192.94581321316326,-35.485531130985464
0.12877490160098831,-0.018989586133460974,0.21917827164825457,2.9874785217552823e-05,7841.0161175197745,-63918.766745221961,16.059725796965839,-136.22687110140396
-0.10055082253757906,-0.01092914646969846,0.22335679092799429,2.7467570250443942e-05,57688.210912749149,-45088.433396912551,127.46804897391353,-110.37046094644541
-0.12863529704848026,0.076313866470370265,0.21914068317373678,2.4034944501915847e-05,-30572.136871635004,-41609.104596650497,-60.839940534005322,-83.714991153811866
-0.15458427010036763,-0.099746044070234283,0.21217941978419549,3.5520018255562581e-05,-31538.16823288739,15118.073067817519,-64.584299476785532,28.261179521580598
-0.15733399635312337,-0.014575985510789457,0.21495015395606673,2.6681515932734595e-05,-40555.41852966274,-33499.728472934788,-83.270849264150471,-67.628184592604697
0.15691609303590554,0.01479309337978787,0.21501202371855355,2.7872008139990818e-05,-40320.277298465255,-34228.97747293533,-84.394488536419672,-66.902562796779421
0.18616615036134584,-0.0425431247633659,0.20969656137037551,2.5373743520331145e-05,-28422.079579562174,30292.250484555589,-42.919169291456384,47.947625374453139
-0.18584825592573248,0.042246263582655139,0.20978086137901597,2.5619445200734679e-05,-29082.063866136046,30202.377971214137,-43.158677620949916,48.037278035162544
0.079824875313601967,-0.010903353619357556,0.22642522656664485,3.1110338058032778e-05,75867.025204028454,-20898.865807313872,176.63741038010869,-58.754178203201626
-0.13799527650392676,0.02246504118058024,0.21781321331590656,2.8572790382882139e-05,-11972.496324630798,-59358.777342007706,-28.718099648895127,-125.60282082083447
-0.16741991473293119,-0.017907059931599002,0.21345695361782979,2.6247799051660048e-05,-47322.686937193983,-10690.108978950062,-89.81317005020658,-25.134072143078111
0.16741047335122727,0.018066554936856733,0.21345835139578345,2.6350317679250961e-05,-47474.760914273102,-10564.086572419057,-91.242992712684085,-24.200064490473832
0.023316664297817907,0.002480416533913234,0.2323240854904827,3.2934409320826155e-05,86895.353107886607,18612.96585510084,208.16493539178725,39.267154675223814
-0.023571946005142033,-0.0016239400460570296,0.23231064117238065,2.4885690422894403e-05,86775.78394337825,18649.711622474857,208.09421876237056,40.404428177972008
-0.035659617221116997,0.040769382330148936,0.23155652771809063,1.7215644972349698e-05,82583.549840681284,-9840.1838754251075,177.19276569511544,-19.685812735038883
0.062028119260271922,-0.0051071220642412108,0.22892481032035311,2.7411446961396313e-05,83468.917412656781,-2703.380223079695,196.82711316225289,-11.404538155538578
-0.10978578164196989,-0.013757608144667411,0.22198957343336459,2.4666696866643222e-05,44028.120044306379,-55049.604105261511,97.762345807385373,-125.51188266550351
0.079162219331626843,-0.074369020564242036,0.22652333147877671,3.2466888794291383e-05,28332.938545515477,-56818.494191529433,56.194691407297199,-128.35830606756636
0.17636761942993712,0.020841964361608466,0.21212958843039842,2.1919487655161747e-05,-44274.438913078222,9893.7970815680455,-74.885422506176454,13.817493975392221
-0.17690501567039191,-0.020681706857303507,0.2120473455559328,2.3351326561246798e-05,-43714.459742463499,10889.386426031149,-74.938805959170693,14.095999871423407
0.12677494081404234,-0.11439121538784172,0.21765885608994631,2.2700785565177046e-05,-30082.132510493637,10026.550041968834,-47.950345948947536,16.908165839652053
-0.089900923771261437,0.01397094359497031,0.22493348745092981,3.3241639957300669e-05,67769.17094340561,-33289.73100359922,158.99742447072239,-84.732372163281298
0.16636169753613006,-0.025969331974009479,0.21360503066491729,2.6562062926641085e-05,-48598.243448729925,-10466.025169336794,-92.477449449511639,-17.969578682221773
-0.16487538514374031,0.027155394145146328,0.21382794087894155,3.8618193472803467e-05,-48385.923617611923,-13055.657167230185,-93.315236479245655,-27.834671082722718
0.18537907654378549,0.023871347560972204,0.21068779569711749,2.4686686701178451e-05,-31602.908114872331,26539.18117637523,-46.305668633607013,41.795238050740124
-0.18577977719057703,-0.023024764776685604,0.21063509849590822,2.9741564756158992e-05,-30764.851400050215,26714.180483077929,-45.957796218130895,40.821392636867515
0.01825620316424903,0.01891357902453486,0.23250853860616316,3.9494983317260589e-05,87246.741529453022,13982.173577042016,214.07134927724701,28.573259715159764
0.10013787826310866,-0.016248168675247456,0.22341792651397591,3.6001664835358244e-05,56643.499226524953,-45502.062088409897,126.61845933730984,-109.90680012862417
-0.17568192850688022,0.034034923047881346,0.21203660422219395,2.5652255307130422e-05,-45206.945470908846,12558.368692463007,-77.241669751099039,19.142659039680954
0.17620595827409877,-0.03422248777462629,0.21194063631986026,2.3682114537431326e-05,-44615.17699595006,13466.373283965639,-75.873851829788535,19.617790216718603
-0.19449336069061385,-0.027466476628196922,0.20891438036634652,3.3020596363024046e-05,-10299.294279227526,33164.839452628985,-5.1890333311999592,46.053350842456162
0.19393963396924635,0.026162204718538661,0.20907411106724871,3.3276570531088022e-05,-11683.349428662601,33049.842603976293,-7.974034400258124,46.478196045372819
-0.1193314764052323,-0.015940941982140532,0.22057635213685423,2.2593016538095362e-05,27242.879987971752,-62012.861253920746,60.569083387356635,-133.65448777274585
-0.036168090431068244,-0.098569795519319908,0.23157203765057174,3.4884078028763748e-05,3029.5505303345867,-52903.200373335087,8.7992356132931775,-102.45131139876391
-0.10939171327353525,0.018556920147487849,0.22204791447865932,2.5307309619415047e-05,42971.878830731344,-55119.474606865755,96.357604469795348,-122.51499176529262
-0.0028852270177883183,-0.074441053175076891,0.23285251973826201,1.0421909826299997e-05,61179.823435420425,-38796.243482404258,127.22124110673285,-95.16018662038914
-0.14780525894704058,-0.05364868949128343,0.21633646327467235,2.5427355428674816e-05,-41436.072825849224,-33730.610350697287,-83.271555430029025,-65.782791761667298
-0.031051590336813078,-0.092803873688599547,0.23191329793253831,3.7567521087875528e-05,18491.621662398058,-54887.592380840506,37.709879712669931,-112.38490823494629
0.080212423712153591,-0.099291306439049182,0.22636785079004143,2.5588852875110802e-05,-16772.61363770541,-42685.401330522938,-32.208515848099218,-83.309716576210448
0.062451646919208972,0.0068510109602746803,0.22887307514855865,4.0274251790483138e-05,83669.619299996441,-4097.7573398054074,201.96824902561474,-20.00166569395984
-0.018777491830616746,-0.10003473192939114,0.23256150151841584,2.9379353051430448e-05,4415.6122192475814,-51313.144118953052,9.9575384646943625,-99.720777977608194
0.072353468502541179,0.0088794953163366854,0.22752527989104634,2.9563248959616158e-05,79842.122793750517,-12786.518351436618,187.64746054585373,-37.384391653449427
0.11993896403846975,-0.022110385682165796,0.22048641479002412,2.7446137345179623e-05,23657.924001214116,-62402.139214653122,51.361384504391431,-133.97863363191468
0.18643777331681752,-0.05155732165482229,0.20900320585778839,2.7316793294945417e-05,-25662.912512634713,31705.523208812661,-37.247920583530124,51.308686445006494
-0.18555753620984219,0.052298467081839786,0.20913457925622284,3.4191101398382182e-05,-27110.564145894459,31328.580239690491,-40.794406854086013,51.117191713329404
-0.055250435396384544,0.05276300069802458,0.22972659478994667,2.9749732295304381e-05,69926.315834351859,-34470.073208827831,166.40871505930363,-76.077082471499253
0.032769838001435583,0.0046308092576704063,0.23176494577233514,2.6283615414654433e-05,86946.593567674267,14769.77371809441,209.05451363204037,28.842803919475678
-0.033214689545618313,-0.0038344927575151202,0.23173502352596473,2.8036467083457572e-05,86930.869180001449,14605.635803240588,210.78651880103044,27.348722396017056
-0.012437223006818309,-0.092460529922448492,0.23273282913653587,2.8350512871792437e-05,24882.427314612003,-52508.737433255963,47.590247476840624,-110.83485524699977
0.028053346734105599,-0.038296060636040449,0.23207462983582874,4.1844489923000444e-05,84130.113537159763,-4605.4797486537045,196.15857558264693,-7.9469920692756908
-0.0038375878176614762,-0.036942966906610503,0.23288397050519188,4.1188326989029074e-05,86212.128110303136,2044.2591038440519,207.00331124043313,4.3317873556225095
-0.12858964179373031,-0.019033768877843485,0.2192056989975987,3.693015723376152e-05,8193.8334186768188,-64214.398200485579,13.904542696612426,-136.85221731615766
-0.12798097819422036,0.024845497511614575,0.2192958104439178,2.4474078385453459e-05,6826.4983598233193,-63763.365318873599,9.5888840457826952,-136.14985497261276
-0.047233619192375301,-0.09285714285714286,0.23060651393864362,2.9750986482061404e-05,12111.413438098229,-56032.37701871332,22.213363181751923,-110.90630215642466
-0.052565402511433212,-0.09901944858475098,0.23007294250771484,2.1053566705830913e-05,-4103.1072104865598,-51529.419868683319,-8.8078406467741832,-94.065017695644542
-0.019159939996925234,-0.03695541425612945,0.23252976170634868,3.7694094854163175e-05,85401.574777611866,-678.5597130761987,204.69891249595656,-1.348441456580753
0.013228132593270148,-0.0029073442950170426,0.23269250785531129,4.0256803275594853e-05,87091.130239697319,20577.151001916576,213.54309434479012,44.029619385178584
-0.014416004428716753,0.0022799737193588006,0.23266323231620761,2.7343768553754799e-05,86865.268281662604,20972.231370517362,208.28323268471544,45.0335168024925
-0.016148253425991327,-0.031529046638243512,0.23265430905679443,3.1898578641474957e-05,86556.856455923815,5706.7133880461461,201.78730576012634,7.7890182243360186
-0.0015592458459615438,-0.099180095570742505,0.23292401310191779,2.7482203458327096e-05,9158.8114344730693,-51287.41090684088,14.403195928081804,-100.29097413732909
0.081509469222548814,0.011357115256490581,0.22617582575851741,2.8451878111470574e-05,74730.604295378114,-22801.01202667888,173.39853535546939,-61.667020026752986
0.022681464760030006,0.043069599702673954,0.23233769117854822,1.5263180236404163e-05,83696.13559281989,-7882.8631737775759,197.65152963467924,-17.003236350315113
-0.1380952380952381,-0.022096634221056843,0.2177984141993228,2.9918659271433768e-05,-11852.654075518347,-59432.08971316454,-27.912313999662754,-122.86777592152947
0.087218907146371982,0.080143222606954223,0.22533055472637592,4.0952089484261211e-05,11273.129577105201,-56632.0362956963,19.459218019629397,-126.76720410966631
-0.17584935142503255,0.045379335741617996,0.2116509497406969,2.6757481188184033e-05,-43641.527893305167,16499.324719214674,-78.699767606834783,23.086854590411399
0.17578037472634531,-0.04570128677359532,0.21165279713122098,2.9954771047783914e-05,-43732.511266380767,16629.181096781889,-79.070954269185421,26.672927785341695
0.0023615930813137721,-0.029947050262453354,0.23290991158986279,3.4823685662178553e-05,86935.831123441021,9230.2122041535094,200.83547278917305,16.457389997164906
0.003713682102900199,-0.09252258546518867,0.23288614818818676,3.312453340267134e-05,25822.264769889884,-52122.214055857679,48.363874727283019,-111.66857825902245
0.070282553427409217,-0.092810014101282923,0.22783794851535252,4.0410444644933585e-05,142.73894835585725,-53380.051544699265,-3.259672008591191,-111.83670411805613
-0.15862664290403639,0.028503497006873952,0.21475878018182437,3.3748770554003853e-05,-44956.774539009864,-26141.994090372995,-87.657636967525619,-54.415394134702638
0.15670217804836176,-0.029310792686276867,0.21504369341086371,2.752300541569071e-05,-43449.915766891805,-29898.712543587382,-87.965055503577773,-59.13717394125247
-0.1455967249170757,-0.12989645489720439,0.21060992711680904,1.3607354912284857e-05,4621.6282590022847,19761.648129816007,12.677078620869271,27.8155454358537
-0.1462313192828395,0.12982816544456829,0.21038819481571075,1.193920617258728e-05,5054.4817611148155,19807.346937651677,15.653837133126398,26.579187475316086
0.1462371176863051,-0.13,0.2104401728134305,1.0545856487301807e-05,5320.4631570347101,19528.53375257671,15.885551059304035,25.886218600824002
0.14515886531283967,0.13,0.21077858018862849,1.958673141582195e-05,4674.4396026292388,19666.816309525577,10.37179587274218,26.949189904683369
0.078963112301314198,0.096273650058090035,0.22655280888220319,1.3907302547152083e-05,-10885.62377665908,-47212.35749570308,-26.121953162160207,-91.083213200164039
0.090605210729352639,0.012700626902081466,0.22482921915483262,2.5460701293947407e-05,67631.87889664562,-33725.095033336242,154.71991628839416,-87.585676188685454
0.015892294163299556,-0.099041158474797997,0.2326721051439585,3.7724555690410265e-05,7667.5202024363371,-51970.259654121517,14.12224093661974,-101.76900443452901
0.070633723623757833,-0.014639443894681274,0.22777716248879734,3.1994787963206157e-05,79572.545329133747,-13174.239035755229,188.9299508876878,-36.506715206758102
0.020112547715203075,-0.093923350819792167,0.23248847281841578,3.379413509170898e-05,19597.595431543235,-54071.45400455613,32.29925830455899,-111.3733100375316
-0.11951117583901422,-0.088634535660398597,0.22046277327615341,2.6216044498239906e-05,-30742.947961929389,-35984.206206856914,-60.297503480885254,-72.240648503083648
-0.18570650733511668,0.062080082549760184,0.20820356910175403,3.3560567304806597e-05,-23076.064950356144,32183.016729097046,-35.788363858509776,54.726437157556433
0.18546662642992592,-0.061306841715917382,0.20834837990196106,3.0493632377561775e-05,-24022.709283837998,31917.694687182091,-34.400212145405604,55.33252189251079
-0.1143993223220558,-0.069274766581158026,0.22130654782830261,1.3557487588011193e-05,-6033.723788022332,-56747.343509801925,-14.227605294110676,-118.64021923602725
-0.043115737197289075,-0.0065212223856438148,0.23096710742762483,2.4460916672629286e-05,86500.060508992217,9304.0418956778685,204.6865129724606,13.805953975228109
0.042686261093471609,0.0064152619718680212,0.23100471566576627,2.4829252722821795e-05,86524.593065358233,9587.8193033376956,207.58305411981556,16.512720881094065
0.004064822943791669,0.12889767727248638,0.23271185371864528,1.0429408457431768e-05,-27179.861670893864,8646.5435432052691,-15.468332872699051,9.5881446944919873
0.10088873294324577,0.015495785876843859,0.22330676395840815,2.7780080433211058e-05,55820.794432734168,-46520.203165392726,128.20881683756443,-113.73093124513241
0.15528301086651783,0.12109095281450685,0.2090450662699023,1.1344721492616391e-05,-4120.0478707016282,24548.21772758519,-3.5608265314105014,37.8496537281505
0.053793668126079268,-0.09361439586858035,0.22993067318449284,2.4434970296094306e-05,7192.2257290548041,-55227.434481945544,18.152301742237235,-110.59475798849142
0.0321619970047635,-0.0070080118246954965,0.23180583125041043,4.4757089126201989e-05,86869.289591718392,13886.283236334493,213.06267412118689,30.568537613054716
-0.03338321159807299,0.0077345225759061064,0.23172368815253883,3.6154335110134642e-05,86800.11288408938,13242.076628320263,213.80852945398115,30.181422728216855
0.018089383068894141,-0.031477999526529257,0.2325946008061554,3.4032802879858357e-05,86483.230210882204,4620.0669433941021,207.42216787856867,7.6754397393016749
-0.061425358392108234,0.011547281008127231,0.22899843936536926,2.7190921686209568e-05,83407.658424097041,-4293.0680902620979,193.27464414946365,-17.681297996334379
0.032502529013144037,-0.09934364436027876,0.23184031527220306,3.4610286481092527e-05,2530.6454325079467,-52708.258258357055,2.0877519329318077,-98.38479284232082
-0.067433669901182228,-0.098733346124656327,0.22824854776615389,3.0942359475141043e-05,-9817.6839311071326,-48088.123962155427,-19.851192969143263,-92.379246222157235
-0.081218450258350422,0.017281822515123828,0.22621891054261051,2.9381319755758098e-05,73603.04664957762,-24995.835863433498,175.11573793712685,-66.900909825683073
0.012974811271655074,-0.036638488288711843,0.23272338084898256,3.3104141202818393e-05,86049.348169454723,1492.0692677869504,205.45646010680156,0.073003639849319554
0.090472069938034055,-0.019557168839363787,0.22484893038658602,2.8688907935587326e-05,65771.172650150416,-35678.298654131293,151.3503648991809,-88.209038071414653
0.10910974082139714,0.019434173947555856,0.22208965994447125,2.3891731700840002e-05,43215.595207242382,-55526.025873830462,92.39120617573704,-130.11719069699618
0.16668384317361726,-0.036265263051857337,0.21349599216886767,2.7456017874659238e-05,-49603.276319225188,-5647.7190058472215,-89.827200075359528,-10.455703843093339
-0.16617422832810097,0.036744928909619667,0.21357151190830681,2.1744609413079245e-05,-49658.765987253813,-6489.1279418276399,-90.034231007662129,-14.519153857116029
-0.10004793158329693,0.022389056032870055,0.22343124294265007,3.1127542631468014e-05,54359.550365928175,-47294.333401766664,122.61842658022906,-112.06847518179096
0.056106098686730776,-0.10132390654414254,0.22964820286692636,2.4930505415130385e-05,-10871.681544129435,-48287.642364677056,-21.408653250803162,-89.019575439442008
-0.053180822057675013,-0.019883610248193111,0.22995887460682479,3.0123699162117808e-05,84223.309741403471,-2912.0039166128886,201.35099305004371,-10.762533561201113
0.15715683317967799,0.025820309544808757,0.2149763826147322,3.0585977478482927e-05,-43149.942684875808,-30218.986870701588,-88.186408239546182,-61.508962536969513
-0.15696008007805273,-0.026251620111697904,0.21500551152365577,3.0687273488497575e-05,-42985.582006414195,-30453.838831276946,-86.97852676011955,-63.123419468093019
0.10950687735933184,-0.024058766836578413,0.22203086466272898,2.7226575654292128e-05,40249.880403754883,-56603.894599963132,90.19638972538209,-131.2437361281101
-0.093942107949603407,0.085783909346521442,0.22433519809791874,2.8905151780374834e-05,-4039.0939042606205,-52286.843876404615,-9.26025024456486,-114.32588423180398
0.17606448857819343,-0.054757380820687866,0.2110771892025449,3.0986217871713832e-05,-41110.257818517261,19854.208122187156,-73.455296783775836,33.269930443568008
-0.17598064333810134,0.055232358395924802,0.21106891636677094,3.4388115703872586e-05,-41234.105145340443,20010.980389375651,-72.163556059705172,33.734192893997459
0.070085784850540553,-0.064268050754019604,0.22783192992717338,2.7086998132354412e-05,49779.918553220909,-50434.546775390525,112.10165160007115,-118.74805207368797
-0.11894779971789941,0.027742000716315038,0.22063315471424233,2.907378904173231e-05,22424.612814851953,-62384.632742338064,48.629776075094149,-135.35937389642675
0.16721602523599977,0.028856126883801209,0.2134831313833562,2.7863472802429217e-05,-48896.806679944275,-7211.4384691363302,-90.764155262820864,-16.927484592901106
-0.16718237195234761,-0.02865266447774166,0.21348976569392239,2.6735627605087943e-05,-48561.017104353225,-7492.856000362538,-90.457060207878882,-20.122383021662611
0.1861846757114429,-0.071178934045692824,0.20705005088205064,3.8914257829232845e-05,-17851.289114605697,32110.184621701545,-26.227490153862288,55.191110409574563
0.11872574338447318,0.022023697600381646,0.22066602971676499,2.4153083451126269e-05,25809.327610838274,-62131.035993128091,55.521701798807392,-132.66225945447059
0.12824196960269851,-0.03034727511446262,0.21925717118026911,2.9210864780508945e-05,3292.4926656473003,-62875.751055463807,7.1714531959083461,-132.59555349789494
0.059987360889499269,-0.056204789741617744,0.22917409506640243,4.2162437741158168e-05,64614.362749016189,-39591.068971052657,149.18723685866954,-87.056280291476611
-0.17599741542497235,-0.031072761947937424,0.21210477168073519,2.4525452066874735e-05,-45079.287753937388,12267.014574182887,-74.7779104674444,22.288850660232388
0.1758219423162517,0.031424107826270288,0.2121296790024467,2.3888509087860994e-05,-45037.349235612768,12117.04842705292,-76.250977468491399,19.252394441948976
0.18609750315613027,0.034763049559683686,0.21020009297035297,2.9631928368559844e-05,-29487.555775563036,29311.165860443805,-43.83890459622787,45.583942054231862
-0.18597072095957334,-0.034453374726294575,0.21024297286056501,2.6008768456996145e-05,-29913.478065575429,29051.033892862786,-43.898358890080054,46.219874937543565
-0.13630188622786502,0.033609652576609909,0.21806391640884898,3.5424022100711254e-05,-14268.03864941844,-57966.743128387163,-30.662969493112385,-123.15464910687982
0.19477160552473446,0.037184787059598497,0.20829753267818854,2.3991417094170465e-05,-8843.5222711975111,33736.415009302858,-3.826804261125099,47.066251444243697
-0.19472755807008027,-0.037158215439125487,0.20830809849694515,2.4202546946038098e-05,-9055.7513404609399,33733.614587475466,-3.6810515691840591,48.633965314888208
0.12778928714230109,0.025450813254542761,0.21932418992635894,2.9421383904187355e-05,6469.4424580758214,-63936.433903101555,10.313294989323037,-139.72670354704226
-0.1857608487289287,0.080370168609587012,0.2059451762713233,3.1719387476275789e-05,-13251.975569910222,31680.193870685456,-21.329635049379718,55.998879266509199
0.18581494550765426,-0.08169878074613765,0.20575444620511027,2.9754396733842278e-05,-12336.295293881685,31139.955693233816,-23.428796628216606,55.691457200032069
-0.060844542185262501,-0.11504739734275349,0.22906424639152015,1.1309560931559407e-05,-32590.728792165399,-18954.123682812588,-40.929134398449023,-21.25820279903769
-0.082248381263656856,-0.097995038193253725,0.2260664312871207,3.3259604023097098e-05,-15683.674753892283,-43717.459585171106,-32.262503556875842,-89.303063579989853
0.11544092681291591,0.10461402191365625,0.22072597429724819,4.6549680915573157e-05,-36596.309960331055,-13707.092406839816,-66.804863258954157,-23.20185077934579
0.15691346677487711,-0.038723463968990818,0.21498922198985859,2.9661001002063219e-05,-45903.828932600503,-25206.786810685771,-90.918461541729542,-50.44506222579318
-0.15714285714285714,0.039172919194348566,0.21495273563692102,2.6148623756037491e-05,-46240.385803079691,-24464.880927564805,-88.328228672687757,-49.988900209781718
-0.078080400669136338,-0.092822683697338801,0.22668349259964954,3.3997910938789637e-05,-3965.441339477627,-50984.416388379635,-10.842924574027291,-106.30775308655059
0.13816032320865126,0.027425834691927331,0.21778877847655537,2.5226391239409751e-05,-14534.288167768253,-58161.250454614768,-32.445374880329879,-121.06477832933915
-0.18565827800627696,0.086782213721157464,0.20504118788494671,3.2715142408411236e-05,-9310.7504631659413,30664.423512662037,-19.157130851153745,54.196650973631094
0.06111199124668968,0.033584675984834091,0.22903671810056131,2.7701299714273085e-05,78596.368021272123,-18919.949994244296,182.96276840389746,-46.357322029275892
0.12615203774705799,-0.108759510267566,0.21827043423416459,3.074455451816953e-05,-35569.010335856881,1164.9472825252876,-59.699227398599042,7.9662330276921409
-0.1271061360414377,0.10831594515471356,0.21808888661055664,3.2228882730004425e-05,-35412.312577592347,1118.3750811772359,-62.938164930625746,1.8474598705356531
0.1272657149716851,-0.10298373356666599,0.2183926418426296,3.2022259973009719e-05,-37711.018688186254,-7333.5008635129261,-70.911954146505366,-13.461732673914009
-0.12813254168476318,0.10204202098853972,0.21826451134777894,3.0005319306312936e-05,-38170.691339965291,-8157.6148148945831,-71.434127748828288,-13.014199934914368
0.007605803960969694,-0.03316507701081238,0.23281774288823329,3.1170709107076316e-05,86359.231653422263,5959.4871490044507,204.14711082288721,12.660223352199919
-0.14676316747730997,0.059555301468382525,0.21639384323072991,3.6732370944995478e-05,-42277.856976218492,-31217.461497356224,-85.637799642030899,-63.452177517117185
0.026035967023183212,-0.096312447953555105,0.23218087440325388,3.1709252451598564e-05,12096.914916927066,-54071.459570641186,20.52399691095895,-110.63063946643884
0.0096431992966658671,-0.095952380952380956,0.23278193500653166,3.5516008873747986e-05,16601.56455345442,-52479.045192048863,31.057406279519544,-108.66262690912968
0.17554441063059331,-0.065590480425942219,0.21037663664305339,2.756705386847226e-05,-37151.377415144816,21962.943461218252,-68.184703872467608,36.387819242341521
-0.17645200520724813,0.063248411233291696,0.21035864659966477,3.329770306419458e-05,-37207.583750513149,22876.714217789944,-68.317121126780265,36.679101843965029
-0.10280029479400359,-0.092956403597686546,0.22300837062973525,2.8393933628874116e-05,-21924.915520458133,-41289.958799942964,-44.544376791985492,-85.425213948977657
-0.071921387553932972,-0.014555887791985651,0.22758856466840888,2.4849624521613005e-05,79433.544091646036,-14321.342888707117,185.15768539318685,-41.081410361425931
-0.166542352590797,0.047366825351293232,0.21329336919409705,2.9500129389379628e-05,-49513.424175066866,-609.22676997907092,-91.428910790607574,-5.0583574698974578
0.16640866014437575,-0.047213703173245296,0.21332073726122033,2.6716197347765631e-05,-49755.781570595034,-1009.4347515737765,-92.585346803540801,-2.5141263620787009
-0.15510351847810239,0.12665571096440292,0.20812661868076132,1.1792249792854392e-05,4469.8024577671995,21301.927610607243,10.296644736493379,29.532325257034593
-0.12560205003759223,0.11411386008010584,0.21794969035646874,3.5625432537487739e-05,-30959.656955415088,9105.0720019032869,-48.88548570666822,17.459543420247641
0.11929535620330578,-0.031532475491100928,0.22058169966156174,2.9763210640611303e-05,19351.610284333921,-62748.03511016073,40.780326078439188,-138.21472533734735
-0.10952380952380952,0.029710670757781346,0.22202835788914893,2.7810859946261301e-05,37391.209658880492,-57694.867048407032,79.96765946835346,-129.92061604968868
-0.06232541919561839,-0.010714042136132966,0.22888849424298469,2.5791651865444243e-05,83305.127800727671,-4677.2945941088556,194.13179343551082,-19.517673880749044
-0.12914751505945138,0.034421472728203208,0.21912310696009663,3.594823390308668e-05,-1253.6507382311249,-62120.743503477745,-4.8585590719585561,-134.06173261958665
0.099845048467766415,-0.027896498573344454,0.22346127938805094,2.7595553169547263e-05,52192.22322008929,-48708.017715698508,116.64633704735613,-113.2031719077832
0.13728034077724735,-0.038338550377802476,0.21791905814120599,3.1267122475778492e-05,-18807.300521283894,-55734.280664607359,-43.251011709218787,-115.84388140589452
-0.09055492070645374,0.026030516711560731,0.22483666449360842,3.199916769277542e-05,63177.436809700645,-38577.057684436753,146.19587762552416,-91.244798578606932
-0.081474273900211835,-0.016628558853798728,0.22618103635662451,3.0520882513063731e-05,74021.194740171326,-25079.639556500046,174.42564465362412,-72.330310666095414
-0.096467154412608669,-0.098703576770837437,0.22394704144138172,2.8764668892967959e-05,-24819.547559826671,-36305.965272772853,-48.846554297388465,-70.318357743415433
0.08078058327065113,-0.022343641099624174,0.22628373588716658,3.1511731100391778e-05,72763.169807516984,-26717.168828375947,168.68585938715435,-71.001092005413568
-0.091384006162534864,-0.093221593267035857,0.22471392002584373,2.9873016872901304e-05,-13684.652803972653,-46419.189791397141,-33.768905311906252,-93.871564792934151
0.10034795375479219,-0.089990996115185004,0.22338490486796184,3.2762707807083272e-05,-16015.30619147476,-46047.322243593153,-33.814638597720887,-96.342710464861682
-0.070763450367111319,0.01926474178549183,0.22775816204895491,3.6372525724616757e-05,78724.593099223785,-15833.381994701922,186.67572643567036,-42.206031619530229
-0.030260862365917619,-0.03101546634148929,0.23195822433920452,2.4379240980618769e-05,85438.769860907531,659.37319062198765,203.73443092253137,2.4666308215380668
-0.090547965341567144,-0.019003103292003658,0.22483769422167188,2.6256971718393532e-05,66009.467823937026,-35700.288902715532,150.93339892816243,-87.820092367569657
0.06053855601707156,-0.036774573062473885,0.22910676493101337,2.289088388838301e-05,77547.894564942515,-21141.557336041584,183.54574059085357,-53.726592188812461
-0.10029209476738109,-0.02202556221650126,0.2233950950644569,2.4839267112165141e-05,54637.62986332392,-47553.125804967429,119.22633097136917,-116.51080544304268
-0.066735670707126563,-0.06248379049981307,0.22828266762289423,3.8930387303185381e-05,53903.396090964256,-47943.553993630696,125.91199869075183,-108.2890938652196
-0.062982899532587913,-0.094029987678386148,0.22880764943806201,3.3671053266757606e-05,1865.970577488252,-53664.82989211705,3.3470557074429603,-109.92267724389136
-0.14268379347496837,0.095531552700590994,0.21557314567946731,1.9101756190670935e-05,-39427.673165985027,-2102.6445739943119,-80.464921869234161,-7.2157842488195243
-0.10994840907857131,-0.023666996626250207,0.22196549676189103,3.1716208696894258e-05,39928.204957961811,-56993.896419774217,87.746844994920451,-132.85436425624951
0.061300486227782003,-0.017284336766192485,0.22901369287417192,3.4078623066840473e-05,82790.562757459658,-6709.9884456604223,195.9577886583927,-24.814979029659536
-0.11917355603278457,-0.026934710414907644,0.2205997319367568,2.7077670321062839e-05,22366.027494753715,-62878.399647272527,43.350719595270192,-139.32124340827679
-0.12854431448665998,-0.029639958573561845,0.21921240961607688,2.9568664129166475e-05,3072.9247661838849,-63359.854011697331,1.0602416209596373,-133.57445463159209
0.071202623411535645,-0.041909315885844053,0.2276938067004437,3.6604010990466875e-05,69675.804681243724,-32867.96290117826,158.76358454921598,-78.285110187111144
-0.14732469618779456,-0.087058262238977752,0.21516858265379515,4.0154752530825376e-05,-42168.675823356956,-5775.6660978679947,-86.954741076673315,-12.462077606452166
-0.17619047619047462,0.088753306244950592,0.20763973713241785,2.9124465322804642e-05,-20822.637860491541,28175.18501863514,-44.996410742460291,50.40219747697703
0.17649797045194049,-0.088312665523212305,0.20754735575944361,3.6208991650669731e-05,-20834.640363538787,27823.739580259178,-45.097452044799596,49.277979604249097
0.17683238967411063,-0.073613038504487041,0.20926004696930794,3.0836940578822633e-05,-30970.42089743826,25622.660511998467,-59.928971678130218,42.885256008732547
-0.1772312920726534,0.073916672677451167,0.20912561013823919,3.8183103218060486e-05,-30186.797666048347,26254.61219608218,-59.89922930083948,44.083892921756473
0.04738596476451272,-0.024629499776099576,0.23059317338603585,2.6375863789399228e-05,84333.357575592832,-2277.1791373425726,199.4482482877892,-7.9622596968134918
-0.13763490944111686,-0.032864303886061062,0.21786656494932394,2.3403612161581062e-05,-16094.348229426976,-57175.336763472158,-34.536845891977798,-118.92438013976553
0.16739710992568449,-0.056912896262239838,0.21275836869876952,3.5038200809189182e-05,-47501.653555458332,5560.6187658175504,-89.076208530042635,5.0542512306009204
-0.16554879445720172,0.05870217074763897,0.2130599568843547,3.6597432465775839e-05,-48037.601292986481,3269.6762095139411,-92.733055636473338,2.9819720897246929
-0.1568514531670539,0.048524569693054957,0.2149148534372321,3.1183207584436202e-05,-47950.519491676976,-19790.769668062825,-95.071566194629327,-40.476288907158221
0.15715777487829127,-0.049866186091137805,0.21484792840970615,3.9121020007470744e-05,-47890.580829511098,-18227.862781063472,-94.908255710094693,-42.190722029505451
-0.13796572917626404,0.04354809773827803,0.2178175877395335,3.5561481148408652e-05,-22823.563914242626,-53029.62905402125,-47.976094539997845,-107.98428830228242
0.12882561143532703,-0.039851106692968319,0.21917076415722253,3.1021021684308435e-05,-3880.2406610809267,-61081.957045289579,-8.9215616645266671,-128.33728309065333
-0.0078638276889581547,-0.095286387352850457,0.23281320803779648,3.0154142522458675e-05,18585.337686946717,-52681.964596183228,30.111109458843419,-111.42241319511942
-0.11879827044810687,0.038177560209045419,0.22065529222793442,2.7886404740730769e-05,15742.53938519417,-62430.189666229759,36.746998728552548,-134.49953823481499
0.15812022314054311,0.037812228809988691,0.21482363953412179,2.9510884925277265e-05,-46631.081918384247,-23108.605762771353,-88.143970829733576,-48.178736943816048
-0.15704335158535745,-0.037072010602312473,0.21499101985328062,2.5489746838981062e-05,-45421.304566375133,-25601.219966799868,-86.396030412411861,-55.01380206355541
0.16678009463735208,0.038756627042626383,0.21348970781404697,2.561333714390554e-05,-49534.869372619913,-4104.7068162817095,-89.592491039210415,-11.531825478073733
-0.16657402080909561,-0.039683929530494953,0.21351061944916544,2.3528454909937335e-05,-49589.660111273966,-4228.6457055801093,-89.854094557188461,-11.111148693401951
-0.17560694164216126,-0.041589250371967444,0.21189850319089321,2.6062314175023801e-05,-44664.929192479351,15114.673043459396,-76.593752920956433,25.394766632434091
0.17562191127858404,0.041616267803976495,0.21189519120949343,2.5456396354210444e-05,-44718.434680562095,15219.263176260229,-75.820697982137943,26.994848201613269
-0.18597371951502925,-0.04488688318844522,0.20967209662063457,2.9387338205047858e-05,-28185.283621506216,30752.279381228571,-41.278842801095415,49.090868708511323
0.18611357791081465,0.044485524515589035,0.20967243711074365,3.081456426242277e-05,-27979.471598215212,31054.26953341228,-39.682773214169806,49.81719240995151
0.19523809523809524,0.047514096764050023,0.2073581708617179,2.5219428640922189e-05,-6296.0909115711411,33609.602852998978,-0.36446655901473546,50.321403724624155
-0.19499463094091057,-0.047557439133790375,0.20741069805652271,2.4302514990089471e-05,-6936.3581361259348,33659.77667182716,-2.4806812000159972,49.597696719076559
0.10952380952380955,-0.034695994803375041,0.2220283578891489,2.5926182011976958e-05,34089.738216759783,-58547.710911300339,75.492073781085011,-129.93040083879617
-0.10051392165679962,0.03212433979481525,0.2233622540306674,3.518008297890608e-05,48944.549280704479,-51511.047882257641,105.69635657963539,-124.07740948631594
-0.16670287207526938,0.064688324196752855,0.21245979566140896,3.0417933135956173e-05,-45385.076333089935,8120.5685609492457,-86.397394784057155,8.1815843925746012
0.16705718675451126,-0.06670919735044345,0.21223352309980947,3.1476713268377041e-05,-44141.248793978382,9494.2901150663492,-87.543766405954813,9.1348094264251074
-0.05369674114983642,0.022003854579564067,0.22990192935113399,3.8910526979208479e-05,83756.914796629833,-4733.6875325145447,199.03553358225446,-13.922860498459871
-0.045150420413430273,0.040533765031587968,0.2307889348814578,4.476206202879298e-05,80760.483261575951,-16357.566725995637,194.25273530632737,-37.750399391080272
0.090202828881694799,-0.028434399801501319,0.22488879099434167,3.6281635623694256e-05,62390.221883954138,-39546.546171972994,144.32562069014551,-95.384018363541884
0.0073652516780877107,0.081231944822629423,0.23282197067237392,1.3265893042935477e-05,49512.378246571861,-46068.325361984309,107.22785714897226,-108.69945739213954
-0.034397531874738319,-0.11848543194751572,0.23165436827560759,1.4574319481495842e-05,-32637.966934836091,-16856.406507835345,-35.200920892363293,-13.596120489486163
-0.075342539676453019,0.066310036003121783,0.22708882752368628,3.377058608215853e-05,42870.447124577215,-53418.562019065561,99.672016371682076,-121.83906860466153
-0.08124017583127191,0.024574682652848838,0.22621569411435746,3.0729743901753765e-05,71556.740711637176,-28827.491299694328,168.88249907169401,-76.313929230817564
0.089733705713910761,-0.05726475507991706,0.22495824375475784,2.4944308980866097e-05,40667.043966353973,-54652.640287076458,89.054897573405611,-127.59376633501361
0.17638450071474304,-0.080653120331545758,0.20857182551681291,4.0207775804562353e-05,-26756.844089245329,26795.647663417381,-53.806300542186627,47.325425607495262
-0.17617421676597475,0.081490139707568132,0.20851810335134491,3.7571771001593918e-05,-26361.480053887532,26905.584378551321,-55.499622950305358,46.301623395348642
0.024365267501207356,-0.022118164082459729,0.23226771339970573,2.4798130777437167e-05,86547.323398032677,10708.523547550918,202.75105167627456,22.168150813558572
-0.023748251378686986,0.020841704278713784,0.23230135611412137,2.7189570426556725e-05,86730.468107728811,11756.100158107249,207.75115382667619,24.046395467933891
0.071240524674863193,-0.023572765245482109,0.22768828731495258,2.4647454509362478e-05,77634.771151630994,-18658.320659222678,181.25264508633524,-50.933909352348948
0.13854937675097487,-0.047874590159689943,0.21773117986638293,2.7959650494660244e-05,-26328.10885238654,-50268.934909293399,-53.814364917390336,-103.35486302354987
-0.12853022944201412,0.046156972634634856,0.2192144948791771,3.1876995423079729e-05,-8365.8795207549883,-59880.743023805597,-20.328644188087946,-127.6052224219399
-0.14056446467479805,-0.12283582039783893,0.21319213264253206,2.9830293138282834e-05,-10587.174463496625,22481.592553285231,-9.9425540907322851,33.122150032800491
0.14113150292531607,0.12380952380952381,0.21289524305894908,3.153704057002828e-05,-8332.21828318197,22790.412779271297,-4.3768233373012215,32.233316347354879
-0.10994852819008948,-0.068788294059766927,0.22196547912766551,3.0034972751251295e-05,924.80118449892177,-58101.274749341152,2.9329177484243365,-124.60601124172153
-0.1659976910941684,0.073145712514677302,0.21197129949138513,2.4821928148479506e-05,-42298.981165641795,11692.846827167445,-84.940265201414405,21.156662461479225
0.16642308041750681,-0.074278396545151726,0.21176042220403923,3.8074112151938407e-05,-41194.527504229583,12523.711813230602,-83.229642865911401,20.01025456258493
0.0072235721233155914,0.096728619064493718,0.23281820046429663,1.4701132400348464e-05,15048.49827503509,-52163.954501188608,27.973894595400509,-109.26399995139948
0.11940975585483193,-0.042638337623432734,0.22056476301861855,3.3719506990665935e-05,11330.741842189394,-62405.763149688464,23.028018797069659,-134.54742872766479
-0.044348573149422407,0.014052511914744834,0.2308591508086999,4.0727615381860573e-05,85999.351080233115,5700.9197330409597,207.73543852168896,10.718397785438748
0.043355667048589543,-0.015154523786217313,0.23094609732041571,3.2086006058130462e-05,86372.989473522932,5855.4831754433744,211.59932409592705,5.7950354451602903
0.090761208692158202,-0.077438384153962175,0.22480612396388885,3.2860709716204521e-05,12307.252818734854,-57121.281778837409,24.612455749406749,-128.39363691473565
-0.019916698477803467,-0.12383226742980326,0.2324782646453846,8.7777437408329355e-06,-31902.429812743409,-3637.4971469765169,-22.826467628030045,0.52409763400748655
-0.15496106415264352,0.10916059484166796,0.21093313162764663,2.3664096551676582e-05,-21107.54846155105,22101.236902040844,-39.93686890320614,36.752317086412461
-0.062952078637534215,0.021332229754722959,0.22881194591562037,4.6520558290332274e-05,81270.692517202289,-10984.597584741179,194.07317759603364,-28.326153048921444
0.15712199426139029,-0.057890945647870534,0.21466885235963204,4.496522379195189e-05,-48432.138077097021,-13556.240580992731,-95.839083033423918,-28.358448392324679
-0.15646987424825112,0.059528003527148182,0.21473986660533656,2.3584380816170756e-05,-48224.34445365888,-13691.101341961356,-95.920825644170819,-29.867767165930346
-0.11012875271932321,0.040464187823394122,0.2219387972413091,2.5773042926431695e-05,28968.492285389486,-60194.740125458346,60.417417685981832,-134.07233005678623
0.13816878235294244,0.037414729492004209,0.21778752611691482,2.4770597215153678e-05,-19755.449601091692,-55199.87166685384,-42.154053537670116,-112.90517140300227
0.12857142857142859,0.035127921279048943,0.21920839542926485,2.2019999531802612e-05,-365.83218852390723,-62047.165651042029,1.2054577398677584,-130.55647197706492
0.11952142230049013,0.032340583412636979,0.2205482310214173,2.4860965485366513e-05,18406.422453592524,-62845.403958453906,40.195871592899728,-135.61197888372513
0.10980261288092701,0.029256774561458667,0.22198708160160893,2.3971517998593429e-05,36986.334290488703,-57655.792633682096,82.844431503660516,-127.52467577574745
0.022213855613650774,0.12183984929555701,0.23237387913206317,1.7377124987879821e-05,-32503.814133083011,-8860.395044137349,-29.154226119870668,-4.6676641008436492
0.10062698175521717,0.026890353192155096,0.22334551570592184,2.7441523064951565e-05,51422.873656687654,-49458.766506771703,118.67717928247886,-117.11980505635393
0.099692433435844344,-0.03716587757899243,0.22348387374274473,2.9561723952629751e-05,46736.691343847502,-51929.761228763447,103.89951649596864,-117.78224108975577
0.090540177133003191,0.023800604214600833,0.22483884725060033,2.7382344393651157e-05,64214.904504351114,-37793.737211453023,148.04897159001871,-93.904965343809849
0.081049599427520588,0.021278929384943621,0.22624390857533419,2.5679909400488842e-05,73085.912524761821,-26426.511316720385,167.96591989638151,-71.646117985600682
0.099881855502779823,-0.084576720537368297,0.2234558301790586,3.5526688978336864e-05,-7910.8362119185404,-51423.60379268416,-17.02524844075392,-114.09831583132444
0.16208599225843201,-0.066427804596884119,0.21337133407069633,1.4576686830542883e-05,-46788.031973243262,1021.5910754283148,-91.781921026976619,-0.45704190121414845
0.071687355237181838,0.018392198983048853,0.22762284223401075,2.5355358334779594e-05,78908.955810861793,-16056.53755016542,185.2705566557986,-47.195057975159244
-0.091318593039918364,0.032127885365026074,0.22472360430972727,2.6162090997917302e-05,59784.31658320265,-42840.836932937629,130.18598808152655,-105.22165687921279
-0.11073106324927065,-0.099047619047619051,0.22170217266638959,3.0062210100125968e-05,-32630.489376080859,-27146.925773563959,-60.982949022562366,-54.151798105451448
0.11073106324927068,0.099047619047619051,0.22170217266638959,3.5126938368594764e-05,-32726.528679155294,-26997.173116128004,-63.525095598771976,-53.516227938586972
0.070992972993603035,-0.058804641847946593,0.2277151511942101,3.0075131819588203e-05,55598.837441110445,-46825.832558129317,124.73313016312029,-108.83234207737392
0.11899358943140467,0.076303341277132439,0.22061685206480591,4.2766929550362773e-05,-19844.118199442222,-49661.37793192028,-43.794422757468404,-105.6264712849528
-0.16679593091617059,0.082302078189513794,0.21091703703424655,2.8124105022752736e-05,-35884.740488446521,17499.274660477644,-76.165821540811976,28.314767439805575
0.16688528261283556,-0.082293556580571983,0.21089563788367843,3.3977655451911703e-05,-35823.755620435797,17203.720910752192,-73.809325659661894,28.01536429923954
0.048429306944085794,0.044238031264489282,0.23045381517600452,3.451863475604922e-05,77766.436940919899,-21416.357632841708,181.78176111379187,-43.770525027431667
-0.13786916607400315,0.051716942963098082,0.21783136405757081,3.1337220650675907e-05,-27663.089693499485,-49217.677354082291,-57.584934835072282,-100.55174721132674
0.064553405695765828,0.10797147536592608,0.22861633902027687,8.5974606063329169e-06,-25309.081638728461,-34113.69829111459,-38.988252039402923,-55.866773671245248
0.1239381641913566,0.074870898749737624,0.21987359075039187,1.7201007418751797e-05,-24267.156586554931,-47162.819034900742,-49.016034909690703,-96.583390256405195
0.082087418760691838,-0.02922331807899646,0.22609026146845074,3.8262726154644845e-05,69040.657399461343,-32161.515982311787,158.90416426529185,-80.605890080939304
0.1281850067785813,-0.051112593391906588,0.21926560441411413,2.8044245998058618e-05,-11220.050508071179,-58194.549877105092,-24.721341048258846,-121.44038898283173
0.060220039791790823,0.014659915353598448,0.22914567264172958,3.921323313464329e-05,83101.601501222569,-4731.2935335608099,197.45454215178256,-15.303491115063782
-0.11894720270442299,0.046892459499525946,0.2206332431009109,2.5317827126221744e-05,8229.4854411202487,-62129.892418043608,21.790795950933326,-135.61084297749571
0.099785119075533571,0.12204381396409283,0.22297547547989388,3.2758164512521126e-05,-26955.138630029829,12113.416307592821,-25.304017545065644,17.054413918787329
0.15723716921834424,-0.067115564683478013,0.21426538582290494,3.6746483735883432e-05,-47155.264735054508,-7396.1434281061129,-94.08814132649816,-17.917992141709963
-0.15731472763326246,0.068153520035347415,0.2141992095351026,3.0399773925626742e-05,-47056.287816671313,-6238.9201167597284,-94.276134158910381,-17.101550653474177
-0.056278188004219298,0.046349155510364316,0.22962591911371349,3.8318645073408109e-05,74329.704192727368,-28633.258233268738,174.95396389658697,-68.57743835845136
-0.023290733492065081,0.0083078981540458657,0.23232545112691952,2.7613461159706747e-05,87544.720961904022,17328.776705029359,215.76109736505498,28.95828683524832
0.024788936445631918,-0.0085629979585152109,0.23224654881425374,4.1449156907263064e-05,87003.963541910271,16635.856662943279,210.20009660354066,35.155382469659806
-0.023726663993404062,-0.097043144630520897,0.23230215757253167,3.7817274739487902e-05,10611.689698247761,-53350.134189943172,20.715436585443324,-108.61067313709722
0.19560660199410432,0.057816499992221437,0.20618092065602819,3.0260808290716732e-05,-3117.7571526010242,32520.837712369561,2.0708527604188682,51.248190163486235
-0.19535443042098138,-0.057299548265621385,0.2063090998528824,2.3484206420179131e-05,-3943.7006638053567,32742.152402637126,1.6249299430015212,50.942243577005513
-0.095796802507667603,0.077411392788270708,0.22406061422393339,2.3641504877437776e-05,6936.8869592960755,-57116.965012387955,9.4518085212580925,-128.44302237863707
-0.039241864683576676,0.063908266670623007,0.23128811512879691,2.3951297049403363e-05,66238.09399446912,-38007.699983107821,148.13673412109236,-87.238491038674752
-0.071305363006613387,0.029079374722902302,0.22767879076250663,2.5357889800739232e-05,75782.535338881862,-22686.336756080844,175.98497903109038,-55.502379797789686
-0.18563327978430477,-0.054856425089135748,0.20898494410044119,2.9271512533844106e-05,-26151.040529520498,31724.627430698009,-37.005152218409002,53.382507211485127
0.18624751571018844,0.055613160254719005,0.20875917291087484,2.722423416124053e-05,-24549.516596537465,32107.233391962436,-36.955147585040116,51.272965610565421
0.033809203959868687,-0.032301456805090098,0.2316937823996213,5.3657615355145709e-05,84975.540281000533,-2200.4300122768523,206.92390964566127,-5.5014110475184523
-0.03508805525069339,0.031462536364704259,0.23158200433946982,2.9771006722583543e-05,85003.727511039178,-1337.4619114765119,204.68306511089989,-5.4959559676219527
-0.010204651007124324,-0.034167738453485759,0.23277206731120664,3.6026083339297483e-05,86281.117890075679,4492.1168340835447,204.61999857394721,10.462078122954287
0.13802396690884011,-0.056969240161645542,0.21779011103215479,3.4536568974622729e-05,-30792.938259370909,-45944.312752393707,-66.12895632592992,-92.373984130501384
-0.14808996227173996,-0.063681122868564102,0.21616598577137466,3.1472543748890057e-05,-43956.091425424558,-25867.614330248743,-88.299084560886243,-54.799976963759391
0.17546484803795639,0.052015265265238968,0.2114408655438994,2.7878863210140167e-05,-42507.087169809223,18081.551065178897,-73.681613960302087,27.147353912033136
-0.17593831941558039,-0.051703611275931149,0.21136107114378744,2.8372718540795855e-05,-42189.250466668396,18760.929828125038,-73.063909372816056,29.611278842984888
0.15664848766689146,-0.075883717053650393,0.21387911732800602,3.2366103251190002e-05,-44955.338607973412,-1909.1052271902388,-91.992683477663945,-3.7771698763975952
-0.15741080913893149,0.076080642782012958,0.21369570146913458,3.5623830089850651e-05,-44784.97304569112,-299.5662182739357,-92.202192506848192,-3.5204029755308568
-0.099979056301264704,0.042468466237279755,0.22344143979241168,2.645633560636665e-05,42183.876148903182,-54541.145001695491,94.588120211714283,-122.50977755826055
0.080637541733270007,-0.065470137405445231,0.22630491290486157,2.7612949159971383e-05,39750.420192415935,-54118.604829982934,89.342295824269939,-124.32280459225018
0.16734053280218172,0.048189328047832172,0.21318568064099525,2.6930050072059744e-05,-49181.628399813431,1541.6762112232673,-90.881821611468652,-2.539212537331363
-0.16681451286480398,-0.048452113491851224,0.21327120298469229,2.7937535861259944e-05,-49013.353157697413,376.03579721124117,-89.72593611242803,-6.1298644132215285
-0.097955138108601097,-0.087662934964946052,0.223741076891984,3.1674574184539577e-05,-10465.822373595658,-49800.149965552548,-27.941223235095325,-102.13705142698888
0.095820854229954913,0.11663383302734927,0.22388514173868085,3.2998954508290243e-05,-33057.151164132832,57.584336771803812,-42.38428567190671,2.8604143431955689
-0.19471853688485799,0.12058381652868083,0.19482740074064334,3.2127820426952936e-05,13425.062337429432,7184.3720650498944,27.723163804771048,7.1693250276202685
0.19455830851103234,-0.12118610889899377,0.19473164584358699,3.7588777597783893e-05,13232.893118258542,6853.9229475219681,27.406647351763031,6.6911226457874857
-0.053073753297755752,-0.031222188820002768,0.22997679211899436,2.87657230779345e-05,81784.727505885181,-11386.196811738104,195.64134487054639,-28.184881048093811
0.15678849512528731,0.046790707939285733,0.21499126983109362,3.121687463285996e-05,-47686.521016070314,-20530.413762018004,-94.53286006109083,-45.640898034146282
-0.15755225138207599,-0.046886287033085561,0.21486597450664816,2.5621360971940951e-05,-47907.12807442453,-19399.307687305434,-93.438353307680231,-40.199559141365086
-0.1280189556953604,0.053395855820820862,0.21929018794972222,4.1825659838897443e-05,-13085.527810197207,-57205.94879539845,-24.969673306978535,-123.7858371956823
-0.1379397610839061,0.060851562394322267,0.21778567864439868,2.2241799612124455e-05,-32960.443429646992,-43494.443663837905,-69.05005399712951,-89.552227536674181
0.089557438142811724,-0.038782548565790512,0.22498433982126106,4.1801496225338484e-05,56950.39796656723,-44761.351324930212,130.00629090143323,-105.64830575110763
0.061375244215989229,-0.024675611380286143,0.2290045609620493,3.3990155535168286e-05,81013.288286840019,-11755.504727940172,193.30410460250195,-31.868142315679638
0.11845388540861551,-0.050065278687906056,0.2207062777542978,3.7487106115106938e-05,6644.3892941770364,-61807.243863276737,11.565055206474455,-133.73623946031901
-0.1083233020701526,0.047081210508137232,0.22220609065163538,3.7907311085271205e-05,25845.984449360574,-60688.604389506341,54.38091177195129,-139.64896068752248
-0.066348686679655891,0.051717771752320188,0.22835020176665274,3.167256406225474e-05,65316.747464881315,-38786.090126646908,148.12685529277684,-87.291128447463365
-0.1377012603948648,-0.041651623195234723,0.21785674182138973,3.0159228537494793e-05,-21298.375604879995,-54096.772321910757,-45.366134302623372,-111.8019233558492
-0.15759178714668318,0.08273345326193747,0.21312087895892143,3.2951798497174452e-05,-41732.98201114744,5134.9042323534941,-86.716624247068296,6.382796366778452
0.15673522320433916,-0.082024097013424321,0.21338474088395259,3.0565705337394261e-05,-42255.306913506203,3046.9397395396145,-88.820093268003149,3.8011763698810141
-0.080186088061140054,0.035973098897197721,0.22637174973127017,2.8072499698176763e-05,67138.42331743754,-35349.616668807459,156.46413680581105,-88.956865524589986
-0.12808082762533921,-0.041117000923711969,0.21928102793242951,3.3374342503705582e-05,-3599.5900643004825,-61211.546041699075,-8.752766156292596,-130.34440972049663
-0.090189451308520172,-0.10803126410688897,0.22488000837548872,2.5527878960148624e-05,-31375.280051397411,-22124.65357618967,-53.093476895166177,-39.838734354029867
-0.06273470139275393,-0.055714285714285716,0.22882031834516087,3.5106270958544595e-05,64036.805122754638,-40290.639595330613,142.36062341098597,-92.009004199141486
0.058410060728616708,-0.096218308770691971,0.2293667670042861,3.6287019431422081e-05,-659.59799692984916,-53142.754487063452,-3.5938026545673449,-102.36593106197152
-0.036050745286555282,-0.080177889263363306,0.23154804025612738,9.7131363438223763e-06,43680.559024073984,-50997.928103391154,92.225265196634211,-105.82575307970161
-0.10510467922032458,0.090922616995722988,0.22266070454219491,3.7551788153567787e-05,-21484.024413911324,-42769.076159859724,-46.522674376251452,-89.895891935278243
-0.10964169465054555,-0.034015515801705733,0.22201090522847025,3.2326327323718248e-05,34117.854615960619,-58506.881147149878,77.371589097462518,-132.26898932638966
0.12818953651267875,-0.056712663033124486,0.21926493379590845,3.435916334879387e-05,-15854.999514659574,-55931.097078638995,-37.096591451225535,-117.29258919993111
0.14728111181902581,-0.0068319161732613119,0.21643846369855119,2.7521406861413775e-05,-24592.963281608801,-51631.860842154369,-50.857072139052839,-108.42725703653994
-0.11538945980532041,-0.12376726724100048,0.21958980591137819,3.849495055921805e-05,-20214.001228568068,18076.014821197947,-19.017432290536846,24.447812820963556
0.14786452255189145,-0.017444755202087481,0.21635209088936899,2.8638433810838586e-05,-28131.973416078607,-49427.910788632522,-63.733536627468922,-100.6038173203374
0.10039510243089726,-0.045243683154450737,0.2233798449828866,2.3267828409561647e-05,39201.66894039225,-55498.697643081337,89.701020875623527,-125.27095979721138
-0.13663288329684933,0.11709165406590495,0.21495618578161826,3.9481229483350796e-05,-22425.12689444028,18358.006598190739,-31.164104010987781,32.150339061303072
0.13607837377860446,0.11644141213666259,0.2151783282750849,3.6417673650617677e-05,-23638.582760070145,17459.385700994488,-34.011082830541078,30.817882237549853
-0.13743733087686719,-0.1173988940191646,0.21471391632837758,3.6509820702097745e-05,-21516.349837495232,18752.176916411361,-31.330181086558149,31.969085112429561
-0.099999999999999992,-0.031873719591813759,0.22343833911909095,3.0620800365103052e-05,49557.2443986199,-50494.54102087098,111.60532211454942,-115.81915600187713
0.071417092053939521,-0.032695255892949047,0.22766242635692999,3.2438743534994571e-05,74597.834154781376,-25590.890557820239,172.05612332477102,-69.577806432000841
-0.12854379960281467,-0.073031729649333951,0.21918043097920034,1.9239226420551755e-05,-28078.036942186678,-44725.411449317566,-56.83937037462546,-89.082885286422197
0.051945170892142477,-0.0038541141465185157,0.23009526124696852,2.4637217703655712e-05,86261.92797114524,4960.032965727758,204.29300345735675,-5.1189857785151158
0.086817832692779318,0.10117490778699675,0.22538993300877028,2.0707374734878406e-05,-22982.260542576274,-37042.701727744156,-46.196810628714296,-68.061461326370392
-0.08709535270545754,-0.10229714014627155,0.22534884671784525,3.1248242228670657e-05,-24710.806809549002,-35034.114609946373,-48.965608640530057,-65.697507684249743
0.083414804261641953,0.051767036318672258,0.22589374466112086,3.1195320934612465e-05,52471.757976898152,-48306.722917000719,119.20702230722348,-110.86798139320021
-0.15640031714246383,0.093889507824753846,0.21239729024400578,2.9235135434634469e-05,-35376.395951626466,12337.653969501569,-70.533698492546108,24.04427037170559
0.14632735924133264,0.0058152889223910039,0.21657966488796959,3.0215237052858823e-05,-22919.254581370413,-53312.571612587679,-53.760297973150784,-106.82712382128224
-0.090776963171282865,-0.030183418721073295,0.22480379154430422,3.4689011741775642e-05,60996.358324485576,-41211.81112864428,140.61026577592449,-100.08246795728957
-0.12903717727846348,0.063149234737696944,0.21913764019518461,2.7150694767974437e-05,-21886.513443784272,-51862.537939876165,-46.456147982738948,-104.66712025615588
-0.12035471919245401,0.055793044909520965,0.22042486305887032,3.8308483444782904e-05,-1972.3920484020639,-60275.528977636473,-5.345604093471847,-128.02372681894332
0.10885280573551898,-0.052451055198512675,0.22212769867755341,2.8890529429616469e-05,20093.015819440709,-60607.811987367299,45.919392825434485,-136.07217805355165
-0.090385581467070375,0.043096402581029696,0.22486173483425587,3.2034938360152234e-05,53155.808500880892,-48150.256510385603,120.70870622595343,-114.66271255652677
0.14861815408498388,-0.028558146640289005,0.21624051722619397,2.270133100524927e-05,-32884.367072796522,-44884.953559211252,-67.172231935016995,-91.327244446385379
-0.081062004428601508,-0.025997639954698473,0.22624207203937263,2.0949341844449434e-05,70908.473116549198,-29106.202001611124,166.63011443935304,-68.744347597845405
0.081610755198516197,-0.037074884334024748,0.22616083056939557,4.0328334896020086e-05,65299.710647447027,-37044.272841763493,149.54419005905021,-89.298769760099759
-0.062239560226409481,0.027582438211148703,0.22889898217317858,2.8349524095778016e-05,80411.839478534777,-14768.923035129601,187.02793375733245,-41.099785947467794
-0.19495165203858678,-0.06774912708648903,0.20511176705043538,2.5757102066263763e-05,-1908.1494964018082,31086.016848311705,1.5214160602932554,52.373671875097905
0.19455186285684181,0.067907264627774605,0.20520584851877149,3.0235977022259989e-05,-2469.8247801471502,31600.63446205985,3.0111584347399281,52.51346310238133
-0.099689388539644125,0.049428711992193161,0.22348432453362613,3.0585204715491994e-05,36315.555880137275,-56949.993141361199,80.964968468372476,-131.40245387954872
0.09949067535274124,0.060674399960951544,0.22351374362931201,3.7797176128772927e-05,24895.050086073981,-58933.318262374247,51.551715181687882,-131.88541523311261
-0.13797347702117213,0.070204447584017324,0.21768477152218008,2.7458220548418792e-05,-37420.979298194427,-36183.435025325416,-81.078413456275783,-73.218383369820998
0.11840791620722214,-0.057887378802328159,0.22071308340396539,3.3663773892743203e-05,-680.60351117807363,-60256.297052131617,-4.4220794037649052,-130.63727440694694
-0.071539587262367907,-0.023176427407779397,0.2276444850845403,2.5385994932926256e-05,77931.966125915569,-18503.701035676331,180.19181382145311,-52.395029188490788
-0.10567360468370877,0.084187640214254469,0.2225982802028848,3.3169582363541553e-05,-13343.830619429114,-49940.075245140732,-32.096565121058518,-105.66491035874535
0.13778055254426652,0.047485095461894451,0.2178450027749442,2.2554640640177851e-05,-25240.792900474047,-51611.629720596473,-55.870807191051696,-106.35988742336038
-0.033695576741973085,0.015926489292240123,0.23170267739756778,3.5778105493082757e-05,86775.364974291049,10154.783770470405,213.44293955981433,19.693570092917938
0.033255212719249284,-0.015139090222666912,0.2317322977977955,3.3989202437961925e-05,86616.229230358294,10624.363965691849,209.94888593658217,23.492001148606988
-0.18561635775411178,-0.064038564035201348,0.20808052719697098,2.7576757872484196e-05,-22384.019238277251,31864.27519853392,-36.629809787798791,53.043356986912599
0.1855810459915104,0.064024742597190612,0.20809064534790467,2.6274615739895726e-05,-22347.461313892123,31885.168619817352,-37.561653900537017,52.842313260581136
-0.041195119234443647,-0.09595871871785068,0.23113529154097456,3.1740352517380945e-05,7455.9232116478242,-54564.683351963642,14.886423281733965,-106.22128365595101
0.14680608465426981,0.0157221663906012,0.21650879053408315,2.638125578524159e-05,-25843.344686259694,-51216.439196394698,-58.37643613449719,-104.98654769274587
-0.10914857468449718,0.057450023042078628,0.22208391066757521,3.4497021580077073e-05,14546.551341294109,-60933.344486807335,30.113838161250474,-133.75368229375397
0.090786695487252683,-0.045496867197648588,0.22480235069410587,3.815814866492327e-05,50748.073267301479,-49755.222153742652,115.21260649954087,-119.165694781802
0.12907338404368676,0.044703719402980867,0.21913408191087899,2.9566124700626521e-05,-8280.3677299236988,-60013.248216200576,-22.122855204882125,-126.21213821299592
0.17715742749004362,0.062702810902087985,0.21028849782175302,2.6588383312886318e-05,-36580.349526103855,23837.55643333813,-64.385245531906136,39.967702586168649
-0.17636987038240826,-0.062306845657369006,0.21051722063776437,3.241355147594579e-05,-37730.408843869627,22473.553371349069,-66.856937981692354,36.430982408526368
-0.13835443570690292,0.075598191058886224,0.21755849318018322,2.8150982948535029e-05,-39318.492333117349,-30650.548081441175,-79.559155214723475,-60.917720054958295
-0.11970467095251604,0.061708185565302227,0.22052110141964162,2.8489095121821384e-05,-6459.0681769417733,-58345.126980317189,-14.580194945786957,-123.6570004896179
0.052686074163445819,0.0058302927315296077,0.23001348306339758,2.7261028812598614e-05,85673.208876829143,3587.2526687639856,207.11734068147359,-1.3914606547017545
-0.086090865230474503,0.072898678377862763,0.22549755910881625,4.3223251591167905e-05,24003.932337321345,-57546.03892971154,48.970097701719581,-129.47534893537571
0.1005309812340813,-0.053781244861395669,0.22335972839387278,2.7804227108109879e-05,31088.06183502157,-58195.221316329924,68.763763851713989,-133.36152618454184
0.16671625139845236,-0.088760234243733374,0.2102848547730512,3.1032321460896954e-05,-31159.053039692648,20143.67769754666,-64.080780668226154,33.986053856329313
-0.1669190077781755,0.088658907695971165,0.2102428434008132,3.2284768297809953e-05,-31125.858870947253,20657.561636408147,-64.622386648806085,35.410180579096242
-0.053938209823425329,-0.039883896669046903,0.22990067240939555,2.366960902226119e-05,78445.468232054161,-20147.603605236167,182.28510167274675,-44.822406168544497
-0.16647837329381671,-0.058374279156081406,0.21293076809583392,2.3799736155865264e-05,-47802.104832227647,4516.3911328772429,-88.405226020367238,8.3153168125992316
0.16694078334730186,0.05953388403969162,0.21277633078318448,3.8777571714000717e-05,-47174.165521210503,6284.4295598602775,-88.673986033198389,8.3050850364889701
-0.062581242474134796,-0.021375270840063243,0.22885724466345003,3.0909204996933326e-05,81537.325772119439,-10364.574472574102,192.19326597412353,-28.056372114195362
-0.093827170128516726,-0.081078755795098836,0.22435221441580472,3.9187438569229682e-05,3570.6893486808676,-55417.729520772249,5.0728888780459664,-122.47200170149934
-0.081060211798641077,0.04404729158900722,0.22624233743470523,2.5690847202720839e-05,61005.384236937425,-41644.885119144339,141.43733831796757,-96.92973891804283
0.14808074872434179,-0.038070191012273956,0.21632007903068839,2.215265778870815e-05,-35692.180021491695,-41703.288214921107,-70.087909035245417,-84.897297147227476
-0.12905180614178427,0.067525228683107369,0.21913546937799547,2.6034083527595412e-05,-25074.601703834294,-48739.654014512751,-51.886015764255298,-96.882102700461431
0.19509413835193837,0.1153131738854259,0.19597887899812275,2.3125186395972279e-05,12994.527801180875,11175.472631995302,30.046256709557163,15.334015994415626
-0.052764357172709449,0.028461199605694137,0.23000287921087884,3.1990440362994188e-05,82968.292902207133,-8923.9607994378584,195.95114293397998,-26.40209229788136
0.10985122126801102,0.03941045428618635,0.22197988522570131,2.8783215895809269e-05,29996.805148745905,-59802.240048185136,65.157384555770108,-132.37002688020334
0.15577316617296955,0.05609114461623893,0.21502112201351287,2.8698286503231643e-05,-48004.289360436516,-17416.968417837168,-92.932218709798917,-33.800190080154209
-0.15725518771582347,-0.055641233472370946,0.21477792986927027,3.2465587548482504e-05,-48564.831445476957,-14880.275197223065,-94.692135676878124,-28.159480693451268
0.10821506637816046,0.092493691731467834,0.22218881521561676,3.3866014410332923e-05,-25611.899985975779,-38814.147476697552,-52.153496709321168,-76.913246756583945
-0.13876044732630963,0.080213314459311735,0.21730869549685794,2.040618755770719e-05,-40677.189047043874,-25410.537288485069,-84.119349739362747,-49.036945487477411
0.1475736537784651,0.026570728222957741,0.2163951534380143,2.2512943338262692e-05,-30341.753357284655,-47072.733463651064,-60.906678803128038,-96.252203458620997
-0.13167497362230129,-0.11142857142857143,0.21677549851037123,3.2214174841872514e-05,-31903.537119674893,8854.5901980965446,-53.465160228517199,16.800554873772626
0.13161212344182782,0.11148782735927262,0.21678530945207219,3.2822807897709627e-05,-31646.372238075754,8899.8359952480441,-54.127063961982223,18.101306292835336
0.10053831703283392,0.038651272016485237,0.22335864234332525,3.2379438294143441e-05,44414.639577335045,-53690.77535864331,96.678972224442376,-123.23822895501544
0.02400699378968707,-0.035052568329748075,0.2322877295393212,3.5430415967869441e-05,85430.701958996753,-145.53643359522857,202.80327075575224,-0.62711980158383462
0.14641815756386478,-0.11330540401635458,0.21279547392363848,3.4850369957242277e-05,-21806.899549954152,19952.251739292915,-36.466784272081036,35.029550488763206
-0.14668638586929306,0.1165559739648331,0.21229803399554834,2.5185640434873635e-05,-17060.808427770698,22050.431307266786,-27.575940403878693,36.986365073523288
0.090807930336616854,-0.071994947802411849,0.22479920691650834,2.845747997901429e-05,20476.055738736544,-58262.531622409697,36.944298334851723,-134.47419444473738
-0.15736302947114644,-0.13,0.20679704271645735,1.2022437321976339e-05,10107.534260584074,17184.005298205222,20.401882187818583,23.868174783587868
-0.15730790698230851,0.13,0.20681585298143956,1.6329783744460721e-05,10035.342311219516,17214.321910257178,19.228673002147865,23.204771321762511
0.15762041127585505,-0.12963754821743256,0.20676918397689864,1.7226266148897471e-05,9626.1853736627891,17526.481659978985,19.179722823251819,24.644454766304278
0.15730790698230851,0.13,0.20681585298143956,1.2535554560880767e-05,9986.9199712148475,17285.686031911981,20.758191859637151,22.508624501557865
-0.13834797164255702,-0.053277239254738193,0.21775856909128208,3.0957090978027326e-05,-29199.174925769912,-47782.905677155817,-60.730527051039957,-96.070608103213033
-0.17646580569628173,0.097002648518580564,0.20630503154397745,2.8919373913329765e-05,-13515.893683806671,28817.513161525127,-30.743321214973331,50.902733917919363
0.17666701570353965,-0.095335981620227814,0.20651970625177829,3.1296711292504564e-05,-14816.370991055255,28377.572645402237,-34.932976677069391,48.605077908510935
0.050657703898596675,-0.039385838486200107,0.2302318851563005,2.4965505340588635e-05,79316.698856015297,-17021.913481033418,182.25728114984395,-35.908282836673997
-0.080070995053374075,-0.050128463640543942,0.2263887890242382,3.0066879343738948e-05,57165.665540766764,-45183.108432769142,129.46226140637577,-104.56273026251881
0.01000623271035592,-0.070175079129408402,0.2327742001339696,2.0530604575652163e-05,66274.097866302938,-34942.899719885711,145.79693542668139,-82.658555035141632
-0.061329951905908529,0.036736518976100606,0.22901009355335367,2.6320992404692212e-05,77300.284351281094,-21549.453039892767,175.23948766140788,-50.168919728430069
0.090320944867510564,0.034807032249813949,0.22487130415543125,3.1328696700796469e-05,59094.426398843963,-43205.127900792017,131.73335809147255,-105.09623916765898
0.13727630139059985,0.087805145414047311,0.21721600005254252,2.7274254372308688e-05,-40707.234497075529,-18480.402060503664,-84.178173084309805,-36.847409268675115
-0.043166329418441438,0.021077910020162519,0.23096267718276534,2.8007720909787288e-05,85694.65117790646,3243.4392742678147,196.62044137291826,1.9309582545905726
0.043183881863659318,-0.022164752539990222,0.23096114015536415,2.7669857524377684e-05,85071.846262127219,2181.8227615545279,200.83292551485931,6.8224535444649659
-0.07080827787828009,0.04382741311213062,0.22774802314950687,2.7651145080422434e-05,68803.152643629874,-34670.290344140296,158.50288105479135,-82.980356019200244
0.051922887515932853,-0.015937198146426437,0.23009772080424248,2.3782718865705251e-05,85126.998302965847,832.89111099728518,201.20870659132908,-6.4822163196233218
0.078851976286464662,-0.053146012515265226,0.22656926235016858,2.9598365713751082e-05,55412.189424578552,-46476.801344980886,126.34926482837238,-108.1540004306414
-0.1169345177652783,0.10325581784469698,0.22046930481340302,4.3502884721782005e-05,-36804.615267820081,-15172.957574926228,-66.94578421017944,-27.11069820136597
0.11630310906034333,-0.10103636274502002,0.22066452467433054,3.8011086208926309e-05,-35848.670051185647,-19548.859463407382,-68.327225591540881,-37.476842634248563
-0.17436707940652094,-0.11790933395618405,0.20324600524981021,4.1590805712845251e-05,4613.1719276250315,23678.316503502771,8.2421291470011901,37.159646924823321
-0.12901108451220056,-0.049911134673660415,0.21914330523373213,3.1546620808253728e-05,-11885.164798098998,-58310.770939428905,-29.464817843719953,-121.13613062069938
0.068778517190044422,-0.046550910889317454,0.22804570075731864,2.5732550043148029e-05,67903.255128459263,-35626.541445864175,155.9854308355842,-83.489174160380273
-0.056663910605486707,-0.096079888370106614,0.22957936306294768,3.3884809931917089e-05,773.27075651396297,-53439.993973935765,-1.1340142892385718,-103.76353786340989
0.14813641346908873,0.037275317555895575,0.21631183797493583,2.6155829470312815e-05,-35625.439143432392,-41711.919108971982,-67.869554680070124,-89.582836527952452
0.059188587162574725,-0.040304110510972678,0.2292716676690775,1.6492430379660059e-05,76402.940735445998,-23143.187594689083,170.76943137909285,-52.678391809630412
0.10089134521550872,-0.070382879931659259,0.22330637721664801,2.9970782263637821e-05,10913.634377797496,-58734.314333632195,18.914606750640246,-130.4716703077024
0.14761904761904765,-0.048450672352389743,0.21638843296938076,2.1578204658879032e-05,-39234.963634068568,-36876.234188879658,-76.679615808443387,-76.863388363289445
0.080912418414612997,0.032361795270180974,0.22626421795393112,3.4017414508791165e-05,68514.326347368857,-33267.583547712929,159.68072758369576,-83.261752490847414
-0.18605875137755079,-0.074887772188790128,0.20666454312901311,3.0365171747368234e-05,-16186.604343599947,31900.682984995256,-25.720419434229438,53.587739535513293
0.1870747042932725,0.074667482385400774,0.20640307939466579,3.1794617824574867e-05,-14323.55027623042,32226.885962550212,-22.534280146064404,54.556104870130035
0.075522619865978469,-0.096197722773235544,0.2270621670065392,2.9775407499060214e-05,-8965.6150539976807,-48411.903838888487,-17.869461671861227,-99.109520504817496
-0.18647773164024564,0.10181329442576474,0.20217348844881347,2.6913450349467934e-05,1446.2464540493158,26540.729837395145,1.767654800639993,44.421624629583377
0.18560539404481613,-0.10267062859635523,0.20230508688154028,2.7053929229713988e-05,882.93696001141836,26527.460337684828,0.63765028651757405,44.940245443067489
-0.11984367754148686,-0.049099703067348448,0.22050052176810647,2.7330051672930845e-05,5030.3606040688246,-61927.838953102982,9.425627904934748,-131.1077911290208
-0.18460331321375384,0.12370465609048824,0.19815174905689242,3.3672735835019251e-05,13284.726343025672,12544.363456189269,23.896834271295369,14.907041473657642
0.18361370797270515,-0.12377166969894252,0.19852211028067779,2.0951621214257115e-05,12871.889523220643,13309.402697006801,22.709021315130343,14.929810327542173
-0.14762135837329229,-0.070005567049985881,0.2160396568654028,3.194908951937595e-05,-44324.435470524368,-21700.641167171623,-90.743459715135373,-44.778270707943776
-0.11806413303350891,0.077097995664352811,0.22075748732573919,3.2987608515319359e-05,-19304.355927558208,-49869.341783641808,-45.169885740876289,-102.83811152859853
-0.11028148891359753,0.070109295299311383,0.22191618494876783,2.3169365501136133e-05,-1290.0215274438069,-57701.100024480227,-2.3727060284670176,-124.54496211471458
-0.031902092053933483,0.027508501954868949,0.23182953758907127,2.5457977226898415e-05,85708.583799798609,3909.1003181228034,200.51015355078826,7.6227117679007916
-0.11931569262048546,-0.06916273477672702,0.22057868889507842,3.0308624815663399e-05,-12860.482350213417,-54517.798167353285,-25.64514915465778,-114.7448652690841
0.041365733514789574,0.035048939745638281,0.23112035123945707,2.178221891700194e-05,83124.806248899316,-8302.599272984211,198.50941800811464,-19.029922461101137
-0.1761167151625648,-0.071601044894342991,0.20971026314633251,2.82972367891423e-05,-33227.078995983262,24369.889715477315,-60.37215958969756,39.386268381838867
0.17676648572187303,0.071097489407446271,0.20959810278972693,2.3141898475843076e-05,-32598.817793443242,25133.729588927865,-61.118547060196391,40.754074823869509
0.073320047685676876,0.079628172440427317,0.22738786233418556,3.454295507848209e-05,23934.21644749822,-56816.386014629337,49.556088305181945,-123.14994087467809
0.050329796330615482,-0.043732330443370479,0.23024759334924744,1.5765528084280232e-05,77534.039587904263,-21702.544736042331,183.51871878739101,-49.782027322179282
-0.11634352471557641,0.090963318518954006,0.22092828229270542,2.4739100875022035e-05,-30437.754935352059,-35627.847923062538,-62.169462217538843,-69.366604609259753
-0.10955285619005979,-0.045068759242985167,0.22202405758745733,2.601369720999983e-05,26198.363476975454,-60617.848482019806,50.39409753327007,-135.02499023889754
0.042643605483598253,-0.026918351244602762,0.2310084509197651,2.0767924258719685e-05,84615.718746510625,-992.15166454783071,193.64763130734866,-4.018115419756624
-0.090454707160971093,0.048883949568855431,0.22485150091151065,2.9001017884116292e-05,48462.764778508215,-51285.956157624678,105.12334640507665,-120.84217838026566
-0.19388449622068468,0.12999217413502351,0.19269817029114431,8.4672004039792123e-06,11635.340021378721,-1358.9801616070838,21.544801599753416,-10.171057730432599
-0.19542515009333766,-0.1137278946322105,0.19625398234441341,3.6356956568146994e-05,12878.259684876657,11959.606669583387,30.414205788347456,17.428824334111226
0.07140171237718089,0.027879938208729783,0.2276646789427538,3.2360285000033564e-05,76734.853764112195,-21837.940164532618,176.10560810608072,-64.387059968630041
-0.057838901984968979,-0.048998924583965521,0.2294365357551599,3.0963678089859607e-05,72021.26539289995,-31804.680774173241,168.78757392619067,-76.716098113728918
-0.0046801314163528061,0.0024521625164843712,0.23286916252905601,2.887776177925168e-05,86918.031903007068,22029.514247069081,211.53305928902668,45.656109850119563
0.0062036246424393834,-0.00090382771455811218,0.23284238664307197,3.3851776053497287e-05,87124.296611082755,22074.221477776868,208.60355458388466,43.207085959707165
0.14751181627786653,0.048567774946909031,0.21638946469988268,3.603139658383664e-05,-39635.878719993649,-37110.985142145117,-81.23004831965379,-75.024459691984717
-0.16652210236780188,-0.067894443742343949,0.21232819581094353,3.5333747926621104e-05,-44350.409179376067,9424.8038551198842,-84.504557975523852,15.375861970835151
0.1670231886411796,0.068055868337763156,0.21220433640809949,4.0430742680025705e-05,-44070.435575495139,10740.529971280883,-86.041630783514677,16.748992999593515
-0.043132921216221115,-0.017231829079612435,0.2309656026624691,3.3138463132084658e-05,85995.537942431285,4575.2380992323951,208.39358244135087,6.3722322700949832
0.042773460896315216,0.016754602456803082,0.23099707977887504,3.002175340656775e-05,85984.789413484512,5583.3669408350879,204.52533650938241,8.7159444911669848
-0.19527544349280346,0.10794232625162942,0.19768853458322014,2.7987546690468863e-05,11933.465323331528,16036.301165209767,29.760683696521667,24.266864489557506
0.19553740675354478,-0.10828309149819974,0.19751615355909269,2.8907182824655981e-05,11878.027788437452,15326.378236600005,27.314023241513915,24.236725129089312
-0.089206136597218183,-0.075018884855002563,0.22503634932272137,3.0443782252063909e-05,17650.367130967668,-57734.868896366534,33.21302845398673,-129.98377462190581
0.073480332902654849,0.061261901080904284,0.22736452356640557,2.9173611878472874e-05,50626.149140297981,-49878.282589721435,115.09865443574107,-113.48727268848275
0.11102680815774467,-0.090712777074828735,0.22176111006008717,3.3685910662360354e-05,-25913.09042693099,-39466.700013466361,-52.377187285399984,-79.867060857391124
0.10398263907995461,0.086682559446292787,0.22284871725251212,3.673057349076659e-05,-15108.289049296554,-48151.426881651721,-34.638112027324965,-101.10028492883718
0.13754991768099034,0.057071255092856744,0.21787914781190415,3.7468016075536072e-05,-30331.003132589398,-46479.583045705833,-63.376540053722998,-94.154344446554433
0.053415145788333653,0.016816021287265854,0.22993301081352949,3.5473153419023786e-05,84635.787033162153,-1031.9409612566819,201.66863817664952,-9.4399325252928481
-0.06551000104487463,0.056850661606804131,0.22845100950619851,2.7098492188578756e-05,60882.0186041368,-43312.314215778737,142.36325921107277,-101.02878168295628
-0.11240099605574794,-0.11842172444923324,0.22061555321299789,3.6606024728003534e-05,-29374.310297130611,9943.7808907396902,-36.987285354962495,16.707216648180268
0.11270166722094989,0.11849304745012691,0.22054643570196134,4.3820541318380607e-05,-29144.897608722327,10358.46868807061,-37.583600589440735,17.803620085735567
-0.048835070708216792,0.03112273755782043,0.23043481758831144,2.5343497185661979e-05,82737.948698806649,-8747.5802048860587,193.95540893637107,-16.110114023630207
-0.099897687075590588,-0.040627421865627213,0.2234534863459057,2.7352278196282656e-05,43902.155175226064,-53901.899104000266,95.814509287920956,-125.6406603119773
-0.15718326196363838,-0.066116027540736214,0.21438497464821027,3.1966691822799499e-05,-47324.162634085485,-7987.9057037799075,-93.03552210454373,-20.201757334731273
0.15718143731150216,0.066081921956445189,0.21438744344410882,3.4646983300362893e-05,-47513.593149794666,-7738.5642874492532,-94.322815429384406,-18.634824231534751
0.12864949371486781,0.054848386074960342,0.21919683803863382,3.3482942598063068e-05,-15069.037233412388,-56312.619200418056,-29.956093465500366,-119.14942224498495
-0.12685255153073799,-0.10532588208938845,0.21837566233213115,3.7209544682204033e-05,-37237.217447023671,-4011.0064552016102,-67.094803418873937,-4.3922897894156048
0.12784018526245983,0.10586617061719171,0.21812264455779842,3.7172178668371767e-05,-36780.466456900489,-2405.1369886750813,-67.224587587305507,-2.4948934842116888
0.047070638679135704,-0.0016384875337021728,0.23062078576867057,2.3493942524705009e-05,86256.931713931786,8052.0946437018583,203.53188094335522,11.731958549679941
-0.047259614257509464,0.0020464209115197808,0.23060423761036508,2.1920252648196635e-05,86367.044340576234,7285.422227316094,206.59239648938416,8.2821475645753839
-0.07534015847928005,0.05920471138560772,0.22708918005523476,3.0248616803990027e-05,51969.491502904151,-49089.41151589503,114.69998824680725,-111.08261592655514
0.14892810828551045,0.055786639721511148,0.21612888946732464,3.5575188207111982e-05,-43099.836087333984,-30114.525470430541,-85.517672114530015,-62.419825587695428
-0.14156373693408073,-0.0013853306904175926,0.21728490978214421,2.6635562782991956e-05,-13911.811536809102,-58773.425758204416,-33.899084157168986,-123.68378775870285
-0.157339951825406,0.1197043082329142,0.2086299197248222,3.0143245797226762e-05,-4642.6760684082301,25042.410053051157,-4.4346400442078924,37.382186531401103
-0.13538219908623531,0.00057570176988216027,0.21820007427759622,4.229752514581345e-05,-1656.1712569966755,-63319.425946011906,-8.8468945291636807,-133.35400646332909
-0.19577982613222131,-0.08529268077998188,0.20210113686265646,2.9593585006533317e-05,5566.2286043224503,25592.130569385208,14.968462015906626,44.641712240087067
0.19517499545011496,0.085693707405619962,0.2022271505792094,3.0617989526744854e-05,4901.76318031338,26261.014503441373,14.66727973490311,45.411413349375664
0.062985444986196626,0.025328963659077341,0.22880787011621559,3.0292668140240868e-05,80598.224107887756,-13416.994634806642,190.2162280670143,-37.633925105959726
0.14255513473181558,-0.0032460722082308926,0.21713813529209194,2.9366059665771465e-05,-15956.578896916177,-57700.03310647569,-38.531050598602526,-121.96768587271606
0.12449989613105431,0.00054915532501757162,0.2198111777826578,2.1177299230868471e-05,20480.420806291913,-63968.650674720688,41.124209374137621,-133.48001612411744
0.18482368013122302,0.11747818383559633,0.19946991827675661,3.6616948069159166e-05,10179.54991728924,18605.682181398715,18.87364008670578,27.265363110400994
0.13240115656237256,0.0039326620701238737,0.2186414117480483,2.3851170943377274e-05,4523.3544009795705,-64176.69869312126,4.7544500992448953,-133.48097901936671
-0.10831574510617502,-0.11241963318833127,0.22175487057778775,3.7331824122632135e-05,-34805.708978616887,-3112.6969595768642,-53.914238096154634,-3.0315871884390817
0.14211190617136574,0.0072316480439388953,0.21720375440692685,1.6469920328441217e-05,-14955.841892468581,-57822.973898675758,-31.006710104842131,-117.05295042252743
-0.15201687305849448,-0.12307001402190505,0.20975093708440085,3.6349062672415415e-05,-3141.2048168453794,23734.940137960533,-0.3611636661848544,34.768753729389985
0.1523164670663929,0.12380952380952288,0.2095369205111674,2.6977833057192052e-05,-1782.9021694706764,23463.470927906343,1.5203092354351047,33.185720819387711
0.11403403676705737,-0.00049584612584216317,0.22136062763479486,2.2411364281792651e-05,39081.7928397914,-58231.604746017045,85.564541614916877,-132.37803789301421
-0.090362755214357465,-0.037422578182498382,0.22486511421598276,2.7530370588754863e-05,57119.680604250891,-44603.225260810417,134.7564799773028,-104.34688217502919
0.19521198853849828,0.10980725933352924,0.19724923326799795,2.9862654020579698e-05,12171.653496954585,14936.578780442402,29.755881240836647,22.251088165620583
-0.1238095238095238,0.0041745860692604664,0.21991338604423588,2.6450685301283913e-05,21655.65903644311,-64034.018053425571,38.05704194316332,-137.40598391840467
0.13357559240845712,-0.0071558751576625721,0.21846753883567951,2.8801722769352117e-05,1502.7021874298084,-63847.728645551659,-1.5433052386513297,-136.55784948368762
0.11938418092871846,0.050613903029934806,0.22056854933602513,3.2806295504549464e-05,4404.9738085461813,-62001.903794759826,4.4728750966129747,-133.5680025970328
-0.19977968776078164,-0.0055178019420453212,0.20852628213164676,1.5689925367216967e-05,3798.2229607337149,29139.69801796984,14.958572103334768,34.766373635996985
-0.20000000000000001,0.0054419846893020395,0.20856811126310462,1.2983764013076766e-05,4353.1747530326656,28574.796995601668,9.182881256180492,33.103375048378929
0.19961888245941001,-0.0058734370527992914,0.20862068508790876,1.2910310282036199e-05,3252.7128646662304,29050.306081308932,9.9022408822357093,35.662968958230515
0.20000000000000001,0.0061603636668113434,0.20855947472600833,1.3279241687864705e-05,4272.7336317892614,28644.89341817165,10.262872979841555,33.269473713466503
0.14772800161251576,0.065105445185713984,0.21612641313778508,3.076462009538388e-05,-43859.284211884908,-25354.158890175055,-89.254229517606291,-53.302719890027227
-0.10486468619226608,-0.00096589299864518032,0.22271813191592232,2.7247886465946132e-05,53067.64671659856,-48994.654763640079,118.55429016719903,-116.42776445007034
-0.14209517546361441,0.0093693576126633211,0.21720623135523562,2.0908610526186498e-05,-15664.036059447684,-57893.101688085437,-37.179123756938459,-119.991563527137
-0.11507003873497901,-0.0049835526682625577,0.22120724958525484,2.8664591619793037e-05,37267.793942254422,-59040.900631752171,79.62592426703911,-130.85082085983308
-0.12488622115586123,-0.0075694785233950427,0.21975398312412611,2.1143989988834654e-05,18795.911057283745,-64242.401355681672,38.608105619882245,-140.65046097546045
-0.19060486396559809,-0.0024154383208262464,0.21002446757813178,1.8686334830816587e-05,-20132.919712982817,29867.199476071251,-24.129742006190465,42.806530503981577
0.19046931146539392,0.0023138174698969904,0.21004453585863253,2.3642707126828814e-05,-20388.452849149264,30005.097300160171,-21.146380431758228,44.249790368567268
0.14780633928862813,-0.058397709061910788,0.21628410043922586,2.2696144698897962e-05,-42331.470239441078,-30302.452338182215,-81.612194667908469,-62.787587989155334
-0.073084814944063589,-0.09582643835497924,0.22742307922066601,3.254554707545849e-05,-6810.3663418514516,-49405.605841451499,-12.685114170255437,-102.39950208706554
-0.18169953317593565,-0.00024247667787219776,0.21134288425041592,2.5223430632554066e-05,-37693.516263823985,17735.167255856399,-60.33666375115228,29.382227696467041
0.1812316257407641,0.00067113844208942859,0.21141215702401484,2.2953493770058883e-05,-38192.144288990014,16695.118942570738,-62.752228996432507,26.384617028073205
0.10430541812910636,-0.0044042063428467804,0.22280093045043625,3.2561474156260901e-05,53597.583687389524,-48868.582613936451,120.42864196682372,-118.51846446151147
-0.095650341448179729,0.0012751527654289549,0.22408229749513689,2.4540316372553994e-05,64289.310814686527,-37967.511359181815,143.17884377574097,-96.576880434257745
-0.13346751161486728,-0.010267749882697691,0.21848353998415879,2.3570203138885941e-05,1301.7926282735305,-63717.656009372884,-3.3397663784257055,-132.79487349035801
-0.11422448928776235,0.0073712767920286713,0.221332431514459,2.889417111496894e-05,38381.000529734862,-58727.667946418056,80.125321729409052,-134.74033018679893
-0.043560038973258788,-0.046553385329638659,0.23092820093935035,1.8349247042948608e-05,78267.529477453456,-21655.684606506384,187.76352645383528,-50.947185669523115
-0.18505160401759918,-0.080728984372097787,0.20615374853296828,2.4301216902277392e-05,-14268.157078485652,31226.112796207388,-26.800683491483198,55.443933437406336
0.18634591983090762,0.084214961442117653,0.20524902182245316,2.5437117860740482e-05,-9887.3884547328653,31008.879604561658,-18.134108976383526,54.667425640130219
-0.17155028321105373,0.0028451541324610551,0.2128454607050056,2.88107984428582e-05,-46409.497507850581,-3573.3146337092126,-86.406072625019732,-6.1530137316777207
0.17234477536180326,-0.0027162365933459604,0.21272783770791684,2.843016644776773e-05,-46014.243218772215,-1773.6169067986377,-85.435283966171198,-3.3468177904002894
-0.19074666593516348,0.0082907088647628923,0.20997587136487719,2.6049795037349263e-05,-19804.545455009677,30249.460766831835,-21.967878228108489,43.531364166645311
0.19063618848607505,-0.0085169317807160683,0.20999232101477439,2.0704637724470088e-05,-20027.373399056847,30091.077541987164,-24.069011161002898,43.669088240533348
-0.099658468840300288,0.056124491249266245,0.22348890213417572,3.3196824383051561e-05,29861.541682322299,-58513.07562900654,63.352131926446582,-132.78555696272491
0.095253058945708208,0.0045019154178182587,0.22414111438664117,2.4483719361351299e-05,64200.287691886537,-37781.929647433906,147.33733453217678,-92.096477157822875
0.085663664021716462,0.0016409156358512978,0.22556080540582077,2.0001704229112474e-05,72568.730015848341,-25868.009785129088,168.6781712972892,-64.58789916682484
0.12413620067334233,-0.0097765620013697888,0.21986502217838064,2.619414918780645e-05,19737.539683168859,-64059.558761488479,40.127097865946162,-140.71158582590559
0.1048412432000696,0.0066471797797216254,0.22272160260471424,2.2006036254546629e-05,52786.703642459746,-48867.39001494382,115.41045577064135,-108.63485160162423
-0.14298543876036593,-0.013278304203237792,0.21707442962873238,2.1959304098149041e-05,-18171.119734768647,-56227.886495790903,-41.102615180459573,-119.65778814039619
-0.1524488508026427,-0.0030883946474457879,0.21567339012689654,2.7953072100295113e-05,-32652.947335469678,-44128.415472677952,-68.03413307574472,-90.399246121541324
0.15220162266285042,0.0019590228663553576,0.21570999176574171,2.6532547021008818e-05,-32226.125514359115,-44473.473129345592,-65.538119554399302,-91.623334746857481
-0.087743764783530298,-0.089999829042151785,0.22525285058761349,2.1488436041692104e-05,-5524.4409030723546,-50561.723852552146,-10.445227156733552,-109.41199771660719
0.16258932065911524,-0.0058263739943545806,0.2141721135500525,2.3809339205216042e-05,-44558.150398148937,-23775.654915018891,-91.917303116520245,-45.701897738690782
0.16173401456391162,0.0053197362013161359,0.21429873993176218,2.8223802245566491e-05,-43563.325637022725,-25668.69812402772,-86.317422792110563,-50.752100841574496
-0.16190476190476191,0.0055352709955359472,0.21427346112446774,2.2874356246464726e-05,-43884.131119914658,-25407.740736283133,-89.213659850752848,-50.927810088246794
-0.16173163131207902,-0.0060658888622967377,0.21429909276749898,2.7297468819323186e-05,-43801.472517889837,-25750.949797115569,-88.987079246799553,-48.299857184448669
0.14722388110646328,0.079191512736141223,0.2156601505896707,3.2222878507973037e-05,-43949.709764968327,-13954.047917444022,-91.447077495896139,-28.026448978814479
0.14731760718295084,0.072244708699530077,0.21598860593877858,3.7075337466544346e-05,-44241.91365392031,-19930.521924576089,-91.631347118991854,-42.778290872210953
0.17143769333837958,0.0080617070700350242,0.2128621294137566,2.7525420679779696e-05,-46342.412616569411,-3344.6415873676733,-86.836737556414533,-10.436136975194529
-0.17217199372430675,-0.0076284368395536433,0.21275341768882045,2.6234652518298813e-05,-46148.442395109625,-1919.8005116159259,-84.165934778787914,-7.4629654963715542
-0.18078801605346173,0.011050139288472439,0.21147783256392913,2.6377241302827324e-05,-39285.684727272892,16957.632237907252,-61.245658196909773,31.313509177676838
-0.18070704578875643,-0.010939239871352549,0.21148982005203801,2.9098624478845369e-05,-39297.355604741155,16730.224554814402,-67.0362732392814,28.888174447504436
0.18085430112688172,-0.010980883753132126,0.21146801918944763,2.9921212167628718e-05,-39107.316990855295,17102.198192085711,-62.33479456232422,31.608225362718407
0.18036178488069438,0.011502351345234668,0.21154093524901701,2.5255176655934026e-05,-39578.537768205766,16150.555460920283,-67.063873683113783,26.770373213098942
-0.025548385622641424,-0.034031757695977521,0.23220655270005874,3.2609259784734766e-05,85725.095653704644,61.889020835692534,206.20859521325363,-5.8408467226439402
-0.086274521440512619,0.0041188646376980028,0.22547036916888005,2.4691282020855892e-05,72212.877611519929,-26643.929636727393,167.28507908685893,-68.973912190499846
0.19069214981700972,0.013998235282780751,0.20994956674748932,2.8122927967543525e-05,-20035.849331173264,30614.407781084068,-24.341772826624887,44.265981429731276
-0.19993348023032145,0.017018599217460788,0.20829876377254494,1.3671798997556009e-05,4052.0590172097923,29178.552084476913,11.392032420617561,36.384723851302276
0.19943686496096094,-0.016508355295613533,0.20840017718236248,1.3211324095641952e-05,2733.9359546922533,29674.858206445704,10.431846941517302,38.447132257136147
-0.19976029165469081,-0.01715070462911281,0.20823679413946963,1.3053536832548723e-05,3515.369585590729,29432.897516442903,13.032689736091324,38.785525617285288
0.1997047380934022,0.016745550992221074,0.20824069854568716,1.4392037424124132e-05,3522.7498656926646,29557.484514812015,14.369404212579763,38.159893305498926
0.076542998447441946,-0.0015558508129821496,0.22691110196857284,2.6868647652844651e-05,78313.952529308503,-15720.174808150554,184.98528397777582,-46.917155333866383
0.11460654098005041,0.0094938441331515917,0.22127586951438466,1.9523154115363723e-05,37133.826367152134,-58812.021054124009,82.117159811647639,-132.42295702852388
-0.13323701277694935,0.012978247074609381,0.21851766488283253,2.7156952360871529e-05,1109.5639364817214,-63215.30409848375,2.532540110313648,-133.97349567031702
0.094882712606144351,-0.0063783360242748617,0.22419594343231425,2.0389003535683154e-05,64287.850666058759,-37475.982165533307,150.16366039663052,-88.367775036955905
0.1099835090136578,0.048443065832453856,0.2219603002856784,2.9682261364933546e-05,22041.033894560245,-60802.720985674059,50.351496044251192,-133.82610394710713
-0.10537187689556574,-0.10784003781238777,0.22248236812483319,2.9739596079250108e-05,-35285.511521714892,-13957.815825154592,-61.238767073073028,-23.024450382033198
-0.15216759279489403,0.009585067773320249,0.21571502982062468,2.3302856410599055e-05,-33142.218739406679,-44059.463293600369,-72.30935851137717,-89.215719575767466
0.15269940893136327,-0.0084064287795571641,0.21563629548975347,2.4509989497169906e-05,-33583.057351986645,-43474.850671198998,-70.825399856675858,-84.89785246260314
0.14282980628438532,-0.015134954382073136,0.2170974707100721,2.8690009998145688e-05,-18238.225130892057,-55892.539266614658,-38.253073525024526,-117.8994967535118
-0.081302943220334822,-0.035600272942694161,0.22620640152611218,2.8714164483954872e-05,66369.520698410895,-35625.198247192566,154.2858508563483,-83.101007969794253
-0.0051047473971606132,0.077005352192346166,0.2328616997659177,2.0830900032505043e-05,57031.411708564017,-41603.967383145609,124.43934842680756,-91.754101644930472
0.17122933235485355,-0.013809165607786174,0.2128929768467181,1.9331130947486051e-05,-46901.695859105777,-3073.8677665673299,-86.355316226473519,-7.6115771785558914
-0.17026718133915411,0.013039076127948059,0.2130354214083312,2.0165451808658948e-05,-47057.452838988545,-5292.6129073904094,-88.482807882022428,-12.335859709457241
-0.1377652848576234,-0.059879754336442562,0.21783785362791469,3.0550360346880614e-05,-32115.541935272398,-44323.69575035428,-66.928192073110722,-91.080799545123853
-0.17397609873656544,0.11443123045925686,0.20404470700461191,2.8011996324902812e-05,987.619558734826,25789.778146664503,1.5272606486507143,40.86803274169192
0.17645094765940578,0.080869891424002832,0.2085743578435483,2.3894761478003589e-05,-26699.748523756298,27023.696202618801,-50.712285512981815,46.982490450479439
-0.1764265691538148,-0.081585487266838938,0.20848715805532506,3.0579462852960176e-05,-26120.391506893302,26840.817891551422,-54.625804514369968,46.416830302349247
0.12349910495610412,0.012797563762718494,0.21995934294369376,2.6985485926790698e-05,20157.18922812038,-63947.93460362465,40.263462016188278,-139.80340088803476
-0.076154471248863889,-0.0037542802065581244,0.22696856566115448,2.5424800115713179e-05,78339.530535281883,-15584.155733316782,183.76292544574736,-44.629743886854158
-0.10387133918055361,0.0094399824420720625,0.22286519498326235,2.4879671309945255e-05,53810.493706137575,-48534.247016423709,117.83807936818481,-117.70836775393164
-0.066502674512380108,-0.0011254143301168773,0.22837822999723389,2.5771781369331038e-05,82374.908493882496,-6467.6638642019097,193.74026377142411,-22.862866240292256
0.028412193486344411,0.0026154922090605732,0.23205573130237114,2.1047694872670553e-05,87052.751701065397,16780.320772575556,208.09801038414744,32.168145409755098
-0.02865582390774235,-0.0025745791440603153,0.23204166852376221,2.6537155652917195e-05,86732.525944544395,16862.535893301181,205.50197767049411,35.8268607209015
0.1331894845752376,0.015055359465525945,0.2185247013394247,2.8491625293878683e-05,284.98934100681049,-63336.777696591351,-2.8171905017042187,-135.06591844890468
-0.084931011672201892,-0.006817935274003443,0.22566927314221405,2.6291618548409124e-05,72956.333723051357,-25757.479507819797,169.47988146878367,-68.356902518399735
-0.15717637208229882,0.088611420884916095,0.21275530407731999,2.8403436823869037e-05,-38424.665950314062,9044.540863613327,-78.170399760955348,13.755905165630546
-0.032259326799036751,-0.013486628560171481,0.23179928451334225,3.00940266847765e-05,86690.409130328437,12202.894553474678,208.54119185612291,24.636663054073203
0.11486025688548811,-0.012606800074538793,0.22123830737462216,2.6749687721146833e-05,36027.073907131555,-59282.067034333188,77.612352878024012,-133.96272707801754
0.14252291853012192,0.018609289281664214,0.2171429048372592,2.6401373314845417e-05,-18877.104109765489,-55790.201401918901,-40.824589106283078,-116.04427163146546
0.19009972285434609,-0.018932175683986287,0.20994796977404154,2.6080346958997907e-05,-21603.90292751175,30648.65262147367,-24.551059785380232,45.666767637805961
-0.19016208811387725,0.019418129069001675,0.20992790510826073,2.4236416872690003e-05,-21416.15183423079,30966.943932352839,-21.821861313986815,45.134758499073158
-0.095531873237257287,-0.010037664129967696,0.22409983648028017,2.9770555332930301e-05,63595.860898557396,-39280.951526147648,145.2711873716851,-103.31098216473514
-0.12387681681253884,0.015472609544800389,0.21990342344776431,2.8386670576214876e-05,18707.274208623643,-64018.469304901024,36.2306747825969,-141.39664434619741
-0.18583693534423101,-0.10600282799826359,0.20153873765522465,3.4582829230332913e-05,3355.2527965604913,25062.800732382446,6.2505624427482678,43.274694667251495
0.18571428569073584,0.10681799278696266,0.20141007392546556,2.9461481093691734e-05,3765.1601245822608,24631.163104228777,4.9379108902055728,43.765411351100191
-0.082166231446367588,0.056371057224243973,0.22607859340566488,3.8783960462445265e-05,49203.161171611733,-50544.020778807448,111.20062964134196,-116.7282028457042
0.066309844750411739,-0.0038759278648534644,0.22840178473008782,1.9410758390577869e-05,82286.349671057425,-6166.7729116749588,191.19947330877511,-20.425556318016575
0.195295202068585,0.10421742470201321,0.19847759665463044,3.1392565803191192e-05,10871.133614712726,18092.80690823204,26.817237495038079,30.776938167457281
0.052543070962827926,0.026274631359299194,0.23002926720117328,2.5905413566477146e-05,82986.991930912161,-6520.9488641455628,194.32926057836193,-15.728237515671713
-0.15239580327378111,-0.013466220876133498,0.21568124370899547,1.9607802958832115e-05,-34079.518668763056,-43178.200628483268,-75.942658890230319,-83.718706911146583
0.15177138041926949,0.013486332537487013,0.21577368828195834,2.7871165416715286e-05,-33337.474086488946,-44016.808025550425,-73.605416466988089,-89.106647438832852
-0.057314230559042452,0.001857278570559106,0.2295006259409676,1.6930597730659171e-05,85104.353961752073,439.34359934045705,206.04626010317867,-12.294397299490358
-0.10515530240207187,-0.012242769837318505,0.22267510675882329,2.5975497150203676e-05,50964.608079071615,-49951.192465369451,117.15437000092101,-112.11742345854422
-0.16176438546393268,0.016315972801911743,0.21429424357987076,2.7748848066901131e-05,-44863.608769420265,-23738.550540123277,-87.24163895277097,-48.818599937553962
-0.16213701979106793,-0.016727050710222905,0.21423907580214702,2.7558024611188104e-05,-45031.201143271712,-22752.849140201255,-88.57215815741452,-47.970629184636906
0.16305330760811887,-0.016438743799661377,0.21410342119670403,2.0685988642970139e-05,-45819.056936388617,-20948.251021629279,-89.333054420952038,-41.417836087538362
0.16200680541468709,0.016863220948232796,0.21425835378393637,2.8224190413883597e-05,-44983.562687519006,-22910.759565611825,-88.989054523626052,-49.368227197550738
-0.12880154544569075,-0.058022953845863243,0.21917432707955756,3.4891345200308566e-05,-17894.41839655313,-54775.777692734722,-39.249390103764796,-115.47395469222857
0.16707936120092334,0.076328424601790068,0.21149823506196966,3.6108560968054764e-05,-39606.815628145079,14632.604167270145,-79.424338693965311,23.090328537910068
-0.16652638140192833,-0.075768784129290473,0.21167568143012089,3.3428445468989359e-05,-40358.23331234674,13681.135770418332,-82.982805175521818,21.902985297036068
-0.10791847220065548,-0.073764545537180023,0.22226602491595301,3.2301524464342962e-05,-2572.6429005250361,-56483.989229177467,-8.2984344544979987,-122.30893065968016
-0.057046038419398114,0.039343872541498494,0.22953305175970568,3.3676926836805743e-05,77475.271784058015,-21340.819092616024,180.17882751677067,-44.411699872102389
-0.17197823624421874,-0.01918408061446767,0.21278210310187937,2.4754644346049038e-05,-47078.913744487545,-63.092754067059495,-84.059886167918251,-1.7313139368605841
0.17232404132026027,0.018771408767291574,0.21273090734190345,2.4447545652866838e-05,-47025.660158004801,628.32223168974042,-83.647899533132858,0.095381038715070102
0.13333333333333333,-0.017994772407106063,0.21850340481429381,1.4691426001346102e-05,-994.22476712762636,-62887.891411461555,-5.6491778155115115,-135.91295349237134
0.018763213248416739,0.00039970540909964715,0.23255593450322939,3.0642434549944255e-05,87097.26278376815,19606.067652067348,210.29934088812914,40.709117040281868
0.038089372139539321,0.0056686377055686233,0.23140713559242765,2.5365675410785411e-05,86777.399939909723,11916.612387874893,208.47199377109689,23.761610010767207
0.038934939188940171,-0.0055540655593621204,0.23133321032769702,3.187644863730575e-05,86632.456701848656,11575.954387478612,207.2636148270075,23.071185196418227
-0.038290994613545917,0.0056745458063319392,0.23138959907837736,2.5307878599893801e-05,86422.711977305255,12196.573833156282,200.38842908149635,26.120075651278981
-0.019191852138002265,0.00055622416204160867,0.23254131721996668,2.5055310052063061e-05,87134.79436391042,19830.054362511983,208.92583929257037,37.819763697494473
-0.038691669839478297,-0.0054743398080742064,0.2313545128671067,2.8044733099564809e-05,86615.637878827853,11517.077731043362,209.57516381022339,24.042241086426692
0.08512071561536029,-0.0099072392453943905,0.22564118784730863,3.0719057477199475e-05,72580.96060446254,-26914.54778911854,172.43938337987208,-74.55418132203495
0.18061213852741143,-0.022087431309963157,0.21145583359759701,2.3184610549403919e-05,-39550.024913199602,18497.003837260356,-63.966647343349422,29.762007441401899
0.18090152035071652,0.021979757177055501,0.21141347130026816,2.5138885858178572e-05,-39117.056790872455,19091.410906983438,-63.446513079908705,31.951284855232498
-0.18075215027124614,0.021558781999679325,0.21143947085467263,2.8477014147405383e-05,-39572.009420920891,18959.735910438416,-63.243771701260918,34.248846681797659
-0.18082106980783411,-0.022808012790383195,0.21141859596198215,1.9921344815129348e-05,-39256.556817618031,19113.249435381833,-63.357701788830319,33.161749504643879
0.10074089020782458,0.10205469537443325,0.22328783851672931,1.7172070109658114e-05,-30660.013740110913,-28022.62287745663,-59.312136963080285,-52.286229858673018
-0.1335884614485216,-0.1142960808016816,0.21605942370526543,1.3655853575417612e-05,-27860.905901914513,13667.531565492936,-38.422610144597598,24.246019270105947
-0.13714261432266822,0.11142857142857039,0.21546582505723727,2.9747735752833755e-05,-29457.85638129279,12728.382328659107,-52.496062967059601,22.975736659081296
0.13628270282576693,-0.10938856414357159,0.21589743492070004,2.9265316942135597e-05,-31936.982009422052,9437.319499876472,-55.330138454319837,18.328558318006255
0.16714855962821842,-0.094450195359944825,0.20944232344045535,2.8130632227908613e-05,-26013.745519682889,23026.255723480204,-54.073193682544662,40.836238407240643
-0.16675789899112434,0.094371983853610883,0.20956040836735931,2.641510710950962e-05,-26490.485010936023,22783.924706807356,-55.864715476408406,38.082470473406872
-0.1197065902216347,-0.07432364150552534,0.22052081727563119,2.7557127902059651e-05,-18847.12986547218,-51004.199950976188,-45.848970295074714,-110.15340726733433
-0.11457889595703116,-0.015168630940748312,0.2212799623055583,2.1250658100123406e-05,36153.37057748207,-59440.499994328522,72.289144813084221,-135.56491402013273
-0.19020784749627215,-0.0245774099815524,0.20980445231011999,2.6568079785010816e-05,-21214.348957886719,31567.02241090246,-22.903844416175801,46.552356259359321
0.18944970205557901,0.025254050595177015,0.20991725652545506,1.8901418384574762e-05,-22884.39744145743,31114.443748107733,-28.421547390666515,46.212649648430748
0.025901268272270392,0.013104997357336412,0.23218796826389204,2.598276619757372e-05,87160.956677528404,14998.202493667037,209.83471334869287,27.308031499105308
-0.20000000000000001,-0.027266902291686563,0.20779753668338632,9.754002517425921e-06,4550.1892044822616,29880.397184771256,21.213658831050186,39.928276088335103
0.20000000000000001,0.027616468719182458,0.20777663846881564,1.8630856560100893e-05,4266.45353134995,29703.401099596955,12.608330889070402,40.442107765150396
-0.19971206178156364,0.026808356062333234,0.20788006175933718,1.2994408944007195e-05,3550.485939016377,29841.548221605928,11.378237669080333,40.688318983319576
0.19962094265732577,-0.027668619241510026,0.20769856074414572,1.3668445141507827e-05,3279.4246334981594,30247.148485761212,18.05811945582596,40.918055005254367
0.18593447821165682,-0.12607117212540081,0.19703398278334827,1.5487010225669848e-05,13712.43053544051,8908.0586359901117,25.486141210333816,10.583213999698868
0.099669494192299105,0.044695380305155213,0.22348726985254166,3.5494111316922134e-05,40401.275453684539,-55349.210343389408,91.63983320412612,-128.09074210220871
0.060827946961656908,0.038376113207888453,0.22907141496054989,2.7409903784625997e-05,76959.487020355897,-23411.607192656455,180.56428446328815,-61.687511586301156
0.057278309178516063,0.0040642487553469095,0.22950501384516558,3.086630268824779e-05,84696.992558084734,603.93902846295111,201.97229124073434,-4.0098765978296651
0.12896578527207914,0.080988773801808384,0.21902855003530178,2.7163847943051844e-05,-33730.16407948581,-36472.132965633355,-70.326120910681425,-71.555823058206016
-0.14309330909744689,0.020983071908293852,0.21705845963792447,2.5148790689510628e-05,-20942.407088582433,-54602.534148540712,-46.200884807994754,-118.18961016721565
-0.095067764054686282,0.012326322893014377,0.22416854693006738,2.8777407114096401e-05,63260.692431344905,-38782.64645313027,146.36106531467183,-95.037415693669018
0.15298293436942639,-0.020238076981787673,0.21559432010743604,2.7573452145575224e-05,-36368.958042692117,-40109.5378195468,-72.852249930876013,-84.879738675944097
0.067742093456143057,0.0071110828988899151,0.22820068537718599,2.2583331448564359e-05,82112.907323470165,-8519.9583811637622,194.41831840311681,-33.031707036621782
-0.12318293144650139,-0.018503211000312943,0.22000615180865798,2.174326675657101e-05,18999.821235658997,-63892.337827269606,36.579186606222109,-140.1368619869389
-0.1403242209030352,-0.095596902962326702,0.21611270302530847,2.2947988848315032e-05,-39613.50939086287,-5031.5229097698912,-78.586823872682515,-11.585434545448026
0.1761786725063757,0.10374872982234191,0.20523960954747122,2.9946726230870865e-05,-7896.1798533844503,28293.242302242816,-17.990770275717242,49.665732440962607
-0.19395943416197214,-0.095080448045746946,0.20087068855348281,4.089940871915214e-05,6500.3102316312334,23959.826638042909,18.485071511932009,41.147667743568725
0.19530079009893819,0.093542640813133043,0.20072028266581568,2.8085263815133272e-05,7629.0075140336376,23127.994192837734,20.281400506418784,39.675649529455228
-0.071093964696577278,-0.032666399337275193,0.22770975323615544,2.8280402050176921e-05,74376.26816160926,-25302.330341675031,175.72941424968778,-61.244534778561963
0.10497357006735678,-0.014876106048456853,0.22270201187280961,1.9620546380595497e-05,50751.810591376772,-50375.345283034258,112.04396851265977,-116.9645331755478
0.17672307198844742,-0.10135472072100049,0.20551467360579354,2.8319684443916651e-05,-9548.5801829040884,28333.129034251495,-24.535430672792831,49.548152970656787
0.076737077251056288,0.0096057724336859156,0.22688236898419914,1.834864477459039e-05,77943.589197263296,-17282.951434454855,180.43992314108627,-52.652175091461856
0.15723289532157042,0.072316238980362352,0.21402825995299038,3.1806278756118489e-05,-45934.860257327338,-3343.64606897576,-92.544440344568528,-10.342474007996676
-0.13376495375264724,-0.019839469347529927,0.21843950426187611,2.1121461585888787e-05,-2453.5170716761322,-62608.319203121006,-8.8277960450071173,-132.94714140138578
-0.046934485027591462,-0.0092794345757420352,0.23063270843190048,2.1843809813011974e-05,85835.142401120713,5907.2871284148005,206.30018478993202,13.362289025967344
0.047718781241588598,0.0086373543715442761,0.23056175462346187,2.650270224111553e-05,86015.082727568981,5830.4595142623675,206.80700612412443,8.4046243950593222
-0.11964115374702806,-0.054949378859530218,0.22053050501673083,3.4878133309735694e-05,-317.51384768162035,-60560.296774053924,-0.046847214161481382,-132.4034846820995
-0.17076712733491017,0.02467529679491887,0.21295267601527235,3.0725153389511604e-05,-48207.735552302569,-875.61467253150113,-87.376782445958852,-2.4084207708194048
0.17201290848035664,-0.025502420646064297,0.21276138761350002,2.9924724787664592e-05,-47384.066924053055,1998.2858008342105,-88.130437169111104,-3.0701272787269507
0.086795751852749792,0.010732572027891588,0.22539320203361846,2.1374887307804213e-05,70835.898046451897,-28665.666359029285,167.99457881507701,-71.6756936157323
0.18557419564954331,0.10087412705071251,0.20263229669783378,2.9710206011568595e-05,-276.18280334541555,27308.411816138134,-0.75315503557599461,47.880447851930313
-0.1859579753665403,-0.10041592722601597,0.20258940434231781,2.8558021353352649e-05,-272.0085175432805,27225.960557910232,-1.8349942338931924,47.960889045045661
-0.11398686269025658,0.017500881178844994,0.22136761166389191,2.6041709146870983e-05,36121.760951242213,-59121.806267434746,74.641478338220551,-133.72019019470343
-0.1670913487766458,-0.09883210716096999,0.2088291689269367,2.3850491336163724e-05,-21985.790986372969,24602.787387473301,-47.777413224302244,42.540410115506219
0.16700733756469985,0.098356759830238255,0.20892588225069625,2.5189913209124455e-05,-22485.361893632515,24612.803741488042,-48.830257624831852,43.548614915134479
0.18549839393245118,-0.10732774167534033,0.20142359214997549,2.9063199871824847e-05,4047.6503948111581,24644.476044071253,8.8672920452763506,40.066412245898945
-0.18638786507184835,0.10689384602354525,0.20119267798699486,2.6754885773519042e-05,4690.4162760749587,24425.893480491253,8.2226310177895101,40.747821970213565
0.19390200523099574,0.098568327264116642,0.20018944442410877,2.592360000217639e-05,7791.0566828370111,22423.738994006857,20.064529239464687,39.575379615462211
-0.19042932701057497,0.030184148042944579,0.20953808733091725,2.6749438847863618e-05,-20429.509483070593,32280.536267979445,-24.240288854566014,48.058901326614901
0.19058073440755116,-0.030371670081958693,0.2094999861178834,1.7369832028918699e-05,-19889.522820436508,32298.774118269379,-27.638250137388493,49.772668585538824
0.12418522049182683,-0.021432762777402515,0.21985776489086498,2.0705776110712402e-05,15932.535562658604,-63951.973152550105,28.067425488795415,-139.4974541293204
0.095372118631179836,0.014775319502908888,0.22412348783485658,2.7403845438420692e-05,62680.866276065564,-40136.956859540347,140.92052171624647,-104.74874915915596
0.056269537133869584,-0.0062081310667364059,0.2296179535739685,2.3582717128670644e-05,85207.480677278407,1245.0780514645146,203.52549964375018,-6.2237248711510178
0.12086403862406499,-0.083110168388188715,0.22030019053053213,2.6728786487253137e-05,-28024.051073919909,-41635.84922580656,-63.199655543152474,-82.815922000574574
0.13825702268655421,0.064495638173660788,0.21773773951081365,3.5201494025685571e-05,-35015.733585681461,-40268.0709200192,-71.573211950449618,-82.087855298619459
-0.13291310717737073,0.02354849916759694,0.21856561846847883,2.6578958560668661e-05,-2340.6482252966621,-62255.053691726571,-6.831886790786994,-130.83343828852514
-0.11374121666212374,-0.093212327329640923,0.22132000143205094,4.233375799305501e-05,-30411.126972754846,-34197.15878879129,-63.628753126025693,-68.239067719864224
-0.040218303454293912,-0.042689406248973903,0.23122082906018382,4.1559427520980565e-05,80665.364054302176,-15643.557843130766,193.57997202113768,-32.048277975338614
0.18548582562568133,0.090500874057819702,0.20453195036809496,3.1132433053414755e-05,-7353.826583587369,30149.30576067857,-12.823985477343276,52.957674451592041
-0.18526964475156268,-0.090427932321752377,0.20461537738236812,2.7347576053240723e-05,-7806.9851151128696,29939.636689329145,-14.935170867308045,51.714363746353271
-0.19507857883191845,0.11365485272480556,0.19641918364667119,3.1551281446344396e-05,12922.965492447827,12358.83424609451,29.594274737021298,16.913620787834859
0.19478300155288222,-0.11438044923943028,0.19636755594203581,3.3178044664961752e-05,12743.33013271719,12169.445443271126,29.079840884114816,17.067927340697256
-0.083458639071482002,-0.067349710233533977,0.22588725500391615,3.3551730013204249e-05,34547.331598134311,-55928.236540827311,74.676557823828475,-127.45122116753087
0.09008762746006746,0.041442377305458813,0.22490584633776817,3.1089372030995488e-05,54719.326497572823,-46855.413338283186,123.06635466156243,-110.13314219760861
0.14761904761904765,-0.066284388641929926,0.2161815682861738,2.4631243133629408e-05,-43993.146919698069,-24844.887663460147,-88.191232715707372,-46.608356403664068
-0.079337648494742688,0.049901383199476464,0.22649735953692302,3.6764387015916401e-05,57793.717495568977,-44853.607273783695,132.63886448333633,-104.71780921344228
0.099102243117455774,0.081273757976045885,0.22357125025620198,2.713050886039627e-05,-2307.5121091823598,-54361.694719019652,-10.369464273349845,-116.85154309570343
0.1054627359106729,0.016585250440394977,0.22262959183378211,2.4704558468593076e-05,49478.533763083215,-51395.109154536396,110.62392854254252,-119.9520890412461
-0.065878880426192804,0.0092037073421911714,0.22845442831281562,2.4346626109819092e-05,82146.447338289669,-7279.2361220855337,193.58823164225726,-23.854580529132662
-0.086908839576532976,-0.095342694479770743,0.22537645961899203,2.7956158465130118e-05,-14041.415892257659,-45453.764861561285,-31.463235678963606,-91.426444713018597
0.1443064631636444,-0.026426044796828547,0.21687885456937597,2.2395451201685255e-05,-25315.639895647662,-51785.562834522556,-56.195597911497259,-109.09079678846378
-0.14792395325233784,-0.11782127071401255,0.211768372868403,2.5797668890478217e-05,-14384.498020272193,22950.877562901351,-20.374218651708588,37.217971170719466
0.14619946852694848,-0.11927612237264126,0.21202349840870033,3.3661388223625897e-05,-13081.530275735602,22975.298145629091,-16.312607593661994,36.929114265592787
0.14789030243418111,0.11755780530107318,0.21181424963328138,3.7957018258553939e-05,-14723.635620451734,22867.563885750686,-22.0252789085588,37.554676594168107
0.069715218592796613,0.054943949932522253,0.22788832721178717,3.8158925190716746e-05,60370.0135848481,-43679.849803731267,136.25741025828501,-104.31733860429991
0.15156184838684794,0.024627369925550223,0.21580470908640084,2.7033104214883261e-05,-35827.322752799562,-41179.744905719177,-73.594314350695868,-85.040539981981439
-0.15172374829812277,-0.024789785962096595,0.21578074012361803,2.9627446642483089e-05,-36219.478772513714,-40971.268868830142,-76.81801951559595,-84.048511678099246
0.1142857142857143,0.020588142407644169,0.2213233672741779,2.7291165629200134e-05,34238.090902027179,-59871.843630760864,72.084713542591118,-138.60544516412946
0.075440506104214586,-0.012090044210342439,0.22707313663418455,2.0685446540008423e-05,77877.18941330607,-16864.705312173232,186.09350069256865,-46.393869868448235
0.16210326682912066,0.027675259106537016,0.21424407286164107,2.9557907479508146e-05,-47261.59542312679,-19037.702822683113,-92.254530463656508,-40.138829604638424
0.16199752820135899,-0.027565675611085687,0.21425954846711887,2.2187148483844743e-05,-46879.460548112227,-19446.566320301354,-88.751920054864158,-43.41152769691432
-0.16188729809899066,-0.027785791099729625,0.21427604660649352,2.790169916002936e-05,-46937.601824906422,-19532.518239344568,-91.326652124855627,-42.422604507425071
-0.10976401662777002,-0.051886297806847087,0.22199279570082117,3.4450221370910505e-05,19316.459129062554,-61207.48058049375,38.933178077984557,-135.18069300905236
-0.12330901873139338,-0.098346904662933804,0.21949125913447301,4.3301931716184332e-05,-37591.446198013109,-18358.800478616249,-72.994026145425863,-34.623436228471903
0.12234315587895157,0.10033118320039816,0.21959564142991331,4.0507208626561648e-05,-37482.996641141297,-15913.078795667096,-71.514629031811779,-29.816107000738572
0.17175853612804351,0.030290225505021643,0.21277258162056503,2.3544713673800416e-05,-47773.633702282721,3263.8606502086182,-85.427746498644396,-0.18199119423106938
-0.17192118905038822,-0.029960102770832178,0.21274952576359102,2.4011711577890681e-05,-47763.095808534657,3315.2897653469954,-84.679448562074469,2.687016458330556
0.18094837499068428,0.033188002035701172,0.2111907572593848,2.7269628680974121e-05,-38749.764182896688,22011.397304219052,-63.259132838426609,36.447068115894595
-0.18075586008909894,-0.032942526170347985,0.21123159803459385,2.707006230099127e-05,-39230.587646616572,21708.770536978489,-61.294884724663028,38.187792326940105
-0.18085625343017089,0.032657088938920255,0.2112214409978059,2.7425421217461927e-05,-39076.834764812345,21658.511393179968,-61.777422388072011,35.989991343047457
0.18105318478643351,-0.033177711379318665,0.21117100041057774,2.6950334014848801e-05,-38524.977353253256,21788.279903062496,-63.708026419103042,32.57881336131129
0.12259417676543494,0.023627290350688071,0.22009331577883909,2.5564600925662137e-05,17831.688519503077,-63836.535808094268,30.930106774168294,-137.89715349002194
-0.19966312734087438,-0.038633343072330892,0.20691306149738961,1.4853287161404212e-05,4023.672355274834,30102.559524902368,14.263914854584799,46.327165455706293
0.20000000000000001,0.038386027631426081,0.20700789988785334,1.544607701394481e-05,4931.1257223732646,29775.233135811792,15.867033315397141,43.994194221945655
-0.20000000000000001,0.038386027631426053,0.2070078998878534,1.4211370288939369e-05,4838.0955839968792,29769.645670091275,16.252635870228438,42.130289559138021
0.20000000000000001,-0.038386027631426053,0.2070078998878534,1.1337539792304713e-05,4822.1109607920489,29644.118087405979,15.308209049159689,42.348864247461307
-0.17582190242827128,-0.096017549543873329,0.20664622770858723,2.8364784319840447e-05,-15472.258089420942,28313.219174630562,-33.916431653302226,50.150508248359181
0.19052800121057284,0.035190374441241075,0.20928377424505368,1.6013269634773911e-05,-19821.57252474788,32997.02594649612,-23.442365296923441,46.527460370737103
-0.19045854037621529,-0.035507838860879777,0.20928021786176224,1.6648797860368486e-05,-20019.502956679418,32866.131940056337,-23.565405616116855,47.848848893154482
-0.18424075400525233,-0.095022245094227936,0.20414173255577961,1.9330399897003715e-05,-6049.5026238082646,29180.76055181554,-12.68361320798275,50.252613604194444
0.18469512666007867,0.095327306098009087,0.20394112343946599,2.362616470801013e-05,-5093.6352911848517,29082.965709308817,-12.144657538939647,50.997048185831325
0.060085306562380272,-0.048578241016658051,0.22916213070916128,3.0132978155272748e-05,70855.920388099912,-32284.852536616909,164.88736920998116,-72.784072671902138
0.17674530404202687,0.086917381307027114,0.20772562479515241,3.2435366284838076e-05,-21664.602327625373,28006.111377513767,-46.68274874753665,47.808274480634985
-0.1762704983650088,-0.087728091540029599,0.20774129648850295,2.8684312799356717e-05,-21812.174364839575,27707.546706486803,-45.694412043853106,49.282236929122377
-0.084740354649203486,0.014521502728330214,0.22569749953871143,2.1677634542604549e-05,71886.800590796338,-27508.674755536649,166.10772717437149,-72.607851919907702
0.057937788954767269,0.058625294170389294,0.22942232479013899,2.7918176030127797e-05,63342.294472869369,-40822.746250371682,145.45335991066995,-88.092771255174739
-0.19512261474658452,-0.089841232334685009,0.20145832867928093,1.6960130822591076e-05,6160.3237598643627,24630.854827544132,16.637828993955988,45.079166891520117
0.19515378339677955,0.08975178427335799,0.20146393452677702,1.2931761396923382e-05,6162.6454080751091,24770.790942291045,16.721854964316918,42.297684935020598
-0.078666216133078254,-0.077376862469035038,0.22659676377477089,1.4373995852298741e-05,23957.807703191214,-56819.770409755271,49.27707459276953,-120.67825293362334
-0.097009029543277864,0.06252009898398031,0.2238811464004363,3.7410077485037642e-05,25864.866866221426,-58622.298401213848,56.050269317322247,-134.10484355257125
-0.042785550373665833,-0.024433070321463742,0.23099602113105003,3.677255769959574e-05,85061.09134511101,-275.82312858180779,207.45584851053593,-0.37463955976478364
0.12856373472154939,0.06227481246690466,0.21920898346212658,3.1803428012124285e-05,-20558.711953472466,-52789.538152495239,-45.847408087401696,-107.79286855165944
0.13328221378575555,0.026258840758711793,0.21851097296256344,2.789017098395535e-05,-4746.0423375597547,-61846.044609589197,-11.488853975893727,-133.14462922225488
0.095058295116582189,-0.017380644689810008,0.22416994878769178,2.4472124387919529e-05,61524.891221850055,-40170.284963248094,146.82283383570336,-95.799984388188932
0.16695160367589315,0.092856864441137027,0.20968329781802994,2.8534100021175954e-05,-27698.759914467799,22319.47337685469,-57.362478772300456,38.95897194135199
-0.16687555065450946,-0.093833331634176856,0.20957271454331189,3.1143110929725756e-05,-27087.369704757821,22617.150111964602,-57.028948581161075,41.029318404001806
-0.10562452725447583,0.020881875920677972,0.22260563894419957,2.5418878206294974e-05,47839.985091758506,-52185.158993438577,106.14837114929944,-120.49835869553777
0.14369001496928768,0.028925359906371777,0.21697011850961984,2.233937477959518e-05,-24956.848950442851,-51553.971255861426,-48.656212215496474,-108.28122803678849
0.088877565365414787,-0.09440199716607936,0.22508499364602327,2.7856368130852393e-05,-13796.79527410065,-45881.314819622916,-30.532448866272368,-94.160866364320867
-0.057487120562053684,-0.0097634973681370325,0.22947950690937993,3.0219616976510405e-05,84649.793630135639,-996.21558709547526,201.52747288621956,-11.924935108892262
0.15697246886990557,-0.12365236983212903,0.20804709569422761,3.5049274881413044e-05,1068.0236414988201,23287.510642340261,6.6664237883213975,33.46936724039923
-0.1578366577877082,0.12459111673011726,0.20758804091859426,1.8436821387775329e-05,3001.9754529519992,22618.106179413047,8.427267485437488,32.163673555549856
0.080352077124575816,0.039595802748295994,0.22634717537756907,3.7122575212859652e-05,64834.050601681251,-37720.007378986054,148.70254320984577,-91.242451720918453
-0.17300964407785657,-0.11200479073842055,0.20483144083090821,3.6059793762500961e-05,-2513.3933481975041,26690.488179140659,-6.8597198034288844,45.17150530328766
0.11473465181880957,-0.022782952801429442,0.22125690295719441,2.533406507959471e-05,32533.032503877777,-60299.839647653738,67.196642407100072,-137.1315377422371
-0.19524741515414715,-0.10137302647463244,0.19913861751000134,2.6635404682619756e-05,9957.5383523903492,19666.768725912872,26.076487509971113,32.848916034562542
0.14735025364658746,0.089737987013547987,0.21497592356657272,1.9585349713417363e-05,-41063.825035810936,-3057.0348446087305,-83.911873754758034,-9.6646134252489908
-0.066729500761792376,-0.011958067871294574,0.22834899486277502,2.5401710842921844e-05,81714.233600830077,-8909.8272650080744,191.4006811703342,-27.578376432219876
-0.053715415836970384,-0.044672915984777677,0.22990694920280627,2.4472870364715418e-05,76155.622692907957,-24953.111988968347,177.62120147484495,-56.756195117330847
0.054368176961172902,0.10449141251317429,0.22985081635112825,1.4464601500667502e-05,-16739.100997674828,-44048.549037741221,-30.972532075630962,-77.612986649735475
0.013724068082285795,-0.011045836872836598,0.23267886864841758,3.4299553783748843e-05,86867.587600153871,18935.628458761534,207.48513703367058,41.673125457120229
-0.01370032329575992,0.011850010692662671,0.23267857143175794,3.3107856392430251e-05,87145.922820495383,18375.284053297899,215.83207922123191,39.709079464989763
-0.16671284561122501,-0.086120554202917823,0.21054686387735694,3.4319410268875785e-05,-33573.389660600005,18847.460746693745,-67.771230831377281,33.931995166636668
0.16617484405818689,0.083100224471879494,0.21103096220324455,3.4255228370883127e-05,-35989.486284733088,16901.098592246723,-74.848253489958566,28.208185827066206
-0.10023252617060126,-0.049572960300913863,0.22340391407780902,2.362747078620179e-05,35828.724043708266,-56683.470787091457,78.552610915339201,-123.96110594637996
-0.076531794794037558,-0.015625035995058649,0.22691276064737859,2.6325400771682706e-05,76914.414698009336,-19282.390252706478,180.19516451477193,-53.860230182052135
-0.1232718489236127,0.025932704100292223,0.21999298775141518,2.3218562833174497e-05,15456.048862137131,-63554.171554490749,29.403016839779973,-136.03717085637979
-0.085964925455189439,0.066179580861366702,0.22551620424433802,3.2575108067012172e-05,34105.505171355995,-56416.845675780445,70.076680937874428,-128.16923076361567
-0.18614694059715339,-0.085686942193397994,0.20507240759144416,2.2988677434645171e-05,-9518.9638613379411,30735.536776386787,-16.852887544061119,55.142999955516657
-0.15298302801318775,0.030265826510685687,0.21559430624366177,2.6624729250216963e-05,-39640.276942871416,-36688.110339360181,-81.397955367068306,-75.030014721644264
0.15220222155933427,-0.031412528585245493,0.21570990310029758,2.1025688792779001e-05,-38680.106010884694,-37564.795641668505,-75.213568115552903,-77.159312133209269
0.13283241097934265,-0.028456358321046246,0.21857756538155626,3.1273741505121014e-05,-4747.8336122680657,-61801.547952390843,-15.948101386431134,-129.98462364035899
-0.19487212662826014,-0.079552603848254577,0.20334251709966311,3.1304954592467868e-05,2109.5087091123296,28421.568404003934,11.12125989880402,48.642234405877311
0.19512296813944957,0.079761930539454629,0.20322758914377415,2.5533059841493225e-05,2805.5559760144738,28247.99335529852,12.803031186798776,47.363097289684163
-0.15738177582475674,-0.09067433309388391,0.21246453143001304,2.7011626080452635e-05,-36743.696566215243,10634.15716703052,-76.860976051021865,15.623451895893192
0.15674422557693637,0.08914024850675778,0.21278296811019912,2.4280732239290674e-05,-38414.007381199626,8954.1704088586957,-80.318266937398292,16.672240890388785
0.12707070476973262,-0.0819279061900898,0.21927764912641756,3.0580647966334331e-05,-32624.417556106524,-37251.237697742741,-68.70947796169304,-73.508869099737453
-0.13795338734233351,-0.069096261491942451,0.21774028635677534,2.654903839743309e-05,-36581.032547331895,-36995.681342347067,-75.399660062737581,-74.573453459741899
-0.12840209051073162,-0.081504785074136513,0.21907288354133173,2.8244129458334873e-05,-33794.2124245757,-36499.562923751626,-72.734617489272821,-73.294761207530314
0.11821123350141935,0.059217035891317209,0.22074220189092619,2.5161429527765954e-05,-1564.9062977338774,-60050.997731628682,-8.5403613795572628,-127.2931485558764
-0.14286658396272311,0.031582479117232588,0.21709202584727771,2.9751185817983694e-05,-24809.220302229896,-51756.814906990126,-50.578405224816493,-107.37180602741941
-0.19004937602403604,0.040725890802137503,0.20903325087043331,2.200636087276261e-05,-20338.598310624671,33215.061927278388,-22.610593778694088,49.55231580060294
0.19031027929109592,-0.040997198348525069,0.20896220141989194,2.5075550147024846e-05,-19710.778577702044,33396.198017623785,-20.248841809558019,49.92712720663792
0.14674349634176909,0.021232868291490924,0.2165180566103963,2.5098997846038229e-05,-27341.463096822157,-50004.669735066826,-60.208516083667504,-101.01969925919012
0.17142857142857143,-0.035426722728865968,0.2127788406503045,1.8992189895202377e-05,-48096.888984007273,4205.141603562809,-84.678425703093751,3.3076071317607023
-0.17116065153041715,0.035967438360158852,0.21281312276106501,2.2454005394856947e-05,-48550.108133235481,3988.5256100770271,-84.68840617408226,5.5438257046556743
0.14799280199977238,0.010354307108683364,0.21633309936993059,2.1134788416457877e-05,-26525.368979331924,-50229.332862400734,-56.337489433947496,-104.50970378497111
-0.10102394463723796,-0.097128035685880382,0.22325778790588938,1.9337510213940688e-05,-25500.532422608001,-36251.961846245227,-48.239551995941959,-72.227485112999503
0.1567530632164976,-0.09747869012241131,0.21188770040024243,3.7639067997331551e-05,-31924.659237325548,15352.818041732526,-66.710138703466683,27.425711883359071
0.10888892775300434,-0.070306196072583024,0.22212235088405599,2.3349060447396203e-05,467.54083330878751,-58148.73221897582,-5.8376595105599201,-127.60171145250628
0.023169066571888681,-0.016405855197440949,0.23233185867094017,3.3125231521683517e-05,87017.401933063433,14153.33762720521,209.59330186446152,28.081149031324387
-0.023297275621511772,0.014421300167552983,0.23232510658805591,3.0898575629082521e-05,86986.675270031628,14952.357877121225,210.18324488469821,32.041627482007627
-0.10430874014389037,-0.023904248008907024,0.22280043863269469,1.9777115736036993e-05,48127.937319228971,-51994.506407816494,107.73072998342981,-122.21039451695709
0.1472932301945136,-0.085074182555330252,0.2153157552025064,2.5105814071311532e-05,-42612.736907311708,-8164.8882113990894,-87.351511891366826,-16.341931951268968
0.14740240027946724,-3.9948849291135619e-05,0.21642050718102493,2.9986090677201283e-05,-24681.125439889776,-52015.800824950995,-56.87467642085398,-108.91763329696526
0.14761904761904765,0.032068147160034227,0.21638843296938079,2.2985343146062428e-05,-32865.653119097995,-45309.380603029516,-70.056394282873143,-89.826264385966709
-0.11456444933758683,-0.025657131333649379,0.2212821010990948,2.513193369411116e-05,31147.646608293082,-60134.32966747944,70.552567626149994,-131.75164479858003
-0.16754298533095663,-0.12999999999999662,0.20320189069849404,9.9698380749713753e-06,13353.423241716013,13666.99955992966,25.454173218291114,18.347437567516909
0.16845467854091503,0.1297741832268858,0.20278738133895091,1.2490113160228752e-05,13441.826345112177,13711.842228866357,27.520665447748272,16.859653842656741
-0.16768955179587208,0.12999999999999651,0.20314814727260705,1.7497326248315691e-05,13379.003299659213,13718.939673622677,24.448827298988864,18.306068682185664
0.16764614423156782,-0.12999999999999656,0.20316406408697837,1.7525596963515315e-05,13310.176133934412,13602.174805511055,24.172846997695519,17.888411182802137
-0.024286149223479561,-0.011624210920885093,0.23227302792011331,3.3471827097742548e-05,86827.16650482305,15981.39171017198,209.00813523739203,34.753449396368772
0.022848590336243951,0.0093940155323062706,0.23234873643512199,2.2621385354569861e-05,87126.73121997455,17424.254327707684,208.43568728392273,33.141587592148802
-0.12372239519505214,-0.029149053139071963,0.21992628526389044,2.2432070975520228e-05,12397.928302993083,-63552.339010180927,29.305472833518149,-139.82092184568958
0.052295867615377571,0.00041771056609326077,0.23005655262990438,2.5442201679688227e-05,85397.877541910551,4777.1701811754401,202.2487392505746,10.255860698122477
-0.10930461549315376,-0.086062865110199518,0.22205024123961045,3.5825397070312831e-05,-19553.61727989967,-46206.158636349668,-42.730181377328719,-95.747423353418611
0.16586823329671477,0.088234072125342247,0.21052472046436047,2.1555844122460539e-05,-32350.127904205379,19023.738588063097,-68.762331275993347,30.014377091311466
-0.13311556219488571,-0.031172092023024001,0.2185356454021454,2.5167186480933151e-05,-6679.2722246604981,-60903.923188966262,-14.114898914465302,-128.34780129569424
-0.088024371223557829,-0.057821636680789046,0.22521130735720232,3.2100458209344702e-05,41936.999036145244,-54382.7724637145,90.156765385573252,-129.45229059914899
-0.10387387231004971,0.057103562988709555,0.22286481995843288,1.3047295041359192e-05,23118.052898239916,-59929.198676923384,43.414724624691317,-126.94523446193679
0.14771757195912968,-0.011833454378417018,0.21637384663500892,2.7042982261231526e-05,-26292.266247972857,-50780.308665408731,-59.227387703399692,-102.99539059055321
-0.19470540607732575,-0.072993035323888483,0.20440463591434624,2.8935978112644881e-05,-548.56054087483687,30356.599384632107,7.799250832109478,50.912035755622824
0.19381075981418247,0.073928832256622265,0.20453720240483178,4.3512218887978461e-05,-1786.1443155377228,30801.25762074118,3.0337143326450757,52.284495739513034
0.18585414655519444,0.079337936667337031,0.20610234868126096,2.191224415736851e-05,-13733.478045414124,31540.487411336519,-26.032804611105924,54.745120636340694
0.052215952705511083,0.011703709067339856,0.23006537334432453,2.1484966794305389e-05,84898.123464588396,2109.6706739804335,202.59004207783423,5.8222396389884059
0.10131051708389173,-0.077465302986591281,0.22324431964766134,3.414746562454765e-05,634.5694780811192,-56059.230476900353,-4.0055146058434579,-122.19451906063162
-0.14222669299783317,-0.03406381559719384,0.21718676044349666,2.0679324774918018e-05,-25034.108008033865,-51850.01416711224,-54.055446732612438,-107.27348244025156
0.13782161927237055,0.083073987829054202,0.21736515495750872,2.5212995960605656e-05,-40253.517925874847,-23381.372328011385,-80.478128911297546,-48.807232274968428
-0.15708723176633943,-0.083954880278280228,0.21315619438343242,3.0188170216879867e-05,-41071.496107260667,4989.5642974933662,-85.236186125478355,5.2400754770654627
0.15715399396426516,0.083579830529439181,0.21317715805938817,2.974395714098525e-05,-41581.031670402474,5024.1744308469924,-85.626198952958958,9.0126487089735647
0.14714082609523885,-0.074438574699195001,0.21595962399431595,2.7308059280525672e-05,-44013.394594185898,-18510.94479910898,-89.105693008797488,-37.87900904953559
0.14676290883252041,0.042446869639543409,0.21651518262939978,2.3596717292117967e-05,-36255.921799000047,-41427.08881219168,-77.205469246735333,-89.884069670607516
0.10918827343367635,0.057026925046852826,0.22207803334599974,2.519490015662422e-05,15058.079970079296,-60894.219514790784,30.18137066729081,-132.56914535137943
-0.19979637438785913,0.049190429870825836,0.20593564341531273,9.0268839043654515e-06,5808.3263406904116,29494.929733066296,24.844719351557458,46.71916077944757
0.20000000000000001,-0.048881762148323432,0.20601543912569867,1.5097519907128177e-05,5833.3193844368898,29212.704317950374,20.01869779668111,43.846558955064481
-0.20000000000000001,-0.048881762148323453,0.20601543912569864,1.3380743838615469e-05,6047.9105821714838,29265.572941578564,21.959001800750578,44.370611404996062
0.19972541942899077,0.052265871962112256,0.20572501755468636,1.9478532382293e-05,5761.2268303465771,29262.191060986421,20.930055728142154,47.312030350061661
-0.12862720694285404,-0.065109117285800808,0.21920013755130643,2.8451062155083993e-05,-22660.720387311019,-50704.441421303229,-47.1959257171724,-104.18422839330408
-0.090195540827124346,-0.046686763452506684,0.22488986997645713,2.7916719121929853e-05,50664.383576195942,-49638.035958768814,111.53422673882136,-117.15378477047979
0.13622770116950639,0.093280624605454512,0.21716640359895398,2.9817403442890047e-05,-40181.001222284802,-12714.630490525427,-78.481753585730161,-25.810007251073518
-0.17645421083351914,0.10947989009213181,0.20413733556689484,3.3036241834394693e-05,-1941.3741587457521,27261.572684134248,-4.7401186447546833,46.219702651096419
-0.15243494479663713,-0.035600781740682055,0.21567544888367893,2.0507201172977516e-05,-40671.303289773809,-35327.141754075601,-83.610173003170175,-72.431508799349729
0.1523298567277071,0.034608307307374166,0.21569100696517057,2.7567090327488574e-05,-40149.983413945345,-36024.116238120034,-79.656100651172736,-71.084052151698103
-0.19070530105032799,-0.045635041205353659,0.20854867685267656,1.8922545403422474e-05,-17736.385934586709,33861.194741271021,-21.840160756235981,51.771531436879648
0.19099786589595705,0.045664667294039507,0.20847909007769869,1.9849721984515412e-05,-16994.556993236041,34076.888331042137,-19.730490102316761,51.762202046687683
0.14799410220065581,-0.022660292322220225,0.21633290687775225,2.590786353516131e-05,-29999.313583457315,-47789.514840142489,-64.282231669381844,-96.902309444206708
0.0055750468536485557,0.11557140344688238,0.23283976367026682,1.7585372789684445e-05,-27367.273230312854,-26314.168373737626,-34.009035194867998,-28.94121233500217
0.16227452622906843,-0.038422250337592639,0.21418619686794982,2.2421741140578661e-05,-49032.583000300991,-14037.867457415203,-93.676588880515723,-29.669613665345789
-0.16272344371801103,-0.036827219100906687,0.2141265739919159,2.5916482355901709e-05,-48692.096674285189,-13857.342032832434,-92.230622415611592,-31.528331623849624
-0.16159768649728545,0.038195671037746827,0.21429225268799265,2.399319058882162e-05,-48578.56749762367,-15612.271048497214,-90.504368334607349,-34.209592616372255
0.10327164262798505,0.12538227796746154,0.22212690530117959,2.0697198587368177e-05,-20504.214161268064,17515.485262802256,-19.068961433246994,18.854339123368955
0.17549775974679105,0.09249600712140317,0.20727528195810666,2.364359426969965e-05,-18779.830416803412,28050.838961658657,-40.423800619516257,49.522793035335042
0.14741499072702038,0.094183394637559995,0.21455036449575657,3.3125164469273831e-05,-39253.071657086868,1821.4298428604686,-80.670220767387747,5.1969774706640539
0.072027626064300576,0.035328962945140457,0.22757300443480882,2.7850203920192648e-05,72609.532181172268,-27809.33415733579,168.39870232652694,-64.045976194072438
-0.18070129345367245,0.044153138816786251,0.21078371486080005,2.8335959108439098e-05,-37737.939192032223,24255.498388936066,-61.998521071570373,40.083737130320849
-0.18094135735038544,-0.043445730153093345,0.21077499497377386,2.473248968412156e-05,-37540.347306072683,24532.803362608458,-59.553914217598553,41.971534827870052
0.18134695668084549,-0.043872593317750591,0.21066580117489944,2.7721848928367813e-05,-36678.599032139391,24839.888859331433,-61.578202456064794,38.438212535399508
0.18095238095238098,0.043400436471116584,0.21077515812913936,2.5819242727486837e-05,-37529.966234325926,24706.922178478275,-60.733720741512435,41.753667024653154
0.054211141964183744,0.055146376697083326,0.22986228597913994,2.3103697608696184e-05,68550.846184520851,-36281.750223957613,162.24673194685386,-85.538197628532231
-0.17089860760204079,-0.040521142260980095,0.21275104558505642,2.4771589384663697e-05,-48428.637625053409,5295.3482169071904,-86.295501268550495,8.983457526367971
0.17160529676858485,0.040187108933444987,0.21263782097834977,2.2152666165298906e-05,-47723.372696359686,6561.427575266971,-85.223368240259006,4.0924383230240871
-0.056881854395015197,0.011987079607247245,0.22955036824221864,1.6609701956153312e-05,84828.38389707169,-1580.8062691769519,206.6968976523867,-17.299964442251671
-0.14640638470427975,-0.093293184590543268,0.214854103591196,3.2580701682166238e-05,-39823.810972867977,-370.10475203027272,-82.82637045142809,-0.74829007472183406
-0.19479035304954961,-0.10683970345497308,0.19811481067761383,3.1777326786973903e-05,11111.23348823076,17220.365055804086,27.017502832282485,27.533092782673204
0.094178023987849996,0.073200870533401602,0.22430027119341286,3.0948509737588486e-05,14774.42243897452,-58356.246809724835,25.555011709186623,-135.38911428649197
0.14254085021366197,0.11301493225513584,0.21387674987503752,3.4902519182957868e-05,-24654.240425623029,17537.174386795617,-42.009093685384606,30.347277785847528
-0.1419796074263181,-0.11216784869296914,0.21411968490961605,3.0899195588518556e-05,-26135.532161143459,16320.586004948154,-45.69941970869553,28.289285964474146
0.065812409349786299,-0.014434932238333587,0.22846254795384657,2.1276696171668027e-05,81443.687854012183,-8794.73541264089,188.9587614126963,-24.545704438975399
-0.15340453963868775,0.075611350477104197,0.21462584963330805,1.0868617437475789e-05,-45112.305942465253,-7253.9331189481845,-89.467057489148914,-22.177947978735332
0.10944017318487662,-0.065174950495333409,0.22204074008429273,2.7999957775532899e-05,5833.4026781582079,-59548.83618759938,10.211661100579331,-130.53736085763731
0.05065988509821609,0.062541356659640765,0.23023968208633774,1.8244477067869784e-05,62924.076998960481,-41215.651890949652,140.186718695895,-85.559503734164366
0.14720265922312814,-0.079817050774366516,0.21566831257049487,2.2642167118871839e-05,-43501.119703797653,-13485.675494963527,-86.77954852195073,-30.894319651396472
-0.071428564576605874,-0.042418785451330349,0.22766074586639967,2.1983706190612365e-05,69066.821655918378,-33563.475073386457,159.21874341145676,-76.837196301294171
-0.13756046466556607,-0.079115355989183594,0.21754960420842626,2.8595181386960498e-05,-39700.598535141085,-28207.330971370389,-83.060072410377074,-54.103660140856249
-0.19403905140758237,-0.062427915605008502,0.20601654421443702,2.6687953717094702e-05,-5605.0618497424512,32886.864553459316,1.7195715769675743,52.841016473042941
0.1941476216481543,0.063033915692863374,0.20591283194059939,2.1508689925140226e-05,-4964.5976386891161,32742.038682408383,0.27972268372425263,53.69043611183308
-0.07627609219120543,0.017285711009595067,0.22695061691377486,2.9366093948699165e-05,76627.336195718104,-19926.680658346479,180.72327695964427,-54.615000565414952
-0.17551292569767252,-0.076492859317642103,0.20932542884247227,2.391057482823524e-05,-30846.508174092294,24985.858667360397,-62.059361317799727,42.945899057016483
0.17629120253186914,0.076033590327588607,0.20916974343941139,2.8167746979461436e-05,-30147.752656053202,25756.099475492174,-60.416188373311329,43.256777708424373
-0.18629337355885264,-0.069723801507120348,0.20722476232225628,2.6642976982477154e-05,-18438.073059820988,32162.145654555665,-31.006616059191668,55.319561231742476
0.18786885199011927,0.06989619000528878,0.20678108382427435,3.6241361008128909e-05,-15364.141564934262,32661.948207024761,-23.996704560210699,54.865294027860266
0.085269099886149419,-0.019879676929311595,0.22561921984846234,1.8404205694387211e-05,70166.020197072561,-30104.609588110106,160.50857837428461,-75.411515558730244
-0.18613095049646136,0.11175529705454706,0.20026117047462949,2.3478805518156898e-05,7657.1301321755445,21980.601777245105,16.883645417174371,34.862749305779218
-0.094967864941114713,0.022856167015079622,0.22418333679694485,2.1027622415760791e-05,60189.966433963826,-42306.57937575713,139.27564541066269,-107.81359141067225
-0.10046150333521155,-0.060648019822848898,0.22337001445986954,4.1842833317128873e-05,23523.863790197625,-59534.099429156886,49.540014940661671,-137.10059546228041
0.10451298277805811,-0.025338059793833561,0.22277020091323901,2.5605784873165365e-05,47461.899543075364,-52590.084036408378,98.973264059275991,-124.09486467978286
0.023401391815473474,-0.061924043883763227,0.23231962334663658,2.3457920543187199e-05,72608.752560224064,-28947.473328494027,164.35727346594291,-62.848215550483836
0.14791613052864369,-0.033426585956515181,0.21634445043012274,2.1538763524430434e-05,-33652.623260955028,-44109.868027354059,-68.205166012142286,-88.31712921469699
-0.11356822651906662,0.028332789382236493,0.22142958992396494,2.0753958318510826e-05,31607.427087137825,-60201.948314189016,65.912609506739742,-136.67679734694218
0.052344275745318386,-0.010196424432618914,0.23005120951820554,2.540966685887224e-05,85871.129691004651,3077.155070483645,205.05569325420203,-6.7635358250667794
0.12377638543371176,-0.031165128122220075,0.21991829211546385,1.5036840938852614e-05,11266.748306329502,-63563.487778824761,18.380475792692796,-142.84753756703114
0.13785029012503519,0.07176390649773999,0.21771563456985749,3.3555089389094664e-05,-37746.401645543476,-34678.709263871606,-79.399023959250187,-71.014545720676225
0.13079865165686427,0.1268656093031465,0.21543426717408645,1.3519309591025984e-05,-7985.8441970270378,21661.212132942444,-6.1748803750038794,27.371460363575856
0.14781917617664495,-0.070447379320819695,0.215978013872799,1.2827578769830004e-05,-44075.64273943664,-20952.835180739556,-88.918058423169811,-46.985208022843118
0.104094972357301,-0.061408490516040783,0.22283208653219369,2.7964251895100812e-05,17909.910380499387,-59799.668170824058,37.497836476997065,-131.95054236114967
0.15693639576720597,0.07823047050660828,0.213672906526686,2.3624302801206092e-05,-43914.850992250605,497.83558413149137,-90.912537339288789,-3.1730239976075247
-0.15703199491362585,-0.076582218988705222,0.21377142659487466,3.411678423015761e-05,-44626.847758886528,-627.85709695065225,-91.94128344862564,-3.99114314920147
-0.1287449845246508,0.080564162940503226,0.2190506372378786,2.0455759392939851e-05,-33582.214190850747,-37464.712478051333,-72.567447007283633,-68.512998940677946
0.17031002921140553,0.10678974907069343,0.20665420264806447,2.6766515672280417e-05,-10672.915406817207,27487.843066609959,-22.382432955323804,46.390935088943962
-0.17069215364871271,-0.10705019321286746,0.20649595768666087,2.2460639263013572e-05,-9996.1306966405427,27392.460104227332,-22.547492254005483,45.480395001229134
-0.10932360509891896,-0.063071883872813872,0.22205799775967985,3.0007685816353563e-05,7967.5783238594449,-60061.525063525172,17.173717145260611,-133.4697925843856
0.11902476805661347,0.068732099138239536,0.22062175970338924,3.3722663853516524e-05,-12369.644963835046,-55313.789571785688,-32.032138482969167,-116.90859420084433
-0.12422582431341349,-0.072038336479400861,0.21984965896629385,2.1278495553493835e-05,-22042.182548889024,-49420.822080118349,-44.337845985204247,-98.384164574024709
-0.081165789438204503,-0.045480174210991334,0.22622670687324622,2.1945472477177209e-05,60072.341140125798,-42654.007158027795,137.54175608519608,-100.76869247659097
-0.195127062523201,-0.052139056466465508,0.20689481628777009,2.4564162164154918e-05,-5694.6349857257628,33534.220147403481,2.3566469596960538,50.049501746724438
0.19443557918345894,0.052027760270644811,0.20708052265873592,2.0580367501692085e-05,-7287.5647158819265,33731.116294247287,-2.8683748590002023,52.248488679342053
-0.11941540777464964,0.071540360424891508,0.22056392626302865,2.7578779262579512e-05,-15484.118534974748,-52970.979225945957,-32.241257665452416,-113.19781681884767
0.14324222624258676,-0.03672823305445283,0.21703641274808075,2.824878461678212e-05,-27986.042440867823,-49252.481702714307,-55.408947009644507,-104.42691439463114
-0.11909225192558637,-0.062881603357973714,0.2206117688495888,3.3906017565876878e-05,-6693.2192358750071,-58221.620992861768,-17.6324282966151,-125.90314922235063
0.14768348117437749,-0.04332275252101718,0.21637889370850344,2.2389309357588627e-05,-37609.845101822822,-39978.567453077369,-80.134749716727598,-78.654167310290376
0.040684175289131597,-0.093901094320319983,0.23118003373128834,3.3481802757980058e-05,12568.162729316473,-55232.745373720245,27.431044848979322,-111.18901411443463
0.18598847212726374,0.059514814986205089,0.20842547858251106,1.2597821062756104e-05,-23526.281500740304,32060.994874943044,-38.74706931849839,52.747617333261687
-0.18567673538490456,-0.059688633721202949,0.20848482989234615,1.3572208618523947e-05,-24058.428134466016,31758.372607055811,-42.678704168758415,53.249949731599976
0.12865417005919402,0.072756951653456733,0.21915743855612435,2.5531064136975932e-05,-28485.866928618765,-45079.635597724016,-66.023029387690613,-89.219472300490125
-0.17656204593160713,-0.066947109605249591,0.21002718273868085,1.4524114469469878e-05,-35128.461822419471,23856.973244560675,-68.525180351089148,39.775307960291187
0.17641014966266957,0.067153119526379118,0.21004621037972251,1.7358030073709059e-05,-35249.861068020677,23788.944712199336,-66.307506308194206,38.004329582501697
0.14738472330015023,-0.062011732031007134,0.2162685621075611,1.1949433000935644e-05,-42940.218183293771,-28463.998803465602,-86.704884020585098,-56.398092218569126
0.010067831660482213,0.03989181899118821,0.23275247150013922,1.9146557200369015e-05,85392.159617221216,-133.08382300847191,191.46430944559793,-1.8771130558304221
0.14723914074422761,-0.053657575064743897,0.21640680403285709,2.1326869559043577e-05,-40526.392027551228,-34385.939899168712,-79.62365772598443,-70.751137660279184
0.099999999996069927,0.056036974497471893,0.22343833911967276,2.0461969379675956e-05,29698.795788398034,-58243.372694947837,62.596633653482407,-124.54923822059673
0.09882325599200599,0.051693290625035318,0.22361255375028136,2.5186980629138831e-05,35651.759893914263,-57432.331324556872,74.906263633726638,-136.60641569311954
0.12839964130771025,-0.076335117294682231,0.21917892225805641,2.9737979777107336e-05,-30334.313368156854,-41727.529120052306,-62.263548432676082,-82.715918397936278
0.070945853056135877,0.03917331599422981,0.22773144642164131,1.2072008211386895e-05,71414.935380158189,-30310.367917173036,158.05945868312415,-74.547091206532798
-0.089326001280977937,0.070359287884493832,0.22501860359252679,1.4233538436296209e-05,24844.216039519095,-57860.640463186319,45.410718360132087,-123.99688827122351
-0.19408166346953398,-0.042613567054041387,0.20801177132407103,2.5563609350777799e-05,-10023.639762541763,34107.716307334194,-3.8948928111547945,50.342242131086365
0.19430213049461317,0.042454009479946007,0.207973726590582,2.6557656990182516e-05,-9430.4781068116754,34058.836550743836,-3.6615251447844286,49.680850778060922
-0.1272099177638164,-0.069378410949275562,0.21939285555983348,1.610657133352871e-05,-23781.226149702117,-49102.172561511943,-52.49643411274652,-96.645346235114431
0.19047619047619047,-0.051223609552920497,0.2081234975836182,1.2882738631516622e-05,-17038.189961175103,33612.778347076957,-23.177672517312686,51.616637414995616
-0.19024523077137295,0.051179969970515202,0.2081794742015802,1.5302600984900951e-05,-17492.973385272511,33887.113655627618,-22.036202185429264,53.689254976863303
0.18521893627587493,0.050294003142615826,0.20941627412536257,2.1615018331271114e-05,-28264.848684469984,30925.862020463064,-43.771401744557267,51.670352827818178
-0.18524034701117514,-0.049928733906728827,0.20943846306199101,1.9330450606593013e-05,-28323.160907064626,30579.743315783177,-46.844863912014105,50.052816373337002
0.12139677037662226,0.11353768622129923,0.21899144765564785,2.8238408642369359e-05,-32427.031293817763,5720.1582765262565,-52.450377702668696,9.485114366099781
-0.12064991585256693,-0.11390468687628663,0.21912830968053965,2.4209226717294879e-05,-32381.597140972968,5829.0005082377047,-50.812193604407383,10.245490022511447
-0.13732421374784165,-0.073895637094939404,0.21773914867442654,2.046344369058013e-05,-37608.387245303005,-33523.350142125353,-75.014974742150571,-69.773269220377173
-0.17736660522762068,-0.056787610242534287,0.21068907595542696,2.0494923901609108e-05,-38704.878805305285,22303.991944488611,-71.275288162483747,35.855454697714663
0.1761904761904762,0.057129041091421848,0.21092243633839952,2.6303560159445252e-05,-39992.049370449771,20782.779746696171,-73.836400476837497,32.90355614093005
0.14261614705744297,0.039240599835080374,0.21712910253752932,2.3749507549092851e-05,-28384.149251339775,-48968.584007125966,-56.427615314185623,-102.90639120357072
0.051688395835393613,-0.020694455775148828,0.23012360313522917,2.4206744415687755e-05,84139.439547417322,-1918.6601055979988,198.73880526996342,-5.4381416213674321
0.13272558844469054,0.036747824573989944,0.21859338024727965,2.033586930755035e-05,-9379.7829473250295,-59703.943352885944,-18.285488156221877,-124.79589598113775
0.12405023294453822,0.033721888284276171,0.21987774953120001,2.4369098524048664e-05,9145.5551430923515,-63260.380519938575,17.085039622884224,-135.060679062687
-0.099498431192716411,-0.0533689021777198,0.2235125953924893,2.1729788004907784e-05,33107.943954080867,-57626.316168140831,67.921731597416397,-128.45316423896114
0.11436001713931583,0.031062620208601142,0.22131236688314243,2.5322171636088814e-05,28473.392900037572,-61244.287512980925,56.61141171541648,-139.58262786761276
0.06121712762753484,0.11533780048621035,0.22901287405731022,9.9247352416926411e-06,-32777.031195396907,-18024.326356230613,-41.12525374032883,-18.67825870487686
-0.078559531180537059,-0.062030694842054479,0.2266125582717339,2.6767395543755874e-05,46118.372047779172,-52525.322069517948,98.048434439058369,-124.8430240470925
0.13587228377049032,-0.10279965025104285,0.21657220178264791,2.9117155386649198e-05,-37168.026466872769,153.8349201547436,-70.237143762365406,3.6135774999915551
0.12801811258386231,0.067543642410905796,0.21928219818513017,2.2754547384705955e-05,-23834.138626738735,-49307.470341017288,-49.164308244475698,-105.4724614021778
0.10555057712465103,0.027823099470794883,0.22261658711517507,2.6090110373336162e-05,44431.200899827287,-54119.358796262706,97.489618121426247,-124.68988460301874
-0.062039087138532303,-0.031370629051878124,0.22892347056118026,2.6367039298985971e-05,79308.440832702196,-17269.370327064873,182.86733313556104,-45.734645494546584
0.064607316716176921,-0.098851989558304904,0.22860975362769687,3.6065558440018391e-05,-9044.0858003800986,-48866.260481595149,-15.836822616123934,-96.060252506791031
-0.17120790145687817,0.045669138043882576,0.21256417002136915,2.0573667753997236e-05,-47608.337816712483,8104.3860441423294,-88.424605120935666,9.0457020234824288
0.17054910249307673,-0.045503208833667652,0.2126810071944181,2.0233685339757791e-05,-47760.528158550194,6548.0765671117942,-86.945645879915773,2.8083173482764181
0.095459437867777455,0.025496651126673688,0.22411056039397198,2.7499161119826887e-05,58352.175757573852,-43851.440043916497,133.72232368000837,-106.95425053368578
0.17635460248059961,0.098006187532217987,0.20615709911269176,2.8595929276939832e-05,-13015.149938947316,28594.758835532743,-29.506831949291016,50.2020644003683
0.086162032623498183,0.022097585114052964,0.22548702291653977,2.384943751241122e-05,68652.692145811496,-32246.389899779235,159.96553271589107,-81.183764754443516
0.1906975848576461,0.11450433693526683,0.19794390128368539,3.1541067123525679e-05,11271.476894400936,16270.178885945716,22.255073923987066,25.170293894796689
0.14703419671943951,0.059963850345057447,0.21639401905496439,1.8911194106612496e-05,-42212.963347866578,-30468.474632356352,-80.017854342806132,-62.222099197683541
0.15184640243424652,-0.040532537836822299,0.21576258142049853,2.1040689020861293e-05,-41263.776214356425,-33913.805573392958,-78.765220580589727,-70.84619285009228
-0.15241790809096326,0.039617413188479028,0.21567777155944334,1.4235436709048186e-05,-42048.155885804299,-33420.099057224361,-87.476211415708207,-69.561666200229254
-0.10842548431976193,-0.056662585475460013,0.22219096277096723,2.2579170923373066e-05,16527.427060524649,-61102.591455972302,29.484957183265102,-136.08767346846855
0.076355556391259849,0.020095718774192098,0.2269388523955693,2.5127049446992957e-05,76429.252046645328,-21293.529920220535,177.33275891916642,-63.803453025404835
0.18522695501790254,0.039732711825628979,0.21009818786749851,2.0038060876309114e-05,-30580.023468443036,29309.122944630322,-45.612701991836452,45.988134809052738
-0.18532954024507001,-0.039914383104603407,0.21006802691567097,2.0441871654227004e-05,-30383.348471915328,29246.990708333153,-45.996747985556581,45.26481977192401
0.048240155172906488,-0.012675230380338232,0.2305042072826472,2.5722336406781076e-05,85446.044163746759,4475.0509619118993,200.848121804388,10.904046190519495
-0.17742134334066645,-0.046729893754930821,0.21129965200114112,1.8815514799828101e-05,-41562.342314435191,19628.071870075473,-72.07088665598117,29.46310220118367
0.17633548947139455,0.047245564390453611,0.2114871622361035,2.0619983984605666e-05,-42808.527222164368,18220.474869199028,-75.814319075153904,29.253591944481649
0.089935962414294884,0.046089123646852921,0.22492830004888481,1.3911351143165378e-05,51095.359377386703,-49104.293578704361,115.75689911214263,-109.31768919064291
0.065793228308535706,0.016927481626683984,0.22846489097547304,2.6046718042450688e-05,81192.443818854546,-10306.711397434072,190.4121876205713,-28.778599337150538
-0.042747648163490901,0.12355683708217829,0.23099845739253549,1.1958447726197183e-05,-32703.769088879519,-1486.3804889774208,-24.185549394369719,4.8532913158427116
-0.15714093743514479,-0.060797210994112914,0.21461335601975842,1.7079228942383708e-05,-48094.953999693062,-11655.738244937642,-99.801541336444714,-27.758600120057046
0.15763465063642834,0.060677539184159253,0.21452592073800222,2.286367829560931e-05,-48276.466676147807,-10818.795443953763,-94.134074290001308,-24.714948970315319
0.1668287302297205,0.053525628659789055,0.2130578872204392,2.8452730189436755e-05,-48567.179276793133,3016.0945852115055,-90.783913633468245,0.6695723606743299
-0.16690850659571288,-0.054158615838425746,0.21301344839898426,1.7768847903111038e-05,-48310.415930082883,3242.9847949311411,-88.385375948366047,0.074750066345374469
-0.032954210599243028,-0.019016643215772188,0.231756154461012,2.5242738174581031e-05,86564.918782936453,9002.4301294898651,202.93640874850371,14.749102151577985
0.19523809523809524,-0.098898814875563443,0.1996547805339553,1.3696417897858547e-05,9155.260351043009,20594.08692327141,20.208421226230392,37.149395010789114
-0.13734301291867596,-0.064569192393062566,0.21787097730237068,1.5056590101953085e-05,-34009.840698748121,-41441.936268454177,-74.002585994634174,-86.503922165322635
-0.12660379402814326,0.09722877106636274,0.21889527537320555,3.0679050219406354e-05,-38294.421450250331,-17205.78800169762,-74.257747681226661,-31.916885298308955
0.12613690896500446,-0.097528237950623584,0.21896155777364371,2.4061020181529034e-05,-37937.070542925416,-16984.801196962315,-74.455083139162852,-33.572002741615975
-0.080528755475645683,-0.040054231059856157,0.22632101849590078,2.2430556826015341e-05,64364.650908464399,-38262.613266044471,147.86002248871088,-90.810925889959563
0.19492564619549799,0.020847904475256484,0.2090693149513822,2.2578449372951081e-05,-9212.2984025414353,32115.320007818664,-11.1451140903379,44.301678534834828
-0.1947608810582514,-0.021437990724290319,0.20907991023750522,2.7714883454333594e-05,-9742.8803997672749,32464.804868531104,-6.6883600202663152,44.164331294336797
-0.0074180110715244257,0.12339157744867221,0.2328210434089775,1.7535871287727168e-05,-31661.223813067416,-5284.7636008348736,-24.983216405223811,-1.5838299225802988
0.052976855341425315,0.021438972943444018,0.22998138770429635,1.5195099381630957e-05,84160.536087291999,-3601.2211630434163,202.01485681630808,-17.184927314260165
-0.090762841976058661,-0.041971624667488168,0.22480588215942632,1.9999830203201191e-05,53757.969344213394,-47542.549325014887,120.6141706477928,-112.99338567093595
0.10957905761876993,0.052638049829422717,0.22202017851757605,1.4834489439208824e-05,18659.012621179692,-60900.561244998586,44.594493092420763,-136.81834332273203
0.11870873269113237,0.054997048283481891,0.2206685481163885,1.3767173150907256e-05,1563.3981877106926,-60900.208754160471,5.3655733273726991,-131.13261011137669
0.06766444312812063,0.12458389561686097,0.22818627236279851,1.5527987003683633e-05,-28964.823710484783,7525.8270076279587,-19.712095285830134,8.4035377919768255
-0.18581541177502489,-0.028917341685239375,0.21044420516125109,2.6322039188733469e-05,-30510.647655787663,27760.474503632664,-46.819462516770109,43.210797710694457
0.18510821788842843,0.028781014936877954,0.21057480441881152,2.532426871419667e-05,-32035.751639613409,27152.428329594866,-46.783969013580169,46.089144225127534
-0.048772233819197236,0.12068022955911092,0.23043414301679424,1.0394726902339493e-05,-33691.555185409765,-7938.1233498997308,-30.423557139619444,-4.1251492827692395
0.073814660369022858,0.11362560349289913,0.22731502704392106,1.4946161274970382e-05,-32444.390128817369,-17071.376942472212,-44.448450687941516,-26.328320698762333
0.16662227177016542,0.10751999946184965,0.2076635626360433,1.2198150110361592e-05,-13332.302620491497,26609.22412596428,-26.59196651690608,44.229088013825944
-0.10101745806380784,-0.045589884071065685,0.22328770645800755,1.9499077605949757e-05,38245.056421124427,-56180.28270636974,85.047272676545404,-130.35852750396805
-0.17566785784911659,-0.036303399077790573,0.21202208147417312,2.5981275603586117e-05,-44880.032847312796,13237.622850699972,-79.077210649322083,18.641291036175545
0.17541660477901086,0.03658351169322465,0.21205776825332068,2.4349269115988991e-05,-45261.155556529149,13011.975734934351,-77.993351296698066,20.727233744315601
0.047392820152244969,0.12891583333575773,0.23059257307544329,6.0038923797309477e-06,-25783.335678112682,11853.423674790873,-16.047293274958797,12.359418546665889
0.061673365084916207,0.029670653320298224,0.22896814460518566,1.4380539577607687e-05,79472.874518768454,-15936.812749780107,188.31495614877574,-35.875707191433733
-0.19477787557017867,0.091540880665438376,0.20128437145301437,1.5122451244295461e-05,6350.9327707354287,24344.952227745554,14.4610622215469,43.843783620219675
0.19497851088452101,-0.091426755280391972,0.20123911558157756,1.5969391704554205e-05,6516.43558332064,24063.212037843023,15.057981570068819,43.043708194509534
-0.16767011543146804,-0.044053792680663763,0.21321377998925456,1.9152099414019699e-05,-49208.989378635655,62.376257435854754,-89.654633250926679,-4.7389402564276031
0.16786536023146365,0.043354822866099513,0.21319797337604104,1.9802075387522943e-05,-49160.896777683141,356.85462932965243,-92.374564765408465,-7.4843804223965273
-0.073965272818512548,-0.02640235840717918,0.22728904814311993,1.1765156001224796e-05,75540.617341569799,-22616.939586742119,170.7394667318826,-55.369236366768256
-0.1572622913097983,-0.051051607069757102,0.21483223882645297,1.9407048470235108e-05,-48051.720802513788,-17579.29364078417,-90.79708687472673,-38.495095038323527
0.15720253739272616,0.052042542608966569,0.21482616238697891,2.1945803380227036e-05,-48169.133171776164,-16941.930576048591,-90.991858717335333,-37.871469999901215
0.1948386971853216,0.0093237212637958828,0.2093398902152824,2.668466436207595e-05,-9353.1936038186886,31607.515756126861,-6.3910024951452655,40.542260754873908
-0.19490481323717931,-0.0090764866577447197,0.2093323782753265,2.7893777489196947e-05,-9263.1245193897157,31567.671150633098,-6.6357609441389602,41.575903699059644
0.011317843879721458,0.035703342930804162,0.23270201218887018,1.5693256623280606e-05,85816.439414173088,4056.0643644259731,189.31623151197817,11.621655759997314
-0.20000000000000001,-0.059029979475976609,0.20482603139331673,1.301506405069408e-05,7416.9181325847394,27689.2349224682,22.512595354533751,46.434734899464047
0.1997294131079545,0.058107786129979772,0.20487264801881702,7.9806315401047982e-06,7029.6314730071381,28665.829963231954,38.695064011379188,50.583295473340883
-0.19970515567200336,0.059002579891956328,0.20475470533533063,7.7843899005471923e-06,7166.4232759755805,28333.078186217699,33.895584268043223,49.933536248267799
0.20000000000000001,-0.059029979475976588,0.20482603139331676,8.0077930497732863e-06,7677.4641404567637,27760.107873949844,31.519566250075393,45.902610205202805
-0.19475448756810082,0.035523989238832356,0.20837679690503524,2.8643685204738062e-05,-9114.7319011904601,33726.025398944017,-2.1884942997689851,47.371208758952967
0.19611666104979567,-0.035107506780090156,0.20811784542676534,1.8622730158054277e-05,-5714.6475975969679,33022.560264616783,0.55392707564047472,45.55394366087836
0.18566177953273383,0.018318983147815188,0.21069575673595434,2.7619332775196584e-05,-31266.197062805477,26212.755647233022,-42.912283908958159,45.066243987992856
-0.1859030488637311,-0.018172157241992518,0.2106590289803654,1.6582559415618712e-05,-30500.108354985456,26245.388583001026,-48.098164208490623,43.413654927943767
0.042321275254175707,0.021771687068607909,0.23103667663924182,1.9491003080989464e-05,86181.020329071835,2849.1043403047465,205.35936270985607,-8.5906560682719473
-0.19402509254228523,0.044139104141013824,0.20790430334540075,2.0656564760440908e-05,-10003.634148165425,33912.99510949666,-6.6316171331307308,49.640887723190943
0.19440151461366104,-0.044575766679918978,0.20778869398690258,2.7178818459716314e-05,-9095.6270337462083,33770.33678571949,-5.0525395495697119,50.057306979233587
-0.19499529073175773,0.023896429266716944,0.20895694141358925,2.4697659170834657e-05,-9070.2150772081677,32703.313049430155,-5.4376533267437521,43.800899298823431
0.19520122872766538,-0.023520373046526922,0.20893982791813623,2.9387154403981478e-05,-8581.3443963299596,32324.020975468455,-9.1523560806932434,45.019702237526147
-0.063810538104691505,0.12877635926766956,0.22848697449051408,4.5039344485299553e-06,-23464.292897515184,14876.997720751908,-16.046018109577446,17.827335270696317
0.17621075466303848,0.026271321065978463,0.21210569343281244,2.3585180851904543e-05,-44655.703379535844,11151.172249503239,-76.298072305849942,17.605025782597437
-0.17633084479540037,-0.025767505006490762,0.21209129643300337,2.4398960595456751e-05,-44446.670950650048,11228.618403458117,-78.598129553382151,16.395938996896785
-0.19519828922138774,0.054611168479447754,0.20662666921072562,1.5438103414444573e-05,-4887.2099229211572,33030.777449555775,-0.039558963991966636,51.798936835885478
0.19502901010839604,-0.055386688328558115,0.20659306582220247,1.5307243810267468e-05,-5203.6184520777761,32930.517744337209,-0.43479397113462015,50.861752763889143
0.11871651008571148,0.10961879349136217,0.21982971750962099,1.7476158152096823e-05,-35599.510907003576,-2340.0732808245348,-61.518405954210181,-4.4326727375615027
-0.11780197853317138,-0.1087281601249328,0.22009008549954107,2.4222935964139661e-05,-36385.244838590079,-4878.6442928878396,-59.867129081423961,-1.9297926362491968
-0.082087879757049814,-0.030785590112321116,0.22609019321884849,1.9061127301515967e-05,68452.117234832258,-33121.606728302948,157.76489621460374,-81.282065652864532
0.11033753354780804,0.04363815730055038,0.22190788765112887,1.4118388422699299e-05,25777.597094270648,-60607.841589524483,56.716152749165374,-132.3325473049411
0.12010585541225846,0.044374199281139393,0.22046170685105357,2.7992830470232688e-05,8167.104651439874,-62737.173312212828,14.846313245659902,-137.82622266359698
0.12900667903141957,0.049645106050289552,0.21914395745647916,1.6088557209625018e-05,-11888.307837194327,-58313.148127015498,-28.249278667402077,-127.35226997804868
-0.13856699305502732,-0.0054396766434826127,0.21772857180728714,2.9009414622742603e-05,-8304.2123408092702,-61105.435578193108,-21.002737228191627,-128.88219013256318
-0.128815285699452,-0.0037202325117785826,0.21917229286206827,2.7087943393437181e-05,11678.973433029167,-64784.530651630288,18.017374192713781,-137.63335079158972
0.1185229819316241,0.0059836094213303499,0.22069604815024568,2.3952790629396432e-05,30864.289417700882,-61590.083584211519,64.930111179068376,-138.84749079943182
0.13765881061877672,0.00091975174055711922,0.21786302642707717,2.6037632971659616e-05,-5977.792401582833,-61919.506821386378,-17.511201405921216,-128.96338265271342
-0.19549779025945863,0.013076138467865138,0.20918243322999838,2.6954946321370722e-05,-7676.7607205173908,31673.757393720611,-4.8415288402054744,40.720089134112378
0.19492679961344456,-0.012675627129658305,0.20929233317647253,2.4737464987862393e-05,-9301.5984687883283,31804.112982890474,-5.9129840486219152,41.770761625485271
-0.19448312153491165,0.064626575180747742,0.20563868099701899,2.0194150648202589e-05,-3767.2905364368016,32171.003383457533,0.65029505963900136,52.068415409743857
0.19490289900111982,-0.065256611372302292,0.20544610414296061,2.2216048857215818e-05,-2776.4811531518303,31641.849580733087,2.2661357182837025,49.700458773209427
-0.13805351968469909,0.005837884782640205,0.21780459052778212,2.0294952391138206e-05,-7144.2687650479884,-61419.642072373113,-16.423834772689883,-127.17800530228247
0.10960433015879716,0.0041775188126655458,0.22201643696783355,2.4810521064148431e-05,46080.590390249497,-53846.560403201176,101.99122340490413,-119.75537069224315
0.12904488139060219,-0.0029767070310057868,0.2191383016724936,2.5370885720283171e-05,11192.571284003094,-65093.574498084759,14.269163665819818,-140.85648784213879
-0.12012898725355441,-0.00031178072059344196,0.22045828222753927,2.9412992229030247e-05,28466.86740548841,-62315.244935164643,61.242251372585898,-137.7146933304617
-0.14299857886647674,0.042144431918698447,0.21707248426191994,2.1140333586680896e-05,-30435.319121039513,-47443.425375321181,-63.463326174193227,-98.66183068294859
0.1385104838917858,0.010808486896147508,0.21773693787753362,2.4685962706900697e-05,-8866.0880879934102,-60767.62873174392,-22.269049837522182,-126.3448234387449
-0.19473917889466019,0.074731236943849699,0.20415828535824432,1.7276603479396865e-05,331.57720175340933,29881.51502792654,6.7810933098590871,50.291652083083342
-0.18540748438575994,-0.0072124947982754161,0.21079392938163966,2.1575278175365812e-05,-31562.900346894025,24290.558277364602,-46.380351551398796,40.85513942700409
0.18483382188667102,0.0081443634220170636,0.21087885898402353,2.137894700493553e-05,-32493.9170359688,23441.0672995235,-51.000894121345908,39.613505469973688
-0.1185402892375083,-0.011203019484247763,0.22069348583771972,1.8850390772792082e-05,30092.582978991959,-61558.605233186521,63.80073627555096,-135.23285162461249
0.16715452445575632,0.033667654124363885,0.21345827999125369,1.8660078448504346e-05,-49587.714291019372,-5477.6293600418585,-92.495975235287929,-9.299959386755086
-0.16711312339313111,-0.033518964174406959,0.21346571681005624,2.4530972295678832e-05,-49077.46463020533,-5703.2828026701218,-90.230626824650813,-15.446210306231958
0.12896627327538518,0.0084775811248359225,0.21914993944902614,2.6558762810417173e-05,10570.424356025582,-64481.039149906093,21.291780783059806,-138.01718660518293
-0.090554349110370247,-0.0025071112759289154,0.22483674911728205,2.7085308116264174e-05,68729.962603886335,-31969.028840137031,160.63550753505899,-81.114618219681049
-0.10881518691712949,0.003073946639242783,0.2221332680694747,2.8427790432298198e-05,47430.390728759441,-53363.827457728141,103.54163268288085,-123.59918252549838
-0.1003313468732529,-0.0044291210291117784,0.22338928386754284,2.8675745117475915e-05,58554.002426511805,-43895.248004470879,133.4951938577135,-105.06339043820749
0.099879969167605984,-3.102036471635118e-05,0.22345610944726335,2.9143104568810508e-05,59429.669087497306,-43380.288859984881,133.36390186517229,-105.94102384733226
-0.12922958460017642,-0.013560255728821779,0.21911095672633954,2.0453972385995178e-05,8874.0780928554577,-64448.694278663956,16.283389844453239,-138.51130504380782
0.17691809567688538,0.0039599457565976173,0.21205076664862513,2.4616163661908583e-05,-43213.582816467591,8284.2045448337303,-76.033521892644615,14.031862028289845
-0.1766302055367657,-0.0039563414857906268,0.2120933882164798,2.6315658486062584e-05,-43494.728189424568,7738.270137746219,-76.786545704914218,12.817230755236432
-0.11026642073715162,-0.0086694238070349292,0.22191841576259341,2.5869924438594921e-05,44765.329042216152,-55278.384515209822,93.512733989988206,-128.24153216320443
-0.19482308912348126,0.0020557328146114237,0.20939341636189632,2.3082720423002995e-05,-9369.0839135044243,31460.939205204835,-4.9446700447566316,39.128502326204085
0.1950510431874582,-0.001971340668949351,0.20935988301651764,2.7695846637910541e-05,-8768.0541178895965,31181.496976956143,-8.4069834264360033,40.277986245173061
0.18572453101580857,-0.037216370181243588,0.210144500196003,2.899724629610842e-05,-30102.778800662749,29301.768444807629,-44.133993306610492,48.316518202106273
-0.18565574801759605,0.036965002319836272,0.21017533802288385,2.5373566472567634e-05,-30186.819735477093,29110.938694752076,-46.581096315830166,45.912716015731199
-0.099947773025580056,-0.036244123300549907,0.22344607121972196,1.3307008505534135e-05,47057.699803824042,-52368.330502250108,103.09285186002388,-125.53000895024647
0.11974903598350935,-0.0059884363304232337,0.22051453326424017,2.2367636763931447e-05,28567.68368349201,-62165.570734713561,60.570796888919517,-139.03807335114843
0.18520689043736024,-0.025404023304063481,0.2106533411165577,1.8834854138941527e-05,-31944.77406914307,26297.748739091632,-47.22965995034162,41.273421898385557
-0.18571428571428572,0.026195222793803125,0.21056021086504978,2.6687513290686373e-05,-30873.454738406472,27182.555658803514,-46.572382052596573,41.892025902449959
0.091432060522235334,0.0075099884208556181,0.22470680567259829,2.3006811627284477e-05,67748.348403851705,-33303.063083966656,153.94031148982182,-82.67245352682113
0.18536965030574737,-0.0032861809636712605,0.21079953064261997,2.1371775311347244e-05,-31443.309776205093,23862.548419558603,-48.886469502951201,39.309809643026838
-0.18604730886559964,0.0043911709005706664,0.21069775354586931,2.4802132964619293e-05,-30222.284147344992,24930.079562353458,-43.280183795879644,39.419115927261103
-0.16674748471767303,-0.00064832755685716777,0.21355650555632597,2.9363814378100119e-05,-46150.82033581665,-14715.597904565007,-89.343148790015945,-29.432898260977993
0.16730621136746324,0.0010455105914126098,0.21347378717699436,2.9638506222110993e-05,-46212.655251705575,-13328.998991466109,-89.551137964019702,-27.921982908187648
-0.1759621022946575,-0.015869635337551678,0.21219229958473856,2.7339370753718115e-05,-44730.9460724495,7949.5878195824343,-77.640853607091415,16.210753529590342
0.17602590495113923,0.015389453096440749,0.21218285372719231,2.3920327973190972e-05,-44486.014595381101,7965.7711245120345,-76.714400609818597,13.173192711845749
0.090585008395318828,-0.0023840313152230881,0.22483221007057044,2.7804282563383858e-05,68567.82741124116,-32288.489083780729,164.06009750176796,-81.360922807715411
-0.081360199711893788,4.7110820216073772e-06,0.2261979248153812,2.6426654142183848e-05,75583.479664498547,-21096.499374943625,178.82580887423563,-58.871209362275479
-0.16617796427933892,-0.012425764535239711,0.21364082193477854,2.7669647789756097e-05,-46750.527953960569,-14834.154547322249,-90.222955889661577,-26.412339188130325
0.1662546845508133,0.012716820580738442,0.21362946364979135,2.7708861474708765e-05,-46842.056106770862,-14530.010553376813,-91.219837083249303,-25.674478095185965
0.13808674035783572,0.021999915472701224,0.21779967227259742,2.5689327846894622e-05,-11804.17145483889,-59408.501764070112,-27.69178427541404,-123.39220002083833
0.10056050965809205,0.01000798222136383,0.22335535676889426,2.5287413378519966e-05,57584.860420964913,-44834.158186116445,131.09474779062865,-108.20186009326531
0.17717442715941786,-0.0069562251659541904,0.21201281727782864,2.684168924173204e-05,-43002.784373503266,8989.9345208047635,-76.524286367307525,12.922919856504302
-0.17723039784270639,0.0070890117516901703,0.21200453092847793,2.6373843347677351e-05,-43108.263667878309,9143.9443237694213,-75.720899363052041,14.482564146156031
0.0799980235785515,0.00644318378000539,0.22639959230726939,2.0175788052061892e-05,76727.683442185837,-20237.776536713933,179.80659154796101,-66.427997516309276
-0.15700200798370595,0.00061811429908187158,0.21499930417985769,2.9463724414712518e-05,-38865.140210499165,-35770.127342240339,-81.676285971498075,-72.51418478342255
0.15646192860063046,-0.00088158437670105732,0.21507926186810325,2.3295067988929668e-05,-38377.877147580046,-37006.214588629999,-84.975327093079173,-74.073931967504507
0.12836139123368301,0.019431752182357185,0.2192394910431647,2.938318047606745e-05,8163.1591005693181,-64214.041384732751,15.112869225544301,-139.27377102479011
-0.18604259876552462,0.014805573127434557,0.21067314155940239,2.6700284713782134e-05,-30224.659348065641,25791.417807860769,-46.448321537923263,40.86148963071517
0.18605702361957371,-0.015594785754177717,0.2106615600232172,2.8293487040123423e-05,-30192.430057550093,25825.86731792763,-47.324791336899516,39.293544621426477
0.15697407294752683,0.0094586070641806443,0.21500343990690807,2.7229565373923676e-05,-39244.989414836615,-35069.239945937778,-80.284816302607254,-72.22001491170542
-0.15675036976857787,-0.0095193072842857298,0.21503655872166469,2.3331038003540203e-05,-39078.042367972026,-35708.24080569607,-79.356404261593923,-69.580601843666543
-0.13825983838772207,-0.016151669848458654,0.21777404545042403,2.5558892574401158e-05,-9946.3712064492211,-60302.300838845345,-25.120929678798948,-125.58975106686923
0.11891159271552522,0.016627998097337428,0.22063851508958504,2.6134228696126551e-05,27570.593132403497,-61943.670364692582,60.624643914260332,-135.00178241817281
0.071524885578720679,0.0027449063118855383,0.22764663836803839,2.6902032977222191e-05,80577.105171000207,-10840.05311110965,189.19913112351219,-34.726444315259464
-0.12845394502071494,0.0081676180851312369,0.21922578863740483,2.8698971202799371e-05,11681.565497020818,-64587.517990566565,22.047356595566246,-139.65111318446549
-0.18552637442953346,0.046725153078747694,0.20961832677841979,2.2178657488672966e-05,-28684.310796690177,30526.158017822407,-44.206508778102474,48.614979292038448
0.18544535634163739,-0.047090584551527079,0.20961692524965123,1.9903051016432163e-05,-28743.990063933343,30241.968346268281,-44.341494739943741,47.209731157651881
0.10951579318527604,0.014446314106939577,0.22202954469226974,1.8360967347728633e-05,44135.555753029206,-54760.808601015633,99.962327072220759,-121.94734910598099
-0.099782189529276852,0.0058062880703812943,0.2234705855300084,2.2868638077297615e-05,59189.515537668849,-42934.670280933336,134.35531412145494,-99.418984535793115
0.13822244778467663,-0.011555766819653689,0.21777958105551343,2.7354557273378e-05,-8407.6957656330087,-60862.571590949949,-21.693894339770559,-124.47228516690608
-0.091180931616370448,-0.013843973345705272,0.2247439848121727,2.6627883441402733e-05,66725.296886237367,-34678.139717638405,155.75630338935105,-84.740012050681074
-0.15770797883893939,-0.041332267251932231,0.21486886936372016,2.9991789953500032e-05,-46949.820597142752,-22017.512897077471,-91.287077991225601,-47.638492685225792
0.15691543898359556,0.041741483945102971,0.21498744360360206,1.524376757556555e-05,-46877.117220074251,-23470.626148896368,-91.236738648259504,-44.95029986879981
-0.16682219158664296,-0.023246144933843766,0.21354544535161149,2.6511290805891579e-05,-48240.594165711133,-10388.072844724595,-91.079370227577158,-18.679619627004438
0.16666666666666669,0.023395680759960825,0.21356847050949673,2.7694345820213004e-05,-48425.280774302963,-10617.303141732567,-92.086995446637701,-16.750525370704658
-0.10993554294673555,-0.039751300805964618,0.22196740156735204,2.8559809191726801e-05,29536.645217541667,-59648.902840290692,68.870918819104574,-133.69727845654725
-0.080952380952380942,-0.011009426448740318,0.22625830157897497,2.5983392730518874e-05,75016.23899351657,-22189.946558828935,175.16491132032937,-59.244490626611267
-0.11975903813953512,-0.044097122581467051,0.22051305246475333,2.1913673932188716e-05,9391.2170081750592,-62571.025253546344,20.145301973974615,-136.68802890546291
-0.15682647917166354,-0.020061409951401751,0.21502529087453853,3.0784847956318465e-05,-41286.408807615255,-32943.892242778733,-85.918418743224024,-67.401003814076688
0.15662732987952041,0.02027686946094464,0.21505477453474572,2.909746244783151e-05,-41028.291080172217,-33174.269905011788,-83.628847069930544,-68.342163770194986
0.080602328263088732,0.026497275722632923,0.22631012618972121,1.665009489933575e-05,71660.422397925664,-29087.891735033518,165.14106660135073,-80.490130914368791
-0.11892846823879667,0.010778568458349961,0.22063601670162392,2.7210039122098694e-05,29444.049307050307,-61691.446348121441,63.231643064881013,-135.17467302320179
-0.13822249105909246,-0.047879737779595935,0.21777957464882144,2.8009536474370745e-05,-25948.641264984301,-50793.674661904734,-56.14806213201549,-105.76223431577701
-0.10078870325083024,-0.015997046208036565,0.22332157315722612,2.6324324221317729e-05,55917.584028702717,-46055.862358258863,126.49840855394136,-106.79554557825918
0.090579285094309639,0.029139999287722415,0.22483305739400508,2.440627955986151e-05,61991.540472062319,-40438.777580751761,141.02311838381502,-100.37708835416147
0.10988219113454085,-0.0087286456118149374,0.22197530019799872,3.1176359562184911e-05,44929.672440408271,-54790.450991969308,99.61149813130568,-126.80948738235413
-0.13747005660299794,-0.027787577486290033,0.2178909710871062,2.1058879571853368e-05,-13268.928510529546,-58925.250235972155,-34.513113970801825,-122.77953636363647
0.072894057834416909,0.023500805235035543,0.2274461024229758,1.908177704702808e-05,76647.784672833906,-19691.994199560024,177.90355623481011,-42.296871462168191
0.16694075624382168,-0.0097568592677745765,0.21352789208779002,2.5845578774497479e-05,-46515.283401189496,-13518.196615552022,-89.236653574382203,-28.70967490987454
-0.16666666666666669,0.0096967581735361991,0.21356847050949673,1.9649700313706901e-05,-46742.677072000006,-14209.869056404512,-91.084488530943929,-25.38964443074061
-0.071900695094646999,-0.0085859509721139052,0.22759159539143245,2.7437183615154668e-05,80308.442997196442,-12571.490953993436,191.3459881477994,-43.090330730157334
-0.12892581894720742,-0.024761321251444181,0.21915592863258321,1.6782926317153817e-05,4665.5675133396944,-63497.722627654985,12.003419191043767,-141.39724203699743
-0.071162718897384514,0.0025744370267037271,0.22769968314557446,2.3912546074487543e-05,80792.084197777745,-10456.897438503438,187.59135078433343,-32.576885751779905
0.090647555528191176,0.018437674917803949,0.2248229500908201,2.7225606867263271e-05,65845.911494794156,-35658.805990891982,154.04744224125812,-88.00315696541665
-0.11862556132023215,-0.021545774937823291,0.22068086147393146,2.4497015347288012e-05,26237.943553773413,-62050.890927144843,55.638258289270858,-135.37571454268064
0.10055285384504549,0.032551016328278358,0.22335649019692733,2.9398108256899822e-05,48293.915448355656,-51561.779636892716,110.50219288993065,-122.08495543568642
0.042962875639909956,-0.12434826896631315,0.23098049316387761,8.9618436449287825e-06,-32036.075736985294,530.26183552596899,-21.662494738702978,5.1080106018382079
-0.11070718191324982,-0.018311540678624741,0.22185316193914892,2.0419115855578629e-05,40932.945997483919,-56711.433629214596,92.354324333145826,-131.17600032726264
0.080826234791398041,0.016027176939561461,0.22627697726949256,1.9908679832646273e-05,74359.054589372783,-23759.05066658853,172.75800334846505,-64.416050156178827
-0.15646632548205811,-0.031957067536931519,0.21507861091847352,2.5912564994416475e-05,-44005.102312599236,-29238.842038277075,-88.475810486344571,-58.267495668873494
0.15721630913275991,0.031921012298100529,0.21496757731709695,2.9858756122049796e-05,-44485.877719183969,-27460.844919631283,-87.846928391587468,-60.321812593736276
0.080391007365215664,-0.0047674318508024944,0.22634141183216824,2.7098360644593149e-05,76006.95865515538,-19940.857582712204,174.92696160065836,-54.096768666383504
-0.062227300744418575,-0.026406532682822208,0.22890047970561483,2.1148673900343357e-05,80665.74689963866,-13588.526605071786,191.63895343823549,-37.908864139015478
0.10052511301395968,0.021187404977865986,0.22336059717229639,2.6822659499055147e-05,54364.604195505795,-47506.913437568903,121.57021459211185,-112.58962922323757
-0.075152919183905098,0.12332269004600736,0.22708512409011075,1.0862924279065619e-05,-29417.196672045535,7251.2545259534991,-25.174394096643582,8.37724488300152
0.11033242703268274,0.034746689300494252,0.22190864366062896,2.072214770170696e-05,32481.33987051867,-59371.208833881639,72.076234875501882,-134.28305736753049
-0.090126120939530069,0.0076406119218604077,0.22490014745399886,2.6238611869926598e-05,68964.402000329166,-31786.691535588066,156.17872658247833,-83.32481371699474
0.12023460265775845,0.038272067044815873,0.22044264607509961,3.0017415190794113e-05,12758.169605566356,-62888.012939069144,28.353668973196726,-137.39974477371729
0.12950869219604766,0.039955192514170984,0.2190696353968517,1.8426828852442975e-05,-5550.5149157549895,-61029.415141634599,-16.657119114978507,-128.34820872575139
0.13910026934747916,0.042369199300597321,0.21764962130320045,1.8487370273948714e-05,-24392.205576516877,-52231.060162067348,-52.821637516687765,-108.11274990048149
0.13910703570798147,0.031686198672284692,0.21764861955686365,2.09844260616402e-05,-18424.173749934824,-56167.818183675685,-40.635131066154173,-116.41546773666904
0.12792550304042064,-0.013845948840633407,0.21930402343110431,2.1701592804193528e-05,11253.272474245772,-64443.823296497452,20.845840716226757,-140.24549633806421
-0.10112062338974113,-0.027013338921575012,0.22327243303482716,1.8949409667931771e-05,50795.338646938384,-49767.086338891466,116.69315806392305,-114.42922736168386
0.12848111748685573,0.030624321462322326,0.21922176580734568,2.4274948295497657e-05,2605.6950387410016,-63099.923381232948,2.0092477244746778,-132.93799077686941
-0.15705881776993805,0.012419385440024942,0.21499089360296994,2.7868029904337482e-05,-40024.959227807063,-34582.633069182426,-83.331509096007579,-67.92989191236876
0.15689283476909274,-0.011854970449191787,0.21501546705911645,2.2382864712448953e-05,-39527.312067288578,-34784.225991611027,-80.989793099981924,-73.721024842842368
0.11898681142877161,0.027435227771792668,0.22062737910733415,2.3656893969347044e-05,22498.539373876723,-62691.905193311337,46.453242528632899,-136.71035696938026
-0.13899345812056019,-0.03714737533109954,0.21766543449483627,1.9426072107168198e-05,-20946.665718073429,-54406.691682195073,-42.968413327186347,-112.5421135468489
-0.12924561372061213,-0.035541337287870532,0.21910858364665015,2.0340217938195145e-05,-1888.4510294152865,-62112.625282453046,-7.4818043217222518,-130.146639107429
-0.11968292009970029,-0.033319082271973714,0.2205243215905332,2.974528498430493e-05,17385.666838357556,-63156.450038246679,34.909896674294188,-139.67945692121333
-0.11002063529149013,-0.028892886416204147,0.22195480381341587,2.1005186072768172e-05,36928.333749821599,-58002.984650251943,79.147382346573394,-133.82436242427895
0.17631396716766401,-0.018550166479192703,0.21213479084804293,1.9361400763190306e-05,-44571.574794704611,9260.2139846765276,-76.026909038129432,19.029678769052822
-0.17654887752156767,0.01747747416511853,0.21210542866884405,2.1808906482942052e-05,-44094.004330228534,9553.5949467504997,-78.171143726321162,15.042833776038194
0.071060352268475471,0.014034097377382065,0.22771467628364433,2.0708226419545448e-05,79835.652349778436,-13496.118159549833,188.02072993349134,-40.5305309112602
0.10928097518394701,0.024203015914766663,0.22206430903457403,2.335827676715827e-05,40696.34060404286,-56288.56575619764,88.862350002539884,-125.63256268319964
0.13294860718625839,-0.03970157606326781,0.2185603627621284,1.3166193885608415e-05,-11523.494931942547,-58696.752589075331,-22.908196500224449,-123.94430421371999
-0.096536781012671921,0.071976032810659757,0.22395106186465863,2.0092033101530201e-05,14241.764553430687,-58671.379893178579,22.462810528448195,-130.36607754317865
0.099847436026875666,-0.011367940175963686,0.22346092591463035,1.4010227842294022e-05,58421.763673085705,-44135.517532995153,127.52731690755353,-107.31760406374534
-0.13760875664675803,0.016662463942906436,0.21787043681898538,2.8302761861688843e-05,-8898.3047509522512,-60921.098693091139,-26.971214136872415,-126.72746758568172
0.18527813058053677,-0.056133528157360398,0.20891719748560031,2.0297746428484172e-05,-26290.438593570878,31217.568335275952,-42.690567469380312,51.986827386579414
0.11081280891696224,-0.085329859517145279,0.22182736861469884,3.1355033011389927e-05,-19980.520075599106,-46175.926723488017,-44.958661786913751,-94.91017388060736
0.11887400221936342,-0.01670757939020345,0.22064408028845633,1.9106023609336525e-05,27671.529406477286,-61876.884435312866,60.032336296205997,-135.27467865085862
-0.10872624790751939,0.013055535020248046,0.22214643531456146,2.5286248851345551e-05,45940.461301963922,-53955.470801192598,100.73200241537738,-123.55892159085647
-0.12907160846518048,0.019398736685244881,0.21913434478177746,2.7030928845307676e-05,7151.967446980826,-63749.131986535263,15.939912737039748,-137.86822866499691
-0.162704143208666,-0.12293653956345107,0.20629623816700202,3.1046672230938782e-05,3287.5528328560308,23137.281198466389,8.5344259250351175,31.932886419042291
0.1624984935792452,0.12399246392896955,0.20617424860685635,2.2195337511267093e-05,4844.4487644184555,22425.046789915934,10.830731550384963,32.746480930057899
0.072252740512342983,-0.0084338722412788721,0.22754003302574111,2.224715222890703e-05,80175.147905457488,-12769.45158125484,192.59580624714536,-44.143037855043616
-0.19135935306305629,-0.055715994696730144,0.20748006571240571,2.0931831346181044e-05,-13757.747724245004,34075.126160523272,-16.70225878033423,55.615337894552923
0.19126448698660811,0.055655580624387947,0.20751019657831765,1.9903870781866172e-05,-13853.587497620758,34180.072341109466,-14.540330793836135,54.9543907500966
-0.17571166872906047,0.028941354852947437,0.21217545695504239,2.7398517212767472e-05,-45171.450694781524,10985.895350703284,-78.021622010569928,15.845428902006157
0.17570528574988914,-0.029766774378675337,0.2121533849520861,2.827267579548181e-05,-45484.713220958081,11299.048572581843,-75.685426018688261,22.252846962616417
-0.16722008450216266,0.0202968858262823,0.21348653808965845,2.954191545625053e-05,-47779.020069702165,-10443.63786977308,-90.858854570590452,-23.217933239257
0.1676083423099449,-0.02052669630799903,0.21342887043562342,2.7365668676372201e-05,-47858.945364545631,-9450.2735220704908,-90.431661800711851,-20.727969015372725
-0.081275370434321648,0.011417664390981489,0.22621048362273946,2.7604594912556655e-05,74929.162894056557,-22361.716858496879,170.80784532982733,-60.270486458593851
0.006975480579007055,0.12660209142550402,0.23282882102545077,8.5854077620818107e-06,-29626.691949347176,3151.2282765242285,-19.612709718514459,3.6143012796614018
-0.12356313127899003,0.036578799654395998,0.21994986397277716,2.9220924230579355e-05,8034.3788705604447,-63064.601797678391,14.593431903921557,-135.81264791834616
0.15660837456514631,-0.022852261491862945,0.21505758083168058,2.265306060943457e-05,-41477.894150720465,-32610.222714973985,-81.97285864276418,-64.377747213377688
-0.15763467820619309,0.023428971796090672,0.21490563860032041,1.6064924640179317e-05,-42915.560714042826,-29983.498533509151,-89.608755979422028,-65.236290645363511
0.087259247567952253,-0.12946087207160911,0.22503703249237825,5.3127793328113697e-06,-16488.190220590492,19988.487590644319,-11.636157021048602,19.417403998125785
0.083017973084072327,-0.12373186173695158,0.22586533360911015,1.2005602634766148e-05,-27509.794268966682,10402.638182857967,-23.236858967195136,9.7957177641158211
-0.0043630356795421443,0.12859957646232173,0.23287473558914545,5.604258676604969e-06,-27494.200586615039,7952.0946261490026,-18.369098267904953,8.6739111372394149
0.088991658003823873,-0.12639341416213723,0.22479137057542839,1.2108326724337113e-05,-22014.387215786177,16272.033378830207,-20.342063988870198,14.750462781354802
0.090170177632570292,-0.013825504707555933,0.22489362494742365,2.8811641976501963e-05,67614.7478138773,-33621.013522543653,156.77533469266615,-85.201789668392024
0.085107257806227896,-0.126675714219638,0.22552092573499086,9.0379561317993568e-06,-22524.241419754981,15991.959529132168,-12.787238329459164,14.877483992309712
0.01247547660096677,0.12627920173928159,0.23273215681725157,4.4659890297526481e-06,-30077.754885838753,2401.6033277670954,-18.262693197520051,5.1464058310281615
-0.039734941722708604,0.12598796546340765,0.23126315593925423,8.870104889319474e-06,-30625.158911269384,4098.1832985845103,-19.245103867040786,7.1680878360054603
0.0071588123511265589,0.12363872667374082,0.23282559891028576,8.7511464044121427e-06,-31518.157494065857,-4538.0709125508765,-24.31640112078945,-1.9223550454091107
0.002391034345253788,-0.12654961595708872,0.23297817344245891,6.8746277340423248e-06,-29658.93802263396,2978.0935980364839,-17.562837414104834,5.0415835902365975
-0.062870788165187957,-0.0055405550122440486,0.22882187579024213,2.8334053276708972e-05,83170.750269531651,-3828.5837588836448,196.68195638835041,-13.706736961334313
0.061910306439396504,0.019950022844544828,0.22893920150921407,2.1934031978621872e-05,81970.521926961082,-8813.4787177642684,192.04812726412499,-26.744255545473081
-0.0062169979515375035,0.12633139575613125,0.23284215160284108,6.333430444886249e-06,-29962.579183338803,2381.1526698761149,-19.187642967838009,5.3590394153487688
0.0063960920650143142,-0.12647467799201767,0.23291230533447616,6.5948961555159632e-06,-29802.069008818013,2742.0792397107616,-18.656380543258866,6.1673944438761925
0.010165142939444861,0.12585268472364158,0.2327727616782688,9.4990470691609892e-06,-30375.617952967892,1323.14664656389,-18.948871977128618,4.1936985208709352
0.062553589601598958,0.00010733104662435369,0.22886062254463693,2.7271044399357763e-05,83620.298069443277,-2799.3756903687895,197.21832987134081,-14.804187075997513
0.015930953162053268,0.12178549908834603,0.23260236670732168,6.3087434032963212e-06,-32062.554701270481,-9512.3357352874882,-26.118233330109057,-6.0822311122107298
-0.10016226399310528,0.016876811457580788,0.22341431625471067,2.7992919496989886e-05,56390.853849506653,-45854.866064681431,127.81548438418315,-110.37615238762422
0.17572013951330573,-0.039585655729178333,0.21195953009685833,2.7620470240625166e-05,-44665.861170253076,14421.221807039339,-77.665202234087275,21.834465456712838
-0.1754674729987912,0.039420582175706931,0.21200708767567708,2.7096683409758579e-05,-45011.10990760244,14019.933012842988,-78.434714939616185,21.405472864314298
-0.041972764201239979,0.12627606798218435,0.23106675357933482,4.4373981968716349e-06,-30149.624251153808,5127.8636201374784,-19.094814078685161,6.115972632490239
0.062584430610898301,0.080790206773113188,0.22885685522299748,2.2678558305082401e-05,28991.587660929006,-56306.090774271448,62.638170322494233,-117.05150669878236
-0.059852688394615022,0.1206283392101905,0.22919054571492986,8.8869291065197622e-06,-33388.832889793171,-4569.1858911266108,-31.140802795304261,-1.1872058018360878
-0.0081554385041380777,0.12617693914558273,0.23280720588039719,3.9363530119863809e-06,-30131.47625521935,1968.1061220376728,-18.745611061707766,4.1861801789378754
0.18590012364351835,-0.066703499641474984,0.20770650501725199,2.0890432937099163e-05,-20602.950220633735,31845.907198705714,-35.535530290937047,51.392055810687296
-0.18588007604341764,0.0689017615805574,0.20743043296469929,3.698236395206577e-05,-19558.013706222366,32268.447175911399,-30.944805248233706,55.121753204772716
0.0084265641380569349,-0.12618194527664026,0.23280331776277452,3.7742790842498814e-06,-30032.799219079105,2000.2425968918501,-19.564223704287894,4.4456731953122306
-0.062863401566193189,-0.016004402021571957,0.22882277808542853,2.1439569910583853e-05,82675.953225649486,-7728.6476592060444,198.31692986401265,-27.839872455033696
0.10928633166846209,-0.018658578759618075,0.22206351601759841,2.5449897485635153e-05,43031.945409829539,-55308.012728100766,95.417009687097575,-125.73588630646825
-0.05188375643760211,0.12127126225919949,0.23010169525688318,1.9819389419681995e-05,-33544.187708110963,-5473.1487947847636,-32.094128989844762,-1.4054108476583482
0.010280344393125838,-0.12677404859231864,0.23277073697547646,4.2967737262582026e-06,-29519.678269161112,3530.1136459751829,-14.725780613967764,4.4427059638273363
-0.043705293970113669,0.12907759888602308,0.23091548129216999,1.2865244760884586e-06,-26088.808517049874,11608.074669569554,-19.307041770444123,15.913750845045953
0.014095338271373497,0.12637516837142312,0.23264052229854126,3.4029503457782692e-06,-30022.595620534721,2687.8286130169636,-17.334674277165163,5.0488948208717419
-0.13837109193491071,0.0279068823096391,0.21775757458202752,2.9107636225777365e-05,-15024.984137520923,-57761.277430496193,-32.773669158150078,-120.68253619610613
-0.034278943615637547,0.12552008197356329,0.23169083887098285,4.6023288860554289e-06,-31208.680969612727,2151.358143760443,-18.536549912170823,5.5389288702134412
0.12798657504120928,-0.024481218952137319,0.21929498184175167,2.6819960809037497e-05,7000.0900454433386,-63693.838421799286,11.236315747886552,-135.79780823630583
0.011050137769140319,-0.12883451380446262,0.23275720760802379,3.0166115042278911e-06,-27147.71939826131,8506.0545674852347,-15.391236767735561,8.2982093156572994
0.0043935632051340509,-0.12651214697455318,0.23294523938846756,3.3185737185550294e-06,-29724.412511693463,2825.6640224965668,-17.974199572477762,4.8410464916685472
0.0099587192013050919,-0.12734339059133459,0.23236877530732747,7.0942633801582943e-07,-29002.701598064476,4774.9562106060939,-29.00605447331159,10.405877203746508
0.11367080166605401,-0.033292967948544507,0.22141440387561431,2.7221984147657681e-05,28313.877928292535,-61014.937390033432,54.534871899631135,-137.82921558376106
-0.052803994212819658,0.1291443539474707,0.22989915333347807,1.1749793030956196e-06,-24856.472769864788,13217.074962609739,-23.239079900476533,23.61593350447281
-0.060004344235785982,0.12677669381189374,0.22917202049979679,5.3456348773689509e-06,-27477.766930073161,10164.753888210202,-16.672728539048432,10.282315773643896
0.042837781091068977,0.001584996653078782,0.23099144740682895,2.3231375944784148e-05,86566.763434860113,10525.338272421446,204.00109274729559,17.48834869340692
-0.042956246742386399,-0.00091423206228104324,0.23098107364124174,2.4554284745333963e-05,86271.593931793614,10147.277519936724,204.74036021644608,20.768968731538131
-0.14758070141252402,-0.080406765287035595,0.21554799646905806,3.1605836867968905e-05,-43592.115529780647,-12254.768536951837,-90.058726061566375,-27.607738078566396
-0.05745026078462976,0.1292091039966923,0.22948400944156902,2.1364382574190405e-06,-23846.079759810782,14346.71704155744,-15.961693191610081,15.88469331756742
0.18689915579404989,-0.086969496664724755,0.20462933552609283,2.2711989852382155e-05,-7442.1970665014424,30226.257333937825,-14.616048353571452,52.002686541194016
-0.061943610939035956,0.0068975319184871129,0.22893513326485262,1.9062815835038165e-05,83524.145302856792,-3034.4442308727944,191.84210455240174,-14.282353100456257
-0.16693245208289292,0.03298722296127346,0.21349914421538543,2.0054832946300923e-05,-49610.703239994706,-6391.2811264217635,-92.455774384566752,-10.28779950877593
0.16581033981084722,-0.03087842790244652,0.21368772073005837,1.9121595214989098e-05,-48823.658578113405,-9776.5279712004958,-91.304291652448697,-23.12253458793765
-0.0093222218223885864,0.12710837921679291,0.23278757628941202,2.5260466090198109e-06,-29292.70389412031,4344.4481431542963,-18.035758582938595,5.7713269692224491
0.093760744910262706,0.096046028629517305,0.22436204853845268,1.5133658959966546e-05,-19695.041537605142,-41370.789306097744,-38.580709655705895,-83.07992254760947
-0.047680009516705493,0.12260835896617413,0.23054860557839418,4.416454626015108e-06,-32998.996576214653,-3026.0347187268621,-24.793204859034923,1.4667769040576266
0.010766836178284462,-0.12299240073837354,0.23276218672507265,4.2976994251371866e-06,-31668.837418067928,-6470.5704791689004,-22.573329015220832,-1.3734274520630108
0.077223846427832213,-0.12373478954082846,0.22675942006833955,4.4753609352450007e-06,-28619.511562901618,8678.0031261506592,-20.86607245237132,9.226622709889261
0.036485670594122888,0.12877439030731638,0.23154768716533131,1.6571097890307573e-06,-27060.176161366788,9933.4980943744267,-21.857185649162261,15.033240986609041
0.056981100563381529,-0.12553544517777832,0.22954131876749673,1.3139260820054697e-05,-29534.856793707288,6607.8720962789666,-20.276101285154063,7.7473788510717121
-0.048379805758666877,0.12908357356379341,0.23050308176744311,1.3477929541724105e-06,-25501.635477843916,12370.256914344494,-19.724821219494483,16.252809558600298
0.18549489681987566,-0.076677648524797554,0.20658230311594392,1.6762892916301326e-05,-15743.843115386138,31389.009994274165,-31.59032094109266,53.903186271509242
0.012476154940167123,0.12333155506053556,0.23273214489522084,6.1152317157731144e-06,-31786.146693429604,-5349.6120175846681,-22.572073544008393,-0.61770419128863641
0.082938993946895773,-0.12683997053981641,0.22585318045019714,4.3363812160562491e-06,-22683.658538204458,15804.7552116238,-14.282733028451755,13.67960066304188
-0.05548261913273822,0.12514857208656879,0.22972436276145863,7.2128046566787738e-06,-30243.236346438003,5403.4869239832205,-20.5983703522319,6.6840154710764335
0.081751030082361217,-0.13,0.22602070879547356,1.6608988995862683e-06,-16616.644373397816,19969.912089729052,-8.5757614589143465,16.085136345187792
0.082187610167440486,-0.12834369720101957,0.22595503293004715,2.8211673377656854e-06,-19990.263832170258,17887.067904653046,-11.544366956084005,13.994249094840052
0.015268013593000994,0.12737050924665985,0.23268307707680738,2.4308538177627307e-06,-29036.834106446808,5206.1878916153419,-17.719994551405517,6.3368085989665506
-0.04298178496214225,0.12759406432021178,0.23097883731786598,2.2747505467649442e-06,-28409.886309650443,8326.2509911817542,-16.239116988938108,9.3626635181089046
-0.052350397651164476,0.12799549467694105,0.23009846076952004,1.5496643147706425e-06,-26760.530164878583,10836.815578144427,-20.316995665770037,11.268402738889728
0.027110545351402178,0.12844418736062707,0.2321242821271306,2.3576763620510951e-06,-27836.130291013633,8319.192295089515,-18.582032195018698,11.505007092038184
-0.061791209008903711,0.12901403483098453,0.22884369560172019,2.9406388444687545e-06,-23407.658956009935,14892.456170611311,-14.582543546799997,16.273084430088595
-0.048414100710556913,0.12427504333215296,0.23047835251850393,3.5015759741829713e-06,-31758.01644740206,1472.1449960717227,-22.221851627887339,4.3161965693455402
0.078256248514532001,-0.12826333775169385,0.22657552758359989,3.4806781902058462e-06,-21091.980810259367,17087.853043025189,-11.221139813898303,14.153307925928363
-0.044667716688852332,0.12404666272770781,0.23083076276626482,3.4337032701698975e-06,-32151.861133556515,77.071048202800228,-22.158722767925344,1.5537041815861321
0.019138350839697935,0.12512567032904884,0.23251403760798611,3.0585642432910081e-06,-31158.815569876639,-304.0582299557156,-17.323790864175166,2.9685122319734503
-0.022196616352515519,-0.12887441892231483,0.23226573249310845,1.3121070005970001e-06,-27287.409950911806,8949.6490609759003,-21.276480247692593,13.600248523861371
-0.012898992439962738,0.12721131013484499,0.2327247133894613,3.3088115079791514e-06,-29321.143813810599,4658.3642622141588,-20.077911606699306,8.2488361403081356
-0.070830684632660387,0.013814268531711355,0.22774831457583647,2.5971445189655864e-05,79835.47244416429,-12918.532859386611,182.81761832803562,-36.971991399626759
-0.011167113225999207,0.12710661605166385,0.23271496561225158,2.47675633490755e-06,-29353.55164861173,4394.1867516401007,-19.30369633139879,6.6488554950550318
0.073390475983925355,-0.12141362198797752,0.22737006556233894,1.3367507673069737e-05,-31612.853597082929,2184.4364510355163,-31.404885695291188,3.827997137845415
0.016535381300131598,0.12375847683572415,0.23259565621102163,2.8022909499094075e-06,-31722.71229913201,-4067.8595595193046,-22.955858928416966,-1.5971510699389646
0.08095238095238097,-0.01634922272932994,0.22625830157897497,2.0373759737841435e-05,74361.380140683395,-24249.606115321265,175.60790279058608,-69.630677482363438
0.01248107300983833,-0.12711025407522664,0.23273205845855638,3.5323541684690225e-06,-29217.517421835182,4412.50723622432,-17.934169758590212,5.5287694132687086
0.030419701827914671,0.12475415434102445,0.23194743451768357,3.3680637842910421e-06,-31709.434040991924,-350.11347234904923,-19.515537355686142,3.0284038214266515
-0.0133855987374798,0.12853438665225222,0.23249128613807757,4.3815268766369324e-07,-27825.96275695047,7758.4046664479656,-48.582938418742422,28.217836546003618
-0.018841307940311865,-0.12808142330822347,0.23231900247308246,5.5187960887900579e-07,-28416.648391762599,6830.5114556798435,-29.655988047941833,19.022118037863319
-0.0099472059240128426,0.1285302600821028,0.23277659199177264,1.3630583696181714e-06,-27655.488787489212,7782.9552953464954,-22.784967021543196,11.226050954076193
-0.05295309001498312,0.12461187744326453,0.23000890052980968,5.7218128689414353e-06,-31095.272037676365,3426.5374129482202,-20.416425698716356,6.0646722046993409
0.020021785451356692,0.12418720166306078,0.23246751184605052,2.6783218657755864e-06,-31805.195203794934,-2710.513934041498,-19.192776824282515,3.8352785060636503
0.010236908857804459,-0.12476747610423657,0.23277150036905214,3.1824456957038476e-06,-31021.222079817806,-1633.7713015002018,-19.839653385910861,2.2057257825113221
-0.058573340405128196,0.12787398986226073,0.22934682190285854,2.1412633606143104e-06,-25981.841452274279,12024.907350896974,-17.013492603306371,11.768832360577717
-0.02127572640045515,-0.12748562300888602,0.23243157074121307,2.6968587552569931e-06,-29048.907961323428,5682.7790317562149,-16.838856040145135,6.9420131742009739
0.02825043812204513,0.12717747857599457,0.23206425008969497,2.5216341564847709e-06,-29431.033519003908,5423.5516703280919,-18.517033730535989,6.9172286274403891
-0.090917772578438916,0.019412229296180583,0.22478294498908982,2.08287174209199e-05,65601.669162404054,-36304.56047841203,147.30393829936625,-91.150551613544906
-0.022793847018526117,-0.12740998953106206,0.23235161947200336,2.1534842712583565e-06,-29180.720879027031,5558.5678267652174,-18.007781550776745,7.4336053768746266
0.032857514713911878,-0.0010832381288645658,0.23175904833480576,3.1252032053125892e-05,86985.320153195527,14737.507569440508,212.31182738564007,30.006181831159683
-0.032975164326839446,0.0019434917404883342,0.23175113481680309,2.9994405226307429e-05,86915.563132746654,14715.226624926416,211.25532012631567,29.731239122457367
0.030647144605399242,0.12729235060895058,0.23193802841601086,3.7773153612527652e-06,-29299.572449679279,5903.3899563945988,-18.145320410595648,8.3572841438336738
0.015452143652725301,0.12870172819779133,0.23248104449633469,7.3133196187413831e-07,-27464.492507717638,8312.1984460203566,-27.88521304279568,16.780613256296775
0.01180445557021801,0.12883760268344299,0.23269563109769148,3.3533879048244579e-06,-27206.423280685609,8576.8252986948137,-17.634847492232371,9.4817456732389438
0.18146266580455792,0.053666779628355019,0.2100161276333295,2.7538074186951344e-05,-33974.594080392046,27490.009967751106,-56.099755504024579,47.19106180700323
0.18117462810220128,-0.053862366014438008,0.2100640395565061,2.0241337250550984e-05,-34253.846773621794,26760.710107287116,-59.59178559595,43.04496731928635
-0.18089707804055299,-0.053273912692089552,0.21017275799231816,2.2512797621556548e-05,-35132.072076927783,26439.353675312519,-55.287369060368491,44.784420331517545
-0.18076104021634185,0.053724359822502121,0.21016731234450001,1.5602548268571321e-05,-35091.643344937256,26498.585952889855,-59.680044085948197,45.076191683180745
-0.050149068447544277,0.12647275945094674,0.23032189393746128,3.5595279390243998e-06,-29208.62323820412,7157.7387135188792,-16.792270315832763,7.0809891710839841
-0.016569119020076031,-0.12514439378598413,0.23261119043292125,2.7791589740837699e-06,-31020.636402750246,-366.22717746241551,-17.41003702065246,2.1276168965009847
-0.10519379186846135,0.030441083427770389,0.22266940846918157,1.5146313168649359e-05,43170.312102489595,-54663.366615527884,99.800286128436184,-129.63148427357291
0.0122929510821553,-0.12353700504707618,0.23273536476225398,2.1214068355677853e-06,-31578.682620751486,-4942.2086789950317,-19.537861406898294,0.30930062466357378
0.080124112977134537,-0.12834013210649048,0.22628322751710922,2.5179437555178231e-06,-20479.780453754614,17538.52014304293,-11.32130431474981,13.39913747134765
-0.047370397408772233,0.12760911447503312,0.23059453658370091,1.5492431160272421e-06,-27976.171696785015,9105.4332853108208,-16.781253275325906,10.15874223207264
0.025889757714800756,0.12709923110957799,0.2321885744632072,2.1954002572118435e-06,-29529.862068284023,5088.2559673438082,-14.107134086744244,5.5655788521670013
-0.019443949274005671,-0.12778553492922257,0.23251904432310014,2.0165610779783786e-06,-28699.358911842468,6266.6236281572692,-17.567138090508266,8.4056638761034588
0.013479684051782391,0.12517259246573542,0.23269223885407497,1.7229474225556722e-06,-30914.455487150572,-453.0371190837119,-20.530474691299592,0.82110422174985831
0.035323596228341497,0.12776542844738659,0.23164452824031448,1.7337702465830919e-06,-28562.886578836726,7565.1096324087739,-16.146039124175505,8.7531431909251083
0.021477449827540157,0.12825236543781671,0.23216030914640251,1.0110983939085988e-06,-28149.219232904936,7437.5975259130664,-27.328983062974778,15.02038513379585
0.033200398966594213,0.12835884828793409,0.23153645893819907,3.8323415808967466e-07,-27957.706726255612,8476.4263830005893,-45.30121110007385,31.569015473030124
0.018472196113824682,0.12796470099533305,0.23257863248893512,2.5177516895782671e-06,-28416.879252411974,6739.6306636923546,-14.596133166634738,7.0803724152795491
0.10081580572434762,-0.022561291548664097,0.22331756068943695,2.2213679841085664e-05,53262.872125325797,-47884.872781164333,124.43110614489885,-111.42809647995075
-0.04508790327884702,0.12805258695932378,0.230794409363657,1.8048070822703669e-06,-27588.857660014084,9640.8744571405005,-15.713455959169501,10.914767263905187
0.013372310705126117,-0.12588633432858815,0.23271461018315195,1.6003908886671892e-06,-30366.301302412343,1388.7565654992225,-16.859386418750564,3.6978312470603516
0.01852195481649432,0.12638768004475051,0.23255787274044165,1.5331587878920664e-06,-30109.663131876612,2942.3127073223754,-16.711314214124265,4.9834161162747197
-0.049445133142796666,0.12765395392290357,0.23040961199150564,1.9975767498251968e-06,-27682.046793546724,9591.0132396703411,-15.524325629400874,10.794850432982834
0.025786718117408566,0.12757220432088928,0.23181558469718638,3.7178683392326117e-07,-29033.979748079611,6062.7135011187675,-37.172123368841326,15.456739263781346
0.020188155476139964,0.12844055738913274,0.23248884726767582,1.3310601915394998e-06,-27844.78600987286,7849.0165734757475,-23.084279534011337,11.763878048716048
0.024664199909182748,0.12729489589274917,0.23225311801849696,1.445444147584092e-06,-29280.796037794851,5493.0942787549484,-16.886681754919582,6.7752122048805585
-0.017921532971588848,-0.12770964645951041,0.23259481917546193,1.9317246715032247e-06,-28740.63743616208,6026.4204855595181,-17.385639650705162,7.7930387412948248
-0.01802785082520254,-0.12479272045980383,0.2325559214513927,1.8567071905142602e-06,-31318.941268525763,-1226.4553995683998,-18.298432408033108,2.8887452809826297
-0.015685870102986235,-0.12898282105110442,0.23266935424472396,1.2966573290903836e-06,-27075.349259775328,8929.4441619845074,-20.082878081420276,13.081137648624845
-0.020088899062669075,-0.12599671253653183,0.23249407457052629,2.6116686941005069e-06,-30512.419879467874,2002.791149922602,-17.537041573344364,4.5110094296108247
0.030619242904258402,0.12803857602942198,0.23172882383654286,3.1457613405089599e-07,-28421.273399110283,7505.9363963970854,-37.784966012613211,21.74287765867825
-0.051123013127508665,0.1276823897501547,0.23023497214670227,1.6336240899724984e-06,-27412.341176647489,9979.9769338849746,-15.634474781750068,10.070507684412592
0.16953792874975643,-0.11266418607852897,0.20589449331335438,1.3924556039425938e-05,-4754.5430526304235,26706.433388476235,-8.8692068824585419,43.560626142223263
0.053472239879256298,0.059736374352025452,0.22996175265761998,1.5543195789669877e-05,64560.270068621561,-39758.958572895113,141.780359614074,-82.205757134207261
-0.15714285714285714,0.033983059873537599,0.21497845173943875,2.512430150718618e-05,-45025.659441282485,-27126.765391507135,-88.139488242701304,-53.213463438189422
0.15653732059105585,-0.033874517473362425,0.21506810023250753,1.9089035830678146e-05,-44247.968325293026,-28005.60329232533,-86.17089747545532,-60.576928676155838
0.077956721789941369,-0.12984822136618088,0.22661443325467809,8.4156492599433817e-07,-17884.960174353106,19257.634269952821,-9.9410005964974584,16.12962813878454
-0.10932242859668066,0.024057660333142487,0.22205817193851751,2.4096649713704117e-05,40941.440021889597,-56430.271248877129,84.437807561275264,-129.8390855707332
0.034104818809708323,0.12781428696670208,0.23173017380353356,9.4119150939955031e-07,-28560.252908179089,7477.3134401170182,-21.044087337265381,11.30728044914324
0.021241053663185575,0.12719761038623897,0.23243339676828806,1.9628896475917411e-06,-29396.612566883414,4939.122242581223,-18.277976346704449,7.7944915594009458
-0.044068536274818632,0.12784986583869293,0.23088367299602275,9.8040692709463158e-07,-27970.798753024039,9036.4531999094961,-14.683238682652529,9.4248288146018222
-0.01733469415375995,-0.12646432552222683,0.23260032853581214,1.3150017085707659e-06,-29994.720891789715,3024.0681264999985,-16.085916860617047,3.4172330449335977
0.022104870437199626,0.12635361037263157,0.23238790417262406,1.4483652767999119e-06,-30246.627783815176,2960.9669712308601,-16.189755993751522,4.2525191457676357
-0.016628506489556619,-0.12800895205118892,0.23264366007297521,1.148919830354978e-06,-28315.46153421589,6699.3959877572206,-18.159657494259193,5.7618846038531411
0.018163978160903756,0.12817725895469737,0.23231172559427632,2.7216030757783934e-07,-28199.723657208306,7124.7722961966901,-18.129082917527526,8.3922485019576207
0.020618407239289725,0.12606346587079487,0.23246618821533566,1.2692898238046139e-06,-30469.173258448565,2139.6087011042969,-16.837119316279495,3.2640871311526918
0.042857142857142864,0.012293695229553583,0.23098975194134702,2.0111039348623444e-05,85997.354023873515,7633.0128145640765,203.76830210997883,18.060942474394047
-0.042857142857142851,-0.012293695229553561,0.23098975194134702,1.9346737745423685e-05,86272.621300292114,7676.9936856796103,198.61840425319903,12.679678340590977
-0.045056291141256553,0.1289632448122206,0.23062376455714881,4.2580000865578523e-07,-26190.176812512549,11536.237985326949,-28.585552606030568,25.594447309488622
-0.048380743938925941,0.12778282678598721,0.23050606285355932,9.3700859850224432e-07,-27594.44104508797,9669.1142143760244,-16.56134159838069,9.9504101509152409
-0.16638702535363964,0.04179551237489712,0.21351249057688251,2.4498095641029423e-05,-49720.801849536037,-3569.3065316201019,-90.856961207030281,-10.774151980392102
0.16674035687013913,-0.041852660273320068,0.21345576099297417,2.5764965228200921e-05,-49504.244261174368,-2851.7464396306541,-91.041855835299771,-12.460312784402658
0.11874821891396058,-0.026405758452858759,0.22066270225892043,1.8308367264522222e-05,23615.682528748515,-62141.783927391421,50.111626255519916,-132.51457518573085
-0.12792685847383428,0.029264342563728438,0.21930382276185878,1.9124074729297086e-05,4448.6650641622973,-63139.51565555291,8.2108396508604109,-133.71447461632738
0.13802385481932242,-0.031725002420859315,0.21780898235263596,3.2747904526153024e-05,-16489.682989112687,-56992.727235979968,-35.953057665726874,-121.15431335366458
0.062239007610297305,-0.011405979749540196,0.22889904967689148,2.3956143281079186e-05,82953.348106216115,-4621.9107909258446,195.44799482251878,-14.490390239874747
0.13656918736936888,-0.09628892613182273,0.21688450745012153,2.1711321018742102e-05,-39608.197127766689,-8242.5312568357986,-76.944007384136128,-13.93811496327495
0.033203721471160137,0.0088599571349164581,0.23173576127641302,2.1687932892724636e-05,86889.219835271986,13492.903458417291,211.40595653237372,26.842066889004272
-0.033225676368602207,-0.0087127732122098869,0.23173428451442601,2.2547911201115889e-05,86796.776066511928,13559.350625837737,210.88878497007175,27.021851192466887
0.095480486094639036,-0.028484258473265373,0.22410744424546811,1.6120634114425795e-05,57284.904515329727,-45092.43316885941,127.239352930197,-116.25060934579139
0.040857273704127256,-0.12161837811474741,0.2311648758997927,1.1674588459135262e-05,-33444.383702030325,-7148.4009770360708,-29.580224855838541,-3.1287329771468961
0.13711783590774093,0.078233009715895127,0.21767950149337656,2.009998353725306e-05,-38937.282282783242,-29644.830782441783,-78.142833561292974,-58.128110457142903
-0.025363860663467484,-0.0057658020113778522,0.2322162706398003,1.9311678686356845e-05,86838.277066326656,17887.220901670389,203.58336408556258,34.003923970636436
-0.17548412742334543,0.068904560454442557,0.21013003455974333,2.171166228878328e-05,-35306.026777523897,23038.638526856575,-69.474159484318307,35.650903604713832
0.17653262411707038,-0.069639732189144182,0.20978377473008777,1.3448170207133028e-05,-33661.562930797183,24251.957031517028,-64.659257678741113,37.363238735319896
0.17163208561830026,0.050494828184441426,0.21227272227671132,1.7625763947554561e-05,-46392.63197806917,10704.388008227648,-82.579242642494194,11.321300813653487
-0.16725164484468752,0.052092298569831955,0.21305998276819915,2.3240973665218534e-05,-48636.556695819061,3165.8579733654296,-91.373185332611996,0.11416438429638422
0.16721334928246412,-0.051814480608565611,0.21308307146174188,1.5422466304604551e-05,-48645.16384326273,2859.7065494678309,-89.204952117162364,-0.99901417645854163
-0.014978524837009038,-0.0036304647386282141,0.23264936942345649,2.6675508827512613e-05,87297.544542459,20104.548217852469,218.14596103222254,41.376247420181329
0.01390488695327748,0.004088800910817425,0.23267579511702441,2.2962269046570157e-05,86822.335090712222,20571.243106811242,210.21684768612292,46.277161115614376
0.10926851810476065,-0.029693520188328812,0.22206615328059645,2.7439754490458624e-05,37687.935049402848,-57463.003582055855,84.315943410167066,-131.57816830831007
-0.11904761904761904,0.03244373079772625,0.22061837665920686,1.9896401766459566e-05,19309.403641522971,-62673.179300981079,39.242768980197823,-136.68709541806624
-0.099999999999999992,0.02697760279527155,0.22343833911909095,1.6206974179079778e-05,52021.002456369963,-48861.563630613484,125.81704063593122,-117.83716408129007
0.12886112686200937,-0.034945821031843828,0.219165506168298,1.503160917572944e-05,-892.80508718015722,-62126.884259334154,-4.3094750502283281,-136.54154377089046
0.15800654257255881,-0.091623370914536123,0.21222822806942182,2.5612362664150431e-05,-35676.98746781284,12186.184857715274,-74.996510087330194,20.723287486714295
0.085824720044571853,0.041279011232943988,0.22553696137905524,1.5530505023180951e-05,59456.002431296234,-43869.473668188723,134.83356334694631,-117.42798488780825
0.071888503647889873,-0.019672409905998049,0.2275933810128449,1.870435111304794e-05,78315.629550639991,-16631.734175930324,179.99686911401517,-45.739136903235313
0.063101576084889172,0.049516049459958869,0.22878203047578893,2.5173300395949334e-05,68859.628163456975,-35066.350159033202,158.53643754755234,-81.687541680203836
-0.085695247434907584,0.026433116756265342,0.22555612954374418,2.3368214374186944e-05,67425.371412378387,-34160.976092752098,155.77158692646384,-85.634935473057837
0.083065678612256222,0.075290589031104665,0.22594543202543599,3.9060424832414136e-05,22757.111157795822,-57190.486653875421,51.718722576727814,-130.35965550905547
-0.02280318793379859,0.0038988221483810038,0.23235112753610399,1.7654660106661065e-05,86617.144185084981,18794.508911581179,203.08061319682034,45.626143385275256
0.022500628918879544,-0.0041183211768777081,0.23236706169638455,2.3689562870303233e-05,87214.287734633952,18419.173654481485,210.35127999764612,35.865124220930554
0.15569993949972458,-0.043578620054548399,0.21517414905599119,2.0937413690645152e-05,-45931.70171523255,-24919.659443894147,-87.679156231276536,-51.390590130899618
-0.15694720009489277,0.043611200442364217,0.21498275889996807,1.5057108272424582e-05,-47200.243266051599,-22222.657990031457,-94.616184053953205,-47.399593068140987
0.043514106071524478,-0.0090345640201878984,0.23093222317828654,2.8159198396768797e-05,86174.353083059352,8487.0655350808138,205.7937163191111,16.364142373706745
-0.042487401003434261,0.0088793031269262732,0.23102212938810487,2.159012605542472e-05,86656.057783891098,9083.8734594866819,204.48201143417754,11.461366859562519
-0.10439049523276425,-0.080361312511166558,0.22278833495291445,4.0810619779605578e-05,-7041.6642074348092,-53457.331756784733,-17.684000738273653,-115.94758442264674
-0.16182828913030103,0.047927784005415808,0.21413982973487458,1.5228783161390787e-05,-49663.146278151915,-9885.1535693641017,-97.819999766654249,-24.097977613706515
-0.16209533486050418,-0.048666138874887424,0.21408043606986074,2.0287105476017871e-05,-49327.657836703584,-9018.4031893862011,-93.892882613258777,-24.825044006961811
0.069605709721719658,-0.053283617808433964,0.2279197169028889,2.9834747916956489e-05,61989.87022569681,-41907.010419022241,141.43022365895004,-98.587439251825273
-0.0036407617988338998,-0.013082129026938276,0.23284030621502211,1.455258574024845e-05,86628.265059389087,20136.264316196633,190.0117206751456,47.040876828776163
0.13785474670462139,-0.043324119951242655,0.2178340184757297,1.5769119719410791e-05,-22837.030638836102,-53123.430203258817,-51.662041896435149,-116.56575441020921
0.16765017952124456,-0.062201228540312056,0.21245408840927094,2.1072357945363082e-05,-45811.279346977928,8511.7902602326412,-87.085541434359968,12.165465454336708
-0.1289326560248199,0.040788327728240391,0.21915491641671758,2.9127872626728415e-05,-5001.753452207251,-60875.592662268289,-9.9766545101702295,-129.62998263052444
-0.06240381674144764,0.016057490424401036,0.22887891774799987,1.6560246621768831e-05,82658.84749258215,-7786.1038744250591,204.04509262974111,-27.807420941219657
0.075853337399758303,-0.022076377363135221,0.22701267125909474,1.83352687184194e-05,75802.945624676227,-21721.669414588097,175.91557220386068,-59.411845808792059
0.10984014881461857,0.062803592750190429,0.22198152448060382,2.6779544933619434e-05,7712.3106762239149,-60046.656369103264,15.67044407606409,-132.6738044989315
0.11913578948687673,-0.037119129059474711,0.22060532319944604,2.4060319319355107e-05,15718.258686900672,-62581.026139170164,37.485788969799799,-139.15333581720768
-0.15231217254932211,-0.044918660733005926,0.21567984572155818,2.3168317911993859e-05,-43400.041022894336,-30718.550043356739,-87.399561753889941,-61.735783206060944
0.16153207444748385,-0.10927585779498861,0.20898240840106136,2.587153664458883e-05,-15584.02819969536,24920.072818126311,-34.062947237408835,41.897628968177685
0.14598753864926564,-0.10730031817747422,0.21364551083427663,2.8748308149888334e-05,-29526.488216295515,14433.654048578155,-51.424239137435208,28.703948539295055
-0.14587540127745047,0.10733739219827443,0.21367015386336277,2.3373882087496292e-05,-29530.704426280536,14412.805426583673,-51.217846240648107,26.138263746456875
-0.027489216111108633,-0.11658274541101764,0.23208383487127979,1.4192923094437657e-05,-30407.410289232914,-22841.434025203318,-36.863565402537986,-26.388254175964072
0.18555369159851098,-0.09757584764114495,0.2032425746215944,3.0900196890808086e-05,-2531.8272269937602,28344.615950499327,-4.168658416590608,49.602761296275801
0.0014302124404898557,0.11536985033279683,0.23287532080775328,1.2086983332407855e-05,-26865.095629188727,-26815.007137004293,-33.336568357060763,-32.227181985292034
-0.11071330517414354,0.035146356308102027,0.22185225540244172,1.9844642310348824e-05,31810.791796736263,-59623.409345835338,69.377702820813113,-136.88501748059949
-0.14638877025361061,-0.075492991061155576,0.21604005314053468,2.3046940814213359e-05,-43634.69034549436,-18862.244926871357,-87.265551707529326,-40.780670535742182
0.099510724665472394,-0.032291753813284328,0.22351077536807645,1.4523441898002531e-05,50045.046095658065,-50240.539266709064,113.86130290527483,-121.75743761281613
-0.15652195011936212,0.054170321867233737,0.21491802064008286,2.9159952033957687e-05,-48177.232746914393,-16912.100417374775,-93.013062575254622,-37.326919944641432
-0.042475251392815015,0.0256803255789427,0.23102319330166243,2.7571633544514651e-05,85409.676406522092,142.02818927917914,196.92282075564296,-8.5799840644860979
-0.14246441632925713,-0.04466751244953051,0.21715156597279783,2.1005501705532621e-05,-30569.507274775831,-46824.106825373827,-59.867254349509935,-99.099738894353038
-0.071940139084781807,0.024322714187372446,0.22758581822365404,2.0353254685612779e-05,77154.998510040619,-20067.201855185307,181.33442775983977,-54.705302967936881
0.12921449352696973,-0.045604295777828492,0.21911319092998544,2.0904152516772817e-05,-8811.8542974867305,-59620.931381408947,-22.903168984169284,-125.15630990446687
-0.16951161911211307,0.11390807470061068,0.20567329195042369,2.5225733513561258e-05,-3100.9622859853889,26639.600932488236,-6.1914887486142236,43.470485781932048
-0.032575715231396296,-0.12571445020339644,0.23181471471989956,9.9923599976559346e-06,-30909.796724991589,2365.6395146156274,-19.944139513237428,4.4528298731600602
0.05277418236113763,-0.030855570703828938,0.23000450262241928,2.1266201174214686e-05,81947.048216852185,-10863.52696617091,198.33376702667505,-28.828455581349179
-0.11886206093844201,0.042788618314214238,0.22064584817156221,1.3543103366673101e-05,11899.320636885326,-62556.889332633538,24.378601872410695,-136.43499025661455
0.088177474272736894,0.11136562648756,0.22516469927775151,1.2639252162895025e-05,-33179.317630929436,-15596.843275930498,-49.999566362369478,-26.132069819848578
-0.089087131898323998,-0.11206997592910234,0.22502028844329564,1.4811880420655449e-05,-33444.559594152313,-13600.379647400719,-50.719280700113238,-19.996520032687105
-0.060417228668144078,0.11438950363089098,0.22912118883569155,9.367368068811561e-06,-32183.90391925921,-20840.940082271005,-41.319016383494805,-25.58604038821732
0.011444993064971563,-0.1171070036915835,0.23272811731626764,1.5584446254086999e-05,-29226.775336656934,-22561.573881054072,-33.238334877578744,-21.075302370376065
0.0097388687836743107,-0.12053364172542402,0.23278025358436816,9.8849387367929557e-06,-31456.532270943979,-13188.612054690733,-29.221040499982625,-9.2475013261049224
0.038136943147844798,0.12036447336962862,0.23136054684000926,4.8729980298299611e-06,-33334.019428693624,-11074.434944474602,-31.375106314288065,-7.5813099583569805
-0.0081783290436296015,0.071466153531879628,0.23280768057481185,2.9957530753632512e-05,64860.982549655717,-36239.288828313889,143.77511837973245,-86.484013815046609
0.040547399356455766,0.12336897069221783,0.23118770760289542,4.2921321671441543e-06,-32633.234206654841,-2410.5824924607055,-23.424014640665604,1.8063933953790596
-0.064651988032181307,0.1243723202380244,0.22858914673929698,4.6147092963284284e-06,-29877.370434821714,6235.106639357009,-21.019240916022198,6.9927702849245943
0.028881025559789761,0.016006797781447944,0.23200501894160119,1.3784382023499485e-05,86827.632901131306,12624.080854213944,202.38466500078269,23.296703858525557
-0.036081962689308737,-0.12488740071378511,0.23155752425669426,1.045369308601932e-05,-31644.380340821222,780.44738827135075,-19.655209847726294,4.7240941529984957
-0.18523391466392802,0.091749432051128579,0.20439402427276851,1.5714412542026879e-05,-6688.896755850009,29916.126040616302,-12.819476736051074,52.455450759939851
-0.022490650830884786,-0.11468704754051935,0.2323583009192344,1.3825339811258656e-05,-27668.187426437951,-28203.213489423702,-37.767911567836137,-30.980311540855087
-0.13333333333333333,-0.041490220686267149,0.21850340481429384,1.473358465962313e-05,-13540.213003568162,-58161.215083434035,-32.109386384821612,-123.87741089091358
-0.14713360796307304,0.084918428066361101,0.2153692333104561,4.0322778186754251e-05,-42808.219220282219,-8146.7030489065082,-88.506454621744197,-18.374446134850011
0.10947626360135168,-0.040578280678592926,0.22203539696926261,2.328445070375086e-05,29826.18904209806,-59574.409741114454,66.961437865808492,-134.41979638908015
0.15766941343456561,-0.086527840461686878,0.21280925909529036,1.6648201806341458e-05,-39196.771740700875,7820.290786707119,-80.178306454475901,9.9570411273909532
-0.11461091975210562,-0.10350344856709094,0.22092960743720494,2.6166691526844193e-05,-35924.087004052424,-16782.325693822837,-62.79921089643652,-28.895991744208644
-0.10095626827431553,0.038157659806384352,0.22329676548574567,2.2521360670414219e-05,44276.157819394917,-53829.035348429905,97.015536082054382,-125.17572117099566
0.095678168581126044,0.035321565173416655,0.22407817774294747,2.1895957570796093e-05,52767.486285691455,-48415.706708230173,118.55776051653108,-116.01452984760088
-0.12219708396773224,-0.039425243503805128,0.22015210458492623,3.6504826586977381e-05,8531.1673870287905,-62850.671807412305,19.179645228635536,-135.58914991502766
-0.090342548135024708,-0.052986661568527195,0.22486810583425274,2.9603897748960059e-05,44390.360667360437,-52893.531723201537,101.79838932877297,-121.85686118450563
0.090207795309310848,-0.033734032618006844,0.22488805572452122,1.5905652170903454e-05,59296.322607390197,-42511.078039681663,141.70897581827163,-101.00191295643261
0.15302477574599299,0.10233717142979484,0.21229695947688293,2.0593110962317718e-05,-30077.688487484214,15720.375789225725,-59.651939970288822,25.905578551894408
0.13772156056830717,-0.052109535636562815,0.21785373642072028,1.9903804170452138e-05,-27390.306301324628,-49048.265962013764,-55.360416403655641,-100.44091370869015
-0.1641454320834812,-0.082527454993015156,0.21157694642886885,1.1169338768176127e-05,-37991.184525676443,13605.886478006514,-77.005715808313653,19.813688049017813
-0.080982442084388137,0.030662497094701792,0.22625385108762747,2.7922849372118376e-05,69094.432657153302,-32293.233879727297,162.19682746358862,-80.532980055420225
-0.13657156466906489,0.10434331099932094,0.21625851381466704,3.4578484632256058e-05,-36062.237829451202,3047.9348447938519,-67.353474533430415,7.187867732161485
0.13713487575785516,0.10523809523402139,0.21603892424295471,1.6147586279289192e-05,-35247.166209772855,4582.5173772690805,-68.045193203029271,9.1110117831299835
-0.1910500111727538,0.061501820008323105,0.20693111987152044,1.9658076860175146e-05,-12391.56756787722,33907.912201583284,-12.192921786003208,54.456958401126435
0.19055950522218965,-0.06070865034488785,0.20715414032309198,1.5976513040423869e-05,-13753.721636698969,33516.763517596308,-20.269577959501135,54.55220053422758
0.13739570433275572,-0.081433154558630635,0.21751473681194139,2.8616255802578716e-05,-39984.699042799264,-25712.721712898016,-84.556910504669034,-53.250962651484599
0.14709355415407899,0.084419207334125834,0.21539961036009039,2.5716189685608572e-05,-42748.751389204292,-9018.547449769083,-87.243254591986343,-19.508552548259264
-0.040704274338945037,0.085304515583243423,0.2311569049281513,1.9328158529223598e-05,31714.832777928266,-54735.202277877448,69.422194718595179,-110.89266916062822
-0.0096387586052548192,0.0012724494433055643,0.23278105610816729,1.5124089353835975e-05,86890.842616597409,21428.91652190176,214.05862054163032,49.339174322706739
0.12101888627359207,0.086998496390243776,0.22022926847433494,1.1584785938711447e-05,-30590.34674741462,-36867.35795923564,-56.551327607480097,-70.589247449342167
0.072137972918265181,-0.027829579731670367,0.22755684247235766,1.5594800181155897e-05,75634.454084095836,-22624.210580415216,184.75329823639598,-57.652005061242015
-0.062322040739911169,-0.036360204447754334,0.22888890693146613,2.3822786767980982e-05,77062.997618649781,-22050.868702047992,179.0709827766789,-53.680659895833948
-0.13816133570752789,0.056302256095783543,0.21778799660762499,1.4232228771470367e-05,-30682.574323166606,-45976.475100189047,-61.70301320336695,-97.370040339572071
-0.044184391189278471,0.082548511640995859,0.23087352784667883,1.2133322587103357e-05,35682.96149218073,-54331.953314586775,74.802428253559498,-108.20077797154845
-0.036749873549493786,0.12566664485589205,0.23152007339482764,9.1612667800574136e-06,-31059.149068560386,2877.2608521594025,-18.979027242855622,6.7362381736145522
-0.14769585373431932,0.015109371446778931,0.21637706197538861,1.6743824108246013e-05,-27137.598720845657,-49918.133160812751,-57.618605984798052,-106.61073903342543
0.056277139797254828,-0.01760805909061992,0.22961711441988991,1.9641427113762686e-05,84045.668911579633,-3192.4258370175917,199.05150605821495,-15.244141926047291
-0.14772949185327816,0.036075512291620801,0.21637208191817264,2.3467956286562965e-05,-34773.693889231123,-43245.976449937298,-73.648162246904292,-92.371811084576123
-0.10468128255725863,-0.03295691864548022,0.22274528446262301,1.4980661586399336e-05,42370.572665259759,-54920.667942008782,96.546491821634319,-129.42397217132847
-0.045145759871570698,0.12128861521773596,0.23078489913840475,1.1219333801285724e-05,-33564.576908894436,-7107.3757127486333,-29.842615757370005,-2.857858132626744
0.07863944615074954,0.10284904435900299,0.22660072701789485,1.4623674620453083e-05,-21859.114010870868,-37590.674969003994,-39.995176120616811,-76.946612220726891
0.086810589399598848,0.032146316526383181,0.22539100536405016,1.7801538436442704e-05,63955.814900666017,-37912.804935286586,141.2184819562826,-84.725254888987436
-0.14701879162924153,0.0035546931417110685,0.21647729968565343,1.8197920906041971e-05,-24148.542033954327,-52478.288454495196,-56.481491752353051,-111.67200573329582
-0.089930693957036317,0.037444812595548986,0.2249290800335986,2.5730189745167606e-05,57723.960591938958,-44854.875037024314,133.53688642080428,-112.81372719470937
-0.14708533090197079,0.045858044485992393,0.21646744867746515,2.5122551048122224e-05,-37682.305948291854,-39361.107683377326,-73.413904060627246,-80.452659621624349
0.03895311861725731,0.031617759666465295,0.23133161839682276,2.3869625704238823e-05,84370.449284494127,-3467.341866694564,196.649894415685,-9.3334305582503969
0.0041760228515366812,-0.12893223138523996,0.23287350032380633,4.6141915989518465e-06,-27054.661598359937,8530.3700945093169,-19.339752295695529,10.360195776000998
0.14388725407248121,-0.046449074039243719,0.21694091764912188,1.8505016587233611e-05,-33782.34379364724,-44154.37068193037,-71.424593752078096,-88.70982953206736
-0.11911964991295154,0.051274740940388933,0.22060771263155687,1.4311372441809546e-05,4110.2170644786229,-61653.875907763162,8.8220214993751451,-132.04565030048633
-0.14728070042515765,0.077989622915139195,0.21572566757961664,2.0402394261570649e-05,-43857.871428118953,-15063.711637586521,-88.669661832266712,-34.01827782519144
-0.14202643029085943,-0.085764267653771056,0.21641125248154403,2.5464415076122381e-05,-42054.225447750498,-14613.902459906521,-86.90325930280838,-28.566677011100339
-0.14794630199402031,-0.0071031145906085844,0.21633998360413736,2.1783754568070751e-05,-25915.247026193963,-51083.540649345647,-58.952961236786749,-101.52250498704051
0.13882652031390952,-0.064093832423717995,0.21763555868680165,3.2352261667896035e-05,-35331.169629119962,-39790.377625992463,-72.80923264887646,-80.37647655098371
0.11980304828296609,0.095323815621728147,0.22025950619917814,2.2389419802973558e-05,-35158.082577285124,-26099.647693964591,-68.573354988780693,-51.2493223155045
-0.065737634692777727,0.12650463828710462,0.2284610334057369,9.8187071123914436e-06,-26791.977434049684,11080.853834512172,-17.925704983784996,10.68677422308839
-0.066943308201646373,-0.021932128035204834,0.22831767953569757,1.4591428086193021e-05,79645.779602314986,-14352.819015551058,191.82586968303482,-31.994712994171188
-0.079019346666604567,0.11667835696638892,0.22651674615121592,1.6518975075753877e-05,-33494.446403752205,-7180.9217276475774,-41.656790285695273,-7.5717284918890018
0.044727664696645394,0.11437071950179913,0.2308217428336457,1.6615977406525682e-05,-30290.913125040566,-25811.652385606598,-40.35314195775014,-31.301356451039929
0.054502102456281613,-0.11714809029134503,0.22980080101592429,1.9427909597373712e-05,-33554.494690996253,-15657.447340644514,-39.593030065565792,-15.313210577191843
-0.018732229507014843,-0.11407129673686642,0.23251597546081582,1.5229671922481533e-05,-26276.655972539083,-29912.245700078071,-37.972911105532276,-36.075898556874705
0.023642802087435449,-0.12548938755606551,0.23230690956262376,1.371636195550095e-05,-30978.003502920157,921.00468368278291,-20.917280628352682,3.4382468939083126
-0.020280347985774112,-0.11791766826086515,0.23243541991222214,1.2686228429691812e-05,-30834.528893611216,-19924.40327975207,-34.723159305966163,-18.608179836390221
-0.044177006365186969,-0.1269995518565426,0.23094513838062372,9.5869091395447403e-06,-29060.90551370808,6978.9978335071282,-16.896927458391403,7.5409290983795625
0.07095165601346376,0.10525022629291247,0.22772679843885474,1.377526836808151e-05,-23018.837059783284,-36945.954184074544,-41.511563824163076,-60.274693074152935
0.073271569911390236,-0.11322861342185654,0.22738932128489597,1.4565216889660163e-05,-32385.080536850244,-18389.664588245661,-44.250607071425151,-25.430016312599307
0.0387498747399991,0.11810924222193087,0.23131428586702041,1.1382584956173511e-05,-32795.267102019709,-17151.598702239,-35.629449004081678,-13.724953557486289
0.0083980896362926064,-0.12356079987457487,0.23280381821134863,8.9704566737902061e-06,-31493.218530825037,-4834.92423461823,-23.203608558582108,-0.37897828715246706
-0.086490043248331955,0.031886197500191796,0.22543846158999489,3.6597938853063742e-05,64146.846929044106,-38065.174382848178,148.85865002056644,-92.480425739734429
-0.08698706210955133,0.12962812737485901,0.22508415703653287,6.796096701544005e-06,-16230.598843198732,20260.923760464284,-8.580838300628491,19.453006266693315
0.050480743501482697,-0.12346744732409162,0.230253579613453,1.0082701483682197e-05,-32332.771111679642,15.792214601103726,-23.34299536205782,3.937677116448544
0.034784731051883226,-0.12258239653270139,0.23162073809780404,8.9270499469766078e-06,-33044.022629534215,-5558.8718657309091,-24.756546153716197,0.99744087501532874
0.053393730135929206,0.11582588163914702,0.22994204373854013,1.4395896192015162e-05,-32709.412370154285,-19527.985611093522,-42.205903357929337,-18.492796308664463
-0.01145685481257051,-0.11537793332428783,0.23272635241323417,1.699042220179662e-05,-27370.914218044301,-26775.169865547708,-37.481913868767428,-31.556724808541848
-0.022614176322363833,0.12623101196914463,0.23236108176375211,7.9612849663162713e-06,-30477.06548608085,2812.8119492245896,-19.798024632431083,5.8466262775084514
0.018429586008861819,0.12327766735615753,0.23252126721119515,8.3474809443979543e-06,-32025.988255865115,-5253.5095182877867,-24.778087655746585,-1.6654644030701133
0.063849347420699226,-0.12925629594769544,0.22862345608578249,9.7305002264058449e-06,-22579.458585529763,15627.590948467347,-13.406584684691543,14.812048680316575
0.049212335420274117,0.12582891555426304,0.23041294577153379,9.6193293413688117e-06,-30019.469503100288,5417.6033202016206,-18.406709604127659,8.4798000820930266
0.037700660788048436,-0.12080182864546846,0.23141820767202451,1.138900148736486e-05,-33416.803493133863,-9969.2381610807206,-29.188208181554156,-5.0534866242443064
-0.03616175883750828,0.12005684962862723,0.23153448402702756,1.650954701598692e-05,-33332.494875185446,-12225.870810427667,-32.571780502672908,-8.8020740874215821
0.068056451735300144,-0.1239066701801096,0.22812794480932203,1.0318737520346396e-05,-29858.990555661578,6148.7208856036659,-22.983558432622761,6.4633524660361275
0.0040756015403294191,0.10491001035700766,0.23287978733706771,1.7500971157377381e-05,-5883.9749507444185,-46877.847059053369,-18.145644281642614,-81.08677336317399
-0.087821384393600974,0.12584194812447466,0.22502841653553132,1.6097296354831526e-05,-23290.575350178129,15386.776092959948,-17.719093985899804,15.34931063408453
0.047124150078625492,-0.11758524940761679,0.23057332895461174,2.3392621527011331e-05,-33254.131318414453,-16822.683593205929,-39.607011294011734,-16.733472872906045
0.047126922814246061,-0.12902372490640659,0.23061585709595048,4.6591473781479501e-06,-25811.874464575714,12014.057323241355,-15.920561241621842,13.521990387041425
0.022047256067931797,-0.12869666066422822,0.23239093841238925,6.0014163186540356e-06,-27545.647037444047,8526.4940911859194,-18.420341937515623,10.991320913785261
0.07498047714400484,-0.1239789453135504,0.22710880865917568,8.4661840790404677e-06,-28741.417765634309,8525.083531970773,-20.156105582632229,10.928956568623169
0.080812154094428115,-0.12678806829654543,0.22618343118000064,7.1931302839156211e-06,-23224.676883940541,15300.657810955416,-14.145474944219613,13.032856659078318
-0.062467462233729808,0.11915219445372702,0.22884315718083589,9.84090947349422e-06,-33698.591402484431,-7599.467817688399,-35.81004509406123,-4.854730542478868
0.048495393837381232,-0.12088920495555901,0.23043102234278653,1.1705098470550779e-05,-33675.044008614008,-7421.6486859573752,-30.030673374153864,-2.2372867707257185
-0.012856965297383529,-0.1187796781222229,0.23269526027587703,1.0925506171891793e-05,-30844.644353821361,-17821.540326054375,-32.517684878859896,-15.604679824636632
0.076765977095151372,-0.11389769456228921,0.2268772588241327,1.6662307671491756e-05,-33084.178228505712,-15080.629058639988,-43.488195466245898,-16.635618211988945
-0.022253225590192903,0.047604855638655755,0.2323800911025462,2.6061721301246985e-05,82282.082945140603,-12166.970372410782,184.26458543164196,-27.224974411701801
-0.073545449968180049,0.12619960417791198,0.22732201794623216,1.1287986765252969e-05,-25745.297657340823,12558.832666976909,-17.689903032704684,12.631252188999699
0.036128234258860491,0.12653821468675233,0.2315738381780027,6.4708584313146006e-06,-30061.578554899832,4892.9935338035475,-16.734082395764087,8.2057948780402725
-0.079465423482942915,0.12917104217058167,0.22638203397280884,5.0270992904245408e-06,-18963.8428789752,18615.086798290034,-11.935422796303621,17.867898514892584
0.077322833257530144,-0.12098555862984307,0.22675844448057372,1.488760747628424e-05,-31599.640962697005,2694.8495519086887,-31.480813131134802,6.6874981470338364
-0.056664270709134303,0.12141401000108071,0.22958002048294132,1.1521647928834248e-05,-33246.902755809788,-3433.5636778550906,-31.467518111338997,-0.16004346680039877
-0.049376081977012189,-0.12668854818901049,0.23047029456108142,8.1741792380666665e-06,-28915.579732666803,7308.1756217303428,-19.668920491932536,7.3527699018631205
-0.067347898393326638,0.12331829713175091,0.22821823600244392,1.1868207442668431e-05,-30705.361594811744,4659.7243412879216,-23.08823685166476,7.77830620696386
-0.080932016846134283,0.12661057702289311,0.22616580186250571,1.0138668103772284e-05,-23443.663183866945,15079.327347656495,-15.406779409230566,13.311451119253292
-0.010566520174756174,0.12525735106141506,0.23276570734359553,7.5919534906626974e-06,-30925.894519755777,-243.32107596710759,-19.436399463795489,3.9211571658203606
-0.081218606839397273,0.1205968028308763,0.22616188409745164,1.7341331424638065e-05,-31331.241352463079,3095.6182418624976,-32.099639008455668,4.4386036389065309
0.07948750896566327,-0.12955651409743058,0.22628754469706303,1.3009067869997349e-06,-18173.471724586361,19120.386845237197,-9.974437278150674,19.235272060600554
-0.018535044994739455,-0.12088546859274657,0.23249377063773843,1.0012230092408641e-05,-32244.791870920275,-11817.250265217885,-29.219013393496461,-4.6890064786902039
-0.028271453675909219,0.1199037174863887,0.23204372147265004,1.0144143295055983e-05,-32679.598485257437,-13736.831530300024,-32.57253377035704,-12.89336051542794
0.055226591534877946,0.12923656572659128,0.22962296885534098,3.379091648904503e-06,-24072.483579823504,13875.59909783731,-14.139906547568685,14.922600381367252
0.019746971126943222,-0.12613821497223629,0.2325119641430253,1.0740409637370552e-05,-30401.194178828617,2353.3254860923739,-17.892999093380421,6.3217302533403901
-0.071914262544627044,0.1290495294514713,0.22756272134969779,5.5086171420670509e-06,-21066.364645598533,17014.062229514457,-14.142139861705305,17.217504660083847
-0.084412536794397725,0.12643838790091891,0.225632683434352,1.2814902438709462e-05,-23043.145443854017,15584.288561431122,-14.804916883493531,15.054946060190021
-0.011541998791106445,0.12885116543081887,0.23257229265339729,1.3843187985252445e-06,-27269.616990216393,8589.4812247199825,-22.242681743228943,12.856304720123347
0.0013889107112103473,-0.12159582784459656,0.2328643494510115,7.7145874004905742e-06,-31457.456917854735,-10118.548626253383,-27.672334891634041,-9.0981798319298601
-0.029556255811879588,-0.12607969188928067,0.23199547967684633,9.2912428910368543e-06,-30617.303917514553,2957.9048157341672,-18.423270440200547,5.9947539344665906
-0.044495726656841261,0.12646730603776352,0.23084626491330046,4.9720057872862445e-06,-29752.09921018167,5985.646231947303,-18.198225634135436,6.3414387289966268
0.0062602532833178392,-0.12095219034580711,0.23284139137640086,1.0489648429239936e-05,-31391.307716605548,-11959.711759107533,-30.886924369421031,-12.001793137439757
0.068626588994444945,0.10752858902706455,0.22807040499517142,7.5848489023347164e-06,-25752.049709263105,-33375.07413117079,-42.841588711409877,-54.160060628056897
0.054307289205547782,0.12690724541009193,0.22986793283159529,8.0863785845162484e-06,-27967.391649227167,8980.5737064317855,-16.880484523922842,9.6677994118155919
-0.082541731116696299,0.12352420845419747,0.2259393912222622,1.0183431398098295e-05,-27893.715888188792,9819.1693860059622,-22.833630177608985,10.053484690239337
0.041053672395692124,0.12581677348886181,0.23114767771647729,8.6555982195467151e-06,-30639.06770672273,3854.1752917183398,-19.226029519147442,7.9463452445549896
-0.037672007517538297,0.12877334322120407,0.23144380235978515,5.1117205002191884e-06,-27089.337042182204,10144.043820400797,-18.933423516607348,12.733039256963313
-0.027064912014926834,-0.12051319197101951,0.23211422865126566,1.1763089292912385e-05,-32667.704886719956,-12181.301209870748,-30.485824014036094,-8.6544834470781336
0.062528135466817569,0.12911176037546515,0.22878345501234271,6.3763756118287339e-06,-22944.86962766368,15085.694559189003,-14.072605484364965,15.284126469911726
-0.020188269825374132,-0.12913990620224708,0.23248884124551505,1.1410134141780323e-06,-26861.276634238704,9495.2425959599204,-19.725774532574274,12.92732219750302
0.061593248712649915,-0.12583350173098132,0.22897793105996683,7.7341445719322752e-06,-28371.153097370203,8366.1764998109757,-21.63632871019179,6.2835209185645606
0.044762028002298913,-0.1214720386310401,0.23082294551478599,1.2449342974984234e-05,-33593.258708840476,-6693.8525269363781,-30.031837039954549,-0.99307578701722632
0.066509449988896865,-0.12591608604018426,0.22835246099166798,1.011145916534995e-05,-27507.864140829344,10042.254198736358,-17.478354248577226,9.6817203186119407
-0.033364116048248842,-0.12251176358193004,0.23171909756522002,1.2584273968292001e-05,-32969.365910584471,-5868.8476956121158,-26.346353670117026,-1.0884338319571272
0.052491326066322348,-0.12605098192088654,0.23007356637419879,1.1912889033576443e-05,-29443.155710066738,6733.3306975563091,-19.292233116350261,7.3131995899725739
-0.015932184473657487,0.12261704710542971,0.23260299340502399,1.1185627594144993e-05,-32226.673438230162,-7059.7783721459991,-23.836972326202496,-0.82272663197148066
0.011957051523070299,-0.12518635134108211,0.2327412683055991,3.5899850657783236e-06,-30822.776581709903,-481.47858192164125,-19.041306874981942,3.1442717789575414
0.04095934858448004,-0.12686960705064629,0.23115593743645463,9.3184036208455689e-06,-29501.452503616452,6284.6050078656772,-17.086509896245524,7.7760261997933053
0.013840121136390347,0.12870799040126249,0.23270817274836073,2.3517389320131574e-06,-27400.969460995042,8318.0156601883864,-18.407390949612974,10.014131145803381
-0.017577235862404998,0.10914553117029589,0.23258642644095442,2.4648710852145283e-05,-16948.326300695753,-40382.547784231945,-28.08917057037943,-62.45232252884233
-0.031808013681781315,0.12537351909123451,0.23186160434713807,1.0217838514993102e-05,-31361.162831624781,1504.6413951701775,-19.027987600320664,6.0333943901394695
-0.017106553645202908,0.12603109930430648,0.23260307625594664,8.2380453673567962e-06,-30493.256445556035,2003.2103762389634,-19.738234710092957,4.6329090773936317
0.048871660894346344,-0.1266732920805021,0.23045815932815006,9.8553678719494466e-06,-29066.136872741707,7359.2654237260849,-17.463594723619089,7.7180202752167801
0.14231010271081712,0.049092068950136097,0.2171744117998779,1.6108588467658065e-05,-32669.317938218443,-44745.92853384262,-61.454163964565232,-92.02816082015238
0.045148737474604385,0.12050073543288072,0.23078275625108977,8.8182375487239633e-06,-33606.781930158089,-9219.2467512387102,-31.361729940666422,-3.711427693972968
0.040271377181964316,0.12099836451015573,0.23121618151548562,8.2876973093401038e-06,-33494.10914842895,-8931.9111173640795,-29.606559235782566,-2.0335765631280207
0.056464085735727962,-0.12164153167320946,0.22960447367689765,1.416461800824668e-05,-33135.329117757261,-3069.0564206350614,-28.75799336481349,0.99327118706616313
0.056008464147612132,0.11904109028357771,0.22962651207124249,1.4369143086334555e-05,-33608.478795561939,-10092.2071143182,-35.713810361807845,-7.8260135594404696
-0.014141472825620498,0.12583410040334037,0.23270287639499745,8.5525785115498952e-06,-30599.312864651834,1358.4800732613328,-18.926565372187987,4.511243476018584
0.045656938527828705,0.12587543502407733,0.23074458025101402,9.441376914339915e-06,-30260.873669128927,4877.3187249389684,-19.138776660808027,8.1564034859771581
-0.019820447662320842,0.12624772132477363,0.2325082124657129,7.1184361885177259e-06,-30382.983264557995,2693.7644336453809,-18.88003900379249,5.487410706801894
0.034336633370790161,-0.11972119906431156,0.23165662068252255,9.8396902799342985e-06,-33035.985353841257,-13564.254045581361,-31.53612990251316,-10.017798643544468
0.026885582613347201,0.12061183920939755,0.23213612970776307,1.2045423513040163e-05,-32725.291082361895,-11895.448289765191,-29.377166674871365,-7.3011958189104522
0.025793316366729102,0.12358199996101789,0.2321936535116641,9.0975616660672591e-06,-32205.453155539621,-3915.7939263093017,-25.363003760400833,-0.94547522181007715
0.028363094427724129,-0.12033952856550589,0.23204248507617092,9.885481414064711e-06,-32876.51122546578,-12549.646138143959,-30.282007882973879,-6.5302819621874812
-0.015093104726912547,-0.12114967637300907,0.23264295484794789,1.0222799227434208e-05,-31933.821437759882,-11209.78428878611,-28.356762653181221,-7.2946090317712144
-0.011291490128242475,-0.12411655807524784,0.23275296576228491,6.493773117841862e-06,-31322.155500642013,-3250.8006503765391,-22.372965607592434,-0.81774136043436874
0.040086723670577577,-0.11756670490024793,0.23121138595769064,1.0229422149079843e-05,-32760.771950168903,-18417.354280361702,-35.569190442657103,-14.782727536982829
-0.021952933444655785,-0.12594133911299757,0.23239590587897677,4.5939285168986146e-06,-30652.447968224031,1977.0856979647908,-18.325425911500972,5.6014268446031723
0.031444007727027531,0.12260152895259815,0.23186157728587034,9.2944888072214443e-06,-32855.294507509469,-5906.5546078154794,-25.543402641102965,-0.87608721731598094
0.073260158050069565,0.10914184039116774,0.22739712001939782,1.3836781940462207e-05,-28879.031384921214,-27942.776946366568,-46.138609237430046,-42.622796169858219
-0.043283199661021045,-0.12450537260359282,0.23095244312346491,6.4212471770472305e-06,-31677.775519353527,868.21914441873173,-22.96839121447405,0.7075557998463905
-0.057374800897140484,0.12649626933022193,0.22949322709279077,6.9308106568390246e-06,-28320.058327048922,8966.9325607797746,-16.216539454538893,10.695272858487959
-0.0094107333763711731,-0.12603843841650567,0.23278602067023557,1.1681203729745997e-05,-30062.302563117217,1672.3373824052512,-19.885884517454503,2.9060498950237736
0.052802958535491017,-0.12032269997330236,0.23001149653555611,1.1539594369274922e-05,-33808.622439689687,-7675.9776568705984,-31.370416183135873,-1.7625920938016719
0.027067765987323099,0.1260002350621624,0.23212653508675279,5.1333849503932982e-06,-30712.008576876022,2499.8968666176224,-17.135041300618813,7.2718694981664891
-0.018613198198499565,-0.1263145689219321,0.23255379923274719,2.8697372376161022e-06,-30188.665994397925,2703.6792932110961,-16.339336099767955,4.5991432243539228
0.045693662652390728,0.11749174103891909,0.23071466836645274,8.6731631278891652e-06,-33050.859959105408,-17363.079041896515,-36.709835492877239,-11.519231239844327
-0.062170195546678457,0.12582135207038098,0.22890745527652054,9.0925295764614393e-06,-28493.811902578327,8732.5338705044614,-18.125515791933296,10.35240994600543
0.061121931053170139,0.12626051114434791,0.22903550392343497,7.3102112414793795e-06,-27775.090990590284,9096.5961145959427,-21.966016861201982,6.8680293702399675
-0.050504889301837066,0.12349992254872014,0.23025143439389884,6.9837723586552976e-06,-32271.527918828255,-71.333584927786788,-21.820997370253554,3.8725879910820669
0.077076425169223028,-0.12663447958695215,0.22676803131298198,8.7020927194777482e-06,-24303.975710899256,14175.651089045394,-15.68504002315011,12.015878569759572
0.014809900894134136,-0.12640736201946884,0.23268798859046955,5.3047776910772105e-06,-29992.081857131234,2769.6296663532821,-17.359655197012543,5.8452741386149114
0.024142818830477052,0.12582089090668361,0.23228057636303709,4.4937465191243001e-06,-30794.198985269777,1878.8104295929675,-18.47323485779058,6.2474538359683232
-0.03855250157238943,-0.12934312986634017,0.23125976471838913,3.341598522907718e-06,-26102.976019255169,11381.671969920071,-14.57886242705481,13.280345132217903
-0.068604869631107651,0.12092532364523202,0.22804958299316372,6.4836960781982733e-06,-32502.528936115956,-699.97169520571993,-31.339650810045303,-0.097197749686416646
0.048216714666009838,0.12039076256119059,0.23048957129344302,1.0871726952346042e-05,-33628.450077222522,-8787.0148814466775,-30.873986868191604,-2.8922424764667376
-0.012836122159336074,-0.12621380803183613,0.23272581835496886,7.3774593492761115e-06,-30109.141562466411,2214.5274829129476,-18.750619328131361,5.6530489420189873
-0.021738640722614298,-0.12104360918335542,0.2323808997800281,9.2621067885439555e-06,-32444.289416475192,-11145.278017247576,-29.385014665715573,-5.7765172940624829
-0.069775338163981071,0.12617852577561198,0.22791130908720589,1.1713326690099976e-05,-26544.648062151631,11514.354751305647,-17.388261896822165,11.835412060277255
0.045199793576136196,-0.12637314018008639,0.23078461138675263,9.7995229808667551e-06,-29813.821506341967,5939.013413511213,-18.566508479564266,7.8107517437253291
0.036430204061142051,-0.12700189899653375,0.23155254424250668,7.1525342893245456e-06,-29513.432317407005,5903.944543295197,-18.309787688758149,6.3332057146408696
0.055299195034409603,0.12281815121602885,0.22974378162390047,1.0968485582709705e-05,-32263.584636930704,-341.73806808236156,-25.102464637435521,3.1669462097301153
-0.018471519280193006,0.12074119025254366,0.23252180112352727,8.8047146177775734e-06,-32271.915003708044,-12191.42104984075,-28.247976277261653,-6.883402170695172
-0.041087994204047705,-0.11476839572330917,0.23114467223437804,1.0410114113599555e-05,-30451.880094677541,-25549.138287367961,-38.458733285055438,-29.206555300924986
-0.022094684012073901,0.12072702919442754,0.23237641544781013,1.2634193436661381e-05,-32609.711280298416,-11995.847477883472,-29.598249603426407,-5.9325516582071689
-0.077099391609157603,0.12616887918555367,0.22676675877048677,1.0346633432784587e-05,-25024.789507129724,13391.439621246907,-17.099839382637832,12.445002984651858
0.017057727778788286,-0.12675058420963062,0.23261346356984103,5.3851726019262176e-06,-29720.756726962169,3744.5173684153019,-17.15924151789601,6.0554363994767835
0.016827572166091535,0.12604547392506718,0.2326130166930781,6.0223832734175948e-06,-30375.783880326602,2015.0752895431121,-17.245932699519052,4.8488904030262825
-0.01579780001619303,-0.12680436491071467,0.23265819139819949,4.9689530936063419e-06,-29677.986769133586,3804.1278573972368,-16.335131876485029,6.9900072523488861
-0.025284364639850447,0.12061983665317273,0.23222045726891902,7.7554862692980715e-06,-32723.08833521793,-12061.510157811446,-30.80666116337067,-8.5806076097696593
0.058448205593945354,0.12219467318669097,0.22936210749476124,1.0718446839797819e-05,-32427.042851364578,-1020.7177467214963,-26.730807829018065,2.411263575884107
-0.06865809661048701,0.0722373722546302,0.22806698670370379,2.4096632827186586e-05,39789.169793679059,-54808.941906500964,81.142785300271996,-121.42352990573517
-0.037821508246814954,-0.12698085917480062,0.23143071092354697,6.2242888850796881e-06,-29432.457353155489,6090.3831466065094,-17.780508990592189,6.6365425199083665
-0.03201773512756572,-0.12867154862626493,0.23186584676554803,4.3205322724465081e-06,-27494.782083988481,9242.7467172493252,-18.037459041414095,13.655409589042478
-0.054118284211456209,0.12720797018228222,0.22989102035759984,5.7622373113079397e-06,-27721.394306072103,9658.4008623342106,-15.978869381410862,10.161010815444955
-0.027701539593129789,-0.12350462316164666,0.23209315763072413,6.8094304794818293e-06,-32423.248595613502,-3873.706800812763,-22.526315231225023,1.8543924329444161
-0.04833191078967404,0.12638347267802025,0.23051033906052393,3.2033942730712011e-06,-29507.049137694888,6588.6276959718107,-17.001868545316604,6.9474855975669216
0.070128152730725909,-0.126672300937928,0.22785370892405857,9.4494936088594128e-06,-25711.423884543652,12534.257076315333,-16.087816655622085,12.462063369189741
-0.025172565027520383,0.12555571757353878,0.23222634515476714,4.552259484795859e-06,-31120.81357079298,1309.0412116227644,-20.033831718625859,4.3583339375231605
-0.051864604719570759,0.12634970294769618,0.23014234756626192,3.8101750302730155e-06,-29181.448274362134,7260.2480925779264,-16.44720581786925,7.5447159992394539
-0.027120491235248886,0.12250889300808578,0.23212375833078169,6.639938632209811e-06,-32934.145684094678,-6613.9510143482012,-24.450924025299027,2.8550442908226596
-0.0083082195974054258,-0.0077173441914242698,0.23280539770633649,1.5884507631819317e-05,87034.084479595636,20617.344100424092,211.15862909329735,44.615579060738341
0.0089285920528101043,0.0083296545531876594,0.23279412761440837,1.774809376332447e-05,87247.799713392218,20444.258002056762,215.33762937185924,41.268818596132675
0.060213227212384153,0.12443741367709357,0.22914650481870438,4.4002877950708144e-06,-30435.506016833951,4994.7188549113098,-18.223343984739991,11.519699187513298
0.070168103009423236,-0.12218639824063894,0.22784114794266608,5.6968276579041815e-06,-31321.113686566288,2948.2147760369185,-27.690179526081987,4.821133709609029
0.038679372544046256,0.12642292616033646,0.23134173200902869,4.3227970793429878e-06,-30046.019050885054,4941.8579171902675,-20.384797579632384,7.3660508268804321
-0.14816523357596231,-0.058412035138138266,0.21623161051717971,2.0569840993799153e-05,-43120.99859279138,-29702.448011016975,-88.299633931350655,-61.649333201071094
0.035657675662893309,-0.12462372933719765,0.23158397108970197,4.3909694296011265e-06,-31878.912944035692,24.827250790977878,-20.362179096669262,3.2695996450292784
0.043366017673168666,0.12596226178824921,0.23094519093994281,4.2254324944328048e-06,-30318.504449280703,4623.8006983081277,-18.904754292080611,7.6863426344626831
-0.013754085276768425,-0.12856782027939448,0.23249077221230177,3.0692272049265877e-06,-27648.615842988049,7861.0227572526983,-21.858009623631183,12.472577928074742
0.02305898765621851,0.12740181630372804,0.23233765593692568,2.9242715378443153e-06,-29169.744146250378,5602.6455387665001,-18.179300122490762,8.2945863125649311
-0.10949400369584114,0.064216532738632259,0.22203277058323664,3.4813870283487115e-05,6514.8591384344018,-60021.621138898416,11.270571047403678,-133.87393697791609
0.015731163213974331,-0.12838297377015501,0.23267493707248549,2.5396841776322755e-06,-27868.456559068982,7542.6750313984994,-20.834614103647493,11.44530915857365
0.10994938502860731,-0.046245912049250458,0.22196535227441166,2.8679054847016436e-05,24436.617368795847,-60523.874823228522,52.442879150544172,-134.95583338438905
0.04259106836247508,0.12064258813198239,0.23101305147505768,4.678524711968133e-06,-33558.181348623002,-9383.79808450981,-31.014763912577781,-3.3099023036414494
0.029176041840021559,0.12597935631983287,0.23201550350713984,2.9600659471073916e-06,-30701.046477661013,2602.4170258022309,-18.898556074580512,5.6596904546822451
-0.04636118415867594,0.12676510663329141,0.23068291107510513,3.0034036573714171e-06,-29245.854131893291,7054.0132922363418,-16.787241619092093,8.7071253894301623
-0.13986938077727715,0.088572028388897439,0.21665704558411733,1.9186251722732437e-05,-41187.40989257599,-14293.096414748126,-82.016464771308137,-29.749358121287095
-0.1478129708452664,-0.018765480465574746,0.21635972301793388,1.3736416870541191e-05,-28017.194154571065,-48956.071598551229,-55.901817315070765,-101.53964349521166
-0.01844662692298429,0.12848815662620663,0.23258056423438603,3.3229301190584318e-06,-27862.532137203299,7965.6664699452549,-20.619359301785337,11.270551700257522
0.034092966663603244,0.12656981776745452,0.23171626811257612,3.2870598581606281e-06,-30029.348621864992,4679.6442296525438,-16.062300446935733,5.550420295930663
-0.095238095238095219,-0.030507493526371349,0.22414332973406192,1.5987947159115788e-05,55865.389224799073,-45807.639703283843,134.76812663874028,-112.82966914617656
-0.024103033551345153,-0.12629275733653977,0.23228267164026642,3.9298502964884707e-06,-30389.923653957772,2973.497638731656,-18.47566903155419,7.3725761409188602
0.049628944454812703,0.12379762418079614,0.23034621203165764,7.6366120434349654e-06,-32046.340107451069,513.79897475990026,-25.199855945532324,5.4036859138045399
-0.044087449479246629,-0.12930873170431947,0.23076948218616827,1.8721279831692878e-06,-25697.958810599383,11900.90095498592,-18.968461419149442,15.406884744177711
0.038685182972842097,-0.12682210415282297,0.23135508090715146,3.4424891944452798e-06,-29656.519293628968,5777.333580419765,-18.502008218572708,6.6088983923650471
-0.12890319869520742,0.058206550936134221,0.21915926265947797,1.5498850610926733e-05,-18192.225928058673,-54584.502000374407,-40.902257675274669,-115.27873088062894
-0.14797439555673514,0.071518018426977858,0.21590730627945603,3.3734371684237884e-05,-44542.204623825019,-19875.926035394408,-88.527413168345291,-39.670067487689749
-0.14761904761904765,-0.049698898146978754,0.21637324735260716,1.1650233490019052e-05,-39745.22148140963,-36468.934926620561,-79.059282448465453,-71.324200804892058
-0.017207089590872415,-0.12354013658777749,0.23256952603441802,5.5925316470573064e-06,-31873.125029407027,-4594.2167251040537,-22.930039403243704,-0.5847804017270688
-0.022025343870215444,0.12347024220247046,0.23239209241029807,6.5369787704079066e-06,-32310.644504913336,-4368.9608209142625,-22.414423160758734,1.323605934354698
-0.14761904761904765,-0.029436744778708349,0.21638843296938079,2.1521282650784484e-05,-31763.051334486678,-46213.95803473617,-67.548876685725716,-94.057601167309883
-0.02688189303811736,-0.1285337288898567,0.23213632401789819,3.5279280609599436e-06,-27726.489941334741,8499.0910263027199,-19.0258440779706,10.763677873057434
0.089660016988168709,0.067322340844105363,0.22496915322537409,3.8783534516976814e-05,27873.056846663549,-57607.374582940553,61.861133567835999,-132.83804968435919
0.031596186140151299,0.12893098948543094,0.23188804748937503,9.5377192331114483e-07,-27026.877894829544,9769.8057753380326,-25.22290755645356,17.394527807779127
0.051931068918880337,0.12659841736615401,0.23013830811127678,3.8711064769886106e-06,-28617.86133130479,7731.1216114932622,-20.682213069740637,5.3142475407890295
0.021613984893851565,0.12509673596996404,0.2324137564809059,6.0084035678939864e-06,-31278.794420865837,-242.94606771112603,-19.773914084421293,3.537251442647622
-0.071706715246642988,0.034452148367651654,0.22762000666837787,2.7398602256864311e-05,73308.585081901794,-27365.711156428253,170.35504122319537,-66.678808975195281
-0.02303562239631278,0.12852891771601058,0.23210588765542803,1.7523285841668402e-06,-27822.427050381033,8310.439765684474,-23.482949089695854,12.264937279014188
-0.12860656057260977,-0.077081905429780315,0.21913669827891147,1.2123810427541711e-05,-31227.849092599583,-40943.576871232239,-66.411802526245481,-80.024435583987611
0.05632176435798323,0.12714895880793214,0.229581720243831,4.0448662315677349e-06,-27245.252051561867,9939.3967844206582,-18.489647711767802,8.3061720127479219
-0.040689810843774543,-0.12769387854119804,0.23117954023868378,5.9952757100566167e-06,-28420.108176050369,8101.5038121004573,-14.990644759642775,9.3963859637559377
0.17189026339305641,-0.056193223986061733,0.21192715388922739,1.5125697633027398e-05,-44599.674336274795,13336.679750442872,-83.700427144318809,16.588482284018955
-0.17073339487348524,0.055175392503919375,0.21222062750575982,2.2599840509621374e-05,-46245.588465018343,11190.284079407951,-85.330047431793034,17.496625438484678
0.030020895816541708,-0.12328488096419503,0.23189047703914747,8.1515476779067545e-06,-32612.025618555163,-4313.269589007431,-22.693931033692081,1.8396903706135845
0.032547023722119525,-0.12343612742306732,0.23178706812041608,3.5729894722847999e-06,-32543.005289789184,-3569.5345093009018,-22.574645666126713,-1.1141234250574457
0.036808352993205826,-0.12875874221569703,0.23131374402603327,1.3677210805024729e-06,-27272.916540892274,9855.91081199769,-23.977642110798932,22.091830938130677
0.040893019836820178,-0.12990609309052412,0.23114603833985212,2.3209218667866272e-06,-24895.645606600017,12881.499067737441,-11.700090742196636,10.09881924508576
0.032938594175317151,0.12762191896258299,0.23180929551834345,2.3109933862939364e-06,-28842.971896427007,6917.6267893266504,-18.231623963275908,9.1128429913692646
0.014031618488326736,-0.12440872899053247,0.23269111739923806,4.3836023873247475e-06,-31346.552445027515,-2420.5561335778102,-21.29367334638237,2.0170752227902282
0.018890356337584978,0.12934467738948699,0.23255719538644293,9.9769990441255234e-07,-26510.286599778337,9974.142545332008,-15.745074951892846,11.241217536456265
0.022981896831438128,0.1291114572015481,0.23220340709803497,1.0675260915226086e-06,-26867.357149965672,9618.9067124795165,-20.171827117766409,12.987690254360086
0.074090111737062286,-0.12896243992886272,0.22701462847353088,2.0640584665172951e-06,-20759.325726319785,17312.802782346822,-14.238885084466043,19.850040152573069
0.040826516298812426,-0.12409394531791755,0.23116756925528656,3.8603654593647397e-06,-32234.160994544007,-598.92399246458479,-21.591503417940309,2.4135374398463951
0.075469079000224176,-0.12795920900328975,0.22701261985075138,2.4518469043190247e-06,-22313.825441867426,15992.927624192935,-14.850631445502071,13.065681176653063
-0.089304768131620582,0.05450542177318967,0.22502174711844167,3.2876510564183442e-05,44256.688568791222,-53478.313358087122,94.644000146338797,-125.64208954657272
0.11900859271022506,-0.068523466348820616,0.22062415443154276,1.4051647040842907e-05,-11761.116310300595,-55206.358136141062,-26.157162507630954,-115.18643964082428
-0.052497153388947095,-0.0032550238232606646,0.2300343354450454,1.7239106549506081e-05,85546.690690961521,3391.5940852813901,211.71864157924648,3.8046520709034684
-0.052501402776517422,0.017234650370062849,0.23003386641324294,1.6005655095691547e-05,84813.550834337817,-1125.4445088642522,204.54255411021896,-7.4247091601336672
-0.094803313571096975,-0.090228674696122071,0.22420769830296891,1.3325510153549198e-05,-11574.344090496676,-47936.447951308895,-20.560153258590038,-104.36289788606618
-0.086311780474004465,0.058518115124338667,0.22546485304240382,1.2957849399556606e-05,42842.570398337077,-53410.884331184476,98.015346229803683,-117.32269347202075
-0.10914418927430403,0.052262049583854171,0.22208455991891132,1.7351204678248665e-05,19733.162330773535,-61348.553303372224,39.594495035319291,-140.10857288116969
0.13797443249390751,-0.069809129267462536,0.21770887270619893,2.954685910833501e-05,-36930.209652861638,-36156.567653537473,-77.562009886191518,-75.483356974958539
0.12810700632695468,-0.063227349683439696,0.21927255282857613,3.5706584456304602e-05,-20838.571601769239,-52343.369052343784,-47.14955750628279,-109.29388263307912
0.12388246327269101,-0.041910181244228031,0.21990258750046715,1.5403382598904244e-05,3657.4438025415757,-62277.496283204207,5.3937865383017876,-134.78001535363711
-0.080481304070774806,0.040024943364455952,0.22632804358287203,1.2428288585709662e-05,64599.698921521122,-38368.604744542419,141.03757015487099,-92.327648636361474
0.10040109254566811,-0.049174269731569409,0.22337895815820044,1.4288604415362599e-05,35654.431652208834,-57149.45755073394,79.623241281636936,-136.17849607717562
-0.12905256646921093,0.071967918466683239,0.21910675522335135,1.3545419317122221e-05,-28431.256979643818,-45219.314321615268,-64.79890852674805,-95.31617550724016
-0.1681452510116177,0.10689981013881043,0.20728822377554512,1.3221455855668491e-05,-12424.955029494546,27004.145772978463,-27.653630060647405,46.495422153235921
-0.14659352598697969,0.11154632237529638,0.21295837286273239,1.4385518154526896e-05,-24010.377034387402,18832.909006282884,-44.494367259754128,33.808819140968581
0.032180331533013688,-0.087897502895330035,0.2318275077731603,2.1652933007792765e-05,29686.147177131577,-54333.070369211644,61.911122893709177,-113.06675647363734
0.039917898307510538,0.040085837750853337,0.23124713485042153,2.3963580664757611e-05,82119.972881275564,-12573.837601074853,189.76510379146993,-31.43503225233826
-0.052904655933470587,-0.013708141041836944,0.22998935680993551,2.4340624824887804e-05,85481.133563391835,563.79957821171547,205.43330722180522,-11.35828184830002
0.016718416891236182,0.098796719852237619,0.23257762848316998,1.9664653719879664e-05,8465.2774473461923,-51813.847432761504,18.242323775593245,-99.947507895404897
-0.011228807409694976,-0.059745686553367032,0.23275406743132829,2.5765602881795137e-05,76467.351243688128,-22945.160863088982,172.00096043622256,-53.106945096961958
-0.11937822631397105,0.066459714158362923,0.22056943090500281,1.4866422647823477e-05,-10657.583162892761,-56148.889819394091,-22.425259783221403,-122.04168529195307
-0.071135316668109891,0.038854029164839536,0.22770369661120105,1.5378941835417071e-05,71369.807415774107,-30951.92251684807,171.64730818779137,-78.189237544970993
0.071287645142626754,-0.037108231119164579,0.2276813754098953,1.4371634788979379e-05,71851.0764131326,-28688.959819865191,168.62892188974863,-60.25263375975603
0.00060094053293629221,0.099612449807770925,0.23287429961309652,1.7387587119466036e-05,8203.7012018131099,-50873.857988210715,16.440073066287361,-100.23088196092553
-0.085444737580136931,-0.028256052819623588,0.2255932170340241,2.5505489650930785e-05,67013.675774346993,-34712.645439981585,150.816584921192,-86.15643588718622
0.1289049946309492,-0.070130055871328603,0.21914110630867631,3.3010523327533507e-05,-26840.470350729891,-46607.621578312042,-57.01578119437778,-95.726255268957132
0.11877642836158035,-0.064294920272983613,0.2206585259057971,2.6839266676733595e-05,-7261.2171697224467,-57421.401889371969,-15.430337406243893,-120.86532644582054
0.12175752689994568,-0.093029182425456325,0.21996184278471795,3.1389424054216153e-05,-34847.742460860965,-27819.579823167049,-67.983671776761057,-55.565059769871866
0.15476982668649975,-0.088910543936772113,0.21331665458602117,1.1665991672687438e-05,-39199.643143053676,5872.328941279141,-80.644047646387833,8.1423718437282027
-0.15144771825773382,0.049389145681934199,0.21579031687891431,2.9946584495204652e-05,-43853.379699410121,-29730.130912341439,-86.15134518964723,-59.121941339602586
0.15169086450283925,-0.050498101794148639,0.21574789361367827,1.8993578808596849e-05,-44238.615411114995,-28454.229842245531,-89.127822967428628,-59.705495610156397
-0.20000000000000001,-0.068760333600992221,0.20347178404355765,1.4942147600706516e-05,9378.6376559943528,25700.889396670671,33.319302618052014,43.108965180268029
0.20000000000000001,0.068760333600992221,0.20347178404355765,1.850249880958091e-05,9314.8729240343582,25534.802968348675,28.679842487183866,44.48550235598249
-0.20000000000000001,0.06876033360099218,0.20347178404355765,8.7582753473747292e-06,9641.3435498710678,25608.013009020364,36.308684614203315,43.626814708787329
0.19971763446660815,-0.069608423014890841,0.20326517714097986,1.5231177682130592e-05,8841.5619297543071,25594.104079450455,29.308430181803899,45.965530145015009
-0.0019364061091594314,0.05660405699477622,0.23287275127934701,1.7018645597046697e-05,79505.820347209199,-18109.118048527598,176.84779849000313,-45.253674357627389
-0.16636615283675874,0.068908371731824333,0.21225385014691692,1.6508279280926088e-05,-43791.360666217872,9698.1082396134843,-82.998390875921629,10.195827598429819
-0.061399941889473848,0.032602408407710504,0.22900154406727588,1.4885419589525772e-05,78599.429499740902,-18392.470166668129,189.38907039020495,-37.87941001453629
0.16549612454380899,0.11378380861540907,0.20697352313179321,2.0297893243737442e-05,-6703.8134542245016,26418.989154514522,-13.693244257247233,43.97186965729226
-0.015155927106771211,0.0068088711206014292,0.23264520951612952,1.8133458280091682e-05,86956.402141169718,20311.638857256978,204.6697364475317,40.486685628696193
-0.11413712944026917,0.038284453694224972,0.22134536496770671,1.800622201838397e-05,23991.695243337923,-61549.343215285473,48.007101054700016,-133.9549328165738
-0.005906913621775289,0.0079690653282918737,0.23281234746587895,1.4826396047974542e-05,86528.224605642754,21151.532563834899,207.11952206725329,51.967241766345218
-0.15617287505297528,0.11436010232155881,0.20986108509019946,2.9868440679437727e-05,-13320.571701459063,24787.885770923447,-21.458100203249309,40.468284143921203
0.078513946798983131,0.069621783503779427,0.22661930694958274,2.9907873933934203e-05,35746.668865875472,-55773.014623262774,74.246194435579909,-126.22595839536358
0.031951497036821777,0.12589820059993104,0.23185778540633945,4.7971853012806334e-06,-30755.315312779239,2772.6513652306853,-17.922754960281313,5.3775846658110851
0.059782597573012249,0.046968357131159447,0.22919910751867592,1.3229664765284906e-05,72295.161174246314,-30184.680504280932,158.13241609316125,-60.330994714314222
-0.17056931022263547,0.10357514397163986,0.20708883400806719,2.1900080102981103e-05,-13622.243789404511,27337.052020746964,-31.407716356419247,46.258847664304078
-0.027689823942693113,0.12567308360701973,0.23209377463118569,1.1388140752498757e-05,-31105.126270627505,1832.1170605164293,-20.143100310284073,6.3867563772218681
0.11057697322196516,-0.080595233265320212,0.22187228233195558,1.615869200922364e-05,-14189.111851986676,-50734.682625850015,-32.73959245728949,-105.79508381130587
0.038991217079630477,0.093603867079792458,0.23127941033471999,3.3446602518897653e-05,13884.661749033332,-55496.728275157118,28.627674523332509,-113.38920877907651
0.20000000000000001,-0.094771660708707239,0.19880855548063325,7.102771740251991e-06,13540.163430318966,15657.123409192316,37.92397467013825,31.623210652066749
0.17929075778464448,0.12985963431783162,0.19868552835445341,1.308036455017438e-05,14610.018373207706,8180.6902122704778,28.76463060581543,9.7316358010281547
0.1237587199142319,-0.074016239554188581,0.21990380877186594,2.4018425406214506e-05,-23330.442378625183,-48082.810543566513,-51.085857772593933,-99.148750844474108
-0.1904452923352096,-0.065899723889547984,0.20658064048809885,2.4541950161102234e-05,-12179.583634137663,33017.37331032216,-18.073908079261919,54.436851327841474
0.18999703205319046,0.065824461335457773,0.20670945541663466,1.9647406207270118e-05,-12952.777766653866,33288.142505434014,-17.189248018457775,55.954454506833024
0.10457403128649387,0.12184594999799477,0.22203434747910245,1.3004617757166491e-05,-26060.56468237122,12949.57787107725,-28.847285750585897,14.195406307767513
0.13956810512524875,0.096616489836767683,0.2162022370227219,1.5346432948358549e-05,-39399.945179435628,-4361.4090632883635,-79.942132288651138,-10.284265814017092
0.10480612252784345,-0.036846560027505686,0.22272680215101953,2.1800084632669608e-05,39863.031975166596,-56267.417451577989,84.752595569381583,-133.27897592673531
0.037108218518198267,-0.042744748182059727,0.23143591632446267,1.9723328795826283e-05,81434.740929201289,-13510.539778598628,189.74233962060768,-28.449402142970161
-0.030594377177712562,-0.11848621404407228,0.23190398844576363,1.6196425566658169e-05,-32373.985209824434,-17338.830291086917,-34.806664964367826,-12.209917620230382
0.1168057970986917,0.086813507235535978,0.22090196911937737,3.4140363427856536e-05,-27242.332751031194,-40406.866187245534,-58.667557131955888,-83.771950775682669
-0.095702413807300796,0.03289947693117181,0.22407458828499616,1.5122192771652008e-05,54064.912305952224,-47255.610990450463,127.81066717110548,-110.79944904934216
-0.18110608836421582,-0.06312549992016514,0.20929093312729949,1.4576240575855272e-05,-30478.615804996276,28162.373115320555,-57.97191398129705,48.005088662452138
0.18157776137162251,0.063601789180366908,0.20912773454294306,1.2027963117015612e-05,-29562.884781827208,28777.884742349859,-54.027256010137208,46.985220311304332
0.050667373650064899,-0.034801755807913427,0.23024528032544192,1.8654419064098142e-05,80990.0481482623,-12567.977125463869,185.03840350139947,-23.367640453818911
-0.073317257563329088,-0.055714285030486428,0.2273886665489947,1.7340377718919408e-05,57276.503015853443,-46010.407442550611,128.63854502073164,-109.43449876683728
0.12464892081636492,0.044117244420008722,0.2197891149717037,1.3727140636033126e-05,280.84170670574133,-61792.002217499168,1.3105690965103702,-132.13869241053794
0.1671861095819373,-0.12326878572436589,0.20468443944120204,3.4271882439566817e-05,6447.2265010976116,21909.068713166853,15.030013413383612,29.339660535945573
-0.1668725433214685,0.12364270726499424,0.20472022655380454,3.1215810936735072e-05,6790.7807252750717,21709.039878734111,14.244682696213042,27.939933887053986
-0.12350764301663854,-0.10772036570916498,0.21893957097859354,9.1627484343219501e-06,-36211.034651921043,-2889.6163102158689,-58.288391586825675,-5.7354477626987963
0.17273677830023196,0.060282327649294379,0.21147730607039048,2.0548695288165401e-05,-42684.993063258567,16599.532677170428,-80.566375723246139,26.351289407583838
-0.17120606173171335,-0.06107668591836328,0.21176184065237186,2.0453856901729087e-05,-43638.141878907634,14162.318497800532,-83.512356650731476,21.540746914754354
0.023008363481355043,0.052693847189010649,0.23234032204064947,1.2229308530459049e-05,79232.147074448862,-18612.276831871397,186.20384185160142,-37.192447329385601
-0.0014361299732149968,-0.0029646601777902409,0.23291211233430439,1.2965267065098616e-05,86710.962624516556,22188.160101604455,202.73552653497111,47.969193057621325
-0.17696087181816827,-0.09180684154949606,0.20693220688342293,9.8237592964079383e-06,-17665.275219088435,28308.543889621869,-38.660563830759308,47.903781712022379
0.0018534565542563484,0.086365150835512217,0.23286106792560801,1.9242834596616982e-05,39821.908200921651,-49143.481044746128,86.081264216724421,-105.11032803945083
-0.046437034262884896,0.12876218183070584,0.23067626905531222,1.4054107658462203e-06,-26316.031069345023,11379.233216329974,-19.995297298878189,16.191589567008073
0.03389338468867524,-0.1107256490982874,0.23170391526989587,2.6020903022484684e-05,-23528.342033428224,-36334.509639950353,-38.224784161370607,-49.187326668064607
-0.14491590432080428,0.10273104306488302,0.21439538501980659,1.9993623252416348e-05,-34328.483420079203,8601.5117417889214,-62.672303668220657,14.167615715241853
0.071709558099101622,-0.12925051011830846,0.22744310549946631,4.1161192765291765e-06,-20782.853758441379,17272.524194166708,-13.280663556423727,18.259217644952397
0.083071475407297785,0.024458969505173719,0.22594457382135474,1.0041571368758622e-05,70163.554781427301,-30170.513934269391,164.74253658085703,-71.003272512432588
0.041971876274214642,0.11020526399013267,0.23106727270716723,2.3624609628976657e-05,-24139.360260932124,-36165.105236552597,-37.55308904714942,-52.898188880058392
-0.04316559876709801,-0.11184277155952224,0.23096274116422899,1.657000660903025e-05,-27206.85554757659,-32478.681326954924,-43.995129089737276,-36.889801041287178
0.13853527469772786,0.12041728527684842,0.21409527647913978,1.4349688327988274e-05,-15872.993410891197,21262.909348235742,-20.273052435732158,31.774405351432652
0.15922161134935339,-0.025373863483021772,0.21467069627609237,1.10589421962904e-05,-44668.783349372046,-26319.30906695185,-88.130721975914113,-53.479440521283848
-0.16795817203794183,0.10104513909686857,0.20826894646212069,1.0473240443425034e-05,-18988.980039175549,25990.641927221703,-37.473686948456901,44.4156352905879
-0.051466475147034757,0.085761500242629185,0.23015513924190936,2.4396831185113414e-05,25338.915221930925,-56797.57011805896,53.956325573786195,-123.18519749403086
-0.054143223954902411,-0.071184818925770749,0.22988797389325571,1.4645672672393408e-05,49762.819050260732,-50171.406151691168,112.54901360255506,-109.41827212609077
0.11530266768576299,-0.043180427649491662,0.2211728093275695,9.1408946483878167e-06,18095.494625876308,-61655.091547126365,42.448407725996162,-133.48678024105158
-0.11853906387788896,-0.084976890652859946,0.22064649490304181,1.1657010881866235e-05,-26858.796752652888,-41545.702248570233,-50.563673799989552,-74.295557982807821
0.086971700386412318,0.096345521546353854,0.22536715319997899,2.0951269221272842e-05,-15601.583757625191,-43802.436441709426,-28.32594672932747,-90.879435519698092
0.016771804245480186,-0.12374156348364977,0.23258717422368891,1.2736187419345378e-05,-31731.639323055744,-4007.3491747249668,-23.598157384223427,-0.81704991085230128
-0.038361094425060104,-0.071492481770390082,0.23138346059853723,3.1505543423107075e-05,56627.085525703093,-44995.766838425625,129.04206396489553,-98.113215237106928
0.14336334011935059,-0.096763389659282301,0.21529662621917814,1.8980807864086274e-05,-38689.814952180997,-16.146392233741025,-75.157051085105422,2.327793086147953
0.035960089653456935,0.086675743388552245,0.23153730206598827,2.7753745713718308e-05,30661.845316894389,-54868.918697729969,62.747329003626504,-115.14379381309088
-0.034317063855548141,0.043689141924788358,0.23166391128981062,2.3597562769631119e-05,81829.030090482789,-12660.009439060357,183.8679741442175,-29.010351184999092
0.028072946025141269,-0.078341646465880599,0.23206053514900937,1.6438273013301268e-05,50059.689789994227,-47205.559356535108,107.66812306657457,-99.276797741339649
0.13108716432476958,0.10035262032039038,0.21779594124385898,2.4139569587498458e-05,-38588.522493461496,-8069.3401747388316,-72.256581695107897,-14.924751529542542
-0.14224423127106472,0.051878254582647026,0.21718349891990568,1.4136400556110809e-05,-34041.47107267176,-43094.360407245978,-66.9290545832974,-92.263849619387742
0.16054470421448655,-0.10190409012438491,0.21031201772430619,3.0869301252093114e-05,-24825.842260200156,21609.451317747658,-49.132704590844796,39.386471537900469
0.15714382839531582,-0.071630366256601338,0.21402582063186565,1.3702526048900859e-05,-45845.606330845061,-4415.8011099603636,-90.096091638619356,-15.036849288655942
-0.018610117872404935,0.095952380952380956,0.23251601284899459,1.4404483185684438e-05,14972.920268122862,-53629.474382897104,21.948497143907804,-110.97366944447333
0.16196121106333497,-0.057663532175579263,0.21383521528795107,1.7713489283453059e-05,-48877.243893684965,-4218.8886469744775,-95.129979531099011,-12.580193117320421
0.17694079141302821,-0.12999999998364989,0.19965523749135913,1.1724136973637383e-05,14666.207410899526,9219.1136158590289,28.454969485676287,9.6328314801648922
-0.17694079141302821,-0.12999999998364989,0.19965523749135913,1.9034134300372053e-05,14636.741618059861,9316.1594655594254,27.14368713622628,11.174194331805834
-0.027896322114066761,0.091916165251116344,0.23205608644321229,2.2029025867287118e-05,22033.254484765916,-54597.723997601322,44.92017907815503,-112.75809279231585
-0.033797369626888063,0.022234000482857175,0.23170868847260911,2.8426908849340959e-05,86000.842506922243,6952.4119262134409,203.14713225168771,15.816069555646559
0.033600821279498649,-0.021445691890860649,0.23171848994054164,2.4263081872890349e-05,86295.136440008617,7320.2635810021939,203.84568289813788,14.163688309812624
0.13313687929219681,-0.049034217299046494,0.21853248944790143,2.4835009288883229e-05,-18164.591256848278,-55289.687168234581,-38.483880279338706,-115.48195281793222
-0.19058596260238053,0.070551232613312101,0.20596035485903497,1.5558435238587689e-05,-9680.040854289593,32532.445587087019,-16.785100886813108,55.369311752342732
-0.1520317682424196,-0.055847853249940856,0.21564704024438464,2.0327379120629615e-05,-45411.504171324472,-24503.813281033759,-87.577200382354604,-54.098154710289784
-0.1067271543995075,0.10212194336170904,0.2223224488184013,1.4859911555584619e-05,-32908.120476351578,-24415.999214319323,-57.130576368250267,-46.460436433119959
0.16947274381363495,-0.10848003304881181,0.20663533970790682,2.3762812891964991e-05,-9615.5843213061034,27058.717749332071,-22.727059620571175,45.730549728190219
-0.1427237225298833,-0.053978501465278571,0.21710277868549613,1.5195973099943932e-05,-35592.966819751506,-41135.071613101856,-72.806770054038196,-90.76989735347351
0.018502702316195316,-0.1199511092306428,0.23252570842386705,1.3884902975897599e-05,-31841.321893298074,-14305.20097916988,-31.303554267472435,-11.096980176884209
-0.094907809615295602,-0.039565714306479711,0.22419222786957199,1.8237379784802214e-05,51122.470716580552,-49505.137738548961,109.40870268124654,-115.05024464961002
0.073759752721563904,-0.12661691130376893,0.22728644557419531,8.346975966129686e-06,-25070.333211013462,13342.457454908777,-16.208155321433871,12.794932726205266
0.025314796244814017,-0.076846378600803303,0.2322161651323526,9.7867388756852593e-06,53600.338412890967,-45066.269815750158,110.41139996025373,-90.282289354715687
-0.17136411471148078,0.06493060186465606,0.21145080820190251,2.1133737001120843e-05,-42334.529166310502,16304.09426325982,-75.629326995626826,32.697160030449972
-0.1139150167102715,0.081897667050832387,0.22137637815186317,2.7713744302396602e-05,-19429.343861695699,-47857.835331935836,-42.864692124228569,-99.094934144465441
0.17891614353361449,-0.11429524713283977,0.2023479025304657,2.6837110095454011e-05,4428.25084378672,24260.548610403301,10.39487749734897,38.941160780812865
0.072515024786346471,0.045012328203759729,0.22750094711756819,1.3951027999310912e-05,66537.885361110981,-36653.205974078533,159.01719133521757,-88.341667982256325
0.17550701570073343,-0.12626521287142589,0.20107210832147845,1.4398718399115802e-05,12485.304544897135,15116.402391815522,22.710764558451782,18.965438115079035
0.14331105058473628,-0.056092481718086118,0.21700381336381058,2.0555757041660915e-05,-37208.582191298563,-39063.866571081126,-77.705333666726247,-80.704251835215402
0.15268224492769045,0.10669439729812641,0.21189880922668805,2.956216792252671e-05,-25831.594747661842,19045.553612174994,-47.504079651729633,34.666427254999071
0.15201076162426538,-0.058800462106234457,0.21557704161014798,1.301091962838911e-05,-45880.285501374514,-22531.89318127013,-91.819925897784728,-47.037638775755525
0.10553799190394789,0.07216132557562982,0.22261845033229649,2.6851347040542721e-05,2560.2432000718695,-57482.661747465681,5.6824359133443885,-123.63187026472946
-0.18088357249178849,-0.072342636408475408,0.20838677713286619,2.0376762912722345e-05,-26096.22271410549,29074.72207762361,-46.73534081729764,49.062835485340059
0.18149637742118926,0.072393190820772516,0.20821653747910088,2.9284559241548997e-05,-24940.689449848891,29669.55936794063,-46.256189059351904,50.535467702809441
0.036853712223046876,0.015856695880670013,0.23149025033246198,2.226538617604209e-05,86561.987378002013,8873.5445110104392,209.56277824588761,15.833252464319928
-0.10519379409910438,-0.043031530387060785,0.22266940813893921,2.4867169394231953e-05,34369.545244555811,-57680.626189791219,78.878983746503266,-128.56029923501353
0.12112958247139806,0.082722030328076387,0.22025715613987323,2.1846965775543468e-05,-27563.117783885195,-41812.3311395688,-55.237372190106562,-83.863901470211516
-0.07597829676317612,0.054078741341442499,0.22699470493998267,2.5816417635371488e-05,56711.451247401244,-46008.648460957564,128.89570669097813,-107.38515283717614
0.067283495069820121,0.027086535980706105,0.22826785403359343,1.3413894298854241e-05,78442.367589246947,-18052.276350986303,180.33908882107147,-44.389766528571869
0.13302996226347139,0.055202020075295039,0.21854831830328617,1.4237927382305632e-05,-22246.702336120939,-52478.617449576654,-43.229475446405004,-107.851466229273
-0.16251872058182046,0.066743067497577899,0.21325438489684798,1.7462015743444979e-05,-46481.288734655704,1927.8093719191452,-87.915134409813959,-2.8223369663460671
0.10845953765263237,0.076944343728713296,0.22218592124214998,2.6431921722498807e-05,-7439.8588157964123,-54645.194007002356,-22.907175323932673,-118.88775645393719
-0.005094575405948455,0.024297028509430614,0.23286187854195178,1.7980515071071661e-05,87192.640381638834,12897.48799718382,209.47547813483203,26.503433297076171
0.15212080199409811,0.06810158346684142,0.21528009771351714,3.4257566277452726e-05,-46299.862469953776,-15343.655419697392,-92.718824635770531,-32.004031143122354
-0.010059111714801609,-0.079082821270331796,0.23277336551789812,4.1979138160133459e-05,53185.856606565823,-44045.624991984798,115.245928579185,-104.22645710869516
-0.01139754189209727,-0.085737891054300713,0.23275110186824932,3.0635972875296749e-05,40529.010940177759,-49684.854229552991,77.724119771868374,-113.31667329081571
0.0029189017551285211,0.074797660644557354,0.23287242020787766,1.2972947372940225e-05,60463.270672057195,-39522.696475869074,137.75380417405773,-97.055263156440915
-0.0057391844379458589,-0.128978112698729,0.23269469405129894,9.4840879570737052e-06,-27104.832803692876,8716.023467118519,-16.161125491373205,12.305737613156754
-0.010670904571749707,-0.12899282800327586,0.23261026181099667,5.3616270141901796e-06,-26985.908176403627,8742.8923635108004,-19.096495076582585,9.8342589596660108
0.010759846009026654,0.073744235907184291,0.23276230957955721,1.4451050844552734e-05,61883.239261180082,-38622.29694110417,121.68379612570622,-88.396795474273986
0.013720300750687269,0.08126387816091668,0.23267910286647173,2.9293256740192642e-05,48630.055869941956,-47115.239588939316,103.92687783457121,-112.35793110525728
0.0034697313663902456,-0.056084025694823493,0.23285517952423801,3.5697171485356535e-05,79625.36862043431,-17521.861471154338,181.45120442334331,-43.849047862650934
-0.024118532355519265,-0.12849233690811657,0.23204717557276383,2.9732256090066897e-06,-27841.760437470668,8177.1395408190983,-20.495137408070701,11.959717027641926
0.020594484151323166,-0.11686327621871499,0.23241857992420004,2.0916978774871215e-05,-29932.937835424334,-22680.920602524729,-35.658407134489579,-22.270328570957705
-0.020288587330106286,0.11801538557869809,0.23243896053314383,1.5785320362845554e-05,-31142.699359723876,-19534.971010087662,-36.464810810690743,-19.853290365945654
-0.015074418786340029,-0.080797313433766768,0.23263272144176222,2.0297261316213188e-05,49088.165057385828,-46226.398695426346,106.67155333987223,-103.16968302009202
0.0023387462529115997,0.049429583647625411,0.23287430659530992,2.5171627364556138e-05,83143.614855972424,-9713.0149429522316,188.45381461726205,-27.797644093512972
-0.018613328894851056,-0.086909579934642087,0.23253070931917583,2.0179663974681644e-05,36176.484261468009,-51311.724637180901,74.075362595373107,-114.86810790552329
0.12150458976664372,0.003268122036850619,0.22025462698659098,1.2192957917601899e-05,25743.201587712971,-63091.02193895926,52.572681673489711,-139.51368039013039
0.02142249251161964,0.10429082578883558,0.23242217378683494,1.2373140375921046e-05,-6388.7955211508406,-47908.351424643362,-15.949299751274449,-74.384398145274389
-0.19125773426875042,-0.013433334275995423,0.20986558264514624,2.2757757635841423e-05,-18571.087901767551,31047.787199215043,-21.464182329306041,44.316983374198273
0.019034386954602731,0.060722708478642529,0.23250335939565087,1.2678792270322216e-05,74530.417246332931,-26159.319199735375,168.68971131836631,-57.1534431322454
0.034132776370484702,0.12389292827086709,0.23168179853459109,9.1214157475921939e-06,-32280.520539724093,-2002.1026815754192,-23.420228984766972,0.90935999522938582
-0.07412953156622476,0.0050266499215649851,0.22726514864497066,2.3072566050790986e-05,79469.913433563997,-13683.125474787668,183.24725516593114,-44.454967754657204
0.038146978095958968,-0.1037639645738636,0.23139916220066609,3.0703809235681233e-05,-9990.6605405788887,-48144.531549213556,-21.406197286856937,-83.23091430606263
0.19348638878395363,0.03302260584049279,0.20879558601606815,2.7419571033620887e-05,-12601.67103111401,33904.304808972935,-3.656720464790129,46.350392360399454
-0.19350368406230509,-0.033150398344174652,0.20878486179873285,1.8827828627377757e-05,-12621.031185828942,33778.40226639498,-5.1251248982744126,47.851809555085481
-0.078552567397489101,0.0086931097718637301,0.22661358924608957,1.3652552697815704e-05,76444.190039641078,-19137.281055340169,185.18413464918737,-46.585015869779404
-0.18781522237731346,-0.03752913936789349,0.20969922859637133,8.1645681805403536e-06,-25741.997250973931,31195.195875168123,-35.208562646237674,45.237036973570511
-0.032128522041930535,-0.081457503410718016,0.23181362705013883,2.5318231977791455e-05,42746.254419918041,-50985.777634401617,94.830372864001305,-110.0284989698086
0.1386852424197394,-0.025491696323041425,0.21771106522189398,3.9565551950572363e-05,-14687.288126128931,-58129.246418724142,-33.370808229879167,-122.45361379589757
-0.055061803771249751,0.12930233335930993,0.22965027060745058,3.1145899030954091e-06,-24109.041501100248,14009.45555970281,-15.781690056420205,14.142961776546629
0.16663533280868681,-0.10012913485302706,0.20880593997232344,2.7783424430668225e-05,-21069.165690009428,24680.796639321608,-46.858784840659766,42.370650490925215
0.059597487895156114,-0.0088197987952313255,0.22922171922013773,1.1914482547281856e-05,84247.461825611696,-1876.9598854180747,201.70741254727514,-15.403019299251378
-0.0010396554520018014,0.095466219975691477,0.23286425325543261,1.9394982222545138e-05,18505.890584614925,-52310.963333892301,35.744598499612991,-109.50302350745224
0.1521480896326515,-0.067019957675508529,0.21531334460018853,1.4139574267969718e-05,-46216.864029293734,-16408.248224995656,-93.162990195796979,-33.811621897073479
-0.065899698959175829,0.046130764477951267,0.22843539567276375,3.172352059556173e-05,69907.039005739964,-33643.960804321898,160.26605332275182,-77.087318577481469
0.17546528812615447,-0.12287733867650689,0.20181064660395862,1.0818351115633891e-05,9834.5856160082512,18981.956158889247,15.688521242244425,26.347775962172278
0.14401335445533195,-0.10271736457980285,0.21462627353830735,2.4590569075820325e-05,-34401.15356215107,7592.1708217551177,-67.582016316877414,10.491220205963534
0.038390247268364333,0.068811739468495114,0.23135148412740295,2.2698522446428915e-05,60404.744419189497,-42407.603357426182,136.3759615752339,-89.804838567320616
0.13625210019657721,0.034422650407278502,0.21807128713266,1.016683449735514e-05,-14600.912322595157,-57914.634708510202,-30.847054036245268,-120.89512537358731
-0.067008933124207498,-0.12380952380952381,0.22826788917521662,2.1516813257257e-05,-29989.296882642404,5802.1165111741129,-20.660211121219476,8.0098027806210403
0.06644516088502439,0.11039335662909905,0.22835054453264972,2.059591408945791e-05,-29183.707277763788,-28223.992265035889,-46.448334287674797,-35.18043870433511
-0.092561137331481372,0.067819897391124914,0.22453964807623736,3.5183387538369259e-05,24492.674412042263,-58134.122431514355,54.194265229859027,-133.63371180640061
-0.17000857015116994,-0.051854562620332743,0.21252357495055171,2.0060758930839008e-05,-47353.758057365114,8274.9834260101543,-86.592429205091307,13.052790886757126
-0.067462289978312287,-0.05171460845723555,0.2282178413440267,2.333231615539349e-05,64985.674414644673,-39313.159856304956,144.66250479845169,-91.041701809681086
