x_m,y_m,z_m,area_weight_m2,pressure_real_pa,pressure_imag_pa,normal_velocity_real_m_s,normal_velocity_imag_m_s
6.9871645232866142e-05,0,0.23295018956169905,9.3291029884579869e-06,-82575.17119340747,-46177.540847715682,-44.535772190714503,-18.050367913672996
-6.9871645232866142e-05,0,0.23295018956169905,9.3291029884579869e-06,-82575.17119340747,-46177.540847715682,-44.535772190714503,-18.050367913672996
6.9871645232866142e-05,-0,0.23295018956169905,9.3291029884579869e-06,-82575.17119340747,-46177.540847715682,-44.535772190714503,-18.050367913672996
-6.9871645232866142e-05,-0,0.23295018956169905,9.3291029884579869e-06,-82575.17119340747,-46177.540847715682,-44.535772190714503,-18.050367913672996
0,0.0061679884345761105,0.23284929270630092,8.8111737665034403e-06,-84986.364017075044,-39859.119531253717,-197.98655438503116,-81.117116749173434
-0,0.0061679884345761105,0.23284929270630092,8.8111737665034403e-06,-84986.364017075044,-39859.119531253717,-197.98655438503116,-81.117116749173434
0,-0.0061679884345761105,0.23284929270630092,8.8111737665034403e-06,-84986.364017075044,-39859.119531253717,-197.98655438503116,-81.117116749173434
-0,-0.0061679884345761105,0.23284929270630092,8.8111737665034403e-06,-84986.364017075044,-39859.119531253717,-197.98655438503116,-81.117116749173434
0,0.017110962078318387,0.23285872745106759,9.7779094558809601e-06,-85063.318763829011,-38085.7018932231,-165.27316685856172,-65.719494075296396
-0,0.017110962078318387,0.23285872745106759,9.7779094558809601e-06,-85063.318763829011,-38085.7018932231,-165.27316685856172,-65.719494075296396
0,-0.017110962078318387,0.23285872745106759,9.7779094558809601e-06,-85063.318763829011,-38085.7018932231,-165.27316685856172,-65.719494075296396
-0,-0.017110962078318387,0.23285872745106759,9.7779094558809601e-06,-85063.318763829011,-38085.7018932231,-165.27316685856172,-65.719494075296396
0,0.024639713697388162,0.23294993724618249,3.012550285461375e-05,-84560.103398188934,-37163.070157549948,-169.79777470506505,-62.808030297214934
-0,0.024639713697388162,0.23294993724618249,3.012550285461375e-05,-84560.103398188934,-37163.070157549948,-169.79777470506505,-62.808030297214934
0,-0.024639713697388162,0.23294993724618249,3.012550285461375e-05,-84560.103398188934,-37163.070157549948,-169.79777470506505,-62.808030297214934
-0,-0.024639713697388162,0.23294993724618249,3.012550285461375e-05,-84560.103398188934,-37163.070157549948,-169.79777470506505,-62.808030297214934
0,0.032825802473831371,0.23284367045520857,1.4516176201448671e-05,-84615.109230038404,-33724.871078679658,-155.01346411310104,-51.0234910961262
-0,0.032825802473831371,0.23284367045520857,1.4516176201448671e-05,-84615.109230038404,-33724.871078679658,-155.01346411310104,-51.0234910961262
0,-0.032825802473831371,0.23284367045520857,1.4516176201448671e-05,-84615.109230038404,-33724.871078679658,-155.01346411310104,-51.0234910961262
-0,-0.032825802473831371,0.23284367045520857,1.4516176201448671e-05,-84615.109230038404,-33724.871078679658,-155.01346411310104,-51.0234910961262
0,0.040230721235275269,0.23283982276916504,2.1386199821182372e-05,-83970.19509952591,-30911.032488706722,-160.21806455693559,-46.658731957857285
-0,0.040230721235275269,0.23283982276916504,2.1386199821182372e-05,-83970.19509952591,-30911.032488706722,-160.21806455693559,-46.658731957857285
0,-0.040230721235275269,0.23283982276916504,2.1386199821182372e-05,-83970.19509952591,-30911.032488706722,-160.21806455693559,-46.658731957857285
-0,-0.040230721235275269,0.23283982276916504,2.1386199821182372e-05,-83970.19509952591,-30911.032488706722,-160.21806455693559,-46.658731957857285
0,0.04848669096827507,0.23288911581039429,2.4909842737118921e-05,-83139.714647838904,-26475.820681979076,-156.71693403468879,-34.491059015262039
-0,0.04848669096827507,0.23288911581039429,2.4909842737118921e-05,-83139.714647838904,-26475.820681979076,-156.71693403468879,-34.491059015262039
0,-0.04848669096827507,0.23288911581039429,2.4909842737118921e-05,-83139.714647838904,-26475.820681979076,-156.71693403468879,-34.491059015262039
-0,-0.04848669096827507,0.23288911581039429,2.4909842737118921e-05,-83139.714647838904,-26475.820681979076,-156.71693403468879,-34.491059015262039
0,0.056745931506156921,0.23288890719413757,1.2131092402243769e-05,-81911.13915422943,-20072.985391019083,-145.29317496985317,-21.910715762559466
-0,0.056745931506156921,0.23288890719413757,1.2131092402243769e-05,-81911.13915422943,-20072.985391019083,-145.29317496985317,-21.910715762559466
0,-0.056745931506156921,0.23288890719413757,1.2131092402243769e-05,-81911.13915422943,-20072.985391019083,-145.29317496985317,-21.910715762559466
-0,-0.056745931506156921,0.23288890719413757,1.2131092402243769e-05,-81911.13915422943,-20072.985391019083,-145.29317496985317,-21.910715762559466
0,0.064997687935829163,0.23283861577510834,1.3550587311260274e-05,-79688.262447925386,-13917.266694705488,-140.98715132463826,-7.7253059439466156
-0,0.064997687935829163,0.23283861577510834,1.3550587311260274e-05,-79688.262447925386,-13917.266694705488,-140.98715132463826,-7.7253059439466156
0,-0.064997687935829163,0.23283861577510834,1.3550587311260274e-05,-79688.262447925386,-13917.266694705488,-140.98715132463826,-7.7253059439466156
-0,-0.064997687935829163,0.23283861577510834,1.3550587311260274e-05,-79688.262447925386,-13917.266694705488,-140.98715132463826,-7.7253059439466156
0,0.073251895606517792,0.23288863897323608,1.4264616697507882e-05,-76468.172915291347,-5983.5249241459787,-133.45137289863351,7.7489455876259239
-0,0.073251895606517792,0.23288863897323608,1.4264616697507882e-05,-76468.172915291347,-5983.5249241459787,-133.45137289863351,7.7489455876259239
0,-0.073251895606517792,0.23288863897323608,1.4264616697507882e-05,-76468.172915291347,-5983.5249241459787,-133.45137289863351,7.7489455876259239
-0,-0.073251895606517792,0.23288863897323608,1.4264616697507882e-05,-76468.172915291347,-5983.5249241459787,-133.45137289863351,7.7489455876259239
0,0.081507153809070587,0.23288854956626892,1.5645678643065714e-05,-71730.431472360913,2313.4279195570139,-115.34865857153638,20.833730955794756
-0,0.081507153809070587,0.23288854956626892,1.5645678643065714e-05,-71730.431472360913,2313.4279195570139,-115.34865857153638,20.833730955794756
0,-0.081507153809070587,0.23288854956626892,1.5645678643065714e-05,-71730.431472360913,2313.4279195570139,-115.34865857153638,20.833730955794756
-0,-0.081507153809070587,0.23288854956626892,1.5645678643065714e-05,-71730.431472360913,2313.4279195570139,-115.34865857153638,20.833730955794756
0,0.089760690927505493,0.23283810913562775,2.368285438998285e-05,-65535.01312588359,11071.676506126236,-104.52843510294171,36.317421321640481
-0,0.089760690927505493,0.23283810913562775,2.368285438998285e-05,-65535.01312588359,11071.676506126236,-104.52843510294171,36.317421321640481
0,-0.089760690927505493,0.23283810913562775,2.368285438998285e-05,-65535.01312588359,11071.676506126236,-104.52843510294171,36.317421321640481
-0,-0.089760690927505493,0.23283810913562775,2.368285438998285e-05,-65535.01312588359,11071.676506126236,-104.52843510294171,36.317421321640481
0,0.097290977835655212,0.23284420371055603,1.9807271188294113e-05,-57731.483033983997,19582.840794126056,-83.577930301761612,46.742925443897207
-0,0.097290977835655212,0.23284420371055603,1.9807271188294113e-05,-57731.483033983997,19582.840794126056,-83.577930301761612,46.742925443897207
0,-0.097290977835655212,0.23284420371055603,1.9807271188294113e-05,-57731.483033983997,19582.840794126056,-83.577930301761612,46.742925443897207
-0,-0.097290977835655212,0.23284420371055603,1.9807271188294113e-05,-57731.483033983997,19582.840794126056,-83.577930301761612,46.742925443897207
0,0.10523809492588043,0.23295141756534576,1.4084491518267061e-05,-47003.550713293116,28360.010205334038,-53.761426583718851,53.155252081060077
-0,0.10523809492588043,0.23295141756534576,1.4084491518267061e-05,-47003.550713293116,28360.010205334038,-53.761426583718851,53.155252081060077
0,-0.10523809492588043,0.23295141756534576,1.4084491518267061e-05,-47003.550713293116,28360.010205334038,-53.761426583718851,53.155252081060077
-0,-0.10523809492588043,0.23295141756534576,1.4084491518267061e-05,-47003.550713293116,28360.010205334038,-53.761426583718851,53.155252081060077
0,0.1134907454252243,0.23285137116909027,1.0116964098867532e-05,-32798.044159460798,35331.062373541754,-27.421906969332028,49.350948206406891
-0,0.1134907454252243,0.23285137116909027,1.0116964098867532e-05,-32798.044159460798,35331.062373541754,-27.421906969332028,49.350948206406891
0,-0.1134907454252243,0.23285137116909027,1.0116964098867532e-05,-32798.044159460798,35331.062373541754,-27.421906969332028,49.350948206406891
-0,-0.1134907454252243,0.23285137116909027,1.0116964098867532e-05,-32798.044159460798,35331.062373541754,-27.421906969332028,49.350948206406891
0,0.12174484133720398,0.23285125195980072,6.011076510009904e-06,-16981.458599815975,38331.424877076155,-4.2198347756724965,32.113397911201787
-0,0.12174484133720398,0.23285125195980072,6.011076510009904e-06,-16981.458599815975,38331.424877076155,-4.2198347756724965,32.113397911201787
0,-0.12174484133720398,0.23285125195980072,6.011076510009904e-06,-16981.458599815975,38331.424877076155,-4.2198347756724965,32.113397911201787
-0,-0.12174484133720398,0.23285125195980072,6.011076510009904e-06,-16981.458599815975,38331.424877076155,-4.2198347756724965,32.113397911201787
0.00018504643483242876,0.12940617690208758,0.23294421349428679,5.0100853813902977e-07,-2442.0754731751499,36597.325995066902,6.7851846108379048,24.27194275258006
-0.00018504643483242876,0.12940617690208758,0.23294421349428679,5.0100853813902977e-07,-2442.0754731751499,36597.325995066902,6.7851846108379048,24.27194275258006
0.00018504643483242876,-0.12940617690208758,0.23294421349428679,5.0100853813902977e-07,-2442.0754731751499,36597.325995066902,6.7851846108379048,24.27194275258006
-0.00018504643483242876,-0.12940617690208758,0.23294421349428679,5.0100853813902977e-07,-2442.0754731751499,36597.325995066902,6.7851846108379048,24.27194275258006
0.0045783008588114295,0.055329824416054586,0.23287095420491116,3.2730843907170131e-05,-82384.289340055577,-19745.507318384782,-201.40583713152355,-32.59257182311984
-0.0045783008588114295,0.055329824416054586,0.23287095420491116,3.2730843907170131e-05,-82384.289340055577,-19745.507318384782,-201.40583713152355,-32.59257182311984
0.0045783008588114295,-0.055329824416054586,0.23287095420491116,3.2730843907170131e-05,-82384.289340055577,-19745.507318384782,-201.40583713152355,-32.59257182311984
-0.0045783008588114295,-0.055329824416054586,0.23287095420491116,3.2730843907170131e-05,-82384.289340055577,-19745.507318384782,-201.40583713152355,-32.59257182311984
0.0037462215923953755,0.078143550955407773,0.23288549056422059,3.05553202089479e-05,-73615.927794864387,-28.853933893910728,-166.63625721586908,18.231008961400413
-0.0037462215923953755,0.078143550955407773,0.23288549056422059,3.05553202089479e-05,-73615.927794864387,-28.853933893910728,-166.63625721586908,18.231008961400413
0.0037462215923953755,-0.078143550955407773,0.23288549056422059,3.05553202089479e-05,-73615.927794864387,-28.853933893910728,-166.63625721586908,18.231008961400413
-0.0037462215923953755,-0.078143550955407773,0.23288549056422059,3.05553202089479e-05,-73615.927794864387,-28.853933893910728,-166.63625721586908,18.231008961400413
0.0046703795429586838,0.0058011644811312418,0.23286933724198486,3.4789376099433628e-05,-85608.158935627464,-38197.861665073877,-229.74614796547789,-94.818428891940371
-0.0046703795429586838,0.0058011644811312418,0.23286933724198486,3.4789376099433628e-05,-85608.158935627464,-38197.861665073877,-229.74614796547789,-94.818428891940371
0.0046703795429586838,-0.0058011644811312418,0.23286933724198486,3.4789376099433628e-05,-85608.158935627464,-38197.861665073877,-229.74614796547789,-94.818428891940371
-0.0046703795429586838,-0.0058011644811312418,0.23286933724198486,3.4789376099433628e-05,-85608.158935627464,-38197.861665073877,-229.74614796547789,-94.818428891940371
0.0041787232458769729,0.11118731032627799,0.23287797749103423,2.6831721525761445e-05,-36570.195092158894,34051.148632684992,-40.305941161364544,64.192759817636954
-0.0041787232458769729,0.11118731032627799,0.23287797749103423,2.6831721525761445e-05,-36570.195092158894,34051.148632684992,-40.305941161364544,64.192759817636954
0.0041787232458769729,-0.11118731032627799,0.23287797749103423,2.6831721525761445e-05,-36570.195092158894,34051.148632684992,-40.305941161364544,64.192759817636954
-0.0041787232458769729,-0.11118731032627799,0.23287797749103423,2.6831721525761445e-05,-36570.195092158894,34051.148632684992,-40.305941161364544,64.192759817636954
0.0052478340116503272,0.030542961214950939,0.2328591863593989,3.5734620917518363e-05,-85236.402513805078,-32949.804820516089,-215.33042249149412,-72.135010286254243
-0.0052478340116503272,0.030542961214950939,0.2328591863593989,3.5734620917518363e-05,-85236.402513805078,-32949.804820516089,-215.33042249149412,-72.135010286254243
0.0052478340116503272,-0.030542961214950939,0.2328591863593989,3.5734620917518363e-05,-85236.402513805078,-32949.804820516089,-215.33042249149412,-72.135010286254243
-0.0052478340116503272,-0.030542961214950939,0.2328591863593989,3.5734620917518363e-05,-85236.402513805078,-32949.804820516089,-215.33042249149412,-72.135010286254243
0.0081617325434656263,0.03775314745580427,0.23279119869550216,4.7819083746662394e-05,-84856.360448957726,-29826.150918814015,-202.51357884478654,-56.730004337282487
-0.0081617325434656263,0.03775314745580427,0.23279119869550216,4.7819083746662394e-05,-84856.360448957726,-29826.150918814015,-202.51357884478654,-56.730004337282487
0.0081617325434656263,-0.03775314745580427,0.23279119869550216,4.7819083746662394e-05,-84856.360448957726,-29826.150918814015,-202.51357884478654,-56.730004337282487
-0.0081617325434656263,-0.03775314745580427,0.23279119869550216,4.7819083746662394e-05,-84856.360448957726,-29826.150918814015,-202.51357884478654,-56.730004337282487
0.0073020332085100394,0.06163471902585077,0.23281875900651849,2.4404729304218635e-05,-80828.227734062515,-15071.543414984841,-178.58994968263696,-13.060152044896805
-0.0073020332085100394,0.06163471902585077,0.23281875900651849,2.4404729304218635e-05,-80828.227734062515,-15071.543414984841,-178.58994968263696,-13.060152044896805
0.0073020332085100394,-0.06163471902585077,0.23281875900651849,2.4404729304218635e-05,-80828.227734062515,-15071.543414984841,-178.58994968263696,-13.060152044896805
-0.0073020332085100394,-0.06163471902585077,0.23281875900651849,2.4404729304218635e-05,-80828.227734062515,-15071.543414984841,-178.58994968263696,-13.060152044896805
0.0077114602954104789,0.087176219463605181,0.23281188351092688,3.5506134510710169e-05,-67168.978315851709,9734.7086493317856,-135.00716958225303,41.187978065628769
-0.0077114602954104789,0.087176219463605181,0.23281188351092688,3.5506134510710169e-05,-67168.978315851709,9734.7086493317856,-135.00716958225303,41.187978065628769
0.0077114602954104789,-0.087176219463605181,0.23281188351092688,3.5506134510710169e-05,-67168.978315851709,9734.7086493317856,-135.00716958225303,41.187978065628769
-0.0077114602954104789,-0.087176219463605181,0.23281188351092688,3.5506134510710169e-05,-67168.978315851709,9734.7086493317856,-135.00716958225303,41.187978065628769
0.0079556526045278277,0.012472523316428718,0.2328069936981858,4.3082266972776824e-05,-85606.387120071769,-37366.769988305765,-212.1794785591072,-83.670311018987505
-0.0079556526045278277,0.012472523316428718,0.2328069936981858,4.3082266972776824e-05,-85606.387120071769,-37366.769988305765,-212.1794785591072,-83.670311018987505
0.0079556526045278277,-0.012472523316428718,0.2328069936981858,4.3082266972776824e-05,-85606.387120071769,-37366.769988305765,-212.1794785591072,-83.670311018987505
-0.0079556526045278277,-0.012472523316428718,0.2328069936981858,4.3082266972776824e-05,-85606.387120071769,-37366.769988305765,-212.1794785591072,-83.670311018987505
0.0083519126646521679,0.11690022935421858,0.23280462977757654,2.1526799780993891e-05,-25855.350371824017,37230.741857868052,-20.800104923881495,52.215606834488341
-0.0083519126646521679,0.11690022935421858,0.23280462977757654,2.1526799780993891e-05,-25855.350371824017,37230.741857868052,-20.800104923881495,52.215606834488341
0.0083519126646521679,-0.11690022935421858,0.23280462977757654,2.1526799780993891e-05,-25855.350371824017,37230.741857868052,-20.800104923881495,52.215606834488341
-0.0083519126646521679,-0.11690022935421858,0.23280462977757654,2.1526799780993891e-05,-25855.350371824017,37230.741857868052,-20.800104923881495,52.215606834488341
0.069749830972962459,0.12315992434393989,0.22789433531015607,8.1268644965075828e-06,-2960.9905985592218,37281.168973775901,3.7524547064761302,35.07741662109251
-0.069749830972962459,0.12315992434393989,0.22789433531015607,8.1268644965075828e-06,-2960.9905985592218,37281.168973775901,3.7524547064761302,35.07741662109251
0.069749830972962459,-0.12315992434393989,0.22789433531015607,8.1268644965075828e-06,-2960.9905985592218,37281.168973775901,3.7524547064761302,35.07741662109251
-0.069749830972962459,-0.12315992434393989,0.22789433531015607,8.1268644965075828e-06,-2960.9905985592218,37281.168973775901,3.7524547064761302,35.07741662109251
0.0096582029552640461,8.1315162936412833e-20,0.23278063745601976,5.6144374568192692e-06,-85180.633959489918,-39414.328402634892,-172.78569419368338,-68.463890921373903
-0.0096582029552640461,8.1315162936412833e-20,0.23278063745601976,5.6144374568192692e-06,-85180.633959489918,-39414.328402634892,-172.78569419368338,-68.463890921373903
0.0096582029552640461,-8.1315162936412833e-20,0.23278063745601976,5.6144374568192692e-06,-85180.633959489918,-39414.328402634892,-172.78569419368338,-68.463890921373903
-0.0096582029552640461,-8.1315162936412833e-20,0.23278063745601976,5.6144374568192692e-06,-85180.633959489918,-39414.328402634892,-172.78569419368338,-68.463890921373903
0.0099120367257393999,0.0035362846319983059,0.23277389606988963,2.3463443683994051e-05,-85552.317472893003,-38362.322246316042,-226.38973998863702,-89.292446592721575
-0.0099120367257393999,0.0035362846319983059,0.23277389606988963,2.3463443683994051e-05,-85552.317472893003,-38362.322246316042,-226.38973998863702,-89.292446592721575
0.0099120367257393999,-0.0035362846319983059,0.23277389606988963,2.3463443683994051e-05,-85552.317472893003,-38362.322246316042,-226.38973998863702,-89.292446592721575
-0.0099120367257393999,-0.0035362846319983059,0.23277389606988963,2.3463443683994051e-05,-85552.317472893003,-38362.322246316042,-226.38973998863702,-89.292446592721575
0.011272053023426666,0.044839268743481951,0.23275330697915675,3.6802741216869896e-05,-83920.234925074037,-26007.641304002616,-195.23827797201452,-48.924140793148993
-0.011272053023426666,0.044839268743481951,0.23275330697915675,3.6802741216869896e-05,-83920.234925074037,-26007.641304002616,-195.23827797201452,-48.924140793148993
0.011272053023426666,-0.044839268743481951,0.23275330697915675,3.6802741216869896e-05,-83920.234925074037,-26007.641304002616,-195.23827797201452,-48.924140793148993
-0.011272053023426666,-0.044839268743481951,0.23275330697915675,3.6802741216869896e-05,-83920.234925074037,-26007.641304002616,-195.23827797201452,-48.924140793148993
0.010549840243541173,0.067797384941951616,0.23276575615345779,3.8899666688792979e-05,-78503.287598443829,-9453.6592217167381,-174.12609326239877,-3.5143185123186442
-0.010549840243541173,0.067797384941951616,0.23276575615345779,3.8899666688792979e-05,-78503.287598443829,-9453.6592217167381,-174.12609326239877,-3.5143185123186442
0.010549840243541173,-0.067797384941951616,0.23276575615345779,3.8899666688792979e-05,-78503.287598443829,-9453.6592217167381,-174.12609326239877,-3.5143185123186442
-0.010549840243541173,-0.067797384941951616,0.23276575615345779,3.8899666688792979e-05,-78503.287598443829,-9453.6592217167381,-174.12609326239877,-3.5143185123186442
0.010815225882777196,0.093186179822333667,0.23276133104880789,3.4081343042249718e-05,-61317.8839805178,16408.82448150752,-118.55056443305764,50.877765981569965
-0.010815225882777196,0.093186179822333667,0.23276133104880789,3.4081343042249718e-05,-61317.8839805178,16408.82448150752,-118.55056443305764,50.877765981569965
0.010815225882777196,-0.093186179822333667,0.23276133104880789,3.4081343042249718e-05,-61317.8839805178,16408.82448150752,-118.55056443305764,50.877765981569965
-0.010815225882777196,-0.093186179822333667,0.23276133104880789,3.4081343042249718e-05,-61317.8839805178,16408.82448150752,-118.55056443305764,50.877765981569965
0.012339859963184728,0.018903346739665702,0.23273453644234718,4.0394011178931776e-05,-85361.049058787583,-35954.234969928759,-203.29625531657243,-78.030293427146844
-0.012339859963184728,0.018903346739665702,0.23273453644234718,4.0394011178931776e-05,-85361.049058787583,-35954.234969928759,-203.29625531657243,-78.030293427146844
0.012339859963184728,-0.018903346739665702,0.23273453644234718,4.0394011178931776e-05,-85361.049058787583,-35954.234969928759,-203.29625531657243,-78.030293427146844
-0.012339859963184728,-0.018903346739665702,0.23273453644234718,4.0394011178931776e-05,-85361.049058787583,-35954.234969928759,-203.29625531657243,-78.030293427146844
0.012893148202406016,0.09986250962857017,0.23272481967058636,4.5687238595830408e-05,-53410.435058932409,23816.634115179488,-92.183549703202473,61.358625811040937
-0.012893148202406016,0.09986250962857017,0.23272481967058636,4.5687238595830408e-05,-53410.435058932409,23816.634115179488,-92.183549703202473,61.358625811040937
0.012893148202406016,-0.09986250962857017,0.23272481967058636,4.5687238595830408e-05,-53410.435058932409,23816.634115179488,-92.183549703202473,61.358625811040937
-0.012893148202406016,-0.09986250962857017,0.23272481967058636,4.5687238595830408e-05,-53410.435058932409,23816.634115179488,-92.183549703202473,61.358625811040937
0.011438635529155963,0.12323716629671878,0.23275037970198578,8.0123095971682067e-06,-13477.854509782495,38260.082676304788,-2.7894857945044289,31.477462958781324
-0.011438635529155963,0.12323716629671878,0.23275037970198578,8.0123095971682067e-06,-13477.854509782495,38260.082676304788,-2.7894857945044289,31.477462958781324
0.011438635529155963,-0.12323716629671878,0.23275037970198578,8.0123095971682067e-06,-13477.854509782495,38260.082676304788,-2.7894857945044289,31.477462958781324
-0.011438635529155963,-0.12323716629671878,0.23275037970198578,8.0123095971682067e-06,-13477.854509782495,38260.082676304788,-2.7894857945044289,31.477462958781324
0.015441647465835387,0.049270519099858211,0.23266275093148583,2.9886128404422838e-05,-83263.67714341094,-23097.640316190056,-189.22302518475345,-35.846160669734118
-0.015441647465835387,0.049270519099858211,0.23266275093148583,2.9886128404422838e-05,-83263.67714341094,-23097.640316190056,-189.22302518475345,-35.846160669734118
0.015441647465835387,-0.049270519099858211,0.23266275093148583,2.9886128404422838e-05,-83263.67714341094,-23097.640316190056,-189.22302518475345,-35.846160669734118
-0.015441647465835387,-0.049270519099858211,0.23266275093148583,2.9886128404422838e-05,-83263.67714341094,-23097.640316190056,-189.22302518475345,-35.846160669734118
0.015968688689251713,0.072451376039928114,0.23264162398495053,4.4177679005664887e-05,-76164.096828204652,-4645.6648389592647,-166.84007742081894,6.7804306714855205
-0.015968688689251713,0.072451376039928114,0.23264162398495053,4.4177679005664887e-05,-76164.096828204652,-4645.6648389592647,-166.84007742081894,6.7804306714855205
0.015968688689251713,-0.072451376039928114,0.23264162398495053,4.4177679005664887e-05,-76164.096828204652,-4645.6648389592647,-166.84007742081894,6.7804306714855205
-0.015968688689251713,-0.072451376039928114,0.23264162398495053,4.4177679005664887e-05,-76164.096828204652,-4645.6648389592647,-166.84007742081894,6.7804306714855205
0.017239740369364608,0.024381188798744537,0.232632956767445,3.6587659016939917e-05,-85180.806802250707,-34117.839230185731,-199.73527604696739,-69.140126715841603
-0.017239740369364608,0.024381188798744537,0.232632956767445,3.6587659016939917e-05,-85180.806802250707,-34117.839230185731,-199.73527604696739,-69.140126715841603
0.017239740369364608,-0.024381188798744537,0.232632956767445,3.6587659016939917e-05,-85180.806802250707,-34117.839230185731,-199.73527604696739,-69.140126715841603
-0.017239740369364608,-0.024381188798744537,0.232632956767445,3.6587659016939917e-05,-85180.806802250707,-34117.839230185731,-199.73527604696739,-69.140126715841603
0.017151759259129564,0.10526508690953046,0.23264580423470907,4.772843444009516e-05,-45344.597923070301,29469.977843479337,-66.899396031755103,66.453143489345578
-0.017151759259129564,0.10526508690953046,0.23264580423470907,4.772843444009516e-05,-45344.597923070301,29469.977843479337,-66.899396031755103,66.453143489345578
0.017151759259129564,-0.10526508690953046,0.23264580423470907,4.772843444009516e-05,-45344.597923070301,29469.977843479337,-66.899396031755103,66.453143489345578
-0.017151759259129564,-0.10526508690953046,0.23264580423470907,4.772843444009516e-05,-45344.597923070301,29469.977843479337,-66.899396031755103,66.453143489345578
0.017242748384150786,0.12934728917167695,0.23263831557081191,1.1043804333447427e-06,-1789.6184288154836,36331.492248793038,7.5088585839183253,26.782502839645513
-0.017242748384150786,0.12934728917167695,0.23263831557081191,1.1043804333447427e-06,-1789.6184288154836,36331.492248793038,7.5088585839183253,26.782502839645513
0.017242748384150786,-0.12934728917167695,0.23263831557081191,1.1043804333447427e-06,-1789.6184288154836,36331.492248793038,7.5088585839183253,26.782502839645513
-0.017242748384150786,-0.12934728917167695,0.23263831557081191,1.1043804333447427e-06,-1789.6184288154836,36331.492248793038,7.5088585839183253,26.782502839645513
0.01875219405338284,0.012655641424763327,0.23255764559392506,2.9174614679793402e-05,-85356.466281811925,-36408.940417357881,-202.65683683207436,-76.960211303894383
-0.01875219405338284,0.012655641424763327,0.23255764559392506,2.9174614679793402e-05,-85356.466281811925,-36408.940417357881,-202.65683683207436,-76.960211303894383
0.01875219405338284,-0.012655641424763327,0.23255764559392506,2.9174614679793402e-05,-85356.466281811925,-36408.940417357881,-202.65683683207436,-76.960211303894383
-0.01875219405338284,-0.012655641424763327,0.23255764559392506,2.9174614679793402e-05,-85356.466281811925,-36408.940417357881,-202.65683683207436,-76.960211303894383
0.01904761977493763,0,0.23254890739917755,8.6854723199037428e-06,-85170.910129827753,-38531.695744094097,-188.46162279585954,-67.270650139886641
-0.01904761977493763,0,0.23254890739917755,8.6854723199037428e-06,-85170.910129827753,-38531.695744094097,-188.46162279585954,-67.270650139886641
0.01904761977493763,-0,0.23254890739917755,8.6854723199037428e-06,-85170.910129827753,-38531.695744094097,-188.46162279585954,-67.270650139886641
-0.01904761977493763,-0,0.23254890739917755,8.6854723199037428e-06,-85170.910129827753,-38531.695744094097,-188.46162279585954,-67.270650139886641
0.01904761977493763,0.005463864654302597,0.23254890739917755,3.6325018229595793e-05,-85424.08750923464,-36955.014838101808,-211.70448649687697,-83.28932730892042
-0.01904761977493763,0.005463864654302597,0.23254890739917755,3.6325018229595793e-05,-85424.08750923464,-36955.014838101808,-211.70448649687697,-83.28932730892042
0.01904761977493763,-0.005463864654302597,0.23254890739917755,3.6325018229595793e-05,-85424.08750923464,-36955.014838101808,-211.70448649687697,-83.28932730892042
-0.01904761977493763,-0.005463864654302597,0.23254890739917755,3.6325018229595793e-05,-85424.08750923464,-36955.014838101808,-211.70448649687697,-83.28932730892042
0.01842768302334425,0.056008532629047439,0.23256294155472507,3.9162539032112954e-05,-81794.389401186811,-18317.824218778165,-183.69900525445502,-23.69233595157197
-0.01842768302334425,0.056008532629047439,0.23256294155472507,3.9162539032112954e-05,-81794.389401186811,-18317.824218778165,-183.69900525445502,-23.69233595157197
0.01842768302334425,-0.056008532629047439,0.23256294155472507,3.9162539032112954e-05,-81794.389401186811,-18317.824218778165,-183.69900525445502,-23.69233595157197
-0.01842768302334425,-0.056008532629047439,0.23256294155472507,3.9162539032112954e-05,-81794.389401186811,-18317.824218778165,-183.69900525445502,-23.69233595157197
0.018155104579788178,0.079878612136991545,0.23257064585969373,4.4581689275308107e-05,-71843.346590554807,2715.6069622428968,-151.9427297312001,22.807316920011985
-0.018155104579788178,0.079878612136991545,0.23257064585969373,4.4581689275308107e-05,-71843.346590554807,2715.6069622428968,-151.9427297312001,22.807316920011985
0.018155104579788178,-0.079878612136991545,0.23257064585969373,4.4581689275308107e-05,-71843.346590554807,2715.6069622428968,-151.9427297312001,22.807316920011985
-0.018155104579788178,-0.079878612136991545,0.23257064585969373,4.4581689275308107e-05,-71843.346590554807,2715.6069622428968,-151.9427297312001,22.807316920011985
0.0210148636251688,0.03095238097012043,0.23244531452655792,3.1147029919944552e-05,-84782.216848799289,-31602.231592244607,-196.25390709283209,-60.274223299761154
-0.0210148636251688,0.03095238097012043,0.23244531452655792,3.1147029919944552e-05,-84782.216848799289,-31602.231592244607,-196.25390709283209,-60.274223299761154
0.0210148636251688,-0.03095238097012043,0.23244531452655792,3.1147029919944552e-05,-84782.216848799289,-31602.231592244607,-196.25390709283209,-60.274223299761154
-0.0210148636251688,-0.03095238097012043,0.23244531452655792,3.1147029919944552e-05,-84782.216848799289,-31602.231592244607,-196.25390709283209,-60.274223299761154
0.020720151071610494,0.11213988301326952,0.23244988642417808,3.9960202620994903e-05,-33505.031625056145,34916.428480872928,-38.405412821436876,62.706402010612869
-0.020720151071610494,0.11213988301326952,0.23244988642417808,3.9960202620994903e-05,-33505.031625056145,34916.428480872928,-38.405412821436876,62.706402010612869
0.020720151071610494,-0.11213988301326952,0.23244988642417808,3.9960202620994903e-05,-33505.031625056145,34916.428480872928,-38.405412821436876,62.706402010612869
-0.020720151071610494,-0.11213988301326952,0.23244988642417808,3.9960202620994903e-05,-33505.031625056145,34916.428480872928,-38.405412821436876,62.706402010612869
0.020376581436487198,0.069827385595044478,0.23242257463202545,2.0894278834102915e-05,-77036.635569074715,-6850.465321853866,-169.17243455865358,1.1014920457523183
-0.020376581436487198,0.069827385595044478,0.23242257463202545,2.0894278834102915e-05,-77036.635569074715,-6850.465321853866,-169.17243455865358,1.1014920457523183
0.020376581436487198,-0.069827385595044478,0.23242257463202545,2.0894278834102915e-05,-77036.635569074715,-6850.465321853866,-169.17243455865358,1.1014920457523183
-0.020376581436487198,-0.069827385595044478,0.23242257463202545,2.0894278834102915e-05,-77036.635569074715,-6850.465321853866,-169.17243455865358,1.1014920457523183
0.023078183165905791,0.037180171977609554,0.23233378425705623,4.2264791462013434e-05,-84386.722571653008,-28367.964015996684,-200.76630033639381,-53.666416085099002
-0.023078183165905791,0.037180171977609554,0.23233378425705623,4.2264791462013434e-05,-84386.722571653008,-28367.964015996684,-200.76630033639381,-53.666416085099002
0.023078183165905791,-0.037180171977609554,0.23233378425705623,4.2264791462013434e-05,-84386.722571653008,-28367.964015996684,-200.76630033639381,-53.666416085099002
-0.023078183165905791,-0.037180171977609554,0.23233378425705623,4.2264791462013434e-05,-84386.722571653008,-28367.964015996684,-200.76630033639381,-53.666416085099002
0.023294736323808098,0.062282946635736448,0.23232403841975674,3.8201999597018896e-05,-79720.613191611337,-12976.08148498266,-176.93250069722316,-11.664133418247728
-0.023294736323808098,0.062282946635736448,0.23232403841975674,3.8201999597018896e-05,-79720.613191611337,-12976.08148498266,-176.93250069722316,-11.664133418247728
0.023294736323808098,-0.062282946635736448,0.23232403841975674,3.8201999597018896e-05,-79720.613191611337,-12976.08148498266,-176.93250069722316,-11.664133418247728
-0.023294736323808098,-0.062282946635736448,0.23232403841975674,3.8201999597018896e-05,-79720.613191611337,-12976.08148498266,-176.93250069722316,-11.664133418247728
0.023160901686040861,0.088695611184078607,0.23231835145779964,3.3453945330235674e-05,-64687.136826435431,12433.796908321934,-126.78093455250517,46.488574342823142
-0.023160901686040861,0.088695611184078607,0.23231835145779964,3.3453945330235674e-05,-64687.136826435431,12433.796908321934,-126.78093455250517,46.488574342823142
0.023160901686040861,-0.088695611184078607,0.23231835145779964,3.3453945330235674e-05,-64687.136826435431,12433.796908321934,-126.78093455250517,46.488574342823142
-0.023160901686040861,-0.088695611184078607,0.23231835145779964,3.3453945330235674e-05,-64687.136826435431,12433.796908321934,-126.78093455250517,46.488574342823142
0.025185733053619895,0.11815488556774024,0.23222548476220681,2.5671643023152437e-05,-21871.457609610345,37619.508082747045,-15.857839904560413,49.801200705440721
-0.025185733053619895,0.11815488556774024,0.23222548476220681,2.5671643023152437e-05,-21871.457609610345,37619.508082747045,-15.857839904560413,49.801200705440721
0.025185733053619895,-0.11815488556774024,0.23222548476220681,2.5671643023152437e-05,-21871.457609610345,37619.508082747045,-15.857839904560413,49.801200705440721
-0.025185733053619895,-0.11815488556774024,0.23222548476220681,2.5671643023152437e-05,-21871.457609610345,37619.508082747045,-15.857839904560413,49.801200705440721
0.027132027889078279,0.043164036982742522,0.23212035682467902,4.7877851334673197e-05,-83560.739147521657,-24668.692654512441,-197.86171260077793,-43.116813335830159
-0.027132027889078279,0.043164036982742522,0.23212035682467902,4.7877851334673197e-05,-83560.739147521657,-24668.692654512441,-197.86171260077793,-43.116813335830159
0.027132027889078279,-0.043164036982742522,0.23212035682467902,4.7877851334673197e-05,-83560.739147521657,-24668.692654512441,-197.86171260077793,-43.116813335830159
-0.027132027889078279,-0.043164036982742522,0.23212035682467902,4.7877851334673197e-05,-83560.739147521657,-24668.692654512441,-197.86171260077793,-43.116813335830159
0.025964861313832896,0.069368391796403694,0.23217815900526215,3.6270418120159931e-05,-76776.495301617368,-6436.8135704324632,-168.26033728873364,2.9820389677681631
-0.025964861313832896,0.069368391796403694,0.23217815900526215,3.6270418120159931e-05,-76776.495301617368,-6436.8135704324632,-168.26033728873364,2.9820389677681631
0.025964861313832896,-0.069368391796403694,0.23217815900526215,3.6270418120159931e-05,-76776.495301617368,-6436.8135704324632,-168.26033728873364,2.9820389677681631
-0.025964861313832896,-0.069368391796403694,0.23217815900526215,3.6270418120159931e-05,-76776.495301617368,-6436.8135704324632,-168.26033728873364,2.9820389677681631
0.028204764420121556,0.092543489248941319,0.23206039258722355,3.4116399379609411e-05,-60270.167395929493,16959.85511897532,-115.29316448901992,52.214710735584966
-0.028204764420121556,0.092543489248941319,0.23206039258722355,3.4116399379609411e-05,-60270.167395929493,16959.85511897532,-115.29316448901992,52.214710735584966
0.028204764420121556,-0.092543489248941319,0.23206039258722355,3.4116399379609411e-05,-60270.167395929493,16959.85511897532,-115.29316448901992,52.214710735584966
-0.028204764420121556,-0.092543489248941319,0.23206039258722355,3.4116399379609411e-05,-60270.167395929493,16959.85511897532,-115.29316448901992,52.214710735584966
0.02857142873108387,0,0.23204734921455383,1.8411164090127622e-05,-84309.122943533977,-37854.699706184241,-168.56492825652313,-62.03926590385764
-0.02857142873108387,0,0.23204734921455383,1.8411164090127622e-05,-84309.122943533977,-37854.699706184241,-168.56492825652313,-62.03926590385764
0.02857142873108387,-0,0.23204734921455383,1.8411164090127622e-05,-84309.122943533977,-37854.699706184241,-168.56492825652313,-62.03926590385764
-0.02857142873108387,-0,0.23204734921455383,1.8411164090127622e-05,-84309.122943533977,-37854.699706184241,-168.56492825652313,-62.03926590385764
0.029232491829518752,0.0078083472828953037,0.23200288406957037,3.721537306491715e-05,-85112.951271561426,-35202.361858335193,-206.45996554464119,-72.683481979597914
-0.029232491829518752,0.0078083472828953037,0.23200288406957037,3.721537306491715e-05,-85112.951271561426,-35202.361858335193,-206.45996554464119,-72.683481979597914
0.029232491829518752,-0.0078083472828953037,0.23200288406957037,3.721537306491715e-05,-85112.951271561426,-35202.361858335193,-206.45996554464119,-72.683481979597914
-0.029232491829518752,-0.0078083472828953037,0.23200288406957037,3.721537306491715e-05,-85112.951271561426,-35202.361858335193,-206.45996554464119,-72.683481979597914
0.028390000161646788,0.015941455240126905,0.2320569039022112,3.9298185710839429e-05,-84996.291336181195,-34345.464315875695,-203.063555226185,-69.765544606708076
-0.028390000161646788,0.015941455240126905,0.2320569039022112,3.9298185710839429e-05,-84996.291336181195,-34345.464315875695,-203.063555226185,-69.765544606708076
0.028390000161646788,-0.015941455240126905,0.2320569039022112,3.9298185710839429e-05,-84996.291336181195,-34345.464315875695,-203.063555226185,-69.765544606708076
-0.028390000161646788,-0.015941455240126905,0.2320569039022112,3.9298185710839429e-05,-84996.291336181195,-34345.464315875695,-203.063555226185,-69.765544606708076
0.029080719650677881,0.10060549557154569,0.23202051726426842,3.7537714453280076e-05,-50667.279220014374,25301.606580562369,-82.406912934515844,63.086068697001956
-0.029080719650677881,0.10060549557154569,0.23202051726426842,3.7537714453280076e-05,-50667.279220014374,25301.606580562369,-82.406912934515844,63.086068697001956
0.029080719650677881,-0.10060549557154569,0.23202051726426842,3.7537714453280076e-05,-50667.279220014374,25301.606580562369,-82.406912934515844,63.086068697001956
-0.029080719650677881,-0.10060549557154569,0.23202051726426842,3.7537714453280076e-05,-50667.279220014374,25301.606580562369,-82.406912934515844,63.086068697001956
0.028743433411476109,0.12347594618283186,0.23203828376133312,6.0463541537387833e-06,-11222.420579689522,37904.147835729986,-0.64391765566505477,31.236907918683546
-0.028743433411476109,0.12347594618283186,0.23203828376133312,6.0463541537387833e-06,-11222.420579689522,37904.147835729986,-0.64391765566505477,31.236907918683546
0.028743433411476109,-0.12347594618283186,0.23203828376133312,6.0463541537387833e-06,-11222.420579689522,37904.147835729986,-0.64391765566505477,31.236907918683546
-0.028743433411476109,-0.12347594618283186,0.23203828376133312,6.0463541537387833e-06,-11222.420579689522,37904.147835729986,-0.64391765566505477,31.236907918683546
0.030347627429960906,0.023697531057798451,0.23194973703902619,3.5223294335370121e-05,-84692.316188644007,-31968.503008979696,-201.65626596846721,-65.535600903430336
-0.030347627429960906,0.023697531057798451,0.23194973703902619,3.5223294335370121e-05,-84692.316188644007,-31968.503008979696,-201.65626596846721,-65.535600903430336
0.030347627429960906,-0.023697531057798451,0.23194973703902619,3.5223294335370121e-05,-84692.316188644007,-31968.503008979696,-201.65626596846721,-65.535600903430336
-0.030347627429960906,-0.023697531057798451,0.23194973703902619,3.5223294335370121e-05,-84692.316188644007,-31968.503008979696,-201.65626596846721,-65.535600903430336
0.097298454239371876,0.097568577817979785,0.22382688449900026,1.9539877476558496e-05,-36098.934430324611,38331.956508541349,-62.658030078408913,82.449235979664991
-0.097298454239371876,0.097568577817979785,0.22382688449900026,1.9539877476558496e-05,-36098.934430324611,38331.956508541349,-62.658030078408913,82.449235979664991
0.097298454239371876,-0.097568577817979785,0.22382688449900026,1.9539877476558496e-05,-36098.934430324611,38331.956508541349,-62.658030078408913,82.449235979664991
-0.097298454239371876,-0.097568577817979785,0.22382688449900026,1.9539877476558496e-05,-36098.934430324611,38331.956508541349,-62.658030078408913,82.449235979664991
0.030945842656995137,0.050162158327222359,0.23192087004181183,4.2955779766981004e-05,-82142.322424908867,-19956.955549876118,-190.55870519870854,-31.160124399563298
-0.030945842656995137,0.050162158327222359,0.23192087004181183,4.2955779766981004e-05,-82142.322424908867,-19956.955549876118,-190.55870519870854,-31.160124399563298
0.030945842656995137,-0.050162158327222359,0.23192087004181183,4.2955779766981004e-05,-82142.322424908867,-19956.955549876118,-190.55870519870854,-31.160124399563298
-0.030945842656995137,-0.050162158327222359,0.23192087004181183,4.2955779766981004e-05,-82142.322424908867,-19956.955549876118,-190.55870519870854,-31.160124399563298
0.030345360631017032,0.076357857286763475,0.23195391667264889,4.4922620083186053e-05,-72837.655760094087,815.82931235578587,-155.50917418507242,21.150599494915514
-0.030345360631017032,0.076357857286763475,0.23195391667264889,4.4922620083186053e-05,-72837.655760094087,815.82931235578587,-155.50917418507242,21.150599494915514
0.030345360631017032,-0.076357857286763475,0.23195391667264889,4.4922620083186053e-05,-72837.655760094087,815.82931235578587,-155.50917418507242,21.150599494915514
-0.030345360631017032,-0.076357857286763475,0.23195391667264889,4.4922620083186053e-05,-72837.655760094087,815.82931235578587,-155.50917418507242,21.150599494915514
0.034394389830820951,0.1063401832490945,0.23171969416539642,3.8691817358122882e-05,-41340.206210288357,31131.273484241465,-55.58733309332775,66.291720255128084
-0.034394389830820951,0.1063401832490945,0.23171969416539642,3.8691817358122882e-05,-41340.206210288357,31131.273484241465,-55.58733309332775,66.291720255128084
0.034394389830820951,-0.1063401832490945,0.23171969416539642,3.8691817358122882e-05,-41340.206210288357,31131.273484241465,-55.58733309332775,66.291720255128084
-0.034394389830820951,-0.1063401832490945,0.23171969416539642,3.8691817358122882e-05,-41340.206210288357,31131.273484241465,-55.58733309332775,66.291720255128084
0.03423928712786832,0.12921783345601245,0.23173740708340171,1.5646659960575821e-06,41.240857388165082,35637.079020007368,8.4350679760087814,25.118060540731321
-0.03423928712786832,0.12921783345601245,0.23173740708340171,1.5646659960575821e-06,41.240857388165082,35637.079020007368,8.4350679760087814,25.118060540731321
0.03423928712786832,-0.12921783345601245,0.23173740708340171,1.5646659960575821e-06,41.240857388165082,35637.079020007368,8.4350679760087814,25.118060540731321
-0.03423928712786832,-0.12921783345601245,0.23173740708340171,1.5646659960575821e-06,41.240857388165082,35637.079020007368,8.4350679760087814,25.118060540731321
0.033096634282146417,0.029730243001821463,0.23178601645208377,4.0459365255617425e-05,-84302.832370215358,-29439.128612043889,-198.45557481832705,-56.655729698869088
-0.033096634282146417,0.029730243001821463,0.23178601645208377,4.0459365255617425e-05,-84302.832370215358,-29439.128612043889,-198.45557481832705,-56.655729698869088
0.033096634282146417,-0.029730243001821463,0.23178601645208377,4.0459365255617425e-05,-84302.832370215358,-29439.128612043889,-198.45557481832705,-56.655729698869088
-0.033096634282146417,-0.029730243001821463,0.23178601645208377,4.0459365255617425e-05,-84302.832370215358,-29439.128612043889,-198.45557481832705,-56.655729698869088
0.035563387621103566,0.05492287815571411,0.23162701396302171,3.5355968242099164e-05,-80756.186204042533,-15860.833198207487,-182.3949569139167,-17.774624273366712
-0.035563387621103566,0.05492287815571411,0.23162701396302171,3.5355968242099164e-05,-80756.186204042533,-15860.833198207487,-182.3949569139167,-17.774624273366712
0.035563387621103566,-0.05492287815571411,0.23162701396302171,3.5355968242099164e-05,-80756.186204042533,-15860.833198207487,-182.3949569139167,-17.774624273366712
-0.035563387621103566,-0.05492287815571411,0.23162701396302171,3.5355968242099164e-05,-80756.186204042533,-15860.833198207487,-182.3949569139167,-17.774624273366712
0.035789447115424908,0.080131564053731799,0.23160452714901755,4.452819036719309e-05,-69625.092172689634,5427.5051714911815,-145.46267151648641,30.357476126741968
-0.035789447115424908,0.080131564053731799,0.23160452714901755,4.452819036719309e-05,-69625.092172689634,5427.5051714911815,-145.46267151648641,30.357476126741968
0.035789447115424908,-0.080131564053731799,0.23160452714901755,4.452819036719309e-05,-69625.092172689634,5427.5051714911815,-145.46267151648641,30.357476126741968
-0.035789447115424908,-0.080131564053731799,0.23160452714901755,4.452819036719309e-05,-69625.092172689634,5427.5051714911815,-145.46267151648641,30.357476126741968
0.036398724049796528,0.035963342854372672,0.2315477024688547,3.0774015392476682e-05,-83660.000158384864,-26251.175053577572,-194.91987999244606,-46.425273718106062
-0.036398724049796528,0.035963342854372672,0.2315477024688547,3.0774015392476682e-05,-83660.000158384864,-26251.175053577572,-194.91987999244606,-46.425273718106062
0.036398724049796528,-0.035963342854372672,0.2315477024688547,3.0774015392476682e-05,-83660.000158384864,-26251.175053577572,-194.91987999244606,-46.425273718106062
-0.036398724049796528,-0.035963342854372672,0.2315477024688547,3.0774015392476682e-05,-83660.000158384864,-26251.175053577572,-194.91987999244606,-46.425273718106062
0.038732892958837015,0.10567944435732964,0.23134880606214647,2.3651767747682914e-05,-41466.919476020077,30895.962122632576,-60.22997817058264,66.39412440234166
-0.038732892958837015,0.10567944435732964,0.23134880606214647,2.3651767747682914e-05,-41466.919476020077,30895.962122632576,-60.22997817058264,66.39412440234166
0.038732892958837015,-0.10567944435732964,0.23134880606214647,2.3651767747682914e-05,-41466.919476020077,30895.962122632576,-60.22997817058264,66.39412440234166
-0.038732892958837015,-0.10567944435732964,0.23134880606214647,2.3651767747682914e-05,-41466.919476020077,30895.962122632576,-60.22997817058264,66.39412440234166
0.037073649967903535,0.02452468671570876,0.23148101091396947,3.7610329584512582e-05,-84349.103717595353,-30135.184757040664,-201.1710243862984,-58.413151086686689
-0.037073649967903535,0.02452468671570876,0.23148101091396947,3.7610329584512582e-05,-84349.103717595353,-30135.184757040664,-201.1710243862984,-58.413151086686689
0.037073649967903535,-0.02452468671570876,0.23148101091396947,3.7610329584512582e-05,-84349.103717595353,-30135.184757040664,-201.1710243862984,-58.413151086686689
-0.037073649967903535,-0.02452468671570876,0.23148101091396947,3.7610329584512582e-05,-84349.103717595353,-30135.184757040664,-201.1710243862984,-58.413151086686689
0.038095239549875259,0,0.23140674829483032,1.4593324019217648e-05,-84171.473779582011,-35137.345591281803,-170.72217651948327,-56.128421164588133
-0.038095239549875259,0,0.23140674829483032,1.4593324019217648e-05,-84171.473779582011,-35137.345591281803,-170.72217651948327,-56.128421164588133
0.038095239549875259,-0,0.23140674829483032,1.4593324019217648e-05,-84171.473779582011,-35137.345591281803,-170.72217651948327,-56.128421164588133
-0.038095239549875259,-0,0.23140674829483032,1.4593324019217648e-05,-84171.473779582011,-35137.345591281803,-170.72217651948327,-56.128421164588133
0.038864721290506506,0.011222935201006482,0.23133936572900723,2.549304250912262e-05,-84602.875015793266,-32480.677239515458,-201.89375210486361,-64.067700159031247
-0.038864721290506506,0.011222935201006482,0.23133936572900723,2.549304250912262e-05,-84602.875015793266,-32480.677239515458,-201.89375210486361,-64.067700159031247
0.038864721290506506,-0.011222935201006482,0.23133936572900723,2.549304250912262e-05,-84602.875015793266,-32480.677239515458,-201.89375210486361,-64.067700159031247
-0.038864721290506506,-0.011222935201006482,0.23133936572900723,2.549304250912262e-05,-84602.875015793266,-32480.677239515458,-201.89375210486361,-64.067700159031247
0.037789008483087895,0.019098076785057119,0.23142734634184789,2.2180958551963723e-05,-84492.534201748218,-31439.110083142758,-198.13060699984021,-60.069672596279588
-0.037789008483087895,0.019098076785057119,0.23142734634184789,2.2180958551963723e-05,-84492.534201748218,-31439.110083142758,-198.13060699984021,-60.069672596279588
0.037789008483087895,-0.019098076785057119,0.23142734634184789,2.2180958551963723e-05,-84492.534201748218,-31439.110083142758,-198.13060699984021,-60.069672596279588
-0.037789008483087895,-0.019098076785057119,0.23142734634184789,2.2180958551963723e-05,-84492.534201748218,-31439.110083142758,-198.13060699984021,-60.069672596279588
0.038172224092610701,0.11224584304021049,0.23139553144463781,2.8053051056973415e-05,-30611.063347361898,35408.430450397682,-33.784289823211736,62.150255131734667
-0.038172224092610701,0.11224584304021049,0.23139553144463781,2.8053051056973415e-05,-30611.063347361898,35408.430450397682,-33.784289823211736,62.150255131734667
0.038172224092610701,-0.11224584304021049,0.23139553144463781,2.8053051056973415e-05,-30611.063347361898,35408.430450397682,-33.784289823211736,62.150255131734667
-0.038172224092610701,-0.11224584304021049,0.23139553144463781,2.8053051056973415e-05,-30611.063347361898,35408.430450397682,-33.784289823211736,62.150255131734667
0.040058753032864367,0.063415657771753758,0.23123254979605753,3.3728710411996218e-05,-77754.252959835925,-8359.4791676076875,-175.12435914644846,1.7265220305931575
-0.040058753032864367,0.063415657771753758,0.23123254979605753,3.3728710411996218e-05,-77754.252959835925,-8359.4791676076875,-175.12435914644846,1.7265220305931575
0.040058753032864367,-0.063415657771753758,0.23123254979605753,3.3728710411996218e-05,-77754.252959835925,-8359.4791676076875,-175.12435914644846,1.7265220305931575
-0.040058753032864367,-0.063415657771753758,0.23123254979605753,3.3728710411996218e-05,-77754.252959835925,-8359.4791676076875,-175.12435914644846,1.7265220305931575
0.040186609924425007,0.086313859575020968,0.23122360020590599,4.3813620088843414e-05,-64172.069338714537,12473.514194487603,-131.96198891099996,46.17747259094871
-0.040186609924425007,0.086313859575020968,0.23122360020590599,4.3813620088843414e-05,-64172.069338714537,12473.514194487603,-131.96198891099996,46.17747259094871
0.040186609924425007,-0.086313859575020968,0.23122360020590599,4.3813620088843414e-05,-64172.069338714537,12473.514194487603,-131.96198891099996,46.17747259094871
-0.040186609924425007,-0.086313859575020968,0.23122360020590599,4.3813620088843414e-05,-64172.069338714537,12473.514194487603,-131.96198891099996,46.17747259094871
0.041450425982475281,0.043333332985639572,0.23111294209957123,3.292491943608121e-05,-82546.440908724922,-21359.226045729323,-191.62735733139309,-29.124341334491572
-0.041450425982475281,0.043333332985639572,0.23111294209957123,3.292491943608121e-05,-82546.440908724922,-21359.226045729323,-191.62735733139309,-29.124341334491572
0.041450425982475281,-0.043333332985639572,0.23111294209957123,3.292491943608121e-05,-82546.440908724922,-21359.226045729323,-191.62735733139309,-29.124341334491572
-0.041450425982475281,-0.043333332985639572,0.23111294209957123,3.292491943608121e-05,-82546.440908724922,-21359.226045729323,-191.62735733139309,-29.124341334491572
0.042048448918325404,0.11620932498170633,0.23106056894720767,1.9702351597188645e-05,-22521.252350274561,37175.290702897015,-19.081543317895431,54.404056033529869
-0.042048448918325404,0.11620932498170633,0.23106056894720767,1.9702351597188645e-05,-22521.252350274561,37175.290702897015,-19.081543317895431,54.404056033529869
0.042048448918325404,-0.11620932498170633,0.23106056894720767,1.9702351597188645e-05,-22521.252350274561,37175.290702897015,-19.081543317895431,54.404056033529869
-0.042048448918325404,-0.11620932498170633,0.23106056894720767,1.9702351597188645e-05,-22521.252350274561,37175.290702897015,-19.081543317895431,54.404056033529869
0.043867629973417664,0.068476373479850083,0.23090126229281585,3.7873043198830609e-05,-75046.908879330964,-3178.9390600464899,-167.83964311954861,11.639062968888691
-0.043867629973417664,0.068476373479850083,0.23090126229281585,3.7873043198830609e-05,-75046.908879330964,-3178.9390600464899,-167.83964311954861,11.639062968888691
0.043867629973417664,-0.068476373479850083,0.23090126229281585,3.7873043198830609e-05,-75046.908879330964,-3178.9390600464899,-167.83964311954861,11.639062968888691
-0.043867629973417664,-0.068476373479850083,0.23090126229281585,3.7873043198830609e-05,-75046.908879330964,-3178.9390600464899,-167.83964311954861,11.639062968888691
0.044712680806952163,0.092701412421455423,0.2308229424439589,3.3029426368433396e-05,-57224.50527079084,19581.984358541849,-108.56169510299002,58.472621266431346
-0.044712680806952163,0.092701412421455423,0.2308229424439589,3.3029426368433396e-05,-57224.50527079084,19581.984358541849,-108.56169510299002,58.472621266431346
0.044712680806952163,-0.092701412421455423,0.2308229424439589,3.3029426368433396e-05,-57224.50527079084,19581.984358541849,-108.56169510299002,58.472621266431346
-0.044712680806952163,-0.092701412421455423,0.2308229424439589,3.3029426368433396e-05,-57224.50527079084,19581.984358541849,-108.56169510299002,58.472621266431346
0.045950026848232434,0.031848529042814024,0.23071891693253632,3.0816757103913252e-05,-83354.725760750007,-24970.045586850847,-197.99081553707791,-43.728426303961228
-0.045950026848232434,0.031848529042814024,0.23071891693253632,3.0816757103913252e-05,-83354.725760750007,-24970.045586850847,-197.99081553707791,-43.728426303961228
0.045950026848232434,-0.031848529042814024,0.23071891693253632,3.0816757103913252e-05,-83354.725760750007,-24970.045586850847,-197.99081553707791,-43.728426303961228
-0.045950026848232434,-0.031848529042814024,0.23071891693253632,3.0816757103913252e-05,-83354.725760750007,-24970.045586850847,-197.99081553707791,-43.728426303961228
0.045578988786798481,0.049516934586171769,0.23075140076681275,3.7372713800533208e-05,-80919.546970192663,-16313.737633660479,-190.3108147527482,-22.134717885494428
-0.045578988786798481,0.049516934586171769,0.23075140076681275,3.7372713800533208e-05,-80919.546970192663,-16313.737633660479,-190.3108147527482,-22.134717885494428
0.045578988786798481,-0.049516934586171769,0.23075140076681275,3.7372713800533208e-05,-80919.546970192663,-16313.737633660479,-190.3108147527482,-22.134717885494428
-0.045578988786798481,-0.049516934586171769,0.23075140076681275,3.7372713800533208e-05,-80919.546970192663,-16313.737633660479,-190.3108147527482,-22.134717885494428
0.047747968045984773,0.098676911744036783,0.23052332790591556,3.493561454015971e-05,-49412.069281403412,25863.884636989158,-85.975119616205617,68.117635194294778
-0.047747968045984773,0.098676911744036783,0.23052332790591556,3.493561454015971e-05,-49412.069281403412,25863.884636989158,-85.975119616205617,68.117635194294778
0.047747968045984773,-0.098676911744036783,0.23052332790591556,3.493561454015971e-05,-49412.069281403412,25863.884636989158,-85.975119616205617,68.117635194294778
-0.047747968045984773,-0.098676911744036783,0.23052332790591556,3.493561454015971e-05,-49412.069281403412,25863.884636989158,-85.975119616205617,68.117635194294778
0.047500397008190698,0.12293769259176077,0.23056565553533856,6.8317651379865601e-06,-8759.1501147737308,37508.149133229002,-1.274380254244853,35.315747245524811
-0.047500397008190698,0.12293769259176077,0.23056565553533856,6.8317651379865601e-06,-8759.1501147737308,37508.149133229002,-1.274380254244853,35.315747245524811
0.047500397008190698,-0.12293769259176077,0.23056565553533856,6.8317651379865601e-06,-8759.1501147737308,37508.149133229002,-1.274380254244853,35.315747245524811
-0.047500397008190698,-0.12293769259176077,0.23056565553533856,6.8317651379865601e-06,-8759.1501147737308,37508.149133229002,-1.274380254244853,35.315747245524811
0.047330587820058924,9.0209703056984853e-05,0.23059802025119358,1.5313357740832807e-05,-82588.034567413517,-35648.080057867475,-56.350835664924404,-16.939931880677332
-0.047330587820058924,9.0209703056984853e-05,0.23059802025119358,1.5313357740832807e-05,-82588.034567413517,-35648.080057867475,-56.350835664924404,-16.939931880677332
0.047330587820058924,-9.0209703056984853e-05,0.23059802025119358,1.5313357740832807e-05,-82588.034567413517,-35648.080057867475,-56.350835664924404,-16.939931880677332
-0.047330587820058924,-9.0209703056984853e-05,0.23059802025119358,1.5313357740832807e-05,-82588.034567413517,-35648.080057867475,-56.350835664924404,-16.939931880677332
0.047648002358052027,0.014768400021126803,0.23056956428722455,2.6525686705101881e-05,-84132.417186198974,-28927.023253870524,-203.51111717113798,-54.12903772526883
-0.047648002358052027,0.014768400021126803,0.23056956428722455,2.6525686705101881e-05,-84132.417186198974,-28927.023253870524,-203.51111717113798,-54.12903772526883
0.047648002358052027,-0.014768400021126803,0.23056956428722455,2.6525686705101881e-05,-84132.417186198974,-28927.023253870524,-203.51111717113798,-54.12903772526883
-0.047648002358052027,-0.014768400021126803,0.23056956428722455,2.6525686705101881e-05,-84132.417186198974,-28927.023253870524,-203.51111717113798,-54.12903772526883
0.047786938869771284,0.021776276111041173,0.23055422899464145,4.1054709387045251e-05,-83824.23245699871,-27426.805005569775,-200.96497936599442,-51.097954401665923
-0.047786938869771284,0.021776276111041173,0.23055422899464145,4.1054709387045251e-05,-83824.23245699871,-27426.805005569775,-200.96497936599442,-51.097954401665923
0.047786938869771284,-0.021776276111041173,0.23055422899464145,4.1054709387045251e-05,-83824.23245699871,-27426.805005569775,-200.96497936599442,-51.097954401665923
-0.047786938869771284,-0.021776276111041173,0.23055422899464145,4.1054709387045251e-05,-83824.23245699871,-27426.805005569775,-200.96497936599442,-51.097954401665923
0.04748220519177139,0.074260763675173008,0.23058474715256974,4.3512606940226965e-05,-71445.309635643716,2954.8437679526692,-157.91524040110551,26.523577635990289
-0.04748220519177139,0.074260763675173008,0.23058474715256974,4.3512606940226965e-05,-71445.309635643716,2954.8437679526692,-157.91524040110551,26.523577635990289
0.04748220519177139,-0.074260763675173008,0.23058474715256974,4.3512606940226965e-05,-71445.309635643716,2954.8437679526692,-157.91524040110551,26.523577635990289
-0.04748220519177139,-0.074260763675173008,0.23058474715256974,4.3512606940226965e-05,-71445.309635643716,2954.8437679526692,-157.91524040110551,26.523577635990289
0.048427970767356075,0.037361150348761536,0.23049989170109664,3.5754575931474519e-05,-82652.330966066991,-21822.93678456148,-193.17407957712516,-33.398696308943514
-0.048427970767356075,0.037361150348761536,0.23049989170109664,3.5754575931474519e-05,-82652.330966066991,-21822.93678456148,-193.17407957712516,-33.398696308943514
0.048427970767356075,-0.037361150348761536,0.23049989170109664,3.5754575931474519e-05,-82652.330966066991,-21822.93678456148,-193.17407957712516,-33.398696308943514
-0.048427970767356075,-0.037361150348761536,0.23049989170109664,3.5754575931474519e-05,-82652.330966066991,-21822.93678456148,-193.17407957712516,-33.398696308943514
0.049003104116187871,0.055999522617937593,0.23045156428488567,4.8413652609589475e-05,-79017.295121210685,-10957.919393234082,-183.27606387614395,-5.6813698642972836
-0.049003104116187871,0.055999522617937593,0.23045156428488567,4.8413652609589475e-05,-79017.295121210685,-10957.919393234082,-183.27606387614395,-5.6813698642972836
0.049003104116187871,-0.055999522617937593,0.23045156428488567,4.8413652609589475e-05,-79017.295121210685,-10957.919393234082,-183.27606387614395,-5.6813698642972836
-0.049003104116187871,-0.055999522617937593,0.23045156428488567,4.8413652609589475e-05,-79017.295121210685,-10957.919393234082,-183.27606387614395,-5.6813698642972836
0.052140873707092347,0.10472049362651825,0.23011832728019613,4.0963573548524999e-05,-39739.50489381075,31628.653957693823,-60.824158567983943,71.008101190631393
-0.052140873707092347,0.10472049362651825,0.23011832728019613,4.0963573548524999e-05,-39739.50489381075,31628.653957693823,-60.824158567983943,71.008101190631393
0.052140873707092347,-0.10472049362651825,0.23011832728019613,4.0963573548524999e-05,-39739.50489381075,31628.653957693823,-60.824158567983943,71.008101190631393
-0.052140873707092347,-0.10472049362651825,0.23011832728019613,4.0963573548524999e-05,-39739.50489381075,31628.653957693823,-60.824158567983943,71.008101190631393
0.051602525445009907,0.12930533000253536,0.23007761422076664,4.2775873990803462e-06,3382.6242306149543,34554.501111476267,8.6296909903136818,23.472454945495873
-0.051602525445009907,0.12930533000253536,0.23007761422076664,4.2775873990803462e-06,3382.6242306149543,34554.501111476267,8.6296909903136818,23.472454945495873
0.051602525445009907,-0.12930533000253536,0.23007761422076664,4.2775873990803462e-06,3382.6242306149543,34554.501111476267,8.6296909903136818,23.472454945495873
-0.051602525445009907,-0.12930533000253536,0.23007761422076664,4.2775873990803462e-06,3382.6242306149543,34554.501111476267,8.6296909903136818,23.472454945495873
0.051980904343217137,0.08050925957745006,0.23014914487341182,4.8738871450022712e-05,-66529.103067518474,9738.5273252579318,-141.49380788968821,41.281210241142396
-0.051980904343217137,0.08050925957745006,0.23014914487341182,4.8738871450022712e-05,-66529.103067518474,9738.5273252579318,-141.49380788968821,41.281210241142396
0.051980904343217137,-0.08050925957745006,0.23014914487341182,4.8738871450022712e-05,-66529.103067518474,9738.5273252579318,-141.49380788968821,41.281210241142396
-0.051980904343217137,-0.08050925957745006,0.23014914487341182,4.8738871450022712e-05,-66529.103067518474,9738.5273252579318,-141.49380788968821,41.281210241142396
0.052921313443169006,0.042563346447009577,0.23002733488379701,4.1033217891709719e-05,-81480.585524669499,-17495.298833223726,-192.14138771668888,-23.010328444748094
-0.052921313443169006,0.042563346447009577,0.23002733488379701,4.1033217891709719e-05,-81480.585524669499,-17495.298833223726,-192.14138771668888,-23.010328444748094
0.052921313443169006,-0.042563346447009577,0.23002733488379701,4.1033217891709719e-05,-81480.585524669499,-17495.298833223726,-192.14138771668888,-23.010328444748094
-0.052921313443169006,-0.042563346447009577,0.23002733488379701,4.1033217891709719e-05,-81480.585524669499,-17495.298833223726,-192.14138771668888,-23.010328444748094
0.053434126411218717,0.061737588365807644,0.22995839889383266,3.9922216711196021e-05,-76424.272607130435,-5616.9412623943435,-174.89386384693819,6.0362034642865234
-0.053434126411218717,0.061737588365807644,0.22995839889383266,3.9922216711196021e-05,-76424.272607130435,-5616.9412623943435,-174.89386384693819,6.0362034642865234
0.053434126411218717,-0.061737588365807644,0.22995839889383266,3.9922216711196021e-05,-76424.272607130435,-5616.9412623943435,-174.89386384693819,6.0362034642865234
-0.053434126411218717,-0.061737588365807644,0.22995839889383266,3.9922216711196021e-05,-76424.272607130435,-5616.9412623943435,-174.89386384693819,6.0362034642865234
0.054332355274618008,0.11186228758271208,0.22986002104746933,4.6304573292991221e-05,-27387.934863326802,36250.964557412,-32.150287563518596,66.403634283574192
-0.054332355274618008,0.11186228758271208,0.22986002104746933,4.6304573292991221e-05,-27387.934863326802,36250.964557412,-32.150287563518596,66.403634283574192
0.054332355274618008,-0.11186228758271208,0.22986002104746933,4.6304573292991221e-05,-27387.934863326802,36250.964557412,-32.150287563518596,66.403634283574192
-0.054332355274618008,-0.11186228758271208,0.22986002104746933,4.6304573292991221e-05,-27387.934863326802,36250.964557412,-32.150287563518596,66.403634283574192
0.055177275208624907,0.036410260628683397,0.22975018107225789,4.100892009416527e-05,-82135.146052694108,-19477.387005163018,-196.43499967851326,-28.475088939682287
-0.055177275208624907,0.036410260628683397,0.22975018107225789,4.100892009416527e-05,-82135.146052694108,-19477.387005163018,-196.43499967851326,-28.475088939682287
0.055177275208624907,-0.036410260628683397,0.22975018107225789,4.100892009416527e-05,-82135.146052694108,-19477.387005163018,-196.43499967851326,-28.475088939682287
-0.055177275208624907,-0.036410260628683397,0.22975018107225789,4.100892009416527e-05,-82135.146052694108,-19477.387005163018,-196.43499967851326,-28.475088939682287
0.056907436019145372,0,0.22954754262718904,1.6080143270674152e-05,-83310.994753518491,-28042.536791282429,-168.94221560872543,-39.63684811852044
-0.056907436019145372,0,0.22954754262718904,1.6080143270674152e-05,-83310.994753518491,-28042.536791282429,-168.94221560872543,-39.63684811852044
0.056907436019145372,-0,0.22954754262718904,1.6080143270674152e-05,-83310.994753518491,-28042.536791282429,-168.94221560872543,-39.63684811852044
-0.056907436019145372,-0,0.22954754262718904,1.6080143270674152e-05,-83310.994753518491,-28042.536791282429,-168.94221560872543,-39.63684811852044
0.057183491962130018,0.0094947976609072587,0.22951659405766323,2.6446222411989359e-05,-83658.87965919495,-25677.65066402372,-206.72914134209006,-44.696063112896681
-0.057183491962130018,0.0094947976609072587,0.22951659405766323,2.6446222411989359e-05,-83658.87965919495,-25677.65066402372,-206.72914134209006,-44.696063112896681
0.057183491962130018,-0.0094947976609072587,0.22951659405766323,2.6446222411989359e-05,-83658.87965919495,-25677.65066402372,-206.72914134209006,-44.696063112896681
-0.057183491962130018,-0.0094947976609072587,0.22951659405766323,2.6446222411989359e-05,-83658.87965919495,-25677.65066402372,-206.72914134209006,-44.696063112896681
0.056322562699962046,0.020258996618023505,0.22961209875691152,4.2721016082612387e-05,-83258.308899775409,-24373.599601549151,-200.68480743326748,-42.954233544389929
-0.056322562699962046,0.020258996618023505,0.22961209875691152,4.2721016082612387e-05,-83258.308899775409,-24373.599601549151,-200.68480743326748,-42.954233544389929
0.056322562699962046,-0.020258996618023505,0.22961209875691152,4.2721016082612387e-05,-83258.308899775409,-24373.599601549151,-200.68480743326748,-42.954233544389929
-0.056322562699962046,-0.020258996618023505,0.22961209875691152,4.2721016082612387e-05,-83258.308899775409,-24373.599601549151,-200.68480743326748,-42.954233544389929
0.056455911497858391,0.028794469479789035,0.22959738004005034,3.6831027843509372e-05,-82715.729225207251,-21919.588922381288,-197.76008043101143,-35.666492421837383
-0.056455911497858391,0.028794469479789035,0.22959738004005034,3.6831027843509372e-05,-82715.729225207251,-21919.588922381288,-197.76008043101143,-35.666492421837383
0.056455911497858391,-0.028794469479789035,0.22959738004005034,3.6831027843509372e-05,-82715.729225207251,-21919.588922381288,-197.76008043101143,-35.666492421837383
-0.056455911497858391,-0.028794469479789035,0.22959738004005034,3.6831027843509372e-05,-82715.729225207251,-21919.588922381288,-197.76008043101143,-35.666492421837383
0.057871436524539369,0.04924037092564186,0.22942892180299748,3.8165535673947228e-05,-79522.112782705983,-12133.819540727956,-181.60912487902723,-9.523983590260757
-0.057871436524539369,0.04924037092564186,0.22942892180299748,3.8165535673947228e-05,-79522.112782705983,-12133.819540727956,-181.60912487902723,-9.523983590260757
0.057871436524539369,-0.04924037092564186,0.22942892180299748,3.8165535673947228e-05,-79522.112782705983,-12133.819540727956,-181.60912487902723,-9.523983590260757
-0.057871436524539369,-0.04924037092564186,0.22942892180299748,3.8165535673947228e-05,-79522.112782705983,-12133.819540727956,-181.60912487902723,-9.523983590260757
0.059208684316326886,0.068314587102015906,0.22926891480288383,3.0199844410202253e-05,-72720.922083723694,1475.3000753360523,-159.86335419825159,28.072158325871175
-0.059208684316326886,0.068314587102015906,0.22926891480288383,3.0199844410202253e-05,-72720.922083723694,1475.3000753360523,-159.86335419825159,28.072158325871175
0.059208684316326886,-0.068314587102015906,0.22926891480288383,3.0199844410202253e-05,-72720.922083723694,1475.3000753360523,-159.86335419825159,28.072158325871175
-0.059208684316326886,-0.068314587102015906,0.22926891480288383,3.0199844410202253e-05,-72720.922083723694,1475.3000753360523,-159.86335419825159,28.072158325871175
0.058894939277133226,0.11643108131985591,0.22930753556678404,2.5277594604272383e-05,-18007.436330256693,37841.135616478394,-14.86394663837431,55.366415306642274
-0.058894939277133226,0.11643108131985591,0.22930753556678404,2.5277594604272383e-05,-18007.436330256693,37841.135616478394,-14.86394663837431,55.366415306642274
0.058894939277133226,-0.11643108131985591,0.22930753556678404,2.5277594604272383e-05,-18007.436330256693,37841.135616478394,-14.86394663837431,55.366415306642274
-0.058894939277133226,-0.11643108131985591,0.22930753556678404,2.5277594604272383e-05,-18007.436330256693,37841.135616478394,-14.86394663837431,55.366415306642274
0.059193533441890454,0.092602220639442942,0.22925564431125983,3.8204752776014343e-05,-53955.100612602779,22643.241155924046,-103.00672266046656,65.032787557336945
-0.059193533441890454,0.092602220639442942,0.22925564431125983,3.8204752776014343e-05,-53955.100612602779,22643.241155924046,-103.00672266046656,65.032787557336945
0.059193533441890454,-0.092602220639442942,0.22925564431125983,3.8204752776014343e-05,-53955.100612602779,22643.241155924046,-103.00672266046656,65.032787557336945
-0.059193533441890454,-0.092602220639442942,0.22925564431125983,3.8204752776014343e-05,-53955.100612602779,22643.241155924046,-103.00672266046656,65.032787557336945
0.06200967505694386,0.098632057635287498,0.22892706196683021,4.1757569174023851e-05,-45884.54436152643,28515.815879254369,-79.046971223659128,71.781944836631595
-0.06200967505694386,0.098632057635287498,0.22892706196683021,4.1757569174023851e-05,-45884.54436152643,28515.815879254369,-79.046971223659128,71.781944836631595
0.06200967505694386,-0.098632057635287498,0.22892706196683021,4.1757569174023851e-05,-45884.54436152643,28515.815879254369,-79.046971223659128,71.781944836631595
-0.06200967505694386,-0.098632057635287498,0.22892706196683021,4.1757569174023851e-05,-45884.54436152643,28515.815879254369,-79.046971223659128,71.781944836631595
0.060259131800748107,0.042434084745144415,0.22914089198971843,4.5790619664655593e-05,-80660.353904974807,-14378.412824954072,-192.58117899104423,-15.919127949945903
-0.060259131800748107,0.042434084745144415,0.22914089198971843,4.5790619664655593e-05,-80660.353904974807,-14378.412824954072,-192.58117899104423,-15.919127949945903
0.060259131800748107,-0.042434084745144415,0.22914089198971843,4.5790619664655593e-05,-80660.353904974807,-14378.412824954072,-192.58117899104423,-15.919127949945903
-0.060259131800748107,-0.042434084745144415,0.22914089198971843,4.5790619664655593e-05,-80660.353904974807,-14378.412824954072,-192.58117899104423,-15.919127949945903
0.062204576856027025,0.074327638458446837,0.2289032567218712,3.5655505464807552e-05,-68644.627998119598,7644.1767277128947,-150.90684737462394,37.523341390805918
-0.062204576856027025,0.074327638458446837,0.2289032567218712,3.5655505464807552e-05,-68644.627998119598,7644.1767277128947,-150.90684737462394,37.523341390805918
0.062204576856027025,-0.074327638458446837,0.2289032567218712,3.5655505464807552e-05,-68644.627998119598,7644.1767277128947,-150.90684737462394,37.523341390805918
-0.062204576856027025,-0.074327638458446837,0.2289032567218712,3.5655505464807552e-05,-68644.627998119598,7644.1767277128947,-150.90684737462394,37.523341390805918
0.063021928071975708,0.055714286863803864,0.22880341112613678,3.6896697590626866e-05,-77059.906790457593,-5771.1368478462355,-178.08168678813885,6.4136061674342448
-0.063021928071975708,0.055714286863803864,0.22880341112613678,3.6896697590626866e-05,-77059.906790457593,-5771.1368478462355,-178.08168678813885,6.4136061674342448
0.063021928071975708,-0.055714286863803864,0.22880341112613678,3.6896697590626866e-05,-77059.906790457593,-5771.1368478462355,-178.08168678813885,6.4136061674342448
-0.063021928071975708,-0.055714286863803864,0.22880341112613678,3.6896697590626866e-05,-77059.906790457593,-5771.1368478462355,-178.08168678813885,6.4136061674342448
0.063069821689336683,0.12364811530118366,0.22879672432875922,1.0170528037862522e-05,-3785.5347751612935,37096.602850470408,3.5524653150245147,32.59620224181193
-0.063069821689336683,0.12364811530118366,0.22879672432875922,1.0170528037862522e-05,-3785.5347751612935,37096.602850470408,3.5524653150245147,32.59620224181193
0.063069821689336683,-0.12364811530118366,0.22879672432875922,1.0170528037862522e-05,-3785.5347751612935,37096.602850470408,3.5524653150245147,32.59620224181193
-0.063069821689336683,-0.12364811530118366,0.22879672432875922,1.0170528037862522e-05,-3785.5347751612935,37096.602850470408,3.5524653150245147,32.59620224181193
0.066550504942219577,0.10472744258153123,0.22836260357074439,3.1312236114459542e-05,-35849.9493400715,33886.096032332687,-55.030234434527721,73.685636077370134
-0.066550504942219577,0.10472744258153123,0.22836260357074439,3.1312236114459542e-05,-35849.9493400715,33886.096032332687,-55.030234434527721,73.685636077370134
0.066550504942219577,-0.10472744258153123,0.22836260357074439,3.1312236114459542e-05,-35849.9493400715,33886.096032332687,-55.030234434527721,73.685636077370134
-0.066550504942219577,-0.10472744258153123,0.22836260357074439,3.1312236114459542e-05,-35849.9493400715,33886.096032332687,-55.030234434527721,73.685636077370134
0.066666670143604279,0,0.228358194231987,1.9588841911195161e-05,-82731.173468169232,-23327.380020851615,-166.35173518555294,-27.970388413559419
-0.066666670143604279,0,0.228358194231987,1.9588841911195161e-05,-82731.173468169232,-23327.380020851615,-166.35173518555294,-27.970388413559419
0.066666670143604279,-0,0.228358194231987,1.9588841911195161e-05,-82731.173468169232,-23327.380020851615,-166.35173518555294,-27.970388413559419
-0.066666670143604279,-0,0.228358194231987,1.9588841911195161e-05,-82731.173468169232,-23327.380020851615,-166.35173518555294,-27.970388413559419
0.066034954600459148,0.012223492419878175,0.22843536025808633,2.5880586309047681e-05,-82847.236157120031,-21018.009531405438,-198.4942048219703,-32.142643279247793
-0.066034954600459148,0.012223492419878175,0.22843536025808633,2.5880586309047681e-05,-82847.236157120031,-21018.009531405438,-198.4942048219703,-32.142643279247793
0.066034954600459148,-0.012223492419878175,0.22843536025808633,2.5880586309047681e-05,-82847.236157120031,-21018.009531405438,-198.4942048219703,-32.142643279247793
-0.066034954600459148,-0.012223492419878175,0.22843536025808633,2.5880586309047681e-05,-82847.236157120031,-21018.009531405438,-198.4942048219703,-32.142643279247793
0.06675307682358933,0.023801142123756204,0.22834553874092506,2.9117215869648673e-05,-82273.845547611942,-18238.829921619905,-196.63758120788776,-24.647107940162869
-0.06675307682358933,0.023801142123756204,0.22834553874092506,2.9117215869648673e-05,-82273.845547611942,-18238.829921619905,-196.63758120788776,-24.647107940162869
0.06675307682358933,-0.023801142123756204,0.22834553874092506,2.9117215869648673e-05,-82273.845547611942,-18238.829921619905,-196.63758120788776,-24.647107940162869
-0.06675307682358933,-0.023801142123756204,0.22834553874092506,2.9117215869648673e-05,-82273.845547611942,-18238.829921619905,-196.63758120788776,-24.647107940162869
0.065968834645507624,0.030476344340979712,0.22844343701704034,4.3004414481285831e-05,-81761.37914314105,-16594.591089499732,-195.04169449204755,-20.004183888992529
-0.065968834645507624,0.030476344340979712,0.22844343701704034,4.3004414481285831e-05,-81761.37914314105,-16594.591089499732,-195.04169449204755,-20.004183888992529
0.065968834645507624,-0.030476344340979712,0.22844343701704034,4.3004414481285831e-05,-81761.37914314105,-16594.591089499732,-195.04169449204755,-20.004183888992529
-0.065968834645507624,-0.030476344340979712,0.22844343701704034,4.3004414481285831e-05,-81761.37914314105,-16594.591089499732,-195.04169449204755,-20.004183888992529
0.065695397567731587,0.037590497374796021,0.22847683813610833,3.4828454465441292e-05,-80978.710209341618,-13849.89347880409,-193.23464670582064,-10.850545411947362
-0.065695397567731587,0.037590497374796021,0.22847683813610833,3.4828454465441292e-05,-80978.710209341618,-13849.89347880409,-193.23464670582064,-10.850545411947362
0.065695397567731587,-0.037590497374796021,0.22847683813610833,3.4828454465441292e-05,-80978.710209341618,-13849.89347880409,-193.23464670582064,-10.850545411947362
-0.065695397567731587,-0.037590497374796021,0.22847683813610833,3.4828454465441292e-05,-80978.710209341618,-13849.89347880409,-193.23464670582064,-10.850545411947362
0.06625719080588334,0.079713994329681348,0.22840821361248742,3.8359820600770457e-05,-64031.18638135228,13770.837660294932,-136.37680729698442,50.349846448510391
-0.06625719080588334,0.079713994329681348,0.22840821361248742,3.8359820600770457e-05,-64031.18638135228,13770.837660294932,-136.37680729698442,50.349846448510391
0.06625719080588334,-0.079713994329681348,0.22840821361248742,3.8359820600770457e-05,-64031.18638135228,13770.837660294932,-136.37680729698442,50.349846448510391
-0.06625719080588334,-0.079713994329681348,0.22840821361248742,3.8359820600770457e-05,-64031.18638135228,13770.837660294932,-136.37680729698442,50.349846448510391
0.067922258650567086,0.12939259041946422,0.22818568606635573,2.1910219581082158e-06,7034.6437295486776,33568.454443578907,13.682541920941119,27.580818916848191
-0.067922258650567086,0.12939259041946422,0.22818568606635573,2.1910219581082158e-06,7034.6437295486776,33568.454443578907,13.682541920941119,27.580818916848191
0.067922258650567086,-0.12939259041946422,0.22818568606635573,2.1910219581082158e-06,7034.6437295486776,33568.454443578907,13.682541920941119,27.580818916848191
-0.067922258650567086,-0.12939259041946422,0.22818568606635573,2.1910219581082158e-06,7034.6437295486776,33568.454443578907,13.682541920941119,27.580818916848191
0.068193724473153444,0.061940714483458732,0.22814719544255718,3.4468581771563699e-05,-73938.629006826697,816.88282638289616,-165.68055648870669,24.492900716632985
-0.068193724473153444,0.061940714483458732,0.22814719544255718,3.4468581771563699e-05,-73938.629006826697,816.88282638289616,-165.68055648870669,24.492900716632985
0.068193724473153444,-0.061940714483458732,0.22814719544255718,3.4468581771563699e-05,-73938.629006826697,816.88282638289616,-165.68055648870669,24.492900716632985
-0.068193724473153444,-0.061940714483458732,0.22814719544255718,3.4468581771563699e-05,-73938.629006826697,816.88282638289616,-165.68055648870669,24.492900716632985
0.067705511676050475,0.050712979190606314,0.22820374249613076,3.415134603819039e-05,-77858.449460077871,-6403.4626325662512,-179.17500381995998,6.0043905273561649
-0.067705511676050475,0.050712979190606314,0.22820374249613076,3.415134603819039e-05,-77858.449460077871,-6403.4626325662512,-179.17500381995998,6.0043905273561649
0.067705511676050475,-0.050712979190606314,0.22820374249613076,3.415134603819039e-05,-77858.449460077871,-6403.4626325662512,-179.17500381995998,6.0043905273561649
-0.067705511676050475,-0.050712979190606314,0.22820374249613076,3.415134603819039e-05,-77858.449460077871,-6403.4626325662512,-179.17500381995998,6.0043905273561649
0.068373141255825207,0.11134580530840736,0.22808827966355416,3.1743805896531384e-05,-24483.159262525172,37381.183230607341,-29.87207482184262,69.092043605001123
-0.068373141255825207,0.11134580530840736,0.22808827966355416,3.1743805896531384e-05,-24483.159262525172,37381.183230607341,-29.87207482184262,69.092043605001123
0.068373141255825207,-0.11134580530840736,0.22808827966355416,3.1743805896531384e-05,-24483.159262525172,37381.183230607341,-29.87207482184262,69.092043605001123
-0.068373141255825207,-0.11134580530840736,0.22808827966355416,3.1743805896531384e-05,-24483.159262525172,37381.183230607341,-29.87207482184262,69.092043605001123
0.0703117611699908,0.08758840611483433,0.22781391081898592,3.2590891621033114e-05,-56114.434574134262,21842.83787788,-115.94775419003747,66.257845978993146
-0.0703117611699908,0.08758840611483433,0.22781391081898592,3.2590891621033114e-05,-56114.434574134262,21842.83787788,-115.94775419003747,66.257845978993146
0.0703117611699908,-0.08758840611483433,0.22781391081898592,3.2590891621033114e-05,-56114.434574134262,21842.83787788,-115.94775419003747,66.257845978993146
-0.0703117611699908,-0.08758840611483433,0.22781391081898592,3.2590891621033114e-05,-56114.434574134262,21842.83787788,-115.94775419003747,66.257845978993146
0.072746951153725051,0.067186788198381697,0.22747309688892561,4.1527624957418387e-05,-70428.415726811843,6879.8555395329022,-158.87585301397613,34.683351654565314
-0.072746951153725051,0.067186788198381697,0.22747309688892561,4.1527624957418387e-05,-70428.415726811843,6879.8555395329022,-158.87585301397613,34.683351654565314
0.072746951153725051,-0.067186788198381697,0.22747309688892561,4.1527624957418387e-05,-70428.415726811843,6879.8555395329022,-158.87585301397613,34.683351654565314
-0.072746951153725051,-0.067186788198381697,0.22747309688892561,4.1527624957418387e-05,-70428.415726811843,6879.8555395329022,-158.87585301397613,34.683351654565314
0.073588485898349862,0.055380389847240884,0.22734850956568747,3.9278999005728699e-05,-75461.709192188675,-627.24408775865493,-172.15152648663019,19.529443745278449
-0.073588485898349862,0.055380389847240884,0.22734850956568747,3.9278999005728699e-05,-75461.709192188675,-627.24408775865493,-172.15152648663019,19.529443745278449
0.073588485898349862,-0.055380389847240884,0.22734850956568747,3.9278999005728699e-05,-75461.709192188675,-627.24408775865493,-172.15152648663019,19.529443745278449
-0.073588485898349862,-0.055380389847240884,0.22734850956568747,3.9278999005728699e-05,-75461.709192188675,-627.24408775865493,-172.15152648663019,19.529443745278449
0.074594009101415781,0.11631503044135796,0.22719964922738106,1.9217655775608718e-05,-13969.318657087091,38839.472744832441,-10.748618601263317,56.621617091331807
-0.074594009101415781,0.11631503044135796,0.22719964922738106,1.9217655775608718e-05,-13969.318657087091,38839.472744832441,-10.748618601263317,56.621617091331807
0.074594009101415781,-0.11631503044135796,0.22719964922738106,1.9217655775608718e-05,-13969.318657087091,38839.472744832441,-10.748618601263317,56.621617091331807
-0.074594009101415781,-0.11631503044135796,0.22719964922738106,1.9217655775608718e-05,-13969.318657087091,38839.472744832441,-10.748618601263317,56.621617091331807
0.074019884321972193,0.048903735775792691,0.22728463844112001,3.8801089187686211e-05,-77335.244076364615,-3876.9431028323534,-185.34488146185251,10.369693794379756
-0.074019884321972193,0.048903735775792691,0.22728463844112001,3.8801089187686211e-05,-77335.244076364615,-3876.9431028323534,-185.34488146185251,10.369693794379756
0.074019884321972193,-0.048903735775792691,0.22728463844112001,3.8801089187686211e-05,-77335.244076364615,-3876.9431028323534,-185.34488146185251,10.369693794379756
-0.074019884321972193,-0.048903735775792691,0.22728463844112001,3.8801089187686211e-05,-77335.244076364615,-3876.9431028323534,-185.34488146185251,10.369693794379756
0.074648712269771017,0.091382796486922838,0.22719155160719587,3.578163831285374e-05,-50970.35800672535,26352.522660734354,-100.68104927025479,71.058565373878494
-0.074648712269771017,0.091382796486922838,0.22719155160719587,3.578163831285374e-05,-50970.35800672535,26352.522660734354,-100.68104927025479,71.058565373878494
0.074648712269771017,-0.091382796486922838,0.22719155160719587,3.578163831285374e-05,-50970.35800672535,26352.522660734354,-100.68104927025479,71.058565373878494
-0.074648712269771017,-0.091382796486922838,0.22719155160719587,3.578163831285374e-05,-50970.35800672535,26352.522660734354,-100.68104927025479,71.058565373878494
0.076190479099750519,0,0.22696329653263092,1.4721289106652352e-05,-81975.196684270501,-17380.172058432745,-161.79589237707549,-16.707081326713055
-0.076190479099750519,0,0.22696329653263092,1.4721289106652352e-05,-81975.196684270501,-17380.172058432745,-161.79589237707549,-16.707081326713055
0.076190479099750519,-0,0.22696329653263092,1.4721289106652352e-05,-81975.196684270501,-17380.172058432745,-161.79589237707549,-16.707081326713055
-0.076190479099750519,-0,0.22696329653263092,1.4721289106652352e-05,-81975.196684270501,-17380.172058432745,-161.79589237707549,-16.707081326713055
0.076320542350654247,0.014143698507194725,0.22694404076857863,3.2088661958735915e-05,-81822.903220061402,-14598.782996824471,-197.86880179531377,-17.170505121553067
-0.076320542350654247,0.014143698507194725,0.22694404076857863,3.2088661958735915e-05,-81822.903220061402,-14598.782996824471,-197.86880179531377,-17.170505121553067
0.076320542350654247,-0.014143698507194725,0.22694404076857863,3.2088661958735915e-05,-81822.903220061402,-14598.782996824471,-197.86880179531377,-17.170505121553067
-0.076320542350654247,-0.014143698507194725,0.22694404076857863,3.2088661958735915e-05,-81822.903220061402,-14598.782996824471,-197.86880179531377,-17.170505121553067
0.076868993403115343,0.026420619150624852,0.22686284301297099,2.7865518203626391e-05,-80935.878736621817,-11587.956877159273,-190.96753624595993,-7.8476823983036343
-0.076868993403115343,0.026420619150624852,0.22686284301297099,2.7865518203626391e-05,-80935.878736621817,-11587.956877159273,-190.96753624595993,-7.8476823983036343
0.076868993403115343,-0.026420619150624852,0.22686284301297099,2.7865518203626391e-05,-80935.878736621817,-11587.956877159273,-190.96753624595993,-7.8476823983036343
-0.076868993403115343,-0.026420619150624852,0.22686284301297099,2.7865518203626391e-05,-80935.878736621817,-11587.956877159273,-190.96753624595993,-7.8476823983036343
0.076888350459601726,0.035038447633590222,0.2268599772156773,2.7801208754830944e-05,-79864.30243776206,-8646.1482388913246,-188.7848088506679,-0.16298313153384766
-0.076888350459601726,0.035038447633590222,0.2268599772156773,2.7801208754830944e-05,-79864.30243776206,-8646.1482388913246,-188.7848088506679,-0.16298313153384766
0.076888350459601726,-0.035038447633590222,0.2268599772156773,2.7801208754830944e-05,-79864.30243776206,-8646.1482388913246,-188.7848088506679,-0.16298313153384766
-0.076888350459601726,-0.035038447633590222,0.2268599772156773,2.7801208754830944e-05,-79864.30243776206,-8646.1482388913246,-188.7848088506679,-0.16298313153384766
0.075653410721866737,0.041948727410395022,0.22704185962165485,4.0218234735360646e-05,-78694.562402003343,-6346.8530075808521,-187.3386812075245,2.6614964445107439
-0.075653410721866737,0.041948727410395022,0.22704185962165485,4.0218234735360646e-05,-78694.562402003343,-6346.8530075808521,-187.3386812075245,2.6614964445107439
0.075653410721866737,-0.041948727410395022,0.22704185962165485,4.0218234735360646e-05,-78694.562402003343,-6346.8530075808521,-187.3386812075245,2.6614964445107439
-0.075653410721866737,-0.041948727410395022,0.22704185962165485,4.0218234735360646e-05,-78694.562402003343,-6346.8530075808521,-187.3386812075245,2.6614964445107439
0.076252214438266672,0.073704941621789075,0.22695415160716689,4.0139507502931284e-05,-65751.204519226361,13510.749650255813,-145.99937929160521,49.171127877530374
-0.076252214438266672,0.073704941621789075,0.22695415160716689,4.0139507502931284e-05,-65751.204519226361,13510.749650255813,-145.99937929160521,49.171127877530374
0.076252214438266672,-0.073704941621789075,0.22695415160716689,4.0139507502931284e-05,-65751.204519226361,13510.749650255813,-145.99937929160521,49.171127877530374
-0.076252214438266672,-0.073704941621789075,0.22695415160716689,4.0139507502931284e-05,-65751.204519226361,13510.749650255813,-145.99937929160521,49.171127877530374
0.076963341967008103,0.099750019577122317,0.22684886548035002,3.3948595486645008e-05,-39955.642407891479,33034.551185420714,-69.077623928316484,78.609758066907816
-0.076963341967008103,0.099750019577122317,0.22684886548035002,3.3948595486645008e-05,-39955.642407891479,33034.551185420714,-69.077623928316484,78.609758066907816
0.076963341967008103,-0.099750019577122317,0.22684886548035002,3.3948595486645008e-05,-39955.642407891479,33034.551185420714,-69.077623928316484,78.609758066907816
-0.076963341967008103,-0.099750019577122317,0.22684886548035002,3.3948595486645008e-05,-39955.642407891479,33034.551185420714,-69.077623928316484,78.609758066907816
0.078470686794285108,0.06250304112458073,0.22662571635424364,3.641126245677585e-05,-71622.353007213111,6645.8279490396362,-158.73903062143401,36.266406058293462
-0.078470686794285108,0.06250304112458073,0.22662571635424364,3.641126245677585e-05,-71622.353007213111,6645.8279490396362,-158.73903062143401,36.266406058293462
0.078470686794285108,-0.06250304112458073,0.22662571635424364,3.641126245677585e-05,-71622.353007213111,6645.8279490396362,-158.73903062143401,36.266406058293462
-0.078470686794285108,-0.06250304112458073,0.22662571635424364,3.641126245677585e-05,-71622.353007213111,6645.8279490396362,-158.73903062143401,36.266406058293462
0.081164845323037069,0.080987019312212444,0.22622684229738874,4.4437319890914886e-05,-59031.603506547188,21191.147038417166,-126.16948686018104,62.056549577716481
-0.081164845323037069,0.080987019312212444,0.22622684229738874,4.4437319890914886e-05,-59031.603506547188,21191.147038417166,-126.16948686018104,62.056549577716481
0.081164845323037069,-0.080987019312212444,0.22622684229738874,4.4437319890914886e-05,-59031.603506547188,21191.147038417166,-126.16948686018104,62.056549577716481
-0.081164845323037069,-0.080987019312212444,0.22622684229738874,4.4437319890914886e-05,-59031.603506547188,21191.147038417166,-126.16948686018104,62.056549577716481
0.081443657013964221,0.10546162393901942,0.22618556625228814,4.1611595614306836e-05,-30123.806077385765,37365.150005874151,-47.68844221635684,80.872463463928213
-0.081443657013964221,0.10546162393901942,0.22618556625228814,4.1611595614306836e-05,-30123.806077385765,37365.150005874151,-47.68844221635684,80.872463463928213
0.081443657013964221,-0.10546162393901942,0.22618556625228814,4.1611595614306836e-05,-30123.806077385765,37365.150005874151,-47.68844221635684,80.872463463928213
-0.081443657013964221,-0.10546162393901942,0.22618556625228814,4.1611595614306836e-05,-30123.806077385765,37365.150005874151,-47.68844221635684,80.872463463928213
0.083101059813915454,0.12971631557422816,0.22581211133049917,5.0598695866287848e-06,10820.851707366308,32572.162309311097,15.345056336918745,24.525720990063935
-0.083101059813915454,0.12971631557422816,0.22581211133049917,5.0598695866287848e-06,10820.851707366308,32572.162309311097,15.345056336918745,24.525720990063935
0.083101059813915454,-0.12971631557422816,0.22581211133049917,5.0598695866287848e-06,10820.851707366308,32572.162309311097,15.345056336918745,24.525720990063935
-0.083101059813915454,-0.12971631557422816,0.22581211133049917,5.0598695866287848e-06,10820.851707366308,32572.162309311097,15.345056336918745,24.525720990063935
0.083563875447198968,0.06757325838195892,0.22587167411906667,3.2509130113897517e-05,-67809.319415257472,13095.054407766696,-148.73153832271271,49.432889027262355
-0.083563875447198968,0.06757325838195892,0.22587167411906667,3.2509130113897517e-05,-67809.319415257472,13095.054407766696,-148.73153832271271,49.432889027262355
0.083563875447198968,-0.06757325838195892,0.22587167411906667,3.2509130113897517e-05,-67809.319415257472,13095.054407766696,-148.73153832271271,49.432889027262355
-0.083563875447198968,-0.06757325838195892,0.22587167411906667,3.2509130113897517e-05,-67809.319415257472,13095.054407766696,-148.73153832271271,49.432889027262355
0.085437375315887187,0.086500533202843538,0.22559430951000389,3.7971910704696415e-05,-52796.258551926185,27281.544352157802,-104.6568716434476,75.770830113954972
-0.085437375315887187,0.086500533202843538,0.22559430951000389,3.7971910704696415e-05,-52796.258551926185,27281.544352157802,-104.6568716434476,75.770830113954972
0.085437375315887187,-0.086500533202843538,0.22559430951000389,3.7971910704696415e-05,-52796.258551926185,27281.544352157802,-104.6568716434476,75.770830113954972
-0.085437375315887187,-0.086500533202843538,0.22559430951000389,3.7971910704696415e-05,-52796.258551926185,27281.544352157802,-104.6568716434476,75.770830113954972
0.085663873926606154,0.054962029835674234,0.22556077532675992,3.3670841192053054e-05,-73128.954495015205,6733.0541857670205,-167.86742888600625,33.616724323265572
-0.085663873926606154,0.054962029835674234,0.22556077532675992,3.3670841192053054e-05,-73128.954495015205,6733.0541857670205,-167.86742888600625,33.616724323265572
0.085663873926606154,-0.054962029835674234,0.22556077532675992,3.3670841192053054e-05,-73128.954495015205,6733.0541857670205,-167.86742888600625,33.616724323265572
-0.085663873926606154,-0.054962029835674234,0.22556077532675992,3.3670841192053054e-05,-73128.954495015205,6733.0541857670205,-167.86742888600625,33.616724323265572
0.084758288335391313,0.007490637373939661,0.22569483897878595,2.8987451691962864e-05,-81090.026559074031,-9131.9815263594555,-202.90866381275583,-6.0184873882570447
-0.084758288335391313,0.007490637373939661,0.22569483897878595,2.8987451691962864e-05,-81090.026559074031,-9131.9815263594555,-202.90866381275583,-6.0184873882570447
0.084758288335391313,-0.007490637373939661,0.22569483897878595,2.8987451691962864e-05,-81090.026559074031,-9131.9815263594555,-202.90866381275583,-6.0184873882570447
-0.084758288335391313,-0.007490637373939661,0.22569483897878595,2.8987451691962864e-05,-81090.026559074031,-9131.9815263594555,-202.90866381275583,-6.0184873882570447
0.086130693234504063,0.017848390565186639,0.22549165614274649,2.4404291897813597e-05,-80459.877866217576,-6886.5364380309202,-194.90124492466552,2.1323258371881875
-0.086130693234504063,0.017848390565186639,0.22549165614274649,2.4404291897813597e-05,-80459.877866217576,-6886.5364380309202,-194.90124492466552,2.1323258371881875
0.086130693234504063,-0.017848390565186639,0.22549165614274649,2.4404291897813597e-05,-80459.877866217576,-6886.5364380309202,-194.90124492466552,2.1323258371881875
-0.086130693234504063,-0.017848390565186639,0.22549165614274649,2.4404291897813597e-05,-80459.877866217576,-6886.5364380309202,-194.90124492466552,2.1323258371881875
0.085730206612583681,0.027790819818322588,0.22555094725184346,2.5773145927266099e-05,-79496.475783960777,-4977.049825537003,-187.79076790957322,4.9191506058326882
-0.085730206612583681,0.027790819818322588,0.22555094725184346,2.5773145927266099e-05,-79496.475783960777,-4977.049825537003,-187.79076790957322,4.9191506058326882
0.085730206612583681,-0.027790819818322588,0.22555094725184346,2.5773145927266099e-05,-79496.475783960777,-4977.049825537003,-187.79076790957322,4.9191506058326882
-0.085730206612583681,-0.027790819818322588,0.22555094725184346,2.5773145927266099e-05,-79496.475783960777,-4977.049825537003,-187.79076790957322,4.9191506058326882
0.085656515928897475,0.037154845208048272,0.22556185707586085,3.0500873492328008e-05,-78070.496176602508,-1673.6995320893684,-185.16937187252699,13.624055477765857
-0.085656515928897475,0.037154845208048272,0.22556185707586085,3.0500873492328008e-05,-78070.496176602508,-1673.6995320893684,-185.16937187252699,13.624055477765857
0.085656515928897475,-0.037154845208048272,0.22556185707586085,3.0500873492328008e-05,-78070.496176602508,-1673.6995320893684,-185.16937187252699,13.624055477765857
-0.085656515928897475,-0.037154845208048272,0.22556185707586085,3.0500873492328008e-05,-78070.496176602508,-1673.6995320893684,-185.16937187252699,13.624055477765857
0.085268994446112203,0.044095378838673156,0.2256192293327117,3.2032956796655903e-05,-76580.798957444495,893.74584864563587,-180.68578612223362,18.593580480390624
-0.085268994446112203,0.044095378838673156,0.2256192293327117,3.2032956796655903e-05,-76580.798957444495,893.74584864563587,-180.68578612223362,18.593580480390624
0.085268994446112203,-0.044095378838673156,0.2256192293327117,3.2032956796655903e-05,-76580.798957444495,893.74584864563587,-180.68578612223362,18.593580480390624
-0.085268994446112203,-0.044095378838673156,0.2256192293327117,3.2032956796655903e-05,-76580.798957444495,893.74584864563587,-180.68578612223362,18.593580480390624
0.085883763086245457,0.11117789425178909,0.22552822448872306,4.7341258257098805e-05,-19471.829474412953,39964.193198595713,-20.642920948210751,70.433023684905493
-0.085883763086245457,0.11117789425178909,0.22552822448872306,4.7341258257098805e-05,-19471.829474412953,39964.193198595713,-20.642920948210751,70.433023684905493
0.085883763086245457,-0.11117789425178909,0.22552822448872306,4.7341258257098805e-05,-19471.829474412953,39964.193198595713,-20.642920948210751,70.433023684905493
-0.085883763086245457,-0.11117789425178909,0.22552822448872306,4.7341258257098805e-05,-19471.829474412953,39964.193198595713,-20.642920948210751,70.433023684905493
0.086487888305992605,0.062605774430135486,0.22543878454339844,3.7417685927453974e-05,-69622.565561889627,11773.143351393508,-157.61801002134879,44.634574191353089
-0.086487888305992605,0.062605774430135486,0.22543878454339844,3.7417685927453974e-05,-69622.565561889627,11773.143351393508,-157.61801002134879,44.634574191353089
0.086487888305992605,-0.062605774430135486,0.22543878454339844,3.7417685927453974e-05,-69622.565561889627,11773.143351393508,-157.61801002134879,44.634574191353089
-0.086487888305992605,-0.062605774430135486,0.22543878454339844,3.7417685927453974e-05,-69622.565561889627,11773.143351393508,-157.61801002134879,44.634574191353089
0.088309663240518532,0.073189836790631457,0.22516907159459187,3.9176497185703522e-05,-62952.700371734434,19711.845647390353,-134.3312768890631,62.453282034752498
-0.088309663240518532,0.073189836790631457,0.22516907159459187,3.9176497185703522e-05,-62952.700371734434,19711.845647390353,-134.3312768890631,62.453282034752498
0.088309663240518532,-0.073189836790631457,0.22516907159459187,3.9176497185703522e-05,-62952.700371734434,19711.845647390353,-134.3312768890631,62.453282034752498
-0.088309663240518532,-0.073189836790631457,0.22516907159459187,3.9176497185703522e-05,-62952.700371734434,19711.845647390353,-134.3312768890631,62.453282034752498
0.089791610836982727,0.092857144773006439,0.2249496728181839,4.305847929442333e-05,-44492.858069487171,33156.29948116294,-83.867316188208221,80.426082696766457
-0.089791610836982727,0.092857144773006439,0.2249496728181839,4.305847929442333e-05,-44492.858069487171,33156.29948116294,-83.867316188208221,80.426082696766457
0.089791610836982727,-0.092857144773006439,0.2249496728181839,4.305847929442333e-05,-44492.858069487171,33156.29948116294,-83.867316188208221,80.426082696766457
-0.089791610836982727,-0.092857144773006439,0.2249496728181839,4.305847929442333e-05,-44492.858069487171,33156.29948116294,-83.867316188208221,80.426082696766457
0.090618739847800736,0.11783118314317256,0.22472602522947799,3.1712184586784318e-05,-6798.1628303304087,40077.431202819134,1.3137932148625739,53.722280744763175
-0.090618739847800736,0.11783118314317256,0.22472602522947799,3.1712184586784318e-05,-6798.1628303304087,40077.431202819134,1.3137932148625739,53.722280744763175
0.090618739847800736,-0.11783118314317256,0.22472602522947799,3.1712184586784318e-05,-6798.1628303304087,40077.431202819134,1.3137932148625739,53.722280744763175
-0.090618739847800736,-0.11783118314317256,0.22472602522947799,3.1712184586784318e-05,-6798.1628303304087,40077.431202819134,1.3137932148625739,53.722280744763175
0.092506485258740626,0.099887600293710646,0.22454263742331457,3.3782030633424592e-05,-34741.462819004315,37767.922665674159,-57.448591023879644,81.80944867065341
-0.092506485258740626,0.099887600293710646,0.22454263742331457,3.3782030633424592e-05,-34741.462819004315,37767.922665674159,-57.448591023879644,81.80944867065341
0.092506485258740626,-0.099887600293710646,0.22454263742331457,3.3782030633424592e-05,-34741.462819004315,37767.922665674159,-57.448591023879644,81.80944867065341
-0.092506485258740626,-0.099887600293710646,0.22454263742331457,3.3782030633424592e-05,-34741.462819004315,37767.922665674159,-57.448591023879644,81.80944867065341
0.093803999828906845,0.069040917743759408,0.22435564781370201,3.4351985426879884e-05,-63943.878230198192,20442.46643122286,-139.03948925798215,60.804970541146979
-0.093803999828906845,0.069040917743759408,0.22435564781370201,3.4351985426879884e-05,-63943.878230198192,20442.46643122286,-139.03948925798215,60.804970541146979
0.093803999828906845,-0.069040917743759408,0.22435564781370201,3.4351985426879884e-05,-63943.878230198192,20442.46643122286,-139.03948925798215,60.804970541146979
-0.093803999828906845,-0.069040917743759408,0.22435564781370201,3.4351985426879884e-05,-63943.878230198192,20442.46643122286,-139.03948925798215,60.804970541146979
0.093342754712671575,0.079153155594472654,0.22442392936679051,3.4582910889973524e-05,-56790.19857125303,26453.73574493733,-118.79711769880184,71.893645044893063
-0.093342754712671575,0.079153155594472654,0.22442392936679051,3.4582910889973524e-05,-56790.19857125303,26453.73574493733,-118.79711769880184,71.893645044893063
0.093342754712671575,-0.079153155594472654,0.22442392936679051,3.4582910889973524e-05,-56790.19857125303,26453.73574493733,-118.79711769880184,71.893645044893063
-0.093342754712671575,-0.079153155594472654,0.22442392936679051,3.4582910889973524e-05,-56790.19857125303,26453.73574493733,-118.79711769880184,71.893645044893063
0.093229863301755353,0.062686317854704868,0.22444064986388992,3.7709149371505732e-05,-67799.617662695746,16313.832825979645,-149.69154516724646,53.252788238895484
-0.093229863301755353,0.062686317854704868,0.22444064986388992,3.7709149371505732e-05,-67799.617662695746,16313.832825979645,-149.69154516724646,53.252788238895484
0.093229863301755353,-0.062686317854704868,0.22444064986388992,3.7709149371505732e-05,-67799.617662695746,16313.832825979645,-149.69154516724646,53.252788238895484
-0.093229863301755353,-0.062686317854704868,0.22444064986388992,3.7709149371505732e-05,-67799.617662695746,16313.832825979645,-149.69154516724646,53.252788238895484
0.093686219313440844,0.12340329980194575,0.22406143162933631,4.0280562032894787e-05,3337.1264707883079,37574.960036135162,12.326682139177676,37.829413400303423
-0.093686219313440844,0.12340329980194575,0.22406143162933631,4.0280562032894787e-05,3337.1264707883079,37574.960036135162,12.326682139177676,37.829413400303423
0.093686219313440844,-0.12340329980194575,0.22406143162933631,4.0280562032894787e-05,3337.1264707883079,37574.960036135162,12.326682139177676,37.829413400303423
-0.093686219313440844,-0.12340329980194575,0.22406143162933631,4.0280562032894787e-05,3337.1264707883079,37574.960036135162,12.326682139177676,37.829413400303423
0.095326689436666862,0,0.224019733692363,1.5472836950481674e-05,-79682.056720299719,-2681.4186420375981,-159.78336636967859,9.6337274431128694
-0.095326689436666862,0,0.224019733692363,1.5472836950481674e-05,-79682.056720299719,-2681.4186420375981,-159.78336636967859,9.6337274431128694
0.095326689436666862,-0,0.224019733692363,1.5472836950481674e-05,-79682.056720299719,-2681.4186420375981,-159.78336636967859,9.6337274431128694
-0.095326689436666862,-0,0.224019733692363,1.5472836950481674e-05,-79682.056720299719,-2681.4186420375981,-159.78336636967859,9.6337274431128694
0.094959935611541299,0.0092993629717734779,0.22418450742823995,2.7947702322853071e-05,-79518.784183994678,-819.08763409509947,-188.86233231540848,14.208910745072391
-0.094959935611541299,0.0092993629717734779,0.22418450742823995,2.7947702322853071e-05,-79518.784183994678,-819.08763409509947,-188.86233231540848,14.208910745072391
0.094959935611541299,-0.0092993629717734779,0.22418450742823995,2.7947702322853071e-05,-79518.784183994678,-819.08763409509947,-188.86233231540848,14.208910745072391
-0.094959935611541299,-0.0092993629717734779,0.22418450742823995,2.7947702322853071e-05,-79518.784183994678,-819.08763409509947,-188.86233231540848,14.208910745072391
0.094629838905536501,0.02093014439191004,0.22423337747467101,2.4247306481473575e-05,-78839.662821462975,591.82079106960884,-183.93357729761487,19.972308447306006
-0.094629838905536501,0.02093014439191004,0.22423337747467101,2.4247306481473575e-05,-78839.662821462975,591.82079106960884,-183.93357729761487,19.972308447306006
0.094629838905536501,-0.02093014439191004,0.22423337747467101,2.4247306481473575e-05,-78839.662821462975,591.82079106960884,-183.93357729761487,19.972308447306006
-0.094629838905536501,-0.02093014439191004,0.22423337747467101,2.4247306481473575e-05,-78839.662821462975,591.82079106960884,-183.93357729761487,19.972308447306006
0.095544984813515227,0.032124134853735324,0.22409789226018517,3.7035909476408938e-05,-77137.541156265652,4435.4988279080007,-180.63743732491275,27.338172784482374
-0.095544984813515227,0.032124134853735324,0.22409789226018517,3.7035909476408938e-05,-77137.541156265652,4435.4988279080007,-180.63743732491275,27.338172784482374
0.095544984813515227,-0.032124134853735324,0.22409789226018517,3.7035909476408938e-05,-77137.541156265652,4435.4988279080007,-180.63743732491275,27.338172784482374
-0.095544984813515227,-0.032124134853735324,0.22409789226018517,3.7035909476408938e-05,-77137.541156265652,4435.4988279080007,-180.63743732491275,27.338172784482374
0.095497780650607281,0.040440101840922706,0.22410488072626522,3.5970381251902569e-05,-75389.137193504532,7212.4279303355097,-173.93841072754802,32.335693598995547
-0.095497780650607281,0.040440101840922706,0.22410488072626522,3.5970381251902569e-05,-75389.137193504532,7212.4279303355097,-173.93841072754802,32.335693598995547
0.095497780650607281,-0.040440101840922706,0.22410488072626522,3.5970381251902569e-05,-75389.137193504532,7212.4279303355097,-173.93841072754802,32.335693598995547
-0.095497780650607281,-0.040440101840922706,0.22410488072626522,3.5970381251902569e-05,-75389.137193504532,7212.4279303355097,-173.93841072754802,32.335693598995547
0.094725802739355908,0.046982291022945752,0.22421917025318364,3.5240586599337296e-05,-73767.89707692973,9316.8272636903293,-168.13391858128702,38.115148643261662
-0.094725802739355908,0.046982291022945752,0.22421917025318364,3.5240586599337296e-05,-73767.89707692973,9316.8272636903293,-168.13391858128702,38.115148643261662
0.094725802739355908,-0.046982291022945752,0.22421917025318364,3.5240586599337296e-05,-73767.89707692973,9316.8272636903293,-168.13391858128702,38.115148643261662
-0.094725802739355908,-0.046982291022945752,0.22421917025318364,3.5240586599337296e-05,-73767.89707692973,9316.8272636903293,-168.13391858128702,38.115148643261662
0.094983816615278618,0.054693305848491462,0.22418097254343949,4.0192767859577765e-05,-70948.216578962965,13350.425286460539,-160.37840334517188,47.065796199969022
-0.094983816615278618,0.054693305848491462,0.22418097254343949,4.0192767859577765e-05,-70948.216578962965,13350.425286460539,-160.37840334517188,47.065796199969022
0.094983816615278618,-0.054693305848491462,0.22418097254343949,4.0192767859577765e-05,-70948.216578962965,13350.425286460539,-160.37840334517188,47.065796199969022
-0.094983816615278618,-0.054693305848491462,0.22418097254343949,4.0192767859577765e-05,-70948.216578962965,13350.425286460539,-160.37840334517188,47.065796199969022
0.095859348773956299,0.10523809492588043,0.22402399778366089,3.5175554128051361e-05,-25767.383512822034,40828.41253226791,-33.02154061276012,80.340758414121737
-0.095859348773956299,0.10523809492588043,0.22402399778366089,3.5175554128051361e-05,-25767.383512822034,40828.41253226791,-33.02154061276012,80.340758414121737
0.095859348773956299,-0.10523809492588043,0.22402399778366089,3.5175554128051361e-05,-25767.383512822034,40828.41253226791,-33.02154061276012,80.340758414121737
-0.095859348773956299,-0.10523809492588043,0.22402399778366089,3.5175554128051361e-05,-25767.383512822034,40828.41253226791,-33.02154061276012,80.340758414121737
0.098125623102900808,0.086429442034459306,0.22371583912062742,3.8970734214261771e-05,-48430.160785800865,33478.203614471677,-94.777421241774405,84.600609984020622
-0.098125623102900808,0.086429442034459306,0.22371583912062742,3.8970734214261771e-05,-48430.160785800865,33478.203614471677,-94.777421241774405,84.600609984020622
0.098125623102900808,-0.086429442034459306,0.22371583912062742,3.8970734214261771e-05,-48430.160785800865,33478.203614471677,-94.777421241774405,84.600609984020622
-0.098125623102900808,-0.086429442034459306,0.22371583912062742,3.8970734214261771e-05,-48430.160785800865,33478.203614471677,-94.777421241774405,84.600609984020622
0.098474130034446716,0.12999999523162842,0.22289399802684784,2.6072475623796807e-05,14067.7016128388,31788.188140868471,19.521627624345875,25.932692674685534
-0.098474130034446716,0.12999999523162842,0.22289399802684784,2.6072475623796807e-05,14067.7016128388,31788.188140868471,19.521627624345875,25.932692674685534
0.098474130034446716,-0.12999999523162842,0.22289399802684784,2.6072475623796807e-05,14067.7016128388,31788.188140868471,19.521627624345875,25.932692674685534
-0.098474130034446716,-0.12999999523162842,0.22289399802684784,2.6072475623796807e-05,14067.7016128388,31788.188140868471,19.521627624345875,25.932692674685534
0.098668816040336518,0.073755246094957316,0.22363541814578691,3.4505313617458706e-05,-59245.038948420995,26475.332788564774,-123.33151588125828,73.490971750607912
-0.098668816040336518,0.073755246094957316,0.22363541814578691,3.4505313617458706e-05,-59245.038948420995,26475.332788564774,-123.33151588125828,73.490971750607912
0.098668816040336518,-0.073755246094957316,0.22363541814578691,3.4505313617458706e-05,-59245.038948420995,26475.332788564774,-123.33151588125828,73.490971750607912
-0.098668816040336518,-0.073755246094957316,0.22363541814578691,3.4505313617458706e-05,-59245.038948420995,26475.332788564774,-123.33151588125828,73.490971750607912
0.099497991253269247,0.11132491731534469,0.22340302177645185,3.8311629849760204e-05,-15001.441890474489,42231.032241054636,-13.781633491545524,73.68082445938137
-0.099497991253269247,0.11132491731534469,0.22340302177645185,3.8311629849760204e-05,-15001.441890474489,42231.032241054636,-13.781633491545524,73.68082445938137
0.099497991253269247,-0.11132491731534469,0.22340302177645185,3.8311629849760204e-05,-15001.441890474489,42231.032241054636,-13.781633491545524,73.68082445938137
-0.099497991253269247,-0.11132491731534469,0.22340302177645185,3.8311629849760204e-05,-15001.441890474489,42231.032241054636,-13.781633491545524,73.68082445938137
0.10107821545539618,0.067407561169938748,0.22327871004042585,4.081342672811464e-05,-62635.466316932514,24518.769340804593,-133.36953782027805,68.663539278980224
-0.10107821545539618,0.067407561169938748,0.22327871004042585,4.081342672811464e-05,-62635.466316932514,24518.769340804593,-133.36953782027805,68.663539278980224
0.10107821545539618,-0.067407561169938748,0.22327871004042585,4.081342672811464e-05,-62635.466316932514,24518.769340804593,-133.36953782027805,68.663539278980224
-0.10107821545539618,-0.067407561169938748,0.22327871004042585,4.081342672811464e-05,-62635.466316932514,24518.769340804593,-133.36953782027805,68.663539278980224
0.10086987962551197,0.092669143633910392,0.2233095569388811,3.6782671839779787e-05,-40579.357565259401,37875.518234314724,-75.310334268708431,88.58282254384558
-0.10086987962551197,0.092669143633910392,0.2233095569388811,3.6782671839779787e-05,-40579.357565259401,37875.518234314724,-75.310334268708431,88.58282254384558
0.10086987962551197,-0.092669143633910392,0.2233095569388811,3.6782671839779787e-05,-40579.357565259401,37875.518234314724,-75.310334268708431,88.58282254384558
-0.10086987962551197,-0.092669143633910392,0.2233095569388811,3.6782671839779787e-05,-40579.357565259401,37875.518234314724,-75.310334268708431,88.58282254384558
0.1046350716122382,0.081177336980997772,0.22275212957752602,4.0049177556352124e-05,-51022.607519854304,34096.931809091657,-99.308745890354885,83.817207682540015
-0.1046350716122382,0.081177336980997772,0.22275212957752602,4.0049177556352124e-05,-51022.607519854304,34096.931809091657,-99.308745890354885,83.817207682540015
0.1046350716122382,-0.081177336980997772,0.22275212957752602,4.0049177556352124e-05,-51022.607519854304,34096.931809091657,-99.308745890354885,83.817207682540015
-0.1046350716122382,-0.081177336980997772,0.22275212957752602,4.0049177556352124e-05,-51022.607519854304,34096.931809091657,-99.308745890354885,83.817207682540015
0.10415925361937216,0.11671849372564548,0.22236171513910197,3.9064786413364859e-05,-4955.6714516367047,41701.953818875438,4.7673901980784512,60.31392971978098
-0.10415925361937216,0.11671849372564548,0.22236171513910197,3.9064786413364859e-05,-4955.6714516367047,41701.953818875438,4.7673901980784512,60.31392971978098
0.10415925361937216,-0.11671849372564548,0.22236171513910197,3.9064786413364859e-05,-4955.6714516367047,41701.953818875438,4.7673901980784512,60.31392971978098
-0.10415925361937216,-0.11671849372564548,0.22236171513910197,3.9064786413364859e-05,-4955.6714516367047,41701.953818875438,4.7673901980784512,60.31392971978098
0.10513848301103033,0.097937298200056699,0.22263286430855009,2.5793318114224417e-05,-32558.545229605548,41508.272493849217,-53.166882518549897,88.283698033906774
-0.10513848301103033,0.097937298200056699,0.22263286430855009,2.5793318114224417e-05,-32558.545229605548,41508.272493849217,-53.166882518549897,88.283698033906774
0.10513848301103033,-0.097937298200056699,0.22263286430855009,2.5793318114224417e-05,-32558.545229605548,41508.272493849217,-53.166882518549897,88.283698033906774
-0.10513848301103033,-0.097937298200056699,0.22263286430855009,2.5793318114224417e-05,-32558.545229605548,41508.272493849217,-53.166882518549897,88.283698033906774
0.10457534123500924,0.0030818686223522272,0.2227609690810694,1.8926702279863401e-05,-77635.951452071895,7634.7373524138175,-191.11306124873943,36.512209038992424
-0.10457534123500924,0.0030818686223522272,0.2227609690810694,1.8926702279863401e-05,-77635.951452071895,7634.7373524138175,-191.11306124873943,36.512209038992424
0.10457534123500924,-0.0030818686223522272,0.2227609690810694,1.8926702279863401e-05,-77635.951452071895,7634.7373524138175,-191.11306124873943,36.512209038992424
-0.10457534123500924,-0.0030818686223522272,0.2227609690810694,1.8926702279863401e-05,-77635.951452071895,7634.7373524138175,-191.11306124873943,36.512209038992424
0.10534200554354632,0.011586129655225402,0.2226474662206237,2.6235917918995037e-05,-77018.421240171636,8977.3904590578768,-180.67301027100729,34.176071998918701
-0.10534200554354632,0.011586129655225402,0.2226474662206237,2.6235917918995037e-05,-77018.421240171636,8977.3904590578768,-180.67301027100729,34.176071998918701
0.10534200554354632,-0.011586129655225402,0.2226474662206237,2.6235917918995037e-05,-77018.421240171636,8977.3904590578768,-180.67301027100729,34.176071998918701
-0.10534200554354632,-0.011586129655225402,0.2226474662206237,2.6235917918995037e-05,-77018.421240171636,8977.3904590578768,-180.67301027100729,34.176071998918701
0.10566721127448114,0.022617679076703562,0.22259932027162957,3.186999526943716e-05,-75988.085749308142,11076.614048274005,-174.28129598479978,41.076619647721273
-0.10566721127448114,0.022617679076703562,0.22259932027162957,3.186999526943716e-05,-75988.085749308142,11076.614048274005,-174.28129598479978,41.076619647721273
0.10566721127448114,-0.022617679076703562,0.22259932027162957,3.186999526943716e-05,-75988.085749308142,11076.614048274005,-174.28129598479978,41.076619647721273
-0.10566721127448114,-0.022617679076703562,0.22259932027162957,3.186999526943716e-05,-75988.085749308142,11076.614048274005,-174.28129598479978,41.076619647721273
0.10528389102231965,0.033590014966466478,0.22265606993977327,2.82323808386104e-05,-74336.215224080835,13467.891146935403,-167.97299902948035,45.775857282036789
-0.10528389102231965,0.033590014966466478,0.22265606993977327,2.82323808386104e-05,-74336.215224080835,13467.891146935403,-167.97299902948035,45.775857282036789
0.10528389102231965,-0.033590014966466478,0.22265606993977327,2.82323808386104e-05,-74336.215224080835,13467.891146935403,-167.97299902948035,45.775857282036789
-0.10528389102231965,-0.033590014966466478,0.22265606993977327,2.82323808386104e-05,-74336.215224080835,13467.891146935403,-167.97299902948035,45.775857282036789
0.10481096950883111,0.043151609717315888,0.22272608486540571,2.9488641361583393e-05,-72109.818826567251,16125.592250427313,-160.99775174139955,50.741402037838853
-0.10481096950883111,0.043151609717315888,0.22272608486540571,2.9488641361583393e-05,-72109.818826567251,16125.592250427313,-160.99775174139955,50.741402037838853
0.10481096950883111,-0.043151609717315888,0.22272608486540571,2.9488641361583393e-05,-72109.818826567251,16125.592250427313,-160.99775174139955,50.741402037838853
-0.10481096950883111,-0.043151609717315888,0.22272608486540571,2.9488641361583393e-05,-72109.818826567251,16125.592250427313,-160.99775174139955,50.741402037838853
0.10548210472571155,0.050152266235148124,0.22262672486388543,3.9674200007551706e-05,-69517.929660083551,19544.110528255722,-153.12959656307513,56.94645014318958
-0.10548210472571155,0.050152266235148124,0.22262672486388543,3.9674200007551706e-05,-69517.929660083551,19544.110528255722,-153.12959656307513,56.94645014318958
0.10548210472571155,-0.050152266235148124,0.22262672486388543,3.9674200007551706e-05,-69517.929660083551,19544.110528255722,-153.12959656307513,56.94645014318958
-0.10548210472571155,-0.050152266235148124,0.22262672486388543,3.9674200007551706e-05,-69517.929660083551,19544.110528255722,-153.12959656307513,56.94645014318958
0.10513157895301656,0.056600147922844971,0.22267861938593086,2.7485662518318444e-05,-66956.574651314731,22339.702054827358,-146.95551745180839,65.801642509044086
-0.10513157895301656,0.056600147922844971,0.22267861938593086,2.7485662518318444e-05,-66956.574651314731,22339.702054827358,-146.95551745180839,65.801642509044086
0.10513157895301656,-0.056600147922844971,0.22267861938593086,2.7485662518318444e-05,-66956.574651314731,22339.702054827358,-146.95551745180839,65.801642509044086
-0.10513157895301656,-0.056600147922844971,0.22267861938593086,2.7485662518318444e-05,-66956.574651314731,22339.702054827358,-146.95551745180839,65.801642509044086
0.10477708974872034,0.073863315147426584,0.22273110272621746,3.092473232062648e-05,-56858.892229587007,30435.803971265519,-118.10414235129272,77.641036075935787
-0.10477708974872034,0.073863315147426584,0.22273110272621746,3.092473232062648e-05,-56858.892229587007,30435.803971265519,-118.10414235129272,77.641036075935787
0.10477708974872034,-0.073863315147426584,0.22273110272621746,3.092473232062648e-05,-56858.892229587007,30435.803971265519,-118.10414235129272,77.641036075935787
-0.10477708974872034,-0.073863315147426584,0.22273110272621746,3.092473232062648e-05,-56858.892229587007,30435.803971265519,-118.10414235129272,77.641036075935787
0.10879121372866292,0.12415583896393187,0.22102928383113729,3.5311986594444712e-05,7797.4683237848749,37212.483612034863,18.628131086993186,39.894971301195966
-0.10879121372866292,0.12415583896393187,0.22102928383113729,3.5311986594444712e-05,7797.4683237848749,37212.483612034863,18.628131086993186,39.894971301195966
0.10879121372866292,-0.12415583896393187,0.22102928383113729,3.5311986594444712e-05,7797.4683237848749,37212.483612034863,18.628131086993186,39.894971301195966
-0.10879121372866292,-0.12415583896393187,0.22102928383113729,3.5311986594444712e-05,7797.4683237848749,37212.483612034863,18.628131086993186,39.894971301195966
0.10941299136713885,0.10605559757208741,0.2218083610131818,3.1154448257231816e-05,-19827.451031877696,44194.109730472235,-22.786146376227499,81.842841386461856
-0.10941299136713885,0.10605559757208741,0.2218083610131818,3.1154448257231816e-05,-19827.451031877696,44194.109730472235,-22.786146376227499,81.842841386461856
0.10941299136713885,-0.10605559757208741,0.2218083610131818,3.1154448257231816e-05,-19827.451031877696,44194.109730472235,-22.786146376227499,81.842841386461856
-0.10941299136713885,-0.10605559757208741,0.2218083610131818,3.1154448257231816e-05,-19827.451031877696,44194.109730472235,-22.786146376227499,81.842841386461856
0.10968854321216029,0.086688418053351798,0.22200084037887649,3.2675395072739573e-05,-43608.849485260907,39392.047972812616,-79.279976783623042,89.159127366485279
-0.10968854321216029,0.086688418053351798,0.22200084037887649,3.2675395072739573e-05,-43608.849485260907,39392.047972812616,-79.279976783623042,89.159127366485279
0.10968854321216029,-0.086688418053351798,0.22200084037887649,3.2675395072739573e-05,-43608.849485260907,39392.047972812616,-79.279976783623042,89.159127366485279
-0.10968854321216029,-0.086688418053351798,0.22200084037887649,3.2675395072739573e-05,-43608.849485260907,39392.047972812616,-79.279976783623042,89.159127366485279
0.11302378479689119,0.071889060319101514,0.2215101980312254,2.8820966678953863e-05,-54849.920274119344,35012.837101285331,-110.43418719759381,84.098690390779197
-0.11302378479689119,0.071889060319101514,0.2215101980312254,2.8820966678953863e-05,-54849.920274119344,35012.837101285331,-110.43418719759381,84.098690390779197
0.11302378479689119,-0.071889060319101514,0.2215101980312254,2.8820966678953863e-05,-54849.920274119344,35012.837101285331,-110.43418719759381,84.098690390779197
-0.11302378479689119,-0.071889060319101514,0.2215101980312254,2.8820966678953863e-05,-54849.920274119344,35012.837101285331,-110.43418719759381,84.098690390779197
0.11372945625681656,0.081915567378330598,0.22139560550696083,3.1312524199151853e-05,-46412.363241767343,39613.102374204565,-86.337525526158117,90.248145435213701
-0.11372945625681656,0.081915567378330598,0.22139560550696083,3.1312524199151853e-05,-46412.363241767343,39613.102374204565,-86.337525526158117,90.248145435213701
0.11372945625681656,-0.081915567378330598,0.22139560550696083,3.1312524199151853e-05,-46412.363241767343,39613.102374204565,-86.337525526158117,90.248145435213701
-0.11372945625681656,-0.081915567378330598,0.22139560550696083,3.1312524199151853e-05,-46412.363241767343,39613.102374204565,-86.337525526158117,90.248145435213701
0.113061565521587,0.12986000204120512,0.21961431862017983,2.1413413232125648e-05,16337.432665095766,31137.858466839898,24.816440450218554,29.995516111037542
-0.113061565521587,0.12986000204120512,0.21961431862017983,2.1413413232125648e-05,16337.432665095766,31137.858466839898,24.816440450218554,29.995516111037542
0.113061565521587,-0.12986000204120512,0.21961431862017983,2.1413413232125648e-05,16337.432665095766,31137.858466839898,24.816440450218554,29.995516111037542
-0.113061565521587,-0.12986000204120512,0.21961431862017983,2.1413413232125648e-05,16337.432665095766,31137.858466839898,24.816440450218554,29.995516111037542
0.11317398269573055,0.11102621408917929,0.22089152955149005,4.2175826077694993e-05,-11258.541206482589,44435.746294976379,-4.504775154685813,74.960814250870712
-0.11317398269573055,0.11102621408917929,0.22089152955149005,4.2175826077694993e-05,-11258.541206482589,44435.746294976379,-4.504775154685813,74.960814250870712
0.11317398269573055,-0.11102621408917929,0.22089152955149005,4.2175826077694993e-05,-11258.541206482589,44435.746294976379,-4.504775154685813,74.960814250870712
-0.11317398269573055,-0.11102621408917929,0.22089152955149005,4.2175826077694993e-05,-11258.541206482589,44435.746294976379,-4.504775154685813,74.960814250870712
0.11357134700975738,0.092383371861974845,0.22136227081008433,3.7712737043595997e-05,-35797.788297956962,43143.09232927749,-59.803614343147501,91.653174981964227
-0.11357134700975738,0.092383371861974845,0.22136227081008433,3.7712737043595997e-05,-35797.788297956962,43143.09232927749,-59.803614343147501,91.653174981964227
0.11357134700975738,-0.092383371861974845,0.22136227081008433,3.7712737043595997e-05,-35797.788297956962,43143.09232927749,-59.803614343147501,91.653174981964227
-0.11357134700975738,-0.092383371861974845,0.22136227081008433,3.7712737043595997e-05,-35797.788297956962,43143.09232927749,-59.803614343147501,91.653174981964227
0.1134781589359319,0.0049418628977155026,0.22144292771168608,2.4889791465840822e-05,-74838.991084719295,16434.39721833729,-174.57259832122321,57.563792292324543
-0.1134781589359319,0.0049418628977155026,0.22144292771168608,2.4889791465840822e-05,-74838.991084719295,16434.39721833729,-174.57259832122321,57.563792292324543
0.1134781589359319,-0.0049418628977155026,0.22144292771168608,2.4889791465840822e-05,-74838.991084719295,16434.39721833729,-174.57259832122321,57.563792292324543
-0.1134781589359319,-0.0049418628977155026,0.22144292771168608,2.4889791465840822e-05,-74838.991084719295,16434.39721833729,-174.57259832122321,57.563792292324543
0.11457854172008626,0.015473454751081884,0.22128001861027627,2.3559505678579315e-05,-73696.14704777232,18405.536153057732,-165.01570679099322,54.245848505459307
-0.11457854172008626,0.015473454751081884,0.22128001861027627,2.3559505678579315e-05,-73696.14704777232,18405.536153057732,-165.01570679099322,54.245848505459307
0.11457854172008626,-0.015473454751081884,0.22128001861027627,2.3559505678579315e-05,-73696.14704777232,18405.536153057732,-165.01570679099322,54.245848505459307
-0.11457854172008626,-0.015473454751081884,0.22128001861027627,2.3559505678579315e-05,-73696.14704777232,18405.536153057732,-165.01570679099322,54.245848505459307
0.11483270758566555,0.025665465326188876,0.22124238994744475,2.3016617784378217e-05,-72372.472533982203,20390.682198263086,-160.74435364621709,59.777887809083765
-0.11483270758566555,0.025665465326188876,0.22124238994744475,2.3016617784378217e-05,-72372.472533982203,20390.682198263086,-160.74435364621709,59.777887809083765
0.11483270758566555,-0.025665465326188876,0.22124238994744475,2.3016617784378217e-05,-72372.472533982203,20390.682198263086,-160.74435364621709,59.777887809083765
-0.11483270758566555,-0.025665465326188876,0.22124238994744475,2.3016617784378217e-05,-72372.472533982203,20390.682198263086,-160.74435364621709,59.777887809083765
0.11439871015676335,0.035500217743046229,0.22130664225325572,2.2533503381894683e-05,-70631.348478471278,22298.730070710026,-153.9784656620113,61.419630869599501
-0.11439871015676335,0.035500217743046229,0.22130664225325572,2.2533503381894683e-05,-70631.348478471278,22298.730070710026,-153.9784656620113,61.419630869599501
0.11439871015676335,-0.035500217743046229,0.22130664225325572,2.2533503381894683e-05,-70631.348478471278,22298.730070710026,-153.9784656620113,61.419630869599501
-0.11439871015676335,-0.035500217743046229,0.22130664225325572,2.2533503381894683e-05,-70631.348478471278,22298.730070710026,-153.9784656620113,61.419630869599501
0.1137807876637556,0.045937251118134036,0.22139812423527724,3.1876397163212912e-05,-67939.549796041814,25187.069236324856,-145.52514237053754,71.135849552906649
-0.1137807876637556,0.045937251118134036,0.22139812423527724,3.1876397163212912e-05,-67939.549796041814,25187.069236324856,-145.52514237053754,71.135849552906649
0.1137807876637556,-0.045937251118134036,0.22139812423527724,3.1876397163212912e-05,-67939.549796041814,25187.069236324856,-145.52514237053754,71.135849552906649
-0.1137807876637556,-0.045937251118134036,0.22139812423527724,3.1876397163212912e-05,-67939.549796041814,25187.069236324856,-145.52514237053754,71.135849552906649
0.11609118545655644,0.053706080459071208,0.22105607523765172,4.0484440561549184e-05,-63830.641006736085,30059.904569063561,-133.59285457739455,78.354119557382688
-0.11609118545655644,0.053706080459071208,0.22105607523765172,4.0484440561549184e-05,-63830.641006736085,30059.904569063561,-133.59285457739455,78.354119557382688
0.11609118545655644,-0.053706080459071208,0.22105607523765172,4.0484440561549184e-05,-63830.641006736085,30059.904569063561,-133.59285457739455,78.354119557382688
-0.11609118545655644,-0.053706080459071208,0.22105607523765172,4.0484440561549184e-05,-63830.641006736085,30059.904569063561,-133.59285457739455,78.354119557382688
0.11382943621332281,0.060142806579194831,0.22139092193112545,3.5167746444166904e-05,-61670.582051157566,30796.506143105813,-130.98186162300408,79.56562115879818
-0.11382943621332281,0.060142806579194831,0.22139092193112545,3.5167746444166904e-05,-61670.582051157566,30796.506143105813,-130.98186162300408,79.56562115879818
0.11382943621332281,-0.060142806579194831,0.22139092193112545,3.5167746444166904e-05,-61670.582051157566,30796.506143105813,-130.98186162300408,79.56562115879818
-0.11382943621332281,-0.060142806579194831,0.22139092193112545,3.5167746444166904e-05,-61670.582051157566,30796.506143105813,-130.98186162300408,79.56562115879818
0.11321957474482694,0.066071438123859835,0.22148121025033446,3.355940015127865e-05,-58552.446263233054,32765.499477905181,-122.37094721561387,82.043062224365173
-0.11321957474482694,0.066071438123859835,0.22148121025033446,3.355940015127865e-05,-58552.446263233054,32765.499477905181,-122.37094721561387,82.043062224365173
0.11321957474482694,-0.066071438123859835,0.22148121025033446,3.355940015127865e-05,-58552.446263233054,32765.499477905181,-122.37094721561387,82.043062224365173
-0.11321957474482694,-0.066071438123859835,0.22148121025033446,3.355940015127865e-05,-58552.446263233054,32765.499477905181,-122.37094721561387,82.043062224365173
0.11630347386769345,0.098744091147128732,0.22079134296366917,3.6002925864275064e-05,-26968.485854547565,45552.329791175209,-36.983709761693511,91.705142400302208
-0.11630347386769345,0.098744091147128732,0.22079134296366917,3.6002925864275064e-05,-26968.485854547565,45552.329791175209,-36.983709761693511,91.705142400302208
0.11630347386769345,-0.098744091147128732,0.22079134296366917,3.6002925864275064e-05,-26968.485854547565,45552.329791175209,-36.983709761693511,91.705142400302208
-0.11630347386769345,-0.098744091147128732,0.22079134296366917,3.6002925864275064e-05,-26968.485854547565,45552.329791175209,-36.983709761693511,91.705142400302208
0.11819833803113777,0.11758862519768973,0.21941902911599009,3.8515543720368879e-05,76.705396284383809,42202.185774085643,12.54950455012635,59.326478968555683
-0.11819833803113777,0.11758862519768973,0.21941902911599009,3.8515543720368879e-05,76.705396284383809,42202.185774085643,12.54950455012635,59.326478968555683
0.11819833803113777,-0.11758862519768973,0.21941902911599009,3.8515543720368879e-05,76.705396284383809,42202.185774085643,12.54950455012635,59.326478968555683
-0.11819833803113777,-0.11758862519768973,0.21941902911599009,3.8515543720368879e-05,76.705396284383809,42202.185774085643,12.54950455012635,59.326478968555683
0.11810438085168468,0.086541914596776043,0.22070312216854512,3.343110004560283e-05,-39926.978629082907,43445.095416956836,-70.02436422777609,93.372025706025113
-0.11810438085168468,0.086541914596776043,0.22070312216854512,3.343110004560283e-05,-39926.978629082907,43445.095416956836,-70.02436422777609,93.372025706025113
0.11810438085168468,-0.086541914596776043,0.22070312216854512,3.343110004560283e-05,-39926.978629082907,43445.095416956836,-70.02436422777609,93.372025706025113
-0.11810438085168468,-0.086541914596776043,0.22070312216854512,3.343110004560283e-05,-39926.978629082907,43445.095416956836,-70.02436422777609,93.372025706025113
0.12029092745428005,0.080086517965829593,0.22041725636597509,4.4749499839240291e-05,-44751.768474002311,42764.843704045386,-80.576251851821553,95.739927844554657
-0.12029092745428005,0.080086517965829593,0.22041725636597509,4.4749499839240291e-05,-44751.768474002311,42764.843704045386,-80.576251851821553,95.739927844554657
0.12029092745428005,-0.080086517965829593,0.22041725636597509,4.4749499839240291e-05,-44751.768474002311,42764.843704045386,-80.576251851821553,95.739927844554657
-0.12029092745428005,-0.080086517965829593,0.22041725636597509,4.4749499839240291e-05,-44751.768474002311,42764.843704045386,-80.576251851821553,95.739927844554657
0.1214726107606999,0.10532108163146872,0.21955005543047204,3.5889056476046965e-05,-16422.201860391415,46661.255055417292,-17.322435070517599,85.844893329533676
-0.1214726107606999,0.10532108163146872,0.21955005543047204,3.5889056476046965e-05,-16422.201860391415,46661.255055417292,-17.322435070517599,85.844893329533676
0.1214726107606999,-0.10532108163146872,0.21955005543047204,3.5889056476046965e-05,-16422.201860391415,46661.255055417292,-17.322435070517599,85.844893329533676
-0.1214726107606999,-0.10532108163146872,0.21955005543047204,3.5889056476046965e-05,-16422.201860391415,46661.255055417292,-17.322435070517599,85.844893329533676
0.12166193980997039,0.12338987890167338,0.21812865634186634,4.3204641664852357e-05,9314.6436374404457,37712.443572382792,23.307012170535867,44.38470302733765
-0.12166193980997039,0.12338987890167338,0.21812865634186634,4.3204641664852357e-05,9314.6436374404457,37712.443572382792,23.307012170535867,44.38470302733765
0.12166193980997039,-0.12338987890167338,0.21812865634186634,4.3204641664852357e-05,9314.6436374404457,37712.443572382792,23.307012170535867,44.38470302733765
-0.12166193980997039,-0.12338987890167338,0.21812865634186634,4.3204641664852357e-05,9314.6436374404457,37712.443572382792,23.307012170535867,44.38470302733765
0.1237721650598349,0.0072456522039222012,0.21991892414519912,2.8845818189301557e-05,-69962.323274381692,27012.930606396414,-158.13835756195397,76.040242695923695
-0.1237721650598349,0.0072456522039222012,0.21991892414519912,2.8845818189301557e-05,-69962.323274381692,27012.930606396414,-158.13835756195397,76.040242695923695
0.1237721650598349,-0.0072456522039222012,0.21991892414519912,2.8845818189301557e-05,-69962.323274381692,27012.930606396414,-158.13835756195397,76.040242695923695
-0.1237721650598349,-0.0072456522039222012,0.21991892414519912,2.8845818189301557e-05,-69962.323274381692,27012.930606396414,-158.13835756195397,76.040242695923695
0.12368681503993839,0.018123475184414244,0.21993156001632222,2.6264201411169624e-05,-69166.968389212809,27764.991428112804,-150.07466264658919,71.498951138075526
-0.12368681503993839,0.018123475184414244,0.21993156001632222,2.6264201411169624e-05,-69166.968389212809,27764.991428112804,-150.07466264658919,71.498951138075526
0.12368681503993839,-0.018123475184414244,0.21993156001632222,2.6264201411169624e-05,-69166.968389212809,27764.991428112804,-150.07466264658919,71.498951138075526
-0.12368681503993839,-0.018123475184414244,0.21993156001632222,2.6264201411169624e-05,-69166.968389212809,27764.991428112804,-150.07466264658919,71.498951138075526
0.12373379201385921,0.028108177436969257,0.21992460518504114,2.4701396793510673e-05,-67736.932769385268,29444.488682574545,-142.22429637312175,75.641178473315193
-0.12373379201385921,0.028108177436969257,0.21992460518504114,2.4701396793510673e-05,-67736.932769385268,29444.488682574545,-142.22429637312175,75.641178473315193
0.12373379201385921,-0.028108177436969257,0.21992460518504114,2.4701396793510673e-05,-67736.932769385268,29444.488682574545,-142.22429637312175,75.641178473315193
-0.12373379201385921,-0.028108177436969257,0.21992460518504114,2.4701396793510673e-05,-67736.932769385268,29444.488682574545,-142.22429637312175,75.641178473315193
0.12360923401176441,0.039020390447696111,0.21994304570636414,2.6931766945730973e-05,-65248.071449977637,31885.251596020149,-135.97537417888776,79.732970687708686
-0.12360923401176441,0.039020390447696111,0.21994304570636414,2.6931766945730973e-05,-65248.071449977637,31885.251596020149,-135.97537417888776,79.732970687708686
0.12360923401176441,-0.039020390447696111,0.21994304570636414,2.6931766945730973e-05,-65248.071449977637,31885.251596020149,-135.97537417888776,79.732970687708686
-0.12360923401176441,-0.039020390447696111,0.21994304570636414,2.6931766945730973e-05,-65248.071449977637,31885.251596020149,-135.97537417888776,79.732970687708686
0.12480860849724892,0.050212611181214638,0.2197654796672778,2.6256728916207782e-05,-60659.876562182224,36234.713188140071,-125.07448832281899,89.445999505150183
-0.12480860849724892,0.050212611181214638,0.2197654796672778,2.6256728916207782e-05,-60659.876562182224,36234.713188140071,-125.07448832281899,89.445999505150183
0.12480860849724892,-0.050212611181214638,0.2197654796672778,2.6256728916207782e-05,-60659.876562182224,36234.713188140071,-125.07448832281899,89.445999505150183
-0.12480860849724892,-0.050212611181214638,0.2197654796672778,2.6256728916207782e-05,-60659.876562182224,36234.713188140071,-125.07448832281899,89.445999505150183
0.12336501239135939,0.056349956635429452,0.21997920214692096,3.5792128203761889e-05,-58883.245658766573,36730.721612353125,-117.29218368427749,86.601621894964381
-0.12336501239135939,0.056349956635429452,0.21997920214692096,3.5792128203761889e-05,-58883.245658766573,36730.721612353125,-117.29218368427749,86.601621894964381
0.12336501239135939,-0.056349956635429452,0.21997920214692096,3.5792128203761889e-05,-58883.245658766573,36730.721612353125,-117.29218368427749,86.601621894964381
-0.12336501239135939,-0.056349956635429452,0.21997920214692096,3.5792128203761889e-05,-58883.245658766573,36730.721612353125,-117.29218368427749,86.601621894964381
0.12356203920521201,0.062885613264361359,0.21995003278725761,3.5885377349877412e-05,-55303.549605876695,39074.536791695027,-106.36116419799654,90.719270918034439
-0.12356203920521201,0.062885613264361359,0.21995003278725761,3.5885377349877412e-05,-55303.549605876695,39074.536791695027,-106.36116419799654,90.719270918034439
0.12356203920521201,-0.062885613264361359,0.21995003278725761,3.5885377349877412e-05,-55303.549605876695,39074.536791695027,-106.36116419799654,90.719270918034439
-0.12356203920521201,-0.062885613264361359,0.21995003278725761,3.5885377349877412e-05,-55303.549605876695,39074.536791695027,-106.36116419799654,90.719270918034439
0.12376058962059584,0.069282210631171431,0.21992063786194571,2.8163710426280271e-05,-51095.448737885265,41376.721813274722,-97.806292125515725,94.138591922095898
-0.12376058962059584,0.069282210631171431,0.21992063786194571,2.8163710426280271e-05,-51095.448737885265,41376.721813274722,-97.806292125515725,94.138591922095898
0.12376058962059584,-0.069282210631171431,0.21992063786194571,2.8163710426280271e-05,-51095.448737885265,41376.721813274722,-97.806292125515725,94.138591922095898
-0.12376058962059584,-0.069282210631171431,0.21992063786194571,2.8163710426280271e-05,-51095.448737885265,41376.721813274722,-97.806292125515725,94.138591922095898
0.12421760503890578,0.092618766662144816,0.21955931794796296,3.2859202132495575e-05,-30428.877522266077,47373.428357266406,-46.058286956246583,97.629295180282654
-0.12421760503890578,0.092618766662144816,0.21955931794796296,3.2859202132495575e-05,-30428.877522266077,47373.428357266406,-46.058286956246583,97.629295180282654
0.12421760503890578,-0.092618766662144816,0.21955931794796296,3.2859202132495575e-05,-30428.877522266077,47373.428357266406,-46.058286956246583,97.629295180282654
-0.12421760503890578,-0.092618766662144816,0.21955931794796296,3.2859202132495575e-05,-30428.877522266077,47373.428357266406,-46.058286956246583,97.629295180282654
0.1265893118661047,0.11204900714894923,0.21794233527492821,3.2601517547411836e-05,-5522.0167095601337,45425.834155716802,5.1298220574349616,73.144726462950203
-0.1265893118661047,0.11204900714894923,0.21794233527492821,3.2601517547411836e-05,-5522.0167095601337,45425.834155716802,5.1298220574349616,73.144726462950203
0.1265893118661047,-0.11204900714894923,0.21794233527492821,3.2601517547411836e-05,-5522.0167095601337,45425.834155716802,5.1298220574349616,73.144726462950203
-0.1265893118661047,-0.11204900714894923,0.21794233527492821,3.2601517547411836e-05,-5522.0167095601337,45425.834155716802,5.1298220574349616,73.144726462950203
0.12492852683676382,0.086473537676640455,0.21961361222121173,4.1654233737444186e-05,-36437.870179020822,46660.114395225697,-58.951734546739424,97.16266387628211
-0.12492852683676382,0.086473537676640455,0.21961361222121173,4.1654233737444186e-05,-36437.870179020822,46660.114395225697,-58.951734546739424,97.16266387628211
0.12492852683676382,-0.086473537676640455,0.21961361222121173,4.1654233737444186e-05,-36437.870179020822,46660.114395225697,-58.951734546739424,97.16266387628211
-0.12492852683676382,-0.086473537676640455,0.21961361222121173,4.1654233737444186e-05,-36437.870179020822,46660.114395225697,-58.951734546739424,97.16266387628211
0.12692388892173767,0.12999999523162842,0.21612511575222015,2.156603797377086e-05,18383.648360190808,29779.662698986675,30.801760345194332,29.870118001133452
-0.12692388892173767,0.12999999523162842,0.21612511575222015,2.156603797377086e-05,18383.648360190808,29779.662698986675,30.801760345194332,29.870118001133452
0.12692388892173767,-0.12999999523162842,0.21612511575222015,2.156603797377086e-05,18383.648360190808,29779.662698986675,30.801760345194332,29.870118001133452
-0.12692388892173767,-0.12999999523162842,0.21612511575222015,2.156603797377086e-05,18383.648360190808,29779.662698986675,30.801760345194332,29.870118001133452
0.1282592560890487,0.098310335662570303,0.21854559195897694,2.8786603956373576e-05,-22137.283161431595,48637.358213427433,-29.792830325816048,94.040530734026774
-0.1282592560890487,0.098310335662570303,0.21854559195897694,2.8786603956373576e-05,-22137.283161431595,48637.358213427433,-29.792830325816048,94.040530734026774
0.1282592560890487,-0.098310335662570303,0.21854559195897694,2.8786603956373576e-05,-22137.283161431595,48637.358213427433,-29.792830325816048,94.040530734026774
-0.1282592560890487,-0.098310335662570303,0.21854559195897694,2.8786603956373576e-05,-22137.283161431595,48637.358213427433,-29.792830325816048,94.040530734026774
0.132265587921432,0.085970057349083584,0.21830649250531453,3.4536705605597506e-05,-32732.314970451636,49474.695452186315,-51.908964467170236,101.5632404185554
-0.132265587921432,0.085970057349083584,0.21830649250531453,3.4536705605597506e-05,-32732.314970451636,49474.695452186315,-51.908964467170236,101.5632404185554
0.132265587921432,-0.085970057349083584,0.21830649250531453,3.4536705605597506e-05,-32732.314970451636,49474.695452186315,-51.908964467170236,101.5632404185554
-0.132265587921432,-0.085970057349083584,0.21830649250531453,3.4536705605597506e-05,-32732.314970451636,49474.695452186315,-51.908964467170236,101.5632404185554
0.13160136525814206,0.092837286860153787,0.21814959359079164,4.9387157625263204e-05,-26368.659562188077,49689.347538228576,-37.41742161438728,100.39431626049428
-0.13160136525814206,0.092837286860153787,0.21814959359079164,4.9387157625263204e-05,-26368.659562188077,49689.347538228576,-37.41742161438728,100.39431626049428
0.13160136525814206,-0.092837286860153787,0.21814959359079164,4.9387157625263204e-05,-26368.659562188077,49689.347538228576,-37.41742161438728,100.39431626049428
-0.13160136525814206,-0.092837286860153787,0.21814959359079164,4.9387157625263204e-05,-26368.659562188077,49689.347538228576,-37.41742161438728,100.39431626049428
0.13338918306448824,0.10491903361966429,0.21696116345345501,3.2411879172123867e-05,-12059.696930585616,48366.318699443967,-7.0711338810063733,88.557077155409942
-0.13338918306448824,0.10491903361966429,0.21696116345345501,3.2411879172123867e-05,-12059.696930585616,48366.318699443967,-7.0711338810063733,88.557077155409942
0.13338918306448824,-0.10491903361966429,0.21696116345345501,3.2411879172123867e-05,-12059.696930585616,48366.318699443967,-7.0711338810063733,88.557077155409942
-0.13338918306448824,-0.10491903361966429,0.21696116345345501,3.2411879172123867e-05,-12059.696930585616,48366.318699443967,-7.0711338810063733,88.557077155409942
0.1327771414032865,0.080528130737691633,0.21841709389633915,2.9974489096624486e-05,-37172.190341694091,49000.29505011977,-62.237032397278774,100.05131116655002
-0.1327771414032865,0.080528130737691633,0.21841709389633915,2.9974489096624486e-05,-37172.190341694091,49000.29505011977,-62.237032397278774,100.05131116655002
0.1327771414032865,-0.080528130737691633,0.21841709389633915,2.9974489096624486e-05,-37172.190341694091,49000.29505011977,-62.237032397278774,100.05131116655002
-0.1327771414032865,-0.080528130737691633,0.21841709389633915,2.9974489096624486e-05,-37172.190341694091,49000.29505011977,-62.237032397278774,100.05131116655002
0.13329889872929729,8.1642588041132784e-05,0.21850849972551753,1.7887958034141879e-05,-66772.947807648015,31973.506429832163,-32.407072274052538,21.431545214746997
-0.13329889872929729,8.1642588041132784e-05,0.21850849972551753,1.7887958034141879e-05,-66772.947807648015,31973.506429832163,-32.407072274052538,21.431545214746997
0.13329889872929729,-8.1642588041132784e-05,0.21850849972551753,1.7887958034141879e-05,-66772.947807648015,31973.506429832163,-32.407072274052538,21.431545214746997
-0.13329889872929729,-8.1642588041132784e-05,0.21850849972551753,1.7887958034141879e-05,-66772.947807648015,31973.506429832163,-32.407072274052538,21.431545214746997
0.13258482219558465,0.0090403419729104088,0.21861421812326678,2.8299055362666028e-05,-64436.789363035372,35540.048913083672,-134.10649596859375,87.895487786905761
-0.13258482219558465,0.0090403419729104088,0.21861421812326678,2.8299055362666028e-05,-64436.789363035372,35540.048913083672,-134.10649596859375,87.895487786905761
0.13258482219558465,-0.0090403419729104088,0.21861421812326678,2.8299055362666028e-05,-64436.789363035372,35540.048913083672,-134.10649596859375,87.895487786905761
-0.13258482219558465,-0.0090403419729104088,0.21861421812326678,2.8299055362666028e-05,-64436.789363035372,35540.048913083672,-134.10649596859375,87.895487786905761
0.13362631397840219,0.020422116446655918,0.21846002661261932,2.591707150338608e-05,-62598.389448878275,37611.565581391347,-127.7594639420487,89.532242864188675
-0.13362631397840219,0.020422116446655918,0.21846002661261932,2.591707150338608e-05,-62598.389448878275,37611.565581391347,-127.7594639420487,89.532242864188675
0.13362631397840219,-0.020422116446655918,0.21846002661261932,2.591707150338608e-05,-62598.389448878275,37611.565581391347,-127.7594639420487,89.532242864188675
-0.13362631397840219,-0.020422116446655918,0.21846002661261932,2.591707150338608e-05,-62598.389448878275,37611.565581391347,-127.7594639420487,89.532242864188675
0.13377284138627266,0.031811135269938014,0.21843833357207759,3.2214834979205651e-05,-60577.053271615754,39451.911821793095,-119.4891312968536,92.925474423227058
-0.13377284138627266,0.031811135269938014,0.21843833357207759,3.2214834979205651e-05,-60577.053271615754,39451.911821793095,-119.4891312968536,92.925474423227058
0.13377284138627266,-0.031811135269938014,0.21843833357207759,3.2214834979205651e-05,-60577.053271615754,39451.911821793095,-119.4891312968536,92.925474423227058
-0.13377284138627266,-0.031811135269938014,0.21843833357207759,3.2214834979205651e-05,-60577.053271615754,39451.911821793095,-119.4891312968536,92.925474423227058
0.1337496087150383,0.0427553627788635,0.21844177311479732,3.8129219467103481e-05,-57584.43746822777,41598.753081335213,-111.73800448716389,96.010004957547508
-0.1337496087150383,0.0427553627788635,0.21844177311479732,3.8129219467103481e-05,-57584.43746822777,41598.753081335213,-111.73800448716389,96.010004957547508
0.1337496087150383,-0.0427553627788635,0.21844177311479732,3.8129219467103481e-05,-57584.43746822777,41598.753081335213,-111.73800448716389,96.010004957547508
-0.1337496087150383,-0.0427553627788635,0.21844177311479732,3.8129219467103481e-05,-57584.43746822777,41598.753081335213,-111.73800448716389,96.010004957547508
0.13351833721419853,0.049801744193322263,0.21847601232039562,3.1663819425196654e-05,-55219.60245200077,43102.289306409039,-106.29962127698316,100.43698365708339
-0.13351833721419853,0.049801744193322263,0.21847601232039562,3.1663819425196654e-05,-55219.60245200077,43102.289306409039,-106.29962127698316,100.43698365708339
0.13351833721419853,-0.049801744193322263,0.21847601232039562,3.1663819425196654e-05,-55219.60245200077,43102.289306409039,-106.29962127698316,100.43698365708339
-0.13351833721419853,-0.049801744193322263,0.21847601232039562,3.1663819425196654e-05,-55219.60245200077,43102.289306409039,-106.29962127698316,100.43698365708339
0.13355176422702056,0.060499560601965825,0.2184681547531955,3.3293791111526977e-05,-50277.62135563929,45450.528299358375,-90.528984527822189,99.085541109410329
-0.13355176422702056,0.060499560601965825,0.2184681547531955,3.3293791111526977e-05,-50277.62135563929,45450.528299358375,-90.528984527822189,99.085541109410329
0.13355176422702056,-0.060499560601965825,0.2184681547531955,3.3293791111526977e-05,-50277.62135563929,45450.528299358375,-90.528984527822189,99.085541109410329
-0.13355176422702056,-0.060499560601965825,0.2184681547531955,3.3293791111526977e-05,-50277.62135563929,45450.528299358375,-90.528984527822189,99.085541109410329
0.13338032013601855,0.068456725694832507,0.21846911284468817,3.7308740620918993e-05,-45612.956987628088,47138.755286386193,-81.542969083171599,100.67061576269754
-0.13338032013601855,0.068456725694832507,0.21846911284468817,3.7308740620918993e-05,-45612.956987628088,47138.755286386193,-81.542969083171599,100.67061576269754
0.13338032013601855,-0.068456725694832507,0.21846911284468817,3.7308740620918993e-05,-45612.956987628088,47138.755286386193,-81.542969083171599,100.67061576269754
-0.13338032013601855,-0.068456725694832507,0.21846911284468817,3.7308740620918993e-05,-45612.956987628088,47138.755286386193,-81.542969083171599,100.67061576269754
0.13340727679363329,0.074284035291786274,0.2184136571905349,3.0962123142760325e-05,-41606.542121957842,48286.432813777166,-71.860437599082502,100.38060982757345
-0.13340727679363329,0.074284035291786274,0.2184136571905349,3.0962123142760325e-05,-41606.542121957842,48286.432813777166,-71.860437599082502,100.38060982757345
0.13340727679363329,-0.074284035291786274,0.2184136571905349,3.0962123142760325e-05,-41606.542121957842,48286.432813777166,-71.860437599082502,100.38060982757345
-0.13340727679363329,-0.074284035291786274,0.2184136571905349,3.0962123142760325e-05,-41606.542121957842,48286.432813777166,-71.860437599082502,100.38060982757345
0.13526259362697601,0.12380952388048172,0.21458263695240021,4.2340348722048746e-05,12505.789127534579,36279.544216647875,30.501390689421701,43.19303100366632
-0.13526259362697601,0.12380952388048172,0.21458263695240021,4.2340348722048746e-05,12505.789127534579,36279.544216647875,30.501390689421701,43.19303100366632
0.13526259362697601,-0.12380952388048172,0.21458263695240021,4.2340348722048746e-05,12505.789127534579,36279.544216647875,30.501390689421701,43.19303100366632
-0.13526259362697601,-0.12380952388048172,0.21458263695240021,4.2340348722048746e-05,12505.789127534579,36279.544216647875,30.501390689421701,43.19303100366632
0.13840045258015948,0.099611254440054364,0.21622968523739433,2.8915615049765502e-05,-15655.367171861699,50204.562039464668,-13.319534640814537,95.260030728895998
-0.13840045258015948,0.099611254440054364,0.21622968523739433,2.8915615049765502e-05,-15655.367171861699,50204.562039464668,-13.319534640814537,95.260030728895998
0.13840045258015948,-0.099611254440054364,0.21622968523739433,2.8915615049765502e-05,-15655.367171861699,50204.562039464668,-13.319534640814537,95.260030728895998
-0.13840045258015948,-0.099611254440054364,0.21622968523739433,2.8915615049765502e-05,-15655.367171861699,50204.562039464668,-13.319534640814537,95.260030728895998
0.13664861920367402,0.11000367221097516,0.21571183961551046,3.0749383570655957e-05,-4472.0465294003379,46661.162898815594,8.9219174707784017,79.060396997785347
-0.13664861920367402,0.11000367221097516,0.21571183961551046,3.0749383570655957e-05,-4472.0465294003379,46661.162898815594,8.9219174707784017,79.060396997785347
0.13664861920367402,-0.11000367221097516,0.21571183961551046,3.0749383570655957e-05,-4472.0465294003379,46661.162898815594,8.9219174707784017,79.060396997785347
-0.13664861920367402,-0.11000367221097516,0.21571183961551046,3.0749383570655957e-05,-4472.0465294003379,46661.162898815594,8.9219174707784017,79.060396997785347
0.13936849653764877,0.09304078984761506,0.21651846213508835,4.3229592504625437e-05,-21939.647838982466,51417.248321615174,-23.93851469874954,97.802007432650385
-0.13936849653764877,0.09304078984761506,0.21651846213508835,4.3229592504625437e-05,-21939.647838982466,51417.248321615174,-23.93851469874954,97.802007432650385
0.13936849653764877,-0.09304078984761506,0.21651846213508835,4.3229592504625437e-05,-21939.647838982466,51417.248321615174,-23.93851469874954,97.802007432650385
-0.13936849653764877,-0.09304078984761506,0.21651846213508835,4.3229592504625437e-05,-21939.647838982466,51417.248321615174,-23.93851469874954,97.802007432650385
0.13941153355197794,0.12994000696810507,0.2125772032309293,2.0144058850862638e-05,19682.159271405246,27977.558163959289,37.707762370202964,30.497533802344506
-0.13941153355197794,0.12994000696810507,0.2125772032309293,2.0144058850862638e-05,19682.159271405246,27977.558163959289,37.707762370202964,30.497533802344506
0.13941153355197794,-0.12994000696810507,0.2125772032309293,2.0144058850862638e-05,19682.159271405246,27977.558163959289,37.707762370202964,30.497533802344506
-0.13941153355197794,-0.12994000696810507,0.2125772032309293,2.0144058850862638e-05,19682.159271405246,27977.558163959289,37.707762370202964,30.497533802344506
0.14030293911773545,0.10507193429599512,0.21529567569598507,3.4584693449418282e-05,-8769.3954017198066,48713.615059511234,-0.38208826521877204,88.359897773275634
-0.14030293911773545,0.10507193429599512,0.21529567569598507,3.4584693449418282e-05,-8769.3954017198066,48713.615059511234,-0.38208826521877204,88.359897773275634
0.14030293911773545,-0.10507193429599512,0.21529567569598507,3.4584693449418282e-05,-8769.3954017198066,48713.615059511234,-0.38208826521877204,88.359897773275634
-0.14030293911773545,-0.10507193429599512,0.21529567569598507,3.4584693449418282e-05,-8769.3954017198066,48713.615059511234,-0.38208826521877204,88.359897773275634
0.14321886346500001,0.11728478004345134,0.21319217731671861,4.2832913203676252e-05,6634.2829994198282,41356.665468006657,26.36555917952359,61.67653535089849
-0.14321886346500001,0.11728478004345134,0.21319217731671861,4.2832913203676252e-05,6634.2829994198282,41356.665468006657,26.36555917952359,61.67653535089849
0.14321886346500001,-0.11728478004345134,0.21319217731671861,4.2832913203676252e-05,6634.2829994198282,41356.665468006657,26.36555917952359,61.67653535089849
-0.14321886346500001,-0.11728478004345134,0.21319217731671861,4.2832913203676252e-05,6634.2829994198282,41356.665468006657,26.36555917952359,61.67653535089849
0.14230329353014581,0.087644988625684483,0.21623973534477739,2.7992404975008164e-05,-25196.367687092756,52255.551101015459,-32.830642312215119,98.006436745760638
-0.14230329353014581,0.087644988625684483,0.21623973534477739,2.7992404975008164e-05,-25196.367687092756,52255.551101015459,-32.830642312215119,98.006436745760638
0.14230329353014581,-0.087644988625684483,0.21623973534477739,2.7992404975008164e-05,-25196.367687092756,52255.551101015459,-32.830642312215119,98.006436745760638
-0.14230329353014581,-0.087644988625684483,0.21623973534477739,2.7992404975008164e-05,-25196.367687092756,52255.551101015459,-32.830642312215119,98.006436745760638
0.14227943601765494,0.0031485796271749781,0.21717895210281826,1.7312540988286594e-05,-56946.163553312377,43884.959226290041,-122.99393875785046,111.17839016173106
-0.14227943601765494,0.0031485796271749781,0.21717895210281826,1.7312540988286594e-05,-56946.163553312377,43884.959226290041,-122.99393875785046,111.17839016173106
0.14227943601765494,-0.0031485796271749781,0.21717895210281826,1.7312540988286594e-05,-56946.163553312377,43884.959226290041,-122.99393875785046,111.17839016173106
-0.14227943601765494,-0.0031485796271749781,0.21717895210281826,1.7312540988286594e-05,-56946.163553312377,43884.959226290041,-122.99393875785046,111.17839016173106
0.14330914004746634,0.013012238093008895,0.21702650682592894,2.652837962118091e-05,-55266.736179165113,45331.675233421294,-108.7020120245749,102.45877524727759
-0.14330914004746634,0.013012238093008895,0.21702650682592894,2.652837962118091e-05,-55266.736179165113,45331.675233421294,-108.7020120245749,102.45877524727759
0.14330914004746634,-0.013012238093008895,0.21702650682592894,2.652837962118091e-05,-55266.736179165113,45331.675233421294,-108.7020120245749,102.45877524727759
-0.14330914004746634,-0.013012238093008895,0.21702650682592894,2.652837962118091e-05,-55266.736179165113,45331.675233421294,-108.7020120245749,102.45877524727759
0.14306377452982921,0.023139354035717666,0.21706283261779957,2.6665149056872134e-05,-54400.537512597715,46012.789485979687,-102.2886357146479,103.72683818606136
-0.14306377452982921,0.023139354035717666,0.21706283261779957,2.6665149056872134e-05,-54400.537512597715,46012.789485979687,-102.2886357146479,103.72683818606136
0.14306377452982921,-0.023139354035717666,0.21706283261779957,2.6665149056872134e-05,-54400.537512597715,46012.789485979687,-102.2886357146479,103.72683818606136
-0.14306377452982921,-0.023139354035717666,0.21706283261779957,2.6665149056872134e-05,-54400.537512597715,46012.789485979687,-102.2886357146479,103.72683818606136
0.14273316351189003,0.033815183655294616,0.21711177880691146,2.5573564235355131e-05,-52678.454115938053,47030.428315490601,-96.963384516130631,104.14040592491368
-0.14273316351189003,0.033815183655294616,0.21711177880691146,2.5573564235355131e-05,-52678.454115938053,47030.428315490601,-96.963384516130631,104.14040592491368
0.14273316351189003,-0.033815183655294616,0.21711177880691146,2.5573564235355131e-05,-52678.454115938053,47030.428315490601,-96.963384516130631,104.14040592491368
-0.14273316351189003,-0.033815183655294616,0.21711177880691146,2.5573564235355131e-05,-52678.454115938053,47030.428315490601,-96.963384516130631,104.14040592491368
0.1434742082336643,0.04399119974184254,0.21700206886645512,1.7936958246718898e-05,-49254.11852705272,48887.978423700239,-88.487052278427655,102.03334463029691
-0.1434742082336643,0.04399119974184254,0.21700206886645512,1.7936958246718898e-05,-49254.11852705272,48887.978423700239,-88.487052278427655,102.03334463029691
0.1434742082336643,-0.04399119974184254,0.21700206886645512,1.7936958246718898e-05,-49254.11852705272,48887.978423700239,-88.487052278427655,102.03334463029691
-0.1434742082336643,-0.04399119974184254,0.21700206886645512,1.7936958246718898e-05,-49254.11852705272,48887.978423700239,-88.487052278427655,102.03334463029691
0.14265547933211475,0.054919536299408968,0.21711724470137414,2.7260937428769589e-05,-45844.66359766369,50022.461764741529,-80.652842645953328,102.36164828106254
-0.14265547933211475,0.054919536299408968,0.21711724470137414,2.7260937428769589e-05,-45844.66359766369,50022.461764741529,-80.652842645953328,102.36164828106254
0.14265547933211475,-0.054919536299408968,0.21711724470137414,2.7260937428769589e-05,-45844.66359766369,50022.461764741529,-80.652842645953328,102.36164828106254
-0.14265547933211475,-0.054919536299408968,0.21711724470137414,2.7260937428769589e-05,-45844.66359766369,50022.461764741529,-80.652842645953328,102.36164828106254
0.14227232136309209,0.061538952348138512,0.21713322184073949,3.1034697978224901e-05,-42928.678440715914,50904.064284671796,-72.094399701908742,105.01134147566879
-0.14227232136309209,0.061538952348138512,0.21713322184073949,3.1034697978224901e-05,-42928.678440715914,50904.064284671796,-72.094399701908742,105.01134147566879
0.14227232136309209,-0.061538952348138512,0.21713322184073949,3.1034697978224901e-05,-42928.678440715914,50904.064284671796,-72.094399701908742,105.01134147566879
-0.14227232136309209,-0.061538952348138512,0.21713322184073949,3.1034697978224901e-05,-42928.678440715914,50904.064284671796,-72.094399701908742,105.01134147566879
0.14218992666103386,0.076735175244408912,0.21679497587079841,3.6615808064330531e-05,-33783.687291986353,52202.767864625086,-53.224448359257252,103.29044670595793
-0.14218992666103386,0.076735175244408912,0.21679497587079841,3.6615808064330531e-05,-33783.687291986353,52202.767864625086,-53.224448359257252,103.29044670595793
0.14218992666103386,-0.076735175244408912,0.21679497587079841,3.6615808064330531e-05,-33783.687291986353,52202.767864625086,-53.224448359257252,103.29044670595793
-0.14218992666103386,-0.076735175244408912,0.21679497587079841,3.6615808064330531e-05,-33783.687291986353,52202.767864625086,-53.224448359257252,103.29044670595793
0.14380143418898336,0.082417579457467277,0.21623447984835867,2.8732529661055289e-05,-28372.662181591146,52900.072350696049,-38.693371220497212,104.27740623117938
-0.14380143418898336,0.082417579457467277,0.21623447984835867,2.8732529661055289e-05,-28372.662181591146,52900.072350696049,-38.693371220497212,104.27740623117938
0.14380143418898336,-0.082417579457467277,0.21623447984835867,2.8732529661055289e-05,-28372.662181591146,52900.072350696049,-38.693371220497212,104.27740623117938
-0.14380143418898336,-0.082417579457467277,0.21623447984835867,2.8732529661055289e-05,-28372.662181591146,52900.072350696049,-38.693371220497212,104.27740623117938
0.14404397151394646,0.098402199901643658,0.21504817697002271,3.798742462660043e-05,-13927.158995909302,50887.191204001152,-9.3994660328783084,94.365472674336345
-0.14404397151394646,0.098402199901643658,0.21504817697002271,3.798742462660043e-05,-13927.158995909302,50887.191204001152,-9.3994660328783084,94.365472674336345
0.14404397151394646,-0.098402199901643658,0.21504817697002271,3.798742462660043e-05,-13927.158995909302,50887.191204001152,-9.3994660328783084,94.365472674336345
-0.14404397151394646,-0.098402199901643658,0.21504817697002271,3.798742462660043e-05,-13927.158995909302,50887.191204001152,-9.3994660328783084,94.365472674336345
0.14727589508241876,0.1236101489186688,0.21115357133722687,3.9150087159368186e-05,14510.681677925661,34438.879785989979,36.65860819883833,42.054511462593069
-0.14727589508241876,0.1236101489186688,0.21115357133722687,3.9150087159368186e-05,14510.681677925661,34438.879785989979,36.65860819883833,42.054511462593069
0.14727589508241876,-0.1236101489186688,0.21115357133722687,3.9150087159368186e-05,14510.681677925661,34438.879785989979,36.65860819883833,42.054511462593069
-0.14727589508241876,-0.1236101489186688,0.21115357133722687,3.9150087159368186e-05,14510.681677925661,34438.879785989979,36.65860819883833,42.054511462593069
0.14710960540380619,0.11079074584518057,0.21293865329699005,3.855310356587973e-05,574.54175530542591,45511.130463929694,19.734528128265897,74.366724000543016
-0.14710960540380619,0.11079074584518057,0.21293865329699005,3.855310356587973e-05,574.54175530542591,45511.130463929694,19.734528128265897,74.366724000543016
0.14710960540380619,-0.11079074584518057,0.21293865329699005,3.855310356587973e-05,574.54175530542591,45511.130463929694,19.734528128265897,74.366724000543016
-0.14710960540380619,-0.11079074584518057,0.21293865329699005,3.855310356587973e-05,574.54175530542591,45511.130463929694,19.734528128265897,74.366724000543016
0.15021537716563438,0.099123408568354679,0.21341479984267478,3.884894492331229e-05,-9735.5359294554291,50687.321257612086,0.54201900946371295,93.535108317662164
-0.15021537716563438,0.099123408568354679,0.21341479984267478,3.884894492331229e-05,-9735.5359294554291,50687.321257612086,0.54201900946371295,93.535108317662164
0.15021537716563438,-0.099123408568354679,0.21341479984267478,3.884894492331229e-05,-9735.5359294554291,50687.321257612086,0.54201900946371295,93.535108317662164
-0.15021537716563438,-0.099123408568354679,0.21341479984267478,3.884894492331229e-05,-9735.5359294554291,50687.321257612086,0.54201900946371295,93.535108317662164
0.15061825040527888,0.10535450269581091,0.21265283445406843,3.4208752348117408e-05,-3574.9168731908026,48064.483156023969,12.79068922873649,80.911631977313306
-0.15061825040527888,0.10535450269581091,0.21265283445406843,3.4208752348117408e-05,-3574.9168731908026,48064.483156023969,12.79068922873649,80.911631977313306
0.15061825040527888,-0.10535450269581091,0.21265283445406843,3.4208752348117408e-05,-3574.9168731908026,48064.483156023969,12.79068922873649,80.911631977313306
-0.15061825040527888,-0.10535450269581091,0.21265283445406843,3.4208752348117408e-05,-3574.9168731908026,48064.483156023969,12.79068922873649,80.911631977313306
0.15184104442596436,0.12999999523162842,0.2086813896894455,2.2747675732061121e-05,20720.569411517576,25002.376085661672,43.598732934228032,27.524453355870179
-0.15184104442596436,0.12999999523162842,0.2086813896894455,2.2747675732061121e-05,20720.569411517576,25002.376085661672,43.598732934228032,27.524453355870179
0.15184104442596436,-0.12999999523162842,0.2086813896894455,2.2747675732061121e-05,20720.569411517576,25002.376085661672,43.598732934228032,27.524453355870179
-0.15184104442596436,-0.12999999523162842,0.2086813896894455,2.2747675732061121e-05,20720.569411517576,25002.376085661672,43.598732934228032,27.524453355870179
0.15221828993050165,0.093218405339055066,0.2135267587759232,3.5769545407825839e-05,-13787.342363902524,52434.339915099627,-4.0890120271752473,95.899442350069265
-0.15221828993050165,0.093218405339055066,0.2135267587759232,3.5769545407825839e-05,-13787.342363902524,52434.339915099627,-4.0890120271752473,95.899442350069265
0.15221828993050165,-0.093218405339055066,0.2135267587759232,3.5769545407825839e-05,-13787.342363902524,52434.339915099627,-4.0890120271752473,95.899442350069265
-0.15221828993050165,-0.093218405339055066,0.2135267587759232,3.5769545407825839e-05,-13787.342363902524,52434.339915099627,-4.0890120271752473,95.899442350069265
0.15238095819950104,0,0.21568344533443451,1.9813366975877568e-05,-47255.264488680987,50830.572335372912,-67.759761825875998,89.607330776518353
-0.15238095819950104,0,0.21568344533443451,1.9813366975877568e-05,-47255.264488680987,50830.572335372912,-67.759761825875998,89.607330776518353
0.15238095819950104,-0,0.21568344533443451,1.9813366975877568e-05,-47255.264488680987,50830.572335372912,-67.759761825875998,89.607330776518353
-0.15238095819950104,-0,0.21568344533443451,1.9813366975877568e-05,-47255.264488680987,50830.572335372912,-67.759761825875998,89.607330776518353
0.15259150628108656,0.0084317682648573488,0.21565227418266025,2.3184811337069709e-05,-45877.522712334256,51785.933294348331,-81.553250786666894,108.2842362697473
-0.15259150628108656,0.0084317682648573488,0.21565227418266025,2.3184811337069709e-05,-45877.522712334256,51785.933294348331,-81.553250786666894,108.2842362697473
0.15259150628108656,-0.0084317682648573488,0.21565227418266025,2.3184811337069709e-05,-45877.522712334256,51785.933294348331,-81.553250786666894,108.2842362697473
-0.15259150628108656,-0.0084317682648573488,0.21565227418266025,2.3184811337069709e-05,-45877.522712334256,51785.933294348331,-81.553250786666894,108.2842362697473
0.15160230682431422,0.019142638786913312,0.21579872285210366,2.3418287212832014e-05,-46166.23551469003,51597.439384047597,-81.205381617404072,107.08049413169945
-0.15160230682431422,0.019142638786913312,0.21579872285210366,2.3418287212832014e-05,-46166.23551469003,51597.439384047597,-81.205381617404072,107.08049413169945
0.15160230682431422,-0.019142638786913312,0.21579872285210366,2.3418287212832014e-05,-46166.23551469003,51597.439384047597,-81.205381617404072,107.08049413169945
-0.15160230682431422,-0.019142638786913312,0.21579872285210366,2.3418287212832014e-05,-46166.23551469003,51597.439384047597,-81.205381617404072,107.08049413169945
0.1525998026246416,0.029347430337555321,0.21565104592837184,2.5235699753841441e-05,-43619.246720981726,52987.970959137194,-74.069088620691289,110.97222601851846
-0.1525998026246416,0.029347430337555321,0.21565104592837184,2.5235699753841441e-05,-43619.246720981726,52987.970959137194,-74.069088620691289,110.97222601851846
0.1525998026246416,-0.029347430337555321,0.21565104592837184,2.5235699753841441e-05,-43619.246720981726,52987.970959137194,-74.069088620691289,110.97222601851846
-0.1525998026246416,-0.029347430337555321,0.21565104592837184,2.5235699753841441e-05,-43619.246720981726,52987.970959137194,-74.069088620691289,110.97222601851846
0.15223447677534352,0.039473461035697058,0.21570513156719492,2.3676734974938947e-05,-41871.342832646958,53493.687151644124,-69.141815289335881,106.65884378564461
-0.15223447677534352,0.039473461035697058,0.21570513156719492,2.3676734974938947e-05,-41871.342832646958,53493.687151644124,-69.141815289335881,106.65884378564461
0.15223447677534352,-0.039473461035697058,0.21570513156719492,2.3676734974938947e-05,-41871.342832646958,53493.687151644124,-69.141815289335881,106.65884378564461
-0.15223447677534352,-0.039473461035697058,0.21570513156719492,2.3676734974938947e-05,-41871.342832646958,53493.687151644124,-69.141815289335881,106.65884378564461
0.15288243869477139,0.050425203279947449,0.21556715550188887,3.1532497245061636e-05,-37951.665215252193,54794.617151291488,-55.961314532787995,108.05768249328956
-0.15288243869477139,0.050425203279947449,0.21556715550188887,3.1532497245061636e-05,-37951.665215252193,54794.617151291488,-55.961314532787995,108.05768249328956
0.15288243869477139,-0.050425203279947449,0.21556715550188887,3.1532497245061636e-05,-37951.665215252193,54794.617151291488,-55.961314532787995,108.05768249328956
-0.15288243869477139,-0.050425203279947449,0.21556715550188887,3.1532497245061636e-05,-37951.665215252193,54794.617151291488,-55.961314532787995,108.05768249328956
0.15223241986304648,0.060682233664760214,0.2155329484184213,3.2041306700835207e-05,-34403.153965184014,55191.911596881167,-48.417891592206644,107.99634035430431
-0.15223241986304648,0.060682233664760214,0.2155329484184213,3.2041306700835207e-05,-34403.153965184014,55191.911596881167,-48.417891592206644,107.99634035430431
0.15223241986304648,-0.060682233664760214,0.2155329484184213,3.2041306700835207e-05,-34403.153965184014,55191.911596881167,-48.417891592206644,107.99634035430431
-0.15223241986304648,-0.060682233664760214,0.2155329484184213,3.2041306700835207e-05,-34403.153965184014,55191.911596881167,-48.417891592206644,107.99634035430431
0.15229109207703403,0.068300782397313839,0.21524004708742828,3.9014556257451182e-05,-30733.579724893469,55189.260890311671,-41.652987975891776,105.25550877541099
-0.15229109207703403,0.068300782397313839,0.21524004708742828,3.9014556257451182e-05,-30733.579724893469,55189.260890311671,-41.652987975891776,105.25550877541099
0.15229109207703403,-0.068300782397313839,0.21524004708742828,3.9014556257451182e-05,-30733.579724893469,55189.260890311671,-41.652987975891776,105.25550877541099
-0.15229109207703403,-0.068300782397313839,0.21524004708742828,3.9014556257451182e-05,-30733.579724893469,55189.260890311671,-41.652987975891776,105.25550877541099
0.15238342041461225,0.075827468807780907,0.21485497451743241,2.955712978092384e-05,-26294.238070265652,54908.325138825836,-34.542172489165488,104.4156156911264
-0.15238342041461225,0.075827468807780907,0.21485497451743241,2.955712978092384e-05,-26294.238070265652,54908.325138825836,-34.542172489165488,104.4156156911264
0.15238342041461225,-0.075827468807780907,0.21485497451743241,2.955712978092384e-05,-26294.238070265652,54908.325138825836,-34.542172489165488,104.4156156911264
-0.15238342041461225,-0.075827468807780907,0.21485497451743241,2.955712978092384e-05,-26294.238070265652,54908.325138825836,-34.542172489165488,104.4156156911264
0.15297985562194152,0.082359498060264019,0.21427609382637314,2.6476840363614402e-05,-21591.112353921497,54380.289454790451,-24.375935308747103,101.16277717045027
-0.15297985562194152,0.082359498060264019,0.21427609382637314,2.6476840363614402e-05,-21591.112353921497,54380.289454790451,-24.375935308747103,101.16277717045027
0.15297985562194152,-0.082359498060264019,0.21427609382637314,2.6476840363614402e-05,-21591.112353921497,54380.289454790451,-24.375935308747103,101.16277717045027
-0.15297985562194152,-0.082359498060264019,0.21427609382637314,2.6476840363614402e-05,-21591.112353921497,54380.289454790451,-24.375935308747103,101.16277717045027
0.15140335652366815,0.08824529259167474,0.21417026163117875,3.115326361518144e-05,-18524.881447386571,53334.065897376793,-18.645933409187329,97.305831795752155
-0.15140335652366815,0.08824529259167474,0.21417026163117875,3.115326361518144e-05,-18524.881447386571,53334.065897376793,-18.645933409187329,97.305831795752155
0.15140335652366815,-0.08824529259167474,0.21417026163117875,3.115326361518144e-05,-18524.881447386571,53334.065897376793,-18.645933409187329,97.305831795752155
-0.15140335652366815,-0.08824529259167474,0.21417026163117875,3.115326361518144e-05,-18524.881447386571,53334.065897376793,-18.645933409187329,97.305831795752155
0.15048606090038386,0.11785707859646927,0.21102808780129936,4.0638709315454862e-05,9318.871836086113,39494.683584101476,31.042792859269969,59.277315778157032
-0.15048606090038386,0.11785707859646927,0.21102808780129936,4.0638709315454862e-05,9318.871836086113,39494.683584101476,31.042792859269969,59.277315778157032
0.15048606090038386,-0.11785707859646927,0.21102808780129936,4.0638709315454862e-05,9318.871836086113,39494.683584101476,31.042792859269969,59.277315778157032
-0.15048606090038386,-0.11785707859646927,0.21102808780129936,4.0638709315454862e-05,9318.871836086113,39494.683584101476,31.042792859269969,59.277315778157032
0.15353595332921757,0.1117909964142101,0.21099293343036638,3.4905624322619826e-05,4179.5195670171197,43729.93151129625,26.803478464598623,69.191812531539654
-0.15353595332921757,0.1117909964142101,0.21099293343036638,3.4905624322619826e-05,4179.5195670171197,43729.93151129625,26.803478464598623,69.191812531539654
0.15353595332921757,-0.1117909964142101,0.21099293343036638,3.4905624322619826e-05,4179.5195670171197,43729.93151129625,26.803478464598623,69.191812531539654
-0.15353595332921757,-0.1117909964142101,0.21099293343036638,3.4905624322619826e-05,4179.5195670171197,43729.93151129625,26.803478464598623,69.191812531539654
0.15610010501356372,0.10700058072527258,0.21090586194541611,2.6965479394938463e-05,603.46975492992021,46131.451341084095,18.18112132132471,77.559263299746732
-0.15610010501356372,0.10700058072527258,0.21090586194541611,2.6965479394938463e-05,603.46975492992021,46131.451341084095,18.18112132132471,77.559263299746732
0.15610010501356372,-0.10700058072527258,0.21090586194541611,2.6965479394938463e-05,603.46975492992021,46131.451341084095,18.18112132132471,77.559263299746732
-0.15610010501356372,-0.10700058072527258,0.21090586194541611,2.6965479394938463e-05,603.46975492992021,46131.451341084095,18.18112132132471,77.559263299746732
0.15635757794810234,0.12481262329879252,0.20810388028300569,2.5621691699640999e-05,17148.206846525194,30486.814376457482,41.249815760027694,35.492017837046575
-0.15635757794810234,0.12481262329879252,0.20810388028300569,2.5621691699640999e-05,17148.206846525194,30486.814376457482,41.249815760027694,35.492017837046575
0.15635757794810234,-0.12481262329879252,0.20810388028300569,2.5621691699640999e-05,17148.206846525194,30486.814376457482,41.249815760027694,35.492017837046575
-0.15635757794810234,-0.12481262329879252,0.20810388028300569,2.5621691699640999e-05,17148.206846525194,30486.814376457482,41.249815760027694,35.492017837046575
0.16132481901176068,0.10469594531505524,0.20972917908409242,3.4791985075297116e-05,1211.596849543256,46096.435141532827,21.229414649728458,77.947445292714832
-0.16132481901176068,0.10469594531505524,0.20972917908409242,3.4791985075297116e-05,1211.596849543256,46096.435141532827,21.229414649728458,77.947445292714832
0.16132481901176068,-0.10469594531505524,0.20972917908409242,3.4791985075297116e-05,1211.596849543256,46096.435141532827,21.229414649728458,77.947445292714832
-0.16132481901176068,-0.10469594531505524,0.20972917908409242,3.4791985075297116e-05,1211.596849543256,46096.435141532827,21.229414649728458,77.947445292714832
0.16174520851060326,0.11793751339876343,0.20752548467212775,3.1209812750372543e-05,12462.262990221938,36029.047407733291,37.513125109503399,52.461680046673976
-0.16174520851060326,0.11793751339876343,0.20752548467212775,3.1209812750372543e-05,12462.262990221938,36029.047407733291,37.513125109503399,52.461680046673976
0.16174520851060326,-0.11793751339876343,0.20752548467212775,3.1209812750372543e-05,12462.262990221938,36029.047407733291,37.513125109503399,52.461680046673976
-0.16174520851060326,-0.11793751339876343,0.20752548467212775,3.1209812750372543e-05,12462.262990221938,36029.047407733291,37.513125109503399,52.461680046673976
0.16255061359598119,0.097368866840570431,0.21036038569348942,3.2788182907384698e-05,-3726.0983971280407,49364.554508030342,12.402074552778323,85.993399812637378
-0.16255061359598119,0.097368866840570431,0.21036038569348942,3.2788182907384698e-05,-3726.0983971280407,49364.554508030342,12.402074552778323,85.993399812637378
0.16255061359598119,-0.097368866840570431,0.21036038569348942,3.2788182907384698e-05,-3726.0983971280407,49364.554508030342,12.402074552778323,85.993399812637378
-0.16255061359598119,-0.097368866840570431,0.21036038569348942,3.2788182907384698e-05,-3726.0983971280407,49364.554508030342,12.402074552778323,85.993399812637378
0.16258121658367583,0.011715499983654429,0.21417331984349239,3.2029341562511755e-05,-32974.451416945594,56751.534927761946,-52.623616799981747,113.7374873929853
-0.16258121658367583,0.011715499983654429,0.21417331984349239,3.2029341562511755e-05,-32974.451416945594,56751.534927761946,-52.623616799981747,113.7374873929853
0.16258121658367583,-0.011715499983654429,0.21417331984349239,3.2029341562511755e-05,-32974.451416945594,56751.534927761946,-52.623616799981747,113.7374873929853
-0.16258121658367583,-0.011715499983654429,0.21417331984349239,3.2029341562511755e-05,-32974.451416945594,56751.534927761946,-52.623616799981747,113.7374873929853
0.16236240811491354,0.021559059262532758,0.21420571426864979,2.4739620664448799e-05,-32623.081676169455,56813.143356844652,-50.637358549817968,109.39878689746656
-0.16236240811491354,0.021559059262532758,0.21420571426864979,2.4739620664448799e-05,-32623.081676169455,56813.143356844652,-50.637358549817968,109.39878689746656
0.16236240811491354,-0.021559059262532758,0.21420571426864979,2.4739620664448799e-05,-32623.081676169455,56813.143356844652,-50.637358549817968,109.39878689746656
-0.16236240811491354,-0.021559059262532758,0.21420571426864979,2.4739620664448799e-05,-32623.081676169455,56813.143356844652,-50.637358549817968,109.39878689746656
0.16168630396243133,0.032004108598297769,0.21430581062551682,2.6681336277334216e-05,-32171.338868881776,57079.469663970478,-44.864910482898004,110.11825725981825
-0.16168630396243133,0.032004108598297769,0.21430581062551682,2.6681336277334216e-05,-32171.338868881776,57079.469663970478,-44.864910482898004,110.11825725981825
0.16168630396243133,-0.032004108598297769,0.21430581062551682,2.6681336277334216e-05,-32171.338868881776,57079.469663970478,-44.864910482898004,110.11825725981825
-0.16168630396243133,-0.032004108598297769,0.21430581062551682,2.6681336277334216e-05,-32171.338868881776,57079.469663970478,-44.864910482898004,110.11825725981825
0.16221187475436508,0.043134437842528024,0.21416902497799944,2.6186658265754784e-05,-29300.929719814765,57347.566947946281,-42.808359918683202,109.72463742370329
-0.16221187475436508,0.043134437842528024,0.21416902497799944,2.6186658265754784e-05,-29300.929719814765,57347.566947946281,-42.808359918683202,109.72463742370329
0.16221187475436508,-0.043134437842528024,0.21416902497799944,2.6186658265754784e-05,-29300.929719814765,57347.566947946281,-42.808359918683202,109.72463742370329
-0.16221187475436508,-0.043134437842528024,0.21416902497799944,2.6186658265754784e-05,-29300.929719814765,57347.566947946281,-42.808359918683202,109.72463742370329
0.1617587629077514,0.054180187178760254,0.21400969371516368,2.9769853338375858e-05,-26956.081283669148,57296.590423683832,-31.401478612541254,105.4152915789804
-0.1617587629077514,0.054180187178760254,0.21400969371516368,2.9769853338375858e-05,-26956.081283669148,57296.590423683832,-31.401478612541254,105.4152915789804
0.1617587629077514,-0.054180187178760254,0.21400969371516368,2.9769853338375858e-05,-26956.081283669148,57296.590423683832,-31.401478612541254,105.4152915789804
-0.1617587629077514,-0.054180187178760254,0.21400969371516368,2.9769853338375858e-05,-26956.081283669148,57296.590423683832,-31.401478612541254,105.4152915789804
0.16262144758193994,0.063169735515900313,0.21345859341192802,3.7774453614374871e-05,-22737.393273772941,56994.723423830859,-24.029944716261241,107.10807322835241
-0.16262144758193994,0.063169735515900313,0.21345859341192802,3.7774453614374871e-05,-22737.393273772941,56994.723423830859,-24.029944716261241,107.10807322835241
0.16262144758193994,-0.063169735515900313,0.21345859341192802,3.7774453614374871e-05,-22737.393273772941,56994.723423830859,-24.029944716261241,107.10807322835241
-0.16262144758193994,-0.063169735515900313,0.21345859341192802,3.7774453614374871e-05,-22737.393273772941,56994.723423830859,-24.029944716261241,107.10807322835241
0.16192823295165379,0.070975941093236697,0.2131267041548455,3.2298026191082263e-05,-20176.426212224524,56185.624113794147,-20.788422266822238,103.86528195463337
-0.16192823295165379,0.070975941093236697,0.2131267041548455,3.2298026191082263e-05,-20176.426212224524,56185.624113794147,-20.788422266822238,103.86528195463337
0.16192823295165379,-0.070975941093236697,0.2131267041548455,3.2298026191082263e-05,-20176.426212224524,56185.624113794147,-20.788422266822238,103.86528195463337
-0.16192823295165379,-0.070975941093236697,0.2131267041548455,3.2298026191082263e-05,-20176.426212224524,56185.624113794147,-20.788422266822238,103.86528195463337
0.16156044919742002,0.080160331500698179,0.21247429979598678,2.7104940035040518e-05,-15767.085721322448,54818.753361248091,-9.1743635000915944,100.47833689142131
-0.16156044919742002,0.080160331500698179,0.21247429979598678,2.7104940035040518e-05,-15767.085721322448,54818.753361248091,-9.1743635000915944,100.47833689142131
0.16156044919742002,-0.080160331500698179,0.21247429979598678,2.7104940035040518e-05,-15767.085721322448,54818.753361248091,-9.1743635000915944,100.47833689142131
-0.16156044919742002,-0.080160331500698179,0.21247429979598678,2.7104940035040518e-05,-15767.085721322448,54818.753361248091,-9.1743635000915944,100.47833689142131
0.16147035956832234,0.085760995129015721,0.21194776604137747,2.2344816570335913e-05,-12422.145646792005,53566.498067921049,-3.7670292930917793,98.283504345614347
-0.16147035956832234,0.085760995129015721,0.21194776604137747,2.2344816570335913e-05,-12422.145646792005,53566.498067921049,-3.7670292930917793,98.283504345614347
0.16147035956832234,-0.085760995129015721,0.21194776604137747,2.2344816570335913e-05,-12422.145646792005,53566.498067921049,-3.7670292930917793,98.283504345614347
-0.16147035956832234,-0.085760995129015721,0.21194776604137747,2.2344816570335913e-05,-12422.145646792005,53566.498067921049,-3.7670292930917793,98.283504345614347
0.16233641909660648,0.091322467312254393,0.21114943261787253,3.0398528197079224e-05,-8188.529190856405,51760.273617362203,4.3679792869440366,90.951855879741785
-0.16233641909660648,0.091322467312254393,0.21114943261787253,3.0398528197079224e-05,-8188.529190856405,51760.273617362203,4.3679792869440366,90.951855879741785
0.16233641909660648,-0.091322467312254393,0.21114943261787253,3.0398528197079224e-05,-8188.529190856405,51760.273617362203,4.3679792869440366,90.951855879741785
-0.16233641909660648,-0.091322467312254393,0.21114943261787253,3.0398528197079224e-05,-8188.529190856405,51760.273617362203,4.3679792869440366,90.951855879741785
0.16231093907466157,0.12997906510840154,0.20511252293764268,1.9378388468056852e-05,21260.121129437812,21396.945899026381,48.207184421107122,23.82621729890861
-0.16231093907466157,0.12997906510840154,0.20511252293764268,1.9378388468056852e-05,21260.121129437812,21396.945899026381,48.207184421107122,23.82621729890861
0.16231093907466157,-0.12997906510840154,0.20511252293764268,1.9378388468056852e-05,21260.121129437812,21396.945899026381,48.207184421107122,23.82621729890861
-0.16231093907466157,-0.12997906510840154,0.20511252293764268,1.9378388468056852e-05,21260.121129437812,21396.945899026381,48.207184421107122,23.82621729890861
0.1626514267954233,0.1114598190296666,0.20830131377003236,2.6701664447365412e-05,7359.1197552966032,41226.797820406646,31.521552985234067,63.920391182994884
-0.1626514267954233,0.1114598190296666,0.20830131377003236,2.6701664447365412e-05,7359.1197552966032,41226.797820406646,31.521552985234067,63.920391182994884
0.1626514267954233,-0.1114598190296666,0.20830131377003236,2.6701664447365412e-05,7359.1197552966032,41226.797820406646,31.521552985234067,63.920391182994884
-0.1626514267954233,-0.1114598190296666,0.20830131377003236,2.6701664447365412e-05,7359.1197552966032,41226.797820406646,31.521552985234067,63.920391182994884
0.16882430849141439,0.12410846405718962,0.20395536603861236,4.3087126450250867e-05,18410.676015071098,26339.459422576274,45.195893931402011,29.617226295723555
-0.16882430849141439,0.12410846405718962,0.20395536603861236,4.3087126450250867e-05,18410.676015071098,26339.459422576274,45.195893931402011,29.617226295723555
0.16882430849141439,-0.12410846405718962,0.20395536603861236,4.3087126450250867e-05,18410.676015071098,26339.459422576274,45.195893931402011,29.617226295723555
-0.16882430849141439,-0.12410846405718962,0.20395536603861236,4.3087126450250867e-05,18410.676015071098,26339.459422576274,45.195893931402011,29.617226295723555
0.16902239552904447,0.11161428263510131,0.20625742489623536,2.8344395394416405e-05,10084.275237372398,38384.075708363329,35.865482050717688,60.286701114358017
-0.16902239552904447,0.11161428263510131,0.20625742489623536,2.8344395394416405e-05,10084.275237372398,38384.075708363329,35.865482050717688,60.286701114358017
0.16902239552904447,-0.11161428263510131,0.20625742489623536,2.8344395394416405e-05,10084.275237372398,38384.075708363329,35.865482050717688,60.286701114358017
-0.16902239552904447,-0.11161428263510131,0.20625742489623536,2.8344395394416405e-05,10084.275237372398,38384.075708363329,35.865482050717688,60.286701114358017
0.16838821392130907,0.11715368993291446,0.20544029126947397,2.7092301499958352e-05,13816.40935665223,33975.34853455679,41.386359587079582,44.975547936973058
-0.16838821392130907,0.11715368993291446,0.20544029126947397,2.7092301499958352e-05,13816.40935665223,33975.34853455679,41.386359587079582,44.975547936973058
0.16838821392130907,-0.11715368993291446,0.20544029126947397,2.7092301499958352e-05,13816.40935665223,33975.34853455679,41.386359587079582,44.975547936973058
-0.16838821392130907,-0.11715368993291446,0.20544029126947397,2.7092301499958352e-05,13816.40935665223,33975.34853455679,41.386359587079582,44.975547936973058
0.1721557865002061,0.10176084649549617,0.20688894311212913,2.5596023179940376e-05,5203.9249283112149,43555.047874353797,29.313285107184409,69.990747075328144
-0.1721557865002061,0.10176084649549617,0.20688894311212913,2.5596023179940376e-05,5203.9249283112149,43555.047874353797,29.313285107184409,69.990747075328144
0.1721557865002061,-0.10176084649549617,0.20688894311212913,2.5596023179940376e-05,5203.9249283112149,43555.047874353797,29.313285107184409,69.990747075328144
-0.1721557865002061,-0.10176084649549617,0.20688894311212913,2.5596023179940376e-05,5203.9249283112149,43555.047874353797,29.313285107184409,69.990747075328144
0.16996555526137755,0.0037033062948270833,0.21308007241739793,2.0001735689295522e-05,-22615.280279928618,58115.325874034803,-31.056332485624225,120.16679498519601
-0.16996555526137755,0.0037033062948270833,0.21308007241739793,2.0001735689295522e-05,-22615.280279928618,58115.325874034803,-31.056332485624225,120.16679498519601
0.16996555526137755,-0.0037033062948270833,0.21308007241739793,2.0001735689295522e-05,-22615.280279928618,58115.325874034803,-31.056332485624225,120.16679498519601
-0.16996555526137755,-0.0037033062948270833,0.21308007241739793,2.0001735689295522e-05,-22615.280279928618,58115.325874034803,-31.056332485624225,120.16679498519601
0.1720360006977576,0.013434582538214095,0.21277354729290476,2.696069630579248e-05,-19178.091909737501,58140.364027147298,-21.457202201151297,107.29765285082708
-0.1720360006977576,0.013434582538214095,0.21277354729290476,2.696069630579248e-05,-19178.091909737501,58140.364027147298,-21.457202201151297,107.29765285082708
0.1720360006977576,-0.013434582538214095,0.21277354729290476,2.696069630579248e-05,-19178.091909737501,58140.364027147298,-21.457202201151297,107.29765285082708
-0.1720360006977576,-0.013434582538214095,0.21277354729290476,2.696069630579248e-05,-19178.091909737501,58140.364027147298,-21.457202201151297,107.29765285082708
0.17210357006805335,0.024308493736522132,0.21276253720248986,2.8158231776871578e-05,-18495.402409383849,58167.776674263332,-18.129018137548741,105.32457330244775
-0.17210357006805335,0.024308493736522132,0.21276253720248986,2.8158231776871578e-05,-18495.402409383849,58167.776674263332,-18.129018137548741,105.32457330244775
0.17210357006805335,-0.024308493736522132,0.21276253720248986,2.8158231776871578e-05,-18495.402409383849,58167.776674263332,-18.129018137548741,105.32457330244775
-0.17210357006805335,-0.024308493736522132,0.21276253720248986,2.8158231776871578e-05,-18495.402409383849,58167.776674263332,-18.129018137548741,105.32457330244775
0.17185320866491061,0.036057604613858263,0.21269780643111674,2.3055055617288263e-05,-17831.491294362047,57966.878162864072,-16.822982759020249,102.00021770757084
-0.17185320866491061,0.036057604613858263,0.21269780643111674,2.3055055617288263e-05,-17831.491294362047,57966.878162864072,-16.822982759020249,102.00021770757084
0.17185320866491061,-0.036057604613858263,0.21269780643111674,2.3055055617288263e-05,-17831.491294362047,57966.878162864072,-16.822982759020249,102.00021770757084
-0.17185320866491061,-0.036057604613858263,0.21269780643111674,2.3055055617288263e-05,-17831.491294362047,57966.878162864072,-16.822982759020249,102.00021770757084
0.17079322596009994,0.044503009839753395,0.21266913689522962,2.930908129688734e-05,-18040.282092136462,57831.191094377951,-15.979879996408103,103.41553450574511
-0.17079322596009994,0.044503009839753395,0.21266913689522962,2.930908129688734e-05,-18040.282092136462,57831.191094377951,-15.979879996408103,103.41553450574511
0.17079322596009994,-0.044503009839753395,0.21266913689522962,2.930908129688734e-05,-18040.282092136462,57831.191094377951,-15.979879996408103,103.41553450574511
-0.17079322596009994,-0.044503009839753395,0.21266913689522962,2.930908129688734e-05,-18040.282092136462,57831.191094377951,-15.979879996408103,103.41553450574511
0.17193898119116563,0.055312765648778919,0.2119901737472058,2.3749149574277611e-05,-14381.734996038087,56913.548958235639,-8.2578846224235534,100.52673370074207
-0.17193898119116563,0.055312765648778919,0.2119901737472058,2.3749149574277611e-05,-14381.734996038087,56913.548958235639,-8.2578846224235534,100.52673370074207
0.17193898119116563,-0.055312765648778919,0.2119901737472058,2.3749149574277611e-05,-14381.734996038087,56913.548958235639,-8.2578846224235534,100.52673370074207
-0.17193898119116563,-0.055312765648778919,0.2119901737472058,2.3749149574277611e-05,-14381.734996038087,56913.548958235639,-8.2578846224235534,100.52673370074207
0.16966194112697394,0.064450813921917968,0.21186532986172071,2.7138617158645948e-05,-14620.149567229704,56325.964689213593,-8.1009010007594604,100.80990650952553
-0.16966194112697394,0.064450813921917968,0.21186532986172071,2.7138617158645948e-05,-14620.149567229704,56325.964689213593,-8.1009010007594604,100.80990650952553
0.16966194112697394,-0.064450813921917968,0.21186532986172071,2.7138617158645948e-05,-14620.149567229704,56325.964689213593,-8.1009010007594604,100.80990650952553
-0.16966194112697394,-0.064450813921917968,0.21186532986172071,2.7138617158645948e-05,-14620.149567229704,56325.964689213593,-8.1009010007594604,100.80990650952553
0.17102212746992523,0.074961655649112224,0.21065966485971402,3.1847925955660625e-05,-9413.8036163999568,54132.420456900225,2.9625930409522674,93.884537250554004
-0.17102212746992523,0.074961655649112224,0.21065966485971402,3.1847925955660625e-05,-9413.8036163999568,54132.420456900225,2.9625930409522674,93.884537250554004
0.17102212746992523,-0.074961655649112224,0.21065966485971402,3.1847925955660625e-05,-9413.8036163999568,54132.420456900225,2.9625930409522674,93.884537250554004
-0.17102212746992523,-0.074961655649112224,0.21065966485971402,3.1847925955660625e-05,-9413.8036163999568,54132.420456900225,2.9625930409522674,93.884537250554004
0.17055151372677185,0.081575178521141864,0.21007911055990316,3.335964905623415e-05,-6817.0785590184641,52688.067215857634,9.3432080604766714,93.78494394127776
-0.17055151372677185,0.081575178521141864,0.21007911055990316,3.335964905623415e-05,-6817.0785590184641,52688.067215857634,9.3432080604766714,93.78494394127776
0.17055151372677185,-0.081575178521141864,0.21007911055990316,3.335964905623415e-05,-6817.0785590184641,52688.067215857634,9.3432080604766714,93.78494394127776
-0.17055151372677185,-0.081575178521141864,0.21007911055990316,3.335964905623415e-05,-6817.0785590184641,52688.067215857634,9.3432080604766714,93.78494394127776
0.1716768578109017,0.08900506941669159,0.20888658197089019,3.3579115822562287e-05,-2323.5451240595225,49717.37222956495,14.977306617944572,85.821090335994128
-0.1716768578109017,0.08900506941669159,0.20888658197089019,3.3579115822562287e-05,-2323.5451240595225,49717.37222956495,14.977306617944572,85.821090335994128
0.1716768578109017,-0.08900506941669159,0.20888658197089019,3.3579115822562287e-05,-2323.5451240595225,49717.37222956495,14.977306617944572,85.821090335994128
-0.1716768578109017,-0.08900506941669159,0.20888658197089019,3.3579115822562287e-05,-2323.5451240595225,49717.37222956495,14.977306617944572,85.821090335994128
0.17139058779823271,0.096360099810828534,0.20796724595457683,3.2781719060655315e-05,1610.7999964409905,46760.99615097182,24.685156229658404,80.530341849544726
-0.17139058779823271,0.096360099810828534,0.20796724595457683,3.2781719060655315e-05,1610.7999964409905,46760.99615097182,24.685156229658404,80.530341849544726
0.17139058779823271,-0.096360099810828534,0.20796724595457683,3.2781719060655315e-05,1610.7999964409905,46760.99615097182,24.685156229658404,80.530341849544726
-0.17139058779823271,-0.096360099810828534,0.20796724595457683,3.2781719060655315e-05,1610.7999964409905,46760.99615097182,24.685156229658404,80.530341849544726
0.17292763483023757,0.12997105155553321,0.20122640756243876,2.0060212456102012e-05,21369.072716995779,16684.734284791575,49.687410600773283,15.93515057953406
-0.17292763483023757,0.12997105155553321,0.20122640756243876,2.0060212456102012e-05,21369.072716995779,16684.734284791575,49.687410600773283,15.93515057953406
0.17292763483023757,-0.12997105155553321,0.20122640756243876,2.0060212456102012e-05,21369.072716995779,16684.734284791575,49.687410600773283,15.93515057953406
-0.17292763483023757,-0.12997105155553321,0.20122640756243876,2.0060212456102012e-05,21369.072716995779,16684.734284791575,49.687410600773283,15.93515057953406
0.17425399213879678,0,0.21244517221058123,1.2112933454160864e-05,-16735.503012243546,57816.676043439773,-13.432816133222174,84.117725429929678
-0.17425399213879678,0,0.21244517221058123,1.2112933454160864e-05,-16735.503012243546,57816.676043439773,-13.432816133222174,84.117725429929678
0.17425399213879678,-0,0.21244517221058123,1.2112933454160864e-05,-16735.503012243546,57816.676043439773,-13.432816133222174,84.117725429929678
-0.17425399213879678,-0,0.21244517221058123,1.2112933454160864e-05,-16735.503012243546,57816.676043439773,-13.432816133222174,84.117725429929678
0.17517017563527956,0.12374112454933092,0.20173998158284853,3.0805410605647066e-05,19033.083332159189,23445.218897169605,45.747873998323037,24.407244295103546
-0.17517017563527956,0.12374112454933092,0.20173998158284853,3.0805410605647066e-05,19033.083332159189,23445.218897169605,45.747873998323037,24.407244295103546
0.17517017563527956,-0.12374112454933092,0.20173998158284853,3.0805410605647066e-05,19033.083332159189,23445.218897169605,45.747873998323037,24.407244295103546
-0.17517017563527956,-0.12374112454933092,0.20173998158284853,3.0805410605647066e-05,19033.083332159189,23445.218897169605,45.747873998323037,24.407244295103546
0.17685546317886691,0.11726152456779924,0.20250327940692045,3.2712373795621498e-05,16146.550879831959,29195.772759283518,44.672698370925751,40.081442742237449
-0.17685546317886691,0.11726152456779924,0.20250327940692045,3.2712373795621498e-05,16146.550879831959,29195.772759283518,44.672698370925751,40.081442742237449
0.17685546317886691,-0.11726152456779924,0.20250327940692045,3.2712373795621498e-05,16146.550879831959,29195.772759283518,44.672698370925751,40.081442742237449
-0.17685546317886691,-0.11726152456779924,0.20250327940692045,3.2712373795621498e-05,16146.550879831959,29195.772759283518,44.672698370925751,40.081442742237449
0.18093174193202308,0.11101201874854315,0.20231906424370885,3.9336393081284127e-05,14560.612305075916,31863.8583668143,45.620972601251815,47.534500044178145
-0.18093174193202308,0.11101201874854315,0.20231906424370885,3.9336393081284127e-05,14560.612305075916,31863.8583668143,45.620972601251815,47.534500044178145
0.18093174193202308,-0.11101201874854315,0.20231906424370885,3.9336393081284127e-05,14560.612305075916,31863.8583668143,45.620972601251815,47.534500044178145
-0.18093174193202308,-0.11101201874854315,0.20231906424370885,3.9336393081284127e-05,14560.612305075916,31863.8583668143,45.620972601251815,47.534500044178145
0.18095895972579928,0.0048865626621081119,0.21145252278510165,3.21672964131476e-05,-4921.9452054128524,56073.459428941664,8.6573369361048957,97.520373462192154
-0.18095895972579928,0.0048865626621081119,0.21145252278510165,3.21672964131476e-05,-4921.9452054128524,56073.459428941664,8.6573369361048957,97.520373462192154
0.18095895972579928,-0.0048865626621081119,0.21145252278510165,3.21672964131476e-05,-4921.9452054128524,56073.459428941664,8.6573369361048957,97.520373462192154
-0.18095895972579928,-0.0048865626621081119,0.21145252278510165,3.21672964131476e-05,-4921.9452054128524,56073.459428941664,8.6573369361048957,97.520373462192154
0.18134977727650739,0.016580676572280118,0.21139138457268983,2.428923462945053e-05,-4292.850622005456,55700.466665117936,7.2674043310256531,90.96875137181523
-0.18134977727650739,0.016580676572280118,0.21139138457268983,2.428923462945053e-05,-4292.850622005456,55700.466665117936,7.2674043310256531,90.96875137181523
0.18134977727650739,-0.016580676572280118,0.21139138457268983,2.428923462945053e-05,-4292.850622005456,55700.466665117936,7.2674043310256531,90.96875137181523
-0.18134977727650739,-0.016580676572280118,0.21139138457268983,2.428923462945053e-05,-4292.850622005456,55700.466665117936,7.2674043310256531,90.96875137181523
0.18098556293683229,0.027145611037986538,0.21135414922681353,2.6965583600921441e-05,-4629.0721476815752,55666.296613273691,8.0024723789479317,92.271224930488145
-0.18098556293683229,0.027145611037986538,0.21135414922681353,2.6965583600921441e-05,-4629.0721476815752,55666.296613273691,8.0024723789479317,92.271224930488145
0.18098556293683229,-0.027145611037986538,0.21135414922681353,2.6965583600921441e-05,-4629.0721476815752,55666.296613273691,8.0024723789479317,92.271224930488145
-0.18098556293683229,-0.027145611037986538,0.21135414922681353,2.6965583600921441e-05,-4629.0721476815752,55666.296613273691,8.0024723789479317,92.271224930488145
0.18012803185038473,0.03806381154550946,0.21119142364753135,3.0268950260566235e-05,-5566.5065027992778,55647.174022941028,8.1692645030560556,92.305518040447893
-0.18012803185038473,0.03806381154550946,0.21119142364753135,3.0268950260566235e-05,-5566.5065027992778,55647.174022941028,8.1692645030560556,92.305518040447893
0.18012803185038473,-0.03806381154550946,0.21119142364753135,3.0268950260566235e-05,-5566.5065027992778,55647.174022941028,8.1692645030560556,92.305518040447893
-0.18012803185038473,-0.03806381154550946,0.21119142364753135,3.0268950260566235e-05,-5566.5065027992778,55647.174022941028,8.1692645030560556,92.305518040447893
0.18125030001471759,0.048599324734376989,0.21043950404846543,2.267221714770182e-05,-3224.310749090866,54215.008424267653,13.020872757890331,89.492452024688461
-0.18125030001471759,0.048599324734376989,0.21043950404846543,2.267221714770182e-05,-3224.310749090866,54215.008424267653,13.020872757890331,89.492452024688461
0.18125030001471759,-0.048599324734376989,0.21043950404846543,2.267221714770182e-05,-3224.310749090866,54215.008424267653,13.020872757890331,89.492452024688461
-0.18125030001471759,-0.048599324734376989,0.21043950404846543,2.267221714770182e-05,-3224.310749090866,54215.008424267653,13.020872757890331,89.492452024688461
0.18179250409194761,0.058572936807182258,0.20955886008659119,2.963642416675279e-05,-1336.2988891157042,52604.736043856734,17.100161623263478,86.580367841112817
-0.18179250409194761,0.058572936807182258,0.20955886008659119,2.963642416675279e-05,-1336.2988891157042,52604.736043856734,17.100161623263478,86.580367841112817
0.18179250409194761,-0.058572936807182258,0.20955886008659119,2.963642416675279e-05,-1336.2988891157042,52604.736043856734,17.100161623263478,86.580367841112817
-0.18179250409194761,-0.058572936807182258,0.20955886008659119,2.963642416675279e-05,-1336.2988891157042,52604.736043856734,17.100161623263478,86.580367841112817
0.18040116937177991,0.068175158625146545,0.20898055852647562,2.9419962360053207e-05,-1188.1556865111038,51689.666663768097,20.89485322860623,88.209539301320291
-0.18040116937177991,0.068175158625146545,0.20898055852647562,2.9419962360053207e-05,-1188.1556865111038,51689.666663768097,20.89485322860623,88.209539301320291
0.18040116937177991,-0.068175158625146545,0.20898055852647562,2.9419962360053207e-05,-1188.1556865111038,51689.666663768097,20.89485322860623,88.209539301320291
-0.18040116937177991,-0.068175158625146545,0.20898055852647562,2.9419962360053207e-05,-1188.1556865111038,51689.666663768097,20.89485322860623,88.209539301320291
0.1816952530335694,0.078217714971327776,0.20746204036330232,3.443997417351942e-05,2688.1098737002908,48225.309371788055,28.108084145888956,80.985304954109353
-0.1816952530335694,0.078217714971327776,0.20746204036330232,3.443997417351942e-05,2688.1098737002908,48225.309371788055,28.108084145888956,80.985304954109353
0.1816952530335694,-0.078217714971327776,0.20746204036330232,3.443997417351942e-05,2688.1098737002908,48225.309371788055,28.108084145888956,80.985304954109353
-0.1816952530335694,-0.078217714971327776,0.20746204036330232,3.443997417351942e-05,2688.1098737002908,48225.309371788055,28.108084145888956,80.985304954109353
0.18045456503494994,0.085390901394279017,0.20687297117313308,4.7314518441423277e-05,3786.3868413631858,46492.033881039453,29.127083006647151,80.131597560010178
-0.18045456503494994,0.085390901394279017,0.20687297117313308,4.7314518441423277e-05,3786.3868413631858,46492.033881039453,29.127083006647151,80.131597560010178
0.18045456503494994,-0.085390901394279017,0.20687297117313308,4.7314518441423277e-05,3786.3868413631858,46492.033881039453,29.127083006647151,80.131597560010178
-0.18045456503494994,-0.085390901394279017,0.20687297117313308,4.7314518441423277e-05,3786.3868413631858,46492.033881039453,29.127083006647151,80.131597560010178
0.18038371436221834,0.09356482440999854,0.20564433663718293,3.1036447901284535e-05,6674.2353379150481,43095.959873919805,34.034286838118341,70.871921997243646
-0.18038371436221834,0.09356482440999854,0.20564433663718293,3.1036447901284535e-05,6674.2353379150481,43095.959873919805,34.034286838118341,70.871921997243646
0.18038371436221834,-0.09356482440999854,0.20564433663718293,3.1036447901284535e-05,6674.2353379150481,43095.959873919805,34.034286838118341,70.871921997243646
-0.18038371436221834,-0.09356482440999854,0.20564433663718293,3.1036447901284535e-05,6674.2353379150481,43095.959873919805,34.034286838118341,70.871921997243646
0.18172632784568038,0.098667866423058609,0.20436251299919148,2.4870391886886353e-05,9632.8651016056174,39517.916986800708,38.104349668338813,62.340255682346744
-0.18172632784568038,0.098667866423058609,0.20436251299919148,2.4870391886886353e-05,9632.8651016056174,39517.916986800708,38.104349668338813,62.340255682346744
0.18172632784568038,-0.098667866423058609,0.20436251299919148,2.4870391886886353e-05,9632.8651016056174,39517.916986800708,38.104349668338813,62.340255682346744
-0.18172632784568038,-0.098667866423058609,0.20436251299919148,2.4870391886886353e-05,9632.8651016056174,39517.916986800708,38.104349668338813,62.340255682346744
0.18162672742674302,0.10473998434368775,0.20327922347153118,3.3538773461025414e-05,12077.599989225477,35858.839656066106,41.669891302743288,57.692797440403695
-0.18162672742674302,0.10473998434368775,0.20327922347153118,3.3538773461025414e-05,12077.599989225477,35858.839656066106,41.669891302743288,57.692797440403695
0.18162672742674302,-0.10473998434368775,0.20327922347153118,3.3538773461025414e-05,12077.599989225477,35858.839656066106,41.669891302743288,57.692797440403695
-0.18162672742674302,-0.10473998434368775,0.20327922347153118,3.3538773461025414e-05,12077.599989225477,35858.839656066106,41.669891302743288,57.692797440403695
0.18127724528312683,0.12999999523162842,0.19796448945999146,1.7288701712152829e-05,21039.838936545795,12133.856079752524,50.387463329520614,6.4770716433117235
-0.18127724528312683,0.12999999523162842,0.19796448945999146,1.7288701712152829e-05,21039.838936545795,12133.856079752524,50.387463329520614,6.4770716433117235
0.18127724528312683,-0.12999999523162842,0.19796448945999146,1.7288701712152829e-05,21039.838936545795,12133.856079752524,50.387463329520614,6.4770716433117235
-0.18127724528312683,-0.12999999523162842,0.19796448945999146,1.7288701712152829e-05,21039.838936545795,12133.856079752524,50.387463329520614,6.4770716433117235
0.18202906809040045,0.12338582889200164,0.19922433673984161,2.5089710209599291e-05,19526.283429947016,19597.062524179775,45.347749188109972,19.773769876758884
-0.18202906809040045,0.12338582889200164,0.19922433673984161,2.5089710209599291e-05,19526.283429947016,19597.062524179775,45.347749188109972,19.773769876758884
0.18202906809040045,-0.12338582889200164,0.19922433673984161,2.5089710209599291e-05,19526.283429947016,19597.062524179775,45.347749188109972,19.773769876758884
-0.18202906809040045,-0.12338582889200164,0.19922433673984161,2.5089710209599291e-05,19526.283429947016,19597.062524179775,45.347749188109972,19.773769876758884
0.18875204026699066,0.12999996542930603,0.19489535689353943,2.5225253679569589e-05,20173.599571309907,7515.8404114359255,46.933185592724172,1.1864064354220061
-0.18875204026699066,0.12999996542930603,0.19489535689353943,2.5225253679569589e-05,20173.599571309907,7515.8404114359255,46.933185592724172,1.1864064354220061
0.18875204026699066,-0.12999996542930603,0.19489535689353943,2.5225253679569589e-05,20173.599571309907,7515.8404114359255,46.933185592724172,1.1864064354220061
-0.18875204026699066,-0.12999996542930603,0.19489535689353943,2.5225253679569589e-05,20173.599571309907,7515.8404114359255,46.933185592724172,1.1864064354220061
0.19004903821955021,0.12169196299877567,0.19648265171089202,4.1676178908748634e-05,19754.081278668393,15367.228821829356,46.059956166294981,13.961239195517029
-0.19004903821955021,0.12169196299877567,0.19648265171089202,4.1676178908748634e-05,19754.081278668393,15367.228821829356,46.059956166294981,13.961239195517029
0.19004903821955021,-0.12169196299877567,0.19648265171089202,4.1676178908748634e-05,19754.081278668393,15367.228821829356,46.059956166294981,13.961239195517029
-0.19004903821955021,-0.12169196299877567,0.19648265171089202,4.1676178908748634e-05,19754.081278668393,15367.228821829356,46.059956166294981,13.961239195517029
0.18943764777343056,0.0084287750475942006,0.21019727408237185,2.2842511098171448e-05,9256.0955511354096,49916.563799812298,28.83974224824167,67.040080867299991
-0.18943764777343056,0.0084287750475942006,0.21019727408237185,2.2842511098171448e-05,9256.0955511354096,49916.563799812298,28.83974224824167,67.040080867299991
0.18943764777343056,-0.0084287750475942006,0.21019727408237185,2.2842511098171448e-05,9256.0955511354096,49916.563799812298,28.83974224824167,67.040080867299991
-0.18943764777343056,-0.0084287750475942006,0.21019727408237185,2.2842511098171448e-05,9256.0955511354096,49916.563799812298,28.83974224824167,67.040080867299991
0.19040182737276892,0.018634230386724699,0.20994676982158736,2.4183469770002218e-05,10632.212475488597,48778.868516231523,30.903486598050996,66.349957200716702
-0.19040182737276892,0.018634230386724699,0.20994676982158736,2.4183469770002218e-05,10632.212475488597,48778.868516231523,30.903486598050996,66.349957200716702
0.19040182737276892,-0.018634230386724699,0.20994676982158736,2.4183469770002218e-05,10632.212475488597,48778.868516231523,30.903486598050996,66.349957200716702
-0.19040182737276892,-0.018634230386724699,0.20994676982158736,2.4183469770002218e-05,10632.212475488597,48778.868516231523,30.903486598050996,66.349957200716702
0.19033969023292263,0.030047017072164135,0.20960118147865919,2.7271809501962976e-05,10163.866973230088,48536.390995022761,33.018650429409341,68.54759745242346
-0.19033969023292263,0.030047017072164135,0.20960118147865919,2.7271809501962976e-05,10163.866973230088,48536.390995022761,33.018650429409341,68.54759745242346
0.19033969023292263,-0.030047017072164135,0.20960118147865919,2.7271809501962976e-05,10163.866973230088,48536.390995022761,33.018650429409341,68.54759745242346
-0.19033969023292263,-0.030047017072164135,0.20960118147865919,2.7271809501962976e-05,10163.866973230088,48536.390995022761,33.018650429409341,68.54759745242346
0.19035032567886784,0.041304931437047068,0.20897228511614915,2.5852108040359397e-05,9830.0509356617004,47924.417184044098,36.998471659003791,67.756722932957274
-0.19035032567886784,0.041304931437047068,0.20897228511614915,2.5852108040359397e-05,9830.0509356617004,47924.417184044098,36.998471659003791,67.756722932957274
0.19035032567886784,-0.041304931437047068,0.20897228511614915,2.5852108040359397e-05,9830.0509356617004,47924.417184044098,36.998471659003791,67.756722932957274
-0.19035032567886784,-0.041304931437047068,0.20897228511614915,2.5852108040359397e-05,9830.0509356617004,47924.417184044098,36.998471659003791,67.756722932957274
0.18960238610514252,0.050868461349966344,0.20838349543242726,3.1214099828870481e-05,8613.8349930582754,47566.058031478278,34.020978703580695,73.656923496424312
-0.18960238610514252,0.050868461349966344,0.20838349543242726,3.1214099828870481e-05,8613.8349930582754,47566.058031478278,34.020978703580695,73.656923496424312
0.18960238610514252,-0.050868461349966344,0.20838349543242726,3.1214099828870481e-05,8613.8349930582754,47566.058031478278,34.020978703580695,73.656923496424312
-0.18960238610514252,-0.050868461349966344,0.20838349543242726,3.1214099828870481e-05,8613.8349930582754,47566.058031478278,34.020978703580695,73.656923496424312
0.19073471743860862,0.061037378893572691,0.20709544523954806,2.3762253977688436e-05,10357.8176816946,44860.181085808574,38.19636949437924,67.160534242701047
-0.19073471743860862,0.061037378893572691,0.20709544523954806,2.3762253977688436e-05,10357.8176816946,44860.181085808574,38.19636949437924,67.160534242701047
0.19073471743860862,-0.061037378893572691,0.20709544523954806,2.3762253977688436e-05,10357.8176816946,44860.181085808574,38.19636949437924,67.160534242701047
-0.19073471743860862,-0.061037378893572691,0.20709544523954806,2.3762253977688436e-05,10357.8176816946,44860.181085808574,38.19636949437924,67.160534242701047
0.19100504349162978,0.071427256594038022,0.2057268336255936,2.8100044291131901e-05,11336.046638882588,42294.622439447237,42.204749477155687,64.890600216411428
-0.19100504349162978,0.071427256594038022,0.2057268336255936,2.8100044291131901e-05,11336.046638882588,42294.622439447237,42.204749477155687,64.890600216411428
0.19100504349162978,-0.071427256594038022,0.2057268336255936,2.8100044291131901e-05,11336.046638882588,42294.622439447237,42.204749477155687,64.890600216411428
-0.19100504349162978,-0.071427256594038022,0.2057268336255936,2.8100044291131901e-05,11336.046638882588,42294.622439447237,42.204749477155687,64.890600216411428
0.19114299492650169,0.079921201254611024,0.20445679585294696,2.268333520239325e-05,12367.574635093035,39559.311212147164,44.326280884865334,62.057873140733562
-0.19114299492650169,0.079921201254611024,0.20445679585294696,2.268333520239325e-05,12367.574635093035,39559.311212147164,44.326280884865334,62.057873140733562
0.19114299492650169,-0.079921201254611024,0.20445679585294696,2.268333520239325e-05,12367.574635093035,39559.311212147164,44.326280884865334,62.057873140733562
-0.19114299492650169,-0.079921201254611024,0.20445679585294696,2.268333520239325e-05,12367.574635093035,39559.311212147164,44.326280884865334,62.057873140733562
0.19130809543128136,0.08872480387308096,0.20294926353627257,3.2735147540397249e-05,13777.824526494338,36049.158802936327,46.158573437343712,55.642257920344143
-0.19130809543128136,0.08872480387308096,0.20294926353627257,3.2735147540397249e-05,13777.824526494338,36049.158802936327,46.158573437343712,55.642257920344143
0.19130809543128136,-0.08872480387308096,0.20294926353627257,3.2735147540397249e-05,13777.824526494338,36049.158802936327,46.158573437343712,55.642257920344143
-0.19130809543128136,-0.08872480387308096,0.20294926353627257,3.2735147540397249e-05,13777.824526494338,36049.158802936327,46.158573437343712,55.642257920344143
0.18981519807795696,0.096053124609077348,0.20212572570543352,3.4320202574105158e-05,14126.631067603452,34154.869310385526,47.218997656730842,52.631064309894946
-0.18981519807795696,0.096053124609077348,0.20212572570543352,3.4320202574105158e-05,14126.631067603452,34154.869310385526,47.218997656730842,52.631064309894946
0.18981519807795696,-0.096053124609077348,0.20212572570543352,3.4320202574105158e-05,14126.631067603452,34154.869310385526,47.218997656730842,52.631064309894946
-0.18981519807795696,-0.096053124609077348,0.20212572570543352,3.4320202574105158e-05,14126.631067603452,34154.869310385526,47.218997656730842,52.631064309894946
0.19020362617709038,0.10254322725199447,0.20073522716788594,3.1894601290122033e-05,15872.004855014859,30088.932236302684,49.064311633292718,44.447962164351587
-0.19020362617709038,0.10254322725199447,0.20073522716788594,3.1894601290122033e-05,15872.004855014859,30088.932236302684,49.064311633292718,44.447962164351587
0.19020362617709038,-0.10254322725199447,0.20073522716788594,3.1894601290122033e-05,15872.004855014859,30088.932236302684,49.064311633292718,44.447962164351587
-0.19020362617709038,-0.10254322725199447,0.20073522716788594,3.1894601290122033e-05,15872.004855014859,30088.932236302684,49.064311633292718,44.447962164351587
0.19121770913276148,0.10857525293703736,0.19908482321797277,2.7289487851229733e-05,17642.060095056335,25136.710429176899,51.23901234517232,35.812233124639398
-0.19121770913276148,0.10857525293703736,0.19908482321797277,2.7289487851229733e-05,17642.060095056335,25136.710429176899,51.23901234517232,35.812233124639398
0.19121770913276148,-0.10857525293703736,0.19908482321797277,2.7289487851229733e-05,17642.060095056335,25136.710429176899,51.23901234517232,35.812233124639398
-0.19121770913276148,-0.10857525293703736,0.19908482321797277,2.7289487851229733e-05,17642.060095056335,25136.710429176899,51.23901234517232,35.812233124639398
0.19498476386070251,0.12999050319194794,0.19222714006900787,1.3293561994566491e-05,19033.533360525525,2899.648401372966,42.948198319555502,-6.6717183649620235
-0.19498476386070251,0.12999050319194794,0.19222714006900787,1.3293561994566491e-05,19033.533360525525,2899.648401372966,42.948198319555502,-6.6717183649620235
0.19498476386070251,-0.12999050319194794,0.19222714006900787,1.3293561994566491e-05,19033.533360525525,2899.648401372966,42.948198319555502,-6.6717183649620235
-0.19498476386070251,-0.12999050319194794,0.19222714006900787,1.3293561994566491e-05,19033.533360525525,2899.648401372966,42.948198319555502,-6.6717183649620235
0.19919788837432861,0.12947861850261688,0.19051244854927063,2.0970269694345723e-06,18098.015911518549,-194.01085001745773,39.668631690319437,-27.870161207008625
-0.19919788837432861,0.12947861850261688,0.19051244854927063,2.0970269694345723e-06,18098.015911518549,-194.01085001745773,39.668631690319437,-27.870161207008625
0.19919788837432861,-0.12947861850261688,0.19051244854927063,2.0970269694345723e-06,18098.015911518549,-194.01085001745773,39.668631690319437,-27.870161207008625
-0.19919788837432861,-0.12947861850261688,0.19051244854927063,2.0970269694345723e-06,18098.015911518549,-194.01085001745773,39.668631690319437,-27.870161207008625
0.19998538494110107,0.12674009799957275,0.19094772636890411,1.1010556668179547e-05,18516.373532084712,1803.2413127935545,48.859756633996042,-8.7405124053705698
-0.19998538494110107,0.12674009799957275,0.19094772636890411,1.1010556668179547e-05,18516.373532084712,1803.2413127935545,48.859756633996042,-8.7405124053705698
0.19998538494110107,-0.12674009799957275,0.19094772636890411,1.1010556668179547e-05,18516.373532084712,1803.2413127935545,48.859756633996042,-8.7405124053705698
-0.19998538494110107,-0.12674009799957275,0.19094772636890411,1.1010556668179547e-05,18516.373532084712,1803.2413127935545,48.859756633996042,-8.7405124053705698
0.20000000298023224,0,0.20863354206085205,4.5599338361529882e-06,25671.053084852854,35540.568863339431,39.147549647173271,31.941376243768826
-0.20000000298023224,0,0.20863354206085205,4.5599338361529882e-06,25671.053084852854,35540.568863339431,39.147549647173271,31.941376243768826
0.20000000298023224,-0,0.20863354206085205,4.5599338361529882e-06,25671.053084852854,35540.568863339431,39.147549647173271,31.941376243768826
-0.20000000298023224,-0,0.20863354206085205,4.5599338361529882e-06,25671.053084852854,35540.568863339431,39.147549647173271,31.941376243768826
0.20000000298023224,0.010799449700023082,0.20850370276601005,2.0005766431201794e-05,25611.581558233447,35258.989550503524,40.619994933707488,37.63939112256039
-0.20000000298023224,0.010799449700023082,0.20850370276601005,2.0005766431201794e-05,25611.581558233447,35258.989550503524,40.619994933707488,37.63939112256039
0.20000000298023224,-0.010799449700023082,0.20850370276601005,2.0005766431201794e-05,25611.581558233447,35258.989550503524,40.619994933707488,37.63939112256039
-0.20000000298023224,-0.010799449700023082,0.20850370276601005,2.0005766431201794e-05,25611.581558233447,35258.989550503524,40.619994933707488,37.63939112256039
0.19979460744888808,0.022714708121805018,0.20811178807446476,1.3056347569238757e-05,24737.093090537521,35476.203722975275,45.931132969165574,40.247243505779259
-0.19979460744888808,0.022714708121805018,0.20811178807446476,1.3056347569238757e-05,24737.093090537521,35476.203722975275,45.931132969165574,40.247243505779259
0.19979460744888808,-0.022714708121805018,0.20811178807446476,1.3056347569238757e-05,24737.093090537521,35476.203722975275,45.931132969165574,40.247243505779259
-0.19979460744888808,-0.022714708121805018,0.20811178807446476,1.3056347569238757e-05,24737.093090537521,35476.203722975275,45.931132969165574,40.247243505779259
0.19977658493997486,0.033248403263990409,0.20748662366206833,1.3627148250238996e-05,23886.041437122476,35181.377453811474,50.904229726220102,44.112584328967287
-0.19977658493997486,0.033248403263990409,0.20748662366206833,1.3627148250238996e-05,23886.041437122476,35181.377453811474,50.904229726220102,44.112584328967287
0.19977658493997486,-0.033248403263990409,0.20748662366206833,1.3627148250238996e-05,23886.041437122476,35181.377453811474,50.904229726220102,44.112584328967287
-0.19977658493997486,-0.033248403263990409,0.20748662366206833,1.3627148250238996e-05,23886.041437122476,35181.377453811474,50.904229726220102,44.112584328967287
0.20000000298023224,0.043711751699447632,0.20656460523605347,1.338406706558306e-05,23252.130167815161,34134.463036339293,53.52265525173874,45.12619159468521
-0.20000000298023224,0.043711751699447632,0.20656460523605347,1.338406706558306e-05,23252.130167815161,34134.463036339293,53.52265525173874,45.12619159468521
0.20000000298023224,-0.043711751699447632,0.20656460523605347,1.338406706558306e-05,23252.130167815161,34134.463036339293,53.52265525173874,45.12619159468521
-0.20000000298023224,-0.043711751699447632,0.20656460523605347,1.338406706558306e-05,23252.130167815161,34134.463036339293,53.52265525173874,45.12619159468521
0.20000000298023224,0.054299582785444798,0.20543440049716444,1.2761983530165302e-05,22345.892825632047,32971.244090111744,57.725152662616473,46.446150846567733
-0.20000000298023224,0.054299582785444798,0.20543440049716444,1.2761983530165302e-05,22345.892825632047,32971.244090111744,57.725152662616473,46.446150846567733
0.20000000298023224,-0.054299582785444798,0.20543440049716444,1.2761983530165302e-05,22345.892825632047,32971.244090111744,57.725152662616473,46.446150846567733
-0.20000000298023224,-0.054299582785444798,0.20543440049716444,1.2761983530165302e-05,22345.892825632047,32971.244090111744,57.725152662616473,46.446150846567733
0.20000000298023224,0.064554955063843053,0.2041036462332344,1.2036046561125372e-05,21601.939627010535,31308.895345686673,62.8841319621812,47.351784185165947
-0.20000000298023224,0.064554955063843053,0.2041036462332344,1.2036046561125372e-05,21601.939627010535,31308.895345686673,62.8841319621812,47.351784185165947
0.20000000298023224,-0.064554955063843053,0.2041036462332344,1.2036046561125372e-05,21601.939627010535,31308.895345686673,62.8841319621812,47.351784185165947
-0.20000000298023224,-0.064554955063843053,0.2041036462332344,1.2036046561125372e-05,21601.939627010535,31308.895345686673,62.8841319621812,47.351784185165947
0.20000000298023224,0.073512479662895203,0.20275777578353882,1.2355687196563804e-05,21132.028255176429,29309.166122793256,67.145950763537954,45.626118720981296
-0.20000000298023224,0.073512479662895203,0.20275777578353882,1.2355687196563804e-05,21132.028255176429,29309.166122793256,67.145950763537954,45.626118720981296
0.20000000298023224,-0.073512479662895203,0.20275777578353882,1.2355687196563804e-05,21132.028255176429,29309.166122793256,67.145950763537954,45.626118720981296
-0.20000000298023224,-0.073512479662895203,0.20275777578353882,1.2355687196563804e-05,21132.028255176429,29309.166122793256,67.145950763537954,45.626118720981296
0.20000000298023224,0.084236949512661696,0.20088953416691099,1.5447064848390627e-05,20797.75937541822,26107.625940133057,71.528799980373051,40.439626390334972
-0.20000000298023224,0.084236949512661696,0.20088953416691099,1.5447064848390627e-05,20797.75937541822,26107.625940133057,71.528799980373051,40.439626390334972
0.20000000298023224,-0.084236949512661696,0.20088953416691099,1.5447064848390627e-05,20797.75937541822,26107.625940133057,71.528799980373051,40.439626390334972
-0.20000000298023224,-0.084236949512661696,0.20088953416691099,1.5447064848390627e-05,20797.75937541822,26107.625940133057,71.528799980373051,40.439626390334972
0.20000000298023224,0.091820452475759651,0.199426235097594,1.6901261264390374e-05,20682.516255166156,23251.288484136046,74.085073660578246,36.423691101962305
-0.20000000298023224,0.091820452475759651,0.199426235097594,1.6901261264390374e-05,20682.516255166156,23251.288484136046,74.085073660578246,36.423691101962305
0.20000000298023224,-0.091820452475759651,0.199426235097594,1.6901261264390374e-05,20682.516255166156,23251.288484136046,74.085073660578246,36.423691101962305
-0.20000000298023224,-0.091820452475759651,0.199426235097594,1.6901261264390374e-05,20682.516255166156,23251.288484136046,74.085073660578246,36.423691101962305
0.20000000298023224,0.098696678876876831,0.19798706471920013,2.3701391596975874e-05,20549.970442526159,20244.68490965099,71.763109054211327,30.877468348041788
-0.20000000298023224,0.098696678876876831,0.19798706471920013,2.3701391596975874e-05,20549.970442526159,20244.68490965099,71.763109054211327,30.877468348041788
0.20000000298023224,-0.098696678876876831,0.19798706471920013,2.3701391596975874e-05,20549.970442526159,20244.68490965099,71.763109054211327,30.877468348041788
-0.20000000298023224,-0.098696678876876831,0.19798706471920013,2.3701391596975874e-05,20549.970442526159,20244.68490965099,71.763109054211327,30.877468348041788
0.19990012612172373,0.10641166363785198,0.19626811105918471,1.9718908784026853e-05,20466.739860873629,16281.23681764349,72.283988765440739,22.148175999229977
-0.19990012612172373,0.10641166363785198,0.19626811105918471,1.9718908784026853e-05,20466.739860873629,16281.23681764349,72.283988765440739,22.148175999229977
0.19990012612172373,-0.10641166363785198,0.19626811105918471,1.9718908784026853e-05,20466.739860873629,16281.23681764349,72.283988765440739,22.148175999229977
-0.19990012612172373,-0.10641166363785198,0.19626811105918471,1.9718908784026853e-05,20466.739860873629,16281.23681764349,72.283988765440739,22.148175999229977
0.20000000298023224,0.11219281703233719,0.19482865929603577,1.4745921343938807e-05,20377.404313855528,12540.319998040954,70.877414437580185,12.240146871051182
-0.20000000298023224,0.11219281703233719,0.19482865929603577,1.4745921343938807e-05,20377.404313855528,12540.319998040954,70.877414437580185,12.240146871051182
0.20000000298023224,-0.11219281703233719,0.19482865929603577,1.4745921343938807e-05,20377.404313855528,12540.319998040954,70.877414437580185,12.240146871051182
-0.20000000298023224,-0.11219281703233719,0.19482865929603577,1.4745921343938807e-05,20377.404313855528,12540.319998040954,70.877414437580185,12.240146871051182
0.20000000298023224,0.11783020943403244,0.19338229298591614,1.1815389307767687e-05,19943.834840379659,8772.2721096506175,68.628765877103547,4.7031234147933052
-0.20000000298023224,0.11783020943403244,0.19338229298591614,1.1815389307767687e-05,19943.834840379659,8772.2721096506175,68.628765877103547,4.7031234147933052
0.20000000298023224,-0.11783020943403244,0.19338229298591614,1.1815389307767687e-05,19943.834840379659,8772.2721096506175,68.628765877103547,4.7031234147933052
-0.20000000298023224,-0.11783020943403244,0.19338229298591614,1.1815389307767687e-05,19943.834840379659,8772.2721096506175,68.628765877103547,4.7031234147933052
0.011706496588885784,0.063452380709350109,0.23269139602780342,1.800959511880164e-05,-79979.757553684918,-13379.14098861262,-176.18304817244763,-14.217324855255351
-0.011706496588885784,0.063452380709350109,0.23269139602780342,1.800959511880164e-05,-79979.757553684918,-13379.14098861262,-176.18304817244763,-14.217324855255351
0.011706496588885784,-0.063452380709350109,0.23269139602780342,1.800959511880164e-05,-79979.757553684918,-13379.14098861262,-176.18304817244763,-14.217324855255351
-0.011706496588885784,-0.063452380709350109,0.23269139602780342,1.800959511880164e-05,-79979.757553684918,-13379.14098861262,-176.18304817244763,-14.217324855255351
0.0035262801716591336,0.11793382214027048,0.23284341951579149,2.3182470040352726e-05,-23971.734154980779,37676.079117503868,-16.777991677573283,51.649390002392806
-0.0035262801716591336,0.11793382214027048,0.23284341951579149,2.3182470040352726e-05,-23971.734154980779,37676.079117503868,-16.777991677573283,51.649390002392806
0.0035262801716591336,-0.11793382214027048,0.23284341951579149,2.3182470040352726e-05,-23971.734154980779,37676.079117503868,-16.777991677573283,51.649390002392806
-0.0035262801716591336,-0.11793382214027048,0.23284341951579149,2.3182470040352726e-05,-23971.734154980779,37676.079117503868,-16.777991677573283,51.649390002392806
0.068130551142623702,0.094799880550145654,0.22808683588408474,3.5148783260822774e-05,-48934.174041763006,26928.74372786914,-95.312951523259244,72.064813846023
-0.068130551142623702,0.094799880550145654,0.22808683588408474,3.5148783260822774e-05,-48934.174041763006,26928.74372786914,-95.312951523259244,72.064813846023
0.068130551142623702,-0.094799880550145654,0.22808683588408474,3.5148783260822774e-05,-48934.174041763006,26928.74372786914,-95.312951523259244,72.064813846023
-0.068130551142623702,-0.094799880550145654,0.22808683588408474,3.5148783260822774e-05,-48934.174041763006,26928.74372786914,-95.312951523259244,72.064813846023
0.068209237447552029,0.11673384614056774,0.22810414985755029,2.3021665696096895e-05,-14950.054634894192,38406.517989837484,-10.803687418687137,54.773927480268938
-0.068209237447552029,0.11673384614056774,0.22810414985755029,2.3021665696096895e-05,-14950.054634894192,38406.517989837484,-10.803687418687137,54.773927480268938
0.068209237447552029,-0.11673384614056774,0.22810414985755029,2.3021665696096895e-05,-14950.054634894192,38406.517989837484,-10.803687418687137,54.773927480268938
-0.068209237447552029,-0.11673384614056774,0.22810414985755029,2.3021665696096895e-05,-14950.054634894192,38406.517989837484,-10.803687418687137,54.773927480268938
0.013128608127542966,0.053444749291495147,0.23270602388179473,1.7789366212731437e-05,-82441.415031363882,-20439.16452517029,-191.98471034088453,-36.990870182345205
-0.013128608127542966,0.053444749291495147,0.23270602388179473,1.7789366212731437e-05,-82441.415031363882,-20439.16452517029,-191.98471034088453,-36.990870182345205
0.013128608127542966,-0.053444749291495147,0.23270602388179473,1.7789366212731437e-05,-82441.415031363882,-20439.16452517029,-191.98471034088453,-36.990870182345205
-0.013128608127542966,-0.053444749291495147,0.23270602388179473,1.7789366212731437e-05,-82441.415031363882,-20439.16452517029,-191.98471034088453,-36.990870182345205
0.073569598202618602,0.095546250585988604,0.22732699531206424,2.0107416868259434e-05,-46495.593322067711,28968.017584281606,-87.141918590577447,71.771974387302706
-0.073569598202618602,0.095546250585988604,0.22732699531206424,2.0107416868259434e-05,-46495.593322067711,28968.017584281606,-87.141918590577447,71.771974387302706
0.073569598202618602,-0.095546250585988604,0.22732699531206424,2.0107416868259434e-05,-46495.593322067711,28968.017584281606,-87.141918590577447,71.771974387302706
-0.073569598202618602,-0.095546250585988604,0.22732699531206424,2.0107416868259434e-05,-46495.593322067711,28968.017584281606,-87.141918590577447,71.771974387302706
0.03948402797717164,0.12931401458354008,0.23128513148581967,1.6122586681204818e-06,1055.4895626497123,35288.791350166022,9.5252325834836142,26.712829478282782
-0.03948402797717164,0.12931401458354008,0.23128513148581967,1.6122586681204818e-06,1055.4895626497123,35288.791350166022,9.5252325834836142,26.712829478282782
0.03948402797717164,-0.12931401458354008,0.23128513148581967,1.6122586681204818e-06,1055.4895626497123,35288.791350166022,9.5252325834836142,26.712829478282782
-0.03948402797717164,-0.12931401458354008,0.23128513148581967,1.6122586681204818e-06,1055.4895626497123,35288.791350166022,9.5252325834836142,26.712829478282782
0.035394549973843725,0.074328223191563819,0.23159835611076793,2.3089628413875328e-05,-73289.05832850431,-363.83971895311817,-151.04043039643486,16.503246457036578
-0.035394549973843725,0.074328223191563819,0.23159835611076793,2.3089628413875328e-05,-73289.05832850431,-363.83971895311817,-151.04043039643486,16.503246457036578
0.035394549973843725,-0.074328223191563819,0.23159835611076793,2.3089628413875328e-05,-73289.05832850431,-363.83971895311817,-151.04043039643486,16.503246457036578
-0.035394549973843725,-0.074328223191563819,0.23159835611076793,2.3089628413875328e-05,-73289.05832850431,-363.83971895311817,-151.04043039643486,16.503246457036578
0.0060833326497002236,0.12229807562713958,0.23284450073690935,9.029588121442459e-06,-15560.159180258042,38361.027743936058,-3.1140891243138906,33.622139841650771
-0.0060833326497002236,0.12229807562713958,0.23284450073690935,9.029588121442459e-06,-15560.159180258042,38361.027743936058,-3.1140891243138906,33.622139841650771
0.0060833326497002236,-0.12229807562713958,0.23284450073690935,9.029588121442459e-06,-15560.159180258042,38361.027743936058,-3.1140891243138906,33.622139841650771
-0.0060833326497002236,-0.12229807562713958,0.23284450073690935,9.029588121442459e-06,-15560.159180258042,38361.027743936058,-3.1140891243138906,33.622139841650771
0.080671795873844127,0.12217110534971647,0.22625488505563796,1.0252669055973612e-05,-1961.8500784463256,37899.138729230835,5.8398782607977511,39.136007564340687
-0.080671795873844127,0.12217110534971647,0.22625488505563796,1.0252669055973612e-05,-1961.8500784463256,37899.138729230835,5.8398782607977511,39.136007564340687
0.080671795873844127,-0.12217110534971647,0.22625488505563796,1.0252669055973612e-05,-1961.8500784463256,37899.138729230835,5.8398782607977511,39.136007564340687
-0.080671795873844127,-0.12217110534971647,0.22625488505563796,1.0252669055973612e-05,-1961.8500784463256,37899.138729230835,5.8398782607977511,39.136007564340687
0.021594327094812179,0.066204756557475986,0.23239393023641608,1.3409261833347106e-05,-78420.925763165156,-9947.5387311903323,-167.53870214483419,-5.6365330667298474
-0.021594327094812179,0.066204756557475986,0.23239393023641608,1.3409261833347106e-05,-78420.925763165156,-9947.5387311903323,-167.53870214483419,-5.6365330667298474
0.021594327094812179,-0.066204756557475986,0.23239393023641608,1.3409261833347106e-05,-78420.925763165156,-9947.5387311903323,-167.53870214483419,-5.6365330667298474
-0.021594327094812179,-0.066204756557475986,0.23239393023641608,1.3409261833347106e-05,-78420.925763165156,-9947.5387311903323,-167.53870214483419,-5.6365330667298474
0.12350332716535629,0.044488969626916085,0.21995872496764479,2.9694363997553206e-05,-63557.902782807912,33393.79800709735,-132.24058081772409,82.714049651324657
-0.12350332716535629,0.044488969626916085,0.21995872496764479,2.9694363997553206e-05,-63557.902782807912,33393.79800709735,-132.24058081772409,82.714049651324657
0.12350332716535629,-0.044488969626916085,0.21995872496764479,2.9694363997553206e-05,-63557.902782807912,33393.79800709735,-132.24058081772409,82.714049651324657
-0.12350332716535629,-0.044488969626916085,0.21995872496764479,2.9694363997553206e-05,-63557.902782807912,33393.79800709735,-132.24058081772409,82.714049651324657
0.19581988222293847,0.089183075617780536,0.2013456762930573,2.3354264046467932e-05,17486.683632800716,30495.26322457923,58.10262999293645,46.213073227632506
-0.19581988222293847,0.089183075617780536,0.2013456762930573,2.3354264046467932e-05,17486.683632800716,30495.26322457923,58.10262999293645,46.213073227632506
0.19581988222293847,-0.089183075617780536,0.2013456762930573,2.3354264046467932e-05,17486.683632800716,30495.26322457923,58.10262999293645,46.213073227632506
-0.19581988222293847,-0.089183075617780536,0.2013456762930573,2.3354264046467932e-05,17486.683632800716,30495.26322457923,58.10262999293645,46.213073227632506
0.034219911172958799,0.085590560073378369,0.23167642377480563,2.0496899357720073e-05,-65783.652465308201,10706.602826486807,-135.95687562809334,42.818066266982406
-0.034219911172958799,0.085590560073378369,0.23167642377480563,2.0496899357720073e-05,-65783.652465308201,10706.602826486807,-135.95687562809334,42.818066266982406
0.034219911172958799,-0.085590560073378369,0.23167642377480563,2.0496899357720073e-05,-65783.652465308201,10706.602826486807,-135.95687562809334,42.818066266982406
-0.034219911172958799,-0.085590560073378369,0.23167642377480563,2.0496899357720073e-05,-65783.652465308201,10706.602826486807,-135.95687562809334,42.818066266982406
0.17486397460619435,0.08544663355590168,0.20843330225796206,2.4344219718518291e-05,-1221.203434374846,49672.585723891796,19.772042475137898,84.854214227270845
-0.17486397460619435,0.08544663355590168,0.20843330225796206,2.4344219718518291e-05,-1221.203434374846,49672.585723891796,19.772042475137898,84.854214227270845
0.17486397460619435,-0.08544663355590168,0.20843330225796206,2.4344219718518291e-05,-1221.203434374846,49672.585723891796,19.772042475137898,84.854214227270845
-0.17486397460619435,-0.08544663355590168,0.20843330225796206,2.4344219718518291e-05,-1221.203434374846,49672.585723891796,19.772042475137898,84.854214227270845
0.10120182395067165,0.097326172064893551,0.22324023460756695,1.2006905680062745e-05,-34823.269423392077,39795.378758427702,-61.973037401324881,87.548241486719348
-0.10120182395067165,0.097326172064893551,0.22324023460756695,1.2006905680062745e-05,-34823.269423392077,39795.378758427702,-61.973037401324881,87.548241486719348
0.10120182395067165,-0.097326172064893551,0.22324023460756695,1.2006905680062745e-05,-34823.269423392077,39795.378758427702,-61.973037401324881,87.548241486719348
-0.10120182395067165,-0.097326172064893551,0.22324023460756695,1.2006905680062745e-05,-34823.269423392077,39795.378758427702,-61.973037401324881,87.548241486719348
0.077926104646544148,0.11891580831510126,0.22669037701462036,2.1947671280861398e-05,-8391.5175857443301,38864.411673561684,-0.73094124638798996,49.535438355056776
-0.077926104646544148,0.11891580831510126,0.22669037701462036,2.1947671280861398e-05,-8391.5175857443301,38864.411673561684,-0.73094124638798996,49.535438355056776
0.077926104646544148,-0.11891580831510126,0.22669037701462036,2.1947671280861398e-05,-8391.5175857443301,38864.411673561684,-0.73094124638798996,49.535438355056776
-0.077926104646544148,-0.11891580831510126,0.22669037701462036,2.1947671280861398e-05,-8391.5175857443301,38864.411673561684,-0.73094124638798996,49.535438355056776
0.032559787357403613,0.069782421691861815,0.23179244317628941,3.1048328387056952e-05,-75947.525860988229,-4852.8377962406039,-166.89659229860871,7.2261663024173952
-0.032559787357403613,0.069782421691861815,0.23179244317628941,3.1048328387056952e-05,-75947.525860988229,-4852.8377962406039,-166.89659229860871,7.2261663024173952
0.032559787357403613,-0.069782421691861815,0.23179244317628941,3.1048328387056952e-05,-75947.525860988229,-4852.8377962406039,-166.89659229860871,7.2261663024173952
-0.032559787357403613,-0.069782421691861815,0.23179244317628941,3.1048328387056952e-05,-75947.525860988229,-4852.8377962406039,-166.89659229860871,7.2261663024173952
0.065726157893737827,0.085865460806228075,0.22845213405370074,1.601417832795073e-05,-58925.510507104758,18653.027661484313,-121.47665820077363,55.174602602019306
-0.065726157893737827,0.085865460806228075,0.22845213405370074,1.601417832795073e-05,-58925.510507104758,18653.027661484313,-121.47665820077363,55.174602602019306
0.065726157893737827,-0.085865460806228075,0.22845213405370074,1.601417832795073e-05,-58925.510507104758,18653.027661484313,-121.47665820077363,55.174602602019306
-0.065726157893737827,-0.085865460806228075,0.22845213405370074,1.601417832795073e-05,-58925.510507104758,18653.027661484313,-121.47665820077363,55.174602602019306
0.063433668980803895,0.093898275410983945,0.22871478464718664,1.4141491333685108e-05,-51346.928590427924,24863.286033648281,-95.547029419981556,66.268015142844376
-0.063433668980803895,0.093898275410983945,0.22871478464718664,1.4141491333685108e-05,-51346.928590427924,24863.286033648281,-95.547029419981556,66.268015142844376
0.063433668980803895,-0.093898275410983945,0.22871478464718664,1.4141491333685108e-05,-51346.928590427924,24863.286033648281,-95.547029419981556,66.268015142844376
-0.063433668980803895,-0.093898275410983945,0.22871478464718664,1.4141491333685108e-05,-51346.928590427924,24863.286033648281,-95.547029419981556,66.268015142844376
0.12438265050811752,0.116597339416357,0.21804635045383916,3.8117938430261404e-05,314.63620624188837,43053.870606320925,16.94789228609832,61.702983634880766
-0.12438265050811752,0.116597339416357,0.21804635045383916,3.8117938430261404e-05,314.63620624188837,43053.870606320925,16.94789228609832,61.702983634880766
0.12438265050811752,-0.116597339416357,0.21804635045383916,3.8117938430261404e-05,314.63620624188837,43053.870606320925,16.94789228609832,61.702983634880766
-0.12438265050811752,-0.116597339416357,0.21804635045383916,3.8117938430261404e-05,314.63620624188837,43053.870606320925,16.94789228609832,61.702983634880766
0.11465812123517903,0.07641943728652649,0.22126380813401803,2.2566339949814393e-05,-50707.68523703939,37977.560831340852,-94.268652525796242,87.475860321799814
-0.11465812123517903,0.07641943728652649,0.22126380813401803,2.2566339949814393e-05,-50707.68523703939,37977.560831340852,-94.268652525796242,87.475860321799814
0.11465812123517903,-0.07641943728652649,0.22126380813401803,2.2566339949814393e-05,-50707.68523703939,37977.560831340852,-94.268652525796242,87.475860321799814
-0.11465812123517903,-0.07641943728652649,0.22126380813401803,2.2566339949814393e-05,-50707.68523703939,37977.560831340852,-94.268652525796242,87.475860321799814
0.10888091062197564,0,0.22212353591690473,8.9475757112660211e-06,-76661.949778169525,10801.943762942166,-142.53059725026867,35.083988506860514
-0.10888091062197564,0,0.22212353591690473,8.9475757112660211e-06,-76661.949778169525,10801.943762942166,-142.53059725026867,35.083988506860514
0.10888091062197564,-0,0.22212353591690473,8.9475757112660211e-06,-76661.949778169525,10801.943762942166,-142.53059725026867,35.083988506860514
-0.10888091062197564,-0,0.22212353591690473,8.9475757112660211e-06,-76661.949778169525,10801.943762942166,-142.53059725026867,35.083988506860514
0.1038590751079211,0,0.22286700748592578,4.8457473551662632e-06,-77874.870973918398,6116.4618843185463,-156.57808265372273,24.274497099078218
-0.1038590751079211,0,0.22286700748592578,4.8457473551662632e-06,-77874.870973918398,6116.4618843185463,-156.57808265372273,24.274497099078218
0.1038590751079211,-0,0.22286700748592578,4.8457473551662632e-06,-77874.870973918398,6116.4618843185463,-156.57808265372273,24.274497099078218
-0.1038590751079211,-0,0.22286700748592578,4.8457473551662632e-06,-77874.870973918398,6116.4618843185463,-156.57808265372273,24.274497099078218
0.11910998496857494,0,0.22060914037345314,1.5543030263199549e-05,-72871.957053097169,20718.644379129692,-141.53326027906814,53.64785670833804
-0.11910998496857494,0,0.22060914037345314,1.5543030263199549e-05,-72871.957053097169,20718.644379129692,-141.53326027906814,53.64785670833804
0.11910998496857494,-0,0.22060914037345314,1.5543030263199549e-05,-72871.957053097169,20718.644379129692,-141.53326027906814,53.64785670833804
-0.11910998496857494,-0,0.22060914037345314,1.5543030263199549e-05,-72871.957053097169,20718.644379129692,-141.53326027906814,53.64785670833804
0.12525460024638974,0,0.21969944262731705,2.3087008974119344e-05,-70040.917187185813,26701.933715923009,-125.06082586503199,61.818712069619814
-0.12525460024638974,0,0.21969944262731705,2.3087008974119344e-05,-70040.917187185813,26701.933715923009,-125.06082586503199,61.818712069619814
0.12525460024638974,-0,0.21969944262731705,2.3087008974119344e-05,-70040.917187185813,26701.933715923009,-125.06082586503199,61.818712069619814
-0.12525460024638974,-0,0.21969944262731705,2.3087008974119344e-05,-70040.917187185813,26701.933715923009,-125.06082586503199,61.818712069619814
0.03524803026844707,0.059716165668982524,0.23161714485333421,2.5004295028740834e-05,-79386.605643108269,-12501.456773748561,-178.91347614774381,-12.817799941199622
-0.03524803026844707,0.059716165668982524,0.23161714485333421,2.5004295028740834e-05,-79386.605643108269,-12501.456773748561,-178.91347614774381,-12.817799941199622
0.03524803026844707,-0.059716165668982524,0.23161714485333421,2.5004295028740834e-05,-79386.605643108269,-12501.456773748561,-178.91347614774381,-12.817799941199622
-0.03524803026844707,-0.059716165668982524,0.23161714485333421,2.5004295028740834e-05,-79386.605643108269,-12501.456773748561,-178.91347614774381,-12.817799941199622
0.0044057684509475076,0.018075889391032211,0.23287160373243024,4.1797845685874674e-05,-85668.078058844083,-36471.838916248729,-221.04047416208834,-82.741875230272001
-0.0044057684509475076,0.018075889391032211,0.23287160373243024,4.1797845685874674e-05,-85668.078058844083,-36471.838916248729,-221.04047416208834,-82.741875230272001
0.0044057684509475076,-0.018075889391032211,0.23287160373243024,4.1797845685874674e-05,-85668.078058844083,-36471.838916248729,-221.04047416208834,-82.741875230272001
-0.0044057684509475076,-0.018075889391032211,0.23287160373243024,4.1797845685874674e-05,-85668.078058844083,-36471.838916248729,-221.04047416208834,-82.741875230272001
0.16604949928430465,0,0.21365983629327243,1.6506462983331077e-05,-29408.198274844959,57221.078662473854,-30.734841298754091,85.332431088910027
-0.16604949928430465,0,0.21365983629327243,1.6506462983331077e-05,-29408.198274844959,57221.078662473854,-30.734841298754091,85.332431088910027
0.16604949928430465,-0,0.21365983629327243,1.6506462983331077e-05,-29408.198274844959,57221.078662473854,-30.734841298754091,85.332431088910027
-0.16604949928430465,-0,0.21365983629327243,1.6506462983331077e-05,-29408.198274844959,57221.078662473854,-30.734841298754091,85.332431088910027
0.18601913636358003,0.12611755527036672,0.19697049498454178,2.2349546373010392e-05,20217.071283286517,13752.077487561319,46.60177204433807,12.40320996412102
-0.18601913636358003,0.12611755527036672,0.19697049498454178,2.2349546373010392e-05,20217.071283286517,13752.077487561319,46.60177204433807,12.40320996412102
0.18601913636358003,-0.12611755527036672,0.19697049498454178,2.2349546373010392e-05,20217.071283286517,13752.077487561319,46.60177204433807,12.40320996412102
-0.18601913636358003,-0.12611755527036672,0.19697049498454178,2.2349546373010392e-05,20217.071283286517,13752.077487561319,46.60177204433807,12.40320996412102
0.13082661950781227,0.11766346707920948,0.21641770189759099,3.7385269602083546e-05,3604.4681661944601,42203.734692401056,20.622143369202835,60.077290402314482
-0.13082661950781227,0.11766346707920948,0.21641770189759099,3.7385269602083546e-05,3604.4681661944601,42203.734692401056,20.622143369202835,60.077290402314482
0.13082661950781227,-0.11766346707920948,0.21641770189759099,3.7385269602083546e-05,3604.4681661944601,42203.734692401056,20.622143369202835,60.077290402314482
-0.13082661950781227,-0.11766346707920948,0.21641770189759099,3.7385269602083546e-05,3604.4681661944601,42203.734692401056,20.622143369202835,60.077290402314482
0.12843743463181417,0.12394792495435877,0.21634026407494825,4.3935194355012551e-05,11406.690960360878,36773.727783266215,27.260217944887351,44.142503353891534
-0.12843743463181417,0.12394792495435877,0.21634026407494825,4.3935194355012551e-05,11406.690960360878,36773.727783266215,27.260217944887351,44.142503353891534
0.12843743463181417,-0.12394792495435877,0.21634026407494825,4.3935194355012551e-05,11406.690960360878,36773.727783266215,27.260217944887351,44.142503353891534
-0.12843743463181417,-0.12394792495435877,0.21634026407494825,4.3935194355012551e-05,11406.690960360878,36773.727783266215,27.260217944887351,44.142503353891534
0.0069327941785987104,0.097239925476292122,0.2328293982756012,2.6479079762063086e-05,-57077.146074218916,20836.914423112936,-101.64595524716144,60.990573918861507
-0.0069327941785987104,0.097239925476292122,0.2328293982756012,2.6479079762063086e-05,-57077.146074218916,20836.914423112936,-101.64595524716144,60.990573918861507
0.0069327941785987104,-0.097239925476292122,0.2328293982756012,2.6479079762063086e-05,-57077.146074218916,20836.914423112936,-101.64595524716144,60.990573918861507
-0.0069327941785987104,-0.097239925476292122,0.2328293982756012,2.6479079762063086e-05,-57077.146074218916,20836.914423112936,-101.64595524716144,60.990573918861507
0.030578851612162037,0.054790858189712695,0.23192757376412645,1.471996125214008e-05,-81103.791114937441,-17173.387146748239,-180.68429836592895,-25.238117051641186
-0.030578851612162037,0.054790858189712695,0.23192757376412645,1.471996125214008e-05,-81103.791114937441,-17173.387146748239,-180.68429836592895,-25.238117051641186
0.030578851612162037,-0.054790858189712695,0.23192757376412645,1.471996125214008e-05,-81103.791114937441,-17173.387146748239,-180.68429836592895,-25.238117051641186
-0.030578851612162037,-0.054790858189712695,0.23192757376412645,1.471996125214008e-05,-81103.791114937441,-17173.387146748239,-180.68429836592895,-25.238117051641186
0.16722722662543038,0.089123927120204741,0.21006679112058549,1.4384735085222393e-05,-5781.3576674619671,51227.254987891392,7.2664228615684765,91.743148108257913
-0.16722722662543038,0.089123927120204741,0.21006679112058549,1.4384735085222393e-05,-5781.3576674619671,51227.254987891392,7.2664228615684765,91.743148108257913
0.16722722662543038,-0.089123927120204741,0.21006679112058549,1.4384735085222393e-05,-5781.3576674619671,51227.254987891392,7.2664228615684765,91.743148108257913
-0.16722722662543038,-0.089123927120204741,0.21006679112058549,1.4384735085222393e-05,-5781.3576674619671,51227.254987891392,7.2664228615684765,91.743148108257913
0.047542080714895719,0.10992770348731817,0.23057615782618865,3.2822119497913502e-05,-32498.741022663813,34650.018920334915,-42.352187149926358,67.035843906711094
-0.047542080714895719,0.10992770348731817,0.23057615782618865,3.2822119497913502e-05,-32498.741022663813,34650.018920334915,-42.352187149926358,67.035843906711094
0.047542080714895719,-0.10992770348731817,0.23057615782618865,3.2822119497913502e-05,-32498.741022663813,34650.018920334915,-42.352187149926358,67.035843906711094
-0.047542080714895719,-0.10992770348731817,0.23057615782618865,3.2822119497913502e-05,-32498.741022663813,34650.018920334915,-42.352187149926358,67.035843906711094
0.18391888445763985,-2.3600030727054505e-15,0.21101430968936194,1.0594619931556312e-05,-633.93017722433115,54528.786824674848,12.502413241760282,71.507030898310944
-0.18391888445763985,-2.3600030727054505e-15,0.21101430968936194,1.0594619931556312e-05,-633.93017722433115,54528.786824674848,12.502413241760282,71.507030898310944
0.18391888445763985,2.3600030727054505e-15,0.21101430968936194,1.0594619931556312e-05,-633.93017722433115,54528.786824674848,12.502413241760282,71.507030898310944
-0.18391888445763985,2.3600030727054505e-15,0.21101430968936194,1.0594619931556312e-05,-633.93017722433115,54528.786824674848,12.502413241760282,71.507030898310944
0.18139803334786825,0.021836148189330436,0.21133656830831782,2.4962199017119891e-05,-4107.4267094948109,55572.036924401436,7.9815292765437054,90.996325999979774
-0.18139803334786825,0.021836148189330436,0.21133656830831782,2.4962199017119891e-05,-4107.4267094948109,55572.036924401436,7.9815292765437054,90.996325999979774
0.18139803334786825,-0.021836148189330436,0.21133656830831782,2.4962199017119891e-05,-4107.4267094948109,55572.036924401436,7.9815292765437054,90.996325999979774
-0.18139803334786825,-0.021836148189330436,0.21133656830831782,2.4962199017119891e-05,-4107.4267094948109,55572.036924401436,7.9815292765437054,90.996325999979774
0.1904803729087251,0,0.21004289844845611,6.5339540971431345e-06,10522.961258340985,49108.181645687495,24.718837594966814,52.54430822980985
-0.1904803729087251,0,0.21004289844845611,6.5339540971431345e-06,10522.961258340985,49108.181645687495,24.718837594966814,52.54430822980985
0.1904803729087251,-0,0.21004289844845611,6.5339540971431345e-06,10522.961258340985,49108.181645687495,24.718837594966814,52.54430822980985
-0.1904803729087251,-0,0.21004289844845611,6.5339540971431345e-06,10522.961258340985,49108.181645687495,24.718837594966814,52.54430822980985
0.14478154825815781,0,0.21680852011780569,1.2797399045402122e-05,-55140.822100877551,45528.845534792134,-78.294825318824067,81.829369652453664
-0.14478154825815781,0,0.21680852011780569,1.2797399045402122e-05,-55140.822100877551,45528.845534792134,-78.294825318824067,81.829369652453664
0.14478154825815781,-0,0.21680852011780569,1.2797399045402122e-05,-55140.822100877551,45528.845534792134,-78.294825318824067,81.829369652453664
-0.14478154825815781,-0,0.21680852011780569,1.2797399045402122e-05,-55140.822100877551,45528.845534792134,-78.294825318824067,81.829369652453664
0.019435405369448912,0.11756412441960791,0.23247459717010141,2.825296594196861e-05,-23663.77892505857,37481.652087435825,-17.391760776112406,50.087760120605033
-0.019435405369448912,0.11756412441960791,0.23247459717010141,2.825296594196861e-05,-23663.77892505857,37481.652087435825,-17.391760776112406,50.087760120605033
0.019435405369448912,-0.11756412441960791,0.23247459717010141,2.825296594196861e-05,-23663.77892505857,37481.652087435825,-17.391760776112406,50.087760120605033
-0.019435405369448912,-0.11756412441960791,0.23247459717010141,2.825296594196861e-05,-23663.77892505857,37481.652087435825,-17.391760776112406,50.087760120605033
0.03060305053644817,0.11749890972205473,0.23189780443433125,2.0188486082201078e-05,-22297.101682998727,37452.23501655626,-15.538545923852736,50.058611056071754
-0.03060305053644817,0.11749890972205473,0.23189780443433125,2.0188486082201078e-05,-22297.101682998727,37452.23501655626,-15.538545923852736,50.058611056071754
0.03060305053644817,-0.11749890972205473,0.23189780443433125,2.0188486082201078e-05,-22297.101682998727,37452.23501655626,-15.538545923852736,50.058611056071754
-0.03060305053644817,-0.11749890972205473,0.23189780443433125,2.0188486082201078e-05,-22297.101682998727,37452.23501655626,-15.538545923852736,50.058611056071754
0.018592801328288312,0.086527137545544613,0.23250945872352655,2.3294497009687947e-05,-67064.641862274002,9444.7605831415149,-128.51639479423915,37.957265315805174
-0.018592801328288312,0.086527137545544613,0.23250945872352655,2.3294497009687947e-05,-67064.641862274002,9444.7605831415149,-128.51639479423915,37.957265315805174
0.018592801328288312,-0.086527137545544613,0.23250945872352655,2.3294497009687947e-05,-67064.641862274002,9444.7605831415149,-128.51639479423915,37.957265315805174
-0.018592801328288312,-0.086527137545544613,0.23250945872352655,2.3294497009687947e-05,-67064.641862274002,9444.7605831415149,-128.51639479423915,37.957265315805174
0.014688458848935014,0.060880331809216273,0.23265713416516129,1.6873387211605908e-05,-80624.752299018146,-15157.863240245611,-177.88482996717116,-18.929359367207947
-0.014688458848935014,0.060880331809216273,0.23265713416516129,1.6873387211605908e-05,-80624.752299018146,-15157.863240245611,-177.88482996717116,-18.929359367207947
0.014688458848935014,-0.060880331809216273,0.23265713416516129,1.6873387211605908e-05,-80624.752299018146,-15157.863240245611,-177.88482996717116,-18.929359367207947
-0.014688458848935014,-0.060880331809216273,0.23265713416516129,1.6873387211605908e-05,-80624.752299018146,-15157.863240245611,-177.88482996717116,-18.929359367207947
0.033967978689019775,0.12254498930133428,0.23167734112101993,1.0173739568761039e-05,-12127.541938586422,37875.168448721663,-2.0041095034891643,35.34069853949746
-0.033967978689019775,0.12254498930133428,0.23167734112101993,1.0173739568761039e-05,-12127.541938586422,37875.168448721663,-2.0041095034891643,35.34069853949746
0.033967978689019775,-0.12254498930133428,0.23167734112101993,1.0173739568761039e-05,-12127.541938586422,37875.168448721663,-2.0041095034891643,35.34069853949746
-0.033967978689019775,-0.12254498930133428,0.23167734112101993,1.0173739568761039e-05,-12127.541938586422,37875.168448721663,-2.0041095034891643,35.34069853949746
0.028330019144915303,0.064663349189680502,0.23205224543187633,2.4755435103960822e-05,-78442.790166562947,-10082.247843614139,-174.77050650858189,-5.8178249226991143
-0.028330019144915303,0.064663349189680502,0.23205224543187633,2.4755435103960822e-05,-78442.790166562947,-10082.247843614139,-174.77050650858189,-5.8178249226991143
0.028330019144915303,-0.064663349189680502,0.23205224543187633,2.4755435103960822e-05,-78442.790166562947,-10082.247843614139,-174.77050650858189,-5.8178249226991143
-0.028330019144915303,-0.064663349189680502,0.23205224543187633,2.4755435103960822e-05,-78442.790166562947,-10082.247843614139,-174.77050650858189,-5.8178249226991143
0.057031740074065682,0.085631542497709282,0.22953512934373921,2.6883385447354227e-05,-61247.640474163214,15662.239717716928,-126.73097909306694,50.645844145995902
-0.057031740074065682,0.085631542497709282,0.22953512934373921,2.6883385447354227e-05,-61247.640474163214,15662.239717716928,-126.73097909306694,50.645844145995902
0.057031740074065682,-0.085631542497709282,0.22953512934373921,2.6883385447354227e-05,-61247.640474163214,15662.239717716928,-126.73097909306694,50.645844145995902
-0.057031740074065682,-0.085631542497709282,0.22953512934373921,2.6883385447354227e-05,-61247.640474163214,15662.239717716928,-126.73097909306694,50.645844145995902
0.19524018794447867,0,0.20933822025465409,4.8612005876014491e-06,18478.929481583553,43156.305196635447,29.418982568618382,37.395977482858036
-0.19524018794447867,0,0.20933822025465409,4.8612005876014491e-06,18478.929481583553,43156.305196635447,29.418982568618382,37.395977482858036
0.19524018794447867,-0,0.20933822025465409,4.8612005876014491e-06,18478.929481583553,43156.305196635447,29.418982568618382,37.395977482858036
-0.19524018794447867,-0,0.20933822025465409,4.8612005876014491e-06,18478.929481583553,43156.305196635447,29.418982568618382,37.395977482858036
0.17228623374123317,0.12003206728966624,0.20351727529845351,2.065820639131402e-05,16530.413950111419,29070.530681742195,42.384927008727871,39.754934774797078
-0.17228623374123317,0.12003206728966624,0.20351727529845351,2.065820639131402e-05,16530.413950111419,29070.530681742195,42.384927008727871,39.754934774797078
0.17228623374123317,-0.12003206728966624,0.20351727529845351,2.065820639131402e-05,16530.413950111419,29070.530681742195,42.384927008727871,39.754934774797078
-0.17228623374123317,-0.12003206728966624,0.20351727529845351,2.065820639131402e-05,16530.413950111419,29070.530681742195,42.384927008727871,39.754934774797078
0.15779972877936571,0.051327538245427524,0.21473820376357297,2.04124454006912e-05,-32292.677973732814,56395.876403493661,-48.324621701295101,108.51573404307125
-0.15779972877936571,0.051327538245427524,0.21473820376357297,2.04124454006912e-05,-32292.677973732814,56395.876403493661,-48.324621701295101,108.51573404307125
0.15779972877936571,-0.051327538245427524,0.21473820376357297,2.04124454006912e-05,-32292.677973732814,56395.876403493661,-48.324621701295101,108.51573404307125
-0.15779972877936571,-0.051327538245427524,0.21473820376357297,2.04124454006912e-05,-32292.677973732814,56395.876403493661,-48.324621701295101,108.51573404307125
0.1907126222786078,0.075972377994085821,0.20516669004153185,1.3025211844166187e-05,11497.489007162936,41240.532471849605,42.477762656577767,65.971980205359756
-0.1907126222786078,0.075972377994085821,0.20516669004153185,1.3025211844166187e-05,11497.489007162936,41240.532471849605,42.477762656577767,65.971980205359756
0.1907126222786078,-0.075972377994085821,0.20516669004153185,1.3025211844166187e-05,11497.489007162936,41240.532471849605,42.477762656577767,65.971980205359756
-0.1907126222786078,-0.075972377994085821,0.20516669004153185,1.3025211844166187e-05,11497.489007162936,41240.532471849605,42.477762656577767,65.971980205359756
0.0031424623611497381,0.12574118327966655,0.23289618760886302,3.2572601828034102e-06,-9057.2858207389127,37951.958535056299,0.93173932735243969,25.083631256154533
-0.0031424623611497381,0.12574118327966655,0.23289618760886302,3.2572601828034102e-06,-9057.2858207389127,37951.958535056299,0.93173932735243969,25.083631256154533
0.0031424623611497381,-0.12574118327966655,0.23289618760886302,3.2572601828034102e-06,-9057.2858207389127,37951.958535056299,0.93173932735243969,25.083631256154533
-0.0031424623611497381,-0.12574118327966655,0.23289618760886302,3.2572601828034102e-06,-9057.2858207389127,37951.958535056299,0.93173932735243969,25.083631256154533
0.17833974576836664,0.12644164860276524,0.19991148211985388,1.77642621932525e-05,20245.938451901849,18337.151681731353,47.204334228696787,19.136618523444053
-0.17833974576836664,0.12644164860276524,0.19991148211985388,1.77642621932525e-05,20245.938451901849,18337.151681731353,47.204334228696787,19.136618523444053
0.17833974576836664,-0.12644164860276524,0.19991148211985388,1.77642621932525e-05,20245.938451901849,18337.151681731353,47.204334228696787,19.136618523444053
-0.17833974576836664,-0.12644164860276524,0.19991148211985388,1.77642621932525e-05,20245.938451901849,18337.151681731353,47.204334228696787,19.136618523444053
0.0047560408711433411,0,0.23286782950162888,1.2457722592655976e-05,-84672.897948731072,-40750.723807049195,-212.10946782476779,-87.352947882258761
-0.0047560408711433411,0,0.23286782950162888,1.2457722592655976e-05,-84672.897948731072,-40750.723807049195,-212.10946782476779,-87.352947882258761
0.0047560408711433411,-0,0.23286782950162888,1.2457722592655976e-05,-84672.897948731072,-40750.723807049195,-212.10946782476779,-87.352947882258761
-0.0047560408711433411,-0,0.23286782950162888,1.2457722592655976e-05,-84672.897948731072,-40750.723807049195,-212.10946782476779,-87.352947882258761
0.16303957684403519,0.0030878471272757953,0.21410545124409536,1.699935388048091e-05,-32883.817875124871,56687.212470753111,-55.913745514729015,122.11708411633481
-0.16303957684403519,0.0030878471272757953,0.21410545124409536,1.699935388048091e-05,-32883.817875124871,56687.212470753111,-55.913745514729015,122.11708411633481
0.16303957684403519,-0.0030878471272757953,0.21410545124409536,1.699935388048091e-05,-32883.817875124871,56687.212470753111,-55.913745514729015,122.11708411633481
-0.16303957684403519,-0.0030878471272757953,0.21410545124409536,1.699935388048091e-05,-32883.817875124871,56687.212470753111,-55.913745514729015,122.11708411633481
0.085714288055896759,0,0.22555331140756607,1.9777131175432228e-05,-81212.734038794195,-10543.094256487289,-163.65606320857628,-0.91023244647401402
-0.085714288055896759,0,0.22555331140756607,1.9777131175432228e-05,-81212.734038794195,-10543.094256487289,-163.65606320857628,-0.91023244647401402
0.085714288055896759,-0,0.22555331140756607,1.9777131175432228e-05,-81212.734038794195,-10543.094256487289,-163.65606320857628,-0.91023244647401402
-0.085714288055896759,-0,0.22555331140756607,1.9777131175432228e-05,-81212.734038794195,-10543.094256487289,-163.65606320857628,-0.91023244647401402
0.10160245083821634,0.077101490830158825,0.22320110092205711,1.4941308391394817e-05,-55540.028523774745,30098.704022050089,-114.42584570251765,75.000695134570336
-0.10160245083821634,0.077101490830158825,0.22320110092205711,1.4941308391394817e-05,-55540.028523774745,30098.704022050089,-114.42584570251765,75.000695134570336
0.10160245083821634,-0.077101490830158825,0.22320110092205711,1.4941308391394817e-05,-55540.028523774745,30098.704022050089,-114.42584570251765,75.000695134570336
-0.10160245083821634,-0.077101490830158825,0.22320110092205711,1.4941308391394817e-05,-55540.028523774745,30098.704022050089,-114.42584570251765,75.000695134570336
0.013024320489848605,0.027447096295525827,0.23272251058193019,1.5595609750820672e-05,-85014.047810047108,-33867.519889832518,-192.28563261953815,-70.522173976411423
-0.013024320489848605,0.027447096295525827,0.23272251058193019,1.5595609750820672e-05,-85014.047810047108,-33867.519889832518,-192.28563261953815,-70.522173976411423
0.013024320489848605,-0.027447096295525827,0.23272251058193019,1.5595609750820672e-05,-85014.047810047108,-33867.519889832518,-192.28563261953815,-70.522173976411423
-0.013024320489848605,-0.027447096295525827,0.23272251058193019,1.5595609750820672e-05,-85014.047810047108,-33867.519889832518,-192.28563261953815,-70.522173976411423
0.097086482662247856,0.065152644024542211,0.22386968182876391,1.5528887437299327e-05,-65267.368061879206,20346.191090809869,-139.23506215172011,58.011812924184497
-0.097086482662247856,0.065152644024542211,0.22386968182876391,1.5528887437299327e-05,-65267.368061879206,20346.191090809869,-139.23506215172011,58.011812924184497
0.097086482662247856,-0.065152644024542211,0.22386968182876391,1.5528887437299327e-05,-65267.368061879206,20346.191090809869,-139.23506215172011,58.011812924184497
-0.097086482662247856,-0.065152644024542211,0.22386968182876391,1.5528887437299327e-05,-65267.368061879206,20346.191090809869,-139.23506215172011,58.011812924184497
0.0086264200010315768,0.11092576864958181,0.23279980700672528,2.3668646319111604e-05,-36820.166947882819,33893.651083455647,-42.974563657304806,62.897013157565922
-0.0086264200010315768,0.11092576864958181,0.23279980700672528,2.3668646319111604e-05,-36820.166947882819,33893.651083455647,-42.974563657304806,62.897013157565922
0.0086264200010315768,-0.11092576864958181,0.23279980700672528,2.3668646319111604e-05,-36820.166947882819,33893.651083455647,-42.974563657304806,62.897013157565922
-0.0086264200010315768,-0.11092576864958181,0.23279980700672528,2.3668646319111604e-05,-36820.166947882819,33893.651083455647,-42.974563657304806,62.897013157565922
0.087897938442524026,0.12559198557770007,0.22504709635763021,1.8874753962886518e-05,5488.0232826999918,35976.006289368554,13.136656691602003,30.634010708226715
-0.087897938442524026,0.12559198557770007,0.22504709635763021,1.8874753962886518e-05,5488.0232826999918,35976.006289368554,13.136656691602003,30.634010708226715
0.087897938442524026,-0.12559198557770007,0.22504709635763021,1.8874753962886518e-05,5488.0232826999918,35976.006289368554,13.136656691602003,30.634010708226715
-0.087897938442524026,-0.12559198557770007,0.22504709635763021,1.8874753962886518e-05,5488.0232826999918,35976.006289368554,13.136656691602003,30.634010708226715
0.16557154914496103,0.12097793637748208,0.20567939616218039,1.5839161123803375e-05,15785.726243847605,31336.63420082377,41.016033482817413,42.499820698984479
-0.16557154914496103,0.12097793637748208,0.20567939616218039,1.5839161123803375e-05,15785.726243847605,31336.63420082377,41.016033482817413,42.499820698984479
0.16557154914496103,-0.12097793637748208,0.20567939616218039,1.5839161123803375e-05,15785.726243847605,31336.63420082377,41.016033482817413,42.499820698984479
-0.16557154914496103,-0.12097793637748208,0.20567939616218039,1.5839161123803375e-05,15785.726243847605,31336.63420082377,41.016033482817413,42.499820698984479
0.071344906017850679,0.08212947737678955,0.22767991951581434,1.7546392922487852e-05,-60771.831873513882,17713.718812657189,-127.15345012634765,55.64004898163406
-0.071344906017850679,0.08212947737678955,0.22767991951581434,1.7546392922487852e-05,-60771.831873513882,17713.718812657189,-127.15345012634765,55.64004898163406
0.071344906017850679,-0.08212947737678955,0.22767991951581434,1.7546392922487852e-05,-60771.831873513882,17713.718812657189,-127.15345012634765,55.64004898163406
-0.071344906017850679,-0.08212947737678955,0.22767991951581434,1.7546392922487852e-05,-60771.831873513882,17713.718812657189,-127.15345012634765,55.64004898163406
0.11446761190260295,0.039977145118675603,0.22129644151069419,2.0012391330134974e-05,-69517.896224766489,23594.75998147342,-146.36472274580774,63.669832568086292
-0.11446761190260295,0.039977145118675603,0.22129644151069419,2.0012391330134974e-05,-69517.896224766489,23594.75998147342,-146.36472274580774,63.669832568086292
0.11446761190260295,-0.039977145118675603,0.22129644151069419,2.0012391330134974e-05,-69517.896224766489,23594.75998147342,-146.36472274580774,63.669832568086292
-0.11446761190260295,-0.039977145118675603,0.22129644151069419,2.0012391330134974e-05,-69517.896224766489,23594.75998147342,-146.36472274580774,63.669832568086292
0.029628188567331775,0.10639852210838595,0.23198517473467595,1.9467866487329782e-05,-41943.682607892013,30794.54221276223,-65.740583211938429,68.365619764025979
-0.029628188567331775,0.10639852210838595,0.23198517473467595,1.9467866487329782e-05,-41943.682607892013,30794.54221276223,-65.740583211938429,68.365619764025979
0.029628188567331775,-0.10639852210838595,0.23198517473467595,1.9467866487329782e-05,-41943.682607892013,30794.54221276223,-65.740583211938429,68.365619764025979
-0.029628188567331775,-0.10639852210838595,0.23198517473467595,1.9467866487329782e-05,-41943.682607892013,30794.54221276223,-65.740583211938429,68.365619764025979
0.096327439829399425,0.1008861797782542,0.22396048603753776,1.0449179408239341e-05,-32043.12107116116,39369.980173639109,-48.725099337290217,77.344475144548241
-0.096327439829399425,0.1008861797782542,0.22396048603753776,1.0449179408239341e-05,-32043.12107116116,39369.980173639109,-48.725099337290217,77.344475144548241
0.096327439829399425,-0.1008861797782542,0.22396048603753776,1.0449179408239341e-05,-32043.12107116116,39369.980173639109,-48.725099337290217,77.344475144548241
-0.096327439829399425,-0.1008861797782542,0.22396048603753776,1.0449179408239341e-05,-32043.12107116116,39369.980173639109,-48.725099337290217,77.344475144548241
0.024551130684468417,0.12909640757201624,0.2322590738875048,1.1681234252263427e-06,-1525.3163043560282,36188.607030008548,8.9517701859256622,28.410001073360327
-0.024551130684468417,0.12909640757201624,0.2322590738875048,1.1681234252263427e-06,-1525.3163043560282,36188.607030008548,8.9517701859256622,28.410001073360327
0.024551130684468417,-0.12909640757201624,0.2322590738875048,1.1681234252263427e-06,-1525.3163043560282,36188.607030008548,8.9517701859256622,28.410001073360327
-0.024551130684468417,-0.12909640757201624,0.2322590738875048,1.1681234252263427e-06,-1525.3163043560282,36188.607030008548,8.9517701859256622,28.410001073360327
0.0032236349333478612,0.035284701716498015,0.23285647777116147,1.7488613388456614e-05,-84900.709828144172,-31408.25698005467,-233.08629912889552,-72.212149959928411
-0.0032236349333478612,0.035284701716498015,0.23285647777116147,1.7488613388456614e-05,-84900.709828144172,-31408.25698005467,-233.08629912889552,-72.212149959928411
0.0032236349333478612,-0.035284701716498015,0.23285647777116147,1.7488613388456614e-05,-84900.709828144172,-31408.25698005467,-233.08629912889552,-72.212149959928411
-0.0032236349333478612,-0.035284701716498015,0.23285647777116147,1.7488613388456614e-05,-84900.709828144172,-31408.25698005467,-233.08629912889552,-72.212149959928411
0.055555204476805432,0.089327790594650444,0.22968044875096638,1.1908290423097613e-05,-58110.956376442737,18722.461727204103,-120.68882481398744,58.218394265428188
-0.055555204476805432,0.089327790594650444,0.22968044875096638,1.1908290423097613e-05,-58110.956376442737,18722.461727204103,-120.68882481398744,58.218394265428188
0.055555204476805432,-0.089327790594650444,0.22968044875096638,1.1908290423097613e-05,-58110.956376442737,18722.461727204103,-120.68882481398744,58.218394265428188
-0.055555204476805432,-0.089327790594650444,0.22968044875096638,1.1908290423097613e-05,-58110.956376442737,18722.461727204103,-120.68882481398744,58.218394265428188
0.079330892021547403,0.086754597304119691,0.22649836113149413,2.4895725890581569e-05,-54370.157207389238,24574.536262128851,-109.9990760206606,66.610620842671139
-0.079330892021547403,0.086754597304119691,0.22649836113149413,2.4895725890581569e-05,-54370.157207389238,24574.536262128851,-109.9990760206606,66.610620842671139
0.079330892021547403,-0.086754597304119691,0.22649836113149413,2.4895725890581569e-05,-54370.157207389238,24574.536262128851,-109.9990760206606,66.610620842671139
-0.079330892021547403,-0.086754597304119691,0.22649836113149413,2.4895725890581569e-05,-54370.157207389238,24574.536262128851,-109.9990760206606,66.610620842671139
0.038727583171576617,0.10022165326093019,0.23134674820663043,2.6549039770445197e-05,-49426.528373519759,26082.355615717792,-79.269670837465711,66.565054701332443
-0.038727583171576617,0.10022165326093019,0.23134674820663043,2.6549039770445197e-05,-49426.528373519759,26082.355615717792,-79.269670837465711,66.565054701332443
0.038727583171576617,-0.10022165326093019,0.23134674820663043,2.6549039770445197e-05,-49426.528373519759,26082.355615717792,-79.269670837465711,66.565054701332443
-0.038727583171576617,-0.10022165326093019,0.23134674820663043,2.6549039770445197e-05,-49426.528373519759,26082.355615717792,-79.269670837465711,66.565054701332443
0.058363342398606882,0.12945887941038942,0.22937247679637715,1.4000731136301207e-06,5084.0009894291916,34047.469645134719,11.784064000285822,24.110368248498109
-0.058363342398606882,0.12945887941038942,0.22937247679637715,1.4000731136301207e-06,5084.0009894291916,34047.469645134719,11.784064000285822,24.110368248498109
0.058363342398606882,-0.12945887941038942,0.22937247679637715,1.4000731136301207e-06,5084.0009894291916,34047.469645134719,11.784064000285822,24.110368248498109
-0.058363342398606882,-0.12945887941038942,0.22937247679637715,1.4000731136301207e-06,5084.0009894291916,34047.469645134719,11.784064000285822,24.110368248498109
0.024435304249670043,0.022032397918354197,0.23226516884698611,3.6354837674854501e-05,-85048.112547640398,-33669.385029075318,-203.60310349301994,-68.418734589716948
-0.024435304249670043,0.022032397918354197,0.23226516884698611,3.6354837674854501e-05,-85048.112547640398,-33669.385029075318,-203.60310349301994,-68.418734589716948
0.024435304249670043,-0.022032397918354197,0.23226516884698611,3.6354837674854501e-05,-85048.112547640398,-33669.385029075318,-203.60310349301994,-68.418734589716948
-0.024435304249670043,-0.022032397918354197,0.23226516884698611,3.6354837674854501e-05,-85048.112547640398,-33669.385029075318,-203.60310349301994,-68.418734589716948
0.02072307939867862,0.09868969582666258,0.23242801144603623,2.9725777978030153e-05,-54167.253215664743,22936.225174624167,-95.562029348651706,61.848639981247359
-0.02072307939867862,0.09868969582666258,0.23242801144603623,2.9725777978030153e-05,-54167.253215664743,22936.225174624167,-95.562029348651706,61.848639981247359
0.02072307939867862,-0.09868969582666258,0.23242801144603623,2.9725777978030153e-05,-54167.253215664743,22936.225174624167,-95.562029348651706,61.848639981247359
-0.02072307939867862,-0.09868969582666258,0.23242801144603623,2.9725777978030153e-05,-54167.253215664743,22936.225174624167,-95.562029348651706,61.848639981247359
0.017617789897373237,0.093265155310409173,0.23253943860917717,4.0007846134928126e-05,-60753.549701041833,16892.448452087043,-115.94218744798327,53.456200122916762
-0.017617789897373237,0.093265155310409173,0.23253943860917717,4.0007846134928126e-05,-60753.549701041833,16892.448452087043,-115.94218744798327,53.456200122916762
0.017617789897373237,-0.093265155310409173,0.23253943860917717,4.0007846134928126e-05,-60753.549701041833,16892.448452087043,-115.94218744798327,53.456200122916762
-0.017617789897373237,-0.093265155310409173,0.23253943860917717,4.0007846134928126e-05,-60753.549701041833,16892.448452087043,-115.94218744798327,53.456200122916762
0.033831726128030953,0.09061613271267728,0.23167020160382157,3.4524703423754192e-05,-61334.120578589391,15611.023910370972,-119.98184598308815,49.563767918003236
-0.033831726128030953,0.09061613271267728,0.23167020160382157,3.4524703423754192e-05,-61334.120578589391,15611.023910370972,-119.98184598308815,49.563767918003236
0.033831726128030953,-0.09061613271267728,0.23167020160382157,3.4524703423754192e-05,-61334.120578589391,15611.023910370972,-119.98184598308815,49.563767918003236
-0.033831726128030953,-0.09061613271267728,0.23167020160382157,3.4524703423754192e-05,-61334.120578589391,15611.023910370972,-119.98184598308815,49.563767918003236
0.1823767930220567,0.11897657350066673,0.20005551385451709,1.8026477710949323e-05,18090.674265502388,23906.09201223627,44.106537405766382,29.523785385638384
-0.1823767930220567,0.11897657350066673,0.20005551385451709,1.8026477710949323e-05,18090.674265502388,23906.09201223627,44.106537405766382,29.523785385638384
0.1823767930220567,-0.11897657350066673,0.20005551385451709,1.8026477710949323e-05,18090.674265502388,23906.09201223627,44.106537405766382,29.523785385638384
-0.1823767930220567,-0.11897657350066673,0.20005551385451709,1.8026477710949323e-05,18090.674265502388,23906.09201223627,44.106537405766382,29.523785385638384
0.010364403466941624,0.030598422260881882,0.23276925935577969,2.858248543514923e-05,-85093.718326671631,-32846.917548493722,-198.88216097085257,-65.443206293765655
-0.010364403466941624,0.030598422260881882,0.23276925935577969,2.858248543514923e-05,-85093.718326671631,-32846.917548493722,-198.88216097085257,-65.443206293765655
0.010364403466941624,-0.030598422260881882,0.23276925935577969,2.858248543514923e-05,-85093.718326671631,-32846.917548493722,-198.88216097085257,-65.443206293765655
-0.010364403466941624,-0.030598422260881882,0.23276925935577969,2.858248543514923e-05,-85093.718326671631,-32846.917548493722,-198.88216097085257,-65.443206293765655
0.017471830818030821,0.038145824359957101,0.23251994784777652,2.080725927604254e-05,-84413.922488293407,-28978.582097892991,-197.85650796213795,-55.028723311957719
-0.017471830818030821,0.038145824359957101,0.23251994784777652,2.080725927604254e-05,-84413.922488293407,-28978.582097892991,-197.85650796213795,-55.028723311957719
0.017471830818030821,-0.038145824359957101,0.23251994784777652,2.080725927604254e-05,-84413.922488293407,-28978.582097892991,-197.85650796213795,-55.028723311957719
-0.017471830818030821,-0.038145824359957101,0.23251994784777652,2.080725927604254e-05,-84413.922488293407,-28978.582097892991,-197.85650796213795,-55.028723311957719
0.18552903085947037,0.11601973325014114,0.19944906234741211,3.090812840313745e-05,17845.350746029784,24292.527180894696,47.792453410710657,30.764358057953054
-0.18552903085947037,0.11601973325014114,0.19944906234741211,3.090812840313745e-05,17845.350746029784,24292.527180894696,47.792453410710657,30.764358057953054
0.18552903085947037,-0.11601973325014114,0.19944906234741211,3.090812840313745e-05,17845.350746029784,24292.527180894696,47.792453410710657,30.764358057953054
-0.18552903085947037,-0.11601973325014114,0.19944906234741211,3.090812840313745e-05,17845.350746029784,24292.527180894696,47.792453410710657,30.764358057953054
0.052885729441848051,0.092332113293828288,0.22994129904059868,1.8797535264193906e-05,-55734.616564760378,20709.19124545635,-110.65043287634163,59.6950139957749
-0.052885729441848051,0.092332113293828288,0.22994129904059868,1.8797535264193906e-05,-55734.616564760378,20709.19124545635,-110.65043287634163,59.6950139957749
0.052885729441848051,-0.092332113293828288,0.22994129904059868,1.8797535264193906e-05,-55734.616564760378,20709.19124545635,-110.65043287634163,59.6950139957749
-0.052885729441848051,-0.092332113293828288,0.22994129904059868,1.8797535264193906e-05,-55734.616564760378,20709.19124545635,-110.65043287634163,59.6950139957749
0.019582710444610772,0.018016246200074731,0.23245706054012708,3.2986926520082701e-05,-85241.864567303826,-35414.549963896592,-206.18691135590728,-75.454458246077948
-0.019582710444610772,0.018016246200074731,0.23245706054012708,3.2986926520082701e-05,-85241.864567303826,-35414.549963896592,-206.18691135590728,-75.454458246077948
0.019582710444610772,-0.018016246200074731,0.23245706054012708,3.2986926520082701e-05,-85241.864567303826,-35414.549963896592,-206.18691135590728,-75.454458246077948
-0.019582710444610772,-0.018016246200074731,0.23245706054012708,3.2986926520082701e-05,-85241.864567303826,-35414.549963896592,-206.18691135590728,-75.454458246077948
0.075278835132241539,0.12932042429990973,0.22703788349504783,2.0748368845752357e-06,8521.9322595423546,33273.669612174075,14.496546887297347,28.039091512594663
-0.075278835132241539,0.12932042429990973,0.22703788349504783,2.0748368845752357e-06,8521.9322595423546,33273.669612174075,14.496546887297347,28.039091512594663
0.075278835132241539,-0.12932042429990973,0.22703788349504783,2.0748368845752357e-06,8521.9322595423546,33273.669612174075,14.496546887297347,28.039091512594663
-0.075278835132241539,-0.12932042429990973,0.22703788349504783,2.0748368845752357e-06,8521.9322595423546,33273.669612174075,14.496546887297347,28.039091512594663
0.036416222443848831,0.095194437609974106,0.23147483095894583,2.3235702052459363e-05,-56141.108063586857,20734.911045225497,-99.902044483132968,60.594579095962303
-0.036416222443848831,0.095194437609974106,0.23147483095894583,2.3235702052459363e-05,-56141.108063586857,20734.911045225497,-99.902044483132968,60.594579095962303
0.036416222443848831,-0.095194437609974106,0.23147483095894583,2.3235702052459363e-05,-56141.108063586857,20734.911045225497,-99.902044483132968,60.594579095962303
-0.036416222443848831,-0.095194437609974106,0.23147483095894583,2.3235702052459363e-05,-56141.108063586857,20734.911045225497,-99.902044483132968,60.594579095962303
0.053705430402479999,0.10032814703199362,0.2298767259777417,1.5486982834299355e-05,-45858.279733925541,28057.339219301775,-77.28835347179816,65.619807164162424
-0.053705430402479999,0.10032814703199362,0.2298767259777417,1.5486982834299355e-05,-45858.279733925541,28057.339219301775,-77.28835347179816,65.619807164162424
0.053705430402479999,-0.10032814703199362,0.2298767259777417,1.5486982834299355e-05,-45858.279733925541,28057.339219301775,-77.28835347179816,65.619807164162424
-0.053705430402479999,-0.10032814703199362,0.2298767259777417,1.5486982834299355e-05,-45858.279733925541,28057.339219301775,-77.28835347179816,65.619807164162424
0.014017139484603848,0.034683609483746755,0.23262869840545597,2.4877200403294314e-05,-84714.181388390425,-30995.385357145147,-198.84158666224053,-62.619001693583002
-0.014017139484603848,0.034683609483746755,0.23262869840545597,2.4877200403294314e-05,-84714.181388390425,-30995.385357145147,-198.84158666224053,-62.619001693583002
0.014017139484603848,-0.034683609483746755,0.23262869840545597,2.4877200403294314e-05,-84714.181388390425,-30995.385357145147,-198.84158666224053,-62.619001693583002
-0.014017139484603848,-0.034683609483746755,0.23262869840545597,2.4877200403294314e-05,-84714.181388390425,-30995.385357145147,-198.84158666224053,-62.619001693583002
0.041984453375736509,0.12634549652581917,0.23106617618518918,2.9053593565493031e-06,-3656.5197614391595,36657.781604366995,4.2063176826286837,22.907988524428813
-0.041984453375736509,0.12634549652581917,0.23106617618518918,2.9053593565493031e-06,-3656.5197614391595,36657.781604366995,4.2063176826286837,22.907988524428813
0.041984453375736509,-0.12634549652581917,0.23106617618518918,2.9053593565493031e-06,-3656.5197614391595,36657.781604366995,4.2063176826286837,22.907988524428813
-0.041984453375736509,-0.12634549652581917,0.23106617618518918,2.9053593565493031e-06,-3656.5197614391595,36657.781604366995,4.2063176826286837,22.907988524428813
0.053298641385882542,0.096381732849252222,0.2299082277997051,2.0319485164744771e-05,-51040.156279421753,24586.067944797112,-91.475606558871505,65.297345142237418
-0.053298641385882542,0.096381732849252222,0.2299082277997051,2.0319485164744771e-05,-51040.156279421753,24586.067944797112,-91.475606558871505,65.297345142237418
0.053298641385882542,-0.096381732849252222,0.2299082277997051,2.0319485164744771e-05,-51040.156279421753,24586.067944797112,-91.475606558871505,65.297345142237418
-0.053298641385882542,-0.096381732849252222,0.2299082277997051,2.0319485164744771e-05,-51040.156279421753,24586.067944797112,-91.475606558871505,65.297345142237418
0.090815354138612747,0.12999999523162842,0.22434752434492111,1.6975539162580172e-05,12691.285920711045,32025.877919294442,16.166113377547003,25.315738282985144
-0.090815354138612747,0.12999999523162842,0.22434752434492111,1.6975539162580172e-05,12691.285920711045,32025.877919294442,16.166113377547003,25.315738282985144
0.090815354138612747,-0.12999999523162842,0.22434752434492111,1.6975539162580172e-05,12691.285920711045,32025.877919294442,16.166113377547003,25.315738282985144
-0.090815354138612747,-0.12999999523162842,0.22434752434492111,1.6975539162580172e-05,12691.285920711045,32025.877919294442,16.166113377547003,25.315738282985144
0.070551928734004177,0.0074382230013130997,0.2277891426798079,3.5064985777904199e-05,-82684.344843078332,-18957.401915847211,-205.64852905957261,-26.608617078680894
-0.070551928734004177,0.0074382230013130997,0.2277891426798079,3.5064985777904199e-05,-82684.344843078332,-18957.401915847211,-205.64852905957261,-26.608617078680894
0.070551928734004177,-0.0074382230013130997,0.2277891426798079,3.5064985777904199e-05,-82684.344843078332,-18957.401915847211,-205.64852905957261,-26.608617078680894
-0.070551928734004177,-0.0074382230013130997,0.2277891426798079,3.5064985777904199e-05,-82684.344843078332,-18957.401915847211,-205.64852905957261,-26.608617078680894
0.042542509893442729,0.11063888588741963,0.23101730424788283,2.5725647390989248e-05,-32493.024490532163,34704.080429878151,-38.893002950205712,63.599514871874412
-0.042542509893442729,0.11063888588741963,0.23101730424788283,2.5725647390989248e-05,-32493.024490532163,34704.080429878151,-38.893002950205712,63.599514871874412
0.042542509893442729,-0.11063888588741963,0.23101730424788283,2.5725647390989248e-05,-32493.024490532163,34704.080429878151,-38.893002950205712,63.599514871874412
-0.042542509893442729,-0.11063888588741963,0.23101730424788283,2.5725647390989248e-05,-32493.024490532163,34704.080429878151,-38.893002950205712,63.599514871874412
0.10629040850109847,0.063118337252875162,0.22250705552559655,4.7417548228931622e-05,-63234.472316144856,26302.268709336713,-136.21724868815824,72.82728267799942
-0.10629040850109847,0.063118337252875162,0.22250705552559655,4.7417548228931622e-05,-63234.472316144856,26302.268709336713,-136.21724868815824,72.82728267799942
0.10629040850109847,-0.063118337252875162,0.22250705552559655,4.7417548228931622e-05,-63234.472316144856,26302.268709336713,-136.21724868815824,72.82728267799942
-0.10629040850109847,-0.063118337252875162,0.22250705552559655,4.7417548228931622e-05,-63234.472316144856,26302.268709336713,-136.21724868815824,72.82728267799942
0.070329513873916213,0.099837855728148517,0.22777921556041722,3.3460489442986928e-05,-41890.866904388364,31320.125105532887,-72.605691571300383,75.062773438896002
-0.070329513873916213,0.099837855728148517,0.22777921556041722,3.3460489442986928e-05,-41890.866904388364,31320.125105532887,-72.605691571300383,75.062773438896002
0.070329513873916213,-0.099837855728148517,0.22777921556041722,3.3460489442986928e-05,-41890.866904388364,31320.125105532887,-72.605691571300383,75.062773438896002
-0.070329513873916213,-0.099837855728148517,0.22777921556041722,3.3460489442986928e-05,-41890.866904388364,31320.125105532887,-72.605691571300383,75.062773438896002
0.16095263254063336,0.075728735925441229,0.21297264766738888,1.9029960588516421e-05,-18833.904266044512,55551.889397294792,-16.884725852843431,100.0453472159395
-0.16095263254063336,0.075728735925441229,0.21297264766738888,1.9029960588516421e-05,-18833.904266044512,55551.889397294792,-16.884725852843431,100.0453472159395
0.16095263254063336,-0.075728735925441229,0.21297264766738888,1.9029960588516421e-05,-18833.904266044512,55551.889397294792,-16.884725852843431,100.0453472159395
-0.16095263254063336,-0.075728735925441229,0.21297264766738888,1.9029960588516421e-05,-18833.904266044512,55551.889397294792,-16.884725852843431,100.0453472159395
0.17718664717925281,0.12999999523162842,0.19955937776713065,5.4367830006945775e-06,21281.855698770953,14234.458900224397,52.89107970477707,12.512108289509163
-0.17718664717925281,0.12999999523162842,0.19955937776713065,5.4367830006945775e-06,21281.855698770953,14234.458900224397,52.89107970477707,12.512108289509163
0.17718664717925281,-0.12999999523162842,0.19955937776713065,5.4367830006945775e-06,21281.855698770953,14234.458900224397,52.89107970477707,12.512108289509163
-0.17718664717925281,-0.12999999523162842,0.19955937776713065,5.4367830006945775e-06,21281.855698770953,14234.458900224397,52.89107970477707,12.512108289509163
0.015528906792270585,0.089367783040311705,0.2326049633535939,1.4121830285837842e-05,-64822.341477068003,12273.628440602835,-118.57428207327204,40.19130191263509
-0.015528906792270585,0.089367783040311705,0.2326049633535939,1.4121830285837842e-05,-64822.341477068003,12273.628440602835,-118.57428207327204,40.19130191263509
0.015528906792270585,-0.089367783040311705,0.2326049633535939,1.4121830285837842e-05,-64822.341477068003,12273.628440602835,-118.57428207327204,40.19130191263509
-0.015528906792270585,-0.089367783040311705,0.2326049633535939,1.4121830285837842e-05,-64822.341477068003,12273.628440602835,-118.57428207327204,40.19130191263509
0.010035321649875303,0.08096924720778674,0.23277503947079858,3.7198869223480884e-05,-71639.951813594627,3217.1865389637646,-150.02605433197076,24.387240831158191
-0.010035321649875303,0.08096924720778674,0.23277503947079858,3.7198869223480884e-05,-71639.951813594627,3217.1865389637646,-150.02605433197076,24.387240831158191
0.010035321649875303,-0.08096924720778674,0.23277503947079858,3.7198869223480884e-05,-71639.951813594627,3217.1865389637646,-150.02605433197076,24.387240831158191
-0.010035321649875303,-0.08096924720778674,0.23277503947079858,3.7198869223480884e-05,-71639.951813594627,3217.1865389637646,-150.02605433197076,24.387240831158191
0.010548525520828266,0.10504871901455276,0.23276602646327743,3.2617172256533476e-05,-46350.004215123809,28941.010929487682,-65.739219565781568,65.359121577896431
-0.010548525520828266,0.10504871901455276,0.23276602646327743,3.2617172256533476e-05,-46350.004215123809,28941.010929487682,-65.739219565781568,65.359121577896431
0.010548525520828266,-0.10504871901455276,0.23276602646327743,3.2617172256533476e-05,-46350.004215123809,28941.010929487682,-65.739219565781568,65.359121577896431
-0.010548525520828266,-0.10504871901455276,0.23276602646327743,3.2617172256533476e-05,-46350.004215123809,28941.010929487682,-65.739219565781568,65.359121577896431
0.014050828368832327,0.11133488786606466,0.23268382095623211,3.7109732975617003e-05,-35698.574970390109,34302.298546132806,-39.868148888653643,62.498125613750688
-0.014050828368832327,0.11133488786606466,0.23268382095623211,3.7109732975617003e-05,-35698.574970390109,34302.298546132806,-39.868148888653643,62.498125613750688
0.014050828368832327,-0.11133488786606466,0.23268382095623211,3.7109732975617003e-05,-35698.574970390109,34302.298546132806,-39.868148888653643,62.498125613750688
-0.014050828368832327,-0.11133488786606466,0.23268382095623211,3.7109732975617003e-05,-35698.574970390109,34302.298546132806,-39.868148888653643,62.498125613750688
0.0080621411261898382,0.074919812939332919,0.23280972590436905,3.2914977928733974e-05,-75303.17217833527,-2944.5145866777325,-164.37874842356854,10.090242064528338
-0.0080621411261898382,0.074919812939332919,0.23280972590436905,3.2914977928733974e-05,-75303.17217833527,-2944.5145866777325,-164.37874842356854,10.090242064528338
0.0080621411261898382,-0.074919812939332919,0.23280972590436905,3.2914977928733974e-05,-75303.17217833527,-2944.5145866777325,-164.37874842356854,10.090242064528338
-0.0080621411261898382,-0.074919812939332919,0.23280972590436905,3.2914977928733974e-05,-75303.17217833527,-2944.5145866777325,-164.37874842356854,10.090242064528338
0.076712589512064153,0.0070335840576418764,0.2268859984884955,2.9273202520274963e-05,-82080.787597450806,-15083.077642214514,-201.66735802979539,-17.800080281986464
-0.076712589512064153,0.0070335840576418764,0.2268859984884955,2.9273202520274963e-05,-82080.787597450806,-15083.077642214514,-201.66735802979539,-17.800080281986464
0.076712589512064153,-0.0070335840576418764,0.2268859984884955,2.9273202520274963e-05,-82080.787597450806,-15083.077642214514,-201.66735802979539,-17.800080281986464
-0.076712589512064153,-0.0070335840576418764,0.2268859984884955,2.9273202520274963e-05,-82080.787597450806,-15083.077642214514,-201.66735802979539,-17.800080281986464
0.020918236252534982,0.12394397080662413,0.23244458073319307,8.9074910704564761e-06,-11283.903676309181,38028.137589444217,-0.48944620142490647,29.414788584117286
-0.020918236252534982,0.12394397080662413,0.23244458073319307,8.9074910704564761e-06,-11283.903676309181,38028.137589444217,-0.48944620142490647,29.414788584117286
0.020918236252534982,-0.12394397080662413,0.23244458073319307,8.9074910704564761e-06,-11283.903676309181,38028.137589444217,-0.48944620142490647,29.414788584117286
-0.020918236252534982,-0.12394397080662413,0.23244458073319307,8.9074910704564761e-06,-11283.903676309181,38028.137589444217,-0.48944620142490647,29.414788584117286
0.12660396099090576,0.077332723885774612,0.21945377439260483,3.0290977648267571e-05,-43591.526868413326,45444.109045030775,-74.093151898672431,97.93094957551483
-0.12660396099090576,0.077332723885774612,0.21945377439260483,3.0290977648267571e-05,-43591.526868413326,45444.109045030775,-74.093151898672431,97.93094957551483
0.12660396099090576,-0.077332723885774612,0.21945377439260483,3.0290977648267571e-05,-43591.526868413326,45444.109045030775,-74.093151898672431,97.93094957551483
-0.12660396099090576,-0.077332723885774612,0.21945377439260483,3.0290977648267571e-05,-43591.526868413326,45444.109045030775,-74.093151898672431,97.93094957551483
0.10578512772917747,0.12999999523162842,0.22126728296279907,1.7148852949368645e-05,15381.155203468357,31410.107889029274,23.098379307217495,27.074558656840825
-0.10578512772917747,0.12999999523162842,0.22126728296279907,1.7148852949368645e-05,15381.155203468357,31410.107889029274,23.098379307217495,27.074558656840825
0.10578512772917747,-0.12999999523162842,0.22126728296279907,1.7148852949368645e-05,15381.155203468357,31410.107889029274,23.098379307217495,27.074558656840825
-0.10578512772917747,-0.12999999523162842,0.22126728296279907,1.7148852949368645e-05,15381.155203468357,31410.107889029274,23.098379307217495,27.074558656840825
0.010815568789250544,0.057618979483132091,0.23274929683210366,3.2996621610973836e-05,-81648.318692140063,-17855.484385689993,-185.81854801190781,-26.14047224443236
-0.010815568789250544,0.057618979483132091,0.23274929683210366,3.2996621610973836e-05,-81648.318692140063,-17855.484385689993,-185.81854801190781,-26.14047224443236
0.010815568789250544,-0.057618979483132091,0.23274929683210366,3.2996621610973836e-05,-81648.318692140063,-17855.484385689993,-185.81854801190781,-26.14047224443236
-0.010815568789250544,-0.057618979483132091,0.23274929683210366,3.2996621610973836e-05,-81648.318692140063,-17855.484385689993,-185.81854801190781,-26.14047224443236
0.054516457812081399,0.067175915520996596,0.22981828090695583,1.8672958207361262e-05,-73863.178935803458,-1295.2766911306915,-161.56397629871535,12.964970295056244
-0.054516457812081399,0.067175915520996596,0.22981828090695583,1.8672958207361262e-05,-73863.178935803458,-1295.2766911306915,-161.56397629871535,12.964970295056244
0.054516457812081399,-0.067175915520996596,0.22981828090695583,1.8672958207361262e-05,-73863.178935803458,-1295.2766911306915,-161.56397629871535,12.964970295056244
-0.054516457812081399,-0.067175915520996596,0.22981828090695583,1.8672958207361262e-05,-73863.178935803458,-1295.2766911306915,-161.56397629871535,12.964970295056244
0.024599172577343315,0.10716553624626604,0.23225653942780827,3.5466775428876751e-05,-41470.59541940481,31284.362735505529,-60.560088469030937,67.386301739220286
-0.024599172577343315,0.10716553624626604,0.23225653942780827,3.5466775428876751e-05,-41470.59541940481,31284.362735505529,-60.560088469030937,67.386301739220286
0.024599172577343315,-0.10716553624626604,0.23225653942780827,3.5466775428876751e-05,-41470.59541940481,31284.362735505529,-60.560088469030937,67.386301739220286
-0.024599172577343315,-0.10716553624626604,0.23225653942780827,3.5466775428876751e-05,-41470.59541940481,31284.362735505529,-60.560088469030937,67.386301739220286
0.029937032874107788,0.12925082225251502,0.23185881469371489,2.3243015755077258e-06,-562.42032651932561,35845.293326174164,7.8128276854168579,26.381183499573922
-0.029937032874107788,0.12925082225251502,0.23185881469371489,2.3243015755077258e-06,-562.42032651932561,35845.293326174164,7.8128276854168579,26.381183499573922
0.029937032874107788,-0.12925082225251502,0.23185881469371489,2.3243015755077258e-06,-562.42032651932561,35845.293326174164,7.8128276854168579,26.381183499573922
-0.029937032874107788,-0.12925082225251502,0.23185881469371489,2.3243015755077258e-06,-562.42032651932561,35845.293326174164,7.8128276854168579,26.381183499573922
0.078567171567284794,0.095437978105800125,0.22661142805334641,1.9936713951786597e-05,-45093.181803268599,30596.085196077256,-81.991984093782321,73.244855995340529
-0.078567171567284794,0.095437978105800125,0.22661142805334641,1.9936713951786597e-05,-45093.181803268599,30596.085196077256,-81.991984093782321,73.244855995340529
0.078567171567284794,-0.095437978105800125,0.22661142805334641,1.9936713951786597e-05,-45093.181803268599,30596.085196077256,-81.991984093782321,73.244855995340529
-0.078567171567284794,-0.095437978105800125,0.22661142805334641,1.9936713951786597e-05,-45093.181803268599,30596.085196077256,-81.991984093782321,73.244855995340529
0.028292480677407694,0.11257894930558465,0.23206203934668748,3.8605626494641708e-05,-31703.152106885398,35324.611892728819,-34.48622020281055,61.512905523063722
-0.028292480677407694,0.11257894930558465,0.23206203934668748,3.8605626494641708e-05,-31703.152106885398,35324.611892728819,-34.48622020281055,61.512905523063722
0.028292480677407694,-0.11257894930558465,0.23206203934668748,3.8605626494641708e-05,-31703.152106885398,35324.611892728819,-34.48622020281055,61.512905523063722
-0.028292480677407694,-0.11257894930558465,0.23206203934668748,3.8605626494641708e-05,-31703.152106885398,35324.611892728819,-34.48622020281055,61.512905523063722
0.012912858401885378,0.076914491601767679,0.23272446691480075,1.9237760725479513e-05,-74047.192978229577,-435.21668077763292,-161.52342093912043,18.676720966573956
-0.012912858401885378,0.076914491601767679,0.23272446691480075,1.9237760725479513e-05,-74047.192978229577,-435.21668077763292,-161.52342093912043,18.676720966573956
0.012912858401885378,-0.076914491601767679,0.23272446691480075,1.9237760725479513e-05,-74047.192978229577,-435.21668077763292,-161.52342093912043,18.676720966573956
-0.012912858401885378,-0.076914491601767679,0.23272446691480075,1.9237760725479513e-05,-74047.192978229577,-435.21668077763292,-161.52342093912043,18.676720966573956
0.034767186713427087,0.11767655980787148,0.23163022829426583,1.8735883562318057e-05,-21243.163695412699,37517.961578533272,-13.62883836912723,48.492492481735823
-0.034767186713427087,0.11767655980787148,0.23163022829426583,1.8735883562318057e-05,-21243.163695412699,37517.961578533272,-13.62883836912723,48.492492481735823
0.034767186713427087,-0.11767655980787148,0.23163022829426583,1.8735883562318057e-05,-21243.163695412699,37517.961578533272,-13.62883836912723,48.492492481735823
-0.034767186713427087,-0.11767655980787148,0.23163022829426583,1.8735883562318057e-05,-21243.163695412699,37517.961578533272,-13.62883836912723,48.492492481735823
0.023366334287945493,0.074638113546349708,0.2323214704207564,3.6277599191020001e-05,-74537.571348409925,-1812.0296555985303,-161.32933859274922,15.015085285185846
-0.023366334287945493,0.074638113546349708,0.2323214704207564,3.6277599191020001e-05,-74537.571348409925,-1812.0296555985303,-161.32933859274922,15.015085285185846
0.023366334287945493,-0.074638113546349708,0.2323214704207564,3.6277599191020001e-05,-74537.571348409925,-1812.0296555985303,-161.32933859274922,15.015085285185846
-0.023366334287945493,-0.074638113546349708,0.2323214704207564,3.6277599191020001e-05,-74537.571348409925,-1812.0296555985303,-161.32933859274922,15.015085285185846
0.038629018489745731,0.12349271899931642,0.23136000127569975,6.0914815963601107e-06,-9514.5582638826363,37630.977409481238,0.20860230893758339,32.102280062407431
-0.038629018489745731,0.12349271899931642,0.23136000127569975,6.0914815963601107e-06,-9514.5582638826363,37630.977409481238,0.20860230893758339,32.102280062407431
0.038629018489745731,-0.12349271899931642,0.23136000127569975,6.0914815963601107e-06,-9514.5582638826363,37630.977409481238,0.20860230893758339,32.102280062407431
-0.038629018489745731,-0.12349271899931642,0.23136000127569975,6.0914815963601107e-06,-9514.5582638826363,37630.977409481238,0.20860230893758339,32.102280062407431
0.0083488161246528508,0.024026297469164286,0.23280468273800731,4.113995708170769e-05,-85474.750650617832,-34837.922593705291,-210.84859493431429,-74.96978348692889
-0.0083488161246528508,0.024026297469164286,0.23280468273800731,4.113995708170769e-05,-85474.750650617832,-34837.922593705291,-210.84859493431429,-74.96978348692889
0.0083488161246528508,-0.024026297469164286,0.23280468273800731,4.113995708170769e-05,-85474.750650617832,-34837.922593705291,-210.84859493431429,-74.96978348692889
-0.0083488161246528508,-0.024026297469164286,0.23280468273800731,4.113995708170769e-05,-85474.750650617832,-34837.922593705291,-210.84859493431429,-74.96978348692889
0.10938071422668694,0.081299389321115759,0.22204954754046544,1.5762523224818038e-05,-48874.507105939498,36879.185022929974,-94.525182666499475,85.862445923593242
-0.10938071422668694,0.081299389321115759,0.22204954754046544,1.5762523224818038e-05,-48874.507105939498,36879.185022929974,-94.525182666499475,85.862445923593242
0.10938071422668694,-0.081299389321115759,0.22204954754046544,1.5762523224818038e-05,-48874.507105939498,36879.185022929974,-94.525182666499475,85.862445923593242
-0.10938071422668694,-0.081299389321115759,0.22204954754046544,1.5762523224818038e-05,-48874.507105939498,36879.185022929974,-94.525182666499475,85.862445923593242
0.024916902515919985,0.079825655682692967,0.23223981083543035,2.7483002384490101e-05,-71370.59595155991,3498.4387553758911,-149.12419828656982,28.617431951991485
-0.024916902515919985,0.079825655682692967,0.23223981083543035,2.7483002384490101e-05,-71370.59595155991,3498.4387553758911,-149.12419828656982,28.617431951991485
0.024916902515919985,-0.079825655682692967,0.23223981083543035,2.7483002384490101e-05,-71370.59595155991,3498.4387553758911,-149.12419828656982,28.617431951991485
-0.024916902515919985,-0.079825655682692967,0.23223981083543035,2.7483002384490101e-05,-71370.59595155991,3498.4387553758911,-149.12419828656982,28.617431951991485
0.04414831798263448,0.10427082992072831,0.2308766886359862,4.2615229504166462e-05,-42364.141573439141,30286.91329100604,-68.396818236048674,70.027974169431104
-0.04414831798263448,0.10427082992072831,0.2308766886359862,4.2615229504166462e-05,-42364.141573439141,30286.91329100604,-68.396818236048674,70.027974169431104
0.04414831798263448,-0.10427082992072831,0.2308766886359862,4.2615229504166462e-05,-42364.141573439141,30286.91329100604,-68.396818236048674,70.027974169431104
-0.04414831798263448,-0.10427082992072831,0.2308766886359862,4.2615229504166462e-05,-42364.141573439141,30286.91329100604,-68.396818236048674,70.027974169431104
0.055619863438251087,0.12247577971409235,0.22970642149303605,9.2871615827258483e-06,-7711.7296072289264,37523.878084037664,0.36584066432232648,34.656422901896363
-0.055619863438251087,0.12247577971409235,0.22970642149303605,9.2871615827258483e-06,-7711.7296072289264,37523.878084037664,0.36584066432232648,34.656422901896363
0.055619863438251087,-0.12247577971409235,0.22970642149303605,9.2871615827258483e-06,-7711.7296072289264,37523.878084037664,0.36584066432232648,34.656422901896363
-0.055619863438251087,-0.12247577971409235,0.22970642149303605,9.2871615827258483e-06,-7711.7296072289264,37523.878084037664,0.36584066432232648,34.656422901896363
0.15759215445415944,0.0051823008520101594,0.21491193476935153,2.951424797940287e-05,-39778.967640730421,54551.122349393161,-74.100012079506342,118.39517720771624
-0.15759215445415944,0.0051823008520101594,0.21491193476935153,2.951424797940287e-05,-39778.967640730421,54551.122349393161,-74.100012079506342,118.39517720771624
0.15759215445415944,-0.0051823008520101594,0.21491193476935153,2.951424797940287e-05,-39778.967640730421,54551.122349393161,-74.100012079506342,118.39517720771624
-0.15759215445415944,-0.0051823008520101594,0.21491193476935153,2.951424797940287e-05,-39778.967640730421,54551.122349393161,-74.100012079506342,118.39517720771624
0.023722051873384244,0.049745961041358547,0.23230273649679287,3.384558258190142e-05,-82760.841526659759,-21648.233961761598,-192.86786055957839,-34.317052137039937
-0.023722051873384244,0.049745961041358547,0.23230273649679287,3.384558258190142e-05,-82760.841526659759,-21648.233961761598,-192.86786055957839,-34.317052137039937
0.023722051873384244,-0.049745961041358547,0.23230273649679287,3.384558258190142e-05,-82760.841526659759,-21648.233961761598,-192.86786055957839,-34.317052137039937
-0.023722051873384244,-0.049745961041358547,0.23230273649679287,3.384558258190142e-05,-82760.841526659759,-21648.233961761598,-192.86786055957839,-34.317052137039937
0.085731287691979588,0.11749654027987151,0.22550270569220934,1.7467398213652222e-05,-8766.106184820921,39688.546893611958,-3.3383601126321407,54.86983423762905
-0.085731287691979588,0.11749654027987151,0.22550270569220934,1.7467398213652222e-05,-8766.106184820921,39688.546893611958,-3.3383601126321407,54.86983423762905
0.085731287691979588,-0.11749654027987151,0.22550270569220934,1.7467398213652222e-05,-8766.106184820921,39688.546893611958,-3.3383601126321407,54.86983423762905
-0.085731287691979588,-0.11749654027987151,0.22550270569220934,1.7467398213652222e-05,-8766.106184820921,39688.546893611958,-3.3383601126321407,54.86983423762905
0.018289453107293078,0.060771673282160946,0.23253218425710306,1.3240853064643683e-05,-80531.390549537173,-14783.975810222419,-181.36853342848033,-16.332809272084994
-0.018289453107293078,0.060771673282160946,0.23253218425710306,1.3240853064643683e-05,-80531.390549537173,-14783.975810222419,-181.36853342848033,-16.332809272084994
0.018289453107293078,-0.060771673282160946,0.23253218425710306,1.3240853064643683e-05,-80531.390549537173,-14783.975810222419,-181.36853342848033,-16.332809272084994
-0.018289453107293078,-0.060771673282160946,0.23253218425710306,1.3240853064643683e-05,-80531.390549537173,-14783.975810222419,-181.36853342848033,-16.332809272084994
0.025792576707919884,0.055739575408472519,0.23219369158496794,3.4772036727767961e-05,-81315.258808571452,-17460.827953687807,-185.3871402202318,-24.189657878165455
-0.025792576707919884,0.055739575408472519,0.23219369158496794,3.4772036727767961e-05,-81315.258808571452,-17460.827953687807,-185.3871402202318,-24.189657878165455
0.025792576707919884,-0.055739575408472519,0.23219369158496794,3.4772036727767961e-05,-81315.258808571452,-17460.827953687807,-185.3871402202318,-24.189657878165455
-0.025792576707919884,-0.055739575408472519,0.23219369158496794,3.4772036727767961e-05,-81315.258808571452,-17460.827953687807,-185.3871402202318,-24.189657878165455
0.040741226310705127,0.075472422303420689,0.23117503568455813,3.5789248429238165e-05,-71818.31012694056,2041.6453306481765,-154.98367771414746,22.578344396718173
-0.040741226310705127,0.075472422303420689,0.23117503568455813,3.5789248429238165e-05,-71818.31012694056,2041.6453306481765,-154.98367771414746,22.578344396718173
0.040741226310705127,-0.075472422303420689,0.23117503568455813,3.5789248429238165e-05,-71818.31012694056,2041.6453306481765,-154.98367771414746,22.578344396718173
-0.040741226310705127,-0.075472422303420689,0.23117503568455813,3.5789248429238165e-05,-71818.31012694056,2041.6453306481765,-154.98367771414746,22.578344396718173
0.044041721150279045,0.080476190894842148,0.23088601976633072,4.3708835688575363e-05,-67979.951729499153,7592.6754102322429,-146.28087002911366,35.115864167992896
-0.044041721150279045,0.080476190894842148,0.23088601976633072,4.3708835688575363e-05,-67979.951729499153,7592.6754102322429,-146.28087002911366,35.115864167992896
0.044041721150279045,-0.080476190894842148,0.23088601976633072,4.3708835688575363e-05,-67979.951729499153,7592.6754102322429,-146.28087002911366,35.115864167992896
-0.044041721150279045,-0.080476190894842148,0.23088601976633072,4.3708835688575363e-05,-67979.951729499153,7592.6754102322429,-146.28087002911366,35.115864167992896
0.047697819259635003,0.08582916373706935,0.23054479743848008,3.4774986630672448e-05,-63152.230201393169,13557.148188630616,-129.42044055253515,48.315057263845773
-0.047697819259635003,0.08582916373706935,0.23054479743848008,3.4774986630672448e-05,-63152.230201393169,13557.148188630616,-129.42044055253515,48.315057263845773
0.047697819259635003,-0.08582916373706935,0.23054479743848008,3.4774986630672448e-05,-63152.230201393169,13557.148188630616,-129.42044055253515,48.315057263845773
-0.047697819259635003,-0.08582916373706935,0.23054479743848008,3.4774986630672448e-05,-63152.230201393169,13557.148188630616,-129.42044055253515,48.315057263845773
0.013121398815724057,0.023838993397801725,0.23272080322340838,1.2622198471792051e-05,-85203.19858805777,-34824.926198293288,-191.59793648041352,-69.812218061276695
-0.013121398815724057,0.023838993397801725,0.23272080322340838,1.2622198471792051e-05,-85203.19858805777,-34824.926198293288,-191.59793648041352,-69.812218061276695
0.013121398815724057,-0.023838993397801725,0.23272080322340838,1.2622198471792051e-05,-85203.19858805777,-34824.926198293288,-191.59793648041352,-69.812218061276695
-0.013121398815724057,-0.023838993397801725,0.23272080322340838,1.2622198471792051e-05,-85203.19858805777,-34824.926198293288,-191.59793648041352,-69.812218061276695
0.058637034447206693,0.10530361645098868,0.22933904301664543,3.0749957900597825e-05,-37227.791032212474,32925.444688259035,-53.605097981924438,71.548155058058654
-0.058637034447206693,0.10530361645098868,0.22933904301664543,3.0749957900597825e-05,-37227.791032212474,32925.444688259035,-53.605097981924438,71.548155058058654
0.058637034447206693,-0.10530361645098868,0.22933904301664543,3.0749957900597825e-05,-37227.791032212474,32925.444688259035,-53.605097981924438,71.548155058058654
-0.058637034447206693,-0.10530361645098868,0.22933904301664543,3.0749957900597825e-05,-37227.791032212474,32925.444688259035,-53.605097981924438,71.548155058058654
0.086345827355668495,0.032382067077229404,0.22545980603852261,2.053918172200079e-05,-78803.701987729408,-2977.9681743812366,-185.84457512833384,10.621201069379387
-0.086345827355668495,0.032382067077229404,0.22545980603852261,2.053918172200079e-05,-78803.701987729408,-2977.9681743812366,-185.84457512833384,10.621201069379387
0.086345827355668495,-0.032382067077229404,0.22545980603852261,2.053918172200079e-05,-78803.701987729408,-2977.9681743812366,-185.84457512833384,10.621201069379387
-0.086345827355668495,-0.032382067077229404,0.22545980603852261,2.053918172200079e-05,-78803.701987729408,-2977.9681743812366,-185.84457512833384,10.621201069379387
0.061720805601820909,0.11086623566771056,0.22896235031728165,4.0167517487267817e-05,-27144.545217001338,36448.284225396535,-35.307428717068781,69.57352061716071
-0.061720805601820909,0.11086623566771056,0.22896235031728165,4.0167517487267817e-05,-27144.545217001338,36448.284225396535,-35.307428717068781,69.57352061716071
0.061720805601820909,-0.11086623566771056,0.22896235031728165,4.0167517487267817e-05,-27144.545217001338,36448.284225396535,-35.307428717068781,69.57352061716071
-0.061720805601820909,-0.11086623566771056,0.22896235031728165,4.0167517487267817e-05,-27144.545217001338,36448.284225396535,-35.307428717068781,69.57352061716071
0.073323332308685027,0.01114762623874836,0.22738323108623118,1.3883786744600454e-05,-82235.764430672469,-16857.368951153931,-200.85809330451903,-23.792204716673307
-0.073323332308685027,0.01114762623874836,0.22738323108623118,1.3883786744600454e-05,-82235.764430672469,-16857.368951153931,-200.85809330451903,-23.792204716673307
0.073323332308685027,-0.01114762623874836,0.22738323108623118,1.3883786744600454e-05,-82235.764430672469,-16857.368951153931,-200.85809330451903,-23.792204716673307
-0.073323332308685027,-0.01114762623874836,0.22738323108623118,1.3883786744600454e-05,-82235.764430672469,-16857.368951153931,-200.85809330451903,-23.792204716673307
0.030484310143279358,0.03676107471999563,0.23189412824435224,3.2879471856035251e-05,-83901.397491977652,-27377.697394191437,-197.17861287222425,-51.374079526745568
-0.030484310143279358,0.03676107471999563,0.23189412824435224,3.2879471856035251e-05,-83901.397491977652,-27377.697394191437,-197.17861287222425,-51.374079526745568
0.030484310143279358,-0.03676107471999563,0.23189412824435224,3.2879471856035251e-05,-83901.397491977652,-27377.697394191437,-197.17861287222425,-51.374079526745568
-0.030484310143279358,-0.03676107471999563,0.23189412824435224,3.2879471856035251e-05,-83901.397491977652,-27377.697394191437,-197.17861287222425,-51.374079526745568
0.083137938372667614,0.097340901021136489,0.22593473077032228,3.8934033624436247e-05,-41172.443273053475,33459.468287860436,-74.101083955352053,80.500452654798906
-0.083137938372667614,0.097340901021136489,0.22593473077032228,3.8934033624436247e-05,-41172.443273053475,33459.468287860436,-74.101083955352053,80.500452654798906
0.083137938372667614,-0.097340901021136489,0.22593473077032228,3.8934033624436247e-05,-41172.443273053475,33459.468287860436,-74.101083955352053,80.500452654798906
-0.083137938372667614,-0.097340901021136489,0.22593473077032228,3.8934033624436247e-05,-41172.443273053475,33459.468287860436,-74.101083955352053,80.500452654798906
0.18146267161625176,0.073012980883801329,0.20815567371781005,2.6458003295586192e-05,960.74079541231038,49822.09628820308,21.37412060966264,82.804456449115762
-0.18146267161625176,0.073012980883801329,0.20815567371781005,2.6458003295586192e-05,960.74079541231038,49822.09628820308,21.37412060966264,82.804456449115762
0.18146267161625176,-0.073012980883801329,0.20815567371781005,2.6458003295586192e-05,960.74079541231038,49822.09628820308,21.37412060966264,82.804456449115762
-0.18146267161625176,-0.073012980883801329,0.20815567371781005,2.6458003295586192e-05,960.74079541231038,49822.09628820308,21.37412060966264,82.804456449115762
0.12001000717282295,0.12999999523162842,0.21788284182548523,2.2003563911092348e-05,17512.312423064766,30475.749199421211,28.549643720570632,29.831716825106348
-0.12001000717282295,0.12999999523162842,0.21788284182548523,2.2003563911092348e-05,17512.312423064766,30475.749199421211,28.549643720570632,29.831716825106348
0.12001000717282295,-0.12999999523162842,0.21788284182548523,2.2003563911092348e-05,17512.312423064766,30475.749199421211,28.549643720570632,29.831716825106348
-0.12001000717282295,-0.12999999523162842,0.21788284182548523,2.2003563911092348e-05,17512.312423064766,30475.749199421211,28.549643720570632,29.831716825106348
0.049312700372700365,0.094714224525822302,0.23033393144444905,1.4900281168627656e-05,-53946.829035607559,22230.537966415985,-99.458862755017648,59.066643590584547
-0.049312700372700365,0.094714224525822302,0.23033393144444905,1.4900281168627656e-05,-53946.829035607559,22230.537966415985,-99.458862755017648,59.066643590584547
0.049312700372700365,-0.094714224525822302,0.23033393144444905,1.4900281168627656e-05,-53946.829035607559,22230.537966415985,-99.458862755017648,59.066643590584547
-0.049312700372700365,-0.094714224525822302,0.23033393144444905,1.4900281168627656e-05,-53946.829035607559,22230.537966415985,-99.458862755017648,59.066643590584547
0.14582179319725633,0.092702836064052038,0.21505880236462965,3.8681036384626782e-05,-18459.104346834854,52206.303036869998,-18.17943931960561,97.20623578899442
-0.14582179319725633,0.092702836064052038,0.21505880236462965,3.8681036384626782e-05,-18459.104346834854,52206.303036869998,-18.17943931960561,97.20623578899442
0.14582179319725633,-0.092702836064052038,0.21505880236462965,3.8681036384626782e-05,-18459.104346834854,52206.303036869998,-18.17943931960561,97.20623578899442
-0.14582179319725633,-0.092702836064052038,0.21505880236462965,3.8681036384626782e-05,-18459.104346834854,52206.303036869998,-18.17943931960561,97.20623578899442
0.02222013619126343,0.02618529186485356,0.23238113814459813,1.5516993400195131e-05,-84942.290600901179,-32776.903298328914,-204.63417487210546,-70.45238543151072
-0.02222013619126343,0.02618529186485356,0.23238113814459813,1.5516993400195131e-05,-84942.290600901179,-32776.903298328914,-204.63417487210546,-70.45238543151072
0.02222013619126343,-0.02618529186485356,0.23238113814459813,1.5516993400195131e-05,-84942.290600901179,-32776.903298328914,-204.63417487210546,-70.45238543151072
-0.02222013619126343,-0.02618529186485356,0.23238113814459813,1.5516993400195131e-05,-84942.290600901179,-32776.903298328914,-204.63417487210546,-70.45238543151072
0.046790810863901862,0.0045164730856337458,0.23064528785269406,1.7800620875513852e-05,-84215.231350692688,-30756.077405257598,-261.61021917008259,-74.37979620550739
-0.046790810863901862,0.0045164730856337458,0.23064528785269406,1.7800620875513852e-05,-84215.231350692688,-30756.077405257598,-261.61021917008259,-74.37979620550739
0.046790810863901862,-0.0045164730856337458,0.23064528785269406,1.7800620875513852e-05,-84215.231350692688,-30756.077405257598,-261.61021917008259,-74.37979620550739
-0.046790810863901862,-0.0045164730856337458,0.23064528785269406,1.7800620875513852e-05,-84215.231350692688,-30756.077405257598,-261.61021917008259,-74.37979620550739
0.013942224470256309,0.085523916369933811,0.23267007170517698,2.6046986830473814e-05,-68230.525980626437,8157.7188210482409,-139.10636124953299,36.929226031898487
-0.013942224470256309,0.085523916369933811,0.23267007170517698,2.6046986830473814e-05,-68230.525980626437,8157.7188210482409,-139.10636124953299,36.929226031898487
0.013942224470256309,-0.085523916369933811,0.23267007170517698,2.6046986830473814e-05,-68230.525980626437,8157.7188210482409,-139.10636124953299,36.929226031898487
-0.013942224470256309,-0.085523916369933811,0.23267007170517698,2.6046986830473814e-05,-68230.525980626437,8157.7188210482409,-139.10636124953299,36.929226031898487
0.0055232537009388197,0.10226836300066822,0.23285434576955322,3.2144621896265214e-05,-50625.813714901684,25889.05133583162,-86.971482649422441,63.73712675763278
-0.0055232537009388197,0.10226836300066822,0.23285434576955322,3.2144621896265214e-05,-50625.813714901684,25889.05133583162,-86.971482649422441,63.73712675763278
0.0055232537009388197,-0.10226836300066822,0.23285434576955322,3.2144621896265214e-05,-50625.813714901684,25889.05133583162,-86.971482649422441,63.73712675763278
-0.0055232537009388197,-0.10226836300066822,0.23285434576955322,3.2144621896265214e-05,-50625.813714901684,25889.05133583162,-86.971482649422441,63.73712675763278
0.073656166340431109,0.0034406600202287574,0.22733448279368479,1.3655209342728357e-05,-82424.670779664651,-17401.266065980886,-241.70483961837098,-28.585494444879426
-0.073656166340431109,0.0034406600202287574,0.22733448279368479,1.3655209342728357e-05,-82424.670779664651,-17401.266065980886,-241.70483961837098,-28.585494444879426
0.073656166340431109,-0.0034406600202287574,0.22733448279368479,1.3655209342728357e-05,-82424.670779664651,-17401.266065980886,-241.70483961837098,-28.585494444879426
-0.073656166340431109,-0.0034406600202287574,0.22733448279368479,1.3655209342728357e-05,-82424.670779664651,-17401.266065980886,-241.70483961837098,-28.585494444879426
0.084716349904115723,0.1222873626044409,0.22562211724211556,1.5624198652459894e-05,-763.99360662314541,37964.471334140384,7.2514871898721269,38.312517696850556
-0.084716349904115723,0.1222873626044409,0.22562211724211556,1.5624198652459894e-05,-763.99360662314541,37964.471334140384,7.2514871898721269,38.312517696850556
0.084716349904115723,-0.1222873626044409,0.22562211724211556,1.5624198652459894e-05,-763.99360662314541,37964.471334140384,7.2514871898721269,38.312517696850556
-0.084716349904115723,-0.1222873626044409,0.22562211724211556,1.5624198652459894e-05,-763.99360662314541,37964.471334140384,7.2514871898721269,38.312517696850556
0.078537979342055142,0.11188177791919737,0.2266157504489453,3.4878968538561656e-05,-20554.87633704879,38995.54077642598,-19.754304612467845,67.061719914691679
-0.078537979342055142,0.11188177791919737,0.2266157504489453,3.4878968538561656e-05,-20554.87633704879,38995.54077642598,-19.754304612467845,67.061719914691679
0.078537979342055142,-0.11188177791919737,0.2266157504489453,3.4878968538561656e-05,-20554.87633704879,38995.54077642598,-19.754304612467845,67.061719914691679
-0.078537979342055142,-0.11188177791919737,0.2266157504489453,3.4878968538561656e-05,-20554.87633704879,38995.54077642598,-19.754304612467845,67.061719914691679
0.068523492080201115,0.043537349149673478,0.22808526332415716,4.999224462982225e-05,-79353.047380474396,-9588.2617648108571,-189.80223713288237,-5.4890972274282266
-0.068523492080201115,0.043537349149673478,0.22808526332415716,4.999224462982225e-05,-79353.047380474396,-9588.2617648108571,-189.80223713288237,-5.4890972274282266
0.068523492080201115,-0.043537349149673478,0.22808526332415716,4.999224462982225e-05,-79353.047380474396,-9588.2617648108571,-189.80223713288237,-5.4890972274282266
-0.068523492080201115,-0.043537349149673478,0.22808526332415716,4.999224462982225e-05,-79353.047380474396,-9588.2617648108571,-189.80223713288237,-5.4890972274282266
0.0084848282834773456,0.050885398809125022,0.23280229597744329,4.1975516242422478e-05,-83134.39205984307,-22480.443069950979,-193.70096145655873,-39.143502925985011
-0.0084848282834773456,0.050885398809125022,0.23280229597744329,4.1975516242422478e-05,-83134.39205984307,-22480.443069950979,-193.70096145655873,-39.143502925985011
0.0084848282834773456,-0.050885398809125022,0.23280229597744329,4.1975516242422478e-05,-83134.39205984307,-22480.443069950979,-193.70096145655873,-39.143502925985011
-0.0084848282834773456,-0.050885398809125022,0.23280229597744329,4.1975516242422478e-05,-83134.39205984307,-22480.443069950979,-193.70096145655873,-39.143502925985011
0.014555093723677902,0.12579757576556935,0.23268952105397575,4.3648724590152098e-06,-8416.2143532136852,37810.831831251315,2.3812656861229748,24.018334434380286
-0.014555093723677902,0.12579757576556935,0.23268952105397575,4.3648724590152098e-06,-8416.2143532136852,37810.831831251315,2.3812656861229748,24.018334434380286
0.014555093723677902,-0.12579757576556935,0.23268952105397575,4.3648724590152098e-06,-8416.2143532136852,37810.831831251315,2.3812656861229748,24.018334434380286
-0.014555093723677902,-0.12579757576556935,0.23268952105397575,4.3648724590152098e-06,-8416.2143532136852,37810.831831251315,2.3812656861229748,24.018334434380286
0.05936474541880972,0.080129747374035318,0.22925014828613233,3.0181632497064853e-05,-65279.718443043414,11432.875813368184,-137.28956885045471,44.075110453883624
-0.05936474541880972,0.080129747374035318,0.22925014828613233,3.0181632497064853e-05,-65279.718443043414,11432.875813368184,-137.28956885045471,44.075110453883624
0.05936474541880972,-0.080129747374035318,0.22925014828613233,3.0181632497064853e-05,-65279.718443043414,11432.875813368184,-137.28956885045471,44.075110453883624
-0.05936474541880972,-0.080129747374035318,0.22925014828613233,3.0181632497064853e-05,-65279.718443043414,11432.875813368184,-137.28956885045471,44.075110453883624
0.072146478876390502,0.12628439071405079,0.22754725803543624,3.6436098015556634e-06,2916.8621582121541,35674.749133783749,9.6002487403658421,25.220853093967243
-0.072146478876390502,0.12628439071405079,0.22754725803543624,3.6436098015556634e-06,2916.8621582121541,35674.749133783749,9.6002487403658421,25.220853093967243
0.072146478876390502,-0.12628439071405079,0.22754725803543624,3.6436098015556634e-06,2916.8621582121541,35674.749133783749,9.6002487403658421,25.220853093967243
-0.072146478876390502,-0.12628439071405079,0.22754725803543624,3.6436098015556634e-06,2916.8621582121541,35674.749133783749,9.6002487403658421,25.220853093967243
0.073602862471502523,0.11249006280777367,0.2273463814990101,2.2138189918783916e-05,-21049.186479544165,38325.009649606967,-22.050232023533031,63.765031493007818
-0.073602862471502523,0.11249006280777367,0.2273463814990101,2.2138189918783916e-05,-21049.186479544165,38325.009649606967,-22.050232023533031,63.765031493007818
0.073602862471502523,-0.11249006280777367,0.2273463814990101,2.2138189918783916e-05,-21049.186479544165,38325.009649606967,-22.050232023533031,63.765031493007818
-0.073602862471502523,-0.11249006280777367,0.2273463814990101,2.2138189918783916e-05,-21049.186479544165,38325.009649606967,-22.050232023533031,63.765031493007818
0.024371802397769302,0.10146093047306558,0.23226726941888656,2.5574402941080509e-05,-50117.398480803364,25957.36682906677,-78.704794319264749,63.382049678318467
-0.024371802397769302,0.10146093047306558,0.23226726941888656,2.5574402941080509e-05,-50117.398480803364,25957.36682906677,-78.704794319264749,63.382049678318467
0.024371802397769302,-0.10146093047306558,0.23226726941888656,2.5574402941080509e-05,-50117.398480803364,25957.36682906677,-78.704794319264749,63.382049678318467
-0.024371802397769302,-0.10146093047306558,0.23226726941888656,2.5574402941080509e-05,-50117.398480803364,25957.36682906677,-78.704794319264749,63.382049678318467
0.016999043524265289,0.064999999478459358,0.23254410177469254,3.2472651575716237e-05,-79214.046175893993,-11600.333423645818,-173.74381474952574,-7.7475234987905779
-0.016999043524265289,0.064999999478459358,0.23254410177469254,3.2472651575716237e-05,-79214.046175893993,-11600.333423645818,-173.74381474952574,-7.7475234987905779
0.016999043524265289,-0.064999999478459358,0.23254410177469254,3.2472651575716237e-05,-79214.046175893993,-11600.333423645818,-173.74381474952574,-7.7475234987905779
-0.016999043524265289,-0.064999999478459358,0.23254410177469254,3.2472651575716237e-05,-79214.046175893993,-11600.333423645818,-173.74381474952574,-7.7475234987905779
0.0048408568484074434,0.10682260967524575,0.2328663398673495,1.9913699105544313e-05,-43856.255272069589,30343.845862303791,-64.548167494885647,65.823788247955193
-0.0048408568484074434,0.10682260967524575,0.2328663398673495,1.9913699105544313e-05,-43856.255272069589,30343.845862303791,-64.548167494885647,65.823788247955193
0.0048408568484074434,-0.10682260967524575,0.2328663398673495,1.9913699105544313e-05,-43856.255272069589,30343.845862303791,-64.548167494885647,65.823788247955193
-0.0048408568484074434,-0.10682260967524575,0.2328663398673495,1.9913699105544313e-05,-43856.255272069589,30343.845862303791,-64.548167494885647,65.823788247955193
0.028244274241100886,0.032148757792021899,0.23204905205871768,2.6745204771430927e-05,-84493.608464124278,-29679.924050590012,-201.40508507765932,-55.591316361858347
-0.028244274241100886,0.032148757792021899,0.23204905205871768,2.6745204771430927e-05,-84493.608464124278,-29679.924050590012,-201.40508507765932,-55.591316361858347
0.028244274241100886,-0.032148757792021899,0.23204905205871768,2.6745204771430927e-05,-84493.608464124278,-29679.924050590012,-201.40508507765932,-55.591316361858347
-0.028244274241100886,-0.032148757792021899,0.23204905205871768,2.6745204771430927e-05,-84493.608464124278,-29679.924050590012,-201.40508507765932,-55.591316361858347
0.049861779520405866,0.067467990837891706,0.23032223395623544,3.5499406468835661e-05,-74560.803209472462,-2332.5349434549757,-167.1495656318609,13.676699777352376
-0.049861779520405866,0.067467990837891706,0.23032223395623544,3.5499406468835661e-05,-74560.803209472462,-2332.5349434549757,-167.1495656318609,13.676699777352376
0.049861779520405866,-0.067467990837891706,0.23032223395623544,3.5499406468835661e-05,-74560.803209472462,-2332.5349434549757,-167.1495656318609,13.676699777352376
-0.049861779520405866,-0.067467990837891706,0.23032223395623544,3.5499406468835661e-05,-74560.803209472462,-2332.5349434549757,-167.1495656318609,13.676699777352376
0.1654523768403694,0.11425212380757943,0.20690253455715057,1.3808122421354904e-05,10698.700570887728,37810.94168716194,36.477616909512228,59.717281247320109
-0.1654523768403694,0.11425212380757943,0.20690253455715057,1.3808122421354904e-05,10698.700570887728,37810.94168716194,36.477616909512228,59.717281247320109
0.1654523768403694,-0.11425212380757943,0.20690253455715057,1.3808122421354904e-05,10698.700570887728,37810.94168716194,36.477616909512228,59.717281247320109
-0.1654523768403694,-0.11425212380757943,0.20690253455715057,1.3808122421354904e-05,10698.700570887728,37810.94168716194,36.477616909512228,59.717281247320109
0.19502135273927013,0.11617676321908463,0.19579378189070445,2.6385605767221445e-05,19679.664301365301,15726.970747045814,53.889399373001346,15.913163314094191
-0.19502135273927013,0.11617676321908463,0.19579378189070445,2.6385605767221445e-05,19679.664301365301,15726.970747045814,53.889399373001346,15.913163314094191
0.19502135273927013,-0.11617676321908463,0.19579378189070445,2.6385605767221445e-05,19679.664301365301,15726.970747045814,53.889399373001346,15.913163314094191
-0.19502135273927013,-0.11617676321908463,0.19579378189070445,2.6385605767221445e-05,19679.664301365301,15726.970747045814,53.889399373001346,15.913163314094191
0.046127612303023764,0.062115624599686142,0.2307033627144893,3.6771548194516281e-05,-77403.4212300566,-7702.0641095665997,-173.15105492063961,2.7402202541379701
-0.046127612303023764,0.062115624599686142,0.2307033627144893,3.6771548194516281e-05,-77403.4212300566,-7702.0641095665997,-173.15105492063961,2.7402202541379701
0.046127612303023764,-0.062115624599686142,0.2307033627144893,3.6771548194516281e-05,-77403.4212300566,-7702.0641095665997,-173.15105492063961,2.7402202541379701
-0.046127612303023764,-0.062115624599686142,0.2307033627144893,3.6771548194516281e-05,-77403.4212300566,-7702.0641095665997,-173.15105492063961,2.7402202541379701
0.028785757646998388,0.084700507794558608,0.23201026397475211,4.9915028268243641e-05,-67310.806964350253,8863.4719006122668,-138.57196009597394,37.755508560326881
-0.028785757646998388,0.084700507794558608,0.23201026397475211,4.9915028268243641e-05,-67310.806964350253,8863.4719006122668,-138.57196009597394,37.755508560326881
0.028785757646998388,-0.084700507794558608,0.23201026397475211,4.9915028268243641e-05,-67310.806964350253,8863.4719006122668,-138.57196009597394,37.755508560326881
-0.028785757646998388,-0.084700507794558608,0.23201026397475211,4.9915028268243641e-05,-67310.806964350253,8863.4719006122668,-138.57196009597394,37.755508560326881
0.041721947561951141,0.096689483697107018,0.23108690884539534,2.9306497460496522e-05,-53278.793770407086,22913.509807282731,-95.158601966583944,60.727986221432523
-0.041721947561951141,0.096689483697107018,0.23108690884539534,2.9306497460496522e-05,-53278.793770407086,22913.509807282731,-95.158601966583944,60.727986221432523
0.041721947561951141,-0.096689483697107018,0.23108690884539534,2.9306497460496522e-05,-53278.793770407086,22913.509807282731,-95.158601966583944,60.727986221432523
-0.041721947561951141,-0.096689483697107018,0.23108690884539534,2.9306497460496522e-05,-53278.793770407086,22913.509807282731,-95.158601966583944,60.727986221432523
0.13379575306404462,0.055725684035518003,0.21843429493872335,1.9232413521781238e-05,-52532.292742153892,44532.348590445945,-94.105415389337693,96.954743383481855
-0.13379575306404462,0.055725684035518003,0.21843429493872335,1.9232413521781238e-05,-52532.292742153892,44532.348590445945,-94.105415389337693,96.954743383481855
0.13379575306404462,-0.055725684035518003,0.21843429493872335,1.9232413521781238e-05,-52532.292742153892,44532.348590445945,-94.105415389337693,96.954743383481855
-0.13379575306404462,-0.055725684035518003,0.21843429493872335,1.9232413521781238e-05,-52532.292742153892,44532.348590445945,-94.105415389337693,96.954743383481855
0.04216047215040241,0.058248460269865139,0.23105075618005752,3.3460559632875843e-05,-79140.279897232205,-11764.501105815989,-180.02051886772958,-9.623894091322672
-0.04216047215040241,0.058248460269865139,0.23105075618005752,3.3460559632875843e-05,-79140.279897232205,-11764.501105815989,-180.02051886772958,-9.623894091322672
0.04216047215040241,-0.058248460269865139,0.23105075618005752,3.3460559632875843e-05,-79140.279897232205,-11764.501105815989,-180.02051886772958,-9.623894091322672
-0.04216047215040241,-0.058248460269865139,0.23105075618005752,3.3460559632875843e-05,-79140.279897232205,-11764.501105815989,-180.02051886772958,-9.623894091322672
0.038675705856722704,0.048869996543837252,0.23135577887491793,3.4695356875021273e-05,-81739.929191794683,-18919.34081520321,-188.91302750675709,-27.899364139324874
-0.038675705856722704,0.048869996543837252,0.23135577887491793,3.4695356875021273e-05,-81739.929191794683,-18919.34081520321,-188.91302750675709,-27.899364139324874
0.038675705856722704,-0.048869996543837252,0.23135577887491793,3.4695356875021273e-05,-81739.929191794683,-18919.34081520321,-188.91302750675709,-27.899364139324874
-0.038675705856722704,-0.048869996543837252,0.23135577887491793,3.4695356875021273e-05,-81739.929191794683,-18919.34081520321,-188.91302750675709,-27.899364139324874
0.15929293172682429,0,0.21466013699191397,1.3706311271331026e-05,-38543.020364597782,54994.662227653673,-49.767266767663365,92.364428844333204
-0.15929293172682429,0,0.21466013699191397,1.3706311271331026e-05,-38543.020364597782,54994.662227653673,-49.767266767663365,92.364428844333204
0.15929293172682429,-0,0.21466013699191397,1.3706311271331026e-05,-38543.020364597782,54994.662227653673,-49.767266767663365,92.364428844333204
-0.15929293172682429,-0,0.21466013699191397,1.3706311271331026e-05,-38543.020364597782,54994.662227653673,-49.767266767663365,92.364428844333204
0.049970870417327055,0.11614484267924656,0.23029953210859652,2.5167479223713434e-05,-20808.424447300102,37399.729816771447,-18.151034039993927,56.148941746732717
-0.049970870417327055,0.11614484267924656,0.23029953210859652,2.5167479223713434e-05,-20808.424447300102,37399.729816771447,-18.151034039993927,56.148941746732717
0.049970870417327055,-0.11614484267924656,0.23029953210859652,2.5167479223713434e-05,-20808.424447300102,37399.729816771447,-18.151034039993927,56.148941746732717
-0.049970870417327055,-0.11614484267924656,0.23029953210859652,2.5167479223713434e-05,-20808.424447300102,37399.729816771447,-18.151034039993927,56.148941746732717
0.10741142581647298,0.068878313077305756,0.22234109444474962,3.477455055082062e-05,-59346.528286319182,29872.042802128897,-120.56963579526133,78.630126631799399
-0.10741142581647298,0.068878313077305756,0.22234109444474962,3.477455055082062e-05,-59346.528286319182,29872.042802128897,-120.56963579526133,78.630126631799399
0.10741142581647298,-0.068878313077305756,0.22234109444474962,3.477455055082062e-05,-59346.528286319182,29872.042802128897,-120.56963579526133,78.630126631799399
-0.10741142581647298,-0.068878313077305756,0.22234109444474962,3.477455055082062e-05,-59346.528286319182,29872.042802128897,-120.56963579526133,78.630126631799399
0.17575311401243116,0.10630257546001037,0.20494529569467285,2.9893809351845221e-05,9845.8598283195515,38661.376593477282,37.634726530003277,62.639445677483089
-0.17575311401243116,0.10630257546001037,0.20494529569467285,2.9893809351845221e-05,9845.8598283195515,38661.376593477282,37.634726530003277,62.639445677483089
0.17575311401243116,-0.10630257546001037,0.20494529569467285,2.9893809351845221e-05,9845.8598283195515,38661.376593477282,37.634726530003277,62.639445677483089
-0.17575311401243116,-0.10630257546001037,0.20494529569467285,2.9893809351845221e-05,9845.8598283195515,38661.376593477282,37.634726530003277,62.639445677483089
0.053978368039296093,0.11932298296140091,0.22985449442243586,2.425619075391646e-05,-13948.261918144506,37928.175227431537,-5.9693447427013293,47.065486186020145
-0.053978368039296093,0.11932298296140091,0.22985449442243586,2.425619075391646e-05,-13948.261918144506,37928.175227431537,-5.9693447427013293,47.065486186020145
0.053978368039296093,-0.11932298296140091,0.22985449442243586,2.425619075391646e-05,-13948.261918144506,37928.175227431537,-5.9693447427013293,47.065486186020145
-0.053978368039296093,-0.11932298296140091,0.22985449442243586,2.425619075391646e-05,-13948.261918144506,37928.175227431537,-5.9693447427013293,47.065486186020145
0.092445942618941457,0.11202376197232153,0.22450030654425682,3.8064487341267988e-05,-16066.460564342355,41020.662941835319,-16.584791570279876,72.244965191138746
-0.092445942618941457,0.11202376197232153,0.22450030654425682,3.8064487341267988e-05,-16066.460564342355,41020.662941835319,-16.584791570279876,72.244965191138746
0.092445942618941457,-0.11202376197232153,0.22450030654425682,3.8064487341267988e-05,-16066.460564342355,41020.662941835319,-16.584791570279876,72.244965191138746
-0.092445942618941457,-0.11202376197232153,0.22450030654425682,3.8064487341267988e-05,-16066.460564342355,41020.662941835319,-16.584791570279876,72.244965191138746
0.057079658312909093,0.076787136230584238,0.22952927733808992,1.7409244014630685e-05,-68090.029182556347,7632.7689900848382,-140.94254356219801,33.173055704918717
-0.057079658312909093,0.076787136230584238,0.22952927733808992,1.7409244014630685e-05,-68090.029182556347,7632.7689900848382,-140.94254356219801,33.173055704918717
0.057079658312909093,-0.076787136230584238,0.22952927733808992,1.7409244014630685e-05,-68090.029182556347,7632.7689900848382,-140.94254356219801,33.173055704918717
-0.057079658312909093,-0.076787136230584238,0.22952927733808992,1.7409244014630685e-05,-68090.029182556347,7632.7689900848382,-140.94254356219801,33.173055704918717
0.19029659325172449,0.11522881682758902,0.19792981392049427,3.0844720433929938e-05,18722.872380479461,20939.714220204616,49.094770229894195,26.602970057286932
-0.19029659325172449,0.11522881682758902,0.19792981392049427,3.0844720433929938e-05,18722.872380479461,20939.714220204616,49.094770229894195,26.602970057286932
0.19029659325172449,-0.11522881682758902,0.19792981392049427,3.0844720433929938e-05,18722.872380479461,20939.714220204616,49.094770229894195,26.602970057286932
-0.19029659325172449,-0.11522881682758902,0.19792981392049427,3.0844720433929938e-05,18722.872380479461,20939.714220204616,49.094770229894195,26.602970057286932
0.071978114799237131,0.10918516737667577,0.22758691851397711,1.0481773407071113e-05,-27130.900637330789,37071.725836320715,-34.496009781500803,68.629633550965735
-0.071978114799237131,0.10918516737667577,0.22758691851397711,1.0481773407071113e-05,-27130.900637330789,37071.725836320715,-34.496009781500803,68.629633550965735
0.071978114799237131,-0.10918516737667577,0.22758691851397711,1.0481773407071113e-05,-27130.900637330789,37071.725836320715,-34.496009781500803,68.629633550965735
-0.071978114799237131,-0.10918516737667577,0.22758691851397711,1.0481773407071113e-05,-27130.900637330789,37071.725836320715,-34.496009781500803,68.629633550965735
0.12718171092720215,0.08205739279925936,0.21930234062975754,2.6112470785666233e-05,-39267.429236094205,46805.284075736308,-65.891244163778225,99.008617512008669
-0.12718171092720215,0.08205739279925936,0.21930234062975754,2.6112470785666233e-05,-39267.429236094205,46805.284075736308,-65.891244163778225,99.008617512008669
0.12718171092720215,-0.08205739279925936,0.21930234062975754,2.6112470785666233e-05,-39267.429236094205,46805.284075736308,-65.891244163778225,99.008617512008669
-0.12718171092720215,-0.08205739279925936,0.21930234062975754,2.6112470785666233e-05,-39267.429236094205,46805.284075736308,-65.891244163778225,99.008617512008669
0.033649898291775018,0.1128160340625705,0.23169896937917239,2.208383658905061e-05,-30376.329045865856,35624.299995929337,-32.322769434195862,61.361949119284454
-0.033649898291775018,0.1128160340625705,0.23169896937917239,2.208383658905061e-05,-30376.329045865856,35624.299995929337,-32.322769434195862,61.361949119284454
0.033649898291775018,-0.1128160340625705,0.23169896937917239,2.208383658905061e-05,-30376.329045865856,35624.299995929337,-32.322769434195862,61.361949119284454
-0.033649898291775018,-0.1128160340625705,0.23169896937917239,2.208383658905061e-05,-30376.329045865856,35624.299995929337,-32.322769434195862,61.361949119284454
0.1240030516807939,0.10858228014112782,0.21876208440223999,1.6035253112566054e-05,-11125.679733806544,46363.733035878649,-5.8100181724506283,79.657710595190309
-0.1240030516807939,0.10858228014112782,0.21876208440223999,1.6035253112566054e-05,-11125.679733806544,46363.733035878649,-5.8100181724506283,79.657710595190309
0.1240030516807939,-0.10858228014112782,0.21876208440223999,1.6035253112566054e-05,-11125.679733806544,46363.733035878649,-5.8100181724506283,79.657710595190309
-0.1240030516807939,-0.10858228014112782,0.21876208440223999,1.6035253112566054e-05,-11125.679733806544,46363.733035878649,-5.8100181724506283,79.657710595190309
0.031891237128998752,0.096420970794653074,0.23182703918351205,1.9931462918310654e-05,-55359.953832631938,21310.127883639499,-102.68735963283299,56.349522925944989
-0.031891237128998752,0.096420970794653074,0.23182703918351205,1.9931462918310654e-05,-55359.953832631938,21310.127883639499,-102.68735963283299,56.349522925944989
0.031891237128998752,-0.096420970794653074,0.23182703918351205,1.9931462918310654e-05,-55359.953832631938,21310.127883639499,-102.68735963283299,56.349522925944989
-0.031891237128998752,-0.096420970794653074,0.23182703918351205,1.9931462918310654e-05,-55359.953832631938,21310.127883639499,-102.68735963283299,56.349522925944989
0.019364267564590861,0.050052591108151558,0.23249993330855048,1.7105334103290894e-05,-82818.851950213415,-22391.672419769657,-179.15215529474321,-36.320170800970281
-0.019364267564590861,0.050052591108151558,0.23249993330855048,1.7105334103290894e-05,-82818.851950213415,-22391.672419769657,-179.15215529474321,-36.320170800970281
0.019364267564590861,-0.050052591108151558,0.23249993330855048,1.7105334103290894e-05,-82818.851950213415,-22391.672419769657,-179.15215529474321,-36.320170800970281
-0.019364267564590861,-0.050052591108151558,0.23249993330855048,1.7105334103290894e-05,-82818.851950213415,-22391.672419769657,-179.15215529474321,-36.320170800970281
0.021180246411982191,0.053025076011410696,0.23243091686977629,1.1741551051903074e-05,-82207.784221850932,-20170.20619810568,-177.16527100038456,-28.768802451550112
-0.021180246411982191,0.053025076011410696,0.23243091686977629,1.1741551051903074e-05,-82207.784221850932,-20170.20619810568,-177.16527100038456,-28.768802451550112
0.021180246411982191,-0.053025076011410696,0.23243091686977629,1.1741551051903074e-05,-82207.784221850932,-20170.20619810568,-177.16527100038456,-28.768802451550112
-0.021180246411982191,-0.053025076011410696,0.23243091686977629,1.1741551051903074e-05,-82207.784221850932,-20170.20619810568,-177.16527100038456,-28.768802451550112
0.15653987899698252,0.10088652357538337,0.21151696517551308,4.2936034591501501e-05,-4573.1780564139726,49193.214100324112,10.60089470949862,87.176241813332055
-0.15653987899698252,0.10088652357538337,0.21151696517551308,4.2936034591501501e-05,-4573.1780564139726,49193.214100324112,10.60089470949862,87.176241813332055
0.15653987899698252,-0.10088652357538337,0.21151696517551308,4.2936034591501501e-05,-4573.1780564139726,49193.214100324112,10.60089470949862,87.176241813332055
-0.15653987899698252,-0.10088652357538337,0.21151696517551308,4.2936034591501501e-05,-4573.1780564139726,49193.214100324112,10.60089470949862,87.176241813332055
0.019351082639701013,0.043852978159678403,0.23249389930799894,4.7516673834209808e-05,-83833.470051157099,-25641.206363663947,-196.63920002971935,-46.575378002868653
-0.019351082639701013,0.043852978159678403,0.23249389930799894,4.7516673834209808e-05,-83833.470051157099,-25641.206363663947,-196.63920002971935,-46.575378002868653
0.019351082639701013,-0.043852978159678403,0.23249389930799894,4.7516673834209808e-05,-83833.470051157099,-25641.206363663947,-196.63920002971935,-46.575378002868653
-0.019351082639701013,-0.043852978159678403,0.23249389930799894,4.7516673834209808e-05,-83833.470051157099,-25641.206363663947,-196.63920002971935,-46.575378002868653
0.061710700793384025,0.0042963925178330304,0.22896358136291398,2.9575522197816076e-05,-83407.070998298295,-23943.392432738878,-218.53901818296643,-42.508204380210628
-0.061710700793384025,0.0042963925178330304,0.22896358136291398,2.9575522197816076e-05,-83407.070998298295,-23943.392432738878,-218.53901818296643,-42.508204380210628
0.061710700793384025,-0.0042963925178330304,0.22896358136291398,2.9575522197816076e-05,-83407.070998298295,-23943.392432738878,-218.53901818296643,-42.508204380210628
-0.061710700793384025,-0.0042963925178330304,0.22896358136291398,2.9575522197816076e-05,-83407.070998298295,-23943.392432738878,-218.53901818296643,-42.508204380210628
0.029436274667900449,0.059312130905139725,0.23198212640784402,3.1776133832717744e-05,-80113.265853731675,-14271.080975133416,-177.0940223414236,-13.353142239534732
-0.029436274667900449,0.059312130905139725,0.23198212640784402,3.1776133832717744e-05,-80113.265853731675,-14271.080975133416,-177.0940223414236,-13.353142239534732
0.029436274667900449,-0.059312130905139725,0.23198212640784402,3.1776133832717744e-05,-80113.265853731675,-14271.080975133416,-177.0940223414236,-13.353142239534732
-0.029436274667900449,-0.059312130905139725,0.23198212640784402,3.1776133832717744e-05,-80113.265853731675,-14271.080975133416,-177.0940223414236,-13.353142239534732
0.033739554635672096,0.064436186422486455,0.23168220613615587,3.0514429607364775e-05,-78041.891099941698,-9166.5776192620833,-176.06319918218045,-1.8361313499688439
-0.033739554635672096,0.064436186422486455,0.23168220613615587,3.0514429607364775e-05,-78041.891099941698,-9166.5776192620833,-176.06319918218045,-1.8361313499688439
0.033739554635672096,-0.064436186422486455,0.23168220613615587,3.0514429607364775e-05,-78041.891099941698,-9166.5776192620833,-176.06319918218045,-1.8361313499688439
-0.033739554635672096,-0.064436186422486455,0.23168220613615587,3.0514429607364775e-05,-78041.891099941698,-9166.5776192620833,-176.06319918218045,-1.8361313499688439
0.037892971973083701,0.070105703275826811,0.23138801286423344,3.1907524977374985e-05,-75186.797847842347,-3487.8520540696832,-165.91674568539105,12.113028616254253
-0.037892971973083701,0.070105703275826811,0.23138801286423344,3.1907524977374985e-05,-75186.797847842347,-3487.8520540696832,-165.91674568539105,12.113028616254253
0.037892971973083701,-0.070105703275826811,0.23138801286423344,3.1907524977374985e-05,-75186.797847842347,-3487.8520540696832,-165.91674568539105,12.113028616254253
-0.037892971973083701,-0.070105703275826811,0.23138801286423344,3.1907524977374985e-05,-75186.797847842347,-3487.8520540696832,-165.91674568539105,12.113028616254253
0.13302893489828907,0.12999999523162842,0.21438664593188142,2.0592968043651568e-05,19077.6674128333,28993.051654362422,34.788659539942998,30.724851528672971
-0.13302893489828907,0.12999999523162842,0.21438664593188142,2.0592968043651568e-05,19077.6674128333,28993.051654362422,34.788659539942998,30.724851528672971
0.13302893489828907,-0.12999999523162842,0.21438664593188142,2.0592968043651568e-05,19077.6674128333,28993.051654362422,34.788659539942998,30.724851528672971
-0.13302893489828907,-0.12999999523162842,0.21438664593188142,2.0592968043651568e-05,19077.6674128333,28993.051654362422,34.788659539942998,30.724851528672971
0.049223973798869065,0.090601514427238294,0.23035412603199026,1.6524792941938438e-05,-58420.290229882201,18420.444257719526,-114.40823500214326,58.311124633176242
-0.049223973798869065,0.090601514427238294,0.23035412603199026,1.6524792941938438e-05,-58420.290229882201,18420.444257719526,-114.40823500214326,58.311124633176242
0.049223973798869065,-0.090601514427238294,0.23035412603199026,1.6524792941938438e-05,-58420.290229882201,18420.444257719526,-114.40823500214326,58.311124633176242
-0.049223973798869065,-0.090601514427238294,0.23035412603199026,1.6524792941938438e-05,-58420.290229882201,18420.444257719526,-114.40823500214326,58.311124633176242
0.1062088048015663,0.10224577782633443,0.22240944944211782,2.1471482754770822e-05,-26423.877188599781,42907.44714010731,-38.336000208701506,85.4374447293537
-0.1062088048015663,0.10224577782633443,0.22240944944211782,2.1471482754770822e-05,-26423.877188599781,42907.44714010731,-38.336000208701506,85.4374447293537
0.1062088048015663,-0.10224577782633443,0.22240944944211782,2.1471482754770822e-05,-26423.877188599781,42907.44714010731,-38.336000208701506,85.4374447293537
-0.1062088048015663,-0.10224577782633443,0.22240944944211782,2.1471482754770822e-05,-26423.877188599781,42907.44714010731,-38.336000208701506,85.4374447293537
0.15807068129560325,0.11288414958071102,0.20947353791932366,2.4468096313263754e-05,6830.7072045701234,41699.356590474548,29.772380372515485,63.081228500828416
-0.15807068129560325,0.11288414958071102,0.20947353791932366,2.4468096313263754e-05,6830.7072045701234,41699.356590474548,29.772380372515485,63.081228500828416
0.15807068129560325,-0.11288414958071102,0.20947353791932366,2.4468096313263754e-05,6830.7072045701234,41699.356590474548,29.772380372515485,63.081228500828416
-0.15807068129560325,-0.11288414958071102,0.20947353791932366,2.4468096313263754e-05,6830.7072045701234,41699.356590474548,29.772380372515485,63.081228500828416
0.11406272424906952,0.086716260332407882,0.22132582565911216,1.4852635721517338e-05,-41663.995236884497,41522.202438338609,-73.872386886950125,90.368184156886116
-0.11406272424906952,0.086716260332407882,0.22132582565911216,1.4852635721517338e-05,-41663.995236884497,41522.202438338609,-73.872386886950125,90.368184156886116
0.11406272424906952,-0.086716260332407882,0.22132582565911216,1.4852635721517338e-05,-41663.995236884497,41522.202438338609,-73.872386886950125,90.368184156886116
-0.11406272424906952,-0.086716260332407882,0.22132582565911216,1.4852635721517338e-05,-41663.995236884497,41522.202438338609,-73.872386886950125,90.368184156886116
0,0.060871809720993042,0.23286376148462296,4.6869415094502748e-06,-80827.31921661229,-16758.570302019827,-158.26388449336275,-19.830640727344971
-0,0.060871809720993042,0.23286376148462296,4.6869415094502748e-06,-80827.31921661229,-16758.570302019827,-158.26388449336275,-19.830640727344971
0,-0.060871809720993042,0.23286376148462296,4.6869415094502748e-06,-80827.31921661229,-16758.570302019827,-158.26388449336275,-19.830640727344971
-0,-0.060871809720993042,0.23286376148462296,4.6869415094502748e-06,-80827.31921661229,-16758.570302019827,-158.26388449336275,-19.830640727344971
0.052492386653263605,0.1236974844073369,0.23004651514441307,1.1351543775274585e-05,-6216.619223513515,37265.860545880911,3.0079172918871104,31.048719279414705
-0.052492386653263605,0.1236974844073369,0.23004651514441307,1.1351543775274585e-05,-6216.619223513515,37265.860545880911,3.0079172918871104,31.048719279414705
0.052492386653263605,-0.1236974844073369,0.23004651514441307,1.1351543775274585e-05,-6216.619223513515,37265.860545880911,3.0079172918871104,31.048719279414705
-0.052492386653263605,-0.1236974844073369,0.23004651514441307,1.1351543775274585e-05,-6216.619223513515,37265.860545880911,3.0079172918871104,31.048719279414705
0.068924743316610013,0.073278948235515035,0.22801923129869545,3.8092485043086954e-05,-67879.525719230907,9708.3742624075967,-149.0169586705376,43.659239040667792
-0.068924743316610013,0.073278948235515035,0.22801923129869545,3.8092485043086954e-05,-67879.525719230907,9708.3742624075967,-149.0169586705376,43.659239040667792
0.068924743316610013,-0.073278948235515035,0.22801923129869545,3.8092485043086954e-05,-67879.525719230907,9708.3742624075967,-149.0169586705376,43.659239040667792
-0.068924743316610013,-0.073278948235515035,0.22801923129869545,3.8092485043086954e-05,-67879.525719230907,9708.3742624075967,-149.0169586705376,43.659239040667792
0.056590765587814805,0.10186107454778914,0.22957919605623608,1.5333953766168562e-05,-42968.764173561001,29773.344532261512,-69.428385747510319,64.1827107573191
-0.056590765587814805,0.10186107454778914,0.22957919605623608,1.5333953766168562e-05,-42968.764173561001,29773.344532261512,-69.428385747510319,64.1827107573191
0.056590765587814805,-0.10186107454778914,0.22957919605623608,1.5333953766168562e-05,-42968.764173561001,29773.344532261512,-69.428385747510319,64.1827107573191
-0.056590765587814805,-0.10186107454778914,0.22957919605623608,1.5333953766168562e-05,-42968.764173561001,29773.344532261512,-69.428385747510319,64.1827107573191
0.11558116227388382,0.12380952015519142,0.21954403817653656,3.9986366380675046e-05,8658.9178848100291,37506.08056457666,21.405206467655848,41.360125046325138
-0.11558116227388382,0.12380952015519142,0.21954403817653656,3.9986366380675046e-05,8658.9178848100291,37506.08056457666,21.405206467655848,41.360125046325138
0.11558116227388382,-0.12380952015519142,0.21954403817653656,3.9986366380675046e-05,8658.9178848100291,37506.08056457666,21.405206467655848,41.360125046325138
-0.11558116227388382,-0.12380952015519142,0.21954403817653656,3.9986366380675046e-05,8658.9178848100291,37506.08056457666,21.405206467655848,41.360125046325138
0.16093840724180003,0.058964750781953831,0.21397636297397885,2.1775150512433321e-05,-26292.66868135388,56954.827091942963,-32.616393250261787,102.63416087535408
-0.16093840724180003,0.058964750781953831,0.21397636297397885,2.1775150512433321e-05,-26292.66868135388,56954.827091942963,-32.616393250261787,102.63416087535408
0.16093840724180003,-0.058964750781953831,0.21397636297397885,2.1775150512433321e-05,-26292.66868135388,56954.827091942963,-32.616393250261787,102.63416087535408
-0.16093840724180003,-0.058964750781953831,0.21397636297397885,2.1775150512433321e-05,-26292.66868135388,56954.827091942963,-32.616393250261787,102.63416087535408
0.1120178772858051,0.11841564574002278,0.22069832324321914,4.0957466221757484e-05,-208.48704731297954,41432.000918666075,11.422747626421083,56.671941450540267
-0.1120178772858051,0.11841564574002278,0.22069832324321914,4.0957466221757484e-05,-208.48704731297954,41432.000918666075,11.422747626421083,56.671941450540267
0.1120178772858051,-0.11841564574002278,0.22069832324321914,4.0957466221757484e-05,-208.48704731297954,41432.000918666075,11.422747626421083,56.671941450540267
-0.1120178772858051,-0.11841564574002278,0.22069832324321914,4.0957466221757484e-05,-208.48704731297954,41432.000918666075,11.422747626421083,56.671941450540267
0.031344487907728077,0.12663105600389457,0.23190130204819409,5.1792322941584476e-06,-4961.4425702075578,36994.748677613061,3.7122311209494061,23.654794543965803
-0.031344487907728077,0.12663105600389457,0.23190130204819409,5.1792322941584476e-06,-4961.4425702075578,36994.748677613061,3.7122311209494061,23.654794543965803
0.031344487907728077,-0.12663105600389457,0.23190130204819409,5.1792322941584476e-06,-4961.4425702075578,36994.748677613061,3.7122311209494061,23.654794543965803
-0.031344487907728077,-0.12663105600389457,0.23190130204819409,5.1792322941584476e-06,-4961.4425702075578,36994.748677613061,3.7122311209494061,23.654794543965803
0.026349391660263823,0.027807550658168142,0.23216299301220669,2.7293779708759076e-05,-84747.536641429382,-31703.48778685147,-198.96760118002049,-61.103480905973171
-0.026349391660263823,0.027807550658168142,0.23216299301220669,2.7293779708759076e-05,-84747.536641429382,-31703.48778685147,-198.96760118002049,-61.103480905973171
0.026349391660263823,-0.027807550658168142,0.23216299301220669,2.7293779708759076e-05,-84747.536641429382,-31703.48778685147,-198.96760118002049,-61.103480905973171
-0.026349391660263823,-0.027807550658168142,0.23216299301220669,2.7293779708759076e-05,-84747.536641429382,-31703.48778685147,-198.96760118002049,-61.103480905973171
0.066231529788461196,0.068543380394693015,0.22838668830670553,3.3470427015906911e-05,-71035.726825311867,4628.0275035810173,-158.80436387146617,27.71437047441194
-0.066231529788461196,0.068543380394693015,0.22838668830670553,3.3470427015906911e-05,-71035.726825311867,4628.0275035810173,-158.80436387146617,27.71437047441194
0.066231529788461196,-0.068543380394693015,0.22838668830670553,3.3470427015906911e-05,-71035.726825311867,4628.0275035810173,-158.80436387146617,27.71437047441194
-0.066231529788461196,-0.068543380394693015,0.22838668830670553,3.3470427015906911e-05,-71035.726825311867,4628.0275035810173,-158.80436387146617,27.71437047441194
0.10616588686433492,0.11073643944099879,0.22222548260921357,3.1231355392695056e-05,-13915.432834766649,43354.041388834601,-11.937199256811589,75.86851662574405
-0.10616588686433492,0.11073643944099879,0.22222548260921357,3.1231355392695056e-05,-13915.432834766649,43354.041388834601,-11.937199256811589,75.86851662574405
0.10616588686433492,-0.11073643944099879,0.22222548260921357,3.1231355392695056e-05,-13915.432834766649,43354.041388834601,-11.937199256811589,75.86851662574405
-0.10616588686433492,-0.11073643944099879,0.22222548260921357,3.1231355392695056e-05,-13915.432834766649,43354.041388834601,-11.937199256811589,75.86851662574405
0.1046440285707793,0.12144324406576866,0.22204015398926871,2.398173883566595e-05,2679.4316619594238,39211.27855954026,12.214124613844531,44.81018139301289
-0.1046440285707793,0.12144324406576866,0.22204015398926871,2.398173883566595e-05,2679.4316619594238,39211.27855954026,12.214124613844531,44.81018139301289
0.1046440285707793,-0.12144324406576866,0.22204015398926871,2.398173883566595e-05,2679.4316619594238,39211.27855954026,12.214124613844531,44.81018139301289
-0.1046440285707793,-0.12144324406576866,0.22204015398926871,2.398173883566595e-05,2679.4316619594238,39211.27855954026,12.214124613844531,44.81018139301289
0.18595705197050896,0.12161964049682905,0.19808272924594675,1.7315255300230886e-05,19376.663853599624,18664.944415557529,44.156197365828326,21.025831812760099
-0.18595705197050896,0.12161964049682905,0.19808272924594675,1.7315255300230886e-05,19376.663853599624,18664.944415557529,44.156197365828326,21.025831812760099
0.18595705197050896,-0.12161964049682905,0.19808272924594675,1.7315255300230886e-05,19376.663853599624,18664.944415557529,44.156197365828326,21.025831812760099
-0.18595705197050896,-0.12161964049682905,0.19808272924594675,1.7315255300230886e-05,19376.663853599624,18664.944415557529,44.156197365828326,21.025831812760099
0.0086392498006779596,0.12619701789324575,0.23279957339606011,4.733213839805396e-06,-8081.561871744304,37787.139452299256,1.7937935861370871,23.79698170350656
-0.0086392498006779596,0.12619701789324575,0.23279957339606011,4.733213839805396e-06,-8081.561871744304,37787.139452299256,1.7937935861370871,23.79698170350656
0.0086392498006779596,-0.12619701789324575,0.23279957339606011,4.733213839805396e-06,-8081.561871744304,37787.139452299256,1.7937935861370871,23.79698170350656
-0.0086392498006779596,-0.12619701789324575,0.23279957339606011,4.733213839805396e-06,-8081.561871744304,37787.139452299256,1.7937935861370871,23.79698170350656
0.1912978452411194,0.084290598675242953,0.20370102462506151,1.2681106340718015e-05,13061.632556738849,37794.371890898503,42.333177556078013,58.499326763882465
-0.1912978452411194,0.084290598675242953,0.20370102462506151,1.2681106340718015e-05,13061.632556738849,37794.371890898503,42.333177556078013,58.499326763882465
0.1912978452411194,-0.084290598675242953,0.20370102462506151,1.2681106340718015e-05,13061.632556738849,37794.371890898503,42.333177556078013,58.499326763882465
-0.1912978452411194,-0.084290598675242953,0.20370102462506151,1.2681106340718015e-05,13061.632556738849,37794.371890898503,42.333177556078013,58.499326763882465
0.1025239218567202,0.10645928555434143,0.22296715164620035,3.0595338476281163e-05,-21599.642756673464,42701.936858383822,-25.847281537657,81.109582162185177
-0.1025239218567202,0.10645928555434143,0.22296715164620035,3.0595338476281163e-05,-21599.642756673464,42701.936858383822,-25.847281537657,81.109582162185177
0.1025239218567202,-0.10645928555434143,0.22296715164620035,3.0595338476281163e-05,-21599.642756673464,42701.936858383822,-25.847281537657,81.109582162185177
-0.1025239218567202,-0.10645928555434143,0.22296715164620035,3.0595338476281163e-05,-21599.642756673464,42701.936858383822,-25.847281537657,81.109582162185177
0.17263585911370161,0.11536375319355775,0.20432819013372061,1.8523400017305628e-05,13846.010401179188,33400.495191979571,40.637495163916519,47.927809071286653
-0.17263585911370161,0.11536375319355775,0.20432819013372061,1.8523400017305628e-05,13846.010401179188,33400.495191979571,40.637495163916519,47.927809071286653
0.17263585911370161,-0.11536375319355775,0.20432819013372061,1.8523400017305628e-05,13846.010401179188,33400.495191979571,40.637495163916519,47.927809071286653
-0.17263585911370161,-0.11536375319355775,0.20432819013372061,1.8523400017305628e-05,13846.010401179188,33400.495191979571,40.637495163916519,47.927809071286653
0.087950959589955635,0.098694924791812647,0.22522078334453544,1.713949578796991e-05,-37778.974123771462,35824.548701376872,-67.628940870331348,82.84300679448944
-0.087950959589955635,0.098694924791812647,0.22522078334453544,1.713949578796991e-05,-37778.974123771462,35824.548701376872,-67.628940870331348,82.84300679448944
0.087950959589955635,-0.098694924791812647,0.22522078334453544,1.713949578796991e-05,-37778.974123771462,35824.548701376872,-67.628940870331348,82.84300679448944
-0.087950959589955635,-0.098694924791812647,0.22522078334453544,1.713949578796991e-05,-37778.974123771462,35824.548701376872,-67.628940870331348,82.84300679448944
0.070606362598366321,0.10570223875262463,0.22777712382285722,1.8502973659587766e-05,-33258.467795655451,35080.829861277001,-48.306311821280183,71.462196403870351
-0.070606362598366321,0.10570223875262463,0.22777712382285722,1.8502973659587766e-05,-33258.467795655451,35080.829861277001,-48.306311821280183,71.462196403870351
0.070606362598366321,-0.10570223875262463,0.22777712382285722,1.8502973659587766e-05,-33258.467795655451,35080.829861277001,-48.306311821280183,71.462196403870351
-0.070606362598366321,-0.10570223875262463,0.22777712382285722,1.8502973659587766e-05,-33258.467795655451,35080.829861277001,-48.306311821280183,71.462196403870351
0.17427716420935316,0.11125292676480526,0.20454473919503988,3.0954499308530735e-05,12045.550784804152,35909.025720098987,40.431687704460096,54.102229148944801
-0.17427716420935316,0.11125292676480526,0.20454473919503988,3.0954499308530735e-05,12045.550784804152,35909.025720098987,40.431687704460096,54.102229148944801
0.17427716420935316,-0.11125292676480526,0.20454473919503988,3.0954499308530735e-05,12045.550784804152,35909.025720098987,40.431687704460096,54.102229148944801
-0.17427716420935316,-0.11125292676480526,0.20454473919503988,3.0954499308530735e-05,12045.550784804152,35909.025720098987,40.431687704460096,54.102229148944801
0.094644082167288951,0.093487398180081699,0.2242312733222725,3.3936811594199081e-05,-42106.38835587167,35365.746970923377,-77.524717343286213,81.567789036508572
-0.094644082167288951,0.093487398180081699,0.2242312733222725,3.3936811594199081e-05,-42106.38835587167,35365.746970923377,-77.524717343286213,81.567789036508572
0.094644082167288951,-0.093487398180081699,0.2242312733222725,3.3936811594199081e-05,-42106.38835587167,35365.746970923377,-77.524717343286213,81.567789036508572
-0.094644082167288951,-0.093487398180081699,0.2242312733222725,3.3936811594199081e-05,-42106.38835587167,35365.746970923377,-77.524717343286213,81.567789036508572
0.0034078958295056666,0.060259452087301608,0.23286687341078116,1.8532823742276025e-05,-81150.669784917787,-16416.150720992224,-191.0958395271511,-22.134998594471647
-0.0034078958295056666,0.060259452087301608,0.23286687341078116,1.8532823742276025e-05,-81150.669784917787,-16416.150720992224,-191.0958395271511,-22.134998594471647
0.0034078958295056666,-0.060259452087301608,0.23286687341078116,1.8532823742276025e-05,-81150.669784917787,-16416.150720992224,-191.0958395271511,-22.134998594471647
-0.0034078958295056666,-0.060259452087301608,0.23286687341078116,1.8532823742276025e-05,-81150.669784917787,-16416.150720992224,-191.0958395271511,-22.134998594471647
0.068454003693606477,0.083658037372893762,0.22809714944209497,9.9951396001533383e-06,-60224.779384374466,17818.880429846911,-121.22341245998011,54.03214865353285
-0.068454003693606477,0.083658037372893762,0.22809714944209497,9.9951396001533383e-06,-60224.779384374466,17818.880429846911,-121.22341245998011,54.03214865353285
0.068454003693606477,-0.083658037372893762,0.22809714944209497,9.9951396001533383e-06,-60224.779384374466,17818.880429846911,-121.22341245998011,54.03214865353285
-0.068454003693606477,-0.083658037372893762,0.22809714944209497,9.9951396001533383e-06,-60224.779384374466,17818.880429846911,-121.22341245998011,54.03214865353285
0.051526420640988072,0.030553645964320818,0.23014147800003373,3.1079344100893373e-05,-83040.413300176631,-23409.234741572425,-196.6592180872845,-37.665505911829975
-0.051526420640988072,0.030553645964320818,0.23014147800003373,3.1079344100893373e-05,-83040.413300176631,-23409.234741572425,-196.6592180872845,-37.665505911829975
0.051526420640988072,-0.030553645964320818,0.23014147800003373,3.1079344100893373e-05,-83040.413300176631,-23409.234741572425,-196.6592180872845,-37.665505911829975
-0.051526420640988072,-0.030553645964320818,0.23014147800003373,3.1079344100893373e-05,-83040.413300176631,-23409.234741572425,-196.6592180872845,-37.665505911829975
0.012378725176516753,0.089355048096133732,0.23271570137699243,1.1129635830841108e-05,-65036.158923981762,12256.016930561003,-123.4299477322832,43.285731817643232
-0.012378725176516753,0.089355048096133732,0.23271570137699243,1.1129635830841108e-05,-65036.158923981762,12256.016930561003,-123.4299477322832,43.285731817643232
0.012378725176516753,-0.089355048096133732,0.23271570137699243,1.1129635830841108e-05,-65036.158923981762,12256.016930561003,-123.4299477322832,43.285731817643232
-0.012378725176516753,-0.089355048096133732,0.23271570137699243,1.1129635830841108e-05,-65036.158923981762,12256.016930561003,-123.4299477322832,43.285731817643232
0.081976533569765295,0.11542374822168104,0.22609703072979581,1.8622760662018283e-05,-13393.421493566411,39602.418386344158,-10.106685684029442,61.19731747176948
-0.081976533569765295,0.11542374822168104,0.22609703072979581,1.8622760662018283e-05,-13393.421493566411,39602.418386344158,-10.106685684029442,61.19731747176948
0.081976533569765295,-0.11542374822168104,0.22609703072979581,1.8622760662018283e-05,-13393.421493566411,39602.418386344158,-10.106685684029442,61.19731747176948
-0.081976533569765295,-0.11542374822168104,0.22609703072979581,1.8622760662018283e-05,-13393.421493566411,39602.418386344158,-10.106685684029442,61.19731747176948
0.13780692164989003,0.0058123162658491783,0.21784109741005783,2.8368231713279152e-05,-60510.006451128473,40198.881195884132,-131.21284407295212,97.438056622925473
-0.13780692164989003,0.0058123162658491783,0.21784109741005783,2.8368231713279152e-05,-60510.006451128473,40198.881195884132,-131.21284407295212,97.438056622925473
0.13780692164989003,-0.0058123162658491783,0.21784109741005783,2.8368231713279152e-05,-60510.006451128473,40198.881195884132,-131.21284407295212,97.438056622925473
-0.13780692164989003,-0.0058123162658491783,0.21784109741005783,2.8368231713279152e-05,-60510.006451128473,40198.881195884132,-131.21284407295212,97.438056622925473
0.058364860324152307,0.073608628450641173,0.22936075597104705,1.1672259059982118e-05,-69883.203128931535,5376.4868950101418,-143.84021594745644,28.436243288249496
-0.058364860324152307,0.073608628450641173,0.22936075597104705,1.1672259059982118e-05,-69883.203128931535,5376.4868950101418,-143.84021594745644,28.436243288249496
0.058364860324152307,-0.073608628450641173,0.22936075597104705,1.1672259059982118e-05,-69883.203128931535,5376.4868950101418,-143.84021594745644,28.436243288249496
-0.058364860324152307,-0.073608628450641173,0.22936075597104705,1.1672259059982118e-05,-69883.203128931535,5376.4868950101418,-143.84021594745644,28.436243288249496
0.092004541869628767,0.08656864782212112,0.22462205329651813,4.5765160586874202e-05,-50534.25928739737,30378.71000216591,-101.39591762350349,79.123787425147199
-0.092004541869628767,0.08656864782212112,0.22462205329651813,4.5765160586874202e-05,-50534.25928739737,30378.71000216591,-101.39591762350349,79.123787425147199
0.092004541869628767,-0.08656864782212112,0.22462205329651813,4.5765160586874202e-05,-50534.25928739737,30378.71000216591,-101.39591762350349,79.123787425147199
-0.092004541869628767,-0.08656864782212112,0.22462205329651813,4.5765160586874202e-05,-50534.25928739737,30378.71000216591,-101.39591762350349,79.123787425147199
0.045854294002497513,0.11404071216689131,0.23070880339496158,1.7102660497483801e-05,-25643.139067042532,36576.016824292645,-23.29507582555723,56.642632801269833
-0.045854294002497513,0.11404071216689131,0.23070880339496158,1.7102660497483801e-05,-25643.139067042532,36576.016824292645,-23.29507582555723,56.642632801269833
0.045854294002497513,-0.11404071216689131,0.23070880339496158,1.7102660497483801e-05,-25643.139067042532,36576.016824292645,-23.29507582555723,56.642632801269833
-0.045854294002497513,-0.11404071216689131,0.23070880339496158,1.7102660497483801e-05,-25643.139067042532,36576.016824292645,-23.29507582555723,56.642632801269833
0.19409042275329566,0.0055733614773104557,0.20950363852601314,2.350998580300889e-05,16950.457698640774,44536.142393223679,36.416647444531577,49.736427251538991
-0.19409042275329566,0.0055733614773104557,0.20950363852601314,2.350998580300889e-05,16950.457698640774,44536.142393223679,36.416647444531577,49.736427251538991
0.19409042275329566,-0.0055733614773104557,0.20950363852601314,2.350998580300889e-05,16950.457698640774,44536.142393223679,36.416647444531577,49.736427251538991
-0.19409042275329566,-0.0055733614773104557,0.20950363852601314,2.350998580300889e-05,16950.457698640774,44536.142393223679,36.416647444531577,49.736427251538991
0.075470845015304627,0.10664899006729235,0.22706982739926607,2.8702409244919217e-05,-30232.2415266848,36626.973473686063,-42.683944531942579,75.705082485908349
-0.075470845015304627,0.10664899006729235,0.22706982739926607,2.8702409244919217e-05,-30232.2415266848,36626.973473686063,-42.683944531942579,75.705082485908349
0.075470845015304627,-0.10664899006729235,0.22706982739926607,2.8702409244919217e-05,-30232.2415266848,36626.973473686063,-42.683944531942579,75.705082485908349
-0.075470845015304627,-0.10664899006729235,0.22706982739926607,2.8702409244919217e-05,-30232.2415266848,36626.973473686063,-42.683944531942579,75.705082485908349
0.099972082484114405,0.0051216785847320451,0.22344247078889687,2.6890985287930557e-05,-78637.706379393756,3403.7951435764826,-193.14816782830889,23.719462027785514
-0.099972082484114405,0.0051216785847320451,0.22344247078889687,2.6890985287930557e-05,-78637.706379393756,3403.7951435764826,-193.14816782830889,23.719462027785514
0.099972082484114405,-0.0051216785847320451,0.22344247078889687,2.6890985287930557e-05,-78637.706379393756,3403.7951435764826,-193.14816782830889,23.719462027785514
-0.099972082484114405,-0.0051216785847320451,0.22344247078889687,2.6890985287930557e-05,-78637.706379393756,3403.7951435764826,-193.14816782830889,23.719462027785514
0,0.044358706101775169,0.23286446928977966,7.1321268110731775e-06,-83882.62882629293,-28226.380558170687,-162.3009061645443,-39.190473567532599
-0,0.044358706101775169,0.23286446928977966,7.1321268110731775e-06,-83882.62882629293,-28226.380558170687,-162.3009061645443,-39.190473567532599
0,-0.044358706101775169,0.23286446928977966,7.1321268110731775e-06,-83882.62882629293,-28226.380558170687,-162.3009061645443,-39.190473567532599
-0,-0.044358706101775169,0.23286446928977966,7.1321268110731775e-06,-83882.62882629293,-28226.380558170687,-162.3009061645443,-39.190473567532599
0.16655101887197576,0.0067907494492609136,0.2135855926011955,2.5132296228135066e-05,-27770.526808567312,57622.286945796019,-39.108478118727326,108.3180197914521
-0.16655101887197576,0.0067907494492609136,0.2135855926011955,2.5132296228135066e-05,-27770.526808567312,57622.286945796019,-39.108478118727326,108.3180197914521
0.16655101887197576,-0.0067907494492609136,0.2135855926011955,2.5132296228135066e-05,-27770.526808567312,57622.286945796019,-39.108478118727326,108.3180197914521
-0.16655101887197576,-0.0067907494492609136,0.2135855926011955,2.5132296228135066e-05,-27770.526808567312,57622.286945796019,-39.108478118727326,108.3180197914521
0.0046887599748059857,0.083769999718713337,0.23286900934783927,2.6073088862812175e-05,-69828.508843281583,5938.3752869436912,-150.52749241987638,30.766480161771348
-0.0046887599748059857,0.083769999718713337,0.23286900934783927,2.6073088862812175e-05,-69828.508843281583,5938.3752869436912,-150.52749241987638,30.766480161771348
0.0046887599748059857,-0.083769999718713337,0.23286900934783927,2.6073088862812175e-05,-69828.508843281583,5938.3752869436912,-150.52749241987638,30.766480161771348
-0.0046887599748059857,-0.083769999718713337,0.23286900934783927,2.6073088862812175e-05,-69828.508843281583,5938.3752869436912,-150.52749241987638,30.766480161771348
0.1767204219848392,0.0091226366409640717,0.2120800296611382,2.7811333059090156e-05,-11885.113293106557,57503.323595756694,-7.0386917675870091,103.37366688502553
-0.1767204219848392,0.0091226366409640717,0.2120800296611382,2.7811333059090156e-05,-11885.113293106557,57503.323595756694,-7.0386917675870091,103.37366688502553
0.1767204219848392,-0.0091226366409640717,0.2120800296611382,2.7811333059090156e-05,-11885.113293106557,57503.323595756694,-7.0386917675870091,103.37366688502553
-0.1767204219848392,-0.0091226366409640717,0.2120800296611382,2.7811333059090156e-05,-11885.113293106557,57503.323595756694,-7.0386917675870091,103.37366688502553
0.10947136123064512,0.0084321824771883807,0.22203612475465945,2.1699537365628483e-05,-75991.971504590329,12567.130321605659,-173.33795862265833,41.670345213076935
-0.10947136123064512,0.0084321824771883807,0.22203612475465945,2.1699537365628483e-05,-75991.971504590329,12567.130321605659,-173.33795862265833,41.670345213076935
0.10947136123064512,-0.0084321824771883807,0.22203612475465945,2.1699537365628483e-05,-75991.971504590329,12567.130321605659,-173.33795862265833,41.670345213076935
-0.10947136123064512,-0.0084321824771883807,0.22203612475465945,2.1699537365628483e-05,-75991.971504590329,12567.130321605659,-173.33795862265833,41.670345213076935
0.18627552055083019,0.012437885806800083,0.21066068815577238,2.2538579221743888e-05,3870.7446786276823,52610.512449461763,19.400324215688496,80.413966117741097
-0.18627552055083019,0.012437885806800083,0.21066068815577238,2.2538579221743888e-05,3870.7446786276823,52610.512449461763,19.400324215688496,80.413966117741097
0.18627552055083019,-0.012437885806800083,0.21066068815577238,2.2538579221743888e-05,3870.7446786276823,52610.512449461763,19.400324215688496,80.413966117741097
-0.18627552055083019,-0.012437885806800083,0.21066068815577238,2.2538579221743888e-05,3870.7446786276823,52610.512449461763,19.400324215688496,80.413966117741097
0.0211342626152775,0.12939886926004254,0.23243589777417945,1.3910243981537078e-06,-1357.4730788295956,36178.936711894028,9.5845230031945512,27.098513520292734
-0.0211342626152775,0.12939886926004254,0.23243589777417945,1.3910243981537078e-06,-1357.4730788295956,36178.936711894028,9.5845230031945512,27.098513520292734
0.0211342626152775,-0.12939886926004254,0.23243589777417945,1.3910243981537078e-06,-1357.4730788295956,36178.936711894028,9.5845230031945512,27.098513520292734
-0.0211342626152775,-0.12939886926004254,0.23243589777417945,1.3910243981537078e-06,-1357.4730788295956,36178.936711894028,9.5845230031945512,27.098513520292734
0.014323682945089037,0.0081863262351953674,0.23266228394792982,3.5505893368842532e-05,-85453.63206322155,-37504.03693106299,-206.41197777722275,-81.873385901029948
-0.014323682945089037,0.0081863262351953674,0.23266228394792982,3.5505893368842532e-05,-85453.63206322155,-37504.03693106299,-206.41197777722275,-81.873385901029948
0.014323682945089037,-0.0081863262351953674,0.23266228394792982,3.5505893368842532e-05,-85453.63206322155,-37504.03693106299,-206.41197777722275,-81.873385901029948
-0.014323682945089037,-0.0081863262351953674,0.23266228394792982,3.5505893368842532e-05,-85453.63206322155,-37504.03693106299,-206.41197777722275,-81.873385901029948
0.11991349676497057,0.11238374069766734,0.21938207868776818,3.3161476186443761e-05,-7231.0966925684943,44709.493082813948,-0.94919581197928793,76.178552036195697
-0.11991349676497057,0.11238374069766734,0.21938207868776818,3.3161476186443761e-05,-7231.0966925684943,44709.493082813948,-0.94919581197928793,76.178552036195697
0.11991349676497057,-0.11238374069766734,0.21938207868776818,3.3161476186443761e-05,-7231.0966925684943,44709.493082813948,-0.94919581197928793,76.178552036195697
-0.11991349676497057,-0.11238374069766734,0.21938207868776818,3.3161476186443761e-05,-7231.0966925684943,44709.493082813948,-0.94919581197928793,76.178552036195697
0.19523809850215912,0.015259166713804007,0.20921343564987183,2.6192592634895675e-05,18500.485168590942,42787.847732415757,36.834917562549386,50.265451230907253
-0.19523809850215912,0.015259166713804007,0.20921343564987183,2.6192592634895675e-05,18500.485168590942,42787.847732415757,36.834917562549386,50.265451230907253
0.19523809850215912,-0.015259166713804007,0.20921343564987183,2.6192592634895675e-05,18500.485168590942,42787.847732415757,36.834917562549386,50.265451230907253
-0.19523809850215912,-0.015259166713804007,0.20921343564987183,2.6192592634895675e-05,18500.485168590942,42787.847732415757,36.834917562549386,50.265451230907253
0.11856172870280379,0.011258352579541591,0.2206903170796399,2.7973789632085838e-05,-72349.945217070112,22000.696723120767,-160.17818868367925,62.989065108943961
-0.11856172870280379,0.011258352579541591,0.2206903170796399,2.7973789632085838e-05,-72349.945217070112,22000.696723120767,-160.17818868367925,62.989065108943961
0.11856172870280379,-0.011258352579541591,0.2206903170796399,2.7973789632085838e-05,-72349.945217070112,22000.696723120767,-160.17818868367925,62.989065108943961
-0.11856172870280379,-0.011258352579541591,0.2206903170796399,2.7973789632085838e-05,-72349.945217070112,22000.696723120767,-160.17818868367925,62.989065108943961
0.021746568741255481,0.083664338590904205,0.23240678013014171,2.2057803523384151e-05,-68923.24976667203,6770.2717654381931,-136.86234902893619,30.130639885963859
-0.021746568741255481,0.083664338590904205,0.23240678013014171,2.2057803523384151e-05,-68923.24976667203,6770.2717654381931,-136.86234902893619,30.130639885963859
0.021746568741255481,-0.083664338590904205,0.23240678013014171,2.2057803523384151e-05,-68923.24976667203,6770.2717654381931,-136.86234902893619,30.130639885963859
-0.021746568741255481,-0.083664338590904205,0.23240678013014171,2.2057803523384151e-05,-68923.24976667203,6770.2717654381931,-136.86234902893619,30.130639885963859
0.12807480206088023,0.013640202494027549,0.21928192260583673,2.5430594155441273e-05,-67024.115058963449,31629.228272216522,-143.84818083759669,79.831073497275071
-0.12807480206088023,0.013640202494027549,0.21928192260583673,2.5430594155441273e-05,-67024.115058963449,31629.228272216522,-143.84818083759669,79.831073497275071
0.12807480206088023,-0.013640202494027549,0.21928192260583673,2.5430594155441273e-05,-67024.115058963449,31629.228272216522,-143.84818083759669,79.831073497275071
-0.12807480206088023,-0.013640202494027549,0.21928192260583673,2.5430594155441273e-05,-67024.115058963449,31629.228272216522,-143.84818083759669,79.831073497275071
0.13843183761170971,0.016258304512375813,0.21774858006131095,2.5804144045921233e-05,-59308.548114125413,41421.193178281181,-117.84278041824325,94.334120025617494
-0.13843183761170971,0.016258304512375813,0.21774858006131095,2.5804144045921233e-05,-59308.548114125413,41421.193178281181,-117.84278041824325,94.334120025617494
0.13843183761170971,-0.016258304512375813,0.21774858006131095,2.5804144045921233e-05,-59308.548114125413,41421.193178281181,-117.84278041824325,94.334120025617494
-0.13843183761170971,-0.016258304512375813,0.21774858006131095,2.5804144045921233e-05,-59308.548114125413,41421.193178281181,-117.84278041824325,94.334120025617494
0.051875522988355578,0.049047306317015038,0.23007956566959667,3.8918206142153981e-05,-80308.452675127774,-14500.931459103384,-188.63846403142796,-16.74083829415294
-0.051875522988355578,0.049047306317015038,0.23007956566959667,3.8918206142153981e-05,-80308.452675127774,-14500.931459103384,-188.63846403142796,-16.74083829415294
0.051875522988355578,-0.049047306317015038,0.23007956566959667,3.8918206142153981e-05,-80308.452675127774,-14500.931459103384,-188.63846403142796,-16.74083829415294
-0.051875522988355578,-0.049047306317015038,0.23007956566959667,3.8918206142153981e-05,-80308.452675127774,-14500.931459103384,-188.63846403142796,-16.74083829415294
0.063988130810268273,0.060650365507104599,0.22868144372425284,1.9097654315142768e-05,-75082.232278490861,-2361.2665490075692,-163.54985686249702,11.288482596734376
-0.063988130810268273,0.060650365507104599,0.22868144372425284,1.9097654315142768e-05,-75082.232278490861,-2361.2665490075692,-163.54985686249702,11.288482596734376
0.063988130810268273,-0.060650365507104599,0.22868144372425284,1.9097654315142768e-05,-75082.232278490861,-2361.2665490075692,-163.54985686249702,11.288482596734376
-0.063988130810268273,-0.060650365507104599,0.22868144372425284,1.9097654315142768e-05,-75082.232278490861,-2361.2665490075692,-163.54985686249702,11.288482596734376
0.1567477511658274,0.015097421132390858,0.21503695183378091,2.3843942636407839e-05,-40509.38949481232,54387.615845250446,-64.860413804969141,109.37294966222994
-0.1567477511658274,0.015097421132390858,0.21503695183378091,2.3843942636407839e-05,-40509.38949481232,54387.615845250446,-64.860413804969141,109.37294966222994
0.1567477511658274,-0.015097421132390858,0.21503695183378091,2.3843942636407839e-05,-40509.38949481232,54387.615845250446,-64.860413804969141,109.37294966222994
-0.1567477511658274,-0.015097421132390858,0.21503695183378091,2.3843942636407839e-05,-40509.38949481232,54387.615845250446,-64.860413804969141,109.37294966222994
0.16651912353251194,0.018025582451169777,0.21359031575479129,3.2486824045959717e-05,-27120.976047033335,57789.236081991672,-37.805595426400849,110.16950137863897
-0.16651912353251194,0.018025582451169777,0.21359031575479129,3.2486824045959717e-05,-27120.976047033335,57789.236081991672,-37.805595426400849,110.16950137863897
0.16651912353251194,-0.018025582451169777,0.21359031575479129,3.2486824045959717e-05,-27120.976047033335,57789.236081991672,-37.805595426400849,110.16950137863897
-0.16651912353251194,-0.018025582451169777,0.21359031575479129,3.2486824045959717e-05,-27120.976047033335,57789.236081991672,-37.805595426400849,110.16950137863897
0.14827443196106507,0.068449092487046156,0.21596907091598738,1.2457848594155126e-05,-34266.537268174281,53906.973858702913,-49.79086155109696,97.779545377452408
-0.14827443196106507,0.068449092487046156,0.21596907091598738,1.2457848594155126e-05,-34266.537268174281,53906.973858702913,-49.79086155109696,97.779545377452408
0.14827443196106507,-0.068449092487046156,0.21596907091598738,1.2457848594155126e-05,-34266.537268174281,53906.973858702913,-49.79086155109696,97.779545377452408
-0.14827443196106507,-0.068449092487046156,0.21596907091598738,1.2457848594155126e-05,-34266.537268174281,53906.973858702913,-49.79086155109696,97.779545377452408
0.064461705780269551,0.08982160368624896,0.22859434252124303,2.5362886143310093e-05,-55453.574359623693,21760.306014751317,-111.1982271345248,64.332580457447946
-0.064461705780269551,0.08982160368624896,0.22859434252124303,2.5362886143310093e-05,-55453.574359623693,21760.306014751317,-111.1982271345248,64.332580457447946
0.064461705780269551,-0.08982160368624896,0.22859434252124303,2.5362886143310093e-05,-55453.574359623693,21760.306014751317,-111.1982271345248,64.332580457447946
-0.064461705780269551,-0.08982160368624896,0.22859434252124303,2.5362886143310093e-05,-55453.574359623693,21760.306014751317,-111.1982271345248,64.332580457447946
0.17688483655875839,0.020378984948078053,0.21205319063398259,2.6422022802507487e-05,-11330.354072737093,57370.673106579903,-4.9111912547788963,99.621177646805378
-0.17688483655875839,0.020378984948078053,0.21205319063398259,2.6422022802507487e-05,-11330.354072737093,57370.673106579903,-4.9111912547788963,99.621177646805378
0.17688483655875839,-0.020378984948078053,0.21205319063398259,2.6422022802507487e-05,-11330.354072737093,57370.673106579903,-4.9111912547788963,99.621177646805378
-0.17688483655875839,-0.020378984948078053,0.21205319063398259,2.6422022802507487e-05,-11330.354072737093,57370.673106579903,-4.9111912547788963,99.621177646805378
0.18644891230698973,0.022984754328789051,0.21052636929914373,2.3634417954572421e-05,3977.9704165575081,52289.681256934629,19.698297819445148,79.245632539717548
-0.18644891230698973,0.022984754328789051,0.21052636929914373,2.3634417954572421e-05,3977.9704165575081,52289.681256934629,19.698297819445148,79.245632539717548
0.18644891230698973,-0.022984754328789051,0.21052636929914373,2.3634417954572421e-05,3977.9704165575081,52289.681256934629,19.698297819445148,79.245632539717548
-0.18644891230698973,-0.022984754328789051,0.21052636929914373,2.3634417954572421e-05,3977.9704165575081,52289.681256934629,19.698297819445148,79.245632539717548
0.19503745921452512,0.026147568808697876,0.20887476086169149,2.5394087961575077e-05,17600.085055862826,42929.225454712512,39.301263666635521,52.494252306742624
-0.19503745921452512,0.026147568808697876,0.20887476086169149,2.5394087961575077e-05,17600.085055862826,42929.225454712512,39.301263666635521,52.494252306742624
0.19503745921452512,-0.026147568808697876,0.20887476086169149,2.5394087961575077e-05,17600.085055862826,42929.225454712512,39.301263666635521,52.494252306742624
-0.19503745921452512,-0.026147568808697876,0.20887476086169149,2.5394087961575077e-05,17600.085055862826,42929.225454712512,39.301263666635521,52.494252306742624
0.060230657990312658,0.12647763478759597,0.22914437542099442,2.680968378693438e-06,429.89378625075346,35869.253285319479,5.6778470708762354,21.633316697401355
-0.060230657990312658,0.12647763478759597,0.22914437542099442,2.680968378693438e-06,429.89378625075346,35869.253285319479,5.6778470708762354,21.633316697401355
0.060230657990312658,-0.12647763478759597,0.22914437542099442,2.680968378693438e-06,429.89378625075346,35869.253285319479,5.6778470708762354,21.633316697401355
-0.060230657990312658,-0.12647763478759597,0.22914437542099442,2.680968378693438e-06,429.89378625075346,35869.253285319479,5.6778470708762354,21.633316697401355
0.032847676220828972,0.0039287452243340487,0.23175971560580017,2.51290722651222e-05,-84959.473043894002,-34685.111152714933,-220.31266713432979,-76.740397686195195
-0.032847676220828972,0.0039287452243340487,0.23175971560580017,2.51290722651222e-05,-84959.473043894002,-34685.111152714933,-220.31266713432979,-76.740397686195195
0.032847676220828972,-0.0039287452243340487,0.23175971560580017,2.51290722651222e-05,-84959.473043894002,-34685.111152714933,-220.31266713432979,-76.740397686195195
-0.032847676220828972,-0.0039287452243340487,0.23175971560580017,2.51290722651222e-05,-84959.473043894002,-34685.111152714933,-220.31266713432979,-76.740397686195195
0.061573513421171837,0.084448018706747646,0.22898033864336656,2.8213248395453104e-05,-61307.91449892948,15992.98556847615,-125.50241413726199,54.048770971760327
-0.061573513421171837,0.084448018706747646,0.22898033864336656,2.8213248395453104e-05,-61307.91449892948,15992.98556847615,-125.50241413726199,54.048770971760327
0.061573513421171837,-0.084448018706747646,0.22898033864336656,2.8213248395453104e-05,-61307.91449892948,15992.98556847615,-125.50241413726199,54.048770971760327
-0.061573513421171837,-0.084448018706747646,0.22898033864336656,2.8213248395453104e-05,-61307.91449892948,15992.98556847615,-125.50241413726199,54.048770971760327
0.024850279592888894,0.12372071448446081,0.23223872112741709,8.140846788008865e-06,-11294.551644404153,37976.485505748737,0.10203095954609764,30.814233103313928
-0.024850279592888894,0.12372071448446081,0.23223872112741709,8.140846788008865e-06,-11294.551644404153,37976.485505748737,0.10203095954609764,30.814233103313928
0.024850279592888894,-0.12372071448446081,0.23223872112741709,8.140846788008865e-06,-11294.551644404153,37976.485505748737,0.10203095954609764,30.814233103313928
-0.024850279592888894,-0.12372071448446081,0.23223872112741709,8.140846788008865e-06,-11294.551644404153,37976.485505748737,0.10203095954609764,30.814233103313928
0.08062041674115103,0.011263226555409607,0.22630744767911984,2.6760171137707305e-05,-81536.588368342884,-12026.191053879393,-197.6107210746008,-9.3074689296626314
-0.08062041674115103,0.011263226555409607,0.22630744767911984,2.6760171137707305e-05,-81536.588368342884,-12026.191053879393,-197.6107210746008,-9.3074689296626314
0.08062041674115103,-0.011263226555409607,0.22630744767911984,2.6760171137707305e-05,-81536.588368342884,-12026.191053879393,-197.6107210746008,-9.3074689296626314
-0.08062041674115103,-0.011263226555409607,0.22630744767911984,2.6760171137707305e-05,-81536.588368342884,-12026.191053879393,-197.6107210746008,-9.3074689296626314
0.08738791158377042,0.080516142878749405,0.22530553033191042,4.0805483222261555e-05,-57549.848271585462,24083.222044536898,-122.51864497332078,68.463805611000069
-0.08738791158377042,0.080516142878749405,0.22530553033191042,4.0805483222261555e-05,-57549.848271585462,24083.222044536898,-122.51864497332078,68.463805611000069
0.08738791158377042,-0.080516142878749405,0.22530553033191042,4.0805483222261555e-05,-57549.848271585462,24083.222044536898,-122.51864497332078,68.463805611000069
-0.08738791158377042,-0.080516142878749405,0.22530553033191042,4.0805483222261555e-05,-57549.848271585462,24083.222044536898,-122.51864497332078,68.463805611000069
0.14585369825363159,0.12999999523162842,0.21056050807237625,2.0574601612175743e-05,20322.088525777825,26524.889095901668,41.224043620009724,29.257513903295781
-0.14585369825363159,0.12999999523162842,0.21056050807237625,2.0574601612175743e-05,20322.088525777825,26524.889095901668,41.224043620009724,29.257513903295781
0.14585369825363159,-0.12999999523162842,0.21056050807237625,2.0574601612175743e-05,20322.088525777825,26524.889095901668,41.224043620009724,29.257513903295781
-0.14585369825363159,-0.12999999523162842,0.21056050807237625,2.0574601612175743e-05,20322.088525777825,26524.889095901668,41.224043620009724,29.257513903295781
0.090547220697626829,0.013101952812155176,0.2248377995659899,2.3866070249303158e-05,-80095.777347338953,-4104.7192245892975,-192.57379113835569,8.305244459261246
-0.090547220697626829,0.013101952812155176,0.2248377995659899,2.3866070249303158e-05,-80095.777347338953,-4104.7192245892975,-192.57379113835569,8.305244459261246
0.090547220697626829,-0.013101952812155176,0.2248377995659899,2.3866070249303158e-05,-80095.777347338953,-4104.7192245892975,-192.57379113835569,8.305244459261246
-0.090547220697626829,-0.013101952812155176,0.2248377995659899,2.3866070249303158e-05,-80095.777347338953,-4104.7192245892975,-192.57379113835569,8.305244459261246
0.043017828761724664,0.007363913369690115,0.23097568323626841,1.9568626799014011e-05,-84416.523556109343,-31712.514251699551,-203.38888244670281,-61.670785393697152
-0.043017828761724664,0.007363913369690115,0.23097568323626841,1.9568626799014011e-05,-84416.523556109343,-31712.514251699551,-203.38888244670281,-61.670785393697152
0.043017828761724664,-0.007363913369690115,0.23097568323626841,1.9568626799014011e-05,-84416.523556109343,-31712.514251699551,-203.38888244670281,-61.670785393697152
-0.043017828761724664,-0.007363913369690115,0.23097568323626841,1.9568626799014011e-05,-84416.523556109343,-31712.514251699551,-203.38888244670281,-61.670785393697152
0.09962267380255263,0.016090831990959113,0.22349419992820882,2.7725619316972729e-05,-78200.214991304601,4254.0976189516441,-183.03496376338353,26.756360323069249
-0.09962267380255263,0.016090831990959113,0.22349419992820882,2.7725619316972729e-05,-78200.214991304601,4254.0976189516441,-183.03496376338353,26.756360323069249
0.09962267380255263,-0.016090831990959113,0.22349419992820882,2.7725619316972729e-05,-78200.214991304601,4254.0976189516441,-183.03496376338353,26.756360323069249
-0.09962267380255263,-0.016090831990959113,0.22349419992820882,2.7725619316972729e-05,-78200.214991304601,4254.0976189516441,-183.03496376338353,26.756360323069249
0.10975271025565149,0.019181861145319178,0.22199447168855704,2.4923615788921229e-05,-75074.038771713895,14295.834084485565,-171.66572867462142,46.826720786440184
-0.10975271025565149,0.019181861145319178,0.22199447168855704,2.4923615788921229e-05,-75074.038771713895,14295.834084485565,-171.66572867462142,46.826720786440184
0.10975271025565149,-0.019181861145319178,0.22199447168855704,2.4923615788921229e-05,-75074.038771713895,14295.834084485565,-171.66572867462142,46.826720786440184
-0.10975271025565149,-0.019181861145319178,0.22199447168855704,2.4923615788921229e-05,-75074.038771713895,14295.834084485565,-171.66572867462142,46.826720786440184
0.15693254845500654,0.025385732193453504,0.21500959302668518,2.4933092881195655e-05,-39138.273021768997,54904.636862030507,-63.088932219312881,109.59178603611217
-0.15693254845500654,0.025385732193453504,0.21500959302668518,2.4933092881195655e-05,-39138.273021768997,54904.636862030507,-63.088932219312881,109.59178603611217
0.15693254845500654,-0.025385732193453504,0.21500959302668518,2.4933092881195655e-05,-39138.273021768997,54904.636862030507,-63.088932219312881,109.59178603611217
-0.15693254845500654,-0.025385732193453504,0.21500959302668518,2.4933092881195655e-05,-39138.273021768997,54904.636862030507,-63.088932219312881,109.59178603611217
0.05428345370726069,0.073187394034645664,0.22984777834822756,3.5489328038544643e-05,-70925.354075842013,3813.3988588314141,-156.21280020321925,29.460196762928959
-0.05428345370726069,0.073187394034645664,0.22984777834822756,3.5489328038544643e-05,-70925.354075842013,3813.3988588314141,-156.21280020321925,29.460196762928959
0.05428345370726069,-0.073187394034645664,0.22984777834822756,3.5489328038544643e-05,-70925.354075842013,3813.3988588314141,-156.21280020321925,29.460196762928959
-0.05428345370726069,-0.073187394034645664,0.22984777834822756,3.5489328038544643e-05,-70925.354075842013,3813.3988588314141,-156.21280020321925,29.460196762928959
0.049828685393821667,0.12348368958900321,0.2303217899784801,5.0864848659279915e-06,-7206.5088045861985,37348.417191625434,0.9324015651614973,30.792337501703781
-0.049828685393821667,0.12348368958900321,0.2303217899784801,5.0864848659279915e-06,-7206.5088045861985,37348.417191625434,0.9324015651614973,30.792337501703781
0.049828685393821667,-0.12348368958900321,0.2303217899784801,5.0864848659279915e-06,-7206.5088045861985,37348.417191625434,0.9324015651614973,30.792337501703781
-0.049828685393821667,-0.12348368958900321,0.2303217899784801,5.0864848659279915e-06,-7206.5088045861985,37348.417191625434,0.9324015651614973,30.792337501703781
0.0045546178812519329,0.12739205838977574,0.2328713621114365,4.8099154393666857e-06,-6018.7061534642571,37459.867844853456,3.8353094043614853,22.450406047087643
-0.0045546178812519329,0.12739205838977574,0.2328713621114365,4.8099154393666857e-06,-6018.7061534642571,37459.867844853456,3.8353094043614853,22.450406047087643
0.0045546178812519329,-0.12739205838977574,0.2328713621114365,4.8099154393666857e-06,-6018.7061534642571,37459.867844853456,3.8353094043614853,22.450406047087643
-0.0045546178812519329,-0.12739205838977574,0.2328713621114365,4.8099154393666857e-06,-6018.7061534642571,37459.867844853456,3.8353094043614853,22.450406047087643
0.11733469842906373,0.10819743445445001,0.22021950634356097,1.6486338449323784e-05,-13923.314853999949,45553.581231777258,-11.838851404247963,81.596277691161475
-0.11733469842906373,0.10819743445445001,0.22021950634356097,1.6486338449323784e-05,-13923.314853999949,45553.581231777258,-11.838851404247963,81.596277691161475
0.11733469842906373,-0.10819743445445001,0.22021950634356097,1.6486338449323784e-05,-13923.314853999949,45553.581231777258,-11.838851404247963,81.596277691161475
-0.11733469842906373,-0.10819743445445001,0.22021950634356097,1.6486338449323784e-05,-13923.314853999949,45553.581231777258,-11.838851404247963,81.596277691161475
0.032087946220884594,0.12928146546821509,0.23179868388947333,1.8753867166634106e-06,-168.10212610313528,35723.49972270392,9.2057445382197169,24.956312416121609
-0.032087946220884594,0.12928146546821509,0.23179868388947333,1.8753867166634106e-06,-168.10212610313528,35723.49972270392,9.2057445382197169,24.956312416121609
0.032087946220884594,-0.12928146546821509,0.23179868388947333,1.8753867166634106e-06,-168.10212610313528,35723.49972270392,9.2057445382197169,24.956312416121609
-0.032087946220884594,-0.12928146546821509,0.23179868388947333,1.8753867166634106e-06,-168.10212610313528,35723.49972270392,9.2057445382197169,24.956312416121609
0.0046006889413827664,0.12430046356106934,0.23287055875668652,5.2969663095884498e-06,-11736.985545818448,38248.914046178696,1.2420521069995047,26.705515733676993
-0.0046006889413827664,0.12430046356106934,0.23287055875668652,5.2969663095884498e-06,-11736.985545818448,38248.914046178696,1.2420521069995047,26.705515733676993
0.0046006889413827664,-0.12430046356106934,0.23287055875668652,5.2969663095884498e-06,-11736.985545818448,38248.914046178696,1.2420521069995047,26.705515733676993
-0.0046006889413827664,-0.12430046356106934,0.23287055875668652,5.2969663095884498e-06,-11736.985545818448,38248.914046178696,1.2420521069995047,26.705515733676993
0.073623633243942277,0.12796784487943696,0.22730552717857194,3.2659362751456947e-06,5997.4780584890696,34456.158293173554,11.088410770071247,24.21671765305442
-0.073623633243942277,0.12796784487943696,0.22730552717857194,3.2659362751456947e-06,5997.4780584890696,34456.158293173554,11.088410770071247,24.21671765305442
0.073623633243942277,-0.12796784487943696,0.22730552717857194,3.2659362751456947e-06,5997.4780584890696,34456.158293173554,11.088410770071247,24.21671765305442
-0.073623633243942277,-0.12796784487943696,0.22730552717857194,3.2659362751456947e-06,5997.4780584890696,34456.158293173554,11.088410770071247,24.21671765305442
0.15232640900696759,0.0045018937729672292,0.21569152121499735,1.415614431984369e-05,-46222.151917917057,51549.387069749951,-94.201292777450305,121.49346160824928
-0.15232640900696759,0.0045018937729672292,0.21569152121499735,1.415614431984369e-05,-46222.151917917057,51549.387069749951,-94.201292777450305,121.49346160824928
0.15232640900696759,-0.0045018937729672292,0.21569152121499735,1.415614431984369e-05,-46222.151917917057,51549.387069749951,-94.201292777450305,121.49346160824928
-0.15232640900696759,-0.0045018937729672292,0.21569152121499735,1.415614431984369e-05,-46222.151917917057,51549.387069749951,-94.201292777450305,121.49346160824928
0.070680632737171858,0.12495154746819662,0.22777691942772138,4.1997635133945167e-06,330.48244752669331,36455.739150407258,6.8989042817701014,26.562108309450334
-0.070680632737171858,0.12495154746819662,0.22777691942772138,4.1997635133945167e-06,330.48244752669331,36455.739150407258,6.8989042817701014,26.562108309450334
0.070680632737171858,-0.12495154746819662,0.22777691942772138,4.1997635133945167e-06,330.48244752669331,36455.739150407258,6.8989042817701014,26.562108309450334
-0.070680632737171858,-0.12495154746819662,0.22777691942772138,4.1997635133945167e-06,330.48244752669331,36455.739150407258,6.8989042817701014,26.562108309450334
0.054909977077289021,0.12479811841017538,0.2297943138524336,3.0422915582302881e-06,-3682.8670821298742,36824.986332359411,4.1668524030119904,25.234427640125293
-0.054909977077289021,0.12479811841017538,0.2297943138524336,3.0422915582302881e-06,-3682.8670821298742,36824.986332359411,4.1668524030119904,25.234427640125293
0.054909977077289021,-0.12479811841017538,0.2297943138524336,3.0422915582302881e-06,-3682.8670821298742,36824.986332359411,4.1668524030119904,25.234427640125293
-0.054909977077289021,-0.12479811841017538,0.2297943138524336,3.0422915582302881e-06,-3682.8670821298742,36824.986332359411,4.1668524030119904,25.234427640125293
0.051639506185029257,0.1265682730605816,0.23016836494824916,4.0557415535131675e-06,-1263.9525766849947,36143.320069403359,5.426614491926923,24.871736934829404
-0.051639506185029257,0.1265682730605816,0.23016836494824916,4.0557415535131675e-06,-1263.9525766849947,36143.320069403359,5.426614491926923,24.871736934829404
0.051639506185029257,-0.1265682730605816,0.23016836494824916,4.0557415535131675e-06,-1263.9525766849947,36143.320069403359,5.426614491926923,24.871736934829404
-0.051639506185029257,-0.1265682730605816,0.23016836494824916,4.0557415535131675e-06,-1263.9525766849947,36143.320069403359,5.426614491926923,24.871736934829404
0.04069016734706319,0.12337069611450209,0.23117951211245036,3.3565951604860351e-06,-9391.9132756130202,37602.615082287477,0.5405679742325773,29.787257997372095
-0.04069016734706319,0.12337069611450209,0.23117951211245036,3.3565951604860351e-06,-9391.9132756130202,37602.615082287477,0.5405679742325773,29.787257997372095
0.04069016734706319,-0.12337069611450209,0.23117951211245036,3.3565951604860351e-06,-9391.9132756130202,37602.615082287477,0.5405679742325773,29.787257997372095
-0.04069016734706319,-0.12337069611450209,0.23117951211245036,3.3565951604860351e-06,-9391.9132756130202,37602.615082287477,0.5405679742325773,29.787257997372095
0.073843646398676591,0.12494194255875107,0.2272864820286104,3.0932099786726529e-06,1062.8086196136996,36433.361196907703,7.5793374064760748,29.112416651944105
-0.073843646398676591,0.12494194255875107,0.2272864820286104,3.0932099786726529e-06,1062.8086196136996,36433.361196907703,7.5793374064760748,29.112416651944105
0.073843646398676591,-0.12494194255875107,0.2272864820286104,3.0932099786726529e-06,1062.8086196136996,36433.361196907703,7.5793374064760748,29.112416651944105
-0.073843646398676591,-0.12494194255875107,0.2272864820286104,3.0932099786726529e-06,1062.8086196136996,36433.361196907703,7.5793374064760748,29.112416651944105
0.061654419358885076,0.12534908102678413,0.22897045743082373,3.0918603882322567e-06,-1154.6045111950411,36398.03315583033,5.4600444781751412,26.366946347325698
-0.061654419358885076,0.12534908102678413,0.22897045743082373,3.0918603882322567e-06,-1154.6045111950411,36398.03315583033,5.4600444781751412,26.366946347325698
0.061654419358885076,-0.12534908102678413,0.22897045743082373,3.0918603882322567e-06,-1154.6045111950411,36398.03315583033,5.4600444781751412,26.366946347325698
-0.061654419358885076,-0.12534908102678413,0.22897045743082373,3.0918603882322567e-06,-1154.6045111950411,36398.03315583033,5.4600444781751412,26.366946347325698
0.015311487905713336,0.12770480320661831,0.23266360242750472,2.5350183170417047e-06,-4887.1142186693796,37168.967986804928,5.5539237677106872,22.010904391403418
-0.015311487905713336,0.12770480320661831,0.23266360242750472,2.5350183170417047e-06,-4887.1142186693796,37168.967986804928,5.5539237677106872,22.010904391403418
0.015311487905713336,-0.12770480320661831,0.23266360242750472,2.5350183170417047e-06,-4887.1142186693796,37168.967986804928,5.5539237677106872,22.010904391403418
-0.015311487905713336,-0.12770480320661831,0.23266360242750472,2.5350183170417047e-06,-4887.1142186693796,37168.967986804928,5.5539237677106872,22.010904391403418
0.0030877945233002239,0.12750773856466452,0.23289629483038909,1.5498024604345309e-06,-5829.4138415151947,37421.874507876062,3.2303058288987514,19.294345068020217
-0.0030877945233002239,0.12750773856466452,0.23289629483038909,1.5498024604345309e-06,-5829.4138415151947,37421.874507876062,3.2303058288987514,19.294345068020217
0.0030877945233002239,-0.12750773856466452,0.23289629483038909,1.5498024604345309e-06,-5829.4138415151947,37421.874507876062,3.2303058288987514,19.294345068020217
-0.0030877945233002239,-0.12750773856466452,0.23289629483038909,1.5498024604345309e-06,-5829.4138415151947,37421.874507876062,3.2303058288987514,19.294345068020217
0.070035988683140468,0.12820013010690809,0.22786500537320586,2.6977759897315276e-06,5582.5553135001137,34387.649581032267,9.3598867372138557,24.408801507209237
-0.070035988683140468,0.12820013010690809,0.22786500537320586,2.6977759897315276e-06,5582.5553135001137,34387.649581032267,9.3598867372138557,24.408801507209237
0.070035988683140468,-0.12820013010690809,0.22786500537320586,2.6977759897315276e-06,5582.5553135001137,34387.649581032267,9.3598867372138557,24.408801507209237
-0.070035988683140468,-0.12820013010690809,0.22786500537320586,2.6977759897315276e-06,5582.5553135001137,34387.649581032267,9.3598867372138557,24.408801507209237
0.16651908295162263,0.029142262552929066,0.21358842738726108,2.9143287118916233e-05,-26014.565832945773,58022.731702352488,-33.14230913141342,109.76601082280258
-0.16651908295162263,0.029142262552929066,0.21358842738726108,2.9143287118916233e-05,-26014.565832945773,58022.731702352488,-33.14230913141342,109.76601082280258
0.16651908295162263,-0.029142262552929066,0.21358842738726108,2.9143287118916233e-05,-26014.565832945773,58022.731702352488,-33.14230913141342,109.76601082280258
-0.16651908295162263,-0.029142262552929066,0.21358842738726108,2.9143287118916233e-05,-26014.565832945773,58022.731702352488,-33.14230913141342,109.76601082280258
0.11959480758466177,0.022084702940935234,0.22053737216378658,2.2149084644759905e-05,-70813.006783727455,24282.171076869927,-153.02239211870071,65.233897338821549
-0.11959480758466177,0.022084702940935234,0.22053737216378658,2.2149084644759905e-05,-70813.006783727455,24282.171076869927,-153.02239211870071,65.233897338821549
0.11959480758466177,-0.022084702940935234,0.22053737216378658,2.2149084644759905e-05,-70813.006783727455,24282.171076869927,-153.02239211870071,65.233897338821549
-0.11959480758466177,-0.022084702940935234,0.22053737216378658,2.2149084644759905e-05,-70813.006783727455,24282.171076869927,-153.02239211870071,65.233897338821549
0.018907329932209817,0.12917057696628598,0.23255630220801904,1.2439574740741494e-06,-1976.6643317601172,36370.65496012658,7.8413511556049169,28.496830725460114
-0.018907329932209817,0.12917057696628598,0.23255630220801904,1.2439574740741494e-06,-1976.6643317601172,36370.65496012658,7.8413511556049169,28.496830725460114
0.018907329932209817,-0.12917057696628598,0.23255630220801904,1.2439574740741494e-06,-1976.6643317601172,36370.65496012658,7.8413511556049169,28.496830725460114
-0.018907329932209817,-0.12917057696628598,0.23255630220801904,1.2439574740741494e-06,-1976.6643317601172,36370.65496012658,7.8413511556049169,28.496830725460114
0.067698055520463235,0.12527597390823833,0.22818750743495314,5.147191424860255e-06,185.94846217879362,36311.380586629246,6.513635546623493,26.142299575254931
-0.067698055520463235,0.12527597390823833,0.22818750743495314,5.147191424860255e-06,185.94846217879362,36311.380586629246,6.513635546623493,26.142299575254931
0.067698055520463235,-0.12527597390823833,0.22818750743495314,5.147191424860255e-06,185.94846217879362,36311.380586629246,6.513635546623493,26.142299575254931
-0.067698055520463235,-0.12527597390823833,0.22818750743495314,5.147191424860255e-06,185.94846217879362,36311.380586629246,6.513635546623493,26.142299575254931
0.17620868488297711,0.032385913529200575,0.21204248982030799,3.0766460521684118e-05,-11767.201914937146,57270.376995020124,-5.3858839122449398,98.686796760344095
-0.17620868488297711,0.032385913529200575,0.21204248982030799,3.0766460521684118e-05,-11767.201914937146,57270.376995020124,-5.3858839122449398,98.686796760344095
0.17620868488297711,-0.032385913529200575,0.21204248982030799,3.0766460521684118e-05,-11767.201914937146,57270.376995020124,-5.3858839122449398,98.686796760344095
-0.17620868488297711,-0.032385913529200575,0.21204248982030799,3.0766460521684118e-05,-11767.201914937146,57270.376995020124,-5.3858839122449398,98.686796760344095
0.040144370013092248,0.12500240762380399,0.23122730679805484,3.6920665760238546e-06,-6469.9083362506517,37212.152482831967,2.681262938810534,27.048933097391703
-0.040144370013092248,0.12500240762380399,0.23122730679805484,3.6920665760238546e-06,-6469.9083362506517,37212.152482831967,2.681262938810534,27.048933097391703
0.040144370013092248,-0.12500240762380399,0.23122730679805484,3.6920665760238546e-06,-6469.9083362506517,37212.152482831967,2.681262938810534,27.048933097391703
-0.040144370013092248,-0.12500240762380399,0.23122730679805484,3.6920665760238546e-06,-6469.9083362506517,37212.152482831967,2.681262938810534,27.048933097391703
0.18602369895254325,0.034334432845097178,0.21023897409961809,2.7687721173215514e-05,3300.3034779674122,52186.064618966971,21.831792069811836,82.485664911164861
-0.18602369895254325,0.034334432845097178,0.21023897409961809,2.7687721173215514e-05,3300.3034779674122,52186.064618966971,21.831792069811836,82.485664911164861
0.18602369895254325,-0.034334432845097178,0.21023897409961809,2.7687721173215514e-05,3300.3034779674122,52186.064618966971,21.831792069811836,82.485664911164861
-0.18602369895254325,-0.034334432845097178,0.21023897409961809,2.7687721173215514e-05,3300.3034779674122,52186.064618966971,21.831792069811836,82.485664911164861
0.19523534758818326,0.036616455236005034,0.20823381623153858,2.6307010092887755e-05,17212.936064597081,42206.163779697643,42.676804360846788,54.890237184167162
-0.19523534758818326,0.036616455236005034,0.20823381623153858,2.6307010092887755e-05,17212.936064597081,42206.163779697643,42.676804360846788,54.890237184167162
0.19523534758818326,-0.036616455236005034,0.20823381623153858,2.6307010092887755e-05,17212.936064597081,42206.163779697643,42.676804360846788,54.890237184167162
-0.19523534758818326,-0.036616455236005034,0.20823381623153858,2.6307010092887755e-05,17212.936064597081,42206.163779697643,42.676804360846788,54.890237184167162
0.1289964040402595,0.024379869315755032,0.21914548024983888,2.5630926460179854e-05,-65251.339302787172,33845.18057809482,-135.38505619280514,83.37783748363988
-0.1289964040402595,0.024379869315755032,0.21914548024983888,2.5630926460179854e-05,-65251.339302787172,33845.18057809482,-135.38505619280514,83.37783748363988
0.1289964040402595,-0.024379869315755032,0.21914548024983888,2.5630926460179854e-05,-65251.339302787172,33845.18057809482,-135.38505619280514,83.37783748363988
-0.1289964040402595,-0.024379869315755032,0.21914548024983888,2.5630926460179854e-05,-65251.339302787172,33845.18057809482,-135.38505619280514,83.37783748363988
0.026877218783761411,0.12392026399167658,0.23213656859197371,2.8660382379254274e-06,-10698.000263293326,37887.04717458527,0.19937116318652343,27.93788510650236
-0.026877218783761411,0.12392026399167658,0.23213656859197371,2.8660382379254274e-06,-10698.000263293326,37887.04717458527,0.19937116318652343,27.93788510650236
0.026877218783761411,-0.12392026399167658,0.23213656859197371,2.8660382379254274e-06,-10698.000263293326,37887.04717458527,0.19937116318652343,27.93788510650236
-0.026877218783761411,-0.12392026399167658,0.23213656859197371,2.8660382379254274e-06,-10698.000263293326,37887.04717458527,0.19937116318652343,27.93788510650236
0.048667473655631545,0.12507981378777713,0.23046116817956722,2.98094445602347e-06,-4573.3328634077461,36869.958680335556,1.2671717159079987,27.659386596733619
-0.048667473655631545,0.12507981378777713,0.23046116817956722,2.98094445602347e-06,-4573.3328634077461,36869.958680335556,1.2671717159079987,27.659386596733619
0.048667473655631545,-0.12507981378777713,0.23046116817956722,2.98094445602347e-06,-4573.3328634077461,36869.958680335556,1.2671717159079987,27.659386596733619
-0.048667473655631545,-0.12507981378777713,0.23046116817956722,2.98094445602347e-06,-4573.3328634077461,36869.958680335556,1.2671717159079987,27.659386596733619
0.073461562325689039,0.12971373084220716,0.22726224620175287,9.0845143564889042e-07,8803.1224709702492,32991.726120903513,14.519458193878251,26.552924801521172
-0.073461562325689039,0.12971373084220716,0.22726224620175287,9.0845143564889042e-07,8803.1224709702492,32991.726120903513,14.519458193878251,26.552924801521172
0.073461562325689039,-0.12971373084220716,0.22726224620175287,9.0845143564889042e-07,8803.1224709702492,32991.726120903513,14.519458193878251,26.552924801521172
-0.073461562325689039,-0.12971373084220716,0.22726224620175287,9.0845143564889042e-07,8803.1224709702492,32991.726120903513,14.519458193878251,26.552924801521172
0.021055595445778681,0.12644566701780516,0.23244061417674627,2.946802713991676e-06,-6641.8497576632753,37438.352525405193,2.6633183059758001,23.867021663419038
-0.021055595445778681,0.12644566701780516,0.23244061417674627,2.946802713991676e-06,-6641.8497576632753,37438.352525405193,2.6633183059758001,23.867021663419038
0.021055595445778681,-0.12644566701780516,0.23244061417674627,2.946802713991676e-06,-6641.8497576632753,37438.352525405193,2.6633183059758001,23.867021663419038
-0.021055595445778681,-0.12644566701780516,0.23244061417674627,2.946802713991676e-06,-6641.8497576632753,37438.352525405193,2.6633183059758001,23.867021663419038
0.012848187571928377,0.12745100410180085,0.23272560704273729,2.2751953306620114e-06,-5551.916577570295,37303.869390728323,2.9992107121313007,22.907114930371129
-0.012848187571928377,0.12745100410180085,0.23272560704273729,2.2751953306620114e-06,-5551.916577570295,37303.869390728323,2.9992107121313007,22.907114930371129
0.012848187571928377,-0.12745100410180085,0.23272560704273729,2.2751953306620114e-06,-5551.916577570295,37303.869390728323,2.9992107121313007,22.907114930371129
-0.012848187571928377,-0.12745100410180085,0.23272560704273729,2.2751953306620114e-06,-5551.916577570295,37303.869390728323,2.9992107121313007,22.907114930371129
0.056546926178607279,0.12483316397674926,0.22959435548523566,5.0926754828952445e-06,-3218.3659789447488,36756.878426889751,4.8038511205764465,29.939259397813938
-0.056546926178607279,0.12483316397674926,0.22959435548523566,5.0926754828952445e-06,-3218.3659789447488,36756.878426889751,4.8038511205764465,29.939259397813938
0.056546926178607279,-0.12483316397674926,0.22959435548523566,5.0926754828952445e-06,-3218.3659789447488,36756.878426889751,4.8038511205764465,29.939259397813938
-0.056546926178607279,-0.12483316397674926,0.22959435548523566,5.0926754828952445e-06,-3218.3659789447488,36756.878426889751,4.8038511205764465,29.939259397813938
0.028291478947176821,0.12783129244632571,0.23206165116252295,2.497294721240928e-06,-3313.2380030409286,36636.267020128544,5.2106259121902578,23.159865243249278
-0.028291478947176821,0.12783129244632571,0.23206165116252295,2.497294721240928e-06,-3313.2380030409286,36636.267020128544,5.2106259121902578,23.159865243249278
0.028291478947176821,-0.12783129244632571,0.23206165116252295,2.497294721240928e-06,-3313.2380030409286,36636.267020128544,5.2106259121902578,23.159865243249278
-0.028291478947176821,-0.12783129244632571,0.23206165116252295,2.497294721240928e-06,-3313.2380030409286,36636.267020128544,5.2106259121902578,23.159865243249278
0.024752973295569192,0.12640766703195744,0.23224844183063822,3.0834819230030146e-06,-6334.6378224165155,37330.16497523048,2.8706134641179246,24.872027084973769
-0.024752973295569192,0.12640766703195744,0.23224844183063822,3.0834819230030146e-06,-6334.6378224165155,37330.16497523048,2.8706134641179246,24.872027084973769
0.024752973295569192,-0.12640766703195744,0.23224844183063822,3.0834819230030146e-06,-6334.6378224165155,37330.16497523048,2.8706134641179246,24.872027084973769
-0.024752973295569192,-0.12640766703195744,0.23224844183063822,3.0834819230030146e-06,-6334.6378224165155,37330.16497523048,2.8706134641179246,24.872027084973769
0.048133568128986573,0.12681315787382488,0.23052771265689165,2.4886689179140364e-06,-1612.0487848985579,36194.136460242764,5.6505528165937742,20.385928434893742
-0.048133568128986573,0.12681315787382488,0.23052771265689165,2.4886689179140364e-06,-1612.0487848985579,36194.136460242764,5.6505528165937742,20.385928434893742
0.048133568128986573,-0.12681315787382488,0.23052771265689165,2.4886689179140364e-06,-1612.0487848985579,36194.136460242764,5.6505528165937742,20.385928434893742
-0.048133568128986573,-0.12681315787382488,0.23052771265689165,2.4886689179140364e-06,-1612.0487848985579,36194.136460242764,5.6505528165937742,20.385928434893742
0.11489620548819089,0.10416462070396329,0.22084794903199895,3.0517329739549788e-05,-20458.071153680463,45410.136993413762,-24.906466108424979,85.984480094218583
-0.11489620548819089,0.10416462070396329,0.22084794903199895,3.0517329739549788e-05,-20458.071153680463,45410.136993413762,-24.906466108424979,85.984480094218583
0.11489620548819089,-0.10416462070396329,0.22084794903199895,3.0517329739549788e-05,-20458.071153680463,45410.136993413762,-24.906466108424979,85.984480094218583
-0.11489620548819089,-0.10416462070396329,0.22084794903199895,3.0517329739549788e-05,-20458.071153680463,45410.136993413762,-24.906466108424979,85.984480094218583
0.032712677383845652,0.12791756385452502,0.23182856447739669,2.3120242606323384e-06,-2466.4811144662085,36387.241804543875,5.0889820143487619,22.490184596065518
-0.032712677383845652,0.12791756385452502,0.23182856447739669,2.3120242606323384e-06,-2466.4811144662085,36387.241804543875,5.0889820143487619,22.490184596065518
0.032712677383845652,-0.12791756385452502,0.23182856447739669,2.3120242606323384e-06,-2466.4811144662085,36387.241804543875,5.0889820143487619,22.490184596065518
-0.032712677383845652,-0.12791756385452502,0.23182856447739669,2.3120242606323384e-06,-2466.4811144662085,36387.241804543875,5.0889820143487619,22.490184596065518
0.03776755340071037,0.1254226567529256,0.23143543824609744,3.3322575528293783e-06,-6119.0101395775127,37173.713385437157,3.3268269233185923,25.250616413003357
-0.03776755340071037,0.1254226567529256,0.23143543824609744,3.3322575528293783e-06,-6119.0101395775127,37173.713385437157,3.3268269233185923,25.250616413003357
0.03776755340071037,-0.1254226567529256,0.23143543824609744,3.3322575528293783e-06,-6119.0101395775127,37173.713385437157,3.3268269233185923,25.250616413003357
-0.03776755340071037,-0.1254226567529256,0.23143543824609744,3.3322575528293783e-06,-6119.0101395775127,37173.713385437157,3.3268269233185923,25.250616413003357
0.04622710586916879,0.12913070382597922,0.23069465623831223,1.2606155048951251e-06,1991.272235484679,34998.549261319575,11.013107640952159,30.775567646909117
-0.04622710586916879,0.12913070382597922,0.23069465623831223,1.2606155048951251e-06,1991.272235484679,34998.549261319575,11.013107640952159,30.775567646909117
0.04622710586916879,-0.12913070382597922,0.23069465623831223,1.2606155048951251e-06,1991.272235484679,34998.549261319575,11.013107640952159,30.775567646909117
-0.04622710586916879,-0.12913070382597922,0.23069465623831223,1.2606155048951251e-06,1991.272235484679,34998.549261319575,11.013107640952159,30.775567646909117
0.13770583789563032,0.027483191846146893,0.21785606262380955,2.7088595330573686e-05,-58329.407277774844,42144.851710948671,-114.20868766790058,96.602299920757758
-0.13770583789563032,0.027483191846146893,0.21785606262380955,2.7088595330573686e-05,-58329.407277774844,42144.851710948671,-114.20868766790058,96.602299920757758
0.13770583789563032,-0.027483191846146893,0.21785606262380955,2.7088595330573686e-05,-58329.407277774844,42144.851710948671,-114.20868766790058,96.602299920757758
-0.13770583789563032,-0.027483191846146893,0.21785606262380955,2.7088595330573686e-05,-58329.407277774844,42144.851710948671,-114.20868766790058,96.602299920757758
0.069686324102417416,0.1293336825216154,0.22778064153473157,6.6326985285305893e-07,7327.8923225158833,33547.087717771581,21.859294835699128,37.809938343036904
-0.069686324102417416,0.1293336825216154,0.22778064153473157,6.6326985285305893e-07,7327.8923225158833,33547.087717771581,21.859294835699128,37.809938343036904
0.069686324102417416,-0.1293336825216154,0.22778064153473157,6.6326985285305893e-07,7327.8923225158833,33547.087717771581,21.859294835699128,37.809938343036904
-0.069686324102417416,-0.1293336825216154,0.22778064153473157,6.6326985285305893e-07,7327.8923225158833,33547.087717771581,21.859294835699128,37.809938343036904
0.062534836996659682,0.10447373528825159,0.22886291688188815,1.6230236668337294e-05,-37362.84285951512,33054.304545046041,-56.700857704572755,72.399184669746703
-0.062534836996659682,0.10447373528825159,0.22886291688188815,1.6230236668337294e-05,-37362.84285951512,33054.304545046041,-56.700857704572755,72.399184669746703
0.062534836996659682,-0.10447373528825159,0.22886291688188815,1.6230236668337294e-05,-37362.84285951512,33054.304545046041,-56.700857704572755,72.399184669746703
-0.062534836996659682,-0.10447373528825159,0.22886291688188815,1.6230236668337294e-05,-37362.84285951512,33054.304545046041,-56.700857704572755,72.399184669746703
0.047158142540426287,0.12791120161108976,0.23060532626133248,2.1877880929344197e-06,76.488145547611893,35667.944716227896,6.6171175805445861,24.174073446007505
-0.047158142540426287,0.12791120161108976,0.23060532626133248,2.1877880929344197e-06,76.488145547611893,35667.944716227896,6.6171175805445861,24.174073446007505
0.047158142540426287,-0.12791120161108976,0.23060532626133248,2.1877880929344197e-06,76.488145547611893,35667.944716227896,6.6171175805445861,24.174073446007505
-0.047158142540426287,-0.12791120161108976,0.23060532626133248,2.1877880929344197e-06,76.488145547611893,35667.944716227896,6.6171175805445861,24.174073446007505
0.060446036174630964,0.033627591977786558,0.22911806350050076,2.7075067902735058e-05,-81796.293638263043,-18319.1075352277,-194.00983772167572,-29.12564287759697
-0.060446036174630964,0.033627591977786558,0.22911806350050076,2.7075067902735058e-05,-81796.293638263043,-18319.1075352277,-194.00983772167572,-29.12564287759697
0.060446036174630964,-0.033627591977786558,0.22911806350050076,2.7075067902735058e-05,-81796.293638263043,-18319.1075352277,-194.00983772167572,-29.12564287759697
-0.060446036174630964,-0.033627591977786558,0.22911806350050076,2.7075067902735058e-05,-81796.293638263043,-18319.1075352277,-194.00983772167572,-29.12564287759697
0.059347643169777767,0.12803109064691043,0.22925223997590155,1.8493938097249555e-06,2886.8882382933666,34968.145411623591,6.5076048632680656,20.293422396910852
-0.059347643169777767,0.12803109064691043,0.22925223997590155,1.8493938097249555e-06,2886.8882382933666,34968.145411623591,6.5076048632680656,20.293422396910852
0.059347643169777767,-0.12803109064691043,0.22925223997590155,1.8493938097249555e-06,2886.8882382933666,34968.145411623591,6.5076048632680656,20.293422396910852
-0.059347643169777767,-0.12803109064691043,0.22925223997590155,1.8493938097249555e-06,2886.8882382933666,34968.145411623591,6.5076048632680656,20.293422396910852
0.042119699636601282,0.12467446533175494,0.23105433249690036,3.5582030645447089e-06,-6683.8564246176093,37240.009761974521,2.2146774631196213,27.572464412898135
-0.042119699636601282,0.12467446533175494,0.23105433249690036,3.5582030645447089e-06,-6683.8564246176093,37240.009761974521,2.2146774631196213,27.572464412898135
0.042119699636601282,-0.12467446533175494,0.23105433249690036,3.5582030645447089e-06,-6683.8564246176093,37240.009761974521,2.2146774631196213,27.572464412898135
-0.042119699636601282,-0.12467446533175494,0.23105433249690036,3.5582030645447089e-06,-6683.8564246176093,37240.009761974521,2.2146774631196213,27.572464412898135
0.02290506291409735,0.12929936532631681,0.23234420139662934,1.2914962704482156e-06,-1343.4615306489538,36145.598378729548,7.8224253796438452,26.496733357345448
-0.02290506291409735,0.12929936532631681,0.23234420139662934,1.2914962704482156e-06,-1343.4615306489538,36145.598378729548,7.8224253796438452,26.496733357345448
0.02290506291409735,-0.12929936532631681,0.23234420139662934,1.2914962704482156e-06,-1343.4615306489538,36145.598378729548,7.8224253796438452,26.496733357345448
-0.02290506291409735,-0.12929936532631681,0.23234420139662934,1.2914962704482156e-06,-1343.4615306489538,36145.598378729548,7.8224253796438452,26.496733357345448
0.0545539880713235,0.12966792927169146,0.2297800958580096,2.7238307731292574e-06,4640.9607153230281,34105.442327345423,9.2771535043875009,23.292342970365439
-0.0545539880713235,0.12966792927169146,0.2297800958580096,2.7238307731292574e-06,4640.9607153230281,34105.442327345423,9.2771535043875009,23.292342970365439
0.0545539880713235,-0.12966792927169146,0.2297800958580096,2.7238307731292574e-06,4640.9607153230281,34105.442327345423,9.2771535043875009,23.292342970365439
-0.0545539880713235,-0.12966792927169146,0.2297800958580096,2.7238307731292574e-06,4640.9607153230281,34105.442327345423,9.2771535043875009,23.292342970365439
0.0043574063058943084,0.093033898769330534,0.23282433483639628,2.7286524364253786e-05,-61774.671169896355,16011.018517199311,-130.20066660525933,54.113568018386268
-0.0043574063058943084,0.093033898769330534,0.23282433483639628,2.7286524364253786e-05,-61774.671169896355,16011.018517199311,-130.20066660525933,54.113568018386268
0.0043574063058943084,-0.093033898769330534,0.23282433483639628,2.7286524364253786e-05,-61774.671169896355,16011.018517199311,-130.20066660525933,54.113568018386268
-0.0043574063058943084,-0.093033898769330534,0.23282433483639628,2.7286524364253786e-05,-61774.671169896355,16011.018517199311,-130.20066660525933,54.113568018386268
0.066816046729331613,0.12806656303798347,0.22832264225048102,3.1390171047557314e-06,4635.1307094581516,34629.356780869719,9.8472445326757487,22.620471776764745
-0.066816046729331613,0.12806656303798347,0.22832264225048102,3.1390171047557314e-06,4635.1307094581516,34629.356780869719,9.8472445326757487,22.620471776764745
0.066816046729331613,-0.12806656303798347,0.22832264225048102,3.1390171047557314e-06,4635.1307094581516,34629.356780869719,9.8472445326757487,22.620471776764745
-0.066816046729331613,-0.12806656303798347,0.22832264225048102,3.1390171047557314e-06,4635.1307094581516,34629.356780869719,9.8472445326757487,22.620471776764745
0.022025824393034091,0.12787904794554336,0.23239050539489986,2.7138157576595317e-06,-3979.7814571752965,36869.646128750072,4.6936126394945736,22.278412315148277
-0.022025824393034091,0.12787904794554336,0.23239050539489986,2.7138157576595317e-06,-3979.7814571752965,36869.646128750072,4.6936126394945736,22.278412315148277
0.022025824393034091,-0.12787904794554336,0.23239050539489986,2.7138157576595317e-06,-3979.7814571752965,36869.646128750072,4.6936126394945736,22.278412315148277
-0.022025824393034091,-0.12787904794554336,0.23239050539489986,2.7138157576595317e-06,-3979.7814571752965,36869.646128750072,4.6936126394945736,22.278412315148277
0.049820231027980742,0.12919650431629917,0.23038001478276718,1.6461570302866201e-06,2821.9934512125947,34736.917787762315,10.133154988350798,27.460352682423188
-0.049820231027980742,0.12919650431629917,0.23038001478276718,1.6461570302866201e-06,2821.9934512125947,34736.917787762315,10.133154988350798,27.460352682423188
0.049820231027980742,-0.12919650431629917,0.23038001478276718,1.6461570302866201e-06,2821.9934512125947,34736.917787762315,10.133154988350798,27.460352682423188
-0.049820231027980742,-0.12919650431629917,0.23038001478276718,1.6461570302866201e-06,2821.9934512125947,34736.917787762315,10.133154988350798,27.460352682423188
0.020136790966992908,0.12797397544615274,0.23249155304803204,2.7319256487255395e-06,-3985.8476038428257,36891.611504023327,4.4117409870195923,22.202627745350657
-0.020136790966992908,0.12797397544615274,0.23249155304803204,2.7319256487255395e-06,-3985.8476038428257,36891.611504023327,4.4117409870195923,22.202627745350657
0.020136790966992908,-0.12797397544615274,0.23249155304803204,2.7319256487255395e-06,-3985.8476038428257,36891.611504023327,4.4117409870195923,22.202627745350657
-0.020136790966992908,-0.12797397544615274,0.23249155304803204,2.7319256487255395e-06,-3985.8476038428257,36891.611504023327,4.4117409870195923,22.202627745350657
0.018218276552458737,0.12793969828812154,0.23258721545434208,2.1064521703556645e-06,-4233.5048413528948,36978.971387390382,4.9512305468885547,22.063051734865574
-0.018218276552458737,0.12793969828812154,0.23258721545434208,2.1064521703556645e-06,-4233.5048413528948,36978.971387390382,4.9512305468885547,22.063051734865574
0.018218276552458737,-0.12793969828812154,0.23258721545434208,2.1064521703556645e-06,-4233.5048413528948,36978.971387390382,4.9512305468885547,22.063051734865574
-0.018218276552458737,-0.12793969828812154,0.23258721545434208,2.1064521703556645e-06,-4233.5048413528948,36978.971387390382,4.9512305468885547,22.063051734865574
0.014076335469883246,0.12733028778566793,0.2327040220176704,1.6557847984350643e-06,-5683.6435700777247,37331.924636999909,3.6388016689009102,22.410403771251119
-0.014076335469883246,0.12733028778566793,0.2327040220176704,1.6557847984350643e-06,-5683.6435700777247,37331.924636999909,3.6388016689009102,22.410403771251119
0.014076335469883246,-0.12733028778566793,0.2327040220176704,1.6557847984350643e-06,-5683.6435700777247,37331.924636999909,3.6388016689009102,22.410403771251119
-0.014076335469883246,-0.12733028778566793,0.2327040220176704,1.6557847984350643e-06,-5683.6435700777247,37331.924636999909,3.6388016689009102,22.410403771251119
0.027599609478821733,0.12507507375312688,0.23209852342624293,2.2443424899174689e-06,-8424.6095346523307,37602.74065674212,-0.23480246386482204,27.202765796864199
-0.027599609478821733,0.12507507375312688,0.23209852342624293,2.2443424899174689e-06,-8424.6095346523307,37602.74065674212,-0.23480246386482204,27.202765796864199
0.027599609478821733,-0.12507507375312688,0.23209852342624293,2.2443424899174689e-06,-8424.6095346523307,37602.74065674212,-0.23480246386482204,27.202765796864199
-0.027599609478821733,-0.12507507375312688,0.23209852342624293,2.2443424899174689e-06,-8424.6095346523307,37602.74065674212,-0.23480246386482204,27.202765796864199
0.035294011391786381,0.12798219570461328,0.23164871643452162,2.2480148048521014e-06,-1961.7495436528566,36244.2706311695,5.296821291176582,19.440405516787532
-0.035294011391786381,0.12798219570461328,0.23164871643452162,2.2480148048521014e-06,-1961.7495436528566,36244.2706311695,5.296821291176582,19.440405516787532
0.035294011391786381,-0.12798219570461328,0.23164871643452162,2.2480148048521014e-06,-1961.7495436528566,36244.2706311695,5.296821291176582,19.440405516787532
-0.035294011391786381,-0.12798219570461328,0.23164871643452162,2.2480148048521014e-06,-1961.7495436528566,36244.2706311695,5.296821291176582,19.440405516787532
0.071784709933373325,0.12811694543176128,0.22759165797243741,2.4682544885217166e-06,5822.2730954422277,34401.281121340435,10.421954903076395,25.026054263623621
-0.071784709933373325,0.12811694543176128,0.22759165797243741,2.4682544885217166e-06,5822.2730954422277,34401.281121340435,10.421954903076395,25.026054263623621
0.071784709933373325,-0.12811694543176128,0.22759165797243741,2.4682544885217166e-06,5822.2730954422277,34401.281121340435,10.421954903076395,25.026054263623621
-0.071784709933373325,-0.12811694543176128,0.22759165797243741,2.4682544885217166e-06,5822.2730954422277,34401.281121340435,10.421954903076395,25.026054263623621
0.025696137571955428,0.1278669756096075,0.23219877125418223,2.2717936801822044e-06,-3585.0472143482311,36730.939426157478,5.1148003555485264,22.872094566866071
-0.025696137571955428,0.1278669756096075,0.23219877125418223,2.2717936801822044e-06,-3585.0472143482311,36730.939426157478,5.1148003555485264,22.872094566866071
0.025696137571955428,-0.1278669756096075,0.23219877125418223,2.2717936801822044e-06,-3585.0472143482311,36730.939426157478,5.1148003555485264,22.872094566866071
-0.025696137571955428,-0.1278669756096075,0.23219877125418223,2.2717936801822044e-06,-3585.0472143482311,36730.939426157478,5.1148003555485264,22.872094566866071
0.023835738952522823,0.12771419410391022,0.23229674814531767,2.5393617099372285e-06,-4084.4952601696855,36871.553226387034,4.4887025737490083,22.052014177024294
-0.023835738952522823,0.12771419410391022,0.23229674814531767,2.5393617099372285e-06,-4084.4952601696855,36871.553226387034,4.4887025737490083,22.052014177024294
0.023835738952522823,-0.12771419410391022,0.23229674814531767,2.5393617099372285e-06,-4084.4952601696855,36871.553226387034,4.4887025737490083,22.052014177024294
-0.023835738952522823,-0.12771419410391022,0.23229674814531767,2.5393617099372285e-06,-4084.4952601696855,36871.553226387034,4.4887025737490083,22.052014177024294
0.058754995032064064,0.12659817287220423,0.22932463310534196,6.7942052503370864e-06,334.94290084047867,35844.91289414902,5.7756792618525727,24.302230719770755
-0.058754995032064064,0.12659817287220423,0.22932463310534196,6.7942052503370864e-06,334.94290084047867,35844.91289414902,5.7756792618525727,24.302230719770755
0.058754995032064064,-0.12659817287220423,0.22932463310534196,6.7942052503370864e-06,334.94290084047867,35844.91289414902,5.7756792618525727,24.302230719770755
-0.058754995032064064,-0.12659817287220423,0.22932463310534196,6.7942052503370864e-06,334.94290084047867,35844.91289414902,5.7756792618525727,24.302230719770755
0.045341456938558074,0.12763734586756739,0.23077221091936617,2.242983876768479e-06,-752.12590930223632,35912.64389962703,6.6934046837592396,23.771870375654562
-0.045341456938558074,0.12763734586756739,0.23077221091936617,2.242983876768479e-06,-752.12590930223632,35912.64389962703,6.6934046837592396,23.771870375654562
0.045341456938558074,-0.12763734586756739,0.23077221091936617,2.242983876768479e-06,-752.12590930223632,35912.64389962703,6.6934046837592396,23.771870375654562
-0.045341456938558074,-0.12763734586756739,0.23077221091936617,2.242983876768479e-06,-752.12590930223632,35912.64389962703,6.6934046837592396,23.771870375654562
0.015602611105351761,0.12925957583588071,0.23267216952373859,1.2625913816456904e-06,-2083.785595501191,36434.649250100112,7.3538691808237813,26.383192687047806
-0.015602611105351761,0.12925957583588071,0.23267216952373859,1.2625913816456904e-06,-2083.785595501191,36434.649250100112,7.3538691808237813,26.383192687047806
0.015602611105351761,-0.12925957583588071,0.23267216952373859,1.2625913816456904e-06,-2083.785595501191,36434.649250100112,7.3538691808237813,26.383192687047806
-0.015602611105351761,-0.12925957583588071,0.23267216952373859,1.2625913816456904e-06,-2083.785595501191,36434.649250100112,7.3538691808237813,26.383192687047806
0.041897080422620622,0.12789063887852137,0.23107382670103005,1.3373542240215791e-06,-961.23360918981837,35942.264717397506,5.610031646987462,22.733599264452295
-0.041897080422620622,0.12789063887852137,0.23107382670103005,1.3373542240215791e-06,-961.23360918981837,35942.264717397506,5.610031646987462,22.733599264452295
0.041897080422620622,-0.12789063887852137,0.23107382670103005,1.3373542240215791e-06,-961.23360918981837,35942.264717397506,5.610031646987462,22.733599264452295
-0.041897080422620622,-0.12789063887852137,0.23107382670103005,1.3373542240215791e-06,-961.23360918981837,35942.264717397506,5.610031646987462,22.733599264452295
0.0016209711653485154,0.12530694972749734,0.23289312019673669,2.3004636442356311e-06,-9904.3255569074645,38055.289511670213,1.0237842757463922,25.402922984808843
-0.0016209711653485154,0.12530694972749734,0.23289312019673669,2.3004636442356311e-06,-9904.3255569074645,38055.289511670213,1.0237842757463922,25.402922984808843
0.0016209711653485154,-0.12530694972749734,0.23289312019673669,2.3004636442356311e-06,-9904.3255569074645,38055.289511670213,1.0237842757463922,25.402922984808843
-0.0016209711653485154,-0.12530694972749734,0.23289312019673669,2.3004636442356311e-06,-9904.3255569074645,38055.289511670213,1.0237842757463922,25.402922984808843
0.040790877685342397,0.12867269223584657,0.23095461502802023,1.2499471659411078e-07,131.42308183235613,35599.093611527329,13.492524963821289,51.722025006050366
-0.040790877685342397,0.12867269223584657,0.23095461502802023,1.2499471659411078e-07,131.42308183235613,35599.093611527329,13.492524963821289,51.722025006050366
0.040790877685342397,-0.12867269223584657,0.23095461502802023,1.2499471659411078e-07,131.42308183235613,35599.093611527329,13.492524963821289,51.722025006050366
-0.040790877685342397,-0.12867269223584657,0.23095461502802023,1.2499471659411078e-07,131.42308183235613,35599.093611527329,13.492524963821289,51.722025006050366
0.048676843180551037,0.12789849955359681,0.23048013898188574,1.8275449677775293e-06,366.12089959295656,35573.208171646445,3.6474984968909268,22.722699612509249
-0.048676843180551037,0.12789849955359681,0.23048013898188574,1.8275449677775293e-06,366.12089959295656,35573.208171646445,3.6474984968909268,22.722699612509249
0.048676843180551037,-0.12789849955359681,0.23048013898188574,1.8275449677775293e-06,366.12089959295656,35573.208171646445,3.6474984968909268,22.722699612509249
-0.048676843180551037,-0.12789849955359681,0.23048013898188574,1.8275449677775293e-06,366.12089959295656,35573.208171646445,3.6474984968909268,22.722699612509249
0.026059449523632899,0.12507386001049331,0.23217963571956299,2.0526882970352205e-06,-8647.7100547442351,37668.010946563452,1.2765332772452962,25.392988448116565
-0.026059449523632899,0.12507386001049331,0.23217963571956299,2.0526882970352205e-06,-8647.7100547442351,37668.010946563452,1.2765332772452962,25.392988448116565
0.026059449523632899,-0.12507386001049331,0.23217963571956299,2.0526882970352205e-06,-8647.7100547442351,37668.010946563452,1.2765332772452962,25.392988448116565
-0.026059449523632899,-0.12507386001049331,0.23217963571956299,2.0526882970352205e-06,-8647.7100547442351,37668.010946563452,1.2765332772452962,25.392988448116565
0.035790849480570604,0.12866166025726841,0.23139065966550293,2.6802688610206618e-07,-757.77330665612158,35892.837180666254,9.8056177774928486,35.450056175677091
-0.035790849480570604,0.12866166025726841,0.23139065966550293,2.6802688610206618e-07,-757.77330665612158,35892.837180666254,9.8056177774928486,35.450056175677091
0.035790849480570604,-0.12866166025726841,0.23139065966550293,2.6802688610206618e-07,-757.77330665612158,35892.837180666254,9.8056177774928486,35.450056175677091
-0.035790849480570604,-0.12866166025726841,0.23139065966550293,2.6802688610206618e-07,-757.77330665612158,35892.837180666254,9.8056177774928486,35.450056175677091
0.016520138515644218,0.1248433154007618,0.23260927440413393,2.3867259629252292e-06,-10010.163391399788,37987.937886440493,1.6259871293667927,25.299065477313178
-0.016520138515644218,0.1248433154007618,0.23260927440413393,2.3867259629252292e-06,-10010.163391399788,37987.937886440493,1.6259871293667927,25.299065477313178
0.016520138515644218,-0.1248433154007618,0.23260927440413393,2.3867259629252292e-06,-10010.163391399788,37987.937886440493,1.6259871293667927,25.299065477313178
-0.016520138515644218,-0.1248433154007618,0.23260927440413393,2.3867259629252292e-06,-10010.163391399788,37987.937886440493,1.6259871293667927,25.299065477313178
0.070545374499064395,0.12660482813422291,0.22778970556139463,2.2569086379813328e-06,3096.2751639557741,35487.517343743057,8.4690354981368774,24.190811571173786
-0.070545374499064395,0.12660482813422291,0.22778970556139463,2.2569086379813328e-06,3096.2751639557741,35487.517343743057,8.4690354981368774,24.190811571173786
0.070545374499064395,-0.12660482813422291,0.22778970556139463,2.2569086379813328e-06,3096.2751639557741,35487.517343743057,8.4690354981368774,24.190811571173786
-0.070545374499064395,-0.12660482813422291,0.22778970556139463,2.2569086379813328e-06,3096.2751639557741,35487.517343743057,8.4690354981368774,24.190811571173786
0.056791334165049175,0.12921380827115939,0.22956450221663005,4.0085828039928323e-06,4344.0735656514953,34320.997302126169,10.514250369891592,23.763178449624665
-0.056791334165049175,0.12921380827115939,0.22956450221663005,4.0085828039928323e-06,4344.0735656514953,34320.997302126169,10.514250369891592,23.763178449624665
0.056791334165049175,-0.12921380827115939,0.22956450221663005,4.0085828039928323e-06,4344.0735656514953,34320.997302126169,10.514250369891592,23.763178449624665
-0.056791334165049175,-0.12921380827115939,0.22956450221663005,4.0085828039928323e-06,4344.0735656514953,34320.997302126169,10.514250369891592,23.763178449624665
0.016951625184512362,0.12779251654241458,0.23262974847457801,2.1558709373631873e-06,-4594.6651999874575,37079.185513275552,4.7910115571157652,21.820174401232759
-0.016951625184512362,0.12779251654241458,0.23262974847457801,2.1558709373631873e-06,-4594.6651999874575,37079.185513275552,4.7910115571157652,21.820174401232759
0.016951625184512362,-0.12779251654241458,0.23262974847457801,2.1558709373631873e-06,-4594.6651999874575,37079.185513275552,4.7910115571157652,21.820174401232759
-0.016951625184512362,-0.12779251654241458,0.23262974847457801,2.1558709373631873e-06,-4594.6651999874575,37079.185513275552,4.7910115571157652,21.820174401232759
0.013134535268236353,0.12631293504597471,0.23272057421779196,1.7068082598273717e-06,-7613.5326647235388,37686.449529559424,1.3803237118281368,22.832576311340187
-0.013134535268236353,0.12631293504597471,0.23272057421779196,1.7068082598273717e-06,-7613.5326647235388,37686.449529559424,1.3803237118281368,22.832576311340187
0.013134535268236353,-0.12631293504597471,0.23272057421779196,1.7068082598273717e-06,-7613.5326647235388,37686.449529559424,1.3803237118281368,22.832576311340187
-0.013134535268236353,-0.12631293504597471,0.23272057421779196,1.7068082598273717e-06,-7613.5326647235388,37686.449529559424,1.3803237118281368,22.832576311340187
0.029734078016365809,0.12775491030879438,0.2319861148055854,1.6641346098942476e-06,-3223.5549955704714,36589.090856538227,3.5604055026273747,23.782029798175735
-0.029734078016365809,0.12775491030879438,0.2319861148055854,1.6641346098942476e-06,-3223.5549955704714,36589.090856538227,3.5604055026273747,23.782029798175735
0.029734078016365809,-0.12775491030879438,0.2319861148055854,1.6641346098942476e-06,-3223.5549955704714,36589.090856538227,3.5604055026273747,23.782029798175735
-0.029734078016365809,-0.12775491030879438,0.2319861148055854,1.6641346098942476e-06,-3223.5549955704714,36589.090856538227,3.5604055026273747,23.782029798175735
0.034103715411666756,0.12774305556845444,0.23172896346753324,1.3098992695261414e-06,-2567.509592098806,36404.774955079018,4.2686898361172414,20.416388162249586
-0.034103715411666756,0.12774305556845444,0.23172896346753324,1.3098992695261414e-06,-2567.509592098806,36404.774955079018,4.2686898361172414,20.416388162249586
0.034103715411666756,-0.12774305556845444,0.23172896346753324,1.3098992695261414e-06,-2567.509592098806,36404.774955079018,4.2686898361172414,20.416388162249586
-0.034103715411666756,-0.12774305556845444,0.23172896346753324,1.3098992695261414e-06,-2567.509592098806,36404.774955079018,4.2686898361172414,20.416388162249586
0.027012106507846318,0.12795746144171127,0.23212902887837672,1.5742463012125905e-06,-3256.8811664040982,36630.693214277249,4.6727248178810701,23.053106697555165
-0.027012106507846318,0.12795746144171127,0.23212902887837672,1.5742463012125905e-06,-3256.8811664040982,36630.693214277249,4.6727248178810701,23.053106697555165
0.027012106507846318,-0.12795746144171127,0.23212902887837672,1.5742463012125905e-06,-3256.8811664040982,36630.693214277249,4.6727248178810701,23.053106697555165
-0.027012106507846318,-0.12795746144171127,0.23212902887837672,1.5742463012125905e-06,-3256.8811664040982,36630.693214277249,4.6727248178810701,23.053106697555165
0,0.069124791771173477,0.23286362737417221,6.8139116911260642e-06,-78184.298483985462,-9768.7033249319211,-154.88886308192104,-2.1669127192431441
-0,0.069124791771173477,0.23286362737417221,6.8139116911260642e-06,-78184.298483985462,-9768.7033249319211,-154.88886308192104,-2.1669127192431441
0,-0.069124791771173477,0.23286362737417221,6.8139116911260642e-06,-78184.298483985462,-9768.7033249319211,-154.88886308192104,-2.1669127192431441
-0,-0.069124791771173477,0.23286362737417221,6.8139116911260642e-06,-78184.298483985462,-9768.7033249319211,-154.88886308192104,-2.1669127192431441
0.062800582446966333,0.12974500308498965,0.22878614261804581,1.0676325705904594e-06,6515.4558767264762,33549.162374664658,12.075932495921545,24.953373584014539
-0.062800582446966333,0.12974500308498965,0.22878614261804581,1.0676325705904594e-06,6515.4558767264762,33549.162374664658,12.075932495921545,24.953373584014539
0.062800582446966333,-0.12974500308498965,0.22878614261804581,1.0676325705904594e-06,6515.4558767264762,33549.162374664658,12.075932495921545,24.953373584014539
-0.062800582446966333,-0.12974500308498965,0.22878614261804581,1.0676325705904594e-06,6515.4558767264762,33549.162374664658,12.075932495921545,24.953373584014539
0.046878929282793788,0.12503858194321196,0.23062883474193235,3.9136153804977839e-06,-5014.1136706842099,36990.852985363141,5.5742665940032454,25.584130466316235
-0.046878929282793788,0.12503858194321196,0.23062883474193235,3.9136153804977839e-06,-5014.1136706842099,36990.852985363141,5.5742665940032454,25.584130466316235
0.046878929282793788,-0.12503858194321196,0.23062883474193235,3.9136153804977839e-06,-5014.1136706842099,36990.852985363141,5.5742665940032454,25.584130466316235
-0.046878929282793788,-0.12503858194321196,0.23062883474193235,3.9136153804977839e-06,-5014.1136706842099,36990.852985363141,5.5742665940032454,25.584130466316235
0,0.11824579238348706,0.23287250455330405,4.8512735597265509e-06,-23618.101095787286,37621.066769155907,-15.222583163316356,39.945024430111026
-0,0.11824579238348706,0.23287250455330405,4.8512735597265509e-06,-23618.101095787286,37621.066769155907,-15.222583163316356,39.945024430111026
0,-0.11824579238348706,0.23287250455330405,4.8512735597265509e-06,-23618.101095787286,37621.066769155907,-15.222583163316356,39.945024430111026
-0,-0.11824579238348706,0.23287250455330405,4.8512735597265509e-06,-23618.101095787286,37621.066769155907,-15.222583163316356,39.945024430111026
0,0.10936442017555237,0.23290139436721802,5.7480130333375011e-06,-40026.110455051639,32192.881446544132,-49.282318721911352,55.506430509605195
-0,0.10936442017555237,0.23290139436721802,5.7480130333375011e-06,-40026.110455051639,32192.881446544132,-49.282318721911352,55.506430509605195
0,-0.10936442017555237,0.23290139436721802,5.7480130333375011e-06,-40026.110455051639,32192.881446544132,-49.282318721911352,55.506430509605195
-0,-0.10936442017555237,0.23290139436721802,5.7480130333375011e-06,-40026.110455051639,32192.881446544132,-49.282318721911352,55.506430509605195
0.044201356517418654,0.12777057945043982,0.23086874492733339,1.1009926420716411e-06,-752.34161271635378,35895.229745201243,5.6806348158218967,23.024859991680696
-0.044201356517418654,0.12777057945043982,0.23086874492733339,1.1009926420716411e-06,-752.34161271635378,35895.229745201243,5.6806348158218967,23.024859991680696
0.044201356517418654,-0.12777057945043982,0.23086874492733339,1.1009926420716411e-06,-752.34161271635378,35895.229745201243,5.6806348158218967,23.024859991680696
-0.044201356517418654,-0.12777057945043982,0.23086874492733339,1.1009926420716411e-06,-752.34161271635378,35895.229745201243,5.6806348158218967,23.024859991680696
0.06301443897389028,0.12826451645311915,0.22878217382787755,1.300732649689678e-06,4112.4964926049215,34640.503600904231,7.6113694707734529,20.930089321623889
-0.06301443897389028,0.12826451645311915,0.22878217382787755,1.300732649689678e-06,4112.4964926049215,34640.503600904231,7.6113694707734529,20.930089321623889
0.06301443897389028,-0.12826451645311915,0.22878217382787755,1.300732649689678e-06,4112.4964926049215,34640.503600904231,7.6113694707734529,20.930089321623889
-0.06301443897389028,-0.12826451645311915,0.22878217382787755,1.300732649689678e-06,4112.4964926049215,34640.503600904231,7.6113694707734529,20.930089321623889
0.073573958825907365,0.12650880828980682,0.22732263304951278,1.5545374994031014e-06,3622.6008271689052,35488.197410151821,8.6638614934256921,24.94428231723705
-0.073573958825907365,0.12650880828980682,0.22732263304951278,1.5545374994031014e-06,3622.6008271689052,35488.197410151821,8.6638614934256921,24.94428231723705
0.073573958825907365,-0.12650880828980682,0.22732263304951278,1.5545374994031014e-06,3622.6008271689052,35488.197410151821,8.6638614934256921,24.94428231723705
-0.073573958825907365,-0.12650880828980682,0.22732263304951278,1.5545374994031014e-06,3622.6008271689052,35488.197410151821,8.6638614934256921,24.94428231723705
0.0044004700738551252,0.12937260559113392,0.23287321773490205,9.7830716394058568e-07,-2453.4825262491304,36605.614510956912,8.2357270856449762,25.473475237892838
-0.0044004700738551252,0.12937260559113392,0.23287321773490205,9.7830716394058568e-07,-2453.4825262491304,36605.614510956912,8.2357270856449762,25.473475237892838
0.0044004700738551252,-0.12937260559113392,0.23287321773490205,9.7830716394058568e-07,-2453.4825262491304,36605.614510956912,8.2357270856449762,25.473475237892838
-0.0044004700738551252,-0.12937260559113392,0.23287321773490205,9.7830716394058568e-07,-2453.4825262491304,36605.614510956912,8.2357270856449762,25.473475237892838
0.075102448869570196,0.12794595791092525,0.22707700123309021,1.8284212515198623e-06,6303.0063119690185,34410.956000121339,10.252999879798288,23.786146778294995
-0.075102448869570196,0.12794595791092525,0.22707700123309021,1.8284212515198623e-06,6303.0063119690185,34410.956000121339,10.252999879798288,23.786146778294995
0.075102448869570196,-0.12794595791092525,0.22707700123309021,1.8284212515198623e-06,6303.0063119690185,34410.956000121339,10.252999879798288,23.786146778294995
-0.075102448869570196,-0.12794595791092525,0.22707700123309021,1.8284212515198623e-06,6303.0063119690185,34410.956000121339,10.252999879798288,23.786146778294995
0.061744879693833486,0.12671943167478947,0.22895940880078722,1.437641200018778e-06,1225.4694483110843,35667.351418421204,5.9842195668547893,22.442517621788983
-0.061744879693833486,0.12671943167478947,0.22895940880078722,1.437641200018778e-06,1225.4694483110843,35667.351418421204,5.9842195668547893,22.442517621788983
0.061744879693833486,-0.12671943167478947,0.22895940880078722,1.437641200018778e-06,1225.4694483110843,35667.351418421204,5.9842195668547893,22.442517621788983
-0.061744879693833486,-0.12671943167478947,0.22895940880078722,1.437641200018778e-06,1225.4694483110843,35667.351418421204,5.9842195668547893,22.442517621788983
0.15696900187419341,0.036435084183047299,0.21500419618310623,2.3999657870099036e-05,-37183.605969385884,55525.604288166222,-58.405321324949092,109.58626170085813
-0.15696900187419341,0.036435084183047299,0.21500419618310623,2.3999657870099036e-05,-37183.605969385884,55525.604288166222,-58.405321324949092,109.58626170085813
0.15696900187419341,-0.036435084183047299,0.21500419618310623,2.3999657870099036e-05,-37183.605969385884,55525.604288166222,-58.405321324949092,109.58626170085813
-0.15696900187419341,-0.036435084183047299,0.21500419618310623,2.3999657870099036e-05,-37183.605969385884,55525.604288166222,-58.405321324949092,109.58626170085813
0.16633573853665287,0.039488138131297194,0.21355479420133067,2.8971178959132348e-05,-24777.472129724843,58109.920271569725,-26.050032804089799,106.23966423550668
-0.16633573853665287,0.039488138131297194,0.21355479420133067,2.8971178959132348e-05,-24777.472129724843,58109.920271569725,-26.050032804089799,106.23966423550668
0.16633573853665287,-0.039488138131297194,0.21355479420133067,2.8971178959132348e-05,-24777.472129724843,58109.920271569725,-26.050032804089799,106.23966423550668
-0.16633573853665287,-0.039488138131297194,0.21355479420133067,2.8971178959132348e-05,-24777.472129724843,58109.920271569725,-26.050032804089799,106.23966423550668
0.17590160404189412,0.042631986680687316,0.21181075303948166,2.2101553392237072e-05,-11327.136050243404,56934.238468506046,-3.373930824656024,97.702298658688122
-0.17590160404189412,0.042631986680687316,0.21181075303948166,2.2101553392237072e-05,-11327.136050243404,56934.238468506046,-3.373930824656024,97.702298658688122
0.17590160404189412,-0.042631986680687316,0.21181075303948166,2.2101553392237072e-05,-11327.136050243404,56934.238468506046,-3.373930824656024,97.702298658688122
-0.17590160404189412,-0.042631986680687316,0.21181075303948166,2.2101553392237072e-05,-11327.136050243404,56934.238468506046,-3.373930824656024,97.702298658688122
0.18571428954601288,0.044773217290639877,0.20973937958478928,3.1900874000242516e-05,2952.9302769136521,51631.074761504417,23.134391854058762,83.898599184286411
-0.18571428954601288,0.044773217290639877,0.20973937958478928,3.1900874000242516e-05,2952.9302769136521,51631.074761504417,23.134391854058762,83.898599184286411
0.18571428954601288,-0.044773217290639877,0.20973937958478928,3.1900874000242516e-05,2952.9302769136521,51631.074761504417,23.134391854058762,83.898599184286411
-0.18571428954601288,-0.044773217290639877,0.20973937958478928,3.1900874000242516e-05,2952.9302769136521,51631.074761504417,23.134391854058762,83.898599184286411
0.19475090131166525,0.047711680579864968,0.20745450695039266,2.5229286451257258e-05,15857.985207383621,41996.385307108532,44.366029245523229,55.658003621327467
-0.19475090131166525,0.047711680579864968,0.20745450695039266,2.5229286451257258e-05,15857.985207383621,41996.385307108532,44.366029245523229,55.658003621327467
0.19475090131166525,-0.047711680579864968,0.20745450695039266,2.5229286451257258e-05,15857.985207383621,41996.385307108532,44.366029245523229,55.658003621327467
-0.19475090131166525,-0.047711680579864968,0.20745450695039266,2.5229286451257258e-05,15857.985207383621,41996.385307108532,44.366029245523229,55.658003621327467
0.064201901847117826,0.12961563478431737,0.22859226023582563,6.3202795973283399e-07,6600.3926923802283,33580.456833861637,14.356221433186009,28.076119858912005
-0.064201901847117826,0.12961563478431737,0.22859226023582563,6.3202795973283399e-07,6600.3926923802283,33580.456833861637,14.356221433186009,28.076119858912005
0.064201901847117826,-0.12961563478431737,0.22859226023582563,6.3202795973283399e-07,6600.3926923802283,33580.456833861637,14.356221433186009,28.076119858912005
-0.064201901847117826,-0.12961563478431737,0.22859226023582563,6.3202795973283399e-07,6600.3926923802283,33580.456833861637,14.356221433186009,28.076119858912005
0.037772704815991341,0.12669446417234198,0.2314349877131946,1.3697416425941382e-06,-3838.6799342907848,36697.633824483484,2.8453360826715559,21.57767628542598
-0.037772704815991341,0.12669446417234198,0.2314349877131946,1.3697416425941382e-06,-3838.6799342907848,36697.633824483484,2.8453360826715559,21.57767628542598
0.037772704815991341,-0.12669446417234198,0.2314349877131946,1.3697416425941382e-06,-3838.6799342907848,36697.633824483484,2.8453360826715559,21.57767628542598
-0.037772704815991341,-0.12669446417234198,0.2314349877131946,1.3697416425941382e-06,-3838.6799342907848,36697.633824483484,2.8453360826715559,21.57767628542598
0.15944326574840326,0.10906322661437377,0.20960989617361148,1.1967250690304182e-05,3975.7334331562733,43975.676112634857,24.677166890832016,69.972010787939524
-0.15944326574840326,0.10906322661437377,0.20960989617361148,1.1967250690304182e-05,3975.7334331562733,43975.676112634857,24.677166890832016,69.972010787939524
0.15944326574840326,-0.10906322661437377,0.20960989617361148,1.1967250690304182e-05,3975.7334331562733,43975.676112634857,24.677166890832016,69.972010787939524
-0.15944326574840326,-0.10906322661437377,0.20960989617361148,1.1967250690304182e-05,3975.7334331562733,43975.676112634857,24.677166890832016,69.972010787939524
0.065805418373407754,0.12805830833473475,0.22846340279226426,9.5633063364116022e-07,4354.2075149647262,34673.973561471539,6.7090386145332666,21.259675804538663
-0.065805418373407754,0.12805830833473475,0.22846340279226426,9.5633063364116022e-07,4354.2075149647262,34673.973561471539,6.7090386145332666,21.259675804538663
0.065805418373407754,-0.12805830833473475,0.22846340279226426,9.5633063364116022e-07,4354.2075149647262,34673.973561471539,6.7090386145332666,21.259675804538663
-0.065805418373407754,-0.12805830833473475,0.22846340279226426,9.5633063364116022e-07,4354.2075149647262,34673.973561471539,6.7090386145332666,21.259675804538663
0.026055757904131067,0.12932933842157146,0.23217939606508822,9.9053555753690835e-07,-923.4010896160737,35983.960346438362,8.0989758628305371,27.675523141249112
-0.026055757904131067,0.12932933842157146,0.23217939606508822,9.9053555753690835e-07,-923.4010896160737,35983.960346438362,8.0989758628305371,27.675523141249112
0.026055757904131067,-0.12932933842157146,0.23217939606508822,9.9053555753690835e-07,-923.4010896160737,35983.960346438362,8.0989758628305371,27.675523141249112
-0.026055757904131067,-0.12932933842157146,0.23217939606508822,9.9053555753690835e-07,-923.4010896160737,35983.960346438362,8.0989758628305371,27.675523141249112
0.14424477840400066,0.068881217206362033,0.21668917137878349,3.6739020166525712e-05,-37309.456537680431,52540.48341248589,-59.189803433988246,104.81980372134589
-0.14424477840400066,0.068881217206362033,0.21668917137878349,3.6739020166525712e-05,-37309.456537680431,52540.48341248589,-59.189803433988246,104.81980372134589
0.14424477840400066,-0.068881217206362033,0.21668917137878349,3.6739020166525712e-05,-37309.456537680431,52540.48341248589,-59.189803433988246,104.81980372134589
-0.14424477840400066,-0.068881217206362033,0.21668917137878349,3.6739020166525712e-05,-37309.456537680431,52540.48341248589,-59.189803433988246,104.81980372134589
0.059363276034146081,0.1285689754525097,0.22900165201492118,1.6232612106069945e-07,3737.5341819472278,34633.461046765733,16.883191124609418,56.33833248078863
-0.059363276034146081,0.1285689754525097,0.22900165201492118,1.6232612106069945e-07,3737.5341819472278,34633.461046765733,16.883191124609418,56.33833248078863
0.059363276034146081,-0.1285689754525097,0.22900165201492118,1.6232612106069945e-07,3737.5341819472278,34633.461046765733,16.883191124609418,56.33833248078863
-0.059363276034146081,-0.1285689754525097,0.22900165201492118,1.6232612106069945e-07,3737.5341819472278,34633.461046765733,16.883191124609418,56.33833248078863
0.035677991420715101,0.12923237358919901,0.23161841709198699,8.72255285613494e-07,295.40179627502323,35554.730421449109,8.4441818417924051,21.343139600556849
-0.035677991420715101,0.12923237358919901,0.23161841709198699,8.72255285613494e-07,295.40179627502323,35554.730421449109,8.4441818417924051,21.343139600556849
0.035677991420715101,-0.12923237358919901,0.23161841709198699,8.72255285613494e-07,295.40179627502323,35554.730421449109,8.4441818417924051,21.343139600556849
-0.035677991420715101,-0.12923237358919901,0.23161841709198699,8.72255285613494e-07,295.40179627502323,35554.730421449109,8.4441818417924051,21.343139600556849
0.0016032287325004925,0.12937409126111243,0.23292324031570161,7.6496237747604129e-07,-2483.6397728301222,36608.600017343466,7.4451078232298364,27.351979784942781
-0.0016032287325004925,0.12937409126111243,0.23292324031570161,7.6496237747604129e-07,-2483.6397728301222,36608.600017343466,7.4451078232298364,27.351979784942781
0.0016032287325004925,-0.12937409126111243,0.23292324031570161,7.6496237747604129e-07,-2483.6397728301222,36608.600017343466,7.4451078232298364,27.351979784942781
-0.0016032287325004925,-0.12937409126111243,0.23292324031570161,7.6496237747604129e-07,-2483.6397728301222,36608.600017343466,7.4451078232298364,27.351979784942781
0.04045998727869779,0.12647055388990816,0.23119966971544031,1.3981729255469207e-06,-3718.8362441389122,36670.086171954725,4.2656811616392289,22.741156883306221
-0.04045998727869779,0.12647055388990816,0.23119966971544031,1.3981729255469207e-06,-3718.8362441389122,36670.086171954725,4.2656811616392289,22.741156883306221
0.04045998727869779,-0.12647055388990816,0.23119966971544031,1.3981729255469207e-06,-3718.8362441389122,36670.086171954725,4.2656811616392289,22.741156883306221
-0.04045998727869779,-0.12647055388990816,0.23119966971544031,1.3981729255469207e-06,-3718.8362441389122,36670.086171954725,4.2656811616392289,22.741156883306221
0.00097686538163819169,0.12823004211659556,0.23292994752342477,1.3959064623063574e-06,-4546.4534771564331,37147.938044364695,5.31071214703453,20.661176257724708
-0.00097686538163819169,0.12823004211659556,0.23292994752342477,1.3959064623063574e-06,-4546.4534771564331,37147.938044364695,5.31071214703453,20.661176257724708
0.00097686538163819169,-0.12823004211659556,0.23292994752342477,1.3959064623063574e-06,-4546.4534771564331,37147.938044364695,5.31071214703453,20.661176257724708
-0.00097686538163819169,-0.12823004211659556,0.23292994752342477,1.3959064623063574e-06,-4546.4534771564331,37147.938044364695,5.31071214703453,20.661176257724708
0.017830377326809449,0.12541061018056299,0.2325702832819824,1.6436737152453932e-06,-8840.3136924784212,37830.029367342344,2.160403059230819,22.866810165174417
-0.017830377326809449,0.12541061018056299,0.2325702832819824,1.6436737152453932e-06,-8840.3136924784212,37830.029367342344,2.160403059230819,22.866810165174417
0.017830377326809449,-0.12541061018056299,0.2325702832819824,1.6436737152453932e-06,-8840.3136924784212,37830.029367342344,2.160403059230819,22.866810165174417
-0.017830377326809449,-0.12541061018056299,0.2325702832819824,1.6436737152453932e-06,-8840.3136924784212,37830.029367342344,2.160403059230819,22.866810165174417
0.0022822597490779932,0.12832131037694805,0.232907524856414,1.3916180361991848e-06,-4380.1999662369099,37105.373634483243,5.1115699556541481,21.464469236650249
-0.0022822597490779932,0.12832131037694805,0.232907524856414,1.3916180361991848e-06,-4380.1999662369099,37105.373634483243,5.1115699556541481,21.464469236650249
0.0022822597490779932,-0.12832131037694805,0.232907524856414,1.3916180361991848e-06,-4380.1999662369099,37105.373634483243,5.1115699556541481,21.464469236650249
-0.0022822597490779932,-0.12832131037694805,0.232907524856414,1.3916180361991848e-06,-4380.1999662369099,37105.373634483243,5.1115699556541481,21.464469236650249
0.19509762722108967,0.1246179634918211,0.19360677783552221,3.2309578753166524e-05,19795.495221021487,8199.17610018101,45.827857638873333,1.0281928099007167
-0.19509762722108967,0.1246179634918211,0.19360677783552221,3.2309578753166524e-05,19795.495221021487,8199.17610018101,45.827857638873333,1.0281928099007167
0.19509762722108967,-0.1246179634918211,0.19360677783552221,3.2309578753166524e-05,19795.495221021487,8199.17610018101,45.827857638873333,1.0281928099007167
-0.19509762722108967,-0.1246179634918211,0.19360677783552221,3.2309578753166524e-05,19795.495221021487,8199.17610018101,45.827857638873333,1.0281928099007167
0.0072003631490935071,0.12917284973364784,0.23282486261146429,7.2364298975815392e-07,-2742.4312525921182,36670.571131553275,7.8537989230099772,29.38222663515683
-0.0072003631490935071,0.12917284973364784,0.23282486261146429,7.2364298975815392e-07,-2742.4312525921182,36670.571131553275,7.8537989230099772,29.38222663515683
0.0072003631490935071,-0.12917284973364784,0.23282486261146429,7.2364298975815392e-07,-2742.4312525921182,36670.571131553275,7.8537989230099772,29.38222663515683
-0.0072003631490935071,-0.12917284973364784,0.23282486261146429,7.2364298975815392e-07,-2742.4312525921182,36670.571131553275,7.8537989230099772,29.38222663515683
0.036189547117605705,0.12653313345651718,0.23156950090702039,2.9753850697022279e-06,-4381.0122979297303,36834.948332836932,3.5858404920193143,22.740223063673319
-0.036189547117605705,0.12653313345651718,0.23156950090702039,2.9753850697022279e-06,-4381.0122979297303,36834.948332836932,3.5858404920193143,22.740223063673319
0.036189547117605705,-0.12653313345651718,0.23156950090702039,2.9753850697022279e-06,-4381.0122979297303,36834.948332836932,3.5858404920193143,22.740223063673319
-0.036189547117605705,-0.12653313345651718,0.23156950090702039,2.9753850697022279e-06,-4381.0122979297303,36834.948332836932,3.5858404920193143,22.740223063673319
0.065799709585012287,0.0067835803084562926,0.22846409617126545,2.3035641971333371e-05,-82995.604059219273,-21539.195686184503,-210.13442325503021,-38.468839481379234
-0.065799709585012287,0.0067835803084562926,0.22846409617126545,2.3035641971333371e-05,-82995.604059219273,-21539.195686184503,-210.13442325503021,-38.468839481379234
0.065799709585012287,-0.0067835803084562926,0.22846409617126545,2.3035641971333371e-05,-82995.604059219273,-21539.195686184503,-210.13442325503021,-38.468839481379234
-0.065799709585012287,-0.0067835803084562926,0.22846409617126545,2.3035641971333371e-05,-82995.604059219273,-21539.195686184503,-210.13442325503021,-38.468839481379234
0.0035958511041072911,0.12846605772691036,0.23288821932821022,1.1525377141802071e-06,-4114.0574942239064,37033.969431155951,4.3314365580932863,21.26766025915289
-0.0035958511041072911,0.12846605772691036,0.23288821932821022,1.1525377141802071e-06,-4114.0574942239064,37033.969431155951,4.3314365580932863,21.26766025915289
0.0035958511041072911,-0.12846605772691036,0.23288821932821022,1.1525377141802071e-06,-4114.0574942239064,37033.969431155951,4.3314365580932863,21.26766025915289
-0.0035958511041072911,-0.12846605772691036,0.23288821932821022,1.1525377141802071e-06,-4114.0574942239064,37033.969431155951,4.3314365580932863,21.26766025915289
0.038080005590481115,0.12885673710626261,0.2312219612701954,3.0882882741976811e-07,-69.321512912999452,35671.293530224721,18.99060871202224,57.240355378499295
-0.038080005590481115,0.12885673710626261,0.2312219612701954,3.0882882741976811e-07,-69.321512912999452,35671.293530224721,18.99060871202224,57.240355378499295
0.038080005590481115,-0.12885673710626261,0.2312219612701954,3.0882882741976811e-07,-69.321512912999452,35671.293530224721,18.99060871202224,57.240355378499295
-0.038080005590481115,-0.12885673710626261,0.2312219612701954,3.0882882741976811e-07,-69.321512912999452,35671.293530224721,18.99060871202224,57.240355378499295
0.040607504106272056,0.12930373480704443,0.2311867513539953,7.0370930734151746e-07,1250.4106288536445,35226.578921463937,10.1273256134468,24.688055902428722
-0.040607504106272056,0.12930373480704443,0.2311867513539953,7.0370930734151746e-07,1250.4106288536445,35226.578921463937,10.1273256134468,24.688055902428722
0.040607504106272056,-0.12930373480704443,0.2311867513539953,7.0370930734151746e-07,1250.4106288536445,35226.578921463937,10.1273256134468,24.688055902428722
-0.040607504106272056,-0.12930373480704443,0.2311867513539953,7.0370930734151746e-07,1250.4106288536445,35226.578921463937,10.1273256134468,24.688055902428722
0.060620218826508213,0.12789105753382488,0.22909679078316048,1.2194924977703745e-06,2931.2869225788218,35003.203871799145,7.5936553916462133,23.158857245673435
-0.060620218826508213,0.12789105753382488,0.22909679078316048,1.2194924977703745e-06,2931.2869225788218,35003.203871799145,7.5936553916462133,23.158857245673435
0.060620218826508213,-0.12789105753382488,0.22909679078316048,1.2194924977703745e-06,2931.2869225788218,35003.203871799145,7.5936553916462133,23.158857245673435
-0.060620218826508213,-0.12789105753382488,0.22909679078316048,1.2194924977703745e-06,2931.2869225788218,35003.203871799145,7.5936553916462133,23.158857245673435
0.017819580604277005,0.12662194409483041,0.23258526976932067,1.4405944382017698e-06,-6618.6067805674393,37481.732849493361,2.4414763881149391,19.791379933942856
-0.017819580604277005,0.12662194409483041,0.23258526976932067,1.4405944382017698e-06,-6618.6067805674393,37481.732849493361,2.4414763881149391,19.791379933942856
0.017819580604277005,-0.12662194409483041,0.23258526976932067,1.4405944382017698e-06,-6618.6067805674393,37481.732849493361,2.4414763881149391,19.791379933942856
-0.017819580604277005,-0.12662194409483041,0.23258526976932067,1.4405944382017698e-06,-6618.6067805674393,37481.732849493361,2.4414763881149391,19.791379933942856
0.043272146437179283,0.12938028814128782,0.23095341493001834,6.694915798436579e-07,1872.2551507844876,35012.716342116553,11.2609082572668,29.635806027284065
-0.043272146437179283,0.12938028814128782,0.23095341493001834,6.694915798436579e-07,1872.2551507844876,35012.716342116553,11.2609082572668,29.635806027284065
0.043272146437179283,-0.12938028814128782,0.23095341493001834,6.694915798436579e-07,1872.2551507844876,35012.716342116553,11.2609082572668,29.635806027284065
-0.043272146437179283,-0.12938028814128782,0.23095341493001834,6.694915798436579e-07,1872.2551507844876,35012.716342116553,11.2609082572668,29.635806027284065
0.065626862839049366,0.12664720139990202,0.22847710080947389,5.5695598501891101e-06,2019.8164292182116,35583.524999314737,7.0557016482900279,24.564294608796054
-0.065626862839049366,0.12664720139990202,0.22847710080947389,5.5695598501891101e-06,2019.8164292182116,35583.524999314737,7.0557016482900279,24.564294608796054
0.065626862839049366,-0.12664720139990202,0.22847710080947389,5.5695598501891101e-06,2019.8164292182116,35583.524999314737,7.0557016482900279,24.564294608796054
-0.065626862839049366,-0.12664720139990202,0.22847710080947389,5.5695598501891101e-06,2019.8164292182116,35583.524999314737,7.0557016482900279,24.564294608796054
0.041466847440272549,0.052931446555920407,0.23111149468308612,2.7576251430763337e-05,-80628.411882323417,-15605.414182535218,-184.32256349924947,-17.669770268871833
-0.041466847440272549,0.052931446555920407,0.23111149468308612,2.7576251430763337e-05,-80628.411882323417,-15605.414182535218,-184.32256349924947,-17.669770268871833
0.041466847440272549,-0.052931446555920407,0.23111149468308612,2.7576251430763337e-05,-80628.411882323417,-15605.414182535218,-184.32256349924947,-17.669770268871833
-0.041466847440272549,-0.052931446555920407,0.23111149468308612,2.7576251430763337e-05,-80628.411882323417,-15605.414182535218,-184.32256349924947,-17.669770268871833
0.19467909732408659,0.0026053225566318844,0.20942092277411312,4.1777911029825592e-06,17787.191045892669,43756.433038622614,34.220060021361839,48.650981310078748
-0.19467909732408659,0.0026053225566318844,0.20942092277411312,4.1777911029825592e-06,17787.191045892669,43756.433038622614,34.220060021361839,48.650981310078748
0.19467909732408659,-0.0026053225566318844,0.20942092277411312,4.1777911029825592e-06,17787.191045892669,43756.433038622614,34.220060021361839,48.650981310078748
-0.19467909732408659,-0.0026053225566318844,0.20942092277411312,4.1777911029825592e-06,17787.191045892669,43756.433038622614,34.220060021361839,48.650981310078748
0.059498546350612767,0.12932476534407691,0.2292338079881332,6.7598552418204196e-07,5121.9339751321804,34060.123663885068,10.452919943968382,22.824190054886419
-0.059498546350612767,0.12932476534407691,0.2292338079881332,6.7598552418204196e-07,5121.9339751321804,34060.123663885068,10.452919943968382,22.824190054886419
0.059498546350612767,-0.12932476534407691,0.2292338079881332,6.7598552418204196e-07,5121.9339751321804,34060.123663885068,10.452919943968382,22.824190054886419
-0.059498546350612767,-0.12932476534407691,0.2292338079881332,6.7598552418204196e-07,5121.9339751321804,34060.123663885068,10.452919943968382,22.824190054886419
0.14113149791955948,0.12380952388048172,0.21289524435997009,4.0649406613003355e-05,13596.617509547912,35455.156070252604,34.191553361029591,42.186801646171908
-0.14113149791955948,0.12380952388048172,0.21289524435997009,4.0649406613003355e-05,13596.617509547912,35455.156070252604,34.191553361029591,42.186801646171908
0.14113149791955948,-0.12380952388048172,0.21289524435997009,4.0649406613003355e-05,13596.617509547912,35455.156070252604,34.191553361029591,42.186801646171908
-0.14113149791955948,-0.12380952388048172,0.21289524435997009,4.0649406613003355e-05,13596.617509547912,35455.156070252604,34.191553361029591,42.186801646171908
0.063731180822244854,0.12894744841175476,0.22871677821862763,7.0643922475209168e-07,5402.5863634000934,34113.829564049694,9.076764641298567,22.013940891466074
-0.063731180822244854,0.12894744841175476,0.22871677821862763,7.0643922475209168e-07,5402.5863634000934,34113.829564049694,9.076764641298567,22.013940891466074
0.063731180822244854,-0.12894744841175476,0.22871677821862763,7.0643922475209168e-07,5402.5863634000934,34113.829564049694,9.076764641298567,22.013940891466074
-0.063731180822244854,-0.12894744841175476,0.22871677821862763,7.0643922475209168e-07,5402.5863634000934,34113.829564049694,9.076764641298567,22.013940891466074
0.061028601533932192,0.12719602261890836,0.22904690487283885,6.8958214631681982e-07,1852.5874418071853,35418.048897581939,5.8862155222360224,21.16396815516206
-0.061028601533932192,0.12719602261890836,0.22904690487283885,6.8958214631681982e-07,1852.5874418071853,35418.048897581939,5.8862155222360224,21.16396815516206
0.061028601533932192,-0.12719602261890836,0.22904690487283885,6.8958214631681982e-07,1852.5874418071853,35418.048897581939,5.8862155222360224,21.16396815516206
-0.061028601533932192,-0.12719602261890836,0.22904690487283885,6.8958214631681982e-07,1852.5874418071853,35418.048897581939,5.8862155222360224,21.16396815516206
7.9321641211964637e-05,0.12822275628911692,0.23292985356263882,3.9251754083504202e-07,-4612.9384218509649,37158.218468164261,3.264674506284893,14.563529331085752
-7.9321641211964637e-05,0.12822275628911692,0.23292985356263882,3.9251754083504202e-07,-4612.9384218509649,37158.218468164261,3.264674506284893,14.563529331085752
7.9321641211964637e-05,-0.12822275628911692,0.23292985356263882,3.9251754083504202e-07,-4612.9384218509649,37158.218468164261,3.264674506284893,14.563529331085752
-7.9321641211964637e-05,-0.12822275628911692,0.23292985356263882,3.9251754083504202e-07,-4612.9384218509649,37158.218468164261,3.264674506284893,14.563529331085752
0.082365981817178247,0.12430828454713218,0.2259723490518214,6.4297585226909425e-06,2058.4551390911188,36795.139524717481,7.6076135328448098,31.220258121875109
-0.082365981817178247,0.12430828454713218,0.2259723490518214,6.4297585226909425e-06,2058.4551390911188,36795.139524717481,7.6076135328448098,31.220258121875109
0.082365981817178247,-0.12430828454713218,0.2259723490518214,6.4297585226909425e-06,2058.4551390911188,36795.139524717481,7.6076135328448098,31.220258121875109
-0.082365981817178247,-0.12430828454713218,0.2259723490518214,6.4297585226909425e-06,2058.4551390911188,36795.139524717481,7.6076135328448098,31.220258121875109
0.082614794373512268,0.074285715818405151,0.22601218521595001,3.8843722373437042e-05,-63720.001735194339,17233.952714934494,-141.75306932668821,57.022351652157397
-0.082614794373512268,0.074285715818405151,0.22601218521595001,3.8843722373437042e-05,-63720.001735194339,17233.952714934494,-141.75306932668821,57.022351652157397
0.082614794373512268,-0.074285715818405151,0.22601218521595001,3.8843722373437042e-05,-63720.001735194339,17233.952714934494,-141.75306932668821,57.022351652157397
-0.082614794373512268,-0.074285715818405151,0.22601218521595001,3.8843722373437042e-05,-63720.001735194339,17233.952714934494,-141.75306932668821,57.022351652157397
0.041239683601399152,0.12870299133103896,0.23113139310215536,6.8341648914734422e-07,318.78041737374633,35537.519685830266,6.2960449270527654,20.950305739810702
-0.041239683601399152,0.12870299133103896,0.23113139310215536,6.8341648914734422e-07,318.78041737374633,35537.519685830266,6.2960449270527654,20.950305739810702
0.041239683601399152,-0.12870299133103896,0.23113139310215536,6.8341648914734422e-07,318.78041737374633,35537.519685830266,6.2960449270527654,20.950305739810702
-0.041239683601399152,-0.12870299133103896,0.23113139310215536,6.8341648914734422e-07,318.78041737374633,35537.519685830266,6.2960449270527654,20.950305739810702
0.078960304929576036,0.12518512847727967,0.22649730642548282,6.7722049372467938e-06,2722.2041039485339,36236.286989308777,8.1562276144156893,30.262112381506633
-0.078960304929576036,0.12518512847727967,0.22649730642548282,6.7722049372467938e-06,2722.2041039485339,36236.286989308777,8.1562276144156893,30.262112381506633
0.078960304929576036,-0.12518512847727967,0.22649730642548282,6.7722049372467938e-06,2722.2041039485339,36236.286989308777,8.1562276144156893,30.262112381506633
-0.078960304929576036,-0.12518512847727967,0.22649730642548282,6.7722049372467938e-06,2722.2041039485339,36236.286989308777,8.1562276144156893,30.262112381506633
0.037139974540776673,0.12748088906388455,0.23149039450249648,1.5000060235079529e-06,-2559.32348942316,36396.335556727405,5.5273360829664142,21.56087576747786
-0.037139974540776673,0.12748088906388455,0.23149039450249648,1.5000060235079529e-06,-2559.32348942316,36396.335556727405,5.5273360829664142,21.56087576747786
0.037139974540776673,-0.12748088906388455,0.23149039450249648,1.5000060235079529e-06,-2559.32348942316,36396.335556727405,5.5273360829664142,21.56087576747786
-0.037139974540776673,-0.12748088906388455,0.23149039450249648,1.5000060235079529e-06,-2559.32348942316,36396.335556727405,5.5273360829664142,21.56087576747786
0.036205546647481872,0.12848421243051572,0.23157222021434637,7.5881557271357326e-07,-947.93398570172701,35945.372452727519,5.7373433264692926,19.653143682778403
-0.036205546647481872,0.12848421243051572,0.23157222021434637,7.5881557271357326e-07,-947.93398570172701,35945.372452727519,5.7373433264692926,19.653143682778403
0.036205546647481872,-0.12848421243051572,0.23157222021434637,7.5881557271357326e-07,-947.93398570172701,35945.372452727519,5.7373433264692926,19.653143682778403
-0.036205546647481872,-0.12848421243051572,0.23157222021434637,7.5881557271357326e-07,-947.93398570172701,35945.372452727519,5.7373433264692926,19.653143682778403
0.049799392512137393,0.12069608946120235,0.23031912780140257,1.3628849909174316e-05,-12357.580299912945,37836.760816586706,-2.8529701997096244,40.207683330491683
-0.049799392512137393,0.12069608946120235,0.23031912780140257,1.3628849909174316e-05,-12357.580299912945,37836.760816586706,-2.8529701997096244,40.207683330491683
0.049799392512137393,-0.12069608946120235,0.23031912780140257,1.3628849909174316e-05,-12357.580299912945,37836.760816586706,-2.8529701997096244,40.207683330491683
-0.049799392512137393,-0.12069608946120235,0.23031912780140257,1.3628849909174316e-05,-12357.580299912945,37836.760816586706,-2.8529701997096244,40.207683330491683
0.072198323350663618,0.12910251177848059,0.2273812739045028,9.0703069133916026e-07,7495.8923433046666,33612.305505650162,15.397353947954008,30.596533395218781
-0.072198323350663618,0.12910251177848059,0.2273812739045028,9.0703069133916026e-07,7495.8923433046666,33612.305505650162,15.397353947954008,30.596533395218781
0.072198323350663618,-0.12910251177848059,0.2273812739045028,9.0703069133916026e-07,7495.8923433046666,33612.305505650162,15.397353947954008,30.596533395218781
-0.072198323350663618,-0.12910251177848059,0.2273812739045028,9.0703069133916026e-07,7495.8923433046666,33612.305505650162,15.397353947954008,30.596533395218781
0.04380610411944872,0.12851630097797181,0.23090614036013762,6.134920132655665e-07,465.4143409602778,35499.734986621675,6.2358979653031721,25.172986878708326
-0.04380610411944872,0.12851630097797181,0.23090614036013762,6.134920132655665e-07,465.4143409602778,35499.734986621675,6.2358979653031721,25.172986878708326
0.04380610411944872,-0.12851630097797181,0.23090614036013762,6.134920132655665e-07,465.4143409602778,35499.734986621675,6.2358979653031721,25.172986878708326
-0.04380610411944872,-0.12851630097797181,0.23090614036013762,6.134920132655665e-07,465.4143409602778,35499.734986621675,6.2358979653031721,25.172986878708326
0.00022938263691217944,0.12846596804639593,0.23271342064792699,5.0303618928229482e-08,-4199.9248628095702,37058.39039424459,14.427208468594474,81.596043137085431
-0.00022938263691217944,0.12846596804639593,0.23271342064792699,5.0303618928229482e-08,-4199.9248628095702,37058.39039424459,14.427208468594474,81.596043137085431
0.00022938263691217944,-0.12846596804639593,0.23271342064792699,5.0303618928229482e-08,-4199.9248628095702,37058.39039424459,14.427208468594474,81.596043137085431
-0.00022938263691217944,-0.12846596804639593,0.23271342064792699,5.0303618928229482e-08,-4199.9248628095702,37058.39039424459,14.427208468594474,81.596043137085431
0.10276530722566782,0.1260822214574962,0.22219709496955017,2.3054962928230814e-05,9315.3250835171275,35451.780755553147,15.237556019008426,35.910812150823922
-0.10276530722566782,0.1260822214574962,0.22219709496955017,2.3054962928230814e-05,9315.3250835171275,35451.780755553147,15.237556019008426,35.910812150823922
0.10276530722566782,-0.1260822214574962,0.22219709496955017,2.3054962928230814e-05,9315.3250835171275,35451.780755553147,15.237556019008426,35.910812150823922
-0.10276530722566782,-0.1260822214574962,0.22219709496955017,2.3054962928230814e-05,9315.3250835171275,35451.780755553147,15.237556019008426,35.910812150823922
0.027524038604769766,0.12923756401356631,0.2321025071795261,1.1759586171391323e-06,-901.96140271717525,35970.166210632655,8.8355600921193673,27.396639349596672
-0.027524038604769766,0.12923756401356631,0.2321025071795261,1.1759586171391323e-06,-901.96140271717525,35970.166210632655,8.8355600921193673,27.396639349596672
0.027524038604769766,-0.12923756401356631,0.2321025071795261,1.1759586171391323e-06,-901.96140271717525,35970.166210632655,8.8355600921193673,27.396639349596672
-0.027524038604769766,-0.12923756401356631,0.2321025071795261,1.1759586171391323e-06,-901.96140271717525,35970.166210632655,8.8355600921193673,27.396639349596672
0.13817174855763417,0.037822990829131528,0.2177870856383666,3.1657331284269486e-05,-55586.973384627054,44062.014639905108,-107.85800314326893,97.221232481255825
-0.13817174855763417,0.037822990829131528,0.2177870856383666,3.1657331284269486e-05,-55586.973384627054,44062.014639905108,-107.85800314326893,97.221232481255825
0.13817174855763417,-0.037822990829131528,0.2177870856383666,3.1657331284269486e-05,-55586.973384627054,44062.014639905108,-107.85800314326893,97.221232481255825
-0.13817174855763417,-0.037822990829131528,0.2177870856383666,3.1657331284269486e-05,-55586.973384627054,44062.014639905108,-107.85800314326893,97.221232481255825
0.12843305744475272,0.035289687370257651,0.21922888321386688,2.6843637272940724e-05,-63361.646226027231,35357.936176560666,-129.67841140121024,85.18803859943948
-0.12843305744475272,0.035289687370257651,0.21922888321386688,2.6843637272940724e-05,-63361.646226027231,35357.936176560666,-129.67841140121024,85.18803859943948
0.12843305744475272,-0.035289687370257651,0.21922888321386688,2.6843637272940724e-05,-63361.646226027231,35357.936176560666,-129.67841140121024,85.18803859943948
-0.12843305744475272,-0.035289687370257651,0.21922888321386688,2.6843637272940724e-05,-63361.646226027231,35357.936176560666,-129.67841140121024,85.18803859943948
0.11926313409188091,0.031940852112598526,0.22058647564981748,2.4711482153426903e-05,-69194.367129329694,26052.699111935774,-151.66280740145254,69.064631287114295
-0.11926313409188091,0.031940852112598526,0.22058647564981748,2.4711482153426903e-05,-69194.367129329694,26052.699111935774,-151.66280740145254,69.064631287114295
0.11926313409188091,-0.031940852112598526,0.22058647564981748,2.4711482153426903e-05,-69194.367129329694,26052.699111935774,-151.66280740145254,69.064631287114295
-0.11926313409188091,-0.031940852112598526,0.22058647564981748,2.4711482153426903e-05,-69194.367129329694,26052.699111935774,-151.66280740145254,69.064631287114295
0.10911016526079412,0.028533206725110557,0.22208959897447514,3.0053727881404311e-05,-73999.722869728197,15636.875758671929,-167.61135493017559,49.350269860770368
-0.10911016526079412,0.028533206725110557,0.22208959897447514,3.0053727881404311e-05,-73999.722869728197,15636.875758671929,-167.61135493017559,49.350269860770368
0.10911016526079412,-0.028533206725110557,0.22208959897447514,3.0053727881404311e-05,-73999.722869728197,15636.875758671929,-167.61135493017559,49.350269860770368
-0.10911016526079412,-0.028533206725110557,0.22208959897447514,3.0053727881404311e-05,-73999.722869728197,15636.875758671929,-167.61135493017559,49.350269860770368
0.099725048336262487,0.026869917938515939,0.22347904361757395,2.7930710145105788e-05,-77052.56213498459,6616.0575025117587,-180.52004361625791,33.870000392267343
-0.099725048336262487,0.026869917938515939,0.22347904361757395,2.7930710145105788e-05,-77052.56213498459,6616.0575025117587,-180.52004361625791,33.870000392267343
0.099725048336262487,-0.026869917938515939,0.22347904361757395,2.7930710145105788e-05,-77052.56213498459,6616.0575025117587,-180.52004361625791,33.870000392267343
-0.099725048336262487,-0.026869917938515939,0.22347904361757395,2.7930710145105788e-05,-77052.56213498459,6616.0575025117587,-180.52004361625791,33.870000392267343
0.04551132275083989,0.11936888226953865,0.23074211590538449,2.0906164008027136e-05,-15802.190393132405,37829.883864528303,-7.2369493423953006,45.323983140368831
-0.04551132275083989,0.11936888226953865,0.23074211590538449,2.0906164008027136e-05,-15802.190393132405,37829.883864528303,-7.2369493423953006,45.323983140368831
0.04551132275083989,-0.11936888226953865,0.23074211590538449,2.0906164008027136e-05,-15802.190393132405,37829.883864528303,-7.2369493423953006,45.323983140368831
-0.04551132275083989,-0.11936888226953865,0.23074211590538449,2.0906164008027136e-05,-15802.190393132405,37829.883864528303,-7.2369493423953006,45.323983140368831
0.090353244091886095,0.024120239836606345,0.22486651734946561,2.2530952210906332e-05,-79193.24001129574,-2316.6838338423931,-186.5535944388298,10.423848587314303
-0.090353244091886095,0.024120239836606345,0.22486651734946561,2.2530952210906332e-05,-79193.24001129574,-2316.6838338423931,-186.5535944388298,10.423848587314303
0.090353244091886095,-0.024120239836606345,0.22486651734946561,2.2530952210906332e-05,-79193.24001129574,-2316.6838338423931,-186.5535944388298,10.423848587314303
-0.090353244091886095,-0.024120239836606345,0.22486651734946561,2.2530952210906332e-05,-79193.24001129574,-2316.6838338423931,-186.5535944388298,10.423848587314303
0.0070932795196840415,0.12755133603441146,0.23282675099930308,3.8449779523536897e-06,-5660.6526396021163,37376.592523924664,4.5112190357827906,23.390387652326119
-0.0070932795196840415,0.12755133603441146,0.23282675099930308,3.8449779523536897e-06,-5660.6526396021163,37376.592523924664,4.5112190357827906,23.390387652326119
0.0070932795196840415,-0.12755133603441146,0.23282675099930308,3.8449779523536897e-06,-5660.6526396021163,37376.592523924664,4.5112190357827906,23.390387652326119
-0.0070932795196840415,-0.12755133603441146,0.23282675099930308,3.8449779523536897e-06,-5660.6526396021163,37376.592523924664,4.5112190357827906,23.390387652326119
0.010027301485460809,0.12489927057566542,0.23277518441498862,2.7482428622126358e-06,-10416.714198401349,38077.476693868899,0.79866503155386237,27.410931560154243
-0.010027301485460809,0.12489927057566542,0.23277518441498862,2.7482428622126358e-06,-10416.714198401349,38077.476693868899,0.79866503155386237,27.410931560154243
0.010027301485460809,-0.12489927057566542,0.23277518441498862,2.7482428622126358e-06,-10416.714198401349,38077.476693868899,0.79866503155386237,27.410931560154243
-0.010027301485460809,-0.12489927057566542,0.23277518441498862,2.7482428622126358e-06,-10416.714198401349,38077.476693868899,0.79866503155386237,27.410931560154243
0.082373766698280046,0.02262637926115818,0.22604786556933124,2.8754433443301389e-05,-80544.579903185993,-8796.9721657775772,-192.41683255516381,-3.3776332356164973
-0.082373766698280046,0.02262637926115818,0.22604786556933124,2.8754433443301389e-05,-80544.579903185993,-8796.9721657775772,-192.41683255516381,-3.3776332356164973
0.082373766698280046,-0.02262637926115818,0.22604786556933124,2.8754433443301389e-05,-80544.579903185993,-8796.9721657775772,-192.41683255516381,-3.3776332356164973
-0.082373766698280046,-0.02262637926115818,0.22604786556933124,2.8754433443301389e-05,-80544.579903185993,-8796.9721657775772,-192.41683255516381,-3.3776332356164973
0.086497773585991769,0.12951119121488255,0.22518723189540893,7.1536061608193899e-06,11168.504513201236,32654.983404872768,15.836215005793894,26.195014180371835
-0.086497773585991769,0.12951119121488255,0.22518723189540893,7.1536061608193899e-06,11168.504513201236,32654.983404872768,15.836215005793894,26.195014180371835
0.086497773585991769,-0.12951119121488255,0.22518723189540893,7.1536061608193899e-06,11168.504513201236,32654.983404872768,15.836215005793894,26.195014180371835
-0.086497773585991769,-0.12951119121488255,0.22518723189540893,7.1536061608193899e-06,11168.504513201236,32654.983404872768,15.836215005793894,26.195014180371835
0.071620909090049395,0.019182471378571899,0.2276325752553488,3.0724019068804227e-05,-82078.146419303681,-16505.491084218302,-201.20842937452997,-21.27033787255484
-0.071620909090049395,0.019182471378571899,0.2276325752553488,3.0724019068804227e-05,-82078.146419303681,-16505.491084218302,-201.20842937452997,-21.27033787255484
0.071620909090049395,-0.019182471378571899,0.2276325752553488,3.0724019068804227e-05,-82078.146419303681,-16505.491084218302,-201.20842937452997,-21.27033787255484
-0.071620909090049395,-0.019182471378571899,0.2276325752553488,3.0724019068804227e-05,-82078.146419303681,-16505.491084218302,-201.20842937452997,-21.27033787255484
0.034387612740897334,0.045093917625267765,0.2316715124726402,3.1705150305910644e-05,-82737.683272593829,-22194.163306143939,-193.1340546169171,-35.940990097443908
-0.034387612740897334,0.045093917625267765,0.2316715124726402,3.1705150305910644e-05,-82737.683272593829,-22194.163306143939,-193.1340546169171,-35.940990097443908
0.034387612740897334,-0.045093917625267765,0.2316715124726402,3.1705150305910644e-05,-82737.683272593829,-22194.163306143939,-193.1340546169171,-35.940990097443908
-0.034387612740897334,-0.045093917625267765,0.2316715124726402,3.1705150305910644e-05,-82737.683272593829,-22194.163306143939,-193.1340546169171,-35.940990097443908
0.064543724923039392,0.12819288570104778,0.22861752268435362,2.1911451275706643e-06,4326.6850101974223,34631.122019713752,8.9175568672380141,22.028603586115299
-0.064543724923039392,0.12819288570104778,0.22861752268435362,2.1911451275706643e-06,4326.6850101974223,34631.122019713752,8.9175568672380141,22.028603586115299
0.064543724923039392,-0.12819288570104778,0.22861752268435362,2.1911451275706643e-06,4326.6850101974223,34631.122019713752,8.9175568672380141,22.028603586115299
-0.064543724923039392,-0.12819288570104778,0.22861752268435362,2.1911451275706643e-06,4326.6850101974223,34631.122019713752,8.9175568672380141,22.028603586115299
0.11072968293253063,0.099746368301227989,0.22169429931193124,3.7215330991254731e-05,-28102.762521085791,43751.054887884915,-44.519609383292867,89.447308650871918
-0.11072968293253063,0.099746368301227989,0.22169429931193124,3.7215330991254731e-05,-28102.762521085791,43751.054887884915,-44.519609383292867,89.447308650871918
0.11072968293253063,-0.099746368301227989,0.22169429931193124,3.7215330991254731e-05,-28102.762521085791,43751.054887884915,-44.519609383292867,89.447308650871918
-0.11072968293253063,-0.099746368301227989,0.22169429931193124,3.7215330991254731e-05,-28102.762521085791,43751.054887884915,-44.519609383292867,89.447308650871918
0.063657342919056933,0.11651335310485834,0.22869587873588179,2.283961582664967e-05,-16631.704868089189,38118.210706340011,-12.216714084519166,54.562264015922302
-0.063657342919056933,0.11651335310485834,0.22869587873588179,2.283961582664967e-05,-16631.704868089189,38118.210706340011,-12.216714084519166,54.562264015922302
0.063657342919056933,-0.11651335310485834,0.22869587873588179,2.283961582664967e-05,-16631.704868089189,38118.210706340011,-12.216714084519166,54.562264015922302
-0.063657342919056933,-0.11651335310485834,0.22869587873588179,2.283961582664967e-05,-16631.704868089189,38118.210706340011,-12.216714084519166,54.562264015922302
0.082552116721235955,0.1193738149250006,0.22598380398341888,1.1856508732125321e-05,-6308.5208711148425,38996.865863037659,0.56531579931815612,46.629351257755644
-0.082552116721235955,0.1193738149250006,0.22598380398341888,1.1856508732125321e-05,-6308.5208711148425,38996.865863037659,0.56531579931815612,46.629351257755644
0.082552116721235955,-0.1193738149250006,0.22598380398341888,1.1856508732125321e-05,-6308.5208711148425,38996.865863037659,0.56531579931815612,46.629351257755644
-0.082552116721235955,-0.1193738149250006,0.22598380398341888,1.1856508732125321e-05,-6308.5208711148425,38996.865863037659,0.56531579931815612,46.629351257755644
0.046887879627416744,0.042926414927435236,0.23059913411004204,3.5844299924150299e-05,-81985.548198581164,-19802.040223703389,-190.64423445037181,-29.080552877087801
-0.046887879627416744,0.042926414927435236,0.23059913411004204,3.5844299924150299e-05,-81985.548198581164,-19802.040223703389,-190.64423445037181,-29.080552877087801
0.046887879627416744,-0.042926414927435236,0.23059913411004204,3.5844299924150299e-05,-81985.548198581164,-19802.040223703389,-190.64423445037181,-29.080552877087801
-0.046887879627416744,-0.042926414927435236,0.23059913411004204,3.5844299924150299e-05,-81985.548198581164,-19802.040223703389,-190.64423445037181,-29.080552877087801
0.079772511784615557,0.05134114797240872,0.22643297725665296,2.8965989729225718e-05,-75620.583874219417,628.51480511225282,-169.93030282427679,20.729088410935248
-0.079772511784615557,0.05134114797240872,0.22643297725665296,2.8965989729225718e-05,-75620.583874219417,628.51480511225282,-169.93030282427679,20.729088410935248
0.079772511784615557,-0.05134114797240872,0.22643297725665296,2.8965989729225718e-05,-75620.583874219417,628.51480511225282,-169.93030282427679,20.729088410935248
-0.079772511784615557,-0.05134114797240872,0.22643297725665296,2.8965989729225718e-05,-75620.583874219417,628.51480511225282,-169.93030282427679,20.729088410935248
0.071424394681982362,0.11943720626083708,0.22763848456230584,1.2779467072297022e-05,-9126.4607498592359,38450.661107913322,-0.052952876373054847,45.95728752993405
-0.071424394681982362,0.11943720626083708,0.22763848456230584,1.2779467072297022e-05,-9126.4607498592359,38450.661107913322,-0.052952876373054847,45.95728752993405
0.071424394681982362,-0.11943720626083708,0.22763848456230584,1.2779467072297022e-05,-9126.4607498592359,38450.661107913322,-0.052952876373054847,45.95728752993405
-0.071424394681982362,-0.11943720626083708,0.22763848456230584,1.2779467072297022e-05,-9126.4607498592359,38450.661107913322,-0.052952876373054847,45.95728752993405
0.033968571255672111,0.12617400245299371,0.23171937384983471,6.8010868872868286e-06,-5377.1668058178293,37064.377504657707,3.5960818895516784,23.984879304969908
-0.033968571255672111,0.12617400245299371,0.23171937384983471,6.8010868872868286e-06,-5377.1668058178293,37064.377504657707,3.5960818895516784,23.984879304969908
0.033968571255672111,-0.12617400245299371,0.23171937384983471,6.8010868872868286e-06,-5377.1668058178293,37064.377504657707,3.5960818895516784,23.984879304969908
-0.033968571255672111,-0.12617400245299371,0.23171937384983471,6.8010868872868286e-06,-5377.1668058178293,37064.377504657707,3.5960818895516784,23.984879304969908
0.061367948625028708,0.016692356647378333,0.22900544961050723,2.3851117599696558e-05,-82978.154417635378,-22978.515624053613,-194.72760647304162,-37.44751044405308
-0.061367948625028708,0.016692356647378333,0.22900544961050723,2.3851117599696558e-05,-82978.154417635378,-22978.515624053613,-194.72760647304162,-37.44751044405308
0.061367948625028708,-0.016692356647378333,0.22900544961050723,2.3851117599696558e-05,-82978.154417635378,-22978.515624053613,-194.72760647304162,-37.44751044405308
-0.061367948625028708,-0.016692356647378333,0.22900544961050723,2.3851117599696558e-05,-82978.154417635378,-22978.515624053613,-194.72760647304162,-37.44751044405308
0.099454320807971786,0.1221237543693993,0.22303494456531978,3.2882784228731313e-05,2592.2505371946581,38578.80520371662,11.896815704871081,42.748022422227983
-0.099454320807971786,0.1221237543693993,0.22303494456531978,3.2882784228731313e-05,2592.2505371946581,38578.80520371662,11.896815704871081,42.748022422227983
0.099454320807971786,-0.1221237543693993,0.22303494456531978,3.2882784228731313e-05,2592.2505371946581,38578.80520371662,11.896815704871081,42.748022422227983
-0.099454320807971786,-0.1221237543693993,0.22303494456531978,3.2882784228731313e-05,2592.2505371946581,38578.80520371662,11.896815704871081,42.748022422227983
0.08417650560144456,0.12638018706184098,0.22567208280628265,1.0613431356710889e-05,5860.4512531424953,35391.056192670294,11.055853322085243,28.43421846849964
-0.08417650560144456,0.12638018706184098,0.22567208280628265,1.0613431356710889e-05,5860.4512531424953,35391.056192670294,11.055853322085243,28.43421846849964
0.08417650560144456,-0.12638018706184098,0.22567208280628265,1.0613431356710889e-05,5860.4512531424953,35391.056192670294,11.055853322085243,28.43421846849964
-0.08417650560144456,-0.12638018706184098,0.22567208280628265,1.0613431356710889e-05,5860.4512531424953,35391.056192670294,11.055853322085243,28.43421846849964
0.042604561630554996,0.12279935565923188,0.23101187364300968,6.6961608239616054e-06,-10052.861531798953,37665.241692464551,-0.11834992606399732,34.625300136540226
-0.042604561630554996,0.12279935565923188,0.23101187364300968,6.6961608239616054e-06,-10052.861531798953,37665.241692464551,-0.11834992606399732,34.625300136540226
0.042604561630554996,-0.12279935565923188,0.23101187364300968,6.6961608239616054e-06,-10052.861531798953,37665.241692464551,-0.11834992606399732,34.625300136540226
-0.042604561630554996,-0.12279935565923188,0.23101187364300968,6.6961608239616054e-06,-10052.861531798953,37665.241692464551,-0.11834992606399732,34.625300136540226
0.059649942770673779,0.12392312645391289,0.22921531028276373,1.0841383821612651e-05,-4127.4498723391825,37059.598299531579,4.1477180997250027,31.818352602922388
-0.059649942770673779,0.12392312645391289,0.22921531028276373,1.0841383821612651e-05,-4127.4498723391825,37059.598299531579,4.1477180997250027,31.818352602922388
0.059649942770673779,-0.12392312645391289,0.22921531028276373,1.0841383821612651e-05,-4127.4498723391825,37059.598299531579,4.1477180997250027,31.818352602922388
-0.059649942770673779,-0.12392312645391289,0.22921531028276373,1.0841383821612651e-05,-4127.4498723391825,37059.598299531579,4.1477180997250027,31.818352602922388
0.079400268320210188,0.055786132746747992,0.22648808915367685,2.3113673961408268e-05,-74138.20152906797,3041.4981993453953,-169.46247168804089,25.699588625967532
-0.079400268320210188,0.055786132746747992,0.22648808915367685,2.3113673961408268e-05,-74138.20152906797,3041.4981993453953,-169.46247168804089,25.699588625967532
0.079400268320210188,-0.055786132746747992,0.22648808915367685,2.3113673961408268e-05,-74138.20152906797,3041.4981993453953,-169.46247168804089,25.699588625967532
-0.079400268320210188,-0.055786132746747992,0.22648808915367685,2.3113673961408268e-05,-74138.20152906797,3041.4981993453953,-169.46247168804089,25.699588625967532
0.079936870870179588,0.12942815810050093,0.22630902764710562,4.2620771196631988e-06,9743.8214219146539,32952.321418936197,14.332017730928944,25.951461815364087
-0.079936870870179588,0.12942815810050093,0.22630902764710562,4.2620771196631988e-06,9743.8214219146539,32952.321418936197,14.332017730928944,25.951461815364087
0.079936870870179588,-0.12942815810050093,0.22630902764710562,4.2620771196631988e-06,9743.8214219146539,32952.321418936197,14.332017730928944,25.951461815364087
-0.079936870870179588,-0.12942815810050093,0.22630902764710562,4.2620771196631988e-06,9743.8214219146539,32952.321418936197,14.332017730928944,25.951461815364087
0.19520933385758918,0.057507653424763758,0.20632455429906721,2.4064415272138595e-05,16089.21244212439,40087.931575876362,47.814182254894703,55.693480746391515
-0.19520933385758918,0.057507653424763758,0.20632455429906721,2.4064415272138595e-05,16089.21244212439,40087.931575876362,47.814182254894703,55.693480746391515
0.19520933385758918,-0.057507653424763758,0.20632455429906721,2.4064415272138595e-05,16089.21244212439,40087.931575876362,47.814182254894703,55.693480746391515
-0.19520933385758918,-0.057507653424763758,0.20632455429906721,2.4064415272138595e-05,16089.21244212439,40087.931575876362,47.814182254894703,55.693480746391515
0.19694389665441953,0.0024926296362172144,0.20908599140792611,9.4222362225883386e-06,21393.361343947381,40302.954325451581,38.18694245739448,46.774258797166233
-0.19694389665441953,0.0024926296362172144,0.20908599140792611,9.4222362225883386e-06,21393.361343947381,40302.954325451581,38.18694245739448,46.774258797166233
0.19694389665441953,-0.0024926296362172144,0.20908599140792611,9.4222362225883386e-06,21393.361343947381,40302.954325451581,38.18694245739448,46.774258797166233
-0.19694389665441953,-0.0024926296362172144,0.20908599140792611,9.4222362225883386e-06,21393.361343947381,40302.954325451581,38.18694245739448,46.774258797166233
0.061740646650508303,0.12038623501643037,0.22895430916480281,1.2953081160650003e-05,-10061.123355591586,37950.500304061068,-1.8547760534289228,41.250867663047202
-0.061740646650508303,0.12038623501643037,0.22895430916480281,1.2953081160650003e-05,-10061.123355591586,37950.500304061068,-1.8547760534289228,41.250867663047202
0.061740646650508303,-0.12038623501643037,0.22895430916480281,1.2953081160650003e-05,-10061.123355591586,37950.500304061068,-1.8547760534289228,41.250867663047202
-0.061740646650508303,-0.12038623501643037,0.22895430916480281,1.2953081160650003e-05,-10061.123355591586,37950.500304061068,-1.8547760534289228,41.250867663047202
0.090142591363575816,0.051320054840551382,0.22489770340378556,2.8749218817704389e-05,-73459.88118701223,7922.1401061319211,-167.33545156409446,36.431987040138964
-0.090142591363575816,0.051320054840551382,0.22489770340378556,2.8749218817704389e-05,-73459.88118701223,7922.1401061319211,-167.33545156409446,36.431987040138964
0.090142591363575816,-0.051320054840551382,0.22489770340378556,2.8749218817704389e-05,-73459.88118701223,7922.1401061319211,-167.33545156409446,36.431987040138964
-0.090142591363575816,-0.051320054840551382,0.22489770340378556,2.8749218817704389e-05,-73459.88118701223,7922.1401061319211,-167.33545156409446,36.431987040138964
0.18505657660747868,0.054706567399516272,0.20912644874338718,2.1867872802844798e-05,2526.3258000117366,51049.07441209432,26.172320381471788,79.589638866340067
-0.18505657660747868,0.054706567399516272,0.20912644874338718,2.1867872802844798e-05,2526.3258000117366,51049.07441209432,26.172320381471788,79.589638866340067
0.18505657660747868,-0.054706567399516272,0.20912644874338718,2.1867872802844798e-05,2526.3258000117366,51049.07441209432,26.172320381471788,79.589638866340067
-0.18505657660747868,-0.054706567399516272,0.20912644874338718,2.1867872802844798e-05,2526.3258000117366,51049.07441209432,26.172320381471788,79.589638866340067
0.058531492947275221,0.12040990239413972,0.22935193209324173,1.1358944888562079e-05,-10772.783706136179,37922.664220088838,-1.3810119098516092,41.599189949676905
-0.058531492947275221,0.12040990239413972,0.22935193209324173,1.1358944888562079e-05,-10772.783706136179,37922.664220088838,-1.3810119098516092,41.599189949676905
0.058531492947275221,-0.12040990239413972,0.22935193209324173,1.1358944888562079e-05,-10772.783706136179,37922.664220088838,-1.3810119098516092,41.599189949676905
-0.058531492947275221,-0.12040990239413972,0.22935193209324173,1.1358944888562079e-05,-10772.783706136179,37922.664220088838,-1.3810119098516092,41.599189949676905
0.1766151902079714,0.05203220176612619,0.21120622217241317,2.1692411151920319e-05,-9154.4564755898173,55887.619604568223,-0.16925790390910209,94.694148172373488
-0.1766151902079714,0.05203220176612619,0.21120622217241317,2.1692411151920319e-05,-9154.4564755898173,55887.619604568223,-0.16925790390910209,94.694148172373488
0.1766151902079714,-0.05203220176612619,0.21120622217241317,2.1692411151920319e-05,-9154.4564755898173,55887.619604568223,-0.16925790390910209,94.694148172373488
-0.1766151902079714,-0.05203220176612619,0.21120622217241317,2.1692411151920319e-05,-9154.4564755898173,55887.619604568223,-0.16925790390910209,94.694148172373488
0.049833630146796884,0.12664756632975302,0.23035756137155236,5.7771574373068911e-06,-1535.5128946211776,36204.587970359731,6.5203113983612493,22.352022582226191
-0.049833630146796884,0.12664756632975302,0.23035756137155236,5.7771574373068911e-06,-1535.5128946211776,36204.587970359731,6.5203113983612493,22.352022582226191
0.049833630146796884,-0.12664756632975302,0.23035756137155236,5.7771574373068911e-06,-1535.5128946211776,36204.587970359731,6.5203113983612493,22.352022582226191
-0.049833630146796884,-0.12664756632975302,0.23035756137155236,5.7771574373068911e-06,-1535.5128946211776,36204.587970359731,6.5203113983612493,22.352022582226191
0.079751399530948133,0.04714162029375632,0.22643609997557645,2.63806038055244e-05,-76850.482044205666,-1523.01946447419,-175.32297886076992,15.085773541652898
-0.079751399530948133,0.04714162029375632,0.22643609997557645,2.63806038055244e-05,-76850.482044205666,-1523.01946447419,-175.32297886076992,15.085773541652898
0.079751399530948133,-0.04714162029375632,0.22643609997557645,2.63806038055244e-05,-76850.482044205666,-1523.01946447419,-175.32297886076992,15.085773541652898
-0.079751399530948133,-0.04714162029375632,0.22643609997557645,2.63806038055244e-05,-76850.482044205666,-1523.01946447419,-175.32297886076992,15.085773541652898
0.087334368600080661,0.11994654442338197,0.22523265240236995,7.1422482642667914e-06,-4136.0396930550942,39073.029392707394,3.0800358423352501,43.72802227076528
-0.087334368600080661,0.11994654442338197,0.22523265240236995,7.1422482642667914e-06,-4136.0396930550942,39073.029392707394,3.0800358423352501,43.72802227076528
0.087334368600080661,-0.11994654442338197,0.22523265240236995,7.1422482642667914e-06,-4136.0396930550942,39073.029392707394,3.0800358423352501,43.72802227076528
-0.087334368600080661,-0.11994654442338197,0.22523265240236995,7.1422482642667914e-06,-4136.0396930550942,39073.029392707394,3.0800358423352501,43.72802227076528
0.16703447893926271,0.049664292342930863,0.21319590036293889,2.4585889996453572e-05,-21817.371327086687,57864.050809509565,-21.786984989490325,105.38683229996124
-0.16703447893926271,0.049664292342930863,0.21319590036293889,2.4585889996453572e-05,-21817.371327086687,57864.050809509565,-21.786984989490325,105.38683229996124
0.16703447893926271,-0.049664292342930863,0.21319590036293889,2.4585889996453572e-05,-21817.371327086687,57864.050809509565,-21.786984989490325,105.38683229996124
-0.16703447893926271,-0.049664292342930863,0.21319590036293889,2.4585889996453572e-05,-21817.371327086687,57864.050809509565,-21.786984989490325,105.38683229996124
0.097048948136901708,0.11680003887347072,0.22367436605323385,3.7562577497192133e-05,-6717.285561668079,40950.501924848497,0.61804346921491526,58.347820150277997
-0.097048948136901708,0.11680003887347072,0.22367436605323385,3.7562577497192133e-05,-6717.285561668079,40950.501924848497,0.61804346921491526,58.347820150277997
0.097048948136901708,-0.11680003887347072,0.22367436605323385,3.7562577497192133e-05,-6717.285561668079,40950.501924848497,0.61804346921491526,58.347820150277997
-0.097048948136901708,-0.11680003887347072,0.22367436605323385,3.7562577497192133e-05,-6717.285561668079,40950.501924848497,0.61804346921491526,58.347820150277997
0.040592558197638046,0.12076937565407649,0.23118805832580841,1.3560718734790719e-05,-14237.99332678851,37872.98036045667,-4.4924501131213646,40.691672489485612
-0.040592558197638046,0.12076937565407649,0.23118805832580841,1.3560718734790719e-05,-14237.99332678851,37872.98036045667,-4.4924501131213646,40.691672489485612
0.040592558197638046,-0.12076937565407649,0.23118805832580841,1.3560718734790719e-05,-14237.99332678851,37872.98036045667,-4.4924501131213646,40.691672489485612
-0.040592558197638046,-0.12076937565407649,0.23118805832580841,1.3560718734790719e-05,-14237.99332678851,37872.98036045667,-4.4924501131213646,40.691672489485612
0.064959623118656856,0.12031756329920822,0.22854369479881698,1.222968137435302e-05,-9355.3348169177698,38031.498443726268,-0.93318508544567425,41.699689946605908
-0.064959623118656856,0.12031756329920822,0.22854369479881698,1.222968137435302e-05,-9355.3348169177698,38031.498443726268,-0.93318508544567425,41.699689946605908
0.064959623118656856,-0.12031756329920822,0.22854369479881698,1.222968137435302e-05,-9355.3348169177698,38031.498443726268,-0.93318508544567425,41.699689946605908
-0.064959623118656856,-0.12031756329920822,0.22854369479881698,1.222968137435302e-05,-9355.3348169177698,38031.498443726268,-0.93318508544567425,41.699689946605908
0.048101456045179729,0.12927166493750217,0.23041195490579455,1.1432044109859737e-06,2585.1510265460702,34818.242455308726,14.624272165501559,33.111103450589205
-0.048101456045179729,0.12927166493750217,0.23041195490579455,1.1432044109859737e-06,2585.1510265460702,34818.242455308726,14.624272165501559,33.111103450589205
0.048101456045179729,-0.12927166493750217,0.23041195490579455,1.1432044109859737e-06,2585.1510265460702,34818.242455308726,14.624272165501559,33.111103450589205
-0.048101456045179729,-0.12927166493750217,0.23041195490579455,1.1432044109859737e-06,2585.1510265460702,34818.242455308726,14.624272165501559,33.111103450589205
0.15717876804643816,0.04637320224710112,0.21493301646532278,2.548656839931926e-05,-34430.032417042676,56058.917852807826,-52.903431012820867,108.03581397693659
-0.15717876804643816,0.04637320224710112,0.21493301646532278,2.548656839931926e-05,-34430.032417042676,56058.917852807826,-52.903431012820867,108.03581397693659
0.15717876804643816,-0.04637320224710112,0.21493301646532278,2.548656839931926e-05,-34430.032417042676,56058.917852807826,-52.903431012820867,108.03581397693659
-0.15717876804643816,-0.04637320224710112,0.21493301646532278,2.548656839931926e-05,-34430.032417042676,56058.917852807826,-52.903431012820867,108.03581397693659
0.010988331952850781,0.11448780197289225,0.23275317143327193,1.0079373535274119e-05,-30242.732828320542,36085.72300733623,-29.830807741514437,54.264842170487725
-0.010988331952850781,0.11448780197289225,0.23275317143327193,1.0079373535274119e-05,-30242.732828320542,36085.72300733623,-29.830807741514437,54.264842170487725
0.010988331952850781,-0.11448780197289225,0.23275317143327193,1.0079373535274119e-05,-30242.732828320542,36085.72300733623,-29.830807741514437,54.264842170487725
-0.010988331952850781,-0.11448780197289225,0.23275317143327193,1.0079373535274119e-05,-30242.732828320542,36085.72300733623,-29.830807741514437,54.264842170487725
0.054162767469443485,0.12654128062696393,0.22988558848913673,9.7968695699002209e-06,-756.93739226235607,36056.700817109646,6.1081425046789297,23.893230986397128
-0.054162767469443485,0.12654128062696393,0.22988558848913673,9.7968695699002209e-06,-756.93739226235607,36056.700817109646,6.1081425046789297,23.893230986397128
0.054162767469443485,-0.12654128062696393,0.22988558848913673,9.7968695699002209e-06,-756.93739226235607,36056.700817109646,6.1081425046789297,23.893230986397128
-0.054162767469443485,-0.12654128062696393,0.22988558848913673,9.7968695699002209e-06,-756.93739226235607,36056.700817109646,6.1081425046789297,23.893230986397128
0.032043196260915945,0.040785651764979183,0.23181505817616549,2.09063785426087e-05,-83323.751014917769,-25168.072862967289,-189.4831981317441,-45.908404293259167
-0.032043196260915945,0.040785651764979183,0.23181505817616549,2.09063785426087e-05,-83323.751014917769,-25168.072862967289,-189.4831981317441,-45.908404293259167
0.032043196260915945,-0.040785651764979183,0.23181505817616549,2.09063785426087e-05,-83323.751014917769,-25168.072862967289,-189.4831981317441,-45.908404293259167
-0.032043196260915945,-0.040785651764979183,0.23181505817616549,2.09063785426087e-05,-83323.751014917769,-25168.072862967289,-189.4831981317441,-45.908404293259167
0.19044719373616287,0.0041131144298934188,0.21004781182777951,1.0622767962853973e-05,10850.631812553795,48904.490493992402,28.074262018206547,64.365725107557537
-0.19044719373616287,0.0041131144298934188,0.21004781182777951,1.0622767962853973e-05,10850.631812553795,48904.490493992402,28.074262018206547,64.365725107557537
0.19044719373616287,-0.0041131144298934188,0.21004781182777951,1.0622767962853973e-05,10850.631812553795,48904.490493992402,28.074262018206547,64.365725107557537
-0.19044719373616287,-0.0041131144298934188,0.21004781182777951,1.0622767962853973e-05,10850.631812553795,48904.490493992402,28.074262018206547,64.365725107557537
0.090607592223798994,0.10629023210623685,0.22481960012456198,2.7791018792563993e-05,-25867.503815258751,39780.127124756269,-36.311313926334897,79.290034717088034
-0.090607592223798994,0.10629023210623685,0.22481960012456198,2.7791018792563993e-05,-25867.503815258751,39780.127124756269,-36.311313926334897,79.290034717088034
0.090607592223798994,-0.10629023210623685,0.22481960012456198,2.7791018792563993e-05,-25867.503815258751,39780.127124756269,-36.311313926334897,79.290034717088034
-0.090607592223798994,-0.10629023210623685,0.22481960012456198,2.7791018792563993e-05,-25867.503815258751,39780.127124756269,-36.311313926334897,79.290034717088034
0.02274562524488228,0.12110469421529185,0.23234641585474547,1.2665455042516598e-05,-16544.16094578119,38119.163019402818,-5.0872637805945926,37.341718107772763
-0.02274562524488228,0.12110469421529185,0.23234641585474547,1.2665455042516598e-05,-16544.16094578119,38119.163019402818,-5.0872637805945926,37.341718107772763
0.02274562524488228,-0.12110469421529185,0.23234641585474547,1.2665455042516598e-05,-16544.16094578119,38119.163019402818,-5.0872637805945926,37.341718107772763
-0.02274562524488228,-0.12110469421529185,0.23234641585474547,1.2665455042516598e-05,-16544.16094578119,38119.163019402818,-5.0872637805945926,37.341718107772763
0.037023570741094233,0.12051005564017836,0.23143997963932092,1.0851139391849178e-05,-15433.167253240896,37863.925640022491,-6.897361210181244,41.183371749411698
-0.037023570741094233,0.12051005564017836,0.23143997963932092,1.0851139391849178e-05,-15433.167253240896,37863.925640022491,-6.897361210181244,41.183371749411698
0.037023570741094233,-0.12051005564017836,0.23143997963932092,1.0851139391849178e-05,-15433.167253240896,37863.925640022491,-6.897361210181244,41.183371749411698
-0.037023570741094233,-0.12051005564017836,0.23143997963932092,1.0851139391849178e-05,-15433.167253240896,37863.925640022491,-6.897361210181244,41.183371749411698
0.13745007652955768,0.11700828457947415,0.21475465973979241,4.3868498329464459e-05,4557.6226902433546,42288.311447854045,22.371457488387453,62.563428966240707
-0.13745007652955768,0.11700828457947415,0.21475465973979241,4.3868498329464459e-05,4557.6226902433546,42288.311447854045,22.371457488387453,62.563428966240707
0.13745007652955768,-0.11700828457947415,0.21475465973979241,4.3868498329464459e-05,4557.6226902433546,42288.311447854045,22.371457488387453,62.563428966240707
-0.13745007652955768,-0.11700828457947415,0.21475465973979241,4.3868498329464459e-05,4557.6226902433546,42288.311447854045,22.371457488387453,62.563428966240707
0.12912265819153343,0.0039191996881533572,0.21912678843467379,2.4815582342381309e-05,-66916.237543422234,31990.44653740674,-168.02319708681355,95.001259619628541
-0.12912265819153343,0.0039191996881533572,0.21912678843467379,2.4815582342381309e-05,-66916.237543422234,31990.44653740674,-168.02319708681355,95.001259619628541
0.12912265819153343,-0.0039191996881533572,0.21912678843467379,2.4815582342381309e-05,-66916.237543422234,31990.44653740674,-168.02319708681355,95.001259619628541
-0.12912265819153343,-0.0039191996881533572,0.21912678843467379,2.4815582342381309e-05,-66916.237543422234,31990.44653740674,-168.02319708681355,95.001259619628541
0.068883854878947673,0.1268866073178139,0.22804160925154576,3.9273991739593336e-06,3190.9431044178227,35335.264698777268,8.0762579959733731,24.812637970133736
-0.068883854878947673,0.1268866073178139,0.22804160925154576,3.9273991739593336e-06,3190.9431044178227,35335.264698777268,8.0762579959733731,24.812637970133736
0.068883854878947673,-0.1268866073178139,0.22804160925154576,3.9273991739593336e-06,3190.9431044178227,35335.264698777268,8.0762579959733731,24.812637970133736
-0.068883854878947673,-0.1268866073178139,0.22804160925154576,3.9273991739593336e-06,3190.9431044178227,35335.264698777268,8.0762579959733731,24.812637970133736
0.071274471184579344,0.12966221206132983,0.2276608063409199,9.7148451236575039e-07,8214.6952274276046,33165.185940570875,15.636383980886915,28.48174385126622
-0.071274471184579344,0.12966221206132983,0.2276608063409199,9.7148451236575039e-07,8214.6952274276046,33165.185940570875,15.636383980886915,28.48174385126622
0.071274471184579344,-0.12966221206132983,0.2276608063409199,9.7148451236575039e-07,8214.6952274276046,33165.185940570875,15.636383980886915,28.48174385126622
-0.071274471184579344,-0.12966221206132983,0.2276608063409199,9.7148451236575039e-07,8214.6952274276046,33165.185940570875,15.636383980886915,28.48174385126622
0.0049527856854342991,0.07058498930061731,0.23283151893537674,3.1780566350325419e-05,-77533.61223497316,-7258.9066123639541,-175.43463365340574,1.8171954388933975
-0.0049527856854342991,0.07058498930061731,0.23283151893537674,3.1780566350325419e-05,-77533.61223497316,-7258.9066123639541,-175.43463365340574,1.8171954388933975
0.0049527856854342991,-0.07058498930061731,0.23283151893537674,3.1780566350325419e-05,-77533.61223497316,-7258.9066123639541,-175.43463365340574,1.8171954388933975
-0.0049527856854342991,-0.07058498930061731,0.23283151893537674,3.1780566350325419e-05,-77533.61223497316,-7258.9066123639541,-175.43463365340574,1.8171954388933975
0.022917386170790678,0.12635922663104418,0.23234511301562025,4.5642682538969761e-06,-6623.7078780374668,37415.643246641484,3.1844466331621768,24.914795009295389
-0.022917386170790678,0.12635922663104418,0.23234511301562025,4.5642682538969761e-06,-6623.7078780374668,37415.643246641484,3.1844466331621768,24.914795009295389
0.022917386170790678,-0.12635922663104418,0.23234511301562025,4.5642682538969761e-06,-6623.7078780374668,37415.643246641484,3.1844466331621768,24.914795009295389
-0.022917386170790678,-0.12635922663104418,0.23234511301562025,4.5642682538969761e-06,-6623.7078780374668,37415.643246641484,3.1844466331621768,24.914795009295389
0.086824896376617319,0.1029083721590016,0.22538888419635253,3.183304005807323e-05,-32262.543045442097,37520.342382798903,-51.280164754085142,79.670262628921023
-0.086824896376617319,0.1029083721590016,0.22538888419635253,3.183304005807323e-05,-32262.543045442097,37520.342382798903,-51.280164754085142,79.670262628921023
0.086824896376617319,-0.1029083721590016,0.22538888419635253,3.183304005807323e-05,-32262.543045442097,37520.342382798903,-51.280164754085142,79.670262628921023
-0.086824896376617319,-0.1029083721590016,0.22538888419635253,3.183304005807323e-05,-32262.543045442097,37520.342382798903,-51.280164754085142,79.670262628921023
0.080597446215952259,0.0045250693468902141,0.22631084984408451,2.6946412872522523e-05,-81654.488216197642,-12513.703800796398,-211.73637317744081,-13.594575260505881
-0.080597446215952259,0.0045250693468902141,0.22631084984408451,2.6946412872522523e-05,-81654.488216197642,-12513.703800796398,-211.73637317744081,-13.594575260505881
0.080597446215952259,-0.0045250693468902141,0.22631084984408451,2.6946412872522523e-05,-81654.488216197642,-12513.703800796398,-211.73637317744081,-13.594575260505881
-0.080597446215952259,-0.0045250693468902141,0.22631084984408451,2.6946412872522523e-05,-81654.488216197642,-12513.703800796398,-211.73637317744081,-13.594575260505881
0.090456061919262559,0.0047925832655497484,0.22485129541023866,2.9130313411735323e-05,-80564.662385745629,-4951.1729517741687,-205.72958607722333,10.066148346037627
-0.090456061919262559,0.0047925832655497484,0.22485129541023866,2.9130313411735323e-05,-80564.662385745629,-4951.1729517741687,-205.72958607722333,10.066148346037627
0.090456061919262559,-0.0047925832655497484,0.22485129541023866,2.9130313411735323e-05,-80564.662385745629,-4951.1729517741687,-205.72958607722333,10.066148346037627
-0.090456061919262559,-0.0047925832655497484,0.22485129541023866,2.9130313411735323e-05,-80564.662385745629,-4951.1729517741687,-205.72958607722333,10.066148346037627
0.14761905372142792,0.0048507130704820156,0.21638843417167664,2.9062102160168035e-05,-51357.777748865665,48363.072194068736,-102.51858262844695,109.95959188331993
-0.14761905372142792,0.0048507130704820156,0.21638843417167664,2.9062102160168035e-05,-51357.777748865665,48363.072194068736,-102.51858262844695,109.95959188331993
0.14761905372142792,-0.0048507130704820156,0.21638843417167664,2.9062102160168035e-05,-51357.777748865665,48363.072194068736,-102.51858262844695,109.95959188331993
-0.14761905372142792,-0.0048507130704820156,0.21638843417167664,2.9062102160168035e-05,-51357.777748865665,48363.072194068736,-102.51858262844695,109.95959188331993
0.11165203654185342,0.042077634380601067,0.22171328086748565,9.5242725598255299e-06,-70059.911782441326,21636.981141288055,-143.05291729459768,56.885073566032723
-0.11165203654185342,0.042077634380601067,0.22171328086748565,9.5242725598255299e-06,-70059.911782441326,21636.981141288055,-143.05291729459768,56.885073566032723
0.11165203654185342,-0.042077634380601067,0.22171328086748565,9.5242725598255299e-06,-70059.911782441326,21636.981141288055,-143.05291729459768,56.885073566032723
-0.11165203654185342,-0.042077634380601067,0.22171328086748565,9.5242725598255299e-06,-70059.911782441326,21636.981141288055,-143.05291729459768,56.885073566032723
0.0058672934318068342,0.12925692541624517,0.23284828501594945,1.5974189886645681e-06,-2628.1293927676434,36650.164635161687,7.5974304169932463,25.343914409014502
-0.0058672934318068342,0.12925692541624517,0.23284828501594945,1.5974189886645681e-06,-2628.1293927676434,36650.164635161687,7.5974304169932463,25.343914409014502
0.0058672934318068342,-0.12925692541624517,0.23284828501594945,1.5974189886645681e-06,-2628.1293927676434,36650.164635161687,7.5974304169932463,25.343914409014502
-0.0058672934318068342,-0.12925692541624517,0.23284828501594945,1.5974189886645681e-06,-2628.1293927676434,36650.164635161687,7.5974304169932463,25.343914409014502
0.019193804720766688,0.12653210740456614,0.23253611533787227,3.748649330727708e-06,-6660.3289114252302,37478.489746577798,3.5543640796516356,21.865986088775401
-0.019193804720766688,0.12653210740456614,0.23253611533787227,3.748649330727708e-06,-6660.3289114252302,37478.489746577798,3.5543640796516356,21.865986088775401
0.019193804720766688,-0.12653210740456614,0.23253611533787227,3.748649330727708e-06,-6660.3289114252302,37478.489746577798,3.5543640796516356,21.865986088775401
-0.019193804720766688,-0.12653210740456614,0.23253611533787227,3.748649330727708e-06,-6660.3289114252302,37478.489746577798,3.5543640796516356,21.865986088775401
0.074270538982965331,0.12036228300624596,0.22724091780396147,9.6427049386667597e-06,-6776.4271159791797,38320.450004255021,0.66294800533074938,43.411575139075417
-0.074270538982965331,0.12036228300624596,0.22724091780396147,9.6427049386667597e-06,-6776.4271159791797,38320.450004255021,0.66294800533074938,43.411575139075417
0.074270538982965331,-0.12036228300624596,0.22724091780396147,9.6427049386667597e-06,-6776.4271159791797,38320.450004255021,0.66294800533074938,43.411575139075417
-0.074270538982965331,-0.12036228300624596,0.22724091780396147,9.6427049386667597e-06,-6776.4271159791797,38320.450004255021,0.66294800533074938,43.411575139075417
0.013400510782759771,0.040341863651464374,0.23265789832758949,2.3942817950608909e-05,-84351.938886805816,-28284.595765465216,-196.88709038633147,-54.429801360779187
-0.013400510782759771,0.040341863651464374,0.23265789832758949,2.3942817950608909e-05,-84351.938886805816,-28284.595765465216,-196.88709038633147,-54.429801360779187
0.013400510782759771,-0.040341863651464374,0.23265789832758949,2.3942817950608909e-05,-84351.938886805816,-28284.595765465216,-196.88709038633147,-54.429801360779187
-0.013400510782759771,-0.040341863651464374,0.23265789832758949,2.3942817950608909e-05,-84351.938886805816,-28284.595765465216,-196.88709038633147,-54.429801360779187
0.046267514599812945,0.12658764895938734,0.23069111860760674,2.9081025535526979e-06,-2381.9662096250377,36383.113466323099,5.3366279488624864,22.218074732746079
-0.046267514599812945,0.12658764895938734,0.23069111860760674,2.9081025535526979e-06,-2381.9662096250377,36383.113466323099,5.3366279488624864,22.218074732746079
0.046267514599812945,-0.12658764895938734,0.23069111860760674,2.9081025535526979e-06,-2381.9662096250377,36383.113466323099,5.3366279488624864,22.218074732746079
-0.046267514599812945,-0.12658764895938734,0.23069111860760674,2.9081025535526979e-06,-2381.9662096250377,36383.113466323099,5.3366279488624864,22.218074732746079
0.026588560420347705,0.1264561074328707,0.2321517706456562,3.0155994164718566e-06,-6011.8529668275542,37244.990274356191,3.1408440726937958,23.200811919528036
-0.026588560420347705,0.1264561074328707,0.2321517706456562,3.0155994164718566e-06,-6011.8529668275542,37244.990274356191,3.1408440726937958,23.200811919528036
0.026588560420347705,-0.1264561074328707,0.2321517706456562,3.0155994164718566e-06,-6011.8529668275542,37244.990274356191,3.1408440726937958,23.200811919528036
-0.026588560420347705,-0.1264561074328707,0.2321517706456562,3.0155994164718566e-06,-6011.8529668275542,37244.990274356191,3.1408440726937958,23.200811919528036
0.078529840556611566,0.068390546085424095,0.22661695165313497,2.7848135103391407e-05,-68436.179261512822,10802.995315012584,-153.84314550135824,41.663382694330771
-0.078529840556611566,0.068390546085424095,0.22661695165313497,2.7848135103391407e-05,-68436.179261512822,10802.995315012584,-153.84314550135824,41.663382694330771
0.078529840556611566,-0.068390546085424095,0.22661695165313497,2.7848135103391407e-05,-68436.179261512822,10802.995315012584,-153.84314550135824,41.663382694330771
-0.078529840556611566,-0.068390546085424095,0.22661695165313497,2.7848135103391407e-05,-68436.179261512822,10802.995315012584,-153.84314550135824,41.663382694330771
0.19524934367594202,0.067509544389695003,0.20506001729931708,2.228868943006609e-05,16027.085274057934,38116.813221388955,50.077518417805003,53.9015472154272
-0.19524934367594202,0.067509544389695003,0.20506001729931708,2.228868943006609e-05,16027.085274057934,38116.813221388955,50.077518417805003,53.9015472154272
0.19524934367594202,-0.067509544389695003,0.20506001729931708,2.228868943006609e-05,16027.085274057934,38116.813221388955,50.077518417805003,53.9015472154272
-0.19524934367594202,-0.067509544389695003,0.20506001729931708,2.228868943006609e-05,16027.085274057934,38116.813221388955,50.077518417805003,53.9015472154272
0.099098412508321507,0.060482115720451535,0.223571818312433,3.9333457401508506e-05,-67118.820506367891,19426.486164775615,-147.03974310654431,58.672535374699059
-0.099098412508321507,0.060482115720451535,0.223571818312433,3.9333457401508506e-05,-67118.820506367891,19426.486164775615,-147.03974310654431,58.672535374699059
0.099098412508321507,-0.060482115720451535,0.223571818312433,3.9333457401508506e-05,-67118.820506367891,19426.486164775615,-147.03974310654431,58.672535374699059
-0.099098412508321507,-0.060482115720451535,0.223571818312433,3.9333457401508506e-05,-67118.820506367891,19426.486164775615,-147.03974310654431,58.672535374699059
0.01647410830452321,0.12626685993372583,0.23262805265724465,2.322471587317881e-06,-7375.4632489527585,37626.585280106076,2.1254980004913477,21.816873275370508
-0.01647410830452321,0.12626685993372583,0.23262805265724465,2.322471587317881e-06,-7375.4632489527585,37626.585280106076,2.1254980004913477,21.816873275370508
0.01647410830452321,-0.12626685993372583,0.23262805265724465,2.322471587317881e-06,-7375.4632489527585,37626.585280106076,2.1254980004913477,21.816873275370508
-0.01647410830452321,-0.12626685993372583,0.23262805265724465,2.322471587317881e-06,-7375.4632489527585,37626.585280106076,2.1254980004913477,21.816873275370508
0.0051830358535476483,0.044864994318142004,0.23283186239698822,3.6100124229244923e-05,-84101.695038719088,-26443.242090938962,-213.65680173243535,-52.049109243236472
-0.0051830358535476483,0.044864994318142004,0.23283186239698822,3.6100124229244923e-05,-84101.695038719088,-26443.242090938962,-213.65680173243535,-52.049109243236472
0.0051830358535476483,-0.044864994318142004,0.23283186239698822,3.6100124229244923e-05,-84101.695038719088,-26443.242090938962,-213.65680173243535,-52.049109243236472
-0.0051830358535476483,-0.044864994318142004,0.23283186239698822,3.6100124229244923e-05,-84101.695038719088,-26443.242090938962,-213.65680173243535,-52.049109243236472
0.044632026868559715,0.1249794703512698,0.23083433492996097,4.3340326978575656e-06,-5599.7949425864317,37055.709483913786,2.3138052049193032,28.502148169168819
-0.044632026868559715,0.1249794703512698,0.23083433492996097,4.3340326978575656e-06,-5599.7949425864317,37055.709483913786,2.3138052049193032,28.502148169168819
0.044632026868559715,-0.1249794703512698,0.23083433492996097,4.3340326978575656e-06,-5599.7949425864317,37055.709483913786,2.3138052049193032,28.502148169168819
-0.044632026868559715,-0.1249794703512698,0.23083433492996097,4.3340326978575656e-06,-5599.7949425864317,37055.709483913786,2.3138052049193032,28.502148169168819
0.18723485248003296,0,0.21052338927771294,3.9722360790610922e-06,5086.8641255503971,52042.800128230294,18.536271924517031,68.072383084697563
-0.18723485248003296,0,0.21052338927771294,3.9722360790610922e-06,5086.8641255503971,52042.800128230294,18.536271924517031,68.072383084697563
0.18723485248003296,-0,0.21052338927771294,3.9722360790610922e-06,5086.8641255503971,52042.800128230294,18.536271924517031,68.072383084697563
-0.18723485248003296,-0,0.21052338927771294,3.9722360790610922e-06,5086.8641255503971,52042.800128230294,18.536271924517031,68.072383084697563
0.14014001604641069,0.048469691994686599,0.21749568823325621,4.12577154478591e-05,-50539.069841816286,47467.561594169892,-93.313621045927675,102.16630775206391
-0.14014001604641069,0.048469691994686599,0.21749568823325621,4.12577154478591e-05,-50539.069841816286,47467.561594169892,-93.313621045927675,102.16630775206391
0.14014001604641069,-0.048469691994686599,0.21749568823325621,4.12577154478591e-05,-50539.069841816286,47467.561594169892,-93.313621045927675,102.16630775206391
-0.14014001604641069,-0.048469691994686599,0.21749568823325621,4.12577154478591e-05,-50539.069841816286,47467.561594169892,-93.313621045927675,102.16630775206391
0.18632771556055197,0.064376938378703577,0.20786525716634149,3.1318187896539684e-05,5167.352419315559,48300.123690089415,29.982022758905888,78.99474745985691
-0.18632771556055197,0.064376938378703577,0.20786525716634149,3.1318187896539684e-05,5167.352419315559,48300.123690089415,29.982022758905888,78.99474745985691
0.18632771556055197,-0.064376938378703577,0.20786525716634149,3.1318187896539684e-05,5167.352419315559,48300.123690089415,29.982022758905888,78.99474745985691
-0.18632771556055197,-0.064376938378703577,0.20786525716634149,3.1318187896539684e-05,5167.352419315559,48300.123690089415,29.982022758905888,78.99474745985691
0,0.10126453638076782,0.2328978106379509,7.3167126483272172e-06,-52497.680387596432,24381.260660787048,-74.961403386622152,55.075456977644976
-0,0.10126453638076782,0.2328978106379509,7.3167126483272172e-06,-52497.680387596432,24381.260660787048,-74.961403386622152,55.075456977644976
0,-0.10126453638076782,0.2328978106379509,7.3167126483272172e-06,-52497.680387596432,24381.260660787048,-74.961403386622152,55.075456977644976
-0,-0.10126453638076782,0.2328978106379509,7.3167126483272172e-06,-52497.680387596432,24381.260660787048,-74.961403386622152,55.075456977644976
0.14746040190827484,0.016010953499619632,0.21641192220210567,2.3837845710655161e-05,-50990.656863460092,48697.144859606458,-92.085579943118859,106.37283381966107
-0.14746040190827484,0.016010953499619632,0.21641192220210567,2.3837845710655161e-05,-50990.656863460092,48697.144859606458,-92.085579943118859,106.37283381966107
0.14746040190827484,-0.016010953499619632,0.21641192220210567,2.3837845710655161e-05,-50990.656863460092,48697.144859606458,-92.085579943118859,106.37283381966107
-0.14746040190827484,-0.016010953499619632,0.21641192220210567,2.3837845710655161e-05,-50990.656863460092,48697.144859606458,-92.085579943118859,106.37283381966107
0.027307445861387059,0.12121721588106971,0.2321139131660569,1.3128838217079284e-05,-15721.394197506714,38093.789507158552,-2.6299171375364923,36.346647888981877
-0.027307445861387059,0.12121721588106971,0.2321139131660569,1.3128838217079284e-05,-15721.394197506714,38093.789507158552,-2.6299171375364923,36.346647888981877
0.027307445861387059,-0.12121721588106971,0.2321139131660569,1.3128838217079284e-05,-15721.394197506714,38093.789507158552,-2.6299171375364923,36.346647888981877
-0.027307445861387059,-0.12121721588106971,0.2321139131660569,1.3128838217079284e-05,-15721.394197506714,38093.789507158552,-2.6299171375364923,36.346647888981877
0.063238379462810246,0.1266893662012881,0.22877697315526438,4.0053570045413761e-06,1542.8483502596937,35626.066578779544,6.4808553355569716,24.503604760789031
-0.063238379462810246,0.1266893662012881,0.22877697315526438,4.0053570045413761e-06,1542.8483502596937,35626.066578779544,6.4808553355569716,24.503604760789031
0.063238379462810246,-0.1266893662012881,0.22877697315526438,4.0053570045413761e-06,1542.8483502596937,35626.066578779544,6.4808553355569716,24.503604760789031
-0.063238379462810246,-0.1266893662012881,0.22877697315526438,4.0053570045413761e-06,1542.8483502596937,35626.066578779544,6.4808553355569716,24.503604760789031
0.011463517193481317,0.12641418310257091,0.23274994279300137,4.8662241493594879e-06,-7519.3676966701132,37705.083770812518,3.9938125526507897,23.635640812358623
-0.011463517193481317,0.12641418310257091,0.23274994279300137,4.8662241493594879e-06,-7519.3676966701132,37705.083770812518,3.9938125526507897,23.635640812358623
0.011463517193481317,-0.12641418310257091,0.23274994279300137,4.8662241493594879e-06,-7519.3676966701132,37705.083770812518,3.9938125526507897,23.635640812358623
-0.011463517193481317,-0.12641418310257091,0.23274994279300137,4.8662241493594879e-06,-7519.3676966701132,37705.083770812518,3.9938125526507897,23.635640812358623
0.12879542726072551,0.046865141918196344,0.21917523468387226,3.1490212243771933e-05,-59513.239281932998,38513.816362779166,-119.6747912213913,89.613865735086918
-0.12879542726072551,0.046865141918196344,0.21917523468387226,3.1490212243771933e-05,-59513.239281932998,38513.816362779166,-119.6747912213913,89.613865735086918
0.12879542726072551,-0.046865141918196344,0.21917523468387226,3.1490212243771933e-05,-59513.239281932998,38513.816362779166,-119.6747912213913,89.613865735086918
-0.12879542726072551,-0.046865141918196344,0.21917523468387226,3.1490212243771933e-05,-59513.239281932998,38513.816362779166,-119.6747912213913,89.613865735086918
0.17571633881846052,0.063187083536229108,0.21059078136458417,4.2083332183021619e-05,-7886.5076558721794,54834.724636595791,6.5486490970401929,96.848245118845668
-0.17571633881846052,0.063187083536229108,0.21059078136458417,4.2083332183021619e-05,-7886.5076558721794,54834.724636595791,6.5486490970401929,96.848245118845668
0.17571633881846052,-0.063187083536229108,0.21059078136458417,4.2083332183021619e-05,-7886.5076558721794,54834.724636595791,6.5486490970401929,96.848245118845668
-0.17571633881846052,-0.063187083536229108,0.21059078136458417,4.2083332183021619e-05,-7886.5076558721794,54834.724636595791,6.5486490970401929,96.848245118845668
0.039134770295270599,0.12682605311677858,0.23131571546152008,3.0012604932256505e-06,-3344.3240347502574,36583.674497558488,4.5683346813054841,22.924806343327326
-0.039134770295270599,0.12682605311677858,0.23131571546152008,3.0012604932256505e-06,-3344.3240347502574,36583.674497558488,4.5683346813054841,22.924806343327326
0.039134770295270599,-0.12682605311677858,0.23131571546152008,3.0012604932256505e-06,-3344.3240347502574,36583.674497558488,4.5683346813054841,22.924806343327326
-0.039134770295270599,-0.12682605311677858,0.23131571546152008,3.0012604932256505e-06,-3344.3240347502574,36583.674497558488,4.5683346813054841,22.924806343327326
0.12134366162340773,0.089547443212427927,0.22010625727050401,1.3366351166676874e-05,-35279.316301082399,45665.155013321535,-56.956960383707397,91.599163185002922
-0.12134366162340773,0.089547443212427927,0.22010625727050401,1.3366351166676874e-05,-35279.316301082399,45665.155013321535,-56.956960383707397,91.599163185002922
0.12134366162340773,-0.089547443212427927,0.22010625727050401,1.3366351166676874e-05,-35279.316301082399,45665.155013321535,-56.956960383707397,91.599163185002922
-0.12134366162340773,-0.089547443212427927,0.22010625727050401,1.3366351166676874e-05,-35279.316301082399,45665.155013321535,-56.956960383707397,91.599163185002922
0.052301193412768787,0.0056083242788749401,0.23005596246012938,3.3882481371337659e-05,-84042.785513745242,-28152.426408134033,-215.67122211860084,-54.156864748047866
-0.052301193412768787,0.0056083242788749401,0.23005596246012938,3.3882481371337659e-05,-84042.785513745242,-28152.426408134033,-215.67122211860084,-54.156864748047866
0.052301193412768787,-0.0056083242788749401,0.23005596246012938,3.3882481371337659e-05,-84042.785513745242,-28152.426408134033,-215.67122211860084,-54.156864748047866
-0.052301193412768787,-0.0056083242788749401,0.23005596246012938,3.3882481371337659e-05,-84042.785513745242,-28152.426408134033,-215.67122211860084,-54.156864748047866
0.081764597341404691,0.091376247958139159,0.22613805905733714,3.4656333550539648e-05,-48810.063503113786,29055.323763592522,-95.453962252005923,77.169265640563651
-0.081764597341404691,0.091376247958139159,0.22613805905733714,3.4656333550539648e-05,-48810.063503113786,29055.323763592522,-95.453962252005923,77.169265640563651
0.081764597341404691,-0.091376247958139159,0.22613805905733714,3.4656333550539648e-05,-48810.063503113786,29055.323763592522,-95.453962252005923,77.169265640563651
-0.081764597341404691,-0.091376247958139159,0.22613805905733714,3.4656333550539648e-05,-48810.063503113786,29055.323763592522,-95.453962252005923,77.169265640563651
0.11844342037463673,0.042712876191465049,0.22070783235133309,2.9264977392027179e-05,-66845.530901150851,28318.96846999407,-142.46145679942521,75.548762409109003
-0.11844342037463673,0.042712876191465049,0.22070783235133309,2.9264977392027179e-05,-66845.530901150851,28318.96846999407,-142.46145679942521,75.548762409109003
0.11844342037463673,-0.042712876191465049,0.22070783235133309,2.9264977392027179e-05,-66845.530901150851,28318.96846999407,-142.46145679942521,75.548762409109003
-0.11844342037463673,-0.042712876191465049,0.22070783235133309,2.9264977392027179e-05,-66845.530901150851,28318.96846999407,-142.46145679942521,75.548762409109003
0.0064243437341283335,0.12533001791352288,0.2328385075201363,5.4106819630878208e-06,-9779.7907504651212,38023.601289003105,0.4095878837941595,26.791728012408036
-0.0064243437341283335,0.12533001791352288,0.2328385075201363,5.4106819630878208e-06,-9779.7907504651212,38023.601289003105,0.4095878837941595,26.791728012408036
0.0064243437341283335,-0.12533001791352288,0.2328385075201363,5.4106819630878208e-06,-9779.7907504651212,38023.601289003105,0.4095878837941595,26.791728012408036
-0.0064243437341283335,-0.12533001791352288,0.2328385075201363,5.4106819630878208e-06,-9779.7907504651212,38023.601289003105,0.4095878837941595,26.791728012408036
0.11812787323992208,0.073628400658756421,0.22074984812146853,2.6704037112506106e-05,-51177.072522992901,39131.391302269643,-94.582961220258099,89.943609155304401
-0.11812787323992208,0.073628400658756421,0.22074984812146853,2.6704037112506106e-05,-51177.072522992901,39131.391302269643,-94.582961220258099,89.943609155304401
0.11812787323992208,-0.073628400658756421,0.22074984812146853,2.6704037112506106e-05,-51177.072522992901,39131.391302269643,-94.582961220258099,89.943609155304401
-0.11812787323992208,-0.073628400658756421,0.22074984812146853,2.6704037112506106e-05,-51177.072522992901,39131.391302269643,-94.582961220258099,89.943609155304401
0.1673810289104255,0.059078768071555668,0.21271283036407676,3.1244446683174689e-05,-18920.197433323508,57158.669139829217,-18.66763176975584,104.34651147291424
-0.1673810289104255,0.059078768071555668,0.21271283036407676,3.1244446683174689e-05,-18920.197433323508,57158.669139829217,-18.66763176975584,104.34651147291424
0.1673810289104255,-0.059078768071555668,0.21271283036407676,3.1244446683174689e-05,-18920.197433323508,57158.669139829217,-18.66763176975584,104.34651147291424
-0.1673810289104255,-0.059078768071555668,0.21271283036407676,3.1244446683174689e-05,-18920.197433323508,57158.669139829217,-18.66763176975584,104.34651147291424
0.067948241587836786,0.12039375549342742,0.2281239074347205,9.335600067360296e-06,-8367.7114079647945,38105.964277909341,0.25586481888559998,41.710099545183809
-0.067948241587836786,0.12039375549342742,0.2281239074347205,9.335600067360296e-06,-8367.7114079647945,38105.964277909341,0.25586481888559998,41.710099545183809
0.067948241587836786,-0.12039375549342742,0.2281239074347205,9.335600067360296e-06,-8367.7114079647945,38105.964277909341,0.25586481888559998,41.710099545183809
-0.067948241587836786,-0.12039375549342742,0.2281239074347205,9.335600067360296e-06,-8367.7114079647945,38105.964277909341,0.25586481888559998,41.710099545183809
0.019384564228636991,0.12102532417835894,0.23246303010398722,1.0796245231803622e-05,-17035.418302111884,38193.138302918218,-3.5730585183348333,36.290758616170855
-0.019384564228636991,0.12102532417835894,0.23246303010398722,1.0796245231803622e-05,-17035.418302111884,38193.138302918218,-3.5730585183348333,36.290758616170855
0.019384564228636991,-0.12102532417835894,0.23246303010398722,1.0796245231803622e-05,-17035.418302111884,38193.138302918218,-3.5730585183348333,36.290758616170855
-0.019384564228636991,-0.12102532417835894,0.23246303010398722,1.0796245231803622e-05,-17035.418302111884,38193.138302918218,-3.5730585183348333,36.290758616170855
0.0094682289294980501,0.12082459667531097,0.2327850100746629,1.1185682213522033e-05,-18264.313406819485,38250.597038166357,-5.7424807979416004,38.697141918018218
-0.0094682289294980501,0.12082459667531097,0.2327850100746629,1.1185682213522033e-05,-18264.313406819485,38250.597038166357,-5.7424807979416004,38.697141918018218
0.0094682289294980501,-0.12082459667531097,0.2327850100746629,1.1185682213522033e-05,-18264.313406819485,38250.597038166357,-5.7424807979416004,38.697141918018218
-0.0094682289294980501,-0.12082459667531097,0.2327850100746629,1.1185682213522033e-05,-18264.313406819485,38250.597038166357,-5.7424807979416004,38.697141918018218
0.014805085166427447,0.12016391453042403,0.2326345687613432,1.2525584868063227e-05,-19091.60870884961,38142.05004073734,-7.3283374941858845,39.775835199940609
-0.014805085166427447,0.12016391453042403,0.2326345687613432,1.2525584868063227e-05,-19091.60870884961,38142.05004073734,-7.3283374941858845,39.775835199940609
0.014805085166427447,-0.12016391453042403,0.2326345687613432,1.2525584868063227e-05,-19091.60870884961,38142.05004073734,-7.3283374941858845,39.775835199940609
-0.014805085166427447,-0.12016391453042403,0.2326345687613432,1.2525584868063227e-05,-19091.60870884961,38142.05004073734,-7.3283374941858845,39.775835199940609
0.10973878016867381,0.038888387541190804,0.2219965340054024,2.6649261270155167e-05,-71670.854449760736,18897.041443934126,-154.79498789103471,54.710215612120805
-0.10973878016867381,0.038888387541190804,0.2219965340054024,2.6649261270155167e-05,-71670.854449760736,18897.041443934126,-154.79498789103471,54.710215612120805
0.10973878016867381,-0.038888387541190804,0.2219965340054024,2.6649261270155167e-05,-71670.854449760736,18897.041443934126,-154.79498789103471,54.710215612120805
-0.10973878016867381,-0.038888387541190804,0.2219965340054024,2.6649261270155167e-05,-71670.854449760736,18897.041443934126,-154.79498789103471,54.710215612120805
0.15714286267757416,0.056251619011163712,0.21479005366563797,3.1222811205691379e-05,-31340.538832359562,56276.303949013556,-45.493818310540611,104.71911737596999
-0.15714286267757416,0.056251619011163712,0.21479005366563797,3.1222811205691379e-05,-31340.538832359562,56276.303949013556,-45.493818310540611,104.71911737596999
0.15714286267757416,-0.056251619011163712,0.21479005366563797,3.1222811205691379e-05,-31340.538832359562,56276.303949013556,-45.493818310540611,104.71911737596999
-0.15714286267757416,-0.056251619011163712,0.21479005366563797,3.1222811205691379e-05,-31340.538832359562,56276.303949013556,-45.493818310540611,104.71911737596999
0.038342210793584797,0.11727155468113828,0.23135147068949941,1.256125311943567e-05,-21279.278157791181,37446.339858095926,-14.457684315202975,49.677054186642685
-0.038342210793584797,0.11727155468113828,0.23135147068949941,1.256125311943567e-05,-21279.278157791181,37446.339858095926,-14.457684315202975,49.677054186642685
0.038342210793584797,-0.11727155468113828,0.23135147068949941,1.256125311943567e-05,-21279.278157791181,37446.339858095926,-14.457684315202975,49.677054186642685
-0.038342210793584797,-0.11727155468113828,0.23135147068949941,1.256125311943567e-05,-21279.278157791181,37446.339858095926,-14.457684315202975,49.677054186642685
0.19254163803843849,0.0022654182684847301,0.20973773423570896,6.9804887443584662e-06,14275.537450154874,46564.26577734865,33.134734119162921,60.403546583569131
-0.19254163803843849,0.0022654182684847301,0.20973773423570896,6.9804887443584662e-06,14275.537450154874,46564.26577734865,33.134734119162921,60.403546583569131
0.19254163803843849,-0.0022654182684847301,0.20973773423570896,6.9804887443584662e-06,14275.537450154874,46564.26577734865,33.134734119162921,60.403546583569131
-0.19254163803843849,-0.0022654182684847301,0.20973773423570896,6.9804887443584662e-06,14275.537450154874,46564.26577734865,33.134734119162921,60.403546583569131
0.10789861950921968,0.092866673376035422,0.22223516516365557,3.6776579102867508e-05,-37558.649373699875,40935.751228437191,-68.182022139067669,91.868623401332442
-0.10789861950921968,0.092866673376035422,0.22223516516365557,3.6776579102867508e-05,-37558.649373699875,40935.751228437191,-68.182022139067669,91.868623401332442
0.10789861950921968,-0.092866673376035422,0.22223516516365557,3.6776579102867508e-05,-37558.649373699875,40935.751228437191,-68.182022139067669,91.868623401332442
-0.10789861950921968,-0.092866673376035422,0.22223516516365557,3.6776579102867508e-05,-37558.649373699875,40935.751228437191,-68.182022139067669,91.868623401332442
0.066425061870754615,0.12381332888775705,0.22834634685111277,8.7978874297528388e-06,-2659.3411899246616,37009.138460237162,4.1834920978436001,33.136926561882298
-0.066425061870754615,0.12381332888775705,0.22834634685111277,8.7978874297528388e-06,-2659.3411899246616,37009.138460237162,4.1834920978436001,33.136926561882298
0.066425061870754615,-0.12381332888775705,0.22834634685111277,8.7978874297528388e-06,-2659.3411899246616,37009.138460237162,4.1834920978436001,33.136926561882298
-0.066425061870754615,-0.12381332888775705,0.22834634685111277,8.7978874297528388e-06,-2659.3411899246616,37009.138460237162,4.1834920978436001,33.136926561882298
0.075185128570502274,0.12638900648119186,0.22707716634320602,4.3358113180471491e-06,3802.7444417819875,35533.566867943402,9.270869236555459,25.722649627048348
-0.075185128570502274,0.12638900648119186,0.22707716634320602,4.3358113180471491e-06,3802.7444417819875,35533.566867943402,9.270869236555459,25.722649627048348
0.075185128570502274,-0.12638900648119186,0.22707716634320602,4.3358113180471491e-06,3802.7444417819875,35533.566867943402,9.270869236555459,25.722649627048348
-0.075185128570502274,-0.12638900648119186,0.22707716634320602,4.3358113180471491e-06,3802.7444417819875,35533.566867943402,9.270869236555459,25.722649627048348
0.029056723196043667,0.12633869183416246,0.23202178582891125,4.8342455356457804e-06,-5856.4803109822396,37199.651124797638,3.7193026626868533,23.487172274666282
-0.029056723196043667,0.12633869183416246,0.23202178582891125,4.8342455356457804e-06,-5856.4803109822396,37199.651124797638,3.7193026626868533,23.487172274666282
0.029056723196043667,-0.12633869183416246,0.23202178582891125,4.8342455356457804e-06,-5856.4803109822396,37199.651124797638,3.7193026626868533,23.487172274666282
-0.029056723196043667,-0.12633869183416246,0.23202178582891125,4.8342455356457804e-06,-5856.4803109822396,37199.651124797638,3.7193026626868533,23.487172274666282
0.012376893135682744,0.12028527959984901,0.2327126975002318,5.3249928023375653e-06,-19072.497167346603,38130.469296027557,-9.4151650708848305,39.86427509697797
-0.012376893135682744,0.12028527959984901,0.2327126975002318,5.3249928023375653e-06,-19072.497167346603,38130.469296027557,-9.4151650708848305,39.86427509697797
0.012376893135682744,-0.12028527959984901,0.2327126975002318,5.3249928023375653e-06,-19072.497167346603,38130.469296027557,-9.4151650708848305,39.86427509697797
-0.012376893135682744,-0.12028527959984901,0.2327126975002318,5.3249928023375653e-06,-19072.497167346603,38130.469296027557,-9.4151650708848305,39.86427509697797
0.0029526260119787681,0.12232569489795865,0.23284944127481855,7.3227389858001027e-06,-15563.745313002495,38369.959413109216,-4.6132958843878695,38.152905377103338
-0.0029526260119787681,0.12232569489795865,0.23284944127481855,7.3227389858001027e-06,-15563.745313002495,38369.959413109216,-4.6132958843878695,38.152905377103338
0.0029526260119787681,-0.12232569489795865,0.23284944127481855,7.3227389858001027e-06,-15563.745313002495,38369.959413109216,-4.6132958843878695,38.152905377103338
-0.0029526260119787681,-0.12232569489795865,0.23284944127481855,7.3227389858001027e-06,-15563.745313002495,38369.959413109216,-4.6132958843878695,38.152905377103338
0.14787417100423975,0.026570049419730686,0.21635066465374572,2.6120983280173359e-05,-49116.234405639785,49815.690946872972,-90.09192668013435,107.94990133708798
-0.14787417100423975,0.026570049419730686,0.21635066465374572,2.6120983280173359e-05,-49116.234405639785,49815.690946872972,-90.09192668013435,107.94990133708798
0.14787417100423975,-0.026570049419730686,0.21635066465374572,2.6120983280173359e-05,-49116.234405639785,49815.690946872972,-90.09192668013435,107.94990133708798
-0.14787417100423975,-0.026570049419730686,0.21635066465374572,2.6120983280173359e-05,-49116.234405639785,49815.690946872972,-90.09192668013435,107.94990133708798
0.1004281919511017,0.036748353057125226,0.22337494484748685,3.0036537957581396e-05,-75123.335113588095,10180.504458721673,-171.90049372424758,41.838667701010031
-0.1004281919511017,0.036748353057125226,0.22337494484748685,3.0036537957581396e-05,-75123.335113588095,10180.504458721673,-171.90049372424758,41.838667701010031
0.1004281919511017,-0.036748353057125226,0.22337494484748685,3.0036537957581396e-05,-75123.335113588095,10180.504458721673,-171.90049372424758,41.838667701010031
-0.1004281919511017,-0.036748353057125226,0.22337494484748685,3.0036537957581396e-05,-75123.335113588095,10180.504458721673,-171.90049372424758,41.838667701010031
0.13905744427268318,0,0.21765596040060436,1.2477162824591245e-05,-60443.328398487931,40187.815646190102,-112.57286723065214,87.559024361623813
-0.13905744427268318,0,0.21765596040060436,1.2477162824591245e-05,-60443.328398487931,40187.815646190102,-112.57286723065214,87.559024361623813
0.13905744427268318,-0,0.21765596040060436,1.2477162824591245e-05,-60443.328398487931,40187.815646190102,-112.57286723065214,87.559024361623813
-0.13905744427268318,-0,0.21765596040060436,1.2477162824591245e-05,-60443.328398487931,40187.815646190102,-112.57286723065214,87.559024361623813
0.0030306492215157223,0.12937598170046691,0.23280298038405747,6.736745254919736e-07,-2503.1602917596488,36620.043028951739,9.9593865155590713,32.990545353607523
-0.0030306492215157223,0.12937598170046691,0.23280298038405747,6.736745254919736e-07,-2503.1602917596488,36620.043028951739,9.9593865155590713,32.990545353607523
0.0030306492215157223,-0.12937598170046691,0.23280298038405747,6.736745254919736e-07,-2503.1602917596488,36620.043028951739,9.9593865155590713,32.990545353607523
-0.0030306492215157223,-0.12937598170046691,0.23280298038405747,6.736745254919736e-07,-2503.1602917596488,36620.043028951739,9.9593865155590713,32.990545353607523
0.15730790793895721,0.12999999523162842,0.20681585371494293,1.5691034765089783e-05,21074.664291644007,23220.981613948308,46.907710416727497,25.553027973427945
-0.15730790793895721,0.12999999523162842,0.20681585371494293,1.5691034765089783e-05,21074.664291644007,23220.981613948308,46.907710416727497,25.553027973427945
0.15730790793895721,-0.12999999523162842,0.20681585371494293,1.5691034765089783e-05,21074.664291644007,23220.981613948308,46.907710416727497,25.553027973427945
-0.15730790793895721,-0.12999999523162842,0.20681585371494293,1.5691034765089783e-05,21074.664291644007,23220.981613948308,46.907710416727497,25.553027973427945
0.013962473826552737,0.12917186250008444,0.2327060234766653,1.9130911949190909e-06,-2380.4676282220826,36537.457684463021,8.234527830630233,27.183908864287215
-0.013962473826552737,0.12917186250008444,0.2327060234766653,1.9130911949190909e-06,-2380.4676282220826,36537.457684463021,8.234527830630233,27.183908864287215
0.013962473826552737,-0.12917186250008444,0.2327060234766653,1.9130911949190909e-06,-2380.4676282220826,36537.457684463021,8.234527830630233,27.183908864287215
-0.013962473826552737,-0.12917186250008444,0.2327060234766653,1.9130911949190909e-06,-2380.4676282220826,36537.457684463021,8.234527830630233,27.183908864287215
0.072455622080593099,0.12359706658500047,0.22750881931046832,8.0703201419452555e-06,-1573.3706314987967,37105.831288487127,4.4411802074911186,34.10571743528596
-0.072455622080593099,0.12359706658500047,0.22750881931046832,8.0703201419452555e-06,-1573.3706314987967,37105.831288487127,4.4411802074911186,34.10571743528596
0.072455622080593099,-0.12359706658500047,0.22750881931046832,8.0703201419452555e-06,-1573.3706314987967,37105.831288487127,4.4411802074911186,34.10571743528596
-0.072455622080593099,-0.12359706658500047,0.22750881931046832,8.0703201419452555e-06,-1573.3706314987967,37105.831288487127,4.4411802074911186,34.10571743528596
0.076247933317112659,0.083805466336929382,0.22695478162712349,3.0222266844798038e-05,-58080.027601037895,21191.106124470971,-119.78736916693195,65.2957044432343
-0.076247933317112659,0.083805466336929382,0.22695478162712349,3.0222266844798038e-05,-58080.027601037895,21191.106124470971,-119.78736916693195,65.2957044432343
0.076247933317112659,-0.083805466336929382,0.22695478162712349,3.0222266844798038e-05,-58080.027601037895,21191.106124470971,-119.78736916693195,65.2957044432343
-0.076247933317112659,-0.083805466336929382,0.22695478162712349,3.0222266844798038e-05,-58080.027601037895,21191.106124470971,-119.78736916693195,65.2957044432343
0.0070169548422164153,0.1203742103062751,0.23282578769795026,6.4391091825282931e-06,-19238.704828147183,38184.586385789247,-9.1168654566194096,39.551447789054251
-0.0070169548422164153,0.1203742103062751,0.23282578769795026,6.4391091825282931e-06,-19238.704828147183,38184.586385789247,-9.1168654566194096,39.551447789054251
0.0070169548422164153,-0.1203742103062751,0.23282578769795026,6.4391091825282931e-06,-19238.704828147183,38184.586385789247,-9.1168654566194096,39.551447789054251
-0.0070169548422164153,-0.1203742103062751,0.23282578769795026,6.4391091825282931e-06,-19238.704828147183,38184.586385789247,-9.1168654566194096,39.551447789054251
0.0084025501479349559,0.12376113565677312,0.23280373985693961,6.0750666951788752e-06,-12661.495300837858,38267.944243477199,-0.62390668780464564,29.952623229687699
-0.0084025501479349559,0.12376113565677312,0.23280373985693961,6.0750666951788752e-06,-12661.495300837858,38267.944243477199,-0.62390668780464564,29.952623229687699
0.0084025501479349559,-0.12376113565677312,0.23280373985693961,6.0750666951788752e-06,-12661.495300837858,38267.944243477199,-0.62390668780464564,29.952623229687699
-0.0084025501479349559,-0.12376113565677312,0.23280373985693961,6.0750666951788752e-06,-12661.495300837858,38267.944243477199,-0.62390668780464564,29.952623229687699
0.0085334328663801799,0.12908877405105049,0.23280144020697915,2.3424337432370993e-06,-2863.5290368479186,36703.155306074848,8.0319269238111843,27.278469251364989
-0.0085334328663801799,0.12908877405105049,0.23280144020697915,2.3424337432370993e-06,-2863.5290368479186,36703.155306074848,8.0319269238111843,27.278469251364989
0.0085334328663801799,-0.12908877405105049,0.23280144020697915,2.3424337432370993e-06,-2863.5290368479186,36703.155306074848,8.0319269238111843,27.278469251364989
-0.0085334328663801799,-0.12908877405105049,0.23280144020697915,2.3424337432370993e-06,-2863.5290368479186,36703.155306074848,8.0319269238111843,27.278469251364989
0.090774956215481539,0.035308606527651089,0.22480408385441475,3.1232790739970188e-05,-77638.054429543496,1683.0747633406411,-184.82978573806921,25.843976385548572
-0.090774956215481539,0.035308606527651089,0.22480408385441475,3.1232790739970188e-05,-77638.054429543496,1683.0747633406411,-184.82978573806921,25.843976385548572
0.090774956215481539,-0.035308606527651089,0.22480408385441475,3.1232790739970188e-05,-77638.054429543496,1683.0747633406411,-184.82978573806921,25.843976385548572
-0.090774956215481539,-0.035308606527651089,0.22480408385441475,3.1232790739970188e-05,-77638.054429543496,1683.0747633406411,-184.82978573806921,25.843976385548572
0.13723596597358287,0.087869787216917294,0.21722057585523083,2.6504796743503566e-05,-28149.819583357938,51065.71777612008,-40.127718380049508,99.668156811935091
-0.13723596597358287,0.087869787216917294,0.21722057585523083,2.6504796743503566e-05,-28149.819583357938,51065.71777612008,-40.127718380049508,99.668156811935091
0.13723596597358287,-0.087869787216917294,0.21722057585523083,2.6504796743503566e-05,-28149.819583357938,51065.71777612008,-40.127718380049508,99.668156811935091
-0.13723596597358287,-0.087869787216917294,0.21722057585523083,2.6504796743503566e-05,-28149.819583357938,51065.71777612008,-40.127718380049508,99.668156811935091
0.036866423106604852,0.12920107174805515,0.23151434896354181,9.0890054077179148e-07,403.09751080724243,35509.828240393043,10.267947547031126,30.551602537034345
-0.036866423106604852,0.12920107174805515,0.23151434896354181,9.0890054077179148e-07,403.09751080724243,35509.828240393043,10.267947547031126,30.551602537034345
0.036866423106604852,-0.12920107174805515,0.23151434896354181,9.0890054077179148e-07,403.09751080724243,35509.828240393043,10.267947547031126,30.551602537034345
-0.036866423106604852,-0.12920107174805515,0.23151434896354181,9.0890054077179148e-07,403.09751080724243,35509.828240393043,10.267947547031126,30.551602537034345
0.031552604885494849,0.12092063251619518,0.23185951745140712,1.1316738640620456e-05,-15617.81388942915,37971.870093188198,-5.3832723301630354,38.577273163460667
-0.031552604885494849,0.12092063251619518,0.23185951745140712,1.1316738640620456e-05,-15617.81388942915,37971.870093188198,-5.3832723301630354,38.577273163460667
0.031552604885494849,-0.12092063251619518,0.23185951745140712,1.1316738640620456e-05,-15617.81388942915,37971.870093188198,-5.3832723301630354,38.577273163460667
-0.031552604885494849,-0.12092063251619518,0.23185951745140712,1.1316738640620456e-05,-15617.81388942915,37971.870093188198,-5.3832723301630354,38.577273163460667
0.19529347455430809,0.076769899116746448,0.20368546680821589,2.9296093337920538e-05,16325.665326140694,35601.498540389548,53.345189095567413,52.638196444962688
-0.19529347455430809,0.076769899116746448,0.20368546680821589,2.9296093337920538e-05,16325.665326140694,35601.498540389548,53.345189095567413,52.638196444962688
0.19529347455430809,-0.076769899116746448,0.20368546680821589,2.9296093337920538e-05,16325.665326140694,35601.498540389548,53.345189095567413,52.638196444962688
-0.19529347455430809,-0.076769899116746448,0.20368546680821589,2.9296093337920538e-05,16325.665326140694,35601.498540389548,53.345189095567413,52.638196444962688
0.045094382960372326,0.12284664034775682,0.23079384689086613,5.4136851125822629e-06,-9394.3656425672107,37587.234095971551,-0.60595125418685325,33.993650447176535
-0.045094382960372326,0.12284664034775682,0.23079384689086613,5.4136851125822629e-06,-9394.3656425672107,37587.234095971551,-0.60595125418685325,33.993650447176535
0.045094382960372326,-0.12284664034775682,0.23079384689086613,5.4136851125822629e-06,-9394.3656425672107,37587.234095971551,-0.60595125418685325,33.993650447176535
-0.045094382960372326,-0.12284664034775682,0.23079384689086613,5.4136851125822629e-06,-9394.3656425672107,37587.234095971551,-0.60595125418685325,33.993650447176535
0.14809010694600064,0.037260698915341145,0.21631869584185506,2.2742749251346421e-05,-46761.683647528975,50904.28023669884,-83.191247477070732,104.15892846727263
-0.14809010694600064,0.037260698915341145,0.21631869584185506,2.2742749251346421e-05,-46761.683647528975,50904.28023669884,-83.191247477070732,104.15892846727263
0.14809010694600064,-0.037260698915341145,0.21631869584185506,2.2742749251346421e-05,-46761.683647528975,50904.28023669884,-83.191247477070732,104.15892846727263
-0.14809010694600064,-0.037260698915341145,0.21631869584185506,2.2742749251346421e-05,-46761.683647528975,50904.28023669884,-83.191247477070732,104.15892846727263
0.056622385941348316,0.064497203595075908,0.22958513649389123,1.2705696669844978e-05,-74771.423109741474,-2782.7190409105119,-152.85009028554322,10.689371714955072
-0.056622385941348316,0.064497203595075908,0.22958513649389123,1.2705696669844978e-05,-74771.423109741474,-2782.7190409105119,-152.85009028554322,10.689371714955072
0.056622385941348316,-0.064497203595075908,0.22958513649389123,1.2705696669844978e-05,-74771.423109741474,-2782.7190409105119,-152.85009028554322,10.689371714955072
-0.056622385941348316,-0.064497203595075908,0.22958513649389123,1.2705696669844978e-05,-74771.423109741474,-2782.7190409105119,-152.85009028554322,10.689371714955072
0.077310474599048717,0.12762651717598938,0.22673461941332157,7.4519621605846026e-06,6318.8634342477571,34579.795575280972,10.907701987555656,24.522695127684333
-0.077310474599048717,0.12762651717598938,0.22673461941332157,7.4519621605846026e-06,6318.8634342477571,34579.795575280972,10.907701987555656,24.522695127684333
0.077310474599048717,-0.12762651717598938,0.22673461941332157,7.4519621605846026e-06,6318.8634342477571,34579.795575280972,10.907701987555656,24.522695127684333
-0.077310474599048717,-0.12762651717598938,0.22673461941332157,7.4519621605846026e-06,6318.8634342477571,34579.795575280972,10.907701987555656,24.522695127684333
0.077884831616973418,0.12292266728463454,0.226677093358857,6.399541381098025e-06,-1363.7762293218316,37487.270082666771,6.0125000460525717,35.755037565096657
-0.077884831616973418,0.12292266728463454,0.226677093358857,6.399541381098025e-06,-1363.7762293218316,37487.270082666771,6.0125000460525717,35.755037565096657
0.077884831616973418,-0.12292266728463454,0.226677093358857,6.399541381098025e-06,-1363.7762293218316,37487.270082666771,6.0125000460525717,35.755037565096657
-0.077884831616973418,-0.12292266728463454,0.226677093358857,6.399541381098025e-06,-1363.7762293218316,37487.270082666771,6.0125000460525717,35.755037565096657
0.07693973591260235,0.12510697703829318,0.22681373456939499,4.2551129972220401e-06,2099.5407365997066,36302.87212642641,7.3993589399505213,28.506793279648424
-0.07693973591260235,0.12510697703829318,0.22681373456939499,4.2551129972220401e-06,2099.5407365997066,36302.87212642641,7.3993589399505213,28.506793279648424
0.07693973591260235,-0.12510697703829318,0.22681373456939499,4.2551129972220401e-06,2099.5407365997066,36302.87212642641,7.3993589399505213,28.506793279648424
-0.07693973591260235,-0.12510697703829318,0.22681373456939499,4.2551129972220401e-06,2099.5407365997066,36302.87212642641,7.3993589399505213,28.506793279648424
0.031292979810872625,0.12398995453037052,0.23188115373528931,7.6203957598755546e-06,-9813.4021356971061,37749.972379178595,0.91623410887492751,29.107342772448707
-0.031292979810872625,0.12398995453037052,0.23188115373528931,7.6203957598755546e-06,-9813.4021356971061,37749.972379178595,0.91623410887492751,29.107342772448707
0.031292979810872625,-0.12398995453037052,0.23188115373528931,7.6203957598755546e-06,-9813.4021356971061,37749.972379178595,0.91623410887492751,29.107342772448707
-0.031292979810872625,-0.12398995453037052,0.23188115373528931,7.6203957598755546e-06,-9813.4021356971061,37749.972379178595,0.91623410887492751,29.107342772448707
0.081139429291716372,0.031465123400177153,0.22623060827102864,3.1172119586251369e-05,-79759.323490244817,-7178.9047603250647,-186.95487949740075,2.2388627906198657
-0.081139429291716372,0.031465123400177153,0.22623060827102864,3.1172119586251369e-05,-79759.323490244817,-7178.9047603250647,-186.95487949740075,2.2388627906198657
0.081139429291716372,-0.031465123400177153,0.22623060827102864,3.1172119586251369e-05,-79759.323490244817,-7178.9047603250647,-186.95487949740075,2.2388627906198657
-0.081139429291716372,-0.031465123400177153,0.22623060827102864,3.1172119586251369e-05,-79759.323490244817,-7178.9047603250647,-186.95487949740075,2.2388627906198657
0.089248501674517505,0.12200828815385237,0.22487990266476271,1.2651217897373545e-05,-150.26014307242193,38171.136511669727,3.7998565758748959,41.373821452576529
-0.089248501674517505,0.12200828815385237,0.22487990266476271,1.2651217897373545e-05,-150.26014307242193,38171.136511669727,3.7998565758748959,41.373821452576529
0.089248501674517505,-0.12200828815385237,0.22487990266476271,1.2651217897373545e-05,-150.26014307242193,38171.136511669727,3.7998565758748959,41.373821452576529
-0.089248501674517505,-0.12200828815385237,0.22487990266476271,1.2651217897373545e-05,-150.26014307242193,38171.136511669727,3.7998565758748959,41.373821452576529
0.18653796328028088,0.076058105547481172,0.20635982266108693,3.2883077701823745e-05,7126.8558270622816,45220.817784644074,35.287408157077287,72.788344693797555
-0.18653796328028088,0.076058105547481172,0.20635982266108693,3.2883077701823745e-05,7126.8558270622816,45220.817784644074,35.287408157077287,72.788344693797555
0.18653796328028088,-0.076058105547481172,0.20635982266108693,3.2883077701823745e-05,7126.8558270622816,45220.817784644074,35.287408157077287,72.788344693797555
-0.18653796328028088,-0.076058105547481172,0.20635982266108693,3.2883077701823745e-05,7126.8558270622816,45220.817784644074,35.287408157077287,72.788344693797555
0.0016308727822525698,0.12715433498787346,0.23291689925897338,2.1876338035060005e-06,-6476.7554865662387,37542.054922380397,2.2782633184945396,22.227747944337676
-0.0016308727822525698,0.12715433498787346,0.23291689925897338,2.1876338035060005e-06,-6476.7554865662387,37542.054922380397,2.2782633184945396,22.227747944337676
0.0016308727822525698,-0.12715433498787346,0.23291689925897338,2.1876338035060005e-06,-6476.7554865662387,37542.054922380397,2.2782633184945396,22.227747944337676
-0.0016308727822525698,-0.12715433498787346,0.23291689925897338,2.1876338035060005e-06,-6476.7554865662387,37542.054922380397,2.2782633184945396,22.227747944337676
0.042009761018064126,0.12933693709447089,0.23095601615695191,9.441894200416422e-07,1543.7501539744096,35121.68306483487,10.369933474294516,30.501807762319004
-0.042009761018064126,0.12933693709447089,0.23095601615695191,9.441894200416422e-07,1543.7501539744096,35121.68306483487,10.369933474294516,30.501807762319004
0.042009761018064126,-0.12933693709447089,0.23095601615695191,9.441894200416422e-07,1543.7501539744096,35121.68306483487,10.369933474294516,30.501807762319004
-0.042009761018064126,-0.12933693709447089,0.23095601615695191,9.441894200416422e-07,1543.7501539744096,35121.68306483487,10.369933474294516,30.501807762319004
0.081440428684653593,0.12646874130819574,0.22609560324877181,8.411115572313065e-06,5415.2658901025998,35354.848529388109,10.7445907673569,26.080595997654658
-0.081440428684653593,0.12646874130819574,0.22609560324877181,8.411115572313065e-06,5415.2658901025998,35354.848529388109,10.7445907673569,26.080595997654658
0.081440428684653593,-0.12646874130819574,0.22609560324877181,8.411115572313065e-06,5415.2658901025998,35354.848529388109,10.7445907673569,26.080595997654658
-0.081440428684653593,-0.12646874130819574,0.22609560324877181,8.411115572313065e-06,5415.2658901025998,35354.848529388109,10.7445907673569,26.080595997654658
0.060696346402150561,0.12918672599912981,0.22908749286880847,1.4513349316337858e-06,5122.4546930788483,34104.728642658694,11.442177077745583,25.875316116142344
-0.060696346402150561,0.12918672599912981,0.22908749286880847,1.4513349316337858e-06,5122.4546930788483,34104.728642658694,11.442177077745583,25.875316116142344
0.060696346402150561,-0.12918672599912981,0.22908749286880847,1.4513349316337858e-06,5122.4546930788483,34104.728642658694,11.442177077745583,25.875316116142344
-0.060696346402150561,-0.12918672599912981,0.22908749286880847,1.4513349316337858e-06,5122.4546930788483,34104.728642658694,11.442177077745583,25.875316116142344
0.036038053732024317,0.1242797692059549,0.23155339616844692,6.5189042654188392e-06,-8495.0984929931037,37552.307017177161,1.9329167333361237,28.985489410372338
-0.036038053732024317,0.1242797692059549,0.23155339616844692,6.5189042654188392e-06,-8495.0984929931037,37552.307017177161,1.9329167333361237,28.985489410372338
0.036038053732024317,-0.1242797692059549,0.23155339616844692,6.5189042654188392e-06,-8495.0984929931037,37552.307017177161,1.9329167333361237,28.985489410372338
-0.036038053732024317,-0.1242797692059549,0.23155339616844692,6.5189042654188392e-06,-8495.0984929931037,37552.307017177161,1.9329167333361237,28.985489410372338
0.013987871098776829,0.12308645165687883,0.23267955646327754,4.578690425359276e-06,-13553.143454125498,38240.285852488974,-3.0333562525758246,32.660323316977248
-0.013987871098776829,0.12308645165687883,0.23267955646327754,4.578690425359276e-06,-13553.143454125498,38240.285852488974,-3.0333562525758246,32.660323316977248
0.013987871098776829,-0.12308645165687883,0.23267955646327754,4.578690425359276e-06,-13553.143454125498,38240.285852488974,-3.0333562525758246,32.660323316977248
-0.013987871098776829,-0.12308645165687883,0.23267955646327754,4.578690425359276e-06,-13553.143454125498,38240.285852488974,-3.0333562525758246,32.660323316977248
0.065598443900786715,0.12914105019298519,0.22833671999637775,1.1934930225919481e-06,6076.7883668289705,33909.328050721531,15.909690745853478,33.082393018223719
-0.065598443900786715,0.12914105019298519,0.22833671999637775,1.1934930225919481e-06,6076.7883668289705,33909.328050721531,15.909690745853478,33.082393018223719
0.065598443900786715,-0.12914105019298519,0.22833671999637775,1.1934930225919481e-06,6076.7883668289705,33909.328050721531,15.909690745853478,33.082393018223719
-0.065598443900786715,-0.12914105019298519,0.22833671999637775,1.1934930225919481e-06,6076.7883668289705,33909.328050721531,15.909690745853478,33.082393018223719
0.18549273856216547,0.070193405617619956,0.20738757657264603,2.9163998955793985e-05,4974.1511674547464,47684.535181430911,31.339674580649014,78.225890299114639
-0.18549273856216547,0.070193405617619956,0.20738757657264603,2.9163998955793985e-05,4974.1511674547464,47684.535181430911,31.339674580649014,78.225890299114639
0.18549273856216547,-0.070193405617619956,0.20738757657264603,2.9163998955793985e-05,4974.1511674547464,47684.535181430911,31.339674580649014,78.225890299114639
-0.18549273856216547,-0.070193405617619956,0.20738757657264603,2.9163998955793985e-05,4974.1511674547464,47684.535181430911,31.339674580649014,78.225890299114639
0.19286028042660189,0,0.20969055935155512,1.8167503615521994e-06,14640.299934706458,46273.049086462976,28.714801575317249,48.999335906265038
-0.19286028042660189,0,0.20969055935155512,1.8167503615521994e-06,14640.299934706458,46273.049086462976,28.714801575317249,48.999335906265038
0.19286028042660189,-0,0.20969055935155512,1.8167503615521994e-06,14640.299934706458,46273.049086462976,28.714801575317249,48.999335906265038
-0.19286028042660189,-0,0.20969055935155512,1.8167503615521994e-06,14640.299934706458,46273.049086462976,28.714801575317249,48.999335906265038
0.0015779844488985713,0.12388180037214443,0.23287719096053985,4.1860027904402559e-06,-12631.885139865695,38279.756359259605,-1.7001184270468555,30.398414023948707
-0.0015779844488985713,0.12388180037214443,0.23287719096053985,4.1860027904402559e-06,-12631.885139865695,38279.756359259605,-1.7001184270468555,30.398414023948707
0.0015779844488985713,-0.12388180037214443,0.23287719096053985,4.1860027904402559e-06,-12631.885139865695,38279.756359259605,-1.7001184270468555,30.398414023948707
-0.0015779844488985713,-0.12388180037214443,0.23287719096053985,4.1860027904402559e-06,-12631.885139865695,38279.756359259605,-1.7001184270468555,30.398414023948707
0.018433752794588257,0.12404630289214418,0.23253272324279498,4.9891423694499948e-06,-11339.186894417828,38070.944120906832,-1.0497432862786755,29.830342817205459
-0.018433752794588257,0.12404630289214418,0.23253272324279498,4.9891423694499948e-06,-11339.186894417828,38070.944120906832,-1.0497432862786755,29.830342817205459
0.018433752794588257,-0.12404630289214418,0.23253272324279498,4.9891423694499948e-06,-11339.186894417828,38070.944120906832,-1.0497432862786755,29.830342817205459
-0.018433752794588257,-0.12404630289214418,0.23253272324279498,4.9891423694499948e-06,-11339.186894417828,38070.944120906832,-1.0497432862786755,29.830342817205459
0,0.12711717356691399,0.23291643825649005,1.5537646192764622e-06,-6639.0715133035246,37573.230510081223,2.3939240080715205,18.69893991559471
-0,0.12711717356691399,0.23291643825649005,1.5537646192764622e-06,-6639.0715133035246,37573.230510081223,2.3939240080715205,18.69893991559471
0,-0.12711717356691399,0.23291643825649005,1.5537646192764622e-06,-6639.0715133035246,37573.230510081223,2.3939240080715205,18.69893991559471
-0,-0.12711717356691399,0.23291643825649005,1.5537646192764622e-06,-6639.0715133035246,37573.230510081223,2.3939240080715205,18.69893991559471
0.042619870521221619,0.037101856740645242,0.23101052986441847,3.6599518791193564e-05,-83122.447191270025,-24087.300801273861,-193.11910042892234,-39.332332181658963
-0.042619870521221619,0.037101856740645242,0.23101052986441847,3.6599518791193564e-05,-83122.447191270025,-24087.300801273861,-193.11910042892234,-39.332332181658963
0.042619870521221619,-0.037101856740645242,0.23101052986441847,3.6599518791193564e-05,-83122.447191270025,-24087.300801273861,-193.11910042892234,-39.332332181658963
-0.042619870521221619,-0.037101856740645242,0.23101052986441847,3.6599518791193564e-05,-83122.447191270025,-24087.300801273861,-193.11910042892234,-39.332332181658963
0.17571672400405844,0.071054908215691048,0.20987273300524489,3.0057333058538377e-05,-5772.8108663008325,53267.708022600586,8.1866299655577315,93.439918869928391
-0.17571672400405844,0.071054908215691048,0.20987273300524489,3.0057333058538377e-05,-5772.8108663008325,53267.708022600586,8.1866299655577315,93.439918869928391
0.17571672400405844,-0.071054908215691048,0.20987273300524489,3.0057333058538377e-05,-5772.8108663008325,53267.708022600586,8.1866299655577315,93.439918869928391
-0.17571672400405844,-0.071054908215691048,0.20987273300524489,3.0057333058538377e-05,-5772.8108663008325,53267.708022600586,8.1866299655577315,93.439918869928391
0.077367278789314473,0.12956904160962163,0.22662461080007407,1.5278991718264901e-06,9393.5740696628945,32960.586254676185,17.860054717328371,29.572617907321426
-0.077367278789314473,0.12956904160962163,0.22662461080007407,1.5278991718264901e-06,9393.5740696628945,32960.586254676185,17.860054717328371,29.572617907321426
0.077367278789314473,-0.12956904160962163,0.22662461080007407,1.5278991718264901e-06,9393.5740696628945,32960.586254676185,17.860054717328371,29.572617907321426
-0.077367278789314473,-0.12956904160962163,0.22662461080007407,1.5278991718264901e-06,9393.5740696628945,32960.586254676185,17.860054717328371,29.572617907321426
0.072752221455879368,0.078029687398459363,0.22747144998875682,3.4056524772606982e-05,-63674.019515392116,15105.309465927012,-136.10042455114288,52.512453431018443
-0.072752221455879368,0.078029687398459363,0.22747144998875682,3.4056524772606982e-05,-63674.019515392116,15105.309465927012,-136.10042455114288,52.512453431018443
0.072752221455879368,-0.078029687398459363,0.22747144998875682,3.4056524772606982e-05,-63674.019515392116,15105.309465927012,-136.10042455114288,52.512453431018443
-0.072752221455879368,-0.078029687398459363,0.22747144998875682,3.4056524772606982e-05,-63674.019515392116,15105.309465927012,-136.10042455114288,52.512453431018443
0.03795236444220515,0.12818775658889842,0.23141887337232267,1.6647723249428621e-06,-1196.2191492059553,36011.951219732509,6.7984093433658614,25.07198166081724
-0.03795236444220515,0.12818775658889842,0.23141887337232267,1.6647723249428621e-06,-1196.2191492059553,36011.951219732509,6.7984093433658614,25.07198166081724
0.03795236444220515,-0.12818775658889842,0.23141887337232267,1.6647723249428621e-06,-1196.2191492059553,36011.951219732509,6.7984093433658614,25.07198166081724
-0.03795236444220515,-0.12818775658889842,0.23141887337232267,1.6647723249428621e-06,-1196.2191492059553,36011.951219732509,6.7984093433658614,25.07198166081724
0.0097309835365412163,0.12754943402172686,0.23278039269521414,2.5911880434018106e-06,-5551.3740515774189,37325.215947602999,3.6198960181410706,25.277060951324234
-0.0097309835365412163,0.12754943402172686,0.23278039269521414,2.5911880434018106e-06,-5551.3740515774189,37325.215947602999,3.6198960181410706,25.277060951324234
0.0097309835365412163,-0.12754943402172686,0.23278039269521414,2.5911880434018106e-06,-5551.3740515774189,37325.215947602999,3.6198960181410706,25.277060951324234
-0.0097309835365412163,-0.12754943402172686,0.23278039269521414,2.5911880434018106e-06,-5551.3740515774189,37325.215947602999,3.6198960181410706,25.277060951324234
0.04380060223314039,0.12637396906357157,0.23090714033509549,3.182927344629233e-06,-3258.8682658380321,36576.376917339163,4.8555049936990544,22.684237914981917
-0.04380060223314039,0.12637396906357157,0.23090714033509549,3.182927344629233e-06,-3258.8682658380321,36576.376917339163,4.8555049936990544,22.684237914981917
0.04380060223314039,-0.12637396906357157,0.23090714033509549,3.182927344629233e-06,-3258.8682658380321,36576.376917339163,4.8555049936990544,22.684237914981917
-0.04380060223314039,-0.12637396906357157,0.23090714033509549,3.182927344629233e-06,-3258.8682658380321,36576.376917339163,4.8555049936990544,22.684237914981917
0.012831321209292486,0.12473266186015777,0.2327245651211346,2.9260576142738398e-06,-10533.907237322757,38082.933119010071,2.1559248699020022,26.48020482819598
-0.012831321209292486,0.12473266186015777,0.2327245651211346,2.9260576142738398e-06,-10533.907237322757,38082.933119010071,2.1559248699020022,26.48020482819598
0.012831321209292486,-0.12473266186015777,0.2327245651211346,2.9260576142738398e-06,-10533.907237322757,38082.933119010071,2.1559248699020022,26.48020482819598
-0.012831321209292486,-0.12473266186015777,0.2327245651211346,2.9260576142738398e-06,-10533.907237322757,38082.933119010071,2.1559248699020022,26.48020482819598
0.037559635743345601,0.040568334859996426,0.23143972748117136,2.1919300095211018e-05,-83079.023559181325,-23852.850488950637,-192.65336793027197,-40.707307034893738
-0.037559635743345601,0.040568334859996426,0.23143972748117136,2.1919300095211018e-05,-83079.023559181325,-23852.850488950637,-192.65336793027197,-40.707307034893738
0.037559635743345601,-0.040568334859996426,0.23143972748117136,2.1919300095211018e-05,-83079.023559181325,-23852.850488950637,-192.65336793027197,-40.707307034893738
-0.037559635743345601,-0.040568334859996426,0.23143972748117136,2.1919300095211018e-05,-83079.023559181325,-23852.850488950637,-192.65336793027197,-40.707307034893738
0.062014558848427735,0.12827077946893267,0.22892490726875703,2.048029208006829e-06,3893.872445146395,34690.423783738668,9.0413752269341519,22.276155185900794
-0.062014558848427735,0.12827077946893267,0.22892490726875703,2.048029208006829e-06,3893.872445146395,34690.423783738668,9.0413752269341519,22.276155185900794
0.062014558848427735,-0.12827077946893267,0.22892490726875703,2.048029208006829e-06,3893.872445146395,34690.423783738668,9.0413752269341519,22.276155185900794
-0.062014558848427735,-0.12827077946893267,0.22892490726875703,2.048029208006829e-06,3893.872445146395,34690.423783738668,9.0413752269341519,22.276155185900794
0.043082394267008675,0.12779702432030743,0.23096899669887166,1.9322060280524434e-06,-914.0195517219156,35939.617004961052,6.1156149954964949,22.075901354855603
-0.043082394267008675,0.12779702432030743,0.23096899669887166,1.9322060280524434e-06,-914.0195517219156,35939.617004961052,6.1156149954964949,22.075901354855603
0.043082394267008675,-0.12779702432030743,0.23096899669887166,1.9322060280524434e-06,-914.0195517219156,35939.617004961052,6.1156149954964949,22.075901354855603
-0.043082394267008675,-0.12779702432030743,0.23096899669887166,1.9322060280524434e-06,-914.0195517219156,35939.617004961052,6.1156149954964949,22.075901354855603
0.04046488830032851,0.12788098401513848,0.2311992403656776,2.1634225413740661e-06,-1238.5922792019192,36013.862874374558,4.4486505760698645,21.356004471462093
-0.04046488830032851,0.12788098401513848,0.2311992403656776,2.1634225413740661e-06,-1238.5922792019192,36013.862874374558,4.4486505760698645,21.356004471462093
0.04046488830032851,-0.12788098401513848,0.2311992403656776,2.1634225413740661e-06,-1238.5922792019192,36013.862874374558,4.4486505760698645,21.356004471462093
-0.04046488830032851,-0.12788098401513848,0.2311992403656776,2.1634225413740661e-06,-1238.5922792019192,36013.862874374558,4.4486505760698645,21.356004471462093
0.071955010676980194,0.030810581222930608,0.22758364131126121,2.8515330067578863e-05,-81053.938439461708,-13053.504795943225,-196.53017542166134,-12.397392747168622
-0.071955010676980194,0.030810581222930608,0.22758364131126121,2.8515330067578863e-05,-81053.938439461708,-13053.504795943225,-196.53017542166134,-12.397392747168622
0.071955010676980194,-0.030810581222930608,0.22758364131126121,2.8515330067578863e-05,-81053.938439461708,-13053.504795943225,-196.53017542166134,-12.397392747168622
-0.071955010676980194,-0.030810581222930608,0.22758364131126121,2.8515330067578863e-05,-81053.938439461708,-13053.504795943225,-196.53017542166134,-12.397392747168622
0.14662918121769233,0.047553186466394129,0.21652295460702453,2.6728802592693683e-05,-45143.991053969185,51379.228331516155,-77.216632218753489,106.45661738478334
-0.14662918121769233,0.047553186466394129,0.21652295460702453,2.6728802592693683e-05,-45143.991053969185,51379.228331516155,-77.216632218753489,106.45661738478334
0.14662918121769233,-0.047553186466394129,0.21652295460702453,2.6728802592693683e-05,-45143.991053969185,51379.228331516155,-77.216632218753489,106.45661738478334
-0.14662918121769233,-0.047553186466394129,0.21652295460702453,2.6728802592693683e-05,-45143.991053969185,51379.228331516155,-77.216632218753489,106.45661738478334
0.1666666716337204,0.068044416606426239,0.21228785067796707,2.1050101505336468e-05,-16528.419313457074,56408.943280849024,-9.6099571795066794,103.10461933572228
-0.1666666716337204,0.068044416606426239,0.21228785067796707,2.1050101505336468e-05,-16528.419313457074,56408.943280849024,-9.6099571795066794,103.10461933572228
0.1666666716337204,-0.068044416606426239,0.21228785067796707,2.1050101505336468e-05,-16528.419313457074,56408.943280849024,-9.6099571795066794,103.10461933572228
-0.1666666716337204,-0.068044416606426239,0.21228785067796707,2.1050101505336468e-05,-16528.419313457074,56408.943280849024,-9.6099571795066794,103.10461933572228
0.042847871463871617,0.016548692485981068,0.23099056618696756,2.6519884045097284e-05,-84285.019007536277,-30479.017530906236,-199.06684332411717,-57.305715550512275
-0.042847871463871617,0.016548692485981068,0.23099056618696756,2.6519884045097284e-05,-84285.019007536277,-30479.017530906236,-199.06684332411717,-57.305715550512275
0.042847871463871617,-0.016548692485981068,0.23099056618696756,2.6519884045097284e-05,-84285.019007536277,-30479.017530906236,-199.06684332411717,-57.305715550512275
-0.042847871463871617,-0.016548692485981068,0.23099056618696756,2.6519884045097284e-05,-84285.019007536277,-30479.017530906236,-199.06684332411717,-57.305715550512275
0.073460030913275673,0.061582937035296118,0.22736753177558502,2.0891417166307714e-05,-72983.977023650281,3312.5700789966595,-166.89046716700423,25.76932531448821
-0.073460030913275673,0.061582937035296118,0.22736753177558502,2.0891417166307714e-05,-72983.977023650281,3312.5700789966595,-166.89046716700423,25.76932531448821
0.073460030913275673,-0.061582937035296118,0.22736753177558502,2.0891417166307714e-05,-72983.977023650281,3312.5700789966595,-166.89046716700423,25.76932531448821
-0.073460030913275673,-0.061582937035296118,0.22736753177558502,2.0891417166307714e-05,-72983.977023650281,3312.5700789966595,-166.89046716700423,25.76932531448821
0.10420357144793845,0.086986934327794044,0.22281600922958664,2.993417006309709e-05,-45480.939034639283,36936.882476779341,-85.838414154482578,89.777507688932033
-0.10420357144793845,0.086986934327794044,0.22281600922958664,2.993417006309709e-05,-45480.939034639283,36936.882476779341,-85.838414154482578,89.777507688932033
0.10420357144793845,-0.086986934327794044,0.22281600922958664,2.993417006309709e-05,-45480.939034639283,36936.882476779341,-85.838414154482578,89.777507688932033
-0.10420357144793845,-0.086986934327794044,0.22281600922958664,2.993417006309709e-05,-45480.939034639283,36936.882476779341,-85.838414154482578,89.777507688932033
0.13844534150248988,0.057785809534636259,0.21773890249627881,2.6661445846116402e-05,-47972.341190796382,48004.466896182079,-85.747812415005242,100.96947119095775
-0.13844534150248988,0.057785809534636259,0.21773890249627881,2.6661445846116402e-05,-47972.341190796382,48004.466896182079,-85.747812415005242,100.96947119095775
0.13844534150248988,-0.057785809534636259,0.21773890249627881,2.6661445846116402e-05,-47972.341190796382,48004.466896182079,-85.747812415005242,100.96947119095775
-0.13844534150248988,-0.057785809534636259,0.21773890249627881,2.6661445846116402e-05,-47972.341190796382,48004.466896182079,-85.747812415005242,100.96947119095775
0.016125183462735639,0.12307870327142745,0.23260180870768099,6.6180805761270609e-06,-13372.684773954725,38226.740989662721,-2.2109632755363506,32.635909554170517
-0.016125183462735639,0.12307870327142745,0.23260180870768099,6.6180805761270609e-06,-13372.684773954725,38226.740989662721,-2.2109632755363506,32.635909554170517
0.016125183462735639,-0.12307870327142745,0.23260180870768099,6.6180805761270609e-06,-13372.684773954725,38226.740989662721,-2.2109632755363506,32.635909554170517
-0.016125183462735639,-0.12307870327142745,0.23260180870768099,6.6180805761270609e-06,-13372.684773954725,38226.740989662721,-2.2109632755363506,32.635909554170517
0.052390696222117582,0.016543421510942041,0.23004608347474684,2.5123751403761132e-05,-83869.018429683128,-26725.787911004176,-207.39475539934716,-46.484191121733616
-0.052390696222117582,0.016543421510942041,0.23004608347474684,2.5123751403761132e-05,-83869.018429683128,-26725.787911004176,-207.39475539934716,-46.484191121733616
0.052390696222117582,-0.016543421510942041,0.23004608347474684,2.5123751403761132e-05,-83869.018429683128,-26725.787911004176,-207.39475539934716,-46.484191121733616
-0.052390696222117582,-0.016543421510942041,0.23004608347474684,2.5123751403761132e-05,-83869.018429683128,-26725.787911004176,-207.39475539934716,-46.484191121733616
8.6736173798840355e-19,0.12493390594370599,0.23288994713029879,1.8110291153049352e-06,-10721.033826899808,38139.166489745519,0.70949291515235458,22.633516248375027
-8.6736173798840355e-19,0.12493390594370599,0.23288994713029879,1.8110291153049352e-06,-10721.033826899808,38139.166489745519,0.70949291515235458,22.633516248375027
8.6736173798840355e-19,-0.12493390594370599,0.23288994713029879,1.8110291153049352e-06,-10721.033826899808,38139.166489745519,0.70949291515235458,22.633516248375027
-8.6736173798840355e-19,-0.12493390594370599,0.23288994713029879,1.8110291153049352e-06,-10721.033826899808,38139.166489745519,0.70949291515235458,22.633516248375027
0.073055341226072948,0.10308305907545522,0.22742102166426201,1.2441722251238907e-05,-36405.344347495156,34055.890805034171,-61.998525700326546,74.014944505816388
-0.073055341226072948,0.10308305907545522,0.22742102166426201,1.2441722251238907e-05,-36405.344347495156,34055.890805034171,-61.998525700326546,74.014944505816388
0.073055341226072948,-0.10308305907545522,0.22742102166426201,1.2441722251238907e-05,-36405.344347495156,34055.890805034171,-61.998525700326546,74.014944505816388
-0.073055341226072948,-0.10308305907545522,0.22742102166426201,1.2441722251238907e-05,-36405.344347495156,34055.890805034171,-61.998525700326546,74.014944505816388
0.12935042840030919,0.054383829520694718,0.21909306725719496,3.389485384573796e-05,-56172.987701475453,40859.044951225362,-109.0248677526355,92.731720371462217
-0.12935042840030919,0.054383829520694718,0.21909306725719496,3.389485384573796e-05,-56172.987701475453,40859.044951225362,-109.0248677526355,92.731720371462217
0.12935042840030919,-0.054383829520694718,0.21909306725719496,3.389485384573796e-05,-56172.987701475453,40859.044951225362,-109.0248677526355,92.731720371462217
-0.12935042840030919,-0.054383829520694718,0.21909306725719496,3.389485384573796e-05,-56172.987701475453,40859.044951225362,-109.0248677526355,92.731720371462217
0.059664843812450866,0.064263580285497682,0.22921348661930929,9.5028810269158168e-06,-74363.857133943879,-1569.6486588258463,-163.10433975225999,13.886835813744433
-0.059664843812450866,0.064263580285497682,0.22921348661930929,9.5028810269158168e-06,-74363.857133943879,-1569.6486588258463,-163.10433975225999,13.886835813744433
0.059664843812450866,-0.064263580285497682,0.22921348661930929,9.5028810269158168e-06,-74363.857133943879,-1569.6486588258463,-163.10433975225999,13.886835813744433
-0.059664843812450866,-0.064263580285497682,0.22921348661930929,9.5028810269158168e-06,-74363.857133943879,-1569.6486588258463,-163.10433975225999,13.886835813744433
0.1276392704885449,0.10422036149206132,0.21827944150133166,4.0425391828186948e-05,-15428.543430613458,47868.178661159967,-13.08470555055448,87.31367008662501
-0.1276392704885449,0.10422036149206132,0.21827944150133166,4.0425391828186948e-05,-15428.543430613458,47868.178661159967,-13.08470555055448,87.31367008662501
0.1276392704885449,-0.10422036149206132,0.21827944150133166,4.0425391828186948e-05,-15428.543430613458,47868.178661159967,-13.08470555055448,87.31367008662501
-0.1276392704885449,-0.10422036149206132,0.21827944150133166,4.0425391828186948e-05,-15428.543430613458,47868.178661159967,-13.08470555055448,87.31367008662501
0.14658555518834709,0.057685095505171056,0.2164794970612193,2.7226453218755399e-05,-41133.42045002729,52587.508058561099,-65.144065712181884,105.93221890172799
-0.14658555518834709,0.057685095505171056,0.2164794970612193,2.7226453218755399e-05,-41133.42045002729,52587.508058561099,-65.144065712181884,105.93221890172799
0.14658555518834709,-0.057685095505171056,0.2164794970612193,2.7226453218755399e-05,-41133.42045002729,52587.508058561099,-65.144065712181884,105.93221890172799
-0.14658555518834709,-0.057685095505171056,0.2164794970612193,2.7226453218755399e-05,-41133.42045002729,52587.508058561099,-65.144065712181884,105.93221890172799
0.19502396577427011,0.083289014966602168,0.20267701963857654,3.0319161062623947e-05,16358.142096783258,33834.276502443565,54.929926216999789,51.069190125610731
-0.19502396577427011,0.083289014966602168,0.20267701963857654,3.0319161062623947e-05,16358.142096783258,33834.276502443565,54.929926216999789,51.069190125610731
0.19502396577427011,-0.083289014966602168,0.20267701963857654,3.0319161062623947e-05,16358.142096783258,33834.276502443565,54.929926216999789,51.069190125610731
-0.19502396577427011,-0.083289014966602168,0.20267701963857654,3.0319161062623947e-05,16358.142096783258,33834.276502443565,54.929926216999789,51.069190125610731
0.061904763802886009,0.025223189033567905,0.22893987596035004,2.7793172479245455e-05,-82593.371207463657,-20497.564872754898,-197.44040201366147,-30.43006099267792
-0.061904763802886009,0.025223189033567905,0.22893987596035004,2.7793172479245455e-05,-82593.371207463657,-20497.564872754898,-197.44040201366147,-30.43006099267792
0.061904763802886009,-0.025223189033567905,0.22893987596035004,2.7793172479245455e-05,-82593.371207463657,-20497.564872754898,-197.44040201366147,-30.43006099267792
-0.061904763802886009,-0.025223189033567905,0.22893987596035004,2.7793172479245455e-05,-82593.371207463657,-20497.564872754898,-197.44040201366147,-30.43006099267792
0.10929335638511962,0.11432963619129241,0.22149117905135038,1.7433447471343854e-05,-7324.0872167440211,42934.646699345511,-2.5351145352164708,68.666885958654262
-0.10929335638511962,0.11432963619129241,0.22149117905135038,1.7433447471343854e-05,-7324.0872167440211,42934.646699345511,-2.5351145352164708,68.666885958654262
0.10929335638511962,-0.11432963619129241,0.22149117905135038,1.7433447471343854e-05,-7324.0872167440211,42934.646699345511,-2.5351145352164708,68.666885958654262
-0.10929335638511962,-0.11432963619129241,0.22149117905135038,1.7433447471343854e-05,-7324.0872167440211,42934.646699345511,-2.5351145352164708,68.666885958654262
0.14257831104400609,0.0072974544093118397,0.21713470435314622,2.5641595867880144e-05,-56336.267141651224,44423.977920807964,-110.08345570462899,100.85216737504574
-0.14257831104400609,0.0072974544093118397,0.21713470435314622,2.5641595867880144e-05,-56336.267141651224,44423.977920807964,-110.08345570462899,100.85216737504574
0.14257831104400609,-0.0072974544093118397,0.21713470435314622,2.5641595867880144e-05,-56336.267141651224,44423.977920807964,-110.08345570462899,100.85216737504574
-0.14257831104400609,-0.0072974544093118397,0.21713470435314622,2.5641595867880144e-05,-56336.267141651224,44423.977920807964,-110.08345570462899,100.85216737504574
0.15235316631637838,0.12327007347762935,0.20961280855747752,2.5970195814508072e-05,15065.836285128244,33527.851081207475,37.288940871013189,41.302906997421935
-0.15235316631637838,0.12327007347762935,0.20961280855747752,2.5970195814508072e-05,15065.836285128244,33527.851081207475,37.288940871013189,41.302906997421935
0.15235316631637838,-0.12327007347762935,0.20961280855747752,2.5970195814508072e-05,15065.836285128244,33527.851081207475,37.288940871013189,41.302906997421935
-0.15235316631637838,-0.12327007347762935,0.20961280855747752,2.5970195814508072e-05,15065.836285128244,33527.851081207475,37.288940871013189,41.302906997421935
0.0045894771603007456,0.065378597925293491,0.23285214792448375,2.0691143009181417e-05,-79549.441337728742,-11989.728700036047,-186.6239394963344,-11.72901617607428
-0.0045894771603007456,0.065378597925293491,0.23285214792448375,2.0691143009181417e-05,-79549.441337728742,-11989.728700036047,-186.6239394963344,-11.72901617607428
0.0045894771603007456,-0.065378597925293491,0.23285214792448375,2.0691143009181417e-05,-79549.441337728742,-11989.728700036047,-186.6239394963344,-11.72901617607428
-0.0045894771603007456,-0.065378597925293491,0.23285214792448375,2.0691143009181417e-05,-79549.441337728742,-11989.728700036047,-186.6239394963344,-11.72901617607428
0.19597203235438579,0.1200005266604284,0.19444267422124137,1.9777939775363632e-05,19841.74576752587,11517.335942049738,49.113250208639613,9.7128853404899917
-0.19597203235438579,0.1200005266604284,0.19444267422124137,1.9777939775363632e-05,19841.74576752587,11517.335942049738,49.113250208639613,9.7128853404899917
0.19597203235438579,-0.1200005266604284,0.19444267422124137,1.9777939775363632e-05,19841.74576752587,11517.335942049738,49.113250208639613,9.7128853404899917
-0.19597203235438579,-0.1200005266604284,0.19444267422124137,1.9777939775363632e-05,19841.74576752587,11517.335942049738,49.113250208639613,9.7128853404899917
0.11950890657025566,0.049751647049830677,0.22055008960836003,3.4773130164502658e-05,-63724.732055898174,31569.189714268949,-134.88856047659635,79.13821963168121
-0.11950890657025566,0.049751647049830677,0.22055008960836003,3.4773130164502658e-05,-63724.732055898174,31569.189714268949,-134.88856047659635,79.13821963168121
0.11950890657025566,-0.049751647049830677,0.22055008960836003,3.4773130164502658e-05,-63724.732055898174,31569.189714268949,-134.88856047659635,79.13821963168121
-0.11950890657025566,-0.049751647049830677,0.22055008960836003,3.4773130164502658e-05,-63724.732055898174,31569.189714268949,-134.88856047659635,79.13821963168121
0.19982330707371912,0.0051101996402675301,0.20860012262311359,1.0836541013246956e-05,25683.919322425198,35471.596710804173,42.531283892823694,36.811769800131039
-0.19982330707371912,0.0051101996402675301,0.20860012262311359,1.0836541013246956e-05,25683.919322425198,35471.596710804173,42.531283892823694,36.811769800131039
0.19982330707371912,-0.0051101996402675301,0.20860012262311359,1.0836541013246956e-05,25683.919322425198,35471.596710804173,42.531283892823694,36.811769800131039
-0.19982330707371912,-0.0051101996402675301,0.20860012262311359,1.0836541013246956e-05,25683.919322425198,35471.596710804173,42.531283892823694,36.811769800131039
0.14749833748948601,0.063574103408076038,0.21622180793272194,2.8696112681996273e-05,-37398.319886301164,53516.911422451332,-60.607130593138933,109.02935656882909
-0.14749833748948601,0.063574103408076038,0.21622180793272194,2.8696112681996273e-05,-37398.319886301164,53516.911422451332,-60.607130593138933,109.02935656882909
0.14749833748948601,-0.063574103408076038,0.21622180793272194,2.8696112681996273e-05,-37398.319886301164,53516.911422451332,-60.607130593138933,109.02935656882909
-0.14749833748948601,-0.063574103408076038,0.21622180793272194,2.8696112681996273e-05,-37398.319886301164,53516.911422451332,-60.607130593138933,109.02935656882909
0.18688241945542275,0.083460905954700626,0.2052054248483674,3.9896177707826718e-05,9010.0433256702581,42392.395840894591,38.719300731887238,69.933667579593731
-0.18688241945542275,0.083460905954700626,0.2052054248483674,3.9896177707826718e-05,9010.0433256702581,42392.395840894591,38.719300731887238,69.933667579593731
0.18688241945542275,-0.083460905954700626,0.2052054248483674,3.9896177707826718e-05,9010.0433256702581,42392.395840894591,38.719300731887238,69.933667579593731
-0.18688241945542275,-0.083460905954700626,0.2052054248483674,3.9896177707826718e-05,9010.0433256702581,42392.395840894591,38.719300731887238,69.933667579593731
0.10447201283011079,0.0072464038089954629,0.22277626661010613,2.2660649344600561e-05,-77623.501368450074,7691.7946659675272,-177.77612368098957,36.616930623287466
-0.10447201283011079,0.0072464038089954629,0.22277626661010613,2.2660649344600561e-05,-77623.501368450074,7691.7946659675272,-177.77612368098957,36.616930623287466
0.10447201283011079,-0.0072464038089954629,0.22277626661010613,2.2660649344600561e-05,-77623.501368450074,7691.7946659675272,-177.77612368098957,36.616930623287466
-0.10447201283011079,-0.0072464038089954629,0.22277626661010613,2.2660649344600561e-05,-77623.501368450074,7691.7946659675272,-177.77612368098957,36.616930623287466
0.14766568215194983,0.07269596474803354,0.21590070271768619,2.5871482695171963e-05,-32258.58486624746,53833.391253907175,-47.510839816253764,103.25103548465131
-0.14766568215194983,0.07269596474803354,0.21590070271768619,2.5871482695171963e-05,-32258.58486624746,53833.391253907175,-47.510839816253764,103.25103548465131
0.14766568215194983,-0.07269596474803354,0.21590070271768619,2.5871482695171963e-05,-32258.58486624746,53833.391253907175,-47.510839816253764,103.25103548465131
-0.14766568215194983,-0.07269596474803354,0.21590070271768619,2.5871482695171963e-05,-32258.58486624746,53833.391253907175,-47.510839816253764,103.25103548465131
0.17078151253836144,0.00870871883295944,0.21295927234763831,2.36793481170237e-05,-21287.921788893986,58166.19467847568,-24.103046095585643,106.98975660005327
-0.17078151253836144,0.00870871883295944,0.21295927234763831,2.36793481170237e-05,-21287.921788893986,58166.19467847568,-24.103046095585643,106.98975660005327
0.17078151253836144,-0.00870871883295944,0.21295927234763831,2.36793481170237e-05,-21287.921788893986,58166.19467847568,-24.103046095585643,106.98975660005327
-0.17078151253836144,-0.00870871883295944,0.21295927234763831,2.36793481170237e-05,-21287.921788893986,58166.19467847568,-24.103046095585643,106.98975660005327
0.18145738886279997,0.0115133021877185,0.21137873277735456,2.4812365032975217e-05,-4089.1925212139054,55723.724072567114,8.2628903435405654,91.237882829927074
-0.18145738886279997,0.0115133021877185,0.21137873277735456,2.4812365032975217e-05,-4089.1925212139054,55723.724072567114,8.2628903435405654,91.237882829927074
0.18145738886279997,-0.0115133021877185,0.21137873277735456,2.4812365032975217e-05,-4089.1925212139054,55723.724072567114,8.2628903435405654,91.237882829927074
-0.18145738886279997,-0.0115133021877185,0.21137873277735456,2.4812365032975217e-05,-4089.1925212139054,55723.724072567114,8.2628903435405654,91.237882829927074
0.190476194024086,0.013865134678781033,0.20998530834913254,2.284946745885553e-05,10886.845356187649,48788.981206168151,31.152758372870668,64.998264313024137
-0.190476194024086,0.013865134678781033,0.20998530834913254,2.284946745885553e-05,10886.845356187649,48788.981206168151,31.152758372870668,64.998264313024137
0.190476194024086,-0.013865134678781033,0.20998530834913254,2.284946745885553e-05,10886.845356187649,48788.981206168151,31.152758372870668,64.998264313024137
-0.190476194024086,-0.013865134678781033,0.20998530834913254,2.284946745885553e-05,10886.845356187649,48788.981206168151,31.152758372870668,64.998264313024137
0.20000000298023224,0.016649415250867605,0.20830093324184418,1.3931489970750248e-05,25427.550347667908,35242.367261214633,45.565313298913033,36.656779182909801
-0.20000000298023224,0.016649415250867605,0.20830093324184418,1.3931489970750248e-05,25427.550347667908,35242.367261214633,45.565313298913033,36.656779182909801
0.20000000298023224,-0.016649415250867605,0.20830093324184418,1.3931489970750248e-05,25427.550347667908,35242.367261214633,45.565313298913033,36.656779182909801
-0.20000000298023224,-0.016649415250867605,0.20830093324184418,1.3931489970750248e-05,25427.550347667908,35242.367261214633,45.565313298913033,36.656779182909801
0.11384855375147379,0.010434265573561436,0.22138809162424841,2.4774833927043587e-05,-74389.114166248386,17104.176156119891,-166.43816386610058,52.582780518972129
-0.11384855375147379,0.010434265573561436,0.22138809162424841,2.4774833927043587e-05,-74389.114166248386,17104.176156119891,-166.43816386610058,52.582780518972129
0.11384855375147379,-0.010434265573561436,0.22138809162424841,2.4774833927043587e-05,-74389.114166248386,17104.176156119891,-166.43816386610058,52.582780518972129
-0.11384855375147379,-0.010434265573561436,0.22138809162424841,2.4774833927043587e-05,-74389.114166248386,17104.176156119891,-166.43816386610058,52.582780518972129
0.16691774900047704,0.10130744852357262,0.20853572590216243,3.6877347677031655e-05,1837.7915616915161,46105.118297801841,23.722855311862755,78.304820895421258
-0.16691774900047704,0.10130744852357262,0.20853572590216243,3.6877347677031655e-05,1837.7915616915161,46105.118297801841,23.722855311862755,78.304820895421258
0.16691774900047704,-0.10130744852357262,0.20853572590216243,3.6877347677031655e-05,1837.7915616915161,46105.118297801841,23.722855311862755,78.304820895421258
-0.16691774900047704,-0.10130744852357262,0.20853572590216243,3.6877347677031655e-05,1837.7915616915161,46105.118297801841,23.722855311862755,78.304820895421258
0.11019531482706743,0.049739231948707899,0.22192894511539765,2.5263059710144332e-05,-67956.663536617009,23408.755981341597,-147.83654443425377,65.856114566333588
-0.11019531482706743,0.049739231948707899,0.22192894511539765,2.5263059710144332e-05,-67956.663536617009,23408.755981341597,-147.83654443425377,65.856114566333588
0.11019531482706743,-0.049739231948707899,0.22192894511539765,2.5263059710144332e-05,-67956.663536617009,23408.755981341597,-147.83654443425377,65.856114566333588
-0.11019531482706743,-0.049739231948707899,0.22192894511539765,2.5263059710144332e-05,-67956.663536617009,23408.755981341597,-147.83654443425377,65.856114566333588
0.17572476709369511,0.080242920306517085,0.20885732314301605,3.1081747827093141e-05,-2577.8446925202666,50963.413233862731,16.520028417417734,86.900005497865223
-0.17572476709369511,0.080242920306517085,0.20885732314301605,3.1081747827093141e-05,-2577.8446925202666,50963.413233862731,16.520028417417734,86.900005497865223
0.17572476709369511,-0.080242920306517085,0.20885732314301605,3.1081747827093141e-05,-2577.8446925202666,50963.413233862731,16.520028417417734,86.900005497865223
-0.17572476709369511,-0.080242920306517085,0.20885732314301605,3.1081747827093141e-05,-2577.8446925202666,50963.413233862731,16.520028417417734,86.900005497865223
0.12400374641461601,0.01207647103079448,0.21988463878505851,2.1484754401174101e-05,-69573.787806156033,27453.66089013889,-149.02914443368886,71.394642379735998
-0.12400374641461601,0.01207647103079448,0.21988463878505851,2.1484754401174101e-05,-69573.787806156033,27453.66089013889,-149.02914443368886,71.394642379735998
0.12400374641461601,-0.01207647103079448,0.21988463878505851,2.1484754401174101e-05,-69573.787806156033,27453.66089013889,-149.02914443368886,71.394642379735998
-0.12400374641461601,-0.01207647103079448,0.21988463878505851,2.1484754401174101e-05,-69573.787806156033,27453.66089013889,-149.02914443368886,71.394642379735998
0.13330654127183819,0.015116102060020689,0.21850736825386985,2.8620698691377792e-05,-63382.615229013827,36807.708329220564,-133.00148285958315,89.926754046743028
-0.13330654127183819,0.015116102060020689,0.21850736825386985,2.8620698691377792e-05,-63382.615229013827,36807.708329220564,-133.00148285958315,89.926754046743028
0.13330654127183819,-0.015116102060020689,0.21850736825386985,2.8620698691377792e-05,-63382.615229013827,36807.708329220564,-133.00148285958315,89.926754046743028
-0.13330654127183819,-0.015116102060020689,0.21850736825386985,2.8620698691377792e-05,-63382.615229013827,36807.708329220564,-133.00148285958315,89.926754046743028
0.033310960382950047,0.013957706888583474,0.23172855368270082,2.9335843324373929e-05,-84700.46573834095,-33609.896524471871,-200.68478996600754,-70.115346488572897
-0.033310960382950047,0.013957706888583474,0.23172855368270082,2.9335843324373929e-05,-84700.46573834095,-33609.896524471871,-200.68478996600754,-70.115346488572897
0.033310960382950047,-0.013957706888583474,0.23172855368270082,2.9335843324373929e-05,-84700.46573834095,-33609.896524471871,-200.68478996600754,-70.115346488572897
-0.033310960382950047,-0.013957706888583474,0.23172855368270082,2.9335843324373929e-05,-84700.46573834095,-33609.896524471871,-200.68478996600754,-70.115346488572897
0.14332811197481601,0.018097176125585323,0.21702369807639102,2.3981681682970955e-05,-54780.958984921839,45562.834869519713,-105.91136248252397,98.048525364402337
-0.14332811197481601,0.018097176125585323,0.21702369807639102,2.3981681682970955e-05,-54780.958984921839,45562.834869519713,-105.91136248252397,98.048525364402337
0.14332811197481601,-0.018097176125585323,0.21702369807639102,2.3981681682970955e-05,-54780.958984921839,45562.834869519713,-105.91136248252397,98.048525364402337
-0.14332811197481601,-0.018097176125585323,0.21702369807639102,2.3981681682970955e-05,-54780.958984921839,45562.834869519713,-105.91136248252397,98.048525364402337
0.1950963414507548,0.10304418343959489,0.19881591142065155,2.6355652811272247e-05,18415.121507951619,24591.481922511808,59.000829994722785,33.42448962305776
-0.1950963414507548,0.10304418343959489,0.19881591142065155,2.6355652811272247e-05,18415.121507951619,24591.481922511808,59.000829994722785,33.42448962305776
0.1950963414507548,-0.10304418343959489,0.19881591142065155,2.6355652811272247e-05,18415.121507951619,24591.481922511808,59.000829994722785,33.42448962305776
-0.1950963414507548,-0.10304418343959489,0.19881591142065155,2.6355652811272247e-05,18415.121507951619,24591.481922511808,59.000829994722785,33.42448962305776
0.052273046043326478,0.025092320143143308,0.23005906926150579,2.4151668534787049e-05,-83378.34003297468,-24707.195882851964,-203.9780875584959,-43.715954872946654
-0.052273046043326478,0.025092320143143308,0.23005906926150579,2.4151668534787049e-05,-83378.34003297468,-24707.195882851964,-203.9780875584959,-43.715954872946654
0.052273046043326478,-0.025092320143143308,0.23005906926150579,2.4151668534787049e-05,-83378.34003297468,-24707.195882851964,-203.9780875584959,-43.715954872946654
-0.052273046043326478,-0.025092320143143308,0.23005906926150579,2.4151668534787049e-05,-83378.34003297468,-24707.195882851964,-203.9780875584959,-43.715954872946654
0.15226463309093416,0.014337132751959065,0.21570066699509743,2.369913259815307e-05,-45850.80835998062,51783.805804658114,-83.516896999640693,108.32881578595783
-0.15226463309093416,0.014337132751959065,0.21570066699509743,2.369913259815307e-05,-45850.80835998062,51783.805804658114,-83.516896999640693,108.32881578595783
0.15226463309093416,-0.014337132751959065,0.21570066699509743,2.369913259815307e-05,-45850.80835998062,51783.805804658114,-83.516896999640693,108.32881578595783
-0.15226463309093416,-0.014337132751959065,0.21570066699509743,2.369913259815307e-05,-45850.80835998062,51783.805804658114,-83.516896999640693,108.32881578595783
0.063560833913693576,0.065093706067930954,0.22873236999724378,2.0035288294428115e-05,-73281.063872594445,695.04040688679595,-161.90301746238745,19.407492121312298
-0.063560833913693576,0.065093706067930954,0.22873236999724378,2.0035288294428115e-05,-73281.063872594445,695.04040688679595,-161.90301746238745,19.407492121312298
0.063560833913693576,-0.065093706067930954,0.22873236999724378,2.0035288294428115e-05,-73281.063872594445,695.04040688679595,-161.90301746238745,19.407492121312298
-0.063560833913693576,-0.065093706067930954,0.22873236999724378,2.0035288294428115e-05,-73281.063872594445,695.04040688679595,-161.90301746238745,19.407492121312298
0.16088340257698744,0.017217617601980133,0.21442467830057216,2.1065853190710467e-05,-34892.330303017356,56298.469470209406,-54.986542590101742,113.35440874354046
-0.16088340257698744,0.017217617601980133,0.21442467830057216,2.1065853190710467e-05,-34892.330303017356,56298.469470209406,-54.986542590101742,113.35440874354046
0.16088340257698744,-0.017217617601980133,0.21442467830057216,2.1065853190710467e-05,-34892.330303017356,56298.469470209406,-54.986542590101742,113.35440874354046
-0.16088340257698744,-0.017217617601980133,0.21442467830057216,2.1065853190710467e-05,-34892.330303017356,56298.469470209406,-54.986542590101742,113.35440874354046
0.16602861196961508,0.076958674391444964,0.21169364413456956,3.4091269464943695e-05,-13419.753582401323,54844.69803454553,-6.1186423945146533,98.538624466822583
-0.16602861196961508,0.076958674391444964,0.21169364413456956,3.4091269464943695e-05,-13419.753582401323,54844.69803454553,-6.1186423945146533,98.538624466822583
0.16602861196961508,-0.076958674391444964,0.21169364413456956,3.4091269464943695e-05,-13419.753582401323,54844.69803454553,-6.1186423945146533,98.538624466822583
-0.16602861196961508,-0.076958674391444964,0.21169364413456956,3.4091269464943695e-05,-13419.753582401323,54844.69803454553,-6.1186423945146533,98.538624466822583
0.17183348090122541,0.018908040096598824,0.21280352987582576,2.8754640034073429e-05,-19227.830925513554,58141.041309576729,-21.288044333277718,106.88631784919268
-0.17183348090122541,0.018908040096598824,0.21280352987582576,2.8754640034073429e-05,-19227.830925513554,58141.041309576729,-21.288044333277718,106.88631784919268
0.17183348090122541,-0.018908040096598824,0.21280352987582576,2.8754640034073429e-05,-19227.830925513554,58141.041309576729,-21.288044333277718,106.88631784919268
-0.17183348090122541,-0.018908040096598824,0.21280352987582576,2.8754640034073429e-05,-19227.830925513554,58141.041309576729,-21.288044333277718,106.88631784919268
0.038120072766576259,0.0057787846968595123,0.23140457368070941,2.4305165093601115e-05,-84795.784448094375,-33099.8974421901,-213.63593340199822,-68.012430650637754
-0.038120072766576259,0.0057787846968595123,0.23140457368070941,2.4305165093601115e-05,-84795.784448094375,-33099.8974421901,-213.63593340199822,-68.012430650637754
0.038120072766576259,-0.0057787846968595123,0.23140457368070941,2.4305165093601115e-05,-84795.784448094375,-33099.8974421901,-213.63593340199822,-68.012430650637754
-0.038120072766576259,-0.0057787846968595123,0.23140457368070941,2.4305165093601115e-05,-84795.784448094375,-33099.8974421901,-213.63593340199822,-68.012430650637754
0.1002441888892235,0.10172407546964725,0.22336524932364771,2.480315559031407e-05,-29383.397454434344,40976.328560784874,-45.123897428221447,85.116355290478126
-0.1002441888892235,0.10172407546964725,0.22336524932364771,2.480315559031407e-05,-29383.397454434344,40976.328560784874,-45.123897428221447,85.116355290478126
0.1002441888892235,-0.10172407546964725,0.22336524932364771,2.480315559031407e-05,-29383.397454434344,40976.328560784874,-45.123897428221447,85.116355290478126
-0.1002441888892235,-0.10172407546964725,0.22336524932364771,2.480315559031407e-05,-29383.397454434344,40976.328560784874,-45.123897428221447,85.116355290478126
0.19044639839893052,0.024166249347863798,0.20977547723111975,2.4916512041105903e-05,10498.762993240254,48601.728022505471,31.236876898584736,65.345725211850521
-0.19044639839893052,0.024166249347863798,0.20977547723111975,2.4916512041105903e-05,10498.762993240254,48601.728022505471,31.236876898584736,65.345725211850521
0.19044639839893052,-0.024166249347863798,0.20977547723111975,2.4916512041105903e-05,10498.762993240254,48601.728022505471,31.236876898584736,65.345725211850521
-0.19044639839893052,-0.024166249347863798,0.20977547723111975,2.4916512041105903e-05,10498.762993240254,48601.728022505471,31.236876898584736,65.345725211850521
0.20000000298023224,0.027616468258202076,0.20777664333581924,1.3043755580428857e-05,24630.267403303817,34996.433721661757,47.958446943572881,41.887993641637834
-0.20000000298023224,0.027616468258202076,0.20777664333581924,1.3043755580428857e-05,24630.267403303817,34996.433721661757,47.958446943572881,41.887993641637834
0.20000000298023224,-0.027616468258202076,0.20777664333581924,1.3043755580428857e-05,24630.267403303817,34996.433721661757,47.958446943572881,41.887993641637834
-0.20000000298023224,-0.027616468258202076,0.20777664333581924,1.3043755580428857e-05,24630.267403303817,34996.433721661757,47.958446943572881,41.887993641637834
0.099997932567660999,0.045356457309203541,0.22343864374439693,2.6754367771201542e-05,-72869.357305684083,12906.552205685688,-162.49887278698282,43.950483022412783
-0.099997932567660999,0.045356457309203541,0.22343864374439693,2.6754367771201542e-05,-72869.357305684083,12906.552205685688,-162.49887278698282,43.950483022412783
0.099997932567660999,-0.045356457309203541,0.22343864374439693,2.6754367771201542e-05,-72869.357305684083,12906.552205685688,-162.49887278698282,43.950483022412783
-0.099997932567660999,-0.045356457309203541,0.22343864374439693,2.6754367771201542e-05,-72869.357305684083,12906.552205685688,-162.49887278698282,43.950483022412783
0.060296035243129473,0.037717632054959885,0.2291363871943132,1.5587726863997395e-05,-81427.415084447959,-16655.191593219814,-189.55548591605054,-19.956094538431056
-0.060296035243129473,0.037717632054959885,0.2291363871943132,1.5587726863997395e-05,-81427.415084447959,-16655.191593219814,-189.55548591605054,-19.956094538431056
0.060296035243129473,-0.037717632054959885,0.2291363871943132,1.5587726863997395e-05,-81427.415084447959,-16655.191593219814,-189.55548591605054,-19.956094538431056
-0.060296035243129473,-0.037717632054959885,0.2291363871943132,1.5587726863997395e-05,-81427.415084447959,-16655.191593219814,-189.55548591605054,-19.956094538431056
0.090126677516369172,0.057565620586369264,0.22490006712732741,2.6659129314019294e-05,-71057.023162232188,11391.519940719723,-161.54672893982519,45.60402319409225
-0.090126677516369172,0.057565620586369264,0.22490006712732741,2.6659129314019294e-05,-71057.023162232188,11391.519940719723,-161.54672893982519,45.60402319409225
0.090126677516369172,-0.057565620586369264,0.22490006712732741,2.6659129314019294e-05,-71057.023162232188,11391.519940719723,-161.54672893982519,45.60402319409225
-0.090126677516369172,-0.057565620586369264,0.22490006712732741,2.6659129314019294e-05,-71057.023162232188,11391.519940719723,-161.54672893982519,45.60402319409225
0.17700001347042385,0.10177018885634735,0.20532700806598486,2.0785236668991166e-05,8110.1984740661392,40833.124594624045,35.325330055227958,66.256543144317874
-0.17700001347042385,0.10177018885634735,0.20532700806598486,2.0785236668991166e-05,8110.1984740661392,40833.124594624045,35.325330055227958,66.256543144317874
0.17700001347042385,-0.10177018885634735,0.20532700806598486,2.0785236668991166e-05,8110.1984740661392,40833.124594624045,35.325330055227958,66.256543144317874
-0.17700001347042385,-0.10177018885634735,0.20532700806598486,2.0785236668991166e-05,8110.1984740661392,40833.124594624045,35.325330055227958,66.256543144317874
0.19426793407356002,0.09373329762237631,0.20104402931874471,3.003642305939853e-05,16874.09455328538,30534.455904976861,57.112635393386263,42.220048594387521
-0.19426793407356002,0.09373329762237631,0.20104402931874471,3.003642305939853e-05,16874.09455328538,30534.455904976861,57.112635393386263,42.220048594387521
0.19426793407356002,-0.09373329762237631,0.20104402931874471,3.003642305939853e-05,16874.09455328538,30534.455904976861,57.112635393386263,42.220048594387521
-0.19426793407356002,-0.09373329762237631,0.20104402931874471,3.003642305939853e-05,16874.09455328538,30534.455904976861,57.112635393386263,42.220048594387521
0.15676240536445432,0.073679833817027598,0.21405660645140295,2.6019104364422733e-05,-23736.456323581089,55628.021782481737,-28.829159412199086,102.81491492900453
-0.15676240536445432,0.073679833817027598,0.21405660645140295,2.6019104364422733e-05,-23736.456323581089,55628.021782481737,-28.829159412199086,102.81491492900453
0.15676240536445432,-0.073679833817027598,0.21405660645140295,2.6019104364422733e-05,-23736.456323581089,55628.021782481737,-28.829159412199086,102.81491492900453
-0.15676240536445432,-0.073679833817027598,0.21405660645140295,2.6019104364422733e-05,-23736.456323581089,55628.021782481737,-28.829159412199086,102.81491492900453
0.04712908581507249,0.009050797778958718,0.23061566553294302,2.2343324989371446e-05,-84154.286323842229,-30046.76096077303,-201.76309017901045,-58.721356249905902
-0.04712908581507249,0.009050797778958718,0.23061566553294302,2.2343324989371446e-05,-84154.286323842229,-30046.76096077303,-201.76309017901045,-58.721356249905902
0.04712908581507249,-0.009050797778958718,0.23061566553294302,2.2343324989371446e-05,-84154.286323842229,-30046.76096077303,-201.76309017901045,-58.721356249905902
-0.04712908581507249,-0.009050797778958718,0.23061566553294302,2.2343324989371446e-05,-84154.286323842229,-30046.76096077303,-201.76309017901045,-58.721356249905902
0.085810136636644219,0.012651526478222049,0.22553911379844627,2.4504868252406056e-05,-80771.012460174999,-7946.2637410614379,-195.42804583665864,-1.9589237852254675
-0.085810136636644219,0.012651526478222049,0.22553911379844627,2.4504868252406056e-05,-80771.012460174999,-7946.2637410614379,-195.42804583665864,-1.9589237852254675
0.085810136636644219,-0.012651526478222049,0.22553911379844627,2.4504868252406056e-05,-80771.012460174999,-7946.2637410614379,-195.42804583665864,-1.9589237852254675
-0.085810136636644219,-0.012651526478222049,0.22553911379844627,2.4504868252406056e-05,-80771.012460174999,-7946.2637410614379,-195.42804583665864,-1.9589237852254675
0.18580720210317347,0.099800365057288509,0.20276016324774546,2.3895432609555113e-05,12577.942433452628,35710.532745469733,43.752775457582892,55.62460094326979
-0.18580720210317347,0.099800365057288509,0.20276016324774546,2.3895432609555113e-05,12577.942433452628,35710.532745469733,43.752775457582892,55.62460094326979
0.18580720210317347,-0.099800365057288509,0.20276016324774546,2.3895432609555113e-05,12577.942433452628,35710.532745469733,43.752775457582892,55.62460094326979
-0.18580720210317347,-0.099800365057288509,0.20276016324774546,2.3895432609555113e-05,12577.942433452628,35710.532745469733,43.752775457582892,55.62460094326979
0.094684322120648506,0.015628739971871454,0.22422531136191132,2.5369938291025189e-05,-79230.556442614747,-229.96156657013563,-189.54071501008394,16.720429090194511
-0.094684322120648506,0.015628739971871454,0.22422531136191132,2.5369938291025189e-05,-79230.556442614747,-229.96156657013563,-189.54071501008394,16.720429090194511
0.094684322120648506,-0.015628739971871454,0.22422531136191132,2.5369938291025189e-05,-79230.556442614747,-229.96156657013563,-189.54071501008394,16.720429090194511
-0.094684322120648506,-0.015628739971871454,0.22422531136191132,2.5369938291025189e-05,-79230.556442614747,-229.96156657013563,-189.54071501008394,16.720429090194511
0.13809524476528168,0.065048400312662125,0.21776121109724045,3.5848516583330663e-05,-44254.075244546817,49220.619944476632,-77.431956299470755,104.17694188569138
-0.13809524476528168,0.065048400312662125,0.21776121109724045,3.5848516583330663e-05,-44254.075244546817,49220.619944476632,-77.431956299470755,104.17694188569138
0.13809524476528168,-0.065048400312662125,0.21776121109724045,3.5848516583330663e-05,-44254.075244546817,49220.619944476632,-77.431956299470755,104.17694188569138
-0.13809524476528168,-0.065048400312662125,0.21776121109724045,3.5848516583330663e-05,-44254.075244546817,49220.619944476632,-77.431956299470755,104.17694188569138
0.18595310593005812,0.090078133228770757,0.20445636158534905,3.6193999600336021e-05,9837.8247064571642,40488.551825637471,40.35601411973223,67.157043650618022
-0.18595310593005812,0.090078133228770757,0.20445636158534905,3.6193999600336021e-05,9837.8247064571642,40488.551825637471,40.35601411973223,67.157043650618022
0.18595310593005812,-0.090078133228770757,0.20445636158534905,3.6193999600336021e-05,9837.8247064571642,40488.551825637471,40.35601411973223,67.157043650618022
-0.18595310593005812,-0.090078133228770757,0.20445636158534905,3.6193999600336021e-05,9837.8247064571642,40488.551825637471,40.35601411973223,67.157043650618022
0.090665001988287836,0.04190395901569597,0.22482036232096864,2.9776433751353808e-05,-76124.044790404645,3928.7165587523223,-176.85018089408052,26.428563457061653
-0.090665001988287836,0.04190395901569597,0.22482036232096864,2.9776433751353808e-05,-76124.044790404645,3928.7165587523223,-176.85018089408052,26.428563457061653
0.090665001988287836,-0.04190395901569597,0.22482036232096864,2.9776433751353808e-05,-76124.044790404645,3928.7165587523223,-176.85018089408052,26.428563457061653
-0.090665001988287836,-0.04190395901569597,0.22482036232096864,2.9776433751353808e-05,-76124.044790404645,3928.7165587523223,-176.85018089408052,26.428563457061653
0.098122929130440406,0.08044926690719871,0.22371623624580877,3.2219773726006005e-05,-54090.211074040722,29954.347631710156,-108.42799167101779,77.556888012621869
-0.098122929130440406,0.08044926690719871,0.22371623624580877,3.2219773726006005e-05,-54090.211074040722,29954.347631710156,-108.42799167101779,77.556888012621869
0.098122929130440406,-0.08044926690719871,0.22371623624580877,3.2219773726006005e-05,-54090.211074040722,29954.347631710156,-108.42799167101779,77.556888012621869
-0.098122929130440406,-0.08044926690719871,0.22371623624580877,3.2219773726006005e-05,-54090.211074040722,29954.347631710156,-108.42799167101779,77.556888012621869
0.10473024844358811,0.016970964321799543,0.22273803543060261,2.6913473591995682e-05,-76846.160782583451,9196.0248265496011,-179.36743730662602,37.783421849774676
-0.10473024844358811,0.016970964321799543,0.22273803543060261,2.6913473591995682e-05,-76846.160782583451,9196.0248265496011,-179.36743730662602,37.783421849774676
0.10473024844358811,-0.016970964321799543,0.22273803543060261,2.6913473591995682e-05,-76846.160782583451,9196.0248265496011,-179.36743730662602,37.783421849774676
-0.10473024844358811,-0.016970964321799543,0.22273803543060261,2.6913473591995682e-05,-76846.160782583451,9196.0248265496011,-179.36743730662602,37.783421849774676
0.068344421684741974,0.055714286863803864,0.22807015478610992,2.3265938582116052e-05,-76143.628600667507,-3144.9126340304751,-178.23561447210432,10.779305571558869
-0.068344421684741974,0.055714286863803864,0.22807015478610992,2.3265938582116052e-05,-76143.628600667507,-3144.9126340304751,-178.23561447210432,10.779305571558869
0.068344421684741974,-0.055714286863803864,0.22807015478610992,2.3265938582116052e-05,-76143.628600667507,-3144.9126340304751,-178.23561447210432,10.779305571558869
-0.068344421684741974,-0.055714286863803864,0.22807015478610992,2.3265938582116052e-05,-76143.628600667507,-3144.9126340304751,-178.23561447210432,10.779305571558869
0.15276496496657216,0.024499004883900832,0.21562659402936168,2.3197432108279783e-05,-44175.680405834632,52603.3592351849,-77.596543441097339,106.45740645213401
-0.15276496496657216,0.024499004883900832,0.21562659402936168,2.3197432108279783e-05,-44175.680405834632,52603.3592351849,-77.596543441097339,106.45740645213401
0.15276496496657216,-0.024499004883900832,0.21562659402936168,2.3197432108279783e-05,-44175.680405834632,52603.3592351849,-77.596543441097339,106.45740645213401
-0.15276496496657216,-0.024499004883900832,0.21562659402936168,2.3197432108279783e-05,-44175.680405834632,52603.3592351849,-77.596543441097339,106.45740645213401
0.11428145435549465,0.021009720184329998,0.22132400170079966,2.136459269812465e-05,-73217.443138059738,18946.68239399965,-163.0607523037813,55.383211111371779
-0.11428145435549465,0.021009720184329998,0.22132400170079966,2.136459269812465e-05,-73217.443138059738,18946.68239399965,-163.0607523037813,55.383211111371779
0.11428145435549465,-0.021009720184329998,0.22132400170079966,2.136459269812465e-05,-73217.443138059738,18946.68239399965,-163.0607523037813,55.383211111371779
-0.11428145435549465,-0.021009720184329998,0.22132400170079966,2.136459269812465e-05,-73217.443138059738,18946.68239399965,-163.0607523037813,55.383211111371779
0.16152844773326033,0.026537264721297707,0.21432918087159528,2.6281845126919105e-05,-33117.267844266404,56804.644203549622,-49.544185313792418,110.863355946629
-0.16152844773326033,0.026537264721297707,0.21432918087159528,2.6281845126919105e-05,-33117.267844266404,56804.644203549622,-49.544185313792418,110.863355946629
0.16152844773326033,-0.026537264721297707,0.21432918087159528,2.6281845126919105e-05,-33117.267844266404,56804.644203549622,-49.544185313792418,110.863355946629
-0.16152844773326033,-0.026537264721297707,0.21432918087159528,2.6281845126919105e-05,-33117.267844266404,56804.644203549622,-49.544185313792418,110.863355946629
0.12278138140078237,0.098969560359514666,0.21956899502215568,3.6781841026939212e-05,-23824.528006111112,47350.367284279229,-33.396150485983242,95.269803616718903
-0.12278138140078237,0.098969560359514666,0.21956899502215568,3.6781841026939212e-05,-23824.528006111112,47350.367284279229,-33.396150485983242,95.269803616718903
0.12278138140078237,-0.098969560359514666,0.21956899502215568,3.6781841026939212e-05,-23824.528006111112,47350.367284279229,-33.396150485983242,95.269803616718903
-0.12278138140078237,-0.098969560359514666,0.21956899502215568,3.6781841026939212e-05,-23824.528006111112,47350.367284279229,-33.396150485983242,95.269803616718903
0.17203393749138432,0.029998147882109,0.21273163471125056,2.7574137951287299e-05,-18092.778239138181,58097.190554139284,-18.163940804508247,105.0196713400655
-0.17203393749138432,0.029998147882109,0.21273163471125056,2.7574137951287299e-05,-18092.778239138181,58097.190554139284,-18.163940804508247,105.0196713400655
0.17203393749138432,-0.029998147882109,0.21273163471125056,2.7574137951287299e-05,-18092.778239138181,58097.190554139284,-18.163940804508247,105.0196713400655
-0.17203393749138432,-0.029998147882109,0.21273163471125056,2.7574137951287299e-05,-18092.778239138181,58097.190554139284,-18.163940804508247,105.0196713400655
0.15827180999025203,0.095519039117623022,0.21170322363736901,2.5241779915788037e-05,-7929.075952516956,50982.91990725237,1.8729125712840469,93.611251096250868
-0.15827180999025203,0.095519039117623022,0.21170322363736901,2.5241779915788037e-05,-7929.075952516956,50982.91990725237,1.8729125712840469,93.611251096250868
0.15827180999025203,-0.095519039117623022,0.21170322363736901,2.5241779915788037e-05,-7929.075952516956,50982.91990725237,1.8729125712840469,93.611251096250868
-0.15827180999025203,-0.095519039117623022,0.21170322363736901,2.5241779915788037e-05,-7929.075952516956,50982.91990725237,1.8729125712840469,93.611251096250868
0.18137791174518283,0.032611976903560443,0.21113071849961035,2.3880425706513614e-05,-3782.7838838029184,55345.564075690316,13.201451359580277,93.905576710452237
-0.18137791174518283,0.032611976903560443,0.21113071849961035,2.3880425706513614e-05,-3782.7838838029184,55345.564075690316,13.201451359580277,93.905576710452237
0.18137791174518283,-0.032611976903560443,0.21113071849961035,2.3880425706513614e-05,-3782.7838838029184,55345.564075690316,13.201451359580277,93.905576710452237
-0.18137791174518283,-0.032611976903560443,0.21113071849961035,2.3880425706513614e-05,-3782.7838838029184,55345.564075690316,13.201451359580277,93.905576710452237
0.12387681339136225,0.023312421544984897,0.21990343110661834,2.3196658154196205e-05,-68480.425891518986,28710.26763624699,-144.12134333733934,74.89013952033298
-0.12387681339136225,0.023312421544984897,0.21990343110661834,2.3196658154196205e-05,-68480.425891518986,28710.26763624699,-144.12134333733934,74.89013952033298
0.12387681339136225,-0.023312421544984897,0.21990343110661834,2.3196658154196205e-05,-68480.425891518986,28710.26763624699,-144.12134333733934,74.89013952033298
-0.12387681339136225,-0.023312421544984897,0.21990343110661834,2.3196658154196205e-05,-68480.425891518986,28710.26763624699,-144.12134333733934,74.89013952033298
0.1997819923073885,0.039114132206517167,0.20699714441796227,1.2793280428336969e-05,23382.39790406161,34851.382399228736,52.936274835546655,45.589842422333369
-0.1997819923073885,0.039114132206517167,0.20699714441796227,1.2793280428336969e-05,23382.39790406161,34851.382399228736,52.936274835546655,45.589842422333369
0.1997819923073885,-0.039114132206517167,0.20699714441796227,1.2793280428336969e-05,23382.39790406161,34851.382399228736,52.936274835546655,45.589842422333369
-0.1997819923073885,-0.039114132206517167,0.20699714441796227,1.2793280428336969e-05,23382.39790406161,34851.382399228736,52.936274835546655,45.589842422333369
0.17666458359483284,0.097482795819220064,0.20614129152753599,2.6434506082094815e-05,5719.0652673728246,43434.187217001039,30.328211373456899,72.540159829498435
-0.17666458359483284,0.097482795819220064,0.20614129152753599,2.6434506082094815e-05,5719.0652673728246,43434.187217001039,30.328211373456899,72.540159829498435
0.17666458359483284,-0.097482795819220064,0.20614129152753599,2.6434506082094815e-05,5719.0652673728246,43434.187217001039,30.328211373456899,72.540159829498435
-0.17666458359483284,-0.097482795819220064,0.20614129152753599,2.6434506082094815e-05,5719.0652673728246,43434.187217001039,30.328211373456899,72.540159829498435
0.19049886079589953,0.036147477351469677,0.20923615873044379,2.6521735096971845e-05,10122.497679968072,48022.198109260331,32.663154458517162,69.453646615095792
-0.19049886079589953,0.036147477351469677,0.20923615873044379,2.6521735096971845e-05,10122.497679968072,48022.198109260331,32.663154458517162,69.453646615095792
0.19049886079589953,-0.036147477351469677,0.20923615873044379,2.6521735096971845e-05,10122.497679968072,48022.198109260331,32.663154458517162,69.453646615095792
-0.19049886079589953,-0.036147477351469677,0.20923615873044379,2.6521735096971845e-05,10122.497679968072,48022.198109260331,32.663154458517162,69.453646615095792
0.18495174761429919,0.094799681459672061,0.20394452899806689,1.9814471320043537e-05,10399.234005427352,39081.916027322208,39.737065718912206,63.97062229233984
-0.18495174761429919,0.094799681459672061,0.20394452899806689,1.9814471320043537e-05,10399.234005427352,39081.916027322208,39.737065718912206,63.97062229233984
0.18495174761429919,-0.094799681459672061,0.20394452899806689,1.9814471320043537e-05,10399.234005427352,39081.916027322208,39.737065718912206,63.97062229233984
-0.18495174761429919,-0.094799681459672061,0.20394452899806689,1.9814471320043537e-05,10399.234005427352,39081.916027322208,39.737065718912206,63.97062229233984
0.059509509649779573,0.060184231531508384,0.22923246503824166,2.9017611997571286e-05,-76103.005098977432,-4444.0353053657182,-172.98092362292741,10.729724113050418
-0.059509509649779573,0.060184231531508384,0.22923246503824166,2.9017611997571286e-05,-76103.005098977432,-4444.0353053657182,-172.98092362292741,10.729724113050418
0.059509509649779573,-0.060184231531508384,0.22923246503824166,2.9017611997571286e-05,-76103.005098977432,-4444.0353053657182,-172.98092362292741,10.729724113050418
-0.059509509649779573,-0.060184231531508384,0.22923246503824166,2.9017611997571286e-05,-76103.005098977432,-4444.0353053657182,-172.98092362292741,10.729724113050418
0.12938540405474983,0.063321006785257553,0.21908391093120538,2.0485448691174978e-05,-51479.78320071465,43297.266287671664,-96.050800279257913,95.172123292220078
-0.12938540405474983,0.063321006785257553,0.21908391093120538,2.0485448691174978e-05,-51479.78320071465,43297.266287671664,-96.050800279257913,95.172123292220078
0.12938540405474983,-0.063321006785257553,0.21908391093120538,2.0485448691174978e-05,-51479.78320071465,43297.266287671664,-96.050800279257913,95.172123292220078
-0.12938540405474983,-0.063321006785257553,0.21908391093120538,2.0485448691174978e-05,-51479.78320071465,43297.266287671664,-96.050800279257913,95.172123292220078
0.13348054813110272,0.02564267341228478,0.21848160690589702,2.6728166475656342e-05,-61996.193506327378,38130.563171334528,-123.22697761735343,89.577945219998199
-0.13348054813110272,0.02564267341228478,0.21848160690589702,2.6728166475656342e-05,-61996.193506327378,38130.563171334528,-123.22697761735343,89.577945219998199
0.13348054813110272,-0.02564267341228478,0.21848160690589702,2.6728166475656342e-05,-61996.193506327378,38130.563171334528,-123.22697761735343,89.577945219998199
-0.13348054813110272,-0.02564267341228478,0.21848160690589702,2.6728166475656342e-05,-61996.193506327378,38130.563171334528,-123.22697761735343,89.577945219998199
0.18724834087177461,0.0035931545909427187,0.21052139348293308,2.0886176997181305e-05,5463.690512533587,51973.268478024649,24.246174622534312,82.4683125055696
-0.18724834087177461,0.0035931545909427187,0.21052139348293308,2.0886176997181305e-05,5463.690512533587,51973.268478024649,24.246174622534312,82.4683125055696
0.18724834087177461,-0.0035931545909427187,0.21052139348293308,2.0886176997181305e-05,5463.690512533587,51973.268478024649,24.246174622534312,82.4683125055696
-0.18724834087177461,-0.0035931545909427187,0.21052139348293308,2.0886176997181305e-05,5463.690512533587,51973.268478024649,24.246174622534312,82.4683125055696
0.16684607928507386,0.093662807820602295,0.20960391198683254,2.9686466737850598e-05,-3310.6485079429963,49720.890613236355,15.366503848897311,86.785963083618498
-0.16684607928507386,0.093662807820602295,0.20960391198683254,2.9686466737850598e-05,-3310.6485079429963,49720.890613236355,15.366503848897311,86.785963083618498
0.16684607928507386,-0.093662807820602295,0.20960391198683254,2.9686466737850598e-05,-3310.6485079429963,49720.890613236355,15.366503848897311,86.785963083618498
-0.16684607928507386,-0.093662807820602295,0.20960391198683254,2.9686466737850598e-05,-3310.6485079429963,49720.890613236355,15.366503848897311,86.785963083618498
0.1429653797641951,0.028603974428091077,0.21707739973306503,2.6485486008764844e-05,-53461.543699447531,46515.799433153683,-103.70445360816264,102.5735031136569
-0.1429653797641951,0.028603974428091077,0.21707739973306503,2.6485486008764844e-05,-53461.543699447531,46515.799433153683,-103.70445360816264,102.5735031136569
0.1429653797641951,-0.028603974428091077,0.21707739973306503,2.6485486008764844e-05,-53461.543699447531,46515.799433153683,-103.70445360816264,102.5735031136569
-0.1429653797641951,-0.028603974428091077,0.21707739973306503,2.6485486008764844e-05,-53461.543699447531,46515.799433153683,-103.70445360816264,102.5735031136569
0.080918608769095637,0.037735197370839725,0.22626330057920901,2.8311054353333477e-05,-78783.215285644139,-4865.8149440508641,-185.24168403443321,7.7371411802498899
-0.080918608769095637,0.037735197370839725,0.22626330057920901,2.8311054353333477e-05,-78783.215285644139,-4865.8149440508641,-185.24168403443321,7.7371411802498899
0.080918608769095637,-0.037735197370839725,0.22626330057920901,2.8311054353333477e-05,-78783.215285644139,-4865.8149440508641,-185.24168403443321,7.7371411802498899
-0.080918608769095637,-0.037735197370839725,0.22626330057920901,2.8311054353333477e-05,-78783.215285644139,-4865.8149440508641,-185.24168403443321,7.7371411802498899
0.19419414513291761,0.099064355305163943,0.19998882010756738,2.2385344143296488e-05,17423.481733586617,27829.797377205832,55.234550786519698,41.648678175692169
-0.19419414513291761,0.099064355305163943,0.19998882010756738,2.2385344143296488e-05,17423.481733586617,27829.797377205832,55.234550786519698,41.648678175692169
0.19419414513291761,-0.099064355305163943,0.19998882010756738,2.2385344143296488e-05,17423.481733586617,27829.797377205832,55.234550786519698,41.648678175692169
-0.19419414513291761,-0.099064355305163943,0.19998882010756738,2.2385344143296488e-05,17423.481733586617,27829.797377205832,55.234550786519698,41.648678175692169
0.013555171327094478,0.014038137447403495,0.23268848067481018,2.5949592099225347e-05,-85476.553514754341,-36823.698137591135,-204.3278627167777,-77.556806389079824
-0.013555171327094478,0.014038137447403495,0.23268848067481018,2.5949592099225347e-05,-85476.553514754341,-36823.698137591135,-204.3278627167777,-77.556806389079824
0.013555171327094478,-0.014038137447403495,0.23268848067481018,2.5949592099225347e-05,-85476.553514754341,-36823.698137591135,-204.3278627167777,-77.556806389079824
-0.013555171327094478,-0.014038137447403495,0.23268848067481018,2.5949592099225347e-05,-85476.553514754341,-36823.698137591135,-204.3278627167777,-77.556806389079824
0.16606674417561929,0.084998944901235135,0.21085387884975668,3.5053688662937004e-05,-9105.7868979127215,52933.826936807571,3.4645283734388417,93.994194217744067
-0.16606674417561929,0.084998944901235135,0.21085387884975668,3.5053688662937004e-05,-9105.7868979127215,52933.826936807571,3.4645283734388417,93.994194217744067
0.16606674417561929,-0.084998944901235135,0.21085387884975668,3.5053688662937004e-05,-9105.7868979127215,52933.826936807571,3.4645283734388417,93.994194217744067
-0.16606674417561929,-0.084998944901235135,0.21085387884975668,3.5053688662937004e-05,-9105.7868979127215,52933.826936807571,3.4645283734388417,93.994194217744067
0.12245840610690799,0.074663288127237798,0.22010557943503078,2.1627090709647348e-05,-47958.843022981251,42156.072871177261,-92.252022740830839,92.099539865993776
-0.12245840610690799,0.074663288127237798,0.22010557943503078,2.1627090709647348e-05,-47958.843022981251,42156.072871177261,-92.252022740830839,92.099539865993776
0.12245840610690799,-0.074663288127237798,0.22010557943503078,2.1627090709647348e-05,-47958.843022981251,42156.072871177261,-92.252022740830839,92.099539865993776
-0.12245840610690799,-0.074663288127237798,0.22010557943503078,2.1627090709647348e-05,-47958.843022981251,42156.072871177261,-92.252022740830839,92.099539865993776
0.11346066976237736,0,0.22135125359236407,1.1039883427730064e-05,-75057.676106996878,15112.589111089814,-147.61078545417419,42.360867931036459
-0.11346066976237736,0,0.22135125359236407,1.1039883427730064e-05,-75057.676106996878,15112.589111089814,-147.61078545417419,42.360867931036459
0.11346066976237736,-0,0.22135125359236407,1.1039883427730064e-05,-75057.676106996878,15112.589111089814,-147.61078545417419,42.360867931036459
-0.11346066976237736,-0,0.22135125359236407,1.1039883427730064e-05,-75057.676106996878,15112.589111089814,-147.61078545417419,42.360867931036459
0.17590862601202242,0.091516262147169722,0.20728499595340921,3.1842460900896148e-05,2327.4071652580033,46677.657816918501,24.719933509534584,80.861854316933531
-0.17590862601202242,0.091516262147169722,0.20728499595340921,3.1842460900896148e-05,2327.4071652580033,46677.657816918501,24.719933509534584,80.861854316933531
0.17590862601202242,-0.091516262147169722,0.20728499595340921,3.1842460900896148e-05,2327.4071652580033,46677.657816918501,24.719933509534584,80.861854316933531
-0.17590862601202242,-0.091516262147169722,0.20728499595340921,3.1842460900896148e-05,2327.4071652580033,46677.657816918501,24.719933509534584,80.861854316933531
0.15736689830144079,0.089993892248815613,0.21253804897944098,2.8489545900439637e-05,-12761.152574792808,52846.421478231488,-6.2552291734503997,96.770028330264239
-0.15736689830144079,0.089993892248815613,0.21253804897944098,2.8489545900439637e-05,-12761.152574792808,52846.421478231488,-6.2552291734503997,96.770028330264239
0.15736689830144079,-0.089993892248815613,0.21253804897944098,2.8489545900439637e-05,-12761.152574792808,52846.421478231488,-6.2552291734503997,96.770028330264239
-0.15736689830144079,-0.089993892248815613,0.21253804897944098,2.8489545900439637e-05,-12761.152574792808,52846.421478231488,-6.2552291734503997,96.770028330264239
0.11954426237746113,0.058540384031455311,0.22054485526367162,2.1585769031718783e-05,-59849.50630719358,34447.155795586201,-119.38149544383768,80.773865472826529
-0.11954426237746113,0.058540384031455311,0.22054485526367162,2.1585769031718783e-05,-59849.50630719358,34447.155795586201,-119.38149544383768,80.773865472826529
0.11954426237746113,-0.058540384031455311,0.22054485526367162,2.1585769031718783e-05,-59849.50630719358,34447.155795586201,-119.38149544383768,80.773865472826529
-0.11954426237746113,-0.058540384031455311,0.22054485526367162,2.1585769031718783e-05,-59849.50630719358,34447.155795586201,-119.38149544383768,80.773865472826529
0.14805336770808705,0.021610232612702601,0.21632413500022901,2.3705929275071523e-05,-49701.089400469114,49408.435293841729,-91.333391435746762,104.02534291247548
-0.14805336770808705,0.021610232612702601,0.21632413500022901,2.3705929275071523e-05,-49701.089400469114,49408.435293841729,-91.333391435746762,104.02534291247548
0.14805336770808705,-0.021610232612702601,0.21632413500022901,2.3705929275071523e-05,-49701.089400469114,49408.435293841729,-91.333391435746762,104.02534291247548
-0.14805336770808705,-0.021610232612702601,0.21632413500022901,2.3705929275071523e-05,-49701.089400469114,49408.435293841729,-91.333391435746762,104.02534291247548
0.14802067013830936,0.010204140460330927,0.21632897579907417,2.7173867530880438e-05,-50809.322402095604,48901.474022923343,-94.153888863825884,109.55199754748691
-0.14802067013830936,0.010204140460330927,0.21632897579907417,2.7173867530880438e-05,-50809.322402095604,48901.474022923343,-94.153888863825884,109.55199754748691
0.14802067013830936,-0.010204140460330927,0.21632897579907417,2.7173867530880438e-05,-50809.322402095604,48901.474022923343,-94.153888863825884,109.55199754748691
-0.14802067013830936,-0.010204140460330927,0.21632897579907417,2.7173867530880438e-05,-50809.322402095604,48901.474022923343,-94.153888863825884,109.55199754748691
0.1478794224568932,0.032453644984850004,0.21634988718844439,2.6308376739896278e-05,-47963.264917920016,50372.096250067734,-88.450583151198558,107.57107950709451
-0.1478794224568932,0.032453644984850004,0.21634988718844439,2.6308376739896278e-05,-47963.264917920016,50372.096250067734,-88.450583151198558,107.57107950709451
0.1478794224568932,-0.032453644984850004,0.21634988718844439,2.6308376739896278e-05,-47963.264917920016,50372.096250067734,-88.450583151198558,107.57107950709451
-0.1478794224568932,-0.032453644984850004,0.21634988718844439,2.6308376739896278e-05,-47963.264917920016,50372.096250067734,-88.450583151198558,107.57107950709451
0.16768955439329147,0.12999999523162842,0.20314814895391464,1.1308993352030803e-05,21506.317612388146,18966.280101817196,52.844334711676005,19.117366251542293
-0.16768955439329147,0.12999999523162842,0.20314814895391464,1.1308993352030803e-05,21506.317612388146,18966.280101817196,52.844334711676005,19.117366251542293
0.16768955439329147,-0.12999999523162842,0.20314814895391464,1.1308993352030803e-05,21506.317612388146,18966.280101817196,52.844334711676005,19.117366251542293
-0.16768955439329147,-0.12999999523162842,0.20314814895391464,1.1308993352030803e-05,21506.317612388146,18966.280101817196,52.844334711676005,19.117366251542293
0.023791367096250543,0.010542786647645078,0.23229908462781004,3.0465567847228085e-05,-85222.202908045379,-35941.558367188693,-205.7401868148842,-76.924021777360906
-0.023791367096250543,0.010542786647645078,0.23229908462781004,3.0465567847228085e-05,-85222.202908045379,-35941.558367188693,-205.7401868148842,-76.924021777360906
0.023791367096250543,-0.010542786647645078,0.23229908462781004,3.0465567847228085e-05,-85222.202908045379,-35941.558367188693,-205.7401868148842,-76.924021777360906
-0.023791367096250543,-0.010542786647645078,0.23229908462781004,3.0465567847228085e-05,-85222.202908045379,-35941.558367188693,-205.7401868148842,-76.924021777360906
0.19524334157420523,0.071662241186182529,0.20443784267552353,1.8290863857734074e-05,16112.70786424715,37122.116692154064,52.989075264734517,53.787624975754973
-0.19524334157420523,0.071662241186182529,0.20443784267552353,1.8290863857734074e-05,16112.70786424715,37122.116692154064,52.989075264734517,53.787624975754973
0.19524334157420523,-0.071662241186182529,0.20443784267552353,1.8290863857734074e-05,16112.70786424715,37122.116692154064,52.989075264734517,53.787624975754973
-0.19524334157420523,-0.071662241186182529,0.20443784267552353,1.8290863857734074e-05,16112.70786424715,37122.116692154064,52.989075264734517,53.787624975754973
0.051462212052876766,0.011146287703189326,0.23014856608509823,2.7512838266425329e-05,-83938.893774041877,-27983.364114857082,-203.63572351882402,-52.929365203244053
-0.051462212052876766,0.011146287703189326,0.23014856608509823,2.7512838266425329e-05,-83938.893774041877,-27983.364114857082,-203.63572351882402,-52.929365203244053
0.051462212052876766,-0.011146287703189326,0.23014856608509823,2.7512838266425329e-05,-83938.893774041877,-27983.364114857082,-203.63572351882402,-52.929365203244053
-0.051462212052876766,-0.011146287703189326,0.23014856608509823,2.7512838266425329e-05,-83938.893774041877,-27983.364114857082,-203.63572351882402,-52.929365203244053
0.023482729471258207,0.01560533702574019,0.23231533564410631,2.1908284387896405e-05,-85179.253965484866,-35423.860124627943,-197.57852749442554,-69.43167258209499
-0.023482729471258207,0.01560533702574019,0.23231533564410631,2.1908284387896405e-05,-85179.253965484866,-35423.860124627943,-197.57852749442554,-69.43167258209499
0.023482729471258207,-0.01560533702574019,0.23231533564410631,2.1908284387896405e-05,-85179.253965484866,-35423.860124627943,-197.57852749442554,-69.43167258209499
-0.023482729471258207,-0.01560533702574019,0.23231533564410631,2.1908284387896405e-05,-85179.253965484866,-35423.860124627943,-197.57852749442554,-69.43167258209499
0.13802515853597347,0.082630567398276317,0.21734256054102111,3.4166798274519306e-05,-32219.517351814262,51115.346139919071,-48.522855920763256,100.36511522995016
-0.13802515853597347,0.082630567398276317,0.21734256054102111,3.4166798274519306e-05,-32219.517351814262,51115.346139919071,-48.522855920763256,100.36511522995016
0.13802515853597347,-0.082630567398276317,0.21734256054102111,3.4166798274519306e-05,-32219.517351814262,51115.346139919071,-48.522855920763256,100.36511522995016
-0.13802515853597347,-0.082630567398276317,0.21734256054102111,3.4166798274519306e-05,-32219.517351814262,51115.346139919071,-48.522855920763256,100.36511522995016
0.15661969338005324,0.084940162587383974,0.21318501168930798,2.6608623495757472e-05,-16955.76721969499,54030.058440544512,-14.988037949701553,99.888297713831747
-0.15661969338005324,0.084940162587383974,0.21318501168930798,2.6608623495757472e-05,-16955.76721969499,54030.058440544512,-14.988037949701553,99.888297713831747
0.15661969338005324,-0.084940162587383974,0.21318501168930798,2.6608623495757472e-05,-16955.76721969499,54030.058440544512,-14.988037949701553,99.888297713831747
-0.15661969338005324,-0.084940162587383974,0.21318501168930798,2.6608623495757472e-05,-16955.76721969499,54030.058440544512,-14.988037949701553,99.888297713831747
0.15697234208838473,0.079111564488227412,0.21360469871369503,2.4595026591917861e-05,-20398.052271601231,55062.320634372343,-20.840290541660366,102.77018518872752
-0.15697234208838473,0.079111564488227412,0.21360469871369503,2.4595026591917861e-05,-20398.052271601231,55062.320634372343,-20.840290541660366,102.77018518872752
0.15697234208838473,-0.079111564488227412,0.21360469871369503,2.4595026591917861e-05,-20398.052271601231,55062.320634372343,-20.840290541660366,102.77018518872752
-0.15697234208838473,-0.079111564488227412,0.21360469871369503,2.4595026591917861e-05,-20398.052271601231,55062.320634372343,-20.840290541660366,102.77018518872752
0.14761905372142792,0.042345914989709854,0.21638843417167664,2.3072141224197455e-05,-45859.253266575819,51368.90026541413,-76.668531115026553,107.73996259505554
-0.14761905372142792,0.042345914989709854,0.21638843417167664,2.3072141224197455e-05,-45859.253266575819,51368.90026541413,-76.668531115026553,107.73996259505554
0.14761905372142792,-0.042345914989709854,0.21638843417167664,2.3072141224197455e-05,-45859.253266575819,51368.90026541413,-76.668531115026553,107.73996259505554
-0.14761905372142792,-0.042345914989709854,0.21638843417167664,2.3072141224197455e-05,-45859.253266575819,51368.90026541413,-76.668531115026553,107.73996259505554
0.10991182193227894,0.055543755139485639,0.22197091557641457,3.4938521862919357e-05,-65611.084909067155,25687.977540733267,-140.90086444347278,69.935367838552921
-0.10991182193227894,0.055543755139485639,0.22197091557641457,3.4938521862919357e-05,-65611.084909067155,25687.977540733267,-140.90086444347278,69.935367838552921
0.10991182193227894,-0.055543755139485639,0.22197091557641457,3.4938521862919357e-05,-65611.084909067155,25687.977540733267,-140.90086444347278,69.935367838552921
-0.10991182193227894,-0.055543755139485639,0.22197091557641457,3.4938521862919357e-05,-65611.084909067155,25687.977540733267,-140.90086444347278,69.935367838552921
0.20000000298023224,0.048881763592362404,0.20601543784141541,1.3555488962237752e-05,22819.998208842655,33613.745870580482,55.656017846207043,45.986443861735729
-0.20000000298023224,0.048881763592362404,0.20601543784141541,1.3555488962237752e-05,22819.998208842655,33613.745870580482,55.656017846207043,45.986443861735729
0.20000000298023224,-0.048881763592362404,0.20601543784141541,1.3555488962237752e-05,22819.998208842655,33613.745870580482,55.656017846207043,45.986443861735729
-0.20000000298023224,-0.048881763592362404,0.20601543784141541,1.3555488962237752e-05,22819.998208842655,33613.745870580482,55.656017846207043,45.986443861735729
0.15238095819950104,0.035185100510716438,0.21568344533443451,2.2876663264721963e-05,-42719.807347947703,53152.333268247559,-73.042731231489384,105.41775360140127
-0.15238095819950104,0.035185100510716438,0.21568344533443451,2.2876663264721963e-05,-42719.807347947703,53152.333268247559,-73.042731231489384,105.41775360140127
0.15238095819950104,-0.035185100510716438,0.21568344533443451,2.2876663264721963e-05,-42719.807347947703,53152.333268247559,-73.042731231489384,105.41775360140127
-0.15238095819950104,-0.035185100510716438,0.21568344533443451,2.2876663264721963e-05,-42719.807347947703,53152.333268247559,-73.042731231489384,105.41775360140127
0.19139630646241915,0.046027541784322154,0.20835879771718727,1.9731641904730153e-05,11190.637841705771,46259.214501333481,35.184566995942575,67.111823454584155
-0.19139630646241915,0.046027541784322154,0.20835879771718727,1.9731641904730153e-05,11190.637841705771,46259.214501333481,35.184566995942575,67.111823454584155
0.19139630646241915,-0.046027541784322154,0.20835879771718727,1.9731641904730153e-05,11190.637841705771,46259.214501333481,35.184566995942575,67.111823454584155
-0.19139630646241915,-0.046027541784322154,0.20835879771718727,1.9731641904730153e-05,11190.637841705771,46259.214501333481,35.184566995942575,67.111823454584155
0.16207348557969484,0.036924885723035684,0.21422660169211344,2.7359187864813858e-05,-30792.026956507369,57259.581602607257,-44.222969886352509,109.44286584478883
-0.16207348557969484,0.036924885723035684,0.21422660169211344,2.7359187864813858e-05,-30792.026956507369,57259.581602607257,-44.222969886352509,109.44286584478883
0.16207348557969484,-0.036924885723035684,0.21422660169211344,2.7359187864813858e-05,-30792.026956507369,57259.581602607257,-44.222969886352509,109.44286584478883
-0.16207348557969484,-0.036924885723035684,0.21422660169211344,2.7359187864813858e-05,-30792.026956507369,57259.581602607257,-44.222969886352509,109.44286584478883
0.071301656681783274,0.036807448212364299,0.2276793343253653,3.7667628871329018e-05,-80220.188560690673,-11181.714296229909,-192.21865168257386,-9.7584641900830125
-0.071301656681783274,0.036807448212364299,0.2276793343253653,3.7667628871329018e-05,-80220.188560690673,-11181.714296229909,-192.21865168257386,-9.7584641900830125
0.071301656681783274,-0.036807448212364299,0.2276793343253653,3.7667628871329018e-05,-80220.188560690673,-11181.714296229909,-192.21865168257386,-9.7584641900830125
-0.071301656681783274,-0.036807448212364299,0.2276793343253653,3.7667628871329018e-05,-80220.188560690673,-11181.714296229909,-192.21865168257386,-9.7584641900830125
0.18058842147639459,0.043318370302833663,0.21085116216394298,2.5528437474464471e-05,-4534.414958242317,55112.018036813504,12.463610984269813,90.635965125709802
-0.18058842147639459,0.043318370302833663,0.21085116216394298,2.5528437474464471e-05,-4534.414958242317,55112.018036813504,12.463610984269813,90.635965125709802
0.18058842147639459,-0.043318370302833663,0.21085116216394298,2.5528437474464471e-05,-4534.414958242317,55112.018036813504,12.463610984269813,90.635965125709802
-0.18058842147639459,-0.043318370302833663,0.21085116216394298,2.5528437474464471e-05,-4534.414958242317,55112.018036813504,12.463610984269813,90.635965125709802
0.055946801325153908,0.053957747745975115,0.22965573080983334,3.9912045654266493e-05,-78577.1921763586,-9911.1332607913173,-181.28448916463529,-3.7024992534030061
-0.055946801325153908,0.053957747745975115,0.22965573080983334,3.9912045654266493e-05,-78577.1921763586,-9911.1332607913173,-181.28448916463529,-3.7024992534030061
0.055946801325153908,-0.053957747745975115,0.22965573080983334,3.9912045654266493e-05,-78577.1921763586,-9911.1332607913173,-181.28448916463529,-3.7024992534030061
-0.055946801325153908,-0.053957747745975115,0.22965573080983334,3.9912045654266493e-05,-78577.1921763586,-9911.1332607913173,-181.28448916463529,-3.7024992534030061
0.17219144205215492,0.040305887262765155,0.2125317009706493,1.7517336413896789e-05,-16806.294198132833,57800.607315231857,-15.592670807299099,102.98243489169302
-0.17219144205215492,0.040305887262765155,0.2125317009706493,1.7517336413896789e-05,-16806.294198132833,57800.607315231857,-15.592670807299099,102.98243489169302
0.17219144205215492,-0.040305887262765155,0.2125317009706493,1.7517336413896789e-05,-16806.294198132833,57800.607315231857,-15.592670807299099,102.98243489169302
-0.17219144205215492,-0.040305887262765155,0.2125317009706493,1.7517336413896789e-05,-16806.294198132833,57800.607315231857,-15.592670807299099,102.98243489169302
0.19523809850215912,0.10720710456371307,0.19786931574344635,1.3829362882937088e-05,18992.540842162212,21714.796373506848,58.74498747793271,29.590573165900093
-0.19523809850215912,0.10720710456371307,0.19786931574344635,1.3829362882937088e-05,18992.540842162212,21714.796373506848,58.74498747793271,29.590573165900093
0.19523809850215912,-0.10720710456371307,0.19786931574344635,1.3829362882937088e-05,18992.540842162212,21714.796373506848,58.74498747793271,29.590573165900093
-0.19523809850215912,-0.10720710456371307,0.19786931574344635,1.3829362882937088e-05,18992.540842162212,21714.796373506848,58.74498747793271,29.590573165900093
0.0937759168446064,0.074285715818405151,0.22435980290174484,1.7693273956012011e-05,-60337.603130109492,23761.027731842987,-133.9953956645866,67.616180115716546
-0.0937759168446064,0.074285715818405151,0.22435980290174484,1.7693273956012011e-05,-60337.603130109492,23761.027731842987,-133.9953956645866,67.616180115716546
0.0937759168446064,-0.074285715818405151,0.22435980290174484,1.7693273956012011e-05,-60337.603130109492,23761.027731842987,-133.9953956645866,67.616180115716546
-0.0937759168446064,-0.074285715818405151,0.22435980290174484,1.7693273956012011e-05,-60337.603130109492,23761.027731842987,-133.9953956645866,67.616180115716546
0.14171510610210211,0.1105050246857581,0.21437365772357053,3.4063317832050171e-05,-1893.4330506886638,46278.411535119048,15.464763637717702,73.442104640640409
-0.14171510610210211,0.1105050246857581,0.21437365772357053,3.4063317832050171e-05,-1893.4330506886638,46278.411535119048,15.464763637717702,73.442104640640409
0.14171510610210211,-0.1105050246857581,0.21437365772357053,3.4063317832050171e-05,-1893.4330506886638,46278.411535119048,15.464763637717702,73.442104640640409
-0.14171510610210211,-0.1105050246857581,0.21437365772357053,3.4063317832050171e-05,-1893.4330506886638,46278.411535119048,15.464763637717702,73.442104640640409
0.19528497525125305,0.062423440458712384,0.20567619825713945,2.4093318431902531e-05,16073.887862491798,39112.516175669414,49.934302472570415,56.804944369696571
-0.19528497525125305,0.062423440458712384,0.20567619825713945,2.4093318431902531e-05,16073.887862491798,39112.516175669414,49.934302472570415,56.804944369696571
0.19528497525125305,-0.062423440458712384,0.20567619825713945,2.4093318431902531e-05,16073.887862491798,39112.516175669414,49.934302472570415,56.804944369696571
-0.19528497525125305,-0.062423440458712384,0.20567619825713945,2.4093318431902531e-05,16073.887862491798,39112.516175669414,49.934302472570415,56.804944369696571
0.17656094920666587,0.075804656654598387,0.20912314488335784,2.2106993380049017e-05,-3381.1694220189547,51797.298219387354,14.6520317391549,90.122438056270383
-0.17656094920666587,0.075804656654598387,0.20912314488335784,2.2106993380049017e-05,-3381.1694220189547,51797.298219387354,14.6520317391549,90.122438056270383
0.17656094920666587,-0.075804656654598387,0.20912314488335784,2.2106993380049017e-05,-3381.1694220189547,51797.298219387354,14.6520317391549,90.122438056270383
-0.17656094920666587,-0.075804656654598387,0.20912314488335784,2.2106993380049017e-05,-3381.1694220189547,51797.298219387354,14.6520317391549,90.122438056270383
0.19483077682162672,0.11184933768666573,0.19693008121844291,2.5455804186629584e-05,19328.377974780495,19128.801107310876,56.31015861242139,22.762154503037337
-0.19483077682162672,0.11184933768666573,0.19693008121844291,2.5455804186629584e-05,19328.377974780495,19128.801107310876,56.31015861242139,22.762154503037337
0.19483077682162672,-0.11184933768666573,0.19693008121844291,2.5455804186629584e-05,19328.377974780495,19128.801107310876,56.31015861242139,22.762154503037337
-0.19483077682162672,-0.11184933768666573,0.19693008121844291,2.5455804186629584e-05,19328.377974780495,19128.801107310876,56.31015861242139,22.762154503037337
0.16550578182824888,0.1074354734900385,0.2080179401514646,2.3050589966378086e-05,5503.484494940275,42954.921891323975,29.418648398646656,70.399531771046227
-0.16550578182824888,0.1074354734900385,0.2080179401514646,2.3050589966378086e-05,5503.484494940275,42954.921891323975,29.418648398646656,70.399531771046227
0.16550578182824888,-0.1074354734900385,0.2080179401514646,2.3050589966378086e-05,5503.484494940275,42954.921891323975,29.418648398646656,70.399531771046227
-0.16550578182824888,-0.1074354734900385,0.2080179401514646,2.3050589966378086e-05,5503.484494940275,42954.921891323975,29.418648398646656,70.399531771046227
0.18143270894617794,0.11556044789359389,0.2011799377779902,1.2901986033718355e-05,16635.281163417727,27678.222529189174,45.322976225020732,38.7550858714566
-0.18143270894617794,0.11556044789359389,0.2011799377779902,1.2901986033718355e-05,16635.281163417727,27678.222529189174,45.322976225020732,38.7550858714566
0.18143270894617794,-0.11556044789359389,0.2011799377779902,1.2901986033718355e-05,16635.281163417727,27678.222529189174,45.322976225020732,38.7550858714566
-0.18143270894617794,-0.11556044789359389,0.2011799377779902,1.2901986033718355e-05,16635.281163417727,27678.222529189174,45.322976225020732,38.7550858714566
0.13901226900201907,0.071914470897515639,0.21752573855538843,3.2777696939827431e-05,-39336.829195581602,50626.775465522682,-65.506558976578447,103.64350909145513
-0.13901226900201907,0.071914470897515639,0.21752573855538843,3.2777696939827431e-05,-39336.829195581602,50626.775465522682,-65.506558976578447,103.64350909145513
0.13901226900201907,-0.071914470897515639,0.21752573855538843,3.2777696939827431e-05,-39336.829195581602,50626.775465522682,-65.506558976578447,103.64350909145513
-0.13901226900201907,-0.071914470897515639,0.21752573855538843,3.2777696939827431e-05,-39336.829195581602,50626.775465522682,-65.506558976578447,103.64350909145513
0.14678169289606885,0.052112103438845092,0.21649988929527064,2.8011448796423591e-05,-43334.089185757599,51979.554539736288,-72.027663175880136,104.6383546458123
-0.14678169289606885,0.052112103438845092,0.21649988929527064,2.8011448796423591e-05,-43334.089185757599,51979.554539736288,-72.027663175880136,104.6383546458123
0.14678169289606885,-0.052112103438845092,0.21649988929527064,2.8011448796423591e-05,-43334.089185757599,51979.554539736288,-72.027663175880136,104.6383546458123
-0.14678169289606885,-0.052112103438845092,0.21649988929527064,2.8011448796423591e-05,-43334.089185757599,51979.554539736288,-72.027663175880136,104.6383546458123
0,0.01132423710078001,0.23284997791051865,2.4589725200314884e-05,-84665.181030033389,-40170.47579004681,-172.92192547456324,-69.464091722029778
-0,0.01132423710078001,0.23284997791051865,2.4589725200314884e-05,-84665.181030033389,-40170.47579004681,-172.92192547456324,-69.464091722029778
0,-0.01132423710078001,0.23284997791051865,2.4589725200314884e-05,-84665.181030033389,-40170.47579004681,-172.92192547456324,-69.464091722029778
-0,-0.01132423710078001,0.23284997791051865,2.4589725200314884e-05,-84665.181030033389,-40170.47579004681,-172.92192547456324,-69.464091722029778
0.17008010798319717,0.10585048805477697,0.20687368065260953,2.7558506313531231e-05,6644.8947462575388,42038.752414844268,31.85214351338794,66.888820544866775
-0.17008010798319717,0.10585048805477697,0.20687368065260953,2.7558506313531231e-05,6644.8947462575388,42038.752414844268,31.85214351338794,66.888820544866775
0.17008010798319717,-0.10585048805477697,0.20687368065260953,2.7558506313531231e-05,6644.8947462575388,42038.752414844268,31.85214351338794,66.888820544866775
-0.17008010798319717,-0.10585048805477697,0.20687368065260953,2.7558506313531231e-05,6644.8947462575388,42038.752414844268,31.85214351338794,66.888820544866775
0.11833203416311082,0.068048320148672362,0.22072432281982318,3.0168173906650036e-05,-54860.457738499659,37212.257192751218,-109.54312373712217,89.088186443019794
-0.11833203416311082,0.068048320148672362,0.22072432281982318,3.0168173906650036e-05,-54860.457738499659,37212.257192751218,-109.54312373712217,89.088186443019794
0.11833203416311082,-0.068048320148672362,0.22072432281982318,3.0168173906650036e-05,-54860.457738499659,37212.257192751218,-109.54312373712217,89.088186443019794
-0.11833203416311082,-0.068048320148672362,0.22072432281982318,3.0168173906650036e-05,-54860.457738499659,37212.257192751218,-109.54312373712217,89.088186443019794
0.19523809850215912,0.052684109658002853,0.20680899918079376,2.6649666370835151e-05,16302.059499564461,40722.361528263238,46.633456108860649,56.947974637148768
-0.19523809850215912,0.052684109658002853,0.20680899918079376,2.6649666370835151e-05,16302.059499564461,40722.361528263238,46.633456108860649,56.947974637148768
0.19523809850215912,-0.052684109658002853,0.20680899918079376,2.6649666370835151e-05,16302.059499564461,40722.361528263238,46.633456108860649,56.947974637148768
-0.19523809850215912,-0.052684109658002853,0.20680899918079376,2.6649666370835151e-05,16302.059499564461,40722.361528263238,46.633456108860649,56.947974637148768
0.18600857167570911,0.059240255363223637,0.20844849859501363,1.8570820404824201e-05,4159.7270747809034,49489.284692395209,26.669585281926121,81.805046875225628
-0.18600857167570911,0.059240255363223637,0.20844849859501363,1.8570820404824201e-05,4159.7270747809034,49489.284692395209,26.669585281926121,81.805046875225628
0.18600857167570911,-0.059240255363223637,0.20844849859501363,1.8570820404824201e-05,4159.7270747809034,49489.284692395209,26.669585281926121,81.805046875225628
-0.18600857167570911,-0.059240255363223637,0.20844849859501363,1.8570820404824201e-05,4159.7270747809034,49489.284692395209,26.669585281926121,81.805046875225628
0.12787596641393345,0.072543262014165596,0.21927863157715846,2.7501190288266501e-05,-46416.127758036033,44875.501945408709,-84.552664050057103,98.471754392294599
-0.12787596641393345,0.072543262014165596,0.21927863157715846,2.7501190288266501e-05,-46416.127758036033,44875.501945408709,-84.552664050057103,98.471754392294599
0.12787596641393345,-0.072543262014165596,0.21927863157715846,2.7501190288266501e-05,-46416.127758036033,44875.501945408709,-84.552664050057103,98.471754392294599
-0.12787596641393345,-0.072543262014165596,0.21927863157715846,2.7501190288266501e-05,-46416.127758036033,44875.501945408709,-84.552664050057103,98.471754392294599
0.18566798091253531,0.10434004716915767,0.20194825739124861,1.5225654179936303e-05,14094.457141695264,32970.50502095792,46.222932705011836,49.765391968981049
-0.18566798091253531,0.10434004716915767,0.20194825739124861,1.5225654179936303e-05,14094.457141695264,32970.50502095792,46.222932705011836,49.765391968981049
0.18566798091253531,-0.10434004716915767,0.20194825739124861,1.5225654179936303e-05,14094.457141695264,32970.50502095792,46.222932705011836,49.765391968981049
-0.18566798091253531,-0.10434004716915767,0.20194825739124861,1.5225654179936303e-05,14094.457141695264,32970.50502095792,46.222932705011836,49.765391968981049
0.16672721978297403,0.072143765636867405,0.21191344978393808,1.8160124297414079e-05,-14955.968257459557,55686.954699430629,-7.5366871352312579,97.517691424171218
-0.16672721978297403,0.072143765636867405,0.21191344978393808,1.8160124297414079e-05,-14955.968257459557,55686.954699430629,-7.5366871352312579,97.517691424171218
0.16672721978297403,-0.072143765636867405,0.21191344978393808,1.8160124297414079e-05,-14955.968257459557,55686.954699430629,-7.5366871352312579,97.517691424171218
-0.16672721978297403,-0.072143765636867405,0.21191344978393808,1.8160124297414079e-05,-14955.968257459557,55686.954699430629,-7.5366871352312579,97.517691424171218
0.10050313169590025,0.055242631593434795,0.22336385019328031,2.4489161264394703e-05,-69096.479465431781,17932.675679230193,-155.27711528321535,56.210685549916782
-0.10050313169590025,0.055242631593434795,0.22336385019328031,2.4489161264394703e-05,-69096.479465431781,17932.675679230193,-155.27711528321535,56.210685549916782
0.10050313169590025,-0.055242631593434795,0.22336385019328031,2.4489161264394703e-05,-69096.479465431781,17932.675679230193,-155.27711528321535,56.210685549916782
-0.10050313169590025,-0.055242631593434795,0.22336385019328031,2.4489161264394703e-05,-69096.479465431781,17932.675679230193,-155.27711528321535,56.210685549916782
0.19503796770994844,0.042113686742477625,0.20783221995574561,2.4469585500102807e-05,16604.613870370322,42092.755312337351,43.974511752575488,56.521481491459411
-0.19503796770994844,0.042113686742477625,0.20783221995574561,2.4469585500102807e-05,16604.613870370322,42092.755312337351,43.974511752575488,56.521481491459411
0.19503796770994844,-0.042113686742477625,0.20783221995574561,2.4469585500102807e-05,16604.613870370322,42092.755312337351,43.974511752575488,56.521481491459411
-0.19503796770994844,-0.042113686742477625,0.20783221995574561,2.4469585500102807e-05,16604.613870370322,42092.755312337351,43.974511752575488,56.521481491459411
0.18476417901928718,0.050578200945337604,0.20949808190433228,1.7908064471025946e-05,1809.0191044655962,51724.23543444473,21.774311937021878,84.130694754936073
-0.18476417901928718,0.050578200945337604,0.20949808190433228,1.7908064471025946e-05,1809.0191044655962,51724.23543444473,21.774311937021878,84.130694754936073
0.18476417901928718,-0.050578200945337604,0.20949808190433228,1.7908064471025946e-05,1809.0191044655962,51724.23543444473,21.774311937021878,84.130694754936073
-0.18476417901928718,-0.050578200945337604,0.20949808190433228,1.7908064471025946e-05,1809.0191044655962,51724.23543444473,21.774311937021878,84.130694754936073
0.085290375663682291,0.049170353377749512,0.22561606270779855,2.6416621688425091e-05,-75172.455340104789,3255.0695308765871,-172.97144689882487,24.896579068167419
-0.085290375663682291,0.049170353377749512,0.22561606270779855,2.6416621688425091e-05,-75172.455340104789,3255.0695308765871,-172.97144689882487,24.896579068167419
0.085290375663682291,-0.049170353377749512,0.22561606270779855,2.6416621688425091e-05,-75172.455340104789,3255.0695308765871,-172.97144689882487,24.896579068167419
-0.085290375663682291,-0.049170353377749512,0.22561606270779855,2.6416621688425091e-05,-75172.455340104789,3255.0695308765871,-172.97144689882487,24.896579068167419
0.17672498308604745,0.056517656927839291,0.21085014352191156,2.70708589947493e-05,-8140.3725864575108,55392.141774986143,5.0384697692598239,96.865058479662935
-0.17672498308604745,0.056517656927839291,0.21085014352191156,2.70708589947493e-05,-8140.3725864575108,55392.141774986143,5.0384697692598239,96.865058479662935
0.17672498308604745,-0.056517656927839291,0.21085014352191156,2.70708589947493e-05,-8140.3725864575108,55392.141774986143,5.0384697692598239,96.865058479662935
-0.17672498308604745,-0.056517656927839291,0.21085014352191156,2.70708589947493e-05,-8140.3725864575108,55392.141774986143,5.0384697692598239,96.865058479662935
0.15727200323923585,0.068551946410428541,0.21421705045045147,2.5714605541646693e-05,-25860.428547371073,56171.407464201322,-31.443617701430917,108.60498884421999
-0.15727200323923585,0.068551946410428541,0.21421705045045147,2.5714605541646693e-05,-25860.428547371073,56171.407464201322,-31.443617701430917,108.60498884421999
0.15727200323923585,-0.068551946410428541,0.21421705045045147,2.5714605541646693e-05,-25860.428547371073,56171.407464201322,-31.443617701430917,108.60498884421999
-0.15727200323923585,-0.068551946410428541,0.21421705045045147,2.5714605541646693e-05,-25860.428547371073,56171.407464201322,-31.443617701430917,108.60498884421999
0.080201094108298662,0.042645136144358053,0.22636952807172792,1.5660952645342785e-05,-77976.43362613731,-3098.0352745374967,-189.62679021094056,16.922815419902879
-0.080201094108298662,0.042645136144358053,0.22636952807172792,1.5660952645342785e-05,-77976.43362613731,-3098.0352745374967,-189.62679021094056,16.922815419902879
0.080201094108298662,-0.042645136144358053,0.22636952807172792,1.5660952645342785e-05,-77976.43362613731,-3098.0352745374967,-189.62679021094056,16.922815419902879
-0.080201094108298662,-0.042645136144358053,0.22636952807172792,1.5660952645342785e-05,-77976.43362613731,-3098.0352745374967,-189.62679021094056,16.922815419902879
0.14360080053441748,0.039386260822620242,0.21698332717196656,2.3484518415974243e-05,-50468.080145029249,48336.020349636987,-93.140295351815141,103.41451404461814
-0.14360080053441748,0.039386260822620242,0.21698332717196656,2.3484518415974243e-05,-50468.080145029249,48336.020349636987,-93.140295351815141,103.41451404461814
0.14360080053441748,-0.039386260822620242,0.21698332717196656,2.3484518415974243e-05,-50468.080145029249,48336.020349636987,-93.140295351815141,103.41451404461814
-0.14360080053441748,-0.039386260822620242,0.21698332717196656,2.3484518415974243e-05,-50468.080145029249,48336.020349636987,-93.140295351815141,103.41451404461814
0.13288374867732647,0.037239541240928639,0.21856996232265916,2.2928413768132636e-05,-59831.303726605438,39720.27018397762,-118.81487731035672,92.672742709542831
-0.13288374867732647,0.037239541240928639,0.21856996232265916,2.2928413768132636e-05,-59831.303726605438,39720.27018397762,-118.81487731035672,92.672742709542831
0.13288374867732647,-0.037239541240928639,0.21856996232265916,2.2928413768132636e-05,-59831.303726605438,39720.27018397762,-118.81487731035672,92.672742709542831
-0.13288374867732647,-0.037239541240928639,0.21856996232265916,2.2928413768132636e-05,-59831.303726605438,39720.27018397762,-118.81487731035672,92.672742709542831
0.12380952388048172,0.033762039616703987,0.21991339325904846,2.5742217486063852e-05,-66457.203153108305,30737.410108923923,-140.48567280099826,76.792834917529618
-0.12380952388048172,0.033762039616703987,0.21991339325904846,2.5742217486063852e-05,-66457.203153108305,30737.410108923923,-140.48567280099826,76.792834917529618
0.12380952388048172,-0.033762039616703987,0.21991339325904846,2.5742217486063852e-05,-66457.203153108305,30737.410108923923,-140.48567280099826,76.792834917529618
-0.12380952388048172,-0.033762039616703987,0.21991339325904846,2.5742217486063852e-05,-66457.203153108305,30737.410108923923,-140.48567280099826,76.792834917529618
0.11433948960923605,0.030506711982030525,0.22131540971701616,2.4947256133695596e-05,-71726.418543532578,21099.920285858825,-159.0375303157652,61.931909964911654
-0.11433948960923605,0.030506711982030525,0.22131540971701616,2.4947256133695596e-05,-71726.418543532578,21099.920285858825,-159.0375303157652,61.931909964911654
0.11433948960923605,-0.030506711982030525,0.22131540971701616,2.4947256133695596e-05,-71726.418543532578,21099.920285858825,-159.0375303157652,61.931909964911654
-0.11433948960923605,-0.030506711982030525,0.22131540971701616,2.4947256133695596e-05,-71726.418543532578,21099.920285858825,-159.0375303157652,61.931909964911654
0.10428980995745554,0.028234274792916642,0.2228032413198944,2.1331414993495476e-05,-75579.140341956343,11184.970843666162,-176.63312816534528,42.018086632101621
-0.10428980995745554,0.028234274792916642,0.2228032413198944,2.1331414993495476e-05,-75579.140341956343,11184.970843666162,-176.63312816534528,42.018086632101621
0.10428980995745554,-0.028234274792916642,0.2228032413198944,2.1331414993495476e-05,-75579.140341956343,11184.970843666162,-176.63312816534528,42.018086632101621
-0.10428980995745554,-0.028234274792916642,0.2228032413198944,2.1331414993495476e-05,-75579.140341956343,11184.970843666162,-176.63312816534528,42.018086632101621
0.11842287911252819,0.062695991454320726,0.22071087343721713,2.1460959450676508e-05,-58146.196097122942,35207.711790718015,-115.80869711906033,84.881609397950697
-0.11842287911252819,0.062695991454320726,0.22071087343721713,2.1460959450676508e-05,-58146.196097122942,35207.711790718015,-115.80869711906033,84.881609397950697
0.11842287911252819,-0.062695991454320726,0.22071087343721713,2.1460959450676508e-05,-58146.196097122942,35207.711790718015,-115.80869711906033,84.881609397950697
-0.11842287911252819,-0.062695991454320726,0.22071087343721713,2.1460959450676508e-05,-58146.196097122942,35207.711790718015,-115.80869711906033,84.881609397950697
0.095135292491594942,0.025400316850358554,0.22415854625166853,2.6953523278062405e-05,-78231.117383808261,2032.288495457731,-181.38974397133276,22.127745007879536
-0.095135292491594942,0.025400316850358554,0.22415854625166853,2.6953523278062405e-05,-78231.117383808261,2032.288495457731,-181.38974397133276,22.127745007879536
0.095135292491594942,-0.025400316850358554,0.22415854625166853,2.6953523278062405e-05,-78231.117383808261,2032.288495457731,-181.38974397133276,22.127745007879536
-0.095135292491594942,-0.025400316850358554,0.22415854625166853,2.6953523278062405e-05,-78231.117383808261,2032.288495457731,-181.38974397133276,22.127745007879536
0.19497295969749429,0.031168123822863394,0.20859478010580637,2.6454508114758938e-05,17181.587046111243,42860.387464795225,41.078486485357892,54.020824150055226
-0.19497295969749429,0.031168123822863394,0.20859478010580637,2.6454508114758938e-05,17181.587046111243,42860.387464795225,41.078486485357892,54.020824150055226
0.19497295969749429,-0.031168123822863394,0.20859478010580637,2.6454508114758938e-05,17181.587046111243,42860.387464795225,41.078486485357892,54.020824150055226
-0.19497295969749429,-0.031168123822863394,0.20859478010580637,2.6454508114758938e-05,17181.587046111243,42860.387464795225,41.078486485357892,54.020824150055226
0.086486446599322642,0.022622170616430733,0.22543898768789544,1.7822349118737842e-05,-79999.248952237424,-5721.9111200672614,-188.54739190077399,5.3860856753283182
-0.086486446599322642,0.022622170616430733,0.22543898768789544,1.7822349118737842e-05,-79999.248952237424,-5721.9111200672614,-188.54739190077399,5.3860856753283182
0.086486446599322642,-0.022622170616430733,0.22543898768789544,1.7822349118737842e-05,-79999.248952237424,-5721.9111200672614,-188.54739190077399,5.3860856753283182
-0.086486446599322642,-0.022622170616430733,0.22543898768789544,1.7822349118737842e-05,-79999.248952237424,-5721.9111200672614,-188.54739190077399,5.3860856753283182
0.1865682362943672,0.10949805217346847,0.20058691509493695,3.7066425153664133e-05,16133.113087495378,28676.205356219576,47.468286987738793,41.209912047656395
-0.1865682362943672,0.10949805217346847,0.20058691509493695,3.7066425153664133e-05,16133.113087495378,28676.205356219576,47.468286987738793,41.209912047656395
0.1865682362943672,-0.10949805217346847,0.20058691509493695,3.7066425153664133e-05,16133.113087495378,28676.205356219576,47.468286987738793,41.209912047656395
-0.1865682362943672,-0.10949805217346847,0.20058691509493695,3.7066425153664133e-05,16133.113087495378,28676.205356219576,47.468286987738793,41.209912047656395
0.089630190066075657,0.046280509141247671,0.22497356374380437,1.9398031314327521e-05,-75201.873876870159,4958.9980284548265,-167.34289200721267,29.972128850821974
-0.089630190066075657,0.046280509141247671,0.22497356374380437,1.9398031314327521e-05,-75201.873876870159,4958.9980284548265,-167.34289200721267,29.972128850821974
0.089630190066075657,-0.046280509141247671,0.22497356374380437,1.9398031314327521e-05,-75201.873876870159,4958.9980284548265,-167.34289200721267,29.972128850821974
-0.089630190066075657,-0.046280509141247671,0.22497356374380437,1.9398031314327521e-05,-75201.873876870159,4958.9980284548265,-167.34289200721267,29.972128850821974
0.12805541812725002,0.06706338040062132,0.21927660793984788,2.1006086357471523e-05,-50005.118344166156,43470.523744849459,-93.788025025467476,95.764622794004339
-0.12805541812725002,0.06706338040062132,0.21927660793984788,2.1006086357471523e-05,-50005.118344166156,43470.523744849459,-93.788025025467476,95.764622794004339
0.12805541812725002,-0.06706338040062132,0.21927660793984788,2.1006086357471523e-05,-50005.118344166156,43470.523744849459,-93.788025025467476,95.764622794004339
-0.12805541812725002,-0.06706338040062132,0.21927660793984788,2.1006086357471523e-05,-50005.118344166156,43470.523744849459,-93.788025025467476,95.764622794004339
0.1186226842515436,0.093146266648848439,0.22050110934942743,2.9289866241920859e-05,-32662.621855094392,45403.586309211038,-49.545688206025055,93.819491965612499
-0.1186226842515436,0.093146266648848439,0.22050110934942743,2.9289866241920859e-05,-32662.621855094392,45403.586309211038,-49.545688206025055,93.819491965612499
0.1186226842515436,-0.093146266648848439,0.22050110934942743,2.9289866241920859e-05,-32662.621855094392,45403.586309211038,-49.545688206025055,93.819491965612499
-0.1186226842515436,-0.093146266648848439,0.22050110934942743,2.9289866241920859e-05,-32662.621855094392,45403.586309211038,-49.545688206025055,93.819491965612499
0.076927665417035981,0.021003584197211534,0.2268541566665305,3.1825912432463096e-05,-81343.671115899851,-12751.905236498624,-200.024313886632,-13.652461606923344
-0.076927665417035981,0.021003584197211534,0.2268541566665305,3.1825912432463096e-05,-81343.671115899851,-12751.905236498624,-200.024313886632,-13.652461606923344
0.076927665417035981,-0.021003584197211534,0.2268541566665305,3.1825912432463096e-05,-81343.671115899851,-12751.905236498624,-200.024313886632,-13.652461606923344
-0.076927665417035981,-0.021003584197211534,0.2268541566665305,3.1825912432463096e-05,-81343.671115899851,-12751.905236498624,-200.024313886632,-13.652461606923344
0.1852089072738996,0.039278387577808736,0.21012603475352123,2.6780578151625801e-05,2070.2703844585772,52506.878838182573,21.053978646821939,83.285312098741812
-0.1852089072738996,0.039278387577808736,0.21012603475352123,2.6780578151625801e-05,2070.2703844585772,52506.878838182573,21.053978646821939,83.285312098741812
0.1852089072738996,-0.039278387577808736,0.21012603475352123,2.6780578151625801e-05,2070.2703844585772,52506.878838182573,21.053978646821939,83.285312098741812
-0.1852089072738996,-0.039278387577808736,0.21012603475352123,2.6780578151625801e-05,2070.2703844585772,52506.878838182573,21.053978646821939,83.285312098741812
0.17637347070221424,0.047223478296179844,0.2114808153297881,2.5025703774707841e-05,-10117.36123517267,56525.728871151914,1.5210162263137883,99.68938154639612
-0.17637347070221424,0.047223478296179844,0.2114808153297881,2.5025703774707841e-05,-10117.36123517267,56525.728871151914,1.5210162263137883,99.68938154639612
0.17637347070221424,-0.047223478296179844,0.2114808153297881,2.5025703774707841e-05,-10117.36123517267,56525.728871151914,1.5210162263137883,99.68938154639612
-0.17637347070221424,-0.047223478296179844,0.2114808153297881,2.5025703774707841e-05,-10117.36123517267,56525.728871151914,1.5210162263137883,99.68938154639612
0.066423958033460087,0.017786927187076737,0.22838784227409906,2.5696094683889993e-05,-82650.694512432034,-19794.457099517309,-200.08757611902118,-29.03940987017107
-0.066423958033460087,0.017786927187076737,0.22838784227409906,2.5696094683889993e-05,-82650.694512432034,-19794.457099517309,-200.08757611902118,-29.03940987017107
0.066423958033460087,-0.017786927187076737,0.22838784227409906,2.5696094683889993e-05,-82650.694512432034,-19794.457099517309,-200.08757611902118,-29.03940987017107
-0.066423958033460087,-0.017786927187076737,0.22838784227409906,2.5696094683889993e-05,-82650.694512432034,-19794.457099517309,-200.08757611902118,-29.03940987017107
0.15674168933097318,0.062791138841294517,0.21461393232570478,3.0028409459387679e-05,-29000.726912115097,56224.484220563281,-41.357816352431712,107.66806509619096
-0.15674168933097318,0.062791138841294517,0.21461393232570478,3.0028409459387679e-05,-29000.726912115097,56224.484220563281,-41.357816352431712,107.66806509619096
0.15674168933097318,-0.062791138841294517,0.21461393232570478,3.0028409459387679e-05,-29000.726912115097,56224.484220563281,-41.357816352431712,107.66806509619096
-0.15674168933097318,-0.062791138841294517,0.21461393232570478,3.0028409459387679e-05,-29000.726912115097,56224.484220563281,-41.357816352431712,107.66806509619096
0.099601807237975987,0.049995052105261062,0.22349728917436357,2.4793155577193799e-05,-71493.152476680159,14785.688341273813,-162.58043563483614,52.858267836472216
-0.099601807237975987,0.049995052105261062,0.22349728917436357,2.4793155577193799e-05,-71493.152476680159,14785.688341273813,-162.58043563483614,52.858267836472216
0.099601807237975987,-0.049995052105261062,0.22349728917436357,2.4793155577193799e-05,-71493.152476680159,14785.688341273813,-162.58043563483614,52.858267836472216
-0.099601807237975987,-0.049995052105261062,0.22349728917436357,2.4793155577193799e-05,-71493.152476680159,14785.688341273813,-162.58043563483614,52.858267836472216
0.16708297926573201,0.054263849635569017,0.21297507905384108,2.0059673257407309e-05,-20563.459405839225,57640.109799725629,-19.76189700077374,107.73463612019177
-0.16708297926573201,0.054263849635569017,0.21297507905384108,2.0059673257407309e-05,-20563.459405839225,57640.109799725629,-19.76189700077374,107.73463612019177
0.16708297926573201,-0.054263849635569017,0.21297507905384108,2.0059673257407309e-05,-20563.459405839225,57640.109799725629,-19.76189700077374,107.73463612019177
-0.16708297926573201,-0.054263849635569017,0.21297507905384108,2.0059673257407309e-05,-20563.459405839225,57640.109799725629,-19.76189700077374,107.73463612019177
0.033188114154437183,0.019174261415992832,0.23174067429339507,2.3051903195772994e-05,-84766.851667306022,-32532.034450073454,-204.70824468797838,-64.168747536342522
-0.033188114154437183,0.019174261415992832,0.23174067429339507,2.3051903195772994e-05,-84766.851667306022,-32532.034450073454,-204.70824468797838,-64.168747536342522
0.033188114154437183,-0.019174261415992832,0.23174067429339507,2.3051903195772994e-05,-84766.851667306022,-32532.034450073454,-204.70824468797838,-64.168747536342522
-0.033188114154437183,-0.019174261415992832,0.23174067429339507,2.3051903195772994e-05,-84766.851667306022,-32532.034450073454,-204.70824468797838,-64.168747536342522
0.19523809850215912,0.020782383158802986,0.20901459455490112,2.670316058161604e-05,18241.760767633896,42758.815125365982,39.365810381781714,51.336311968029008
-0.19523809850215912,0.020782383158802986,0.20901459455490112,2.670316058161604e-05,18241.760767633896,42758.815125365982,39.365810381781714,51.336311968029008
0.19523809850215912,-0.020782383158802986,0.20901459455490112,2.670316058161604e-05,18241.760767633896,42758.815125365982,39.365810381781714,51.336311968029008
-0.19523809850215912,-0.020782383158802986,0.20901459455490112,2.670316058161604e-05,18241.760767633896,42758.815125365982,39.365810381781714,51.336311968029008
0.057531264146759922,0.014822446043188546,0.22947411259940725,2.6392983889706531e-05,-83352.593382656181,-25057.209756822136,-197.22832686786049,-43.944067008418479
-0.057531264146759922,0.014822446043188546,0.22947411259940725,2.6392983889706531e-05,-83352.593382656181,-25057.209756822136,-197.22832686786049,-43.944067008418479
0.057531264146759922,-0.014822446043188546,0.22947411259940725,2.6392983889706531e-05,-83352.593382656181,-25057.209756822136,-197.22832686786049,-43.944067008418479
-0.057531264146759922,-0.014822446043188546,0.22947411259940725,2.6392983889706531e-05,-83352.593382656181,-25057.209756822136,-197.22832686786049,-43.944067008418479
0.18591821579667225,0.027796671140299059,0.21046273042273717,2.6380846064460274e-05,3187.0671684109393,52588.984232260002,21.982838670968164,82.323889152023696
-0.18591821579667225,0.027796671140299059,0.21046273042273717,2.6380846064460274e-05,3187.0671684109393,52588.984232260002,21.982838670968164,82.323889152023696
0.18591821579667225,-0.027796671140299059,0.21046273042273717,2.6380846064460274e-05,3187.0671684109393,52588.984232260002,21.982838670968164,82.323889152023696
-0.18591821579667225,-0.027796671140299059,0.21046273042273717,2.6380846064460274e-05,3187.0671684109393,52588.984232260002,21.982838670968164,82.323889152023696
0.17566514908303246,0.037458352514564086,0.21199190839420765,1.6992021874937208e-05,-12203.934266410892,57246.895655548338,-5.0886542927813281,99.564478041110945
-0.17566514908303246,0.037458352514564086,0.21199190839420765,1.6992021874937208e-05,-12203.934266410892,57246.895655548338,-5.0886542927813281,99.564478041110945
0.17566514908303246,-0.037458352514564086,0.21199190839420765,1.6992021874937208e-05,-12203.934266410892,57246.895655548338,-5.0886542927813281,99.564478041110945
-0.17566514908303246,-0.037458352514564086,0.21199190839420765,1.6992021874937208e-05,-12203.934266410892,57246.895655548338,-5.0886542927813281,99.564478041110945
0.12805129957931063,0.059160873160616231,0.21928540212739692,2.1713213189393727e-05,-54666.41099094721,41154.091200271985,-104.24686496263875,91.885572440339374
-0.12805129957931063,0.059160873160616231,0.21928540212739692,2.1713213189393727e-05,-54666.41099094721,41154.091200271985,-104.24686496263875,91.885572440339374
0.12805129957931063,-0.059160873160616231,0.21928540212739692,2.1713213189393727e-05,-54666.41099094721,41154.091200271985,-104.24686496263875,91.885572440339374
-0.12805129957931063,-0.059160873160616231,0.21928540212739692,2.1713213189393727e-05,-54666.41099094721,41154.091200271985,-104.24686496263875,91.885572440339374
0.061123977249165171,0.029219056254748705,0.2290352514758589,1.3834693988731297e-05,-82259.832630888835,-19605.58834830442,-193.5890985537967,-29.743838879263858
-0.061123977249165171,0.029219056254748705,0.2290352514758589,1.3834693988731297e-05,-82259.832630888835,-19605.58834830442,-193.5890985537967,-29.743838879263858
0.061123977249165171,-0.029219056254748705,0.2290352514758589,1.3834693988731297e-05,-82259.832630888835,-19605.58834830442,-193.5890985537967,-29.743838879263858
-0.061123977249165171,-0.029219056254748705,0.2290352514758589,1.3834693988731297e-05,-82259.832630888835,-19605.58834830442,-193.5890985537967,-29.743838879263858
0.16648752580460432,0.0448058664915593,0.21339896125643212,1.8476362029250685e-05,-23614.959537807634,57890.419849872153,-29.378350062912716,106.84953642768397
-0.16648752580460432,0.0448058664915593,0.21339896125643212,1.8476362029250685e-05,-23614.959537807634,57890.419849872153,-29.378350062912716,106.84953642768397
0.16648752580460432,-0.0448058664915593,0.21339896125643212,1.8476362029250685e-05,-23614.959537807634,57890.419849872153,-29.378350062912716,106.84953642768397
-0.16648752580460432,-0.0448058664915593,0.21339896125643212,1.8476362029250685e-05,-23614.959537807634,57890.419849872153,-29.378350062912716,106.84953642768397
0.19396554910502908,0.01029370286218834,0.20946808093100991,2.0928784023504254e-05,16714.075509060964,44567.349719251913,36.500189865235086,54.788063813289028
-0.19396554910502908,0.01029370286218834,0.20946808093100991,2.0928784023504254e-05,16714.075509060964,44567.349719251913,36.500189865235086,54.788063813289028
0.19396554910502908,-0.01029370286218834,0.20946808093100991,2.0928784023504254e-05,16714.075509060964,44567.349719251913,36.500189865235086,54.788063813289028
-0.19396554910502908,-0.01029370286218834,0.20946808093100991,2.0928784023504254e-05,16714.075509060964,44567.349719251913,36.500189865235086,54.788063813289028
0.19989072755776691,0.059561620211181651,0.20478747945843115,1.2365177248726102e-05,21821.016283877521,32384.782778515881,60.979227246322381,47.704258072859197
-0.19989072755776691,0.059561620211181651,0.20478747945843115,1.2365177248726102e-05,21821.016283877521,32384.782778515881,60.979227246322381,47.704258072859197
0.19989072755776691,-0.059561620211181651,0.20478747945843115,1.2365177248726102e-05,21821.016283877521,32384.782778515881,60.979227246322381,47.704258072859197
-0.19989072755776691,-0.059561620211181651,0.20478747945843115,1.2365177248726102e-05,21821.016283877521,32384.782778515881,60.979227246322381,47.704258072859197
0.099846202011856428,0.04109941444784658,0.22346110709883907,1.3703680286375018e-05,-74173.717870055305,11214.668314549761,-169.06661657767197,43.977739914671211
-0.099846202011856428,0.04109941444784658,0.22346110709883907,1.3703680286375018e-05,-74173.717870055305,11214.668314549761,-169.06661657767197,43.977739914671211
0.099846202011856428,-0.04109941444784658,0.22346110709883907,1.3703680286375018e-05,-74173.717870055305,11214.668314549761,-169.06661657767197,43.977739914671211
-0.099846202011856428,-0.04109941444784658,0.22346110709883907,1.3703680286375018e-05,-74173.717870055305,11214.668314549761,-169.06661657767197,43.977739914671211
0.18574029320098467,0.018069707896919411,0.21068560445401172,2.3916230163344014e-05,2971.7571679624239,53032.995828510073,22.415450068704455,80.867075827918853
-0.18574029320098467,0.018069707896919411,0.21068560445401172,2.3916230163344014e-05,2971.7571679624239,53032.995828510073,22.415450068704455,80.867075827918853
0.18574029320098467,-0.018069707896919411,0.21068560445401172,2.3916230163344014e-05,2971.7571679624239,53032.995828510073,22.415450068704455,80.867075827918853
-0.18574029320098467,-0.018069707896919411,0.21068560445401172,2.3916230163344014e-05,2971.7571679624239,53032.995828510073,22.415450068704455,80.867075827918853
0.042193596225306398,0.02090032564943739,0.2310478602616689,2.1403155680279511e-05,-84197.155070330657,-29688.229666938852,-200.21518847191129,-55.853970178900717
-0.042193596225306398,0.02090032564943739,0.2310478602616689,2.1403155680279511e-05,-84197.155070330657,-29688.229666938852,-200.21518847191129,-55.853970178900717
0.042193596225306398,-0.02090032564943739,0.2310478602616689,2.1403155680279511e-05,-84197.155070330657,-29688.229666938852,-200.21518847191129,-55.853970178900717
-0.042193596225306398,-0.02090032564943739,0.2310478602616689,2.1403155680279511e-05,-84197.155070330657,-29688.229666938852,-200.21518847191129,-55.853970178900717
0.17651205597937464,0.02596709115896198,0.21206129252053377,2.6493636254671062e-05,-11678.850297229203,57405.759495034443,-4.1747930827084048,98.027653124059668
-0.17651205597937464,0.02596709115896198,0.21206129252053377,2.6493636254671062e-05,-11678.850297229203,57405.759495034443,-4.1747930827084048,98.027653124059668
0.17651205597937464,-0.02596709115896198,0.21206129252053377,2.6493636254671062e-05,-11678.850297229203,57405.759495034443,-4.1747930827084048,98.027653124059668
-0.17651205597937464,-0.02596709115896198,0.21206129252053377,2.6493636254671062e-05,-11678.850297229203,57405.759495034443,-4.1747930827084048,98.027653124059668
0.10891440159923246,0.044278389416442708,0.22211858132739173,2.1890433850882709e-05,-70383.406337299821,19994.402663981789,-150.39895664406833,55.805989337866819
-0.10891440159923246,0.044278389416442708,0.22211858132739173,2.1890433850882709e-05,-70383.406337299821,19994.402663981789,-150.39895664406833,55.805989337866819
0.10891440159923246,-0.044278389416442708,0.22211858132739173,2.1890433850882709e-05,-70383.406337299821,19994.402663981789,-150.39895664406833,55.805989337866819
-0.10891440159923246,-0.044278389416442708,0.22211858132739173,2.1890433850882709e-05,-70383.406337299821,19994.402663981789,-150.39895664406833,55.805989337866819
0.13748847551734567,0.052792761153976617,0.21788824261629633,2.0348806581399323e-05,-50990.789045909965,46496.652536552079,-92.234105315972045,99.931995804050018
-0.13748847551734567,0.052792761153976617,0.21788824261629633,2.0348806581399323e-05,-50990.789045909965,46496.652536552079,-92.234105315972045,99.931995804050018
0.13748847551734567,-0.052792761153976617,0.21788824261629633,2.0348806581399323e-05,-50990.789045909965,46496.652536552079,-92.234105315972045,99.931995804050018
-0.13748847551734567,-0.052792761153976617,0.21788824261629633,2.0348806581399323e-05,-50990.789045909965,46496.652536552079,-92.234105315972045,99.931995804050018
0.11889633082236815,0.0055576353553436573,0.22064078001725307,3.155014190007203e-05,-72381.450775764795,22086.725423693879,-170.41797915865902,65.140654019022364
-0.11889633082236815,0.0055576353553436573,0.22064078001725307,3.155014190007203e-05,-72381.450775764795,22086.725423693879,-170.41797915865902,65.140654019022364
0.11889633082236815,-0.0055576353553436573,0.22064078001725307,3.155014190007203e-05,-72381.450775764795,22086.725423693879,-170.41797915865902,65.140654019022364
-0.11889633082236815,-0.0055576353553436573,0.22064078001725307,3.155014190007203e-05,-72381.450775764795,22086.725423693879,-170.41797915865902,65.140654019022364
0.10956648666442584,0.0039907150941034244,0.22202204165633985,1.9817324712754647e-05,-76168.94037108522,12355.55217166924,-181.54090259458692,44.183656684486955
-0.10956648666442584,0.0039907150941034244,0.22202204165633985,1.9817324712754647e-05,-76168.94037108522,12355.55217166924,-181.54090259458692,44.183656684486955
0.10956648666442584,-0.0039907150941034244,0.22202204165633985,1.9817324712754647e-05,-76168.94037108522,12355.55217166924,-181.54090259458692,44.183656684486955
-0.10956648666442584,-0.0039907150941034244,0.22202204165633985,1.9817324712754647e-05,-76168.94037108522,12355.55217166924,-181.54090259458692,44.183656684486955
0.1378925252662753,0.01102526626718861,0.21782842399456681,2.7975265748620852e-05,-60209.730471532908,40664.349467561457,-120.92112869838999,96.564969918053421
-0.1378925252662753,0.01102526626718861,0.21782842399456681,2.7975265748620852e-05,-60209.730471532908,40664.349467561457,-120.92112869838999,96.564969918053421
0.1378925252662753,-0.01102526626718861,0.21782842399456681,2.7975265748620852e-05,-60209.730471532908,40664.349467561457,-120.92112869838999,96.564969918053421
-0.1378925252662753,-0.01102526626718861,0.21782842399456681,2.7975265748620852e-05,-60209.730471532908,40664.349467561457,-120.92112869838999,96.564969918053421
0.18513789570452352,0.0081344397165573085,0.2108338423347268,1.8517568272124184e-05,2009.0784650423668,53506.713547628482,16.603931751860191,85.732623108734074
-0.18513789570452352,0.0081344397165573085,0.2108338423347268,1.8517568272124184e-05,2009.0784650423668,53506.713547628482,16.603931751860191,85.732623108734074
0.18513789570452352,-0.0081344397165573085,0.2108338423347268,1.8517568272124184e-05,2009.0784650423668,53506.713547628482,16.603931751860191,85.732623108734074
-0.18513789570452352,-0.0081344397165573085,0.2108338423347268,1.8517568272124184e-05,2009.0784650423668,53506.713547628482,16.603931751860191,85.732623108734074
0.16760729305626232,0.034300264852881089,0.21338403590589078,2.6899518053031623e-05,-23917.554128744927,58056.97951685734,-31.152455826159272,107.98365969906034
-0.16760729305626232,0.034300264852881089,0.21338403590589078,2.6899518053031623e-05,-23917.554128744927,58056.97951685734,-31.152455826159272,107.98365969906034
0.16760729305626232,-0.034300264852881089,0.21338403590589078,2.6899518053031623e-05,-23917.554128744927,58056.97951685734,-31.152455826159272,107.98365969906034
-0.16760729305626232,-0.034300264852881089,0.21338403590589078,2.6899518053031623e-05,-23917.554128744927,58056.97951685734,-31.152455826159272,107.98365969906034
0.12836202239784145,0.0087381612175507408,0.21923939988958574,1.8002920713559099e-05,-67192.80136854561,31502.743983926735,-145.37216147308575,79.296206194060261
-0.12836202239784145,0.0087381612175507408,0.21923939988958574,1.8002920713559099e-05,-67192.80136854561,31502.743983926735,-145.37216147308575,79.296206194060261
0.12836202239784145,-0.0087381612175507408,0.21923939988958574,1.8002920713559099e-05,-67192.80136854561,31502.743983926735,-145.37216147308575,79.296206194060261
-0.12836202239784145,-0.0087381612175507408,0.21923939988958574,1.8002920713559099e-05,-67192.80136854561,31502.743983926735,-145.37216147308575,79.296206194060261
0.17473929808105124,0.0043983252167992745,0.21237333042846673,2.5259854894858368e-05,-15181.624966438414,57961.591902615997,-11.611496634467191,109.71197655600631
-0.17473929808105124,0.0043983252167992745,0.21237333042846673,2.5259854894858368e-05,-15181.624966438414,57961.591902615997,-11.611496634467191,109.71197655600631
0.17473929808105124,-0.0043983252167992745,0.21237333042846673,2.5259854894858368e-05,-15181.624966438414,57961.591902615997,-11.611496634467191,109.71197655600631
-0.17473929808105124,-0.0043983252167992745,0.21237333042846673,2.5259854894858368e-05,-15181.624966438414,57961.591902615997,-11.611496634467191,109.71197655600631
0.089717403645210386,0.0087135082476410448,0.2249606520426829,1.8293604578246979e-05,-80371.588560518299,-5329.9369478541466,-191.47443398093125,2.1683688019378247
-0.089717403645210386,0.0087135082476410448,0.2249606520426829,1.8293604578246979e-05,-80371.588560518299,-5329.9369478541466,-191.47443398093125,2.1683688019378247
0.089717403645210386,-0.0087135082476410448,0.2249606520426829,1.8293604578246979e-05,-80371.588560518299,-5329.9369478541466,-191.47443398093125,2.1683688019378247
-0.089717403645210386,-0.0087135082476410448,0.2249606520426829,1.8293604578246979e-05,-80371.588560518299,-5329.9369478541466,-191.47443398093125,2.1683688019378247
0.17706056409926235,0.014537487266349153,0.21202967241545037,2.6373436254537652e-05,-11227.491367088258,57404.227621759361,-4.4070032412728937,99.274353772259687
-0.17706056409926235,0.014537487266349153,0.21202967241545037,2.6373436254537652e-05,-11227.491367088258,57404.227621759361,-4.4070032412728937,99.274353772259687
0.17706056409926235,-0.014537487266349153,0.21202967241545037,2.6373436254537652e-05,-11227.491367088258,57404.227621759361,-4.4070032412728937,99.274353772259687
-0.17706056409926235,-0.014537487266349153,0.21202967241545037,2.6373436254537652e-05,-11227.491367088258,57404.227621759361,-4.4070032412728937,99.274353772259687
0.16732189570104633,0.012325282466999434,0.21347146595396263,2.0869087308124275e-05,-26263.606368426797,57920.502712740534,-35.245062084281045,111.92972620832016
-0.16732189570104633,0.012325282466999434,0.21347146595396263,2.0869087308124275e-05,-26263.606368426797,57920.502712740534,-35.245062084281045,111.92972620832016
0.16732189570104633,-0.012325282466999434,0.21347146595396263,2.0869087308124275e-05,-26263.606368426797,57920.502712740534,-35.245062084281045,111.92972620832016
-0.16732189570104633,-0.012325282466999434,0.21347146595396263,2.0869087308124275e-05,-26263.606368426797,57920.502712740534,-35.245062084281045,111.92972620832016
0.13853048300728055,0.021180643634906089,0.21773397584086868,2.6183609288848829e-05,-58647.272262906787,42002.577162377529,-117.02800277333924,96.328351245490481
-0.13853048300728055,0.021180643634906089,0.21773397584086868,2.6183609288848829e-05,-58647.272262906787,42002.577162377529,-117.02800277333924,96.328351245490481
0.13853048300728055,-0.021180643634906089,0.21773397584086868,2.6183609288848829e-05,-58647.272262906787,42002.577162377529,-117.02800277333924,96.328351245490481
-0.13853048300728055,-0.021180643634906089,0.21773397584086868,2.6183609288848829e-05,-58647.272262906787,42002.577162377529,-117.02800277333924,96.328351245490481
0.099314221606783021,0.010660759975284692,0.22353986555544722,2.7588386782747693e-05,-78561.319114685219,3313.0264232821205,-187.73410187226582,23.931673125681648
-0.099314221606783021,0.010660759975284692,0.22353986555544722,2.7588386782747693e-05,-78561.319114685219,3313.0264232821205,-187.73410187226582,23.931673125681648
0.099314221606783021,-0.010660759975284692,0.22353986555544722,2.7588386782747693e-05,-78561.319114685219,3313.0264232821205,-187.73410187226582,23.931673125681648
-0.099314221606783021,-0.010660759975284692,0.22353986555544722,2.7588386782747693e-05,-78561.319114685219,3313.0264232821205,-187.73410187226582,23.931673125681648
0.12843860807530813,0.01913065122777562,0.21922806144793408,2.6667314880816046e-05,-66310.644210668106,32627.012368300941,-139.17967056593699,82.945282208610507
-0.12843860807530813,0.01913065122777562,0.21922806144793408,2.6667314880816046e-05,-66310.644210668106,32627.012368300941,-139.17967056593699,82.945282208610507
0.12843860807530813,-0.01913065122777562,0.21922806144793408,2.6667314880816046e-05,-66310.644210668106,32627.012368300941,-139.17967056593699,82.945282208610507
-0.12843860807530813,-0.01913065122777562,0.21922806144793408,2.6667314880816046e-05,-66310.644210668106,32627.012368300941,-139.17967056593699,82.945282208610507
0.15643983556997296,0.010623869966498459,0.21508253801865498,2.5754330285350638e-05,-41137.392240958274,54107.054023099263,-68.113214324612215,111.32352396867627
-0.15643983556997296,0.010623869966498459,0.21508253801865498,2.5754330285350638e-05,-41137.392240958274,54107.054023099263,-68.113214324612215,111.32352396867627
0.15643983556997296,-0.010623869966498459,0.21508253801865498,2.5754330285350638e-05,-41137.392240958274,54107.054023099263,-68.113214324612215,111.32352396867627
-0.15643983556997296,-0.010623869966498459,0.21508253801865498,2.5754330285350638e-05,-41137.392240958274,54107.054023099263,-68.113214324612215,111.32352396867627
0.1178919059286633,0.01801406529170009,0.22078948277707755,2.1010157735918542e-05,-72090.630580934347,22018.387114410376,-157.37947113922459,62.520836190272341
-0.1178919059286633,0.01801406529170009,0.22078948277707755,2.1010157735918542e-05,-72090.630580934347,22018.387114410376,-157.37947113922459,62.520836190272341
0.1178919059286633,-0.01801406529170009,0.22078948277707755,2.1010157735918542e-05,-72090.630580934347,22018.387114410376,-157.37947113922459,62.520836190272341
-0.1178919059286633,-0.01801406529170009,0.22078948277707755,2.1010157735918542e-05,-72090.630580934347,22018.387114410376,-157.37947113922459,62.520836190272341
0.10995237155128658,0.013662759173549092,0.22196491230001825,2.4799013537988358e-05,-75569.258868796416,13669.260071871,-172.92052127100874,47.380104157775833
-0.10995237155128658,0.013662759173549092,0.22196491230001825,2.4799013537988358e-05,-75569.258868796416,13669.260071871,-172.92052127100874,47.380104157775833
0.10995237155128658,-0.013662759173549092,0.22196491230001825,2.4799013537988358e-05,-75569.258868796416,13669.260071871,-172.92052127100874,47.380104157775833
-0.10995237155128658,-0.013662759173549092,0.22196491230001825,2.4799013537988358e-05,-75569.258868796416,13669.260071871,-172.92052127100874,47.380104157775833
0.15699330002104711,0.041419676111987325,0.21497708854460573,2.7127718806696842e-05,-35987.26407442709,55850.646745394304,-54.343594013888747,110.69247655847148
-0.15699330002104711,0.041419676111987325,0.21497708854460573,2.7127718806696842e-05,-35987.26407442709,55850.646745394304,-54.343594013888747,110.69247655847148
0.15699330002104711,-0.041419676111987325,0.21497708854460573,2.7127718806696842e-05,-35987.26407442709,55850.646745394304,-54.343594013888747,110.69247655847148
-0.15699330002104711,-0.041419676111987325,0.21497708854460573,2.7127718806696842e-05,-35987.26407442709,55850.646745394304,-54.343594013888747,110.69247655847148
0.16683360891492127,0.023493962929243307,0.2135437564363098,2.7592524119090609e-05,-26236.226986171609,57903.526557034886,-35.165818711742119,108.93175993339277
-0.16683360891492127,0.023493962929243307,0.2135437564363098,2.7592524119090609e-05,-26236.226986171609,57903.526557034886,-35.165818711742119,108.93175993339277
0.16683360891492127,-0.023493962929243307,0.2135437564363098,2.7592524119090609e-05,-26236.226986171609,57903.526557034886,-35.165818711742119,108.93175993339277
-0.16683360891492127,-0.023493962929243307,0.2135437564363098,2.7592524119090609e-05,-26236.226986171609,57903.526557034886,-35.165818711742119,108.93175993339277
0.1567108381003057,0.020078667714802257,0.21504241672692631,2.4660521551690661e-05,-39999.781155419572,54562.918540461498,-67.98237796503048,112.68721665795827
-0.1567108381003057,0.020078667714802257,0.21504241672692631,2.4660521551690661e-05,-39999.781155419572,54562.918540461498,-67.98237796503048,112.68721665795827
0.1567108381003057,-0.020078667714802257,0.21504241672692631,2.4660521551690661e-05,-39999.781155419572,54562.918540461498,-67.98237796503048,112.68721665795827
-0.1567108381003057,-0.020078667714802257,0.21504241672692631,2.4660521551690661e-05,-39999.781155419572,54562.918540461498,-67.98237796503048,112.68721665795827
0.081262073616541086,0.026908929246950451,0.22621245087326436,1.3480903619662951e-05,-80300.166141667505,-8378.5171440820395,-193.55851969621256,-1.1080745975430621
-0.081262073616541086,0.026908929246950451,0.22621245087326436,1.3480903619662951e-05,-80300.166141667505,-8378.5171440820395,-193.55851969621256,-1.1080745975430621
0.081262073616541086,-0.026908929246950451,0.22621245087326436,1.3480903619662951e-05,-80300.166141667505,-8378.5171440820395,-193.55851969621256,-1.1080745975430621
-0.081262073616541086,-0.026908929246950451,0.22621245087326436,1.3480903619662951e-05,-80300.166141667505,-8378.5171440820395,-193.55851969621256,-1.1080745975430621
0.090761770710336781,0.029065497532139398,0.2248060359376586,2.6645073850508062e-05,-78571.940257428054,-543.64597475000278,-185.20873897973027,17.164557401306734
-0.090761770710336781,0.029065497532139398,0.2248060359376586,2.6645073850508062e-05,-78571.940257428054,-543.64597475000278,-185.20873897973027,17.164557401306734
0.090761770710336781,-0.029065497532139398,0.2248060359376586,2.6645073850508062e-05,-78571.940257428054,-543.64597475000278,-185.20873897973027,17.164557401306734
-0.090761770710336781,-0.029065497532139398,0.2248060359376586,2.6645073850508062e-05,-78571.940257428054,-543.64597475000278,-185.20873897973027,17.164557401306734
0.07172338216017371,0.02521605785610892,0.22761756661222918,3.129949573600105e-05,-81617.497521474288,-15041.855945090985,-196.72251682430294,-17.968505844537408
-0.07172338216017371,0.02521605785610892,0.22761756661222918,3.129949573600105e-05,-81617.497521474288,-15041.855945090985,-196.72251682430294,-17.968505844537408
0.07172338216017371,-0.02521605785610892,0.22761756661222918,3.129949573600105e-05,-81617.497521474288,-15041.855945090985,-196.72251682430294,-17.968505844537408
-0.07172338216017371,-0.02521605785610892,0.22761756661222918,3.129949573600105e-05,-81617.497521474288,-15041.855945090985,-196.72251682430294,-17.968505844537408
0.090748937883270514,0.018586684904378946,0.22480793580773656,2.2617233251075e-05,-79694.692659107634,-3116.5453387549451,-189.03157330497305,9.8110543286315064
-0.090748937883270514,0.018586684904378946,0.22480793580773656,2.2617233251075e-05,-79694.692659107634,-3116.5453387549451,-189.03157330497305,9.8110543286315064
0.090748937883270514,-0.018586684904378946,0.22480793580773656,2.2617233251075e-05,-79694.692659107634,-3116.5453387549451,-189.03157330497305,9.8110543286315064
-0.090748937883270514,-0.018586684904378946,0.22480793580773656,2.2617233251075e-05,-79694.692659107634,-3116.5453387549451,-189.03157330497305,9.8110543286315064
0.10043485326596137,0.031864524388128049,0.2233739586553784,1.9925813558848849e-05,-75998.860187126134,8593.4621380834069,-174.99938743658819,34.64454379734115
-0.10043485326596137,0.031864524388128049,0.2233739586553784,1.9925813558848849e-05,-75998.860187126134,8593.4621380834069,-174.99938743658819,34.64454379734115
0.10043485326596137,-0.031864524388128049,0.2233739586553784,1.9925813558848849e-05,-75998.860187126134,8593.4621380834069,-174.99938743658819,34.64454379734115
-0.10043485326596137,-0.031864524388128049,0.2233739586553784,1.9925813558848849e-05,-75998.860187126134,8593.4621380834069,-174.99938743658819,34.64454379734115
0.081231332241928342,0.016421394271250458,0.22621700211008239,2.8284684901421648e-05,-81174.56798099482,-10773.815265321069,-197.09879131425893,-7.5977786030005348
-0.081231332241928342,0.016421394271250458,0.22621700211008239,2.8284684901421648e-05,-81174.56798099482,-10773.815265321069,-197.09879131425893,-7.5977786030005348
0.081231332241928342,-0.016421394271250458,0.22621700211008239,2.8284684901421648e-05,-81174.56798099482,-10773.815265321069,-197.09879131425893,-7.5977786030005348
-0.081231332241928342,-0.016421394271250458,0.22621700211008239,2.8284684901421648e-05,-81174.56798099482,-10773.815265321069,-197.09879131425893,-7.5977786030005348
0.15697473980880638,0.031219607162900138,0.2150033466952869,2.5660581049044977e-05,-38194.633627465919,55321.938930168624,-59.71219115732341,111.01912199640098
-0.15697473980880638,0.031219607162900138,0.2150033466952869,2.5660581049044977e-05,-38194.633627465919,55321.938930168624,-59.71219115732341,111.01912199640098
0.15697473980880638,-0.031219607162900138,0.2150033466952869,2.5660581049044977e-05,-38194.633627465919,55321.938930168624,-59.71219115732341,111.01912199640098
-0.15697473980880638,-0.031219607162900138,0.2150033466952869,2.5660581049044977e-05,-38194.633627465919,55321.938930168624,-59.71219115732341,111.01912199640098
0.10046589437086365,0.020828800029202232,0.22336936309228961,2.8067725889663933e-05,-77514.781402469453,5911.9284259642127,-183.37299781063669,28.66893721045891
-0.10046589437086365,0.020828800029202232,0.22336936309228961,2.8067725889663933e-05,-77514.781402469453,5911.9284259642127,-183.37299781063669,28.66893721045891
0.10046589437086365,-0.020828800029202232,0.22336936309228961,2.8067725889663933e-05,-77514.781402469453,5911.9284259642127,-183.37299781063669,28.66893721045891
-0.10046589437086365,-0.020828800029202232,0.22336936309228961,2.8067725889663933e-05,-77514.781402469453,5911.9284259642127,-183.37299781063669,28.66893721045891
0.11006310052940753,0.03392834370779356,0.22194851913339889,2.0079939152757815e-05,-72680.114329812641,17969.970401400646,-163.61241609779614,56.09023181266263
-0.11006310052940753,0.03392834370779356,0.22194851913339889,2.0079939152757815e-05,-72680.114329812641,17969.970401400646,-163.61241609779614,56.09023181266263
0.11006310052940753,-0.03392834370779356,0.22194851913339889,2.0079939152757815e-05,-72680.114329812641,17969.970401400646,-163.61241609779614,56.09023181266263
-0.11006310052940753,-0.03392834370779356,0.22194851913339889,2.0079939152757815e-05,-72680.114329812641,17969.970401400646,-163.61241609779614,56.09023181266263
0.11895580722904917,0.037158588378267944,0.22063197467414244,2.4258846380222639e-05,-68186.276879344325,27089.502237044231,-145.53924031926468,71.960988956407334
-0.11895580722904917,0.037158588378267944,0.22063197467414244,2.4258846380222639e-05,-68186.276879344325,27089.502237044231,-145.53924031926468,71.960988956407334
0.11895580722904917,-0.037158588378267944,0.22063197467414244,2.4258846380222639e-05,-68186.276879344325,27089.502237044231,-145.53924031926468,71.960988956407334
-0.11895580722904917,-0.037158588378267944,0.22063197467414244,2.4258846380222639e-05,-68186.276879344325,27089.502237044231,-145.53924031926468,71.960988956407334
0.12858447271055704,0.041040835352297508,0.21920646631800225,2.8318479961992299e-05,-61687.787537543278,36830.025212607412,-123.90572594817966,87.301328617489077
-0.12858447271055704,0.041040835352297508,0.21920646631800225,2.8318479961992299e-05,-61687.787537543278,36830.025212607412,-123.90572594817966,87.301328617489077
0.12858447271055704,-0.041040835352297508,0.21920646631800225,2.8318479961992299e-05,-61687.787537543278,36830.025212607412,-123.90572594817966,87.301328617489077
-0.12858447271055704,-0.041040835352297508,0.21920646631800225,2.8318479961992299e-05,-61687.787537543278,36830.025212607412,-123.90572594817966,87.301328617489077
0.13941681122965954,0.042616834322330051,0.21760275701743637,2.1279572172311118e-05,-53117.968284302486,45923.926059657068,-101.60617291489665,101.01416356185975
-0.13941681122965954,0.042616834322330051,0.21760275701743637,2.1279572172311118e-05,-53117.968284302486,45923.926059657068,-101.60617291489665,101.01416356185975
0.13941681122965954,-0.042616834322330051,0.21760275701743637,2.1279572172311118e-05,-53117.968284302486,45923.926059657068,-101.60617291489665,101.01416356185975
-0.13941681122965954,-0.042616834322330051,0.21760275701743637,2.1279572172311118e-05,-53117.968284302486,45923.926059657068,-101.60617291489665,101.01416356185975
0.13864912496954801,0.03238305921191624,0.21771641117542606,2.011404886824112e-05,-56564.432107719585,43585.052218021687,-109.81909214350803,97.115033894690768
-0.13864912496954801,0.03238305921191624,0.21771641117542606,2.011404886824112e-05,-56564.432107719585,43585.052218021687,-109.81909214350803,97.115033894690768
0.13864912496954801,-0.03238305921191624,0.21771641117542606,2.011404886824112e-05,-56564.432107719585,43585.052218021687,-109.81909214350803,97.115033894690768
-0.13864912496954801,-0.03238305921191624,0.21771641117542606,2.011404886824112e-05,-56564.432107719585,43585.052218021687,-109.81909214350803,97.115033894690768
0.12860790276814815,0.029714670816477575,0.21920299751874786,2.7787369900824821e-05,-64501.173978741463,34437.262430270821,-134.43257320692248,84.94924974686019
-0.12860790276814815,0.029714670816477575,0.21920299751874786,2.7787369900824821e-05,-64501.173978741463,34437.262430270821,-134.43257320692248,84.94924974686019
0.12860790276814815,-0.029714670816477575,0.21920299751874786,2.7787369900824821e-05,-64501.173978741463,34437.262430270821,-134.43257320692248,84.94924974686019
-0.12860790276814815,-0.029714670816477575,0.21920299751874786,2.7787369900824821e-05,-64501.173978741463,34437.262430270821,-134.43257320692248,84.94924974686019
0.11955917265380135,0.026752251240444773,0.22054264783208025,2.2542314985853666e-05,-70095.752713816401,25111.849788351228,-150.95830114958096,65.98193749358137
-0.11955917265380135,0.026752251240444773,0.22054264783208025,2.2542314985853666e-05,-70095.752713816401,25111.849788351228,-150.95830114958096,65.98193749358137
0.11955917265380135,-0.026752251240444773,0.22054264783208025,2.2542314985853666e-05,-70095.752713816401,25111.849788351228,-150.95830114958096,65.98193749358137
-0.11955917265380135,-0.026752251240444773,0.22054264783208025,2.2542314985853666e-05,-70095.752713816401,25111.849788351228,-150.95830114958096,65.98193749358137
0.070483361177788487,0.014080754790773907,0.22779918537668015,2.4301736293883526e-05,-82326.371702142758,-18226.040503284999,-198.60933096878566,-28.469219859173212
-0.070483361177788487,0.014080754790773907,0.22779918537668015,2.4301736293883526e-05,-82326.371702142758,-18226.040503284999,-198.60933096878566,-28.469219859173212
0.070483361177788487,-0.014080754790773907,0.22779918537668015,2.4301736293883526e-05,-82326.371702142758,-18226.040503284999,-198.60933096878566,-28.469219859173212
-0.070483361177788487,-0.014080754790773907,0.22779918537668015,2.4301736293883526e-05,-82326.371702142758,-18226.040503284999,-198.60933096878566,-28.469219859173212
0.11065146401921333,0.023886299177486119,0.22186141329277068,1.8153252167797176e-05,-74175.838038700211,16011.517808957708,-167.29196897003257,49.272127409046362
-0.11065146401921333,0.023886299177486119,0.22186141329277068,1.8153252167797176e-05,-74175.838038700211,16011.517808957708,-167.29196897003257,49.272127409046362
0.11065146401921333,-0.023886299177486119,0.22186141329277068,1.8153252167797176e-05,-74175.838038700211,16011.517808957708,-167.29196897003257,49.272127409046362
-0.11065146401921333,-0.023886299177486119,0.22186141329277068,1.8153252167797176e-05,-74175.838038700211,16011.517808957708,-167.29196897003257,49.272127409046362
0.16158296440356851,0.12373178369583727,0.20653451622038063,3.80595807690112e-05,17124.78324914541,29933.380015337894,42.802669634394427,34.385677382041131
-0.16158296440356851,0.12373178369583727,0.20653451622038063,3.80595807690112e-05,17124.78324914541,29933.380015337894,42.802669634394427,34.385677382041131
0.16158296440356851,-0.12373178369583727,0.20653451622038063,3.80595807690112e-05,17124.78324914541,29933.380015337894,42.802669634394427,34.385677382041131
-0.16158296440356851,-0.12373178369583727,0.20653451622038063,3.80595807690112e-05,17124.78324914541,29933.380015337894,42.802669634394427,34.385677382041131
0.1903608631171832,0.056336025697882409,0.20766854333485624,2.5365413250934437e-05,9728.0713080580699,46051.606424696416,37.271765514052021,71.152174386518126
-0.1903608631171832,0.056336025697882409,0.20766854333485624,2.5365413250934437e-05,9728.0713080580699,46051.606424696416,37.271765514052021,71.152174386518126
0.1903608631171832,-0.056336025697882409,0.20766854333485624,2.5365413250934437e-05,9728.0713080580699,46051.606424696416,37.271765514052021,71.152174386518126
-0.1903608631171832,-0.056336025697882409,0.20766854333485624,2.5365413250934437e-05,9728.0713080580699,46051.606424696416,37.271765514052021,71.152174386518126
0.062292647909094903,0.020754412516373191,0.22889249470562545,1.9664960194292749e-05,-82854.529961588763,-21527.659417651663,-198.00985138624023,-31.341642264001152
-0.062292647909094903,0.020754412516373191,0.22889249470562545,1.9664960194292749e-05,-82854.529961588763,-21527.659417651663,-198.00985138624023,-31.341642264001152
0.062292647909094903,-0.020754412516373191,0.22889249470562545,1.9664960194292749e-05,-82854.529961588763,-21527.659417651663,-198.00985138624023,-31.341642264001152
-0.062292647909094903,-0.020754412516373191,0.22889249470562545,1.9664960194292749e-05,-82854.529961588763,-21527.659417651663,-198.00985138624023,-31.341642264001152
0.061904763802886009,0.01089334674179554,0.22893987596035004,2.5539541855612528e-05,-83127.066170904407,-23333.290117292039,-202.00678704723873,-42.370851808143179
-0.061904763802886009,0.01089334674179554,0.22893987596035004,2.5539541855612528e-05,-83127.066170904407,-23333.290117292039,-202.00678704723873,-42.370851808143179
0.061904763802886009,-0.01089334674179554,0.22893987596035004,2.5539541855612528e-05,-83127.066170904407,-23333.290117292039,-202.00678704723873,-42.370851808143179
-0.061904763802886009,-0.01089334674179554,0.22893987596035004,2.5539541855612528e-05,-83127.066170904407,-23333.290117292039,-202.00678704723873,-42.370851808143179
0.04206234558569262,0.0035325642923297301,0.23105935371810341,1.8637711542602058e-05,-84475.648514045737,-32117.683306386192,-215.82735485310943,-69.766355844872763
-0.04206234558569262,0.0035325642923297301,0.23105935371810341,1.8637711542602058e-05,-84475.648514045737,-32117.683306386192,-215.82735485310943,-69.766355844872763
0.04206234558569262,-0.0035325642923297301,0.23105935371810341,1.8637711542602058e-05,-84475.648514045737,-32117.683306386192,-215.82735485310943,-69.766355844872763
-0.04206234558569262,-0.0035325642923297301,0.23105935371810341,1.8637711542602058e-05,-84475.648514045737,-32117.683306386192,-215.82735485310943,-69.766355844872763
0.18080536537783432,0.053158995924742714,0.21020142921519325,2.0406257073541827e-05,-3404.5126513006253,53967.452131142578,14.206860024563731,88.28002237446745
-0.18080536537783432,0.053158995924742714,0.21020142921519325,2.0406257073541827e-05,-3404.5126513006253,53967.452131142578,14.206860024563731,88.28002237446745
0.18080536537783432,-0.053158995924742714,0.21020142921519325,2.0406257073541827e-05,-3404.5126513006253,53967.452131142578,14.206860024563731,88.28002237446745
-0.18080536537783432,-0.053158995924742714,0.21020142921519325,2.0406257073541827e-05,-3404.5126513006253,53967.452131142578,14.206860024563731,88.28002237446745
0.043388908370916968,0.011983322539595212,0.23094318825312365,1.7384052927918994e-05,-84376.222346928393,-30959.877526412663,-205.09925241414848,-60.553769795391986
-0.043388908370916968,0.011983322539595212,0.23094318825312365,1.7384052927918994e-05,-84376.222346928393,-30959.877526412663,-205.09925241414848,-60.553769795391986
0.043388908370916968,-0.011983322539595212,0.23094318825312365,1.7384052927918994e-05,-84376.222346928393,-30959.877526412663,-205.09925241414848,-60.553769795391986
-0.043388908370916968,-0.011983322539595212,0.23094318825312365,1.7384052927918994e-05,-84376.222346928393,-30959.877526412663,-205.09925241414848,-60.553769795391986
0.034346094230482425,0.0094140584259590245,0.23165892738421764,2.0438493413120244e-05,-84815.958289155489,-33819.329551248098,-207.46065037128852,-71.868709974153077
-0.034346094230482425,0.0094140584259590245,0.23165892738421764,2.0438493413120244e-05,-84815.958289155489,-33819.329551248098,-207.46065037128852,-71.868709974153077
0.034346094230482425,-0.0094140584259590245,0.23165892738421764,2.0438493413120244e-05,-84815.958289155489,-33819.329551248098,-207.46065037128852,-71.868709974153077
-0.034346094230482425,-0.0094140584259590245,0.23165892738421764,2.0438493413120244e-05,-84815.958289155489,-33819.329551248098,-207.46065037128852,-71.868709974153077
0.13695545252017388,0.077267417014591708,0.21772385309281236,2.2134621198054474e-05,-37116.562009530389,50335.529219545875,-57.311745743626268,100.47740029696872
-0.13695545252017388,0.077267417014591708,0.21772385309281236,2.2134621198054474e-05,-37116.562009530389,50335.529219545875,-57.311745743626268,100.47740029696872
0.13695545252017388,-0.077267417014591708,0.21772385309281236,2.2134621198054474e-05,-37116.562009530389,50335.529219545875,-57.311745743626268,100.47740029696872
-0.13695545252017388,-0.077267417014591708,0.21772385309281236,2.2134621198054474e-05,-37116.562009530389,50335.529219545875,-57.311745743626268,100.47740029696872
0.024559883193995786,0.0053031701917642541,0.23225861169434336,2.4134658401253937e-05,-85249.533056637345,-36259.712440348871,-219.24930065614421,-82.525068914828609
-0.024559883193995786,0.0053031701917642541,0.23225861169434336,2.4134658401253937e-05,-85249.533056637345,-36259.712440348871,-219.24930065614421,-82.525068914828609
0.024559883193995786,-0.0053031701917642541,0.23225861169434336,2.4134658401253937e-05,-85249.533056637345,-36259.712440348871,-219.24930065614421,-82.525068914828609
-0.024559883193995786,-0.0053031701917642541,0.23225861169434336,2.4134658401253937e-05,-85249.533056637345,-36259.712440348871,-219.24930065614421,-82.525068914828609
0.17188512124025609,0.05064112563978701,0.21221569528647952,2.5379143867188177e-05,-15455.05499542576,57331.548129043447,-10.922680630319361,102.77158409254538
-0.17188512124025609,0.05064112563978701,0.21221569528647952,2.5379143867188177e-05,-15455.05499542576,57331.548129043447,-10.922680630319361,102.77158409254538
0.17188512124025609,-0.05064112563978701,0.21221569528647952,2.5379143867188177e-05,-15455.05499542576,57331.548129043447,-10.922680630319361,102.77158409254538
-0.17188512124025609,-0.05064112563978701,0.21221569528647952,2.5379143867188177e-05,-15455.05499542576,57331.548129043447,-10.922680630319361,102.77158409254538
0.063251803494625058,0.048576720786370937,0.22876479464158037,3.1367540994259962e-05,-78955.285052658161,-9810.4822772818043,-186.36796426382151,-5.5376022818228297
-0.063251803494625058,0.048576720786370937,0.22876479464158037,3.1367540994259962e-05,-78955.285052658161,-9810.4822772818043,-186.36796426382151,-5.5376022818228297
0.063251803494625058,-0.048576720786370937,0.22876479464158037,3.1367540994259962e-05,-78955.285052658161,-9810.4822772818043,-186.36796426382151,-5.5376022818228297
-0.063251803494625058,-0.048576720786370937,0.22876479464158037,3.1367540994259962e-05,-78955.285052658161,-9810.4822772818043,-186.36796426382151,-5.5376022818228297
0.042660264096677732,0.0261467208455929,0.23100699099367344,2.9989663405708413e-05,-83968.720417722521,-28022.738623522891,-200.97972983507449,-51.684807293620224
-0.042660264096677732,0.0261467208455929,0.23100699099367344,2.9989663405708413e-05,-83968.720417722521,-28022.738623522891,-200.97972983507449,-51.684807293620224
0.042660264096677732,-0.0261467208455929,0.23100699099367344,2.9989663405708413e-05,-83968.720417722521,-28022.738623522891,-200.97972983507449,-51.684807293620224
-0.042660264096677732,-0.0261467208455929,0.23100699099367344,2.9989663405708413e-05,-83968.720417722521,-28022.738623522891,-200.97972983507449,-51.684807293620224
0.1625430417084715,0.048322656832636687,0.21400999496222348,2.5034374941379598e-05,-27626.1809729509,57523.131991307091,-35.341458240023314,109.27319616883563
-0.1625430417084715,0.048322656832636687,0.21400999496222348,2.5034374941379598e-05,-27626.1809729509,57523.131991307091,-35.341458240023314,109.27319616883563
0.1625430417084715,-0.048322656832636687,0.21400999496222348,2.5034374941379598e-05,-27626.1809729509,57523.131991307091,-35.341458240023314,109.27319616883563
-0.1625430417084715,-0.048322656832636687,0.21400999496222348,2.5034374941379598e-05,-27626.1809729509,57523.131991307091,-35.341458240023314,109.27319616883563
0.15210463404011226,0.045540003252464156,0.21570882045512538,2.7087744915714094e-05,-40233.942859537659,54010.536424593934,-67.427883834083559,107.94836690629062
-0.15210463404011226,0.045540003252464156,0.21570882045512538,2.7087744915714094e-05,-40233.942859537659,54010.536424593934,-67.427883834083559,107.94836690629062
0.15210463404011226,-0.045540003252464156,0.21570882045512538,2.7087744915714094e-05,-40233.942859537659,54010.536424593934,-67.427883834083559,107.94836690629062
-0.15210463404011226,-0.045540003252464156,0.21570882045512538,2.7087744915714094e-05,-40233.942859537659,54010.536424593934,-67.427883834083559,107.94836690629062
0.082344506329764269,0.059156058837379739,0.2260522035193577,1.7270005231515635e-05,-72136.753350210129,7159.8945349822807,-172.88729191826602,36.273899540534757
-0.082344506329764269,0.059156058837379739,0.2260522035193577,1.7270005231515635e-05,-72136.753350210129,7159.8945349822807,-172.88729191826602,36.273899540534757
0.082344506329764269,-0.059156058837379739,0.2260522035193577,1.7270005231515635e-05,-72136.753350210129,7159.8945349822807,-172.88729191826602,36.273899540534757
-0.082344506329764269,-0.059156058837379739,0.2260522035193577,1.7270005231515635e-05,-72136.753350210129,7159.8945349822807,-172.88729191826602,36.273899540534757
0.14781363685367727,0.077453060960627415,0.21566064590575953,2.80739048166244e-05,-28997.25450377995,54003.330667608847,-37.632250192918349,104.82900804467474
-0.14781363685367727,0.077453060960627415,0.21566064590575953,2.80739048166244e-05,-28997.25450377995,54003.330667608847,-37.632250192918349,104.82900804467474
0.14781363685367727,-0.077453060960627415,0.21566064590575953,2.80739048166244e-05,-28997.25450377995,54003.330667608847,-37.632250192918349,104.82900804467474
-0.14781363685367727,-0.077453060960627415,0.21566064590575953,2.80739048166244e-05,-28997.25450377995,54003.330667608847,-37.632250192918349,104.82900804467474
0.14685680376543783,0.087427372600181741,0.2152453232935557,1.9572435230216421e-05,-22341.458850972591,53054.774160502624,-26.887501394202747,98.94584837602568
-0.14685680376543783,0.087427372600181741,0.2152453232935557,1.9572435230216421e-05,-22341.458850972591,53054.774160502624,-26.887501394202747,98.94584837602568
0.14685680376543783,-0.087427372600181741,0.2152453232935557,1.9572435230216421e-05,-22341.458850972591,53054.774160502624,-26.887501394202747,98.94584837602568
-0.14685680376543783,-0.087427372600181741,0.2152453232935557,1.9572435230216421e-05,-22341.458850972591,53054.774160502624,-26.887501394202747,98.94584837602568
0.14885601772449902,0.083396667649017875,0.21509691900943834,2.0425271296196549e-05,-23961.453154279367,53918.651185169583,-26.618549252514381,104.05424361950872
-0.14885601772449902,0.083396667649017875,0.21509691900943834,2.0425271296196549e-05,-23961.453154279367,53918.651185169583,-26.618549252514381,104.05424361950872
0.14885601772449902,-0.083396667649017875,0.21509691900943834,2.0425271296196549e-05,-23961.453154279367,53918.651185169583,-26.618549252514381,104.05424361950872
-0.14885601772449902,-0.083396667649017875,0.21509691900943834,2.0425271296196549e-05,-23961.453154279367,53918.651185169583,-26.618549252514381,104.05424361950872
0.13333334028720856,0.0048783551901578903,0.21850340068340302,1.3335711415410297e-05,-64084.760784666905,35901.298598943227,-174.20067055659698,112.79062359432795
-0.13333334028720856,0.0048783551901578903,0.21850340068340302,1.3335711415410297e-05,-64084.760784666905,35901.298598943227,-174.20067055659698,112.79062359432795
0.13333334028720856,-0.0048783551901578903,0.21850340068340302,1.3335711415410297e-05,-64084.760784666905,35901.298598943227,-174.20067055659698,112.79062359432795
-0.13333334028720856,-0.0048783551901578903,0.21850340068340302,1.3335711415410297e-05,-64084.760784666905,35901.298598943227,-174.20067055659698,112.79062359432795
0.039600147459389293,0.0314466317126154,0.23127496063728789,3.53650929161505e-05,-83857.500730102605,-27127.030165892269,-200.682248285208,-49.388852687009837
-0.039600147459389293,0.0314466317126154,0.23127496063728789,3.53650929161505e-05,-83857.500730102605,-27127.030165892269,-200.682248285208,-49.388852687009837
0.039600147459389293,-0.0314466317126154,0.23127496063728789,3.53650929161505e-05,-83857.500730102605,-27127.030165892269,-200.682248285208,-49.388852687009837
-0.039600147459389293,-0.0314466317126154,0.23127496063728789,3.53650929161505e-05,-83857.500730102605,-27127.030165892269,-200.682248285208,-49.388852687009837
0.17879388342508237,0.12101260425182048,0.20097881758096006,1.2502088145169284e-05,18298.678985729854,24192.167812896834,44.885773702702878,30.050705414068137
-0.17879388342508237,0.12101260425182048,0.20097881758096006,1.2502088145169284e-05,18298.678985729854,24192.167812896834,44.885773702702878,30.050705414068137
0.17879388342508237,-0.12101260425182048,0.20097881758096006,1.2502088145169284e-05,18298.678985729854,24192.167812896834,44.885773702702878,30.050705414068137
-0.17879388342508237,-0.12101260425182048,0.20097881758096006,1.2502088145169284e-05,18298.678985729854,24192.167812896834,44.885773702702878,30.050705414068137
0.0097465093820552802,0.0077367713797934761,0.23277459804470294,1.5158572913594064e-05,-85555.793711801569,-37845.501773815289,-210.89152236925673,-85.893089831804105
-0.0097465093820552802,0.0077367713797934761,0.23277459804470294,1.5158572913594064e-05,-85555.793711801569,-37845.501773815289,-210.89152236925673,-85.893089831804105
0.0097465093820552802,-0.0077367713797934761,0.23277459804470294,1.5158572913594064e-05,-85555.793711801569,-37845.501773815289,-210.89152236925673,-85.893089831804105
-0.0097465093820552802,-0.0077367713797934761,0.23277459804470294,1.5158572913594064e-05,-85555.793711801569,-37845.501773815289,-210.89152236925673,-85.893089831804105
0.095325799280893395,0.0048418397504516415,0.22413034216641384,1.493278190143713e-05,-79689.552756295394,-720.05511694189227,-211.10368063453288,20.035751266588882
-0.095325799280893395,0.0048418397504516415,0.22413034216641384,1.493278190143713e-05,-79689.552756295394,-720.05511694189227,-211.10368063453288,20.035751266588882
0.095325799280893395,-0.0048418397504516415,0.22413034216641384,1.493278190143713e-05,-79689.552756295394,-720.05511694189227,-211.10368063453288,20.035751266588882
-0.095325799280893395,-0.0048418397504516415,0.22413034216641384,1.493278190143713e-05,-79689.552756295394,-720.05511694189227,-211.10368063453288,20.035751266588882
0.088589970555318295,0.067715075321207255,0.22512757281548712,2.5020555033292585e-05,-66285.129495724017,16198.352618111967,-144.81092942894981,51.154506399021372
-0.088589970555318295,0.067715075321207255,0.22512757281548712,2.5020555033292585e-05,-66285.129495724017,16198.352618111967,-144.81092942894981,51.154506399021372
0.088589970555318295,-0.067715075321207255,0.22512757281548712,2.5020555033292585e-05,-66285.129495724017,16198.352618111967,-144.81092942894981,51.154506399021372
-0.088589970555318295,-0.067715075321207255,0.22512757281548712,2.5020555033292585e-05,-66285.129495724017,16198.352618111967,-144.81092942894981,51.154506399021372
0.16248322486144551,0.0067135342318842559,0.21418782164140704,1.8989393510033577e-05,-33503.176873259923,56637.622192890485,-49.748011541365955,111.83654534979773
-0.16248322486144551,0.0067135342318842559,0.21418782164140704,1.8989393510033577e-05,-33503.176873259923,56637.622192890485,-49.748011541365955,111.83654534979773
0.16248322486144551,-0.0067135342318842559,0.21418782164140704,1.8989393510033577e-05,-33503.176873259923,56637.622192890485,-49.748011541365955,111.83654534979773
-0.16248322486144551,-0.0067135342318842559,0.21418782164140704,1.8989393510033577e-05,-33503.176873259923,56637.622192890485,-49.748011541365955,111.83654534979773
0.081001638102971243,0,0.22625101191414482,7.2609385462123623e-06,-81479.036643226631,-13407.330719759795,-182.73069640598922,-14.286145102663298
-0.081001638102971243,0,0.22625101191414482,7.2609385462123623e-06,-81479.036643226631,-13407.330719759795,-182.73069640598922,-14.286145102663298
0.081001638102971243,-0,0.22625101191414482,7.2609385462123623e-06,-81479.036643226631,-13407.330719759795,-182.73069640598922,-14.286145102663298
-0.081001638102971243,-0,0.22625101191414482,7.2609385462123623e-06,-81479.036643226631,-13407.330719759795,-182.73069640598922,-14.286145102663298
0.090295368178439139,-4.3368086899420177e-19,0.22487508961004182,7.7755872988674117e-06,-80515.494734782027,-6123.9583156199078,-174.54582541049771,3.3043243291884958
-0.090295368178439139,-4.3368086899420177e-19,0.22487508961004182,7.7755872988674117e-06,-80515.494734782027,-6123.9583156199078,-174.54582541049771,3.3043243291884958
0.090295368178439139,4.3368086899420177e-19,0.22487508961004182,7.7755872988674117e-06,-80515.494734782027,-6123.9583156199078,-174.54582541049771,3.3043243291884958
-0.090295368178439139,4.3368086899420177e-19,0.22487508961004182,7.7755872988674117e-06,-80515.494734782027,-6123.9583156199078,-174.54582541049771,3.3043243291884958
0.0711459024608634,0,0.22770214675318978,1.2025236997499202e-05,-82581.409949526991,-20404.751090040769,-168.55942640363594,-20.843180652291959
-0.0711459024608634,0,0.22770214675318978,1.2025236997499202e-05,-82581.409949526991,-20404.751090040769,-168.55942640363594,-20.843180652291959
0.0711459024608634,-0,0.22770214675318978,1.2025236997499202e-05,-82581.409949526991,-20404.751090040769,-168.55942640363594,-20.843180652291959
-0.0711459024608634,-0,0.22770214675318978,1.2025236997499202e-05,-82581.409949526991,-20404.751090040769,-168.55942640363594,-20.843180652291959
0.20000000298023224,0.069093162392181426,0.20342177937702183,1.0940048471791473e-05,21358.318588397247,30327.109247313292,64.353514178798875,46.902698177595667
-0.20000000298023224,0.069093162392181426,0.20342177937702183,1.0940048471791473e-05,21358.318588397247,30327.109247313292,64.353514178798875,46.902698177595667
0.20000000298023224,-0.069093162392181426,0.20342177937702183,1.0940048471791473e-05,21358.318588397247,30327.109247313292,64.353514178798875,46.902698177595667
-0.20000000298023224,-0.069093162392181426,0.20342177937702183,1.0940048471791473e-05,21358.318588397247,30327.109247313292,64.353514178798875,46.902698177595667
0.061904763802886009,0,0.22893987596035004,7.0399540299277064e-06,-83062.099951120283,-25057.837670551944,-176.50276506689545,-38.552651070973333
-0.061904763802886009,0,0.22893987596035004,7.0399540299277064e-06,-83062.099951120283,-25057.837670551944,-176.50276506689545,-38.552651070973333
0.061904763802886009,-0,0.22893987596035004,7.0399540299277064e-06,-83062.099951120283,-25057.837670551944,-176.50276506689545,-38.552651070973333
-0.061904763802886009,-0,0.22893987596035004,7.0399540299277064e-06,-83062.099951120283,-25057.837670551944,-176.50276506689545,-38.552651070973333
0.05238095298409462,0,0.23004715889692307,9.0041648885747252e-06,-83614.813960620682,-29936.665906516988,-211.42615670138557,-54.907633723118984
-0.05238095298409462,0,0.23004715889692307,9.0041648885747252e-06,-83614.813960620682,-29936.665906516988,-211.42615670138557,-54.907633723118984
0.05238095298409462,-0,0.23004715889692307,9.0041648885747252e-06,-83614.813960620682,-29936.665906516988,-211.42615670138557,-54.907633723118984
-0.05238095298409462,-0,0.23004715889692307,9.0041648885747252e-06,-83614.813960620682,-29936.665906516988,-211.42615670138557,-54.907633723118984
0.042626666915150511,0,0.2310099367961419,5.4667352678604057e-06,-84127.475507275565,-33466.045013716124,-211.60731006493137,-62.61768981799181
-0.042626666915150511,0,0.2310099367961419,5.4667352678604057e-06,-84127.475507275565,-33466.045013716124,-211.60731006493137,-62.61768981799181
0.042626666915150511,-0,0.2310099367961419,5.4667352678604057e-06,-84127.475507275565,-33466.045013716124,-211.60731006493137,-62.61768981799181
-0.042626666915150511,-0,0.2310099367961419,5.4667352678604057e-06,-84127.475507275565,-33466.045013716124,-211.60731006493137,-62.61768981799181
0.033501600003562927,0,0.23164624543499093,6.2518473938561854e-06,-84544.653759398119,-35810.698217189944,-182.63736668619512,-62.969958369687653
-0.033501600003562927,0,0.23164624543499093,6.2518473938561854e-06,-84544.653759398119,-35810.698217189944,-182.63736668619512,-62.969958369687653
0.033501600003562927,-0,0.23164624543499093,6.2518473938561854e-06,-84544.653759398119,-35810.698217189944,-182.63736668619512,-62.969958369687653
-0.033501600003562927,-0,0.23164624543499093,6.2518473938561854e-06,-84544.653759398119,-35810.698217189944,-182.63736668619512,-62.969958369687653
0.039472946446511468,0.091355071378285996,0.23125378870530472,2.1751226644601425e-05,-59604.199234169166,17323.28122993296,-115.05991394092756,53.21780895687975
-0.039472946446511468,0.091355071378285996,0.23125378870530472,2.1751226644601425e-05,-59604.199234169166,17323.28122993296,-115.05991394092756,53.21780895687975
0.039472946446511468,-0.091355071378285996,0.23125378870530472,2.1751226644601425e-05,-59604.199234169166,17323.28122993296,-115.05991394092756,53.21780895687975
-0.039472946446511468,-0.091355071378285996,0.23125378870530472,2.1751226644601425e-05,-59604.199234169166,17323.28122993296,-115.05991394092756,53.21780895687975
0.034146779911552343,0.10023150882751058,0.23168367986743632,2.0423931033202459e-05,-50190.966893085657,25412.248187746049,-86.298987246943412,61.940077044670083
-0.034146779911552343,0.10023150882751058,0.23168367986743632,2.0423931033202459e-05,-50190.966893085657,25412.248187746049,-86.298987246943412,61.940077044670083
0.034146779911552343,-0.10023150882751058,0.23168367986743632,2.0423931033202459e-05,-50190.966893085657,25412.248187746049,-86.298987246943412,61.940077044670083
-0.034146779911552343,-0.10023150882751058,0.23168367986743632,2.0423931033202459e-05,-50190.966893085657,25412.248187746049,-86.298987246943412,61.940077044670083
0.014279850758612156,0,0.23266657441854477,1.9521949615501632e-05,-84546.49681320916,-40003.507767846422,-169.5909900224965,-69.911138572525658
-0.014279850758612156,0,0.23266657441854477,1.9521949615501632e-05,-84546.49681320916,-40003.507767846422,-169.5909900224965,-69.911138572525658
0.014279850758612156,-0,0.23266657441854477,1.9521949615501632e-05,-84546.49681320916,-40003.507767846422,-169.5909900224965,-69.911138572525658
-0.014279850758612156,-0,0.23266657441854477,1.9521949615501632e-05,-84546.49681320916,-40003.507767846422,-169.5909900224965,-69.911138572525658
0.02380952425301075,0,0.23229812830686569,1.345606134426946e-05,-84556.135902467387,-38396.220921793472,-176.74684721477436,-67.979755915156446
-0.02380952425301075,0,0.23229812830686569,1.345606134426946e-05,-84556.135902467387,-38396.220921793472,-176.74684721477436,-67.979755915156446
0.02380952425301075,-0,0.23229812830686569,1.345606134426946e-05,-84556.135902467387,-38396.220921793472,-176.74684721477436,-67.979755915156446
-0.02380952425301075,-0,0.23229812830686569,1.345606134426946e-05,-84556.135902467387,-38396.220921793472,-176.74684721477436,-67.979755915156446
0.056791798726204726,0.005221737739645794,0.2295603062391354,1.5051191754561281e-05,-83622.470686476532,-26079.775824574081,-220.51357375693595,-56.403788728457627
-0.056791798726204726,0.005221737739645794,0.2295603062391354,1.5051191754561281e-05,-83622.470686476532,-26079.775824574081,-220.51357375693595,-56.403788728457627
0.056791798726204726,-0.005221737739645794,0.2295603062391354,1.5051191754561281e-05,-83622.470686476532,-26079.775824574081,-220.51357375693595,-56.403788728457627
-0.056791798726204726,-0.005221737739645794,0.2295603062391354,1.5051191754561281e-05,-83622.470686476532,-26079.775824574081,-220.51357375693595,-56.403788728457627
0.15640286611914439,0.11832750688340506,0.2091449036399062,3.7841005512652393e-05,11409.846884139904,37551.09907060751,36.019592344613912,51.098841042622446
-0.15640286611914439,0.11832750688340506,0.2091449036399062,3.7841005512652393e-05,11409.846884139904,37551.09907060751,36.019592344613912,51.098841042622446
0.15640286611914439,-0.11832750688340506,0.2091449036399062,3.7841005512652393e-05,11409.846884139904,37551.09907060751,36.019592344613912,51.098841042622446
-0.15640286611914439,-0.11832750688340506,0.2091449036399062,3.7841005512652393e-05,11409.846884139904,37551.09907060751,36.019592344613912,51.098841042622446
0.19088468082933646,0.066281007575090409,0.20641365674085282,2.5767672815614748e-05,10755.333639496497,43625.408350791316,39.233840412920834,67.878820083307289
-0.19088468082933646,0.066281007575090409,0.20641365674085282,2.5767672815614748e-05,10755.333639496497,43625.408350791316,39.233840412920834,67.878820083307289
0.19088468082933646,-0.066281007575090409,0.20641365674085282,2.5767672815614748e-05,10755.333639496497,43625.408350791316,39.233840412920834,67.878820083307289
-0.19088468082933646,-0.066281007575090409,0.20641365674085282,2.5767672815614748e-05,10755.333639496497,43625.408350791316,39.233840412920834,67.878820083307289
0.18100119308973486,0.063171736268504142,0.20931259651570042,1.7849963476149179e-05,-1449.9090426354412,52240.022537067714,18.181792438777215,94.740795719618362
-0.18100119308973486,0.063171736268504142,0.20931259651570042,1.7849963476149179e-05,-1449.9090426354412,52240.022537067714,18.181792438777215,94.740795719618362
0.18100119308973486,-0.063171736268504142,0.20931259651570042,1.7849963476149179e-05,-1449.9090426354412,52240.022537067714,18.181792438777215,94.740795719618362
-0.18100119308973486,-0.063171736268504142,0.20931259651570042,1.7849963476149179e-05,-1449.9090426354412,52240.022537067714,18.181792438777215,94.740795719618362
0.016132903803391652,0.030105024710490449,0.23261221549478486,2.0924368300206137e-05,-85119.748768068181,-32741.058264227082,-196.45684138401259,-55.430931389054116
-0.016132903803391652,0.030105024710490449,0.23261221549478486,2.0924368300206137e-05,-85119.748768068181,-32741.058264227082,-196.45684138401259,-55.430931389054116
0.016132903803391652,-0.030105024710490449,0.23261221549478486,2.0924368300206137e-05,-85119.748768068181,-32741.058264227082,-196.45684138401259,-55.430931389054116
-0.016132903803391652,-0.030105024710490449,0.23261221549478486,2.0924368300206137e-05,-85119.748768068181,-32741.058264227082,-196.45684138401259,-55.430931389054116
0.17899467154245616,0,0.2117433265601654,1.2526268517001001e-05,-9076.891568215131,56762.898679205893,-1.562629640970481,81.600548579934312
-0.17899467154245616,0,0.2117433265601654,1.2526268517001001e-05,-9076.891568215131,56762.898679205893,-1.562629640970481,81.600548579934312
0.17899467154245616,-0,0.2117433265601654,1.2526268517001001e-05,-9076.891568215131,56762.898679205893,-1.562629640970481,81.600548579934312
-0.17899467154245616,-0,0.2117433265601654,1.2526268517001001e-05,-9076.891568215131,56762.898679205893,-1.562629640970481,81.600548579934312
0.17155709015156595,0.06079395421590348,0.21170476094711316,2.0298765473841249e-05,-13586.423336986894,56358.408924574942,-6.8210097016890421,96.909253551466875
-0.17155709015156595,0.06079395421590348,0.21170476094711316,2.0298765473841249e-05,-13586.423336986894,56358.408924574942,-6.8210097016890421,96.909253551466875
0.17155709015156595,-0.06079395421590348,0.21170476094711316,2.0298765473841249e-05,-13586.423336986894,56358.408924574942,-6.8210097016890421,96.909253551466875
-0.17155709015156595,-0.06079395421590348,0.21170476094711316,2.0298765473841249e-05,-13586.423336986894,56358.408924574942,-6.8210097016890421,96.909253551466875
0.13347180872262113,0.099014295366624386,0.21737320617400196,3.5186180360528445e-05,-18905.508266965724,49579.027602417351,-21.198871949771139,93.504077915635023
-0.13347180872262113,0.099014295366624386,0.21737320617400196,3.5186180360528445e-05,-18905.508266965724,49579.027602417351,-21.198871949771139,93.504077915635023
0.13347180872262113,-0.099014295366624386,0.21737320617400196,3.5186180360528445e-05,-18905.508266965724,49579.027602417351,-21.198871949771139,93.504077915635023
-0.13347180872262113,-0.099014295366624386,0.21737320617400196,3.5186180360528445e-05,-18905.508266965724,49579.027602417351,-21.198871949771139,93.504077915635023
0.10534227972296344,0.038417661255393587,0.22264742562900131,1.5169583761850523e-05,-73274.429067022662,15116.367642574291,-172.37865187072154,54.042377798094186
-0.10534227972296344,0.038417661255393587,0.22264742562900131,1.5169583761850523e-05,-73274.429067022662,15116.367642574291,-172.37865187072154,54.042377798094186
0.10534227972296344,-0.038417661255393587,0.22264742562900131,1.5169583761850523e-05,-73274.429067022662,15116.367642574291,-172.37865187072154,54.042377798094186
-0.10534227972296344,-0.038417661255393587,0.22264742562900131,1.5169583761850523e-05,-73274.429067022662,15116.367642574291,-172.37865187072154,54.042377798094186
0.15119101415680569,0.055320948346666204,0.21578238176262179,2.3806139912645789e-05,-37657.898149976201,54396.094098277827,-61.314479578751182,108.11059239844666
-0.15119101415680569,0.055320948346666204,0.21578238176262179,2.3806139912645789e-05,-37657.898149976201,54396.094098277827,-61.314479578751182,108.11059239844666
0.15119101415680569,-0.055320948346666204,0.21578238176262179,2.3806139912645789e-05,-37657.898149976201,54396.094098277827,-61.314479578751182,108.11059239844666
-0.15119101415680569,-0.055320948346666204,0.21578238176262179,2.3806139912645789e-05,-37657.898149976201,54396.094098277827,-61.314479578751182,108.11059239844666
0.19999994689042752,0.12240231377642666,0.19215196311926236,1.1223253540860553e-05,19384.882971085932,5325.5918860403917,58.582803905566863,-3.3270185460385391
-0.19999994689042752,0.12240231377642666,0.19215196311926236,1.1223253540860553e-05,19384.882971085932,5325.5918860403917,58.582803905566863,-3.3270185460385391
0.19999994689042752,-0.12240231377642666,0.19215196311926236,1.1223253540860553e-05,19384.882971085932,5325.5918860403917,58.582803905566863,-3.3270185460385391
-0.19999994689042752,-0.12240231377642666,0.19215196311926236,1.1223253540860553e-05,19384.882971085932,5325.5918860403917,58.582803905566863,-3.3270185460385391
0.13270479338231517,0.11339546306335864,0.21635226534604132,2.2980733921425214e-05,-1606.1291991595865,44874.293274024516,11.209682924392759,72.377582966780082
-0.13270479338231517,0.11339546306335864,0.21635226534604132,2.2980733921425214e-05,-1606.1291991595865,44874.293274024516,11.209682924392759,72.377582966780082
0.13270479338231517,-0.11339546306335864,0.21635226534604132,2.2980733921425214e-05,-1606.1291991595865,44874.293274024516,11.209682924392759,72.377582966780082
-0.13270479338231517,-0.11339546306335864,0.21635226534604132,2.2980733921425214e-05,-1606.1291991595865,44874.293274024516,11.209682924392759,72.377582966780082
0.1998716522412205,0.078901689737302272,0.20187666043872454,1.4500687676117964e-05,20734.27723470065,28051.417706238499,69.062697881345215,46.627485826268249
-0.1998716522412205,0.078901689737302272,0.20187666043872454,1.4500687676117964e-05,20734.27723470065,28051.417706238499,69.062697881345215,46.627485826268249
0.1998716522412205,-0.078901689737302272,0.20187666043872454,1.4500687676117964e-05,20734.27723470065,28051.417706238499,69.062697881345215,46.627485826268249
-0.1998716522412205,-0.078901689737302272,0.20187666043872454,1.4500687676117964e-05,20734.27723470065,28051.417706238499,69.062697881345215,46.627485826268249
0.018310696726829633,0.033750248345304185,0.23250785629492068,1.6370325010320835e-05,-84516.558920388023,-31162.854886709392,-186.68053402003812,-60.848556732544161
-0.018310696726829633,0.033750248345304185,0.23250785629492068,1.6370325010320835e-05,-84516.558920388023,-31162.854886709392,-186.68053402003812,-60.848556732544161
0.018310696726829633,-0.033750248345304185,0.23250785629492068,1.6370325010320835e-05,-84516.558920388023,-31162.854886709392,-186.68053402003812,-60.848556732544161
-0.018310696726829633,-0.033750248345304185,0.23250785629492068,1.6370325010320835e-05,-84516.558920388023,-31162.854886709392,-186.68053402003812,-60.848556732544161
0.076471912716187654,0.030739235436387621,0.22692163050262754,1.3331871437154012e-05,-80509.249021146359,-10390.608945023712,-193.04766390477766,-5.7164417410117023
-0.076471912716187654,0.030739235436387621,0.22692163050262754,1.3331871437154012e-05,-80509.249021146359,-10390.608945023712,-193.04766390477766,-5.7164417410117023
0.076471912716187654,-0.030739235436387621,0.22692163050262754,1.3331871437154012e-05,-80509.249021146359,-10390.608945023712,-193.04766390477766,-5.7164417410117023
-0.076471912716187654,-0.030739235436387621,0.22692163050262754,1.3331871437154012e-05,-80509.249021146359,-10390.608945023712,-193.04766390477766,-5.7164417410117023
0.13066038264711211,0.1091150685781417,0.21723214526331872,2.2259086138952418e-05,-7928.7299301217599,46777.59527784754,-0.07193414240083601,80.806390533533005
-0.13066038264711211,0.1091150685781417,0.21723214526331872,2.2259086138952418e-05,-7928.7299301217599,46777.59527784754,-0.07193414240083601,80.806390533533005
0.13066038264711211,-0.1091150685781417,0.21723214526331872,2.2259086138952418e-05,-7928.7299301217599,46777.59527784754,-0.07193414240083601,80.806390533533005
-0.13066038264711211,-0.1091150685781417,0.21723214526331872,2.2259086138952418e-05,-7928.7299301217599,46777.59527784754,-0.07193414240083601,80.806390533533005
0.013239017611139483,0.11703001987593679,0.23267484277706146,1.9534859542773481e-05,-25291.01355162873,37302.211140627034,-18.394248308008766,50.643014320987916
-0.013239017611139483,0.11703001987593679,0.23267484277706146,1.9534859542773481e-05,-25291.01355162873,37302.211140627034,-18.394248308008766,50.643014320987916
0.013239017611139483,-0.11703001987593679,0.23267484277706146,1.9534859542773481e-05,-25291.01355162873,37302.211140627034,-18.394248308008766,50.643014320987916
-0.013239017611139483,-0.11703001987593679,0.23267484277706146,1.9534859542773481e-05,-25291.01355162873,37302.211140627034,-18.394248308008766,50.643014320987916
0.17104988992005304,0.069925017940564438,0.21110815108991257,2.6824274207262873e-05,-11293.477013470698,55146.80735640863,-1.077149527205131,96.808597363465651
-0.17104988992005304,0.069925017940564438,0.21110815108991257,2.6824274207262873e-05,-11293.477013470698,55146.80735640863,-1.077149527205131,96.808597363465651
0.17104988992005304,-0.069925017940564438,0.21110815108991257,2.6824274207262873e-05,-11293.477013470698,55146.80735640863,-1.077149527205131,96.808597363465651
-0.17104988992005304,-0.069925017940564438,0.21110815108991257,2.6824274207262873e-05,-11293.477013470698,55146.80735640863,-1.077149527205131,96.808597363465651
0.038286187877087374,0.015222703257525363,0.23139002718561125,1.3021503025839811e-05,-84613.624748481816,-31956.958540595846,-206.03362867469397,-62.953826081765534
-0.038286187877087374,0.015222703257525363,0.23139002718561125,1.3021503025839811e-05,-84613.624748481816,-31956.958540595846,-206.03362867469397,-62.953826081765534
0.038286187877087374,-0.015222703257525363,0.23139002718561125,1.3021503025839811e-05,-84613.624748481816,-31956.958540595846,-206.03362867469397,-62.953826081765534
-0.038286187877087374,-0.015222703257525363,0.23139002718561125,1.3021503025839811e-05,-84613.624748481816,-31956.958540595846,-206.03362867469397,-62.953826081765534
0.099548586059982042,0,0.22350516688421351,9.9865118246838577e-06,-79006.056464883746,1717.6538769018953,-156.53833902623273,20.903735904258035
-0.099548586059982042,0,0.22350516688421351,9.9865118246838577e-06,-79006.056464883746,1717.6538769018953,-156.53833902623273,20.903735904258035
0.099548586059982042,-0,0.22350516688421351,9.9865118246838577e-06,-79006.056464883746,1717.6538769018953,-156.53833902623273,20.903735904258035
-0.099548586059982042,-0,0.22350516688421351,9.9865118246838577e-06,-79006.056464883746,1717.6538769018953,-156.53833902623273,20.903735904258035
0.047670766672728758,0.02715437718214277,0.23056705079205395,2.083316947536207e-05,-83589.395489567425,-26049.408859555217,-193.8331154684538,-43.444826796285874
-0.047670766672728758,0.02715437718214277,0.23056705079205395,2.083316947536207e-05,-83589.395489567425,-26049.408859555217,-193.8331154684538,-43.444826796285874
0.047670766672728758,-0.02715437718214277,0.23056705079205395,2.083316947536207e-05,-83589.395489567425,-26049.408859555217,-193.8331154684538,-43.444826796285874
-0.047670766672728758,-0.02715437718214277,0.23056705079205395,2.083316947536207e-05,-83589.395489567425,-26049.408859555217,-193.8331154684538,-43.444826796285874
0.10958709319088838,0.076394655797777183,0.22201899337254424,3.326181067362879e-05,-53023.533030118822,34757.943646303531,-102.96983623296246,83.818546001475895
-0.10958709319088838,0.076394655797777183,0.22201899337254424,3.326181067362879e-05,-53023.533030118822,34757.943646303531,-102.96983623296246,83.818546001475895
0.10958709319088838,-0.076394655797777183,0.22201899337254424,3.326181067362879e-05,-53023.533030118822,34757.943646303531,-102.96983623296246,83.818546001475895
-0.10958709319088838,-0.076394655797777183,0.22201899337254424,3.326181067362879e-05,-53023.533030118822,34757.943646303531,-102.96983623296246,83.818546001475895
0.011331503770495219,0.12904473451959061,0.23275226340783728,2.8049805063691379e-06,-2793.8908906187148,36664.441552929922,7.6844642675818449,28.058616085765145
-0.011331503770495219,0.12904473451959061,0.23275226340783728,2.8049805063691379e-06,-2793.8908906187148,36664.441552929922,7.6844642675818449,28.058616085765145
0.011331503770495219,-0.12904473451959061,0.23275226340783728,2.8049805063691379e-06,-2793.8908906187148,36664.441552929922,7.6844642675818449,28.058616085765145
-0.011331503770495219,-0.12904473451959061,0.23275226340783728,2.8049805063691379e-06,-2793.8908906187148,36664.441552929922,7.6844642675818449,28.058616085765145
0.044529813971888765,0.1292355776356362,0.23084328402140356,1.0330320143591496e-06,1845.1903443313283,35034.189271981442,11.116261073680011,30.093902697846911
-0.044529813971888765,0.1292355776356362,0.23084328402140356,1.0330320143591496e-06,1845.1903443313283,35034.189271981442,11.116261073680011,30.093902697846911
0.044529813971888765,-0.1292355776356362,0.23084328402140356,1.0330320143591496e-06,1845.1903443313283,35034.189271981442,11.116261073680011,30.093902697846911
-0.044529813971888765,-0.1292355776356362,0.23084328402140356,1.0330320143591496e-06,1845.1903443313283,35034.189271981442,11.116261073680011,30.093902697846911
0.12111853969552906,0.014859902833583625,0.2203117871832278,1.219637253769495e-05,-70821.923727866131,24971.478715054705,-161.31835634388767,70.849306148079293
-0.12111853969552906,0.014859902833583625,0.2203117871832278,1.219637253769495e-05,-70821.923727866131,24971.478715054705,-161.31835634388767,70.849306148079293
0.12111853969552906,-0.014859902833583625,0.2203117871832278,1.219637253769495e-05,-70821.923727866131,24971.478715054705,-161.31835634388767,70.849306148079293
-0.12111853969552906,-0.014859902833583625,0.2203117871832278,1.219637253769495e-05,-70821.923727866131,24971.478715054705,-161.31835634388767,70.849306148079293
0.14594704657793045,0.10523808747529984,0.21387083828449249,3.3538100731138867e-05,-6052.1394930190472,48508.974226383958,4.6580959356151164,84.111222145309696
-0.14594704657793045,0.10523808747529984,0.21387083828449249,3.3538100731138867e-05,-6052.1394930190472,48508.974226383958,4.6580959356151164,84.111222145309696
0.14594704657793045,-0.10523808747529984,0.21387083828449249,3.3538100731138867e-05,-6052.1394930190472,48508.974226383958,4.6580959356151164,84.111222145309696
-0.14594704657793045,-0.10523808747529984,0.21387083828449249,3.3538100731138867e-05,-6052.1394930190472,48508.974226383958,4.6580959356151164,84.111222145309696
0.075401022456949768,0.12308845210662568,0.2270580803819657,8.4880859966711564e-06,-1722.115307343315,37372.793952656713,5.4596223797661514,35.379270450221277
-0.075401022456949768,0.12308845210662568,0.2270580803819657,8.4880859966711564e-06,-1722.115307343315,37372.793952656713,5.4596223797661514,35.379270450221277
0.075401022456949768,-0.12308845210662568,0.2270580803819657,8.4880859966711564e-06,-1722.115307343315,37372.793952656713,5.4596223797661514,35.379270450221277
-0.075401022456949768,-0.12308845210662568,0.2270580803819657,8.4880859966711564e-06,-1722.115307343315,37372.793952656713,5.4596223797661514,35.379270450221277
0.024235825751958019,0.095417266613071053,0.23225431254722098,3.1021157404649488e-05,-57728.573159683998,19601.91620985404,-103.96818860471777,55.135146312956067
-0.024235825751958019,0.095417266613071053,0.23225431254722098,3.1021157404649488e-05,-57728.573159683998,19601.91620985404,-103.96818860471777,55.135146312956067
0.024235825751958019,-0.095417266613071053,0.23225431254722098,3.1021157404649488e-05,-57728.573159683998,19601.91620985404,-103.96818860471777,55.135146312956067
-0.024235825751958019,-0.095417266613071053,0.23225431254722098,3.1021157404649488e-05,-57728.573159683998,19601.91620985404,-103.96818860471777,55.135146312956067
0.076342171441121084,0.058949208343780972,0.22694083603501208,1.1896840436001367e-05,-73512.832364186412,3035.5248212980705,-162.67203313368941,22.711221225487328
-0.076342171441121084,0.058949208343780972,0.22694083603501208,1.1896840436001367e-05,-73512.832364186412,3035.5248212980705,-162.67203313368941,22.711221225487328
0.076342171441121084,-0.058949208343780972,0.22694083603501208,1.1896840436001367e-05,-73512.832364186412,3035.5248212980705,-162.67203313368941,22.711221225487328
-0.076342171441121084,-0.058949208343780972,0.22694083603501208,1.1896840436001367e-05,-73512.832364186412,3035.5248212980705,-162.67203313368941,22.711221225487328
0.052267193794250488,0.086666665971279144,0.23006154969334602,2.1927601352926299e-05,-61455.226479094265,15292.342637592503,-122.58304525249605,49.936316682988526
-0.052267193794250488,0.086666665971279144,0.23006154969334602,2.1927601352926299e-05,-61455.226479094265,15292.342637592503,-122.58304525249605,49.936316682988526
0.052267193794250488,-0.086666665971279144,0.23006154969334602,2.1927601352926299e-05,-61455.226479094265,15292.342637592503,-122.58304525249605,49.936316682988526
-0.052267193794250488,-0.086666665971279144,0.23006154969334602,2.1927601352926299e-05,-61455.226479094265,15292.342637592503,-122.58304525249605,49.936316682988526
0.057089887545676891,0.098160493993236481,0.22947903658162502,1.6314992880979978e-05,-47825.291400718816,26868.100976956674,-87.253885316333069,66.541598008597191
-0.057089887545676891,0.098160493993236481,0.22947903658162502,1.6314992880979978e-05,-47825.291400718816,26868.100976956674,-87.253885316333069,66.541598008597191
0.057089887545676891,-0.098160493993236481,0.22947903658162502,1.6314992880979978e-05,-47825.291400718816,26868.100976956674,-87.253885316333069,66.541598008597191
-0.057089887545676891,-0.098160493993236481,0.22947903658162502,1.6314992880979978e-05,-47825.291400718816,26868.100976956674,-87.253885316333069,66.541598008597191
