x_m,y_m,z_m,area_weight_m2,pressure_real_pa,pressure_imag_pa,normal_velocity_real_m_s,normal_velocity_imag_m_s
6.9871645232866142e-05,0,0.23295018956169905,9.3291029884579869e-06,83720.943008048533,39333.415861547015,47.393081736172782,10.255026644229895
-6.9871645232866142e-05,0,0.23295018956169905,9.3291029884579869e-06,83720.943008048533,39333.415861547015,47.393081736172782,10.255026644229895
6.9871645232866142e-05,-0,0.23295018956169905,9.3291029884579869e-06,83720.943008048533,39333.415861547015,47.393081736172782,10.255026644229895
-6.9871645232866142e-05,-0,0.23295018956169905,9.3291029884579869e-06,83720.943008048533,39333.415861547015,47.393081736172782,10.255026644229895
0,0.0061679884345761105,0.23284929270630092,8.8111737665034403e-06,86410.305242694652,25662.164171289682,208.79504072821371,45.93001536418042
-0,0.0061679884345761105,0.23284929270630092,8.8111737665034403e-06,86410.305242694652,25662.164171289682,208.79504072821371,45.93001536418042
0,-0.0061679884345761105,0.23284929270630092,8.8111737665034403e-06,86410.305242694652,25662.164171289682,208.79504072821371,45.93001536418042
-0,-0.0061679884345761105,0.23284929270630092,8.8111737665034403e-06,86410.305242694652,25662.164171289682,208.79504072821371,45.93001536418042
0,0.017110962078318387,0.23285872745106759,9.7779094558809601e-06,86835.478188016772,21057.311568232115,173.20998470885414,33.702485480856254
-0,0.017110962078318387,0.23285872745106759,9.7779094558809601e-06,86835.478188016772,21057.311568232115,173.20998470885414,33.702485480856254
0,-0.017110962078318387,0.23285872745106759,9.7779094558809601e-06,86835.478188016772,21057.311568232115,173.20998470885414,33.702485480856254
-0,-0.017110962078318387,0.23285872745106759,9.7779094558809601e-06,86835.478188016772,21057.311568232115,173.20998470885414,33.702485480856254
0,0.024639713697388162,0.23294993724618249,3.012550285461375e-05,86462.329017445518,18294.832206771553,178.47323636070308,25.903457556346034
-0,0.024639713697388162,0.23294993724618249,3.012550285461375e-05,86462.329017445518,18294.832206771553,178.47323636070308,25.903457556346034
0,-0.024639713697388162,0.23294993724618249,3.012550285461375e-05,86462.329017445518,18294.832206771553,178.47323636070308,25.903457556346034
-0,-0.024639713697388162,0.23294993724618249,3.012550285461375e-05,86462.329017445518,18294.832206771553,178.47323636070308,25.903457556346034
0,0.032825802473831371,0.23284367045520857,1.4516176201448671e-05,86806.410019357558,10435.753804778657,162.68687483431464,11.129450705934634
-0,0.032825802473831371,0.23284367045520857,1.4516176201448671e-05,86806.410019357558,10435.753804778657,162.68687483431464,11.129450705934634
0,-0.032825802473831371,0.23284367045520857,1.4516176201448671e-05,86806.410019357558,10435.753804778657,162.68687483431464,11.129450705934634
-0,-0.032825802473831371,0.23284367045520857,1.4516176201448671e-05,86806.410019357558,10435.753804778657,162.68687483431464,11.129450705934634
0,0.040230721235275269,0.23283982276916504,2.1386199821182372e-05,85884.254522248637,4367.2814307309754,167.31556939608518,-0.48903910363688857
-0,0.040230721235275269,0.23283982276916504,2.1386199821182372e-05,85884.254522248637,4367.2814307309754,167.31556939608518,-0.48903910363688857
0,-0.040230721235275269,0.23283982276916504,2.1386199821182372e-05,85884.254522248637,4367.2814307309754,167.31556939608518,-0.48903910363688857
-0,-0.040230721235275269,0.23283982276916504,2.1386199821182372e-05,85884.254522248637,4367.2814307309754,167.31556939608518,-0.48903910363688857
0,0.04848669096827507,0.23288911581039429,2.4909842737118921e-05,84168.649270706126,-4349.9572474635233,160.60605377162048,-21.15349721710146
-0,0.04848669096827507,0.23288911581039429,2.4909842737118921e-05,84168.649270706126,-4349.9572474635233,160.60605377162048,-21.15349721710146
0,-0.04848669096827507,0.23288911581039429,2.4909842737118921e-05,84168.649270706126,-4349.9572474635233,160.60605377162048,-21.15349721710146
-0,-0.04848669096827507,0.23288911581039429,2.4909842737118921e-05,84168.649270706126,-4349.9572474635233,160.60605377162048,-21.15349721710146
0,0.056745931506156921,0.23288890719413757,1.2131092402243769e-05,80201.1953236103,-15804.613662040505,144.40881913502358,-37.892868911143488
-0,0.056745931506156921,0.23288890719413757,1.2131092402243769e-05,80201.1953236103,-15804.613662040505,144.40881913502358,-37.892868911143488
0,-0.056745931506156921,0.23288890719413757,1.2131092402243769e-05,80201.1953236103,-15804.613662040505,144.40881913502358,-37.892868911143488
-0,-0.056745931506156921,0.23288890719413757,1.2131092402243769e-05,80201.1953236103,-15804.613662040505,144.40881913502358,-37.892868911143488
0,0.064997687935829163,0.23283861577510834,1.3550587311260274e-05,74135.001098420049,-25177.850075089627,131.21518592011964,-58.946882221701877
-0,0.064997687935829163,0.23283861577510834,1.3550587311260274e-05,74135.001098420049,-25177.850075089627,131.21518592011964,-58.946882221701877
0,-0.064997687935829163,0.23283861577510834,1.3550587311260274e-05,74135.001098420049,-25177.850075089627,131.21518592011964,-58.946882221701877
-0,-0.064997687935829163,0.23283861577510834,1.3550587311260274e-05,74135.001098420049,-25177.850075089627,131.21518592011964,-58.946882221701877
0,0.073251895606517792,0.23288863897323608,1.4264616697507882e-05,64244.644420904944,-35864.367970679603,111.01305475644932,-78.046747451197163
-0,0.073251895606517792,0.23288863897323608,1.4264616697507882e-05,64244.644420904944,-35864.367970679603,111.01305475644932,-78.046747451197163
0,-0.073251895606517792,0.23288863897323608,1.4264616697507882e-05,64244.644420904944,-35864.367970679603,111.01305475644932,-78.046747451197163
-0,-0.073251895606517792,0.23288863897323608,1.4264616697507882e-05,64244.644420904944,-35864.367970679603,111.01305475644932,-78.046747451197163
0,0.081507153809070587,0.23288854956626892,1.5645678643065714e-05,50732.694776593366,-44106.35062975988,80.625208341407941,-84.825723716693005
-0,0.081507153809070587,0.23288854956626892,1.5645678643065714e-05,50732.694776593366,-44106.35062975988,80.625208341407941,-84.825723716693005
0,-0.081507153809070587,0.23288854956626892,1.5645678643065714e-05,50732.694776593366,-44106.35062975988,80.625208341407941,-84.825723716693005
-0,-0.081507153809070587,0.23288854956626892,1.5645678643065714e-05,50732.694776593366,-44106.35062975988,80.625208341407941,-84.825723716693005
0,0.089760690927505493,0.23283810913562775,2.368285438998285e-05,34549.520656124419,-49867.581893541836,53.002382243060453,-94.890214132406498
-0,0.089760690927505493,0.23283810913562775,2.368285438998285e-05,34549.520656124419,-49867.581893541836,53.002382243060453,-94.890214132406498
0,-0.089760690927505493,0.23283810913562775,2.368285438998285e-05,34549.520656124419,-49867.581893541836,53.002382243060453,-94.890214132406498
-0,-0.089760690927505493,0.23283810913562775,2.368285438998285e-05,34549.520656124419,-49867.581893541836,53.002382243060453,-94.890214132406498
0,0.097290977835655212,0.23284420371055603,1.9807271188294113e-05,16074.072150281769,-51204.505725082789,20.239331362267134,-87.469483875860988
-0,0.097290977835655212,0.23284420371055603,1.9807271188294113e-05,16074.072150281769,-51204.505725082789,20.239331362267134,-87.469483875860988
0,-0.097290977835655212,0.23284420371055603,1.9807271188294113e-05,16074.072150281769,-51204.505725082789,20.239331362267134,-87.469483875860988
-0,-0.097290977835655212,0.23284420371055603,1.9807271188294113e-05,16074.072150281769,-51204.505725082789,20.239331362267134,-87.469483875860988
0,0.10523809492588043,0.23295141756534576,1.4084491518267061e-05,-4992.2755041129467,-46435.780923702332,-13.831621043715959,-64.702613165546438
-0,0.10523809492588043,0.23295141756534576,1.4084491518267061e-05,-4992.2755041129467,-46435.780923702332,-13.831621043715959,-64.702613165546438
0,-0.10523809492588043,0.23295141756534576,1.4084491518267061e-05,-4992.2755041129467,-46435.780923702332,-13.831621043715959,-64.702613165546438
-0,-0.10523809492588043,0.23295141756534576,1.4084491518267061e-05,-4992.2755041129467,-46435.780923702332,-13.831621043715959,-64.702613165546438
0,0.1134907454252243,0.23285137116909027,1.0116964098867532e-05,-23435.810506361664,-31645.06860484977,-29.98751737088531,-34.934954607058927
-0,0.1134907454252243,0.23285137116909027,1.0116964098867532e-05,-23435.810506361664,-31645.06860484977,-29.98751737088531,-34.934954607058927
0,-0.1134907454252243,0.23285137116909027,1.0116964098867532e-05,-23435.810506361664,-31645.06860484977,-29.98751737088531,-34.934954607058927
-0,-0.1134907454252243,0.23285137116909027,1.0116964098867532e-05,-23435.810506361664,-31645.06860484977,-29.98751737088531,-34.934954607058927
0,0.12174484133720398,0.23285125195980072,6.011076510009904e-06,-31458.752129234741,-10011.149216608623,-24.14312079009126,-4.4183747329940237
-0,0.12174484133720398,0.23285125195980072,6.011076510009904e-06,-31458.752129234741,-10011.149216608623,-24.14312079009126,-4.4183747329940237
0,-0.12174484133720398,0.23285125195980072,6.011076510009904e-06,-31458.752129234741,-10011.149216608623,-24.14312079009126,-4.4183747329940237
-0,-0.12174484133720398,0.23285125195980072,6.011076510009904e-06,-31458.752129234741,-10011.149216608623,-24.14312079009126,-4.4183747329940237
0.00018504643483242876,0.12940617690208758,0.23294421349428679,5.0100853813902977e-07,-26176.632661823736,9887.6235100641916,-15.03798626700749,9.5659568131969799
-0.00018504643483242876,0.12940617690208758,0.23294421349428679,5.0100853813902977e-07,-26176.632661823736,9887.6235100641916,-15.03798626700749,9.5659568131969799
0.00018504643483242876,-0.12940617690208758,0.23294421349428679,5.0100853813902977e-07,-26176.632661823736,9887.6235100641916,-15.03798626700749,9.5659568131969799
-0.00018504643483242876,-0.12940617690208758,0.23294421349428679,5.0100853813902977e-07,-26176.632661823736,9887.6235100641916,-15.03798626700749,9.5659568131969799
0.0045783008588114295,0.055329824416054586,0.23287095420491116,3.2730843907170131e-05,80292.657743881457,-16881.440078098432,201.2723633593001,-48.523780871581543
-0.0045783008588114295,0.055329824416054586,0.23287095420491116,3.2730843907170131e-05,80292.657743881457,-16881.440078098432,201.2723633593001,-48.523780871581543
0.0045783008588114295,-0.055329824416054586,0.23287095420491116,3.2730843907170131e-05,80292.657743881457,-16881.440078098432,201.2723633593001,-48.523780871581543
-0.0045783008588114295,-0.055329824416054586,0.23287095420491116,3.2730843907170131e-05,80292.657743881457,-16881.440078098432,201.2723633593001,-48.523780871581543
0.0037462215923953755,0.078143550955407773,0.23288549056422059,3.05553202089479e-05,54946.030563710956,-42652.799495173953,129.17333979035001,-108.45865804014612
-0.0037462215923953755,0.078143550955407773,0.23288549056422059,3.05553202089479e-05,54946.030563710956,-42652.799495173953,129.17333979035001,-108.45865804014612
0.0037462215923953755,-0.078143550955407773,0.23288549056422059,3.05553202089479e-05,54946.030563710956,-42652.799495173953,129.17333979035001,-108.45865804014612
-0.0037462215923953755,-0.078143550955407773,0.23288549056422059,3.05553202089479e-05,54946.030563710956,-42652.799495173953,129.17333979035001,-108.45865804014612
0.0046703795429586838,0.0058011644811312418,0.23286933724198486,3.4789376099433628e-05,87045.980672681384,22141.2588769658,241.69278959559716,55.067779353621923
-0.0046703795429586838,0.0058011644811312418,0.23286933724198486,3.4789376099433628e-05,87045.980672681384,22141.2588769658,241.69278959559716,55.067779353621923
0.0046703795429586838,-0.0058011644811312418,0.23286933724198486,3.4789376099433628e-05,87045.980672681384,22141.2588769658,241.69278959559716,55.067779353621923
-0.0046703795429586838,-0.0058011644811312418,0.23286933724198486,3.4789376099433628e-05,87045.980672681384,22141.2588769658,241.69278959559716,55.067779353621923
0.0041787232458769729,0.11118731032627799,0.23287797749103423,2.6831721525761445e-05,-19941.744437761765,-36434.170659575393,-37.073631961014755,-51.56093511678511
-0.0041787232458769729,0.11118731032627799,0.23287797749103423,2.6831721525761445e-05,-19941.744437761765,-36434.170659575393,-37.073631961014755,-51.56093511678511
0.0041787232458769729,-0.11118731032627799,0.23287797749103423,2.6831721525761445e-05,-19941.744437761765,-36434.170659575393,-37.073631961014755,-51.56093511678511
-0.0041787232458769729,-0.11118731032627799,0.23287797749103423,2.6831721525761445e-05,-19941.744437761765,-36434.170659575393,-37.073631961014755,-51.56093511678511
0.0052478340116503272,0.030542961214950939,0.2328591863593989,3.5734620917518363e-05,87245.334171816721,8918.1274905405244,225.96960116982547,18.125371508336702
-0.0052478340116503272,0.030542961214950939,0.2328591863593989,3.5734620917518363e-05,87245.334171816721,8918.1274905405244,225.96960116982547,18.125371508336702
0.0052478340116503272,-0.030542961214950939,0.2328591863593989,3.5734620917518363e-05,87245.334171816721,8918.1274905405244,225.96960116982547,18.125371508336702
-0.0052478340116503272,-0.030542961214950939,0.2328591863593989,3.5734620917518363e-05,87245.334171816721,8918.1274905405244,225.96960116982547,18.125371508336702
0.0081617325434656263,0.03775314745580427,0.23279119869550216,4.7819083746662394e-05,86698.957272596628,1967.4452460214741,211.22628938715818,-4.3038195255292511
-0.0081617325434656263,0.03775314745580427,0.23279119869550216,4.7819083746662394e-05,86698.957272596628,1967.4452460214741,211.22628938715818,-4.3038195255292511
0.0081617325434656263,-0.03775314745580427,0.23279119869550216,4.7819083746662394e-05,86698.957272596628,1967.4452460214741,211.22628938715818,-4.3038195255292511
-0.0081617325434656263,-0.03775314745580427,0.23279119869550216,4.7819083746662394e-05,86698.957272596628,1967.4452460214741,211.22628938715818,-4.3038195255292511
0.0073020332085100394,0.06163471902585077,0.23281875900651849,2.4404729304218635e-05,76060.984889470128,-24446.740103309476,168.64955856178457,-70.007843708280944
-0.0073020332085100394,0.06163471902585077,0.23281875900651849,2.4404729304218635e-05,76060.984889470128,-24446.740103309476,168.64955856178457,-70.007843708280944
0.0073020332085100394,-0.06163471902585077,0.23281875900651849,2.4404729304218635e-05,76060.984889470128,-24446.740103309476,168.64955856178457,-70.007843708280944
-0.0073020332085100394,-0.06163471902585077,0.23281875900651849,2.4404729304218635e-05,76060.984889470128,-24446.740103309476,168.64955856178457,-70.007843708280944
0.0077114602954104789,0.087176219463605181,0.23281188351092688,3.5506134510710169e-05,37333.919390916475,-50335.566690382839,74.890138891970253,-117.09373318808036
-0.0077114602954104789,0.087176219463605181,0.23281188351092688,3.5506134510710169e-05,37333.919390916475,-50335.566690382839,74.890138891970253,-117.09373318808036
0.0077114602954104789,-0.087176219463605181,0.23281188351092688,3.5506134510710169e-05,37333.919390916475,-50335.566690382839,74.890138891970253,-117.09373318808036
-0.0077114602954104789,-0.087176219463605181,0.23281188351092688,3.5506134510710169e-05,37333.919390916475,-50335.566690382839,74.890138891970253,-117.09373318808036
0.0079556526045278277,0.012472523316428718,0.2328069936981858,4.3082266972776824e-05,87315.415689167115,19985.302736120208,222.79528757606408,43.415549354019063
-0.0079556526045278277,0.012472523316428718,0.2328069936981858,4.3082266972776824e-05,87315.415689167115,19985.302736120208,222.79528757606408,43.415549354019063
0.0079556526045278277,-0.012472523316428718,0.2328069936981858,4.3082266972776824e-05,87315.415689167115,19985.302736120208,222.79528757606408,43.415549354019063
-0.0079556526045278277,-0.012472523316428718,0.2328069936981858,4.3082266972776824e-05,87315.415689167115,19985.302736120208,222.79528757606408,43.415549354019063
0.0083519126646521679,0.11690022935421858,0.23280462977757654,2.1526799780993891e-05,-28791.980990673459,-22738.390876416681,-36.281055110959954,-26.484883737876022
-0.0083519126646521679,0.11690022935421858,0.23280462977757654,2.1526799780993891e-05,-28791.980990673459,-22738.390876416681,-36.281055110959954,-26.484883737876022
0.0083519126646521679,-0.11690022935421858,0.23280462977757654,2.1526799780993891e-05,-28791.980990673459,-22738.390876416681,-36.281055110959954,-26.484883737876022
-0.0083519126646521679,-0.11690022935421858,0.23280462977757654,2.1526799780993891e-05,-28791.980990673459,-22738.390876416681,-36.281055110959954,-26.484883737876022
0.069749830972962459,0.12315992434393989,0.22789433531015607,8.1268644965075828e-06,-30208.195975286184,5164.9230522430817,-25.249906549614003,6.5671322972553261
-0.069749830972962459,0.12315992434393989,0.22789433531015607,8.1268644965075828e-06,-30208.195975286184,5164.9230522430817,-25.249906549614003,6.5671322972553261
0.069749830972962459,-0.12315992434393989,0.22789433531015607,8.1268644965075828e-06,-30208.195975286184,5164.9230522430817,-25.249906549614003,6.5671322972553261
-0.069749830972962459,-0.12315992434393989,0.22789433531015607,8.1268644965075828e-06,-30208.195975286184,5164.9230522430817,-25.249906549614003,6.5671322972553261
0.0096582029552640461,8.1315162936412833e-20,0.23278063745601976,5.6144374568192692e-06,86913.141506054162,24891.854690129112,181.29982472636394,36.143162385489894
-0.0096582029552640461,8.1315162936412833e-20,0.23278063745601976,5.6144374568192692e-06,86913.141506054162,24891.854690129112,181.29982472636394,36.143162385489894
0.0096582029552640461,-8.1315162936412833e-20,0.23278063745601976,5.6144374568192692e-06,86913.141506054162,24891.854690129112,181.29982472636394,36.143162385489894
-0.0096582029552640461,-8.1315162936412833e-20,0.23278063745601976,5.6144374568192692e-06,86913.141506054162,24891.854690129112,181.29982472636394,36.143162385489894
0.0099120367257393999,0.0035362846319983059,0.23277389606988963,2.3463443683994051e-05,87299.794624374699,22636.036443147586,237.94537081634712,46.798131327200558
-0.0099120367257393999,0.0035362846319983059,0.23277389606988963,2.3463443683994051e-05,87299.794624374699,22636.036443147586,237.94537081634712,46.798131327200558
0.0099120367257393999,-0.0035362846319983059,0.23277389606988963,2.3463443683994051e-05,87299.794624374699,22636.036443147586,237.94537081634712,46.798131327200558
-0.0099120367257393999,-0.0035362846319983059,0.23277389606988963,2.3463443683994051e-05,87299.794624374699,22636.036443147586,237.94537081634712,46.798131327200558
0.011272053023426666,0.044839268743481951,0.23275330697915675,3.6802741216869896e-05,84266.237197894297,-5940.9116445447216,200.53517223942399,-15.025074763011629
-0.011272053023426666,0.044839268743481951,0.23275330697915675,3.6802741216869896e-05,84266.237197894297,-5940.9116445447216,200.53517223942399,-15.025074763011629
0.011272053023426666,-0.044839268743481951,0.23275330697915675,3.6802741216869896e-05,84266.237197894297,-5940.9116445447216,200.53517223942399,-15.025074763011629
-0.011272053023426666,-0.044839268743481951,0.23275330697915675,3.6802741216869896e-05,84266.237197894297,-5940.9116445447216,200.53517223942399,-15.025074763011629
0.010549840243541173,0.067797384941951616,0.23276575615345779,3.8899666688792979e-05,68843.003283051614,-32603.384173903738,156.08639339225184,-81.752501453152775
-0.010549840243541173,0.067797384941951616,0.23276575615345779,3.8899666688792979e-05,68843.003283051614,-32603.384173903738,156.08639339225184,-81.752501453152775
0.010549840243541173,-0.067797384941951616,0.23276575615345779,3.8899666688792979e-05,68843.003283051614,-32603.384173903738,156.08639339225184,-81.752501453152775
-0.010549840243541173,-0.067797384941951616,0.23276575615345779,3.8899666688792979e-05,68843.003283051614,-32603.384173903738,156.08639339225184,-81.752501453152775
0.010815225882777196,0.093186179822333667,0.23276133104880789,3.4081343042249718e-05,23058.256611412522,-52388.03571714682,47.260070452169515,-114.47237058163672
-0.010815225882777196,0.093186179822333667,0.23276133104880789,3.4081343042249718e-05,23058.256611412522,-52388.03571714682,47.260070452169515,-114.47237058163672
0.010815225882777196,-0.093186179822333667,0.23276133104880789,3.4081343042249718e-05,23058.256611412522,-52388.03571714682,47.260070452169515,-114.47237058163672
-0.010815225882777196,-0.093186179822333667,0.23276133104880789,3.4081343042249718e-05,23058.256611412522,-52388.03571714682,47.260070452169515,-114.47237058163672
0.012339859963184728,0.018903346739665702,0.23273453644234718,4.0394011178931776e-05,86990.47331237176,16337.740965115185,212.25043124880381,37.250057487140324
-0.012339859963184728,0.018903346739665702,0.23273453644234718,4.0394011178931776e-05,86990.47331237176,16337.740965115185,212.25043124880381,37.250057487140324
0.012339859963184728,-0.018903346739665702,0.23273453644234718,4.0394011178931776e-05,86990.47331237176,16337.740965115185,212.25043124880381,37.250057487140324
-0.012339859963184728,-0.018903346739665702,0.23273453644234718,4.0394011178931776e-05,86990.47331237176,16337.740965115185,212.25043124880381,37.250057487140324
0.012893148202406016,0.09986250962857017,0.23272481967058636,4.5687238595830408e-05,5900.997680011069,-51204.473268793932,9.8840035467737852,-101.8922890523319
-0.012893148202406016,0.09986250962857017,0.23272481967058636,4.5687238595830408e-05,5900.997680011069,-51204.473268793932,9.8840035467737852,-101.8922890523319
0.012893148202406016,-0.09986250962857017,0.23272481967058636,4.5687238595830408e-05,5900.997680011069,-51204.473268793932,9.8840035467737852,-101.8922890523319
-0.012893148202406016,-0.09986250962857017,0.23272481967058636,4.5687238595830408e-05,5900.997680011069,-51204.473268793932,9.8840035467737852,-101.8922890523319
0.011438635529155963,0.12323716629671878,0.23275037970198578,8.0123095971682067e-06,-31557.477732793239,-5362.1179066317691,-23.693532149891254,-2.3064685063720969
-0.011438635529155963,0.12323716629671878,0.23275037970198578,8.0123095971682067e-06,-31557.477732793239,-5362.1179066317691,-23.693532149891254,-2.3064685063720969
0.011438635529155963,-0.12323716629671878,0.23275037970198578,8.0123095971682067e-06,-31557.477732793239,-5362.1179066317691,-23.693532149891254,-2.3064685063720969
-0.011438635529155963,-0.12323716629671878,0.23275037970198578,8.0123095971682067e-06,-31557.477732793239,-5362.1179066317691,-23.693532149891254,-2.3064685063720969
0.015441647465835387,0.049270519099858211,0.23266275093148583,2.9886128404422838e-05,82722.17983456458,-11754.3525493896,190.33061804975651,-35.74745949628511
-0.015441647465835387,0.049270519099858211,0.23266275093148583,2.9886128404422838e-05,82722.17983456458,-11754.3525493896,190.33061804975651,-35.74745949628511
0.015441647465835387,-0.049270519099858211,0.23266275093148583,2.9886128404422838e-05,82722.17983456458,-11754.3525493896,190.33061804975651,-35.74745949628511
-0.015441647465835387,-0.049270519099858211,0.23266275093148583,2.9886128404422838e-05,82722.17983456458,-11754.3525493896,190.33061804975651,-35.74745949628511
0.015968688689251713,0.072451376039928114,0.23264162398495053,4.4177679005664887e-05,61771.65452129599,-39145.111904669531,139.93407020245235,-93.086928051563035
-0.015968688689251713,0.072451376039928114,0.23264162398495053,4.4177679005664887e-05,61771.65452129599,-39145.111904669531,139.93407020245235,-93.086928051563035
0.015968688689251713,-0.072451376039928114,0.23264162398495053,4.4177679005664887e-05,61771.65452129599,-39145.111904669531,139.93407020245235,-93.086928051563035
-0.015968688689251713,-0.072451376039928114,0.23264162398495053,4.4177679005664887e-05,61771.65452129599,-39145.111904669531,139.93407020245235,-93.086928051563035
0.017239740369364608,0.024381188798744537,0.232632956767445,3.6587659016939917e-05,87004.926140678319,11856.70695410482,208.13493135442957,23.047549007584415
-0.017239740369364608,0.024381188798744537,0.232632956767445,3.6587659016939917e-05,87004.926140678319,11856.70695410482,208.13493135442957,23.047549007584415
0.017239740369364608,-0.024381188798744537,0.232632956767445,3.6587659016939917e-05,87004.926140678319,11856.70695410482,208.13493135442957,23.047549007584415
-0.017239740369364608,-0.024381188798744537,0.232632956767445,3.6587659016939917e-05,87004.926140678319,11856.70695410482,208.13493135442957,23.047549007584415
0.017151759259129564,0.10526508690953046,0.23264580423470907,4.772843444009516e-05,-8622.1613415710781,-46312.94873189021,-18.845891913461525,-80.661799293827812
-0.017151759259129564,0.10526508690953046,0.23264580423470907,4.772843444009516e-05,-8622.1613415710781,-46312.94873189021,-18.845891913461525,-80.661799293827812
0.017151759259129564,-0.10526508690953046,0.23264580423470907,4.772843444009516e-05,-8622.1613415710781,-46312.94873189021,-18.845891913461525,-80.661799293827812
-0.017151759259129564,-0.10526508690953046,0.23264580423470907,4.772843444009516e-05,-8622.1613415710781,-46312.94873189021,-18.845891913461525,-80.661799293827812
0.017242748384150786,0.12934728917167695,0.23263831557081191,1.1043804333447427e-06,-26333.406890858241,10008.441897829089,-16.739681416893205,10.674721470452905
-0.017242748384150786,0.12934728917167695,0.23263831557081191,1.1043804333447427e-06,-26333.406890858241,10008.441897829089,-16.739681416893205,10.674721470452905
0.017242748384150786,-0.12934728917167695,0.23263831557081191,1.1043804333447427e-06,-26333.406890858241,10008.441897829089,-16.739681416893205,10.674721470452905
-0.017242748384150786,-0.12934728917167695,0.23263831557081191,1.1043804333447427e-06,-26333.406890858241,10008.441897829089,-16.739681416893205,10.674721470452905
0.01875219405338284,0.012655641424763327,0.23255764559392506,2.9174614679793402e-05,87041.136731186314,18009.733283978065,211.07350028698676,37.354038551390431
-0.01875219405338284,0.012655641424763327,0.23255764559392506,2.9174614679793402e-05,87041.136731186314,18009.733283978065,211.07350028698676,37.354038551390431
0.01875219405338284,-0.012655641424763327,0.23255764559392506,2.9174614679793402e-05,87041.136731186314,18009.733283978065,211.07350028698676,37.354038551390431
-0.01875219405338284,-0.012655641424763327,0.23255764559392506,2.9174614679793402e-05,87041.136731186314,18009.733283978065,211.07350028698676,37.354038551390431
0.01904761977493763,0,0.23254890739917755,8.6854723199037428e-06,87421.057065203931,23249.236576160973,198.76967926720113,27.645104021741076
-0.01904761977493763,0,0.23254890739917755,8.6854723199037428e-06,87421.057065203931,23249.236576160973,198.76967926720113,27.645104021741076
0.01904761977493763,-0,0.23254890739917755,8.6854723199037428e-06,87421.057065203931,23249.236576160973,198.76967926720113,27.645104021741076
-0.01904761977493763,-0,0.23254890739917755,8.6854723199037428e-06,87421.057065203931,23249.236576160973,198.76967926720113,27.645104021741076
0.01904761977493763,0.005463864654302597,0.23254890739917755,3.6325018229595793e-05,86961.622783532235,19646.200610599419,220.76492525810113,44.894027565569523
-0.01904761977493763,0.005463864654302597,0.23254890739917755,3.6325018229595793e-05,86961.622783532235,19646.200610599419,220.76492525810113,44.894027565569523
0.01904761977493763,-0.005463864654302597,0.23254890739917755,3.6325018229595793e-05,86961.622783532235,19646.200610599419,220.76492525810113,44.894027565569523
-0.01904761977493763,-0.005463864654302597,0.23254890739917755,3.6325018229595793e-05,86961.622783532235,19646.200610599419,220.76492525810113,44.894027565569523
0.01842768302334425,0.056008532629047439,0.23256294155472507,3.9162539032112954e-05,78570.424387774416,-20354.433081531537,179.08461146938922,-53.860349780007617
-0.01842768302334425,0.056008532629047439,0.23256294155472507,3.9162539032112954e-05,78570.424387774416,-20354.433081531537,179.08461146938922,-53.860349780007617
0.01842768302334425,-0.056008532629047439,0.23256294155472507,3.9162539032112954e-05,78570.424387774416,-20354.433081531537,179.08461146938922,-53.860349780007617
-0.01842768302334425,-0.056008532629047439,0.23256294155472507,3.9162539032112954e-05,78570.424387774416,-20354.433081531537,179.08461146938922,-53.860349780007617
0.018155104579788178,0.079878612136991545,0.23257064585969373,4.4581689275308107e-05,49607.595644960013,-46577.081084685116,110.42542197243448,-106.12898364564933
-0.018155104579788178,0.079878612136991545,0.23257064585969373,4.4581689275308107e-05,49607.595644960013,-46577.081084685116,110.42542197243448,-106.12898364564933
0.018155104579788178,-0.079878612136991545,0.23257064585969373,4.4581689275308107e-05,49607.595644960013,-46577.081084685116,110.42542197243448,-106.12898364564933
-0.018155104579788178,-0.079878612136991545,0.23257064585969373,4.4581689275308107e-05,49607.595644960013,-46577.081084685116,110.42542197243448,-106.12898364564933
0.0210148636251688,0.03095238097012043,0.23244531452655792,3.1147029919944552e-05,86445.350639939308,5790.5139769597272,203.19734848762113,8.2275328515284016
-0.0210148636251688,0.03095238097012043,0.23244531452655792,3.1147029919944552e-05,86445.350639939308,5790.5139769597272,203.19734848762113,8.2275328515284016
0.0210148636251688,-0.03095238097012043,0.23244531452655792,3.1147029919944552e-05,86445.350639939308,5790.5139769597272,203.19734848762113,8.2275328515284016
-0.0210148636251688,-0.03095238097012043,0.23244531452655792,3.1147029919944552e-05,86445.350639939308,5790.5139769597272,203.19734848762113,8.2275328515284016
0.020720151071610494,0.11213988301326952,0.23244988642417808,3.9960202620994903e-05,-23542.657762635976,-33847.56020874947,-36.749881135378118,-48.577292649771188
-0.020720151071610494,0.11213988301326952,0.23244988642417808,3.9960202620994903e-05,-23542.657762635976,-33847.56020874947,-36.749881135378118,-48.577292649771188
0.020720151071610494,-0.11213988301326952,0.23244988642417808,3.9960202620994903e-05,-23542.657762635976,-33847.56020874947,-36.749881135378118,-48.577292649771188
-0.020720151071610494,-0.11213988301326952,0.23244988642417808,3.9960202620994903e-05,-23542.657762635976,-33847.56020874947,-36.749881135378118,-48.577292649771188
0.020376581436487198,0.069827385595044478,0.23242257463202545,2.0894278834102915e-05,64520.534462792762,-36955.401963190074,146.39473577814334,-86.479234471806592
-0.020376581436487198,0.069827385595044478,0.23242257463202545,2.0894278834102915e-05,64520.534462792762,-36955.401963190074,146.39473577814334,-86.479234471806592
0.020376581436487198,-0.069827385595044478,0.23242257463202545,2.0894278834102915e-05,64520.534462792762,-36955.401963190074,146.39473577814334,-86.479234471806592
-0.020376581436487198,-0.069827385595044478,0.23242257463202545,2.0894278834102915e-05,64520.534462792762,-36955.401963190074,146.39473577814334,-86.479234471806592
0.023078183165905791,0.037180171977609554,0.23233378425705623,4.2264791462013434e-05,85344.106105565923,-1568.076523787985,206.32479109194483,-7.0419940085452382
-0.023078183165905791,0.037180171977609554,0.23233378425705623,4.2264791462013434e-05,85344.106105565923,-1568.076523787985,206.32479109194483,-7.0419940085452382
0.023078183165905791,-0.037180171977609554,0.23233378425705623,4.2264791462013434e-05,85344.106105565923,-1568.076523787985,206.32479109194483,-7.0419940085452382
-0.023078183165905791,-0.037180171977609554,0.23233378425705623,4.2264791462013434e-05,85344.106105565923,-1568.076523787985,206.32479109194483,-7.0419940085452382
0.023294736323808098,0.062282946635736448,0.23232403841975674,3.8201999597018896e-05,72426.873147288832,-29282.503126914227,163.47896032112121,-69.758180017175306
-0.023294736323808098,0.062282946635736448,0.23232403841975674,3.8201999597018896e-05,72426.873147288832,-29282.503126914227,163.47896032112121,-69.758180017175306
0.023294736323808098,-0.062282946635736448,0.23232403841975674,3.8201999597018896e-05,72426.873147288832,-29282.503126914227,163.47896032112121,-69.758180017175306
-0.023294736323808098,-0.062282946635736448,0.23232403841975674,3.8201999597018896e-05,72426.873147288832,-29282.503126914227,163.47896032112121,-69.758180017175306
0.023160901686040861,0.088695611184078607,0.23231835145779964,3.3453945330235674e-05,30733.74904291967,-53200.069296252157,59.615364286815847,-116.55909080319132
-0.023160901686040861,0.088695611184078607,0.23231835145779964,3.3453945330235674e-05,30733.74904291967,-53200.069296252157,59.615364286815847,-116.55909080319132
0.023160901686040861,-0.088695611184078607,0.23231835145779964,3.3453945330235674e-05,30733.74904291967,-53200.069296252157,59.615364286815847,-116.55909080319132
-0.023160901686040861,-0.088695611184078607,0.23231835145779964,3.3453945330235674e-05,30733.74904291967,-53200.069296252157,59.615364286815847,-116.55909080319132
0.025185733053619895,0.11815488556774024,0.23222548476220681,2.5671643023152437e-05,-31341.126031452484,-18638.536885799174,-36.363872436988856,-19.585143086837064
-0.025185733053619895,0.11815488556774024,0.23222548476220681,2.5671643023152437e-05,-31341.126031452484,-18638.536885799174,-36.363872436988856,-19.585143086837064
0.025185733053619895,-0.11815488556774024,0.23222548476220681,2.5671643023152437e-05,-31341.126031452484,-18638.536885799174,-36.363872436988856,-19.585143086837064
-0.025185733053619895,-0.11815488556774024,0.23222548476220681,2.5671643023152437e-05,-31341.126031452484,-18638.536885799174,-36.363872436988856,-19.585143086837064
0.027132027889078279,0.043164036982742522,0.23212035682467902,4.7877851334673197e-05,83145.674569670766,-9538.5315078675503,199.873492214702,-24.874510484105393
-0.027132027889078279,0.043164036982742522,0.23212035682467902,4.7877851334673197e-05,83145.674569670766,-9538.5315078675503,199.873492214702,-24.874510484105393
0.027132027889078279,-0.043164036982742522,0.23212035682467902,4.7877851334673197e-05,83145.674569670766,-9538.5315078675503,199.873492214702,-24.874510484105393
-0.027132027889078279,-0.043164036982742522,0.23212035682467902,4.7877851334673197e-05,83145.674569670766,-9538.5315078675503,199.873492214702,-24.874510484105393
0.025964861313832896,0.069368391796403694,0.23217815900526215,3.6270418120159931e-05,63533.292842186878,-38359.338478683807,143.72369950794564,-87.581044052873835
-0.025964861313832896,0.069368391796403694,0.23217815900526215,3.6270418120159931e-05,63533.292842186878,-38359.338478683807,143.72369950794564,-87.581044052873835
0.025964861313832896,-0.069368391796403694,0.23217815900526215,3.6270418120159931e-05,63533.292842186878,-38359.338478683807,143.72369950794564,-87.581044052873835
-0.025964861313832896,-0.069368391796403694,0.23217815900526215,3.6270418120159931e-05,63533.292842186878,-38359.338478683807,143.72369950794564,-87.581044052873835
0.028204764420121556,0.092543489248941319,0.23206039258722355,3.4116399379609411e-05,20281.284125575366,-54338.413568655938,41.003993549107427,-112.92989707915027
-0.028204764420121556,0.092543489248941319,0.23206039258722355,3.4116399379609411e-05,20281.284125575366,-54338.413568655938,41.003993549107427,-112.92989707915027
0.028204764420121556,-0.092543489248941319,0.23206039258722355,3.4116399379609411e-05,20281.284125575366,-54338.413568655938,41.003993549107427,-112.92989707915027
-0.028204764420121556,-0.092543489248941319,0.23206039258722355,3.4116399379609411e-05,20281.284125575366,-54338.413568655938,41.003993549107427,-112.92989707915027
0.02857142873108387,0,0.23204734921455383,1.8411164090127622e-05,85973.270664508455,22000.53375997243,175.30886428966471,29.968869828498825
-0.02857142873108387,0,0.23204734921455383,1.8411164090127622e-05,85973.270664508455,22000.53375997243,175.30886428966471,29.968869828498825
0.02857142873108387,-0,0.23204734921455383,1.8411164090127622e-05,85973.270664508455,22000.53375997243,175.30886428966471,29.968869828498825
-0.02857142873108387,-0,0.23204734921455383,1.8411164090127622e-05,85973.270664508455,22000.53375997243,175.30886428966471,29.968869828498825
0.029232491829518752,0.0078083472828953037,0.23200288406957037,3.721537306491715e-05,86908.009370998101,16201.303697462807,214.39119065677633,30.382228594286495
-0.029232491829518752,0.0078083472828953037,0.23200288406957037,3.721537306491715e-05,86908.009370998101,16201.303697462807,214.39119065677633,30.382228594286495
0.029232491829518752,-0.0078083472828953037,0.23200288406957037,3.721537306491715e-05,86908.009370998101,16201.303697462807,214.39119065677633,30.382228594286495
-0.029232491829518752,-0.0078083472828953037,0.23200288406957037,3.721537306491715e-05,86908.009370998101,16201.303697462807,214.39119065677633,30.382228594286495
0.028390000161646788,0.015941455240126905,0.2320569039022112,3.9298185710839429e-05,86714.503227540714,13521.596680651412,210.35608170071839,25.562908470760938
-0.028390000161646788,0.015941455240126905,0.2320569039022112,3.9298185710839429e-05,86714.503227540714,13521.596680651412,210.35608170071839,25.562908470760938
0.028390000161646788,-0.015941455240126905,0.2320569039022112,3.9298185710839429e-05,86714.503227540714,13521.596680651412,210.35608170071839,25.562908470760938
-0.028390000161646788,-0.015941455240126905,0.2320569039022112,3.9298185710839429e-05,86714.503227540714,13521.596680651412,210.35608170071839,25.562908470760938
0.029080719650677881,0.10060549557154569,0.23202051726426842,3.7537714453280076e-05,597.23891678587916,-51316.994739840593,-2.4407220899308069,-93.830757605049271
-0.029080719650677881,0.10060549557154569,0.23202051726426842,3.7537714453280076e-05,597.23891678587916,-51316.994739840593,-2.4407220899308069,-93.830757605049271
0.029080719650677881,-0.10060549557154569,0.23202051726426842,3.7537714453280076e-05,597.23891678587916,-51316.994739840593,-2.4407220899308069,-93.830757605049271
-0.029080719650677881,-0.10060549557154569,0.23202051726426842,3.7537714453280076e-05,597.23891678587916,-51316.994739840593,-2.4407220899308069,-93.830757605049271
0.028743433411476109,0.12347594618283186,0.23203828376133312,6.0463541537387833e-06,-32204.15556009112,-3738.6614584370873,-23.485553090895127,0.70251292958159262
-0.028743433411476109,0.12347594618283186,0.23203828376133312,6.0463541537387833e-06,-32204.15556009112,-3738.6614584370873,-23.485553090895127,0.70251292958159262
0.028743433411476109,-0.12347594618283186,0.23203828376133312,6.0463541537387833e-06,-32204.15556009112,-3738.6614584370873,-23.485553090895127,0.70251292958159262
-0.028743433411476109,-0.12347594618283186,0.23203828376133312,6.0463541537387833e-06,-32204.15556009112,-3738.6614584370873,-23.485553090895127,0.70251292958159262
0.030347627429960906,0.023697531057798451,0.23194973703902619,3.5223294335370121e-05,85981.731985787352,7502.969686332347,207.69916775449187,17.84400409692093
-0.030347627429960906,0.023697531057798451,0.23194973703902619,3.5223294335370121e-05,85981.731985787352,7502.969686332347,207.69916775449187,17.84400409692093
0.030347627429960906,-0.023697531057798451,0.23194973703902619,3.5223294335370121e-05,85981.731985787352,7502.969686332347,207.69916775449187,17.84400409692093
-0.030347627429960906,-0.023697531057798451,0.23194973703902619,3.5223294335370121e-05,85981.731985787352,7502.969686332347,207.69916775449187,17.84400409692093
0.097298454239371876,0.097568577817979785,0.22382688449900026,1.9539877476558496e-05,-23466.624878049286,-37300.154181552862,-43.639025390318807,-75.966349614488664
-0.097298454239371876,0.097568577817979785,0.22382688449900026,1.9539877476558496e-05,-23466.624878049286,-37300.154181552862,-43.639025390318807,-75.966349614488664
0.097298454239371876,-0.097568577817979785,0.22382688449900026,1.9539877476558496e-05,-23466.624878049286,-37300.154181552862,-43.639025390318807,-75.966349614488664
-0.097298454239371876,-0.097568577817979785,0.22382688449900026,1.9539877476558496e-05,-23466.624878049286,-37300.154181552862,-43.639025390318807,-75.966349614488664
0.030945842656995137,0.050162158327222359,0.23192087004181183,4.2955779766981004e-05,79194.543224387875,-18835.650090833387,186.73549747196128,-42.462709149432087
-0.030945842656995137,0.050162158327222359,0.23192087004181183,4.2955779766981004e-05,79194.543224387875,-18835.650090833387,186.73549747196128,-42.462709149432087
0.030945842656995137,-0.050162158327222359,0.23192087004181183,4.2955779766981004e-05,79194.543224387875,-18835.650090833387,186.73549747196128,-42.462709149432087
-0.030945842656995137,-0.050162158327222359,0.23192087004181183,4.2955779766981004e-05,79194.543224387875,-18835.650090833387,186.73549747196128,-42.462709149432087
0.030345360631017032,0.076357857286763475,0.23195391667264889,4.4922620083186053e-05,52116.976721365587,-46953.071047873505,113.99994113536947,-105.80927769467708
-0.030345360631017032,0.076357857286763475,0.23195391667264889,4.4922620083186053e-05,52116.976721365587,-46953.071047873505,113.99994113536947,-105.80927769467708
0.030345360631017032,-0.076357857286763475,0.23195391667264889,4.4922620083186053e-05,52116.976721365587,-46953.071047873505,113.99994113536947,-105.80927769467708
-0.030345360631017032,-0.076357857286763475,0.23195391667264889,4.4922620083186053e-05,52116.976721365587,-46953.071047873505,113.99994113536947,-105.80927769467708
0.034394389830820951,0.1063401832490945,0.23171969416539642,3.8691817358122882e-05,-14732.015892474617,-44420.904070800352,-29.228103916297176,-68.974151582454084
-0.034394389830820951,0.1063401832490945,0.23171969416539642,3.8691817358122882e-05,-14732.015892474617,-44420.904070800352,-29.228103916297176,-68.974151582454084
0.034394389830820951,-0.1063401832490945,0.23171969416539642,3.8691817358122882e-05,-14732.015892474617,-44420.904070800352,-29.228103916297176,-68.974151582454084
-0.034394389830820951,-0.1063401832490945,0.23171969416539642,3.8691817358122882e-05,-14732.015892474617,-44420.904070800352,-29.228103916297176,-68.974151582454084
0.03423928712786832,0.12921783345601245,0.23173740708340171,1.5646659960575821e-06,-26208.154126669971,10762.7510442115,-15.080748641288123,11.711638453394265
-0.03423928712786832,0.12921783345601245,0.23173740708340171,1.5646659960575821e-06,-26208.154126669971,10762.7510442115,-15.080748641288123,11.711638453394265
0.03423928712786832,-0.12921783345601245,0.23173740708340171,1.5646659960575821e-06,-26208.154126669971,10762.7510442115,-15.080748641288123,11.711638453394265
-0.03423928712786832,-0.12921783345601245,0.23173740708340171,1.5646659960575821e-06,-26208.154126669971,10762.7510442115,-15.080748641288123,11.711638453394265
0.033096634282146417,0.029730243001821463,0.23178601645208377,4.0459365255617425e-05,85178.507779329389,1418.7965018466464,202.86735909821172,2.8616339480777686
-0.033096634282146417,0.029730243001821463,0.23178601645208377,4.0459365255617425e-05,85178.507779329389,1418.7965018466464,202.86735909821172,2.8616339480777686
0.033096634282146417,-0.029730243001821463,0.23178601645208377,4.0459365255617425e-05,85178.507779329389,1418.7965018466464,202.86735909821172,2.8616339480777686
-0.033096634282146417,-0.029730243001821463,0.23178601645208377,4.0459365255617425e-05,85178.507779329389,1418.7965018466464,202.86735909821172,2.8616339480777686
0.035563387621103566,0.05492287815571411,0.23162701396302171,3.5355968242099164e-05,75227.484194836012,-26298.532276352009,171.38189036464877,-61.238735084591532
-0.035563387621103566,0.05492287815571411,0.23162701396302171,3.5355968242099164e-05,75227.484194836012,-26298.532276352009,171.38189036464877,-61.238735084591532
0.035563387621103566,-0.05492287815571411,0.23162701396302171,3.5355968242099164e-05,75227.484194836012,-26298.532276352009,171.38189036464877,-61.238735084591532
-0.035563387621103566,-0.05492287815571411,0.23162701396302171,3.5355968242099164e-05,75227.484194836012,-26298.532276352009,171.38189036464877,-61.238735084591532
0.035789447115424908,0.080131564053731799,0.23160452714901755,4.452819036719309e-05,43292.971558724494,-51196.626812779221,94.087379451230049,-111.03931229006551
-0.035789447115424908,0.080131564053731799,0.23160452714901755,4.452819036719309e-05,43292.971558724494,-51196.626812779221,94.087379451230049,-111.03931229006551
0.035789447115424908,-0.080131564053731799,0.23160452714901755,4.452819036719309e-05,43292.971558724494,-51196.626812779221,94.087379451230049,-111.03931229006551
-0.035789447115424908,-0.080131564053731799,0.23160452714901755,4.452819036719309e-05,43292.971558724494,-51196.626812779221,94.087379451230049,-111.03931229006551
0.036398724049796528,0.035963342854372672,0.2315477024688547,3.0774015392476682e-05,83670.287023278404,-5850.7206961924567,196.44059395916366,-14.521914444323443
-0.036398724049796528,0.035963342854372672,0.2315477024688547,3.0774015392476682e-05,83670.287023278404,-5850.7206961924567,196.44059395916366,-14.521914444323443
0.036398724049796528,-0.035963342854372672,0.2315477024688547,3.0774015392476682e-05,83670.287023278404,-5850.7206961924567,196.44059395916366,-14.521914444323443
-0.036398724049796528,-0.035963342854372672,0.2315477024688547,3.0774015392476682e-05,83670.287023278404,-5850.7206961924567,196.44059395916366,-14.521914444323443
0.038732892958837015,0.10567944435732964,0.23134880606214647,2.3651767747682914e-05,-14475.008347761663,-44842.572188799226,-25.521189953837109,-73.412491924654219
-0.038732892958837015,0.10567944435732964,0.23134880606214647,2.3651767747682914e-05,-14475.008347761663,-44842.572188799226,-25.521189953837109,-73.412491924654219
0.038732892958837015,-0.10567944435732964,0.23134880606214647,2.3651767747682914e-05,-14475.008347761663,-44842.572188799226,-25.521189953837109,-73.412491924654219
-0.038732892958837015,-0.10567944435732964,0.23134880606214647,2.3651767747682914e-05,-14475.008347761663,-44842.572188799226,-25.521189953837109,-73.412491924654219
0.037073649967903535,0.02452468671570876,0.23148101091396947,3.7610329584512582e-05,85420.81635649252,3849.2297498966982,205.36755716606521,6.7501226871921434
-0.037073649967903535,0.02452468671570876,0.23148101091396947,3.7610329584512582e-05,85420.81635649252,3849.2297498966982,205.36755716606521,6.7501226871921434
0.037073649967903535,-0.02452468671570876,0.23148101091396947,3.7610329584512582e-05,85420.81635649252,3849.2297498966982,205.36755716606521,6.7501226871921434
-0.037073649967903535,-0.02452468671570876,0.23148101091396947,3.7610329584512582e-05,85420.81635649252,3849.2297498966982,205.36755716606521,6.7501226871921434
0.038095239549875259,0,0.23140674829483032,1.4593324019217648e-05,86104.267174443376,16912.864917989355,176.04766322254278,20.039499399811053
-0.038095239549875259,0,0.23140674829483032,1.4593324019217648e-05,86104.267174443376,16912.864917989355,176.04766322254278,20.039499399811053
0.038095239549875259,-0,0.23140674829483032,1.4593324019217648e-05,86104.267174443376,16912.864917989355,176.04766322254278,20.039499399811053
-0.038095239549875259,-0,0.23140674829483032,1.4593324019217648e-05,86104.267174443376,16912.864917989355,176.04766322254278,20.039499399811053
0.038864721290506506,0.011222935201006482,0.23133936572900723,2.549304250912262e-05,86192.025608181197,10811.989309194016,206.90235170023971,19.165730752778561
-0.038864721290506506,0.011222935201006482,0.23133936572900723,2.549304250912262e-05,86192.025608181197,10811.989309194016,206.90235170023971,19.165730752778561
0.038864721290506506,-0.011222935201006482,0.23133936572900723,2.549304250912262e-05,86192.025608181197,10811.989309194016,206.90235170023971,19.165730752778561
-0.038864721290506506,-0.011222935201006482,0.23133936572900723,2.549304250912262e-05,86192.025608181197,10811.989309194016,206.90235170023971,19.165730752778561
0.037789008483087895,0.019098076785057119,0.23142734634184789,2.2180958551963723e-05,85921.717556524003,7506.8446441485748,202.72818562804181,12.320111026291727
-0.037789008483087895,0.019098076785057119,0.23142734634184789,2.2180958551963723e-05,85921.717556524003,7506.8446441485748,202.72818562804181,12.320111026291727
0.037789008483087895,-0.019098076785057119,0.23142734634184789,2.2180958551963723e-05,85921.717556524003,7506.8446441485748,202.72818562804181,12.320111026291727
-0.037789008483087895,-0.019098076785057119,0.23142734634184789,2.2180958551963723e-05,85921.717556524003,7506.8446441485748,202.72818562804181,12.320111026291727
0.038172224092610701,0.11224584304021049,0.23139553144463781,2.8053051056973415e-05,-26587.178701569122,-32111.508090481293,-40.313905910645296,-42.667281939572014
-0.038172224092610701,0.11224584304021049,0.23139553144463781,2.8053051056973415e-05,-26587.178701569122,-32111.508090481293,-40.313905910645296,-42.667281939572014
0.038172224092610701,-0.11224584304021049,0.23139553144463781,2.8053051056973415e-05,-26587.178701569122,-32111.508090481293,-40.313905910645296,-42.667281939572014
-0.038172224092610701,-0.11224584304021049,0.23139553144463781,2.8053051056973415e-05,-26587.178701569122,-32111.508090481293,-40.313905910645296,-42.667281939572014
0.040058753032864367,0.063415657771753758,0.23123254979605753,3.3728710411996218e-05,66200.977205146439,-38066.647559318175,149.40832710916143,-88.875107518157421
-0.040058753032864367,0.063415657771753758,0.23123254979605753,3.3728710411996218e-05,66200.977205146439,-38066.647559318175,149.40832710916143,-88.875107518157421
0.040058753032864367,-0.063415657771753758,0.23123254979605753,3.3728710411996218e-05,66200.977205146439,-38066.647559318175,149.40832710916143,-88.875107518157421
-0.040058753032864367,-0.063415657771753758,0.23123254979605753,3.3728710411996218e-05,66200.977205146439,-38066.647559318175,149.40832710916143,-88.875107518157421
0.040186609924425007,0.086313859575020968,0.23122360020590599,4.3813620088843414e-05,29237.279164217769,-55291.979256818173,62.554140482739456,-119.245218778469
-0.040186609924425007,0.086313859575020968,0.23122360020590599,4.3813620088843414e-05,29237.279164217769,-55291.979256818173,62.554140482739456,-119.245218778469
0.040186609924425007,-0.086313859575020968,0.23122360020590599,4.3813620088843414e-05,29237.279164217769,-55291.979256818173,62.554140482739456,-119.245218778469
-0.040186609924425007,-0.086313859575020968,0.23122360020590599,4.3813620088843414e-05,29237.279164217769,-55291.979256818173,62.554140482739456,-119.245218778469
0.041450425982475281,0.043333332985639572,0.23111294209957123,3.292491943608121e-05,80722.814561388965,-16146.676304248733,186.38325115677335,-44.449753581313828
-0.041450425982475281,0.043333332985639572,0.23111294209957123,3.292491943608121e-05,80722.814561388965,-16146.676304248733,186.38325115677335,-44.449753581313828
0.041450425982475281,-0.043333332985639572,0.23111294209957123,3.292491943608121e-05,80722.814561388965,-16146.676304248733,186.38325115677335,-44.449753581313828
-0.041450425982475281,-0.043333332985639572,0.23111294209957123,3.292491943608121e-05,80722.814561388965,-16146.676304248733,186.38325115677335,-44.449753581313828
0.042048448918325404,0.11620932498170633,0.23106056894720767,1.9702351597188645e-05,-31614.600933530954,-21332.147101263214,-40.109613042642174,-23.510940427881849
-0.042048448918325404,0.11620932498170633,0.23106056894720767,1.9702351597188645e-05,-31614.600933530954,-21332.147101263214,-40.109613042642174,-23.510940427881849
0.042048448918325404,-0.11620932498170633,0.23106056894720767,1.9702351597188645e-05,-31614.600933530954,-21332.147101263214,-40.109613042642174,-23.510940427881849
-0.042048448918325404,-0.11620932498170633,0.23106056894720767,1.9702351597188645e-05,-31614.600933530954,-21332.147101263214,-40.109613042642174,-23.510940427881849
0.043867629973417664,0.068476373479850083,0.23090126229281585,3.7873043198830609e-05,58159.526684316377,-44589.256469558481,132.89097754170021,-98.573141798338455
-0.043867629973417664,0.068476373479850083,0.23090126229281585,3.7873043198830609e-05,58159.526684316377,-44589.256469558481,132.89097754170021,-98.573141798338455
0.043867629973417664,-0.068476373479850083,0.23090126229281585,3.7873043198830609e-05,58159.526684316377,-44589.256469558481,132.89097754170021,-98.573141798338455
-0.043867629973417664,-0.068476373479850083,0.23090126229281585,3.7873043198830609e-05,58159.526684316377,-44589.256469558481,132.89097754170021,-98.573141798338455
0.044712680806952163,0.092701412421455423,0.2308229424439589,3.3029426368433396e-05,13472.889703767132,-55840.763768289267,25.541806304357447,-112.92331798026424
-0.044712680806952163,0.092701412421455423,0.2308229424439589,3.3029426368433396e-05,13472.889703767132,-55840.763768289267,25.541806304357447,-112.92331798026424
0.044712680806952163,-0.092701412421455423,0.2308229424439589,3.3029426368433396e-05,13472.889703767132,-55840.763768289267,25.541806304357447,-112.92331798026424
-0.044712680806952163,-0.092701412421455423,0.2308229424439589,3.3029426368433396e-05,13472.889703767132,-55840.763768289267,25.541806304357447,-112.92331798026424
0.045950026848232434,0.031848529042814024,0.23071891693253632,3.0816757103913252e-05,82966.314111482789,-7195.1145080093056,197.08735434723755,-17.559649120225419
-0.045950026848232434,0.031848529042814024,0.23071891693253632,3.0816757103913252e-05,82966.314111482789,-7195.1145080093056,197.08735434723755,-17.559649120225419
0.045950026848232434,-0.031848529042814024,0.23071891693253632,3.0816757103913252e-05,82966.314111482789,-7195.1145080093056,197.08735434723755,-17.559649120225419
-0.045950026848232434,-0.031848529042814024,0.23071891693253632,3.0816757103913252e-05,82966.314111482789,-7195.1145080093056,197.08735434723755,-17.559649120225419
0.045578988786798481,0.049516934586171769,0.23075140076681275,3.7372713800533208e-05,75461.917665192494,-25591.888422491331,179.12057969829436,-55.024806358752485
-0.045578988786798481,0.049516934586171769,0.23075140076681275,3.7372713800533208e-05,75461.917665192494,-25591.888422491331,179.12057969829436,-55.024806358752485
0.045578988786798481,-0.049516934586171769,0.23075140076681275,3.7372713800533208e-05,75461.917665192494,-25591.888422491331,179.12057969829436,-55.024806358752485
-0.045578988786798481,-0.049516934586171769,0.23075140076681275,3.7372713800533208e-05,75461.917665192494,-25591.888422491331,179.12057969829436,-55.024806358752485
0.047747968045984773,0.098676911744036783,0.23052332790591556,3.493561454015971e-05,-1728.1431121977184,-52297.277733126648,-7.7501816735897977,-99.620564610285385
-0.047747968045984773,0.098676911744036783,0.23052332790591556,3.493561454015971e-05,-1728.1431121977184,-52297.277733126648,-7.7501816735897977,-99.620564610285385
0.047747968045984773,-0.098676911744036783,0.23052332790591556,3.493561454015971e-05,-1728.1431121977184,-52297.277733126648,-7.7501816735897977,-99.620564610285385
-0.047747968045984773,-0.098676911744036783,0.23052332790591556,3.493561454015971e-05,-1728.1431121977184,-52297.277733126648,-7.7501816735897977,-99.620564610285385
0.047500397008190698,0.12293769259176077,0.23056565553533856,6.8317651379865601e-06,-32411.057985229418,-2013.6479175987752,-26.939468728179513,0.114663881476185
-0.047500397008190698,0.12293769259176077,0.23056565553533856,6.8317651379865601e-06,-32411.057985229418,-2013.6479175987752,-26.939468728179513,0.114663881476185
0.047500397008190698,-0.12293769259176077,0.23056565553533856,6.8317651379865601e-06,-32411.057985229418,-2013.6479175987752,-26.939468728179513,0.114663881476185
-0.047500397008190698,-0.12293769259176077,0.23056565553533856,6.8317651379865601e-06,-32411.057985229418,-2013.6479175987752,-26.939468728179513,0.114663881476185
0.047330587820058924,9.0209703056984853e-05,0.23059802025119358,1.5313357740832807e-05,84493.510297097484,18808.518994700207,57.559485331605863,4.5837196214874796
-0.047330587820058924,9.0209703056984853e-05,0.23059802025119358,1.5313357740832807e-05,84493.510297097484,18808.518994700207,57.559485331605863,4.5837196214874796
0.047330587820058924,-9.0209703056984853e-05,0.23059802025119358,1.5313357740832807e-05,84493.510297097484,18808.518994700207,57.559485331605863,4.5837196214874796
-0.047330587820058924,-9.0209703056984853e-05,0.23059802025119358,1.5313357740832807e-05,84493.510297097484,18808.518994700207,57.559485331605863,4.5837196214874796
0.047648002358052027,0.014768400021126803,0.23056956428722455,2.6525686705101881e-05,85285.795605915831,3989.7775222921168,205.6472983020769,2.2454151930008921
-0.047648002358052027,0.014768400021126803,0.23056956428722455,2.6525686705101881e-05,85285.795605915831,3989.7775222921168,205.6472983020769,2.2454151930008921
0.047648002358052027,-0.014768400021126803,0.23056956428722455,2.6525686705101881e-05,85285.795605915831,3989.7775222921168,205.6472983020769,2.2454151930008921
-0.047648002358052027,-0.014768400021126803,0.23056956428722455,2.6525686705101881e-05,85285.795605915831,3989.7775222921168,205.6472983020769,2.2454151930008921
0.047786938869771284,0.021776276111041173,0.23055422899464145,4.1054709387045251e-05,84329.129862304471,-229.4433731153147,201.86932842654372,-2.7420194391796024
-0.047786938869771284,0.021776276111041173,0.23055422899464145,4.1054709387045251e-05,84329.129862304471,-229.4433731153147,201.86932842654372,-2.7420194391796024
0.047786938869771284,-0.021776276111041173,0.23055422899464145,4.1054709387045251e-05,84329.129862304471,-229.4433731153147,201.86932842654372,-2.7420194391796024
-0.047786938869771284,-0.021776276111041173,0.23055422899464145,4.1054709387045251e-05,84329.129862304471,-229.4433731153147,201.86932842654372,-2.7420194391796024
0.04748220519177139,0.074260763675173008,0.23058474715256974,4.3512606940226965e-05,47894.654555477035,-50807.54195299455,108.21574253476925,-113.1884178624162
-0.04748220519177139,0.074260763675173008,0.23058474715256974,4.3512606940226965e-05,47894.654555477035,-50807.54195299455,108.21574253476925,-113.1884178624162
0.04748220519177139,-0.074260763675173008,0.23058474715256974,4.3512606940226965e-05,47894.654555477035,-50807.54195299455,108.21574253476925,-113.1884178624162
-0.04748220519177139,-0.074260763675173008,0.23058474715256974,4.3512606940226965e-05,47894.654555477035,-50807.54195299455,108.21574253476925,-113.1884178624162
0.048427970767356075,0.037361150348761536,0.23049989170109664,3.5754575931474519e-05,80903.862592808349,-14041.453333800127,188.05510341442951,-33.950836098755971
-0.048427970767356075,0.037361150348761536,0.23049989170109664,3.5754575931474519e-05,80903.862592808349,-14041.453333800127,188.05510341442951,-33.950836098755971
0.048427970767356075,-0.037361150348761536,0.23049989170109664,3.5754575931474519e-05,80903.862592808349,-14041.453333800127,188.05510341442951,-33.950836098755971
-0.048427970767356075,-0.037361150348761536,0.23049989170109664,3.5754575931474519e-05,80903.862592808349,-14041.453333800127,188.05510341442951,-33.950836098755971
0.049003104116187871,0.055999522617937593,0.23045156428488567,4.8413652609589475e-05,69723.156434006203,-34565.288172133703,161.5778797802879,-79.577824494745855
-0.049003104116187871,0.055999522617937593,0.23045156428488567,4.8413652609589475e-05,69723.156434006203,-34565.288172133703,161.5778797802879,-79.577824494745855
0.049003104116187871,-0.055999522617937593,0.23045156428488567,4.8413652609589475e-05,69723.156434006203,-34565.288172133703,161.5778797802879,-79.577824494745855
-0.049003104116187871,-0.055999522617937593,0.23045156428488567,4.8413652609589475e-05,69723.156434006203,-34565.288172133703,161.5778797802879,-79.577824494745855
0.052140873707092347,0.10472049362651825,0.23011832728019613,4.0963573548524999e-05,-16620.373236430962,-43778.42610104214,-31.144289761059163,-74.560616242804471
-0.052140873707092347,0.10472049362651825,0.23011832728019613,4.0963573548524999e-05,-16620.373236430962,-43778.42610104214,-31.144289761059163,-74.560616242804471
0.052140873707092347,-0.10472049362651825,0.23011832728019613,4.0963573548524999e-05,-16620.373236430962,-43778.42610104214,-31.144289761059163,-74.560616242804471
-0.052140873707092347,-0.10472049362651825,0.23011832728019613,4.0963573548524999e-05,-16620.373236430962,-43778.42610104214,-31.144289761059163,-74.560616242804471
0.051602525445009907,0.12930533000253536,0.23007761422076664,4.2775873990803462e-06,-24301.96438772434,13387.532149386832,-13.677745672302045,11.694026401043288
-0.051602525445009907,0.12930533000253536,0.23007761422076664,4.2775873990803462e-06,-24301.96438772434,13387.532149386832,-13.677745672302045,11.694026401043288
0.051602525445009907,-0.12930533000253536,0.23007761422076664,4.2775873990803462e-06,-24301.96438772434,13387.532149386832,-13.677745672302045,11.694026401043288
-0.051602525445009907,-0.12930533000253536,0.23007761422076664,4.2775873990803462e-06,-24301.96438772434,13387.532149386832,-13.677745672302045,11.694026401043288
0.051980904343217137,0.08050925957745006,0.23014914487341182,4.8738871450022712e-05,35055.991562813077,-55203.466182848118,75.883482641938286,-120.2019602609286
-0.051980904343217137,0.08050925957745006,0.23014914487341182,4.8738871450022712e-05,35055.991562813077,-55203.466182848118,75.883482641938286,-120.2019602609286
0.051980904343217137,-0.08050925957745006,0.23014914487341182,4.8738871450022712e-05,35055.991562813077,-55203.466182848118,75.883482641938286,-120.2019602609286
-0.051980904343217137,-0.08050925957745006,0.23014914487341182,4.8738871450022712e-05,35055.991562813077,-55203.466182848118,75.883482641938286,-120.2019602609286
0.052921313443169006,0.042563346447009577,0.23002733488379701,4.1033217891709719e-05,77149.108708893022,-22353.205709477752,180.51337176644336,-51.792093133968059
-0.052921313443169006,0.042563346447009577,0.23002733488379701,4.1033217891709719e-05,77149.108708893022,-22353.205709477752,180.51337176644336,-51.792093133968059
0.052921313443169006,-0.042563346447009577,0.23002733488379701,4.1033217891709719e-05,77149.108708893022,-22353.205709477752,180.51337176644336,-51.792093133968059
-0.052921313443169006,-0.042563346447009577,0.23002733488379701,4.1033217891709719e-05,77149.108708893022,-22353.205709477752,180.51337176644336,-51.792093133968059
0.053434126411218717,0.061737588365807644,0.22995839889383266,3.9922216711196021e-05,62185.476809786116,-41770.406883311349,143.17194681489701,-92.86115783160858
-0.053434126411218717,0.061737588365807644,0.22995839889383266,3.9922216711196021e-05,62185.476809786116,-41770.406883311349,143.17194681489701,-92.86115783160858
0.053434126411218717,-0.061737588365807644,0.22995839889383266,3.9922216711196021e-05,62185.476809786116,-41770.406883311349,143.17194681489701,-92.86115783160858
-0.053434126411218717,-0.061737588365807644,0.22995839889383266,3.9922216711196021e-05,62185.476809786116,-41770.406883311349,143.17194681489701,-92.86115783160858
0.054332355274618008,0.11186228758271208,0.22986002104746933,4.6304573292991221e-05,-29053.023642158569,-28777.137978847022,-44.868896371677351,-40.348038227177021
-0.054332355274618008,0.11186228758271208,0.22986002104746933,4.6304573292991221e-05,-29053.023642158569,-28777.137978847022,-44.868896371677351,-40.348038227177021
0.054332355274618008,-0.11186228758271208,0.22986002104746933,4.6304573292991221e-05,-29053.023642158569,-28777.137978847022,-44.868896371677351,-40.348038227177021
-0.054332355274618008,-0.11186228758271208,0.22986002104746933,4.6304573292991221e-05,-29053.023642158569,-28777.137978847022,-44.868896371677351,-40.348038227177021
0.055177275208624907,0.036410260628683397,0.22975018107225789,4.100892009416527e-05,79191.267870520125,-17507.285950534115,187.36401736500767,-42.38138189627967
-0.055177275208624907,0.036410260628683397,0.22975018107225789,4.100892009416527e-05,79191.267870520125,-17507.285950534115,187.36401736500767,-42.38138189627967
0.055177275208624907,-0.036410260628683397,0.22975018107225789,4.100892009416527e-05,79191.267870520125,-17507.285950534115,187.36401736500767,-42.38138189627967
-0.055177275208624907,-0.036410260628683397,0.22975018107225789,4.100892009416527e-05,79191.267870520125,-17507.285950534115,187.36401736500767,-42.38138189627967
0.056907436019145372,0,0.22954754262718904,1.6080143270674152e-05,84338.717825657935,4719.9979988082778,168.74403547865006,-4.2229027686437277
-0.056907436019145372,0,0.22954754262718904,1.6080143270674152e-05,84338.717825657935,4719.9979988082778,168.74403547865006,-4.2229027686437277
0.056907436019145372,-0,0.22954754262718904,1.6080143270674152e-05,84338.717825657935,4719.9979988082778,168.74403547865006,-4.2229027686437277
-0.056907436019145372,-0,0.22954754262718904,1.6080143270674152e-05,84338.717825657935,4719.9979988082778,168.74403547865006,-4.2229027686437277
0.057183491962130018,0.0094947976609072587,0.22951659405766323,2.6446222411989359e-05,84114.581730464692,-452.27990529463557,205.27005580401757,-13.046506437729715
-0.057183491962130018,0.0094947976609072587,0.22951659405766323,2.6446222411989359e-05,84114.581730464692,-452.27990529463557,205.27005580401757,-13.046506437729715
0.057183491962130018,-0.0094947976609072587,0.22951659405766323,2.6446222411989359e-05,84114.581730464692,-452.27990529463557,205.27005580401757,-13.046506437729715
-0.057183491962130018,-0.0094947976609072587,0.22951659405766323,2.6446222411989359e-05,84114.581730464692,-452.27990529463557,205.27005580401757,-13.046506437729715
0.056322562699962046,0.020258996618023505,0.22961209875691152,4.2721016082612387e-05,82822.292901651497,-4792.9936823606085,197.67402941702679,-14.914274235132799
-0.056322562699962046,0.020258996618023505,0.22961209875691152,4.2721016082612387e-05,82822.292901651497,-4792.9936823606085,197.67402941702679,-14.914274235132799
0.056322562699962046,-0.020258996618023505,0.22961209875691152,4.2721016082612387e-05,82822.292901651497,-4792.9936823606085,197.67402941702679,-14.914274235132799
-0.056322562699962046,-0.020258996618023505,0.22961209875691152,4.2721016082612387e-05,82822.292901651497,-4792.9936823606085,197.67402941702679,-14.914274235132799
0.056455911497858391,0.028794469479789035,0.22959738004005034,3.6831027843509372e-05,81090.775698818354,-11201.204410298555,191.9927061417184,-28.130012950203902
-0.056455911497858391,0.028794469479789035,0.22959738004005034,3.6831027843509372e-05,81090.775698818354,-11201.204410298555,191.9927061417184,-28.130012950203902
0.056455911497858391,-0.028794469479789035,0.22959738004005034,3.6831027843509372e-05,81090.775698818354,-11201.204410298555,191.9927061417184,-28.130012950203902
-0.056455911497858391,-0.028794469479789035,0.22959738004005034,3.6831027843509372e-05,81090.775698818354,-11201.204410298555,191.9927061417184,-28.130012950203902
0.057871436524539369,0.04924037092564186,0.22942892180299748,3.8165535673947228e-05,71233.549270926465,-31460.735203309057,161.36733874605758,-69.026121426822272
-0.057871436524539369,0.04924037092564186,0.22942892180299748,3.8165535673947228e-05,71233.549270926465,-31460.735203309057,161.36733874605758,-69.026121426822272
0.057871436524539369,-0.04924037092564186,0.22942892180299748,3.8165535673947228e-05,71233.549270926465,-31460.735203309057,161.36733874605758,-69.026121426822272
-0.057871436524539369,-0.04924037092564186,0.22942892180299748,3.8165535673947228e-05,71233.549270926465,-31460.735203309057,161.36733874605758,-69.026121426822272
0.059208684316326886,0.068314587102015906,0.22926891480288383,3.0199844410202253e-05,51596.681778089966,-49530.702453153921,107.6571574629434,-116.47445969743274
-0.059208684316326886,0.068314587102015906,0.22926891480288383,3.0199844410202253e-05,51596.681778089966,-49530.702453153921,107.6571574629434,-116.47445969743274
0.059208684316326886,-0.068314587102015906,0.22926891480288383,3.0199844410202253e-05,51596.681778089966,-49530.702453153921,107.6571574629434,-116.47445969743274
-0.059208684316326886,-0.068314587102015906,0.22926891480288383,3.0199844410202253e-05,51596.681778089966,-49530.702453153921,107.6571574629434,-116.47445969743274
0.058894939277133226,0.11643108131985591,0.22930753556678404,2.5277594604272383e-05,-33071.783828110652,-15716.290001515306,-41.631347942793496,-17.751695592857413
-0.058894939277133226,0.11643108131985591,0.22930753556678404,2.5277594604272383e-05,-33071.783828110652,-15716.290001515306,-41.631347942793496,-17.751695592857413
0.058894939277133226,-0.11643108131985591,0.22930753556678404,2.5277594604272383e-05,-33071.783828110652,-15716.290001515306,-41.631347942793496,-17.751695592857413
-0.058894939277133226,-0.11643108131985591,0.22930753556678404,2.5277594604272383e-05,-33071.783828110652,-15716.290001515306,-41.631347942793496,-17.751695592857413
0.059193533441890454,0.092602220639442942,0.22925564431125983,3.8204752776014343e-05,6938.7991095347224,-55043.203068617171,11.3175344800819,-111.8674250570984
-0.059193533441890454,0.092602220639442942,0.22925564431125983,3.8204752776014343e-05,6938.7991095347224,-55043.203068617171,11.3175344800819,-111.8674250570984
0.059193533441890454,-0.092602220639442942,0.22925564431125983,3.8204752776014343e-05,6938.7991095347224,-55043.203068617171,11.3175344800819,-111.8674250570984
-0.059193533441890454,-0.092602220639442942,0.22925564431125983,3.8204752776014343e-05,6938.7991095347224,-55043.203068617171,11.3175344800819,-111.8674250570984
0.06200967505694386,0.098632057635287498,0.22892706196683021,4.1757569174023851e-05,-7416.7049865137615,-49666.150903724039,-18.283874447557455,-93.27262592457032
-0.06200967505694386,0.098632057635287498,0.22892706196683021,4.1757569174023851e-05,-7416.7049865137615,-49666.150903724039,-18.283874447557455,-93.27262592457032
0.06200967505694386,-0.098632057635287498,0.22892706196683021,4.1757569174023851e-05,-7416.7049865137615,-49666.150903724039,-18.283874447557455,-93.27262592457032
-0.06200967505694386,-0.098632057635287498,0.22892706196683021,4.1757569174023851e-05,-7416.7049865137615,-49666.150903724039,-18.283874447557455,-93.27262592457032
0.060259131800748107,0.042434084745144415,0.22914089198971843,4.5790619664655593e-05,74318.651937317525,-26722.062220347249,175.48518230754348,-62.033167255231504
-0.060259131800748107,0.042434084745144415,0.22914089198971843,4.5790619664655593e-05,74318.651937317525,-26722.062220347249,175.48518230754348,-62.033167255231504
0.060259131800748107,-0.042434084745144415,0.22914089198971843,4.5790619664655593e-05,74318.651937317525,-26722.062220347249,175.48518230754348,-62.033167255231504
-0.060259131800748107,-0.042434084745144415,0.22914089198971843,4.5790619664655593e-05,74318.651937317525,-26722.062220347249,175.48518230754348,-62.033167255231504
0.062204576856027025,0.074327638458446837,0.2289032567218712,3.5655505464807552e-05,40297.104066881358,-54045.056151958968,88.152051018284112,-120.76011199799905
-0.062204576856027025,0.074327638458446837,0.2289032567218712,3.5655505464807552e-05,40297.104066881358,-54045.056151958968,88.152051018284112,-120.76011199799905
0.062204576856027025,-0.074327638458446837,0.2289032567218712,3.5655505464807552e-05,40297.104066881358,-54045.056151958968,88.152051018284112,-120.76011199799905
-0.062204576856027025,-0.074327638458446837,0.2289032567218712,3.5655505464807552e-05,40297.104066881358,-54045.056151958968,88.152051018284112,-120.76011199799905
0.063021928071975708,0.055714286863803864,0.22880341112613678,3.6896697590626866e-05,63493.913226874196,-40608.742463510382,145.17452445981669,-93.095861392232479
-0.063021928071975708,0.055714286863803864,0.22880341112613678,3.6896697590626866e-05,63493.913226874196,-40608.742463510382,145.17452445981669,-93.095861392232479
0.063021928071975708,-0.055714286863803864,0.22880341112613678,3.6896697590626866e-05,63493.913226874196,-40608.742463510382,145.17452445981669,-93.095861392232479
-0.063021928071975708,-0.055714286863803864,0.22880341112613678,3.6896697590626866e-05,63493.913226874196,-40608.742463510382,145.17452445981669,-93.095861392232479
0.063069821689336683,0.12364811530118366,0.22879672432875922,1.0170528037862522e-05,-30563.107644857198,4152.0674741315361,-23.368844008373546,6.1826733501117461
-0.063069821689336683,0.12364811530118366,0.22879672432875922,1.0170528037862522e-05,-30563.107644857198,4152.0674741315361,-23.368844008373546,6.1826733501117461
0.063069821689336683,-0.12364811530118366,0.22879672432875922,1.0170528037862522e-05,-30563.107644857198,4152.0674741315361,-23.368844008373546,6.1826733501117461
-0.063069821689336683,-0.12364811530118366,0.22879672432875922,1.0170528037862522e-05,-30563.107644857198,4152.0674741315361,-23.368844008373546,6.1826733501117461
0.066550504942219577,0.10472744258153123,0.22836260357074439,3.1312236114459542e-05,-20961.657152085314,-39265.986124648014,-38.072159041094785,-68.192494540039434
-0.066550504942219577,0.10472744258153123,0.22836260357074439,3.1312236114459542e-05,-20961.657152085314,-39265.986124648014,-38.072159041094785,-68.192494540039434
0.066550504942219577,-0.10472744258153123,0.22836260357074439,3.1312236114459542e-05,-20961.657152085314,-39265.986124648014,-38.072159041094785,-68.192494540039434
-0.066550504942219577,-0.10472744258153123,0.22836260357074439,3.1312236114459542e-05,-20961.657152085314,-39265.986124648014,-38.072159041094785,-68.192494540039434
0.066666670143604279,0,0.228358194231987,1.9588841911195161e-05,82461.851248028368,-2874.0427952553305,161.38178179419856,-21.741444955506378
-0.066666670143604279,0,0.228358194231987,1.9588841911195161e-05,82461.851248028368,-2874.0427952553305,161.38178179419856,-21.741444955506378
0.066666670143604279,-0,0.228358194231987,1.9588841911195161e-05,82461.851248028368,-2874.0427952553305,161.38178179419856,-21.741444955506378
-0.066666670143604279,-0,0.228358194231987,1.9588841911195161e-05,82461.851248028368,-2874.0427952553305,161.38178179419856,-21.741444955506378
0.066034954600459148,0.012223492419878175,0.22843536025808633,2.5880586309047681e-05,81327.146220192706,-8292.5667730704299,190.42092280879962,-29.286304724131558
-0.066034954600459148,0.012223492419878175,0.22843536025808633,2.5880586309047681e-05,81327.146220192706,-8292.5667730704299,190.42092280879962,-29.286304724131558
0.066034954600459148,-0.012223492419878175,0.22843536025808633,2.5880586309047681e-05,81327.146220192706,-8292.5667730704299,190.42092280879962,-29.286304724131558
-0.066034954600459148,-0.012223492419878175,0.22843536025808633,2.5880586309047681e-05,81327.146220192706,-8292.5667730704299,190.42092280879962,-29.286304724131558
0.06675307682358933,0.023801142123756204,0.22834553874092506,2.9117215869648673e-05,79230.156320690614,-15302.336634462601,184.49817430849913,-42.58948324078915
-0.06675307682358933,0.023801142123756204,0.22834553874092506,2.9117215869648673e-05,79230.156320690614,-15302.336634462601,184.49817430849913,-42.58948324078915
0.06675307682358933,-0.023801142123756204,0.22834553874092506,2.9117215869648673e-05,79230.156320690614,-15302.336634462601,184.49817430849913,-42.58948324078915
-0.06675307682358933,-0.023801142123756204,0.22834553874092506,2.9117215869648673e-05,79230.156320690614,-15302.336634462601,184.49817430849913,-42.58948324078915
0.065968834645507624,0.030476344340979712,0.22844343701704034,4.3004414481285831e-05,77548.015917364479,-19748.340193302574,180.54235217619507,-51.902404080975579
-0.065968834645507624,0.030476344340979712,0.22844343701704034,4.3004414481285831e-05,77548.015917364479,-19748.340193302574,180.54235217619507,-51.902404080975579
0.065968834645507624,-0.030476344340979712,0.22844343701704034,4.3004414481285831e-05,77548.015917364479,-19748.340193302574,180.54235217619507,-51.902404080975579
-0.065968834645507624,-0.030476344340979712,0.22844343701704034,4.3004414481285831e-05,77548.015917364479,-19748.340193302574,180.54235217619507,-51.902404080975579
0.065695397567731587,0.037590497374796021,0.22847683813610833,3.4828454465441292e-05,74971.376436400344,-25979.45412713911,173.67301928599309,-68.942456259419757
-0.065695397567731587,0.037590497374796021,0.22847683813610833,3.4828454465441292e-05,74971.376436400344,-25979.45412713911,173.67301928599309,-68.942456259419757
0.065695397567731587,-0.037590497374796021,0.22847683813610833,3.4828454465441292e-05,74971.376436400344,-25979.45412713911,173.67301928599309,-68.942456259419757
-0.065695397567731587,-0.037590497374796021,0.22847683813610833,3.4828454465441292e-05,74971.376436400344,-25979.45412713911,173.67301928599309,-68.942456259419757
0.06625719080588334,0.079713994329681348,0.22840821361248742,3.8359820600770457e-05,28517.991633078098,-56621.621912108676,58.963916420468813,-125.25364661001774
-0.06625719080588334,0.079713994329681348,0.22840821361248742,3.8359820600770457e-05,28517.991633078098,-56621.621912108676,58.963916420468813,-125.25364661001774
0.06625719080588334,-0.079713994329681348,0.22840821361248742,3.8359820600770457e-05,28517.991633078098,-56621.621912108676,58.963916420468813,-125.25364661001774
-0.06625719080588334,-0.079713994329681348,0.22840821361248742,3.8359820600770457e-05,28517.991633078098,-56621.621912108676,58.963916420468813,-125.25364661001774
0.067922258650567086,0.12939259041946422,0.22818568606635573,2.1910219581082158e-06,-21049.98279483823,16728.949912081618,-13.586953108115871,16.807830247285459
-0.067922258650567086,0.12939259041946422,0.22818568606635573,2.1910219581082158e-06,-21049.98279483823,16728.949912081618,-13.586953108115871,16.807830247285459
0.067922258650567086,-0.12939259041946422,0.22818568606635573,2.1910219581082158e-06,-21049.98279483823,16728.949912081618,-13.586953108115871,16.807830247285459
-0.067922258650567086,-0.12939259041946422,0.22818568606635573,2.1910219581082158e-06,-21049.98279483823,16728.949912081618,-13.586953108115871,16.807830247285459
0.068193724473153444,0.061940714483458732,0.22814719544255718,3.4468581771563699e-05,53977.581902788123,-48145.658742882675,115.58614426153754,-112.31233751488799
-0.068193724473153444,0.061940714483458732,0.22814719544255718,3.4468581771563699e-05,53977.581902788123,-48145.658742882675,115.58614426153754,-112.31233751488799
0.068193724473153444,-0.061940714483458732,0.22814719544255718,3.4468581771563699e-05,53977.581902788123,-48145.658742882675,115.58614426153754,-112.31233751488799
-0.068193724473153444,-0.061940714483458732,0.22814719544255718,3.4468581771563699e-05,53977.581902788123,-48145.658742882675,115.58614426153754,-112.31233751488799
0.067705511676050475,0.050712979190606314,0.22820374249613076,3.415134603819039e-05,65210.461908754885,-38855.329193618381,145.91802366460772,-90.807692565468031
-0.067705511676050475,0.050712979190606314,0.22820374249613076,3.415134603819039e-05,65210.461908754885,-38855.329193618381,145.91802366460772,-90.807692565468031
0.067705511676050475,-0.050712979190606314,0.22820374249613076,3.415134603819039e-05,65210.461908754885,-38855.329193618381,145.91802366460772,-90.807692565468031
-0.067705511676050475,-0.050712979190606314,0.22820374249613076,3.415134603819039e-05,65210.461908754885,-38855.329193618381,145.91802366460772,-90.807692565468031
0.068373141255825207,0.11134580530840736,0.22808827966355416,3.1743805896531384e-05,-30385.375331897583,-24717.346246569858,-48.705240921504348,-37.176791551053626
-0.068373141255825207,0.11134580530840736,0.22808827966355416,3.1743805896531384e-05,-30385.375331897583,-24717.346246569858,-48.705240921504348,-37.176791551053626
0.068373141255825207,-0.11134580530840736,0.22808827966355416,3.1743805896531384e-05,-30385.375331897583,-24717.346246569858,-48.705240921504348,-37.176791551053626
-0.068373141255825207,-0.11134580530840736,0.22808827966355416,3.1743805896531384e-05,-30385.375331897583,-24717.346246569858,-48.705240921504348,-37.176791551053626
0.0703117611699908,0.08758840611483433,0.22781391081898592,3.2590891621033114e-05,10812.085934852328,-55689.612495417437,20.385522323292896,-121.91666458398556
-0.0703117611699908,0.08758840611483433,0.22781391081898592,3.2590891621033114e-05,10812.085934852328,-55689.612495417437,20.385522323292896,-121.91666458398556
0.0703117611699908,-0.08758840611483433,0.22781391081898592,3.2590891621033114e-05,10812.085934852328,-55689.612495417437,20.385522323292896,-121.91666458398556
-0.0703117611699908,-0.08758840611483433,0.22781391081898592,3.2590891621033114e-05,10812.085934852328,-55689.612495417437,20.385522323292896,-121.91666458398556
0.072746951153725051,0.067186788198381697,0.22747309688892561,4.1527624957418387e-05,43571.120249031905,-52947.735036576545,97.399541841521696,-119.81346534094205
-0.072746951153725051,0.067186788198381697,0.22747309688892561,4.1527624957418387e-05,43571.120249031905,-52947.735036576545,97.399541841521696,-119.81346534094205
0.072746951153725051,-0.067186788198381697,0.22747309688892561,4.1527624957418387e-05,43571.120249031905,-52947.735036576545,97.399541841521696,-119.81346534094205
-0.072746951153725051,-0.067186788198381697,0.22747309688892561,4.1527624957418387e-05,43571.120249031905,-52947.735036576545,97.399541841521696,-119.81346534094205
0.073588485898349862,0.055380389847240884,0.22734850956568747,3.9278999005728699e-05,57368.369466256154,-45627.618209139589,126.08617857081921,-106.77196090802495
-0.073588485898349862,0.055380389847240884,0.22734850956568747,3.9278999005728699e-05,57368.369466256154,-45627.618209139589,126.08617857081921,-106.77196090802495
0.073588485898349862,-0.055380389847240884,0.22734850956568747,3.9278999005728699e-05,57368.369466256154,-45627.618209139589,126.08617857081921,-106.77196090802495
-0.073588485898349862,-0.055380389847240884,0.22734850956568747,3.9278999005728699e-05,57368.369466256154,-45627.618209139589,126.08617857081921,-106.77196090802495
0.074594009101415781,0.11631503044135796,0.22719964922738106,1.9217655775608718e-05,-33303.523762129815,-9822.2066813614092,-43.02646141911184,-11.981365430956746
-0.074594009101415781,0.11631503044135796,0.22719964922738106,1.9217655775608718e-05,-33303.523762129815,-9822.2066813614092,-43.02646141911184,-11.981365430956746
0.074594009101415781,-0.11631503044135796,0.22719964922738106,1.9217655775608718e-05,-33303.523762129815,-9822.2066813614092,-43.02646141911184,-11.981365430956746
-0.074594009101415781,-0.11631503044135796,0.22719964922738106,1.9217655775608718e-05,-33303.523762129815,-9822.2066813614092,-43.02646141911184,-11.981365430956746
0.074019884321972193,0.048903735775792691,0.22728463844112001,3.8801089187686211e-05,62549.153316564727,-41057.769425788189,146.53456147516971,-98.457371904233952
-0.074019884321972193,0.048903735775792691,0.22728463844112001,3.8801089187686211e-05,62549.153316564727,-41057.769425788189,146.53456147516971,-98.457371904233952
0.074019884321972193,-0.048903735775792691,0.22728463844112001,3.8801089187686211e-05,62549.153316564727,-41057.769425788189,146.53456147516971,-98.457371904233952
-0.074019884321972193,-0.048903735775792691,0.22728463844112001,3.8801089187686211e-05,62549.153316564727,-41057.769425788189,146.53456147516971,-98.457371904233952
0.074648712269771017,0.091382796486922838,0.22719155160719587,3.578163831285374e-05,745.94462509769323,-52833.180959085796,0.88244074907423575,-111.60739366150216
-0.074648712269771017,0.091382796486922838,0.22719155160719587,3.578163831285374e-05,745.94462509769323,-52833.180959085796,0.88244074907423575,-111.60739366150216
0.074648712269771017,-0.091382796486922838,0.22719155160719587,3.578163831285374e-05,745.94462509769323,-52833.180959085796,0.88244074907423575,-111.60739366150216
-0.074648712269771017,-0.091382796486922838,0.22719155160719587,3.578163831285374e-05,745.94462509769323,-52833.180959085796,0.88244074907423575,-111.60739366150216
0.076190479099750519,0,0.22696329653263092,1.4721289106652352e-05,78653.725337924843,-12522.300161616373,149.5483642775292,-37.052151075930773
-0.076190479099750519,0,0.22696329653263092,1.4721289106652352e-05,78653.725337924843,-12522.300161616373,149.5483642775292,-37.052151075930773
0.076190479099750519,-0,0.22696329653263092,1.4721289106652352e-05,78653.725337924843,-12522.300161616373,149.5483642775292,-37.052151075930773
-0.076190479099750519,-0,0.22696329653263092,1.4721289106652352e-05,78653.725337924843,-12522.300161616373,149.5483642775292,-37.052151075930773
0.076320542350654247,0.014143698507194725,0.22694404076857863,3.2088661958735915e-05,76726.237861627436,-18516.548377811945,180.42407148376569,-52.182145612140296
-0.076320542350654247,0.014143698507194725,0.22694404076857863,3.2088661958735915e-05,76726.237861627436,-18516.548377811945,180.42407148376569,-52.182145612140296
0.076320542350654247,-0.014143698507194725,0.22694404076857863,3.2088661958735915e-05,76726.237861627436,-18516.548377811945,180.42407148376569,-52.182145612140296
-0.076320542350654247,-0.014143698507194725,0.22694404076857863,3.2088661958735915e-05,76726.237861627436,-18516.548377811945,180.42407148376569,-52.182145612140296
0.076868993403115343,0.026420619150624852,0.22686284301297099,2.7865518203626391e-05,73540.236043350131,-25536.815880463164,167.58431679069903,-66.678596197238477
-0.076868993403115343,0.026420619150624852,0.22686284301297099,2.7865518203626391e-05,73540.236043350131,-25536.815880463164,167.58431679069903,-66.678596197238477
0.076868993403115343,-0.026420619150624852,0.22686284301297099,2.7865518203626391e-05,73540.236043350131,-25536.815880463164,167.58431679069903,-66.678596197238477
-0.076868993403115343,-0.026420619150624852,0.22686284301297099,2.7865518203626391e-05,73540.236043350131,-25536.815880463164,167.58431679069903,-66.678596197238477
0.076888350459601726,0.035038447633590222,0.2268599772156773,2.7801208754830944e-05,69966.356076330048,-31777.142502699349,159.65007949560936,-80.746705676109443
-0.076888350459601726,0.035038447633590222,0.2268599772156773,2.7801208754830944e-05,69966.356076330048,-31777.142502699349,159.65007949560936,-80.746705676109443
0.076888350459601726,-0.035038447633590222,0.2268599772156773,2.7801208754830944e-05,69966.356076330048,-31777.142502699349,159.65007949560936,-80.746705676109443
-0.076888350459601726,-0.035038447633590222,0.2268599772156773,2.7801208754830944e-05,69966.356076330048,-31777.142502699349,159.65007949560936,-80.746705676109443
0.075653410721866737,0.041948727410395022,0.22704185962165485,4.0218234735360646e-05,66287.480560872209,-36447.488734930477,155.25016843690997,-85.421679518503154
-0.075653410721866737,0.041948727410395022,0.22704185962165485,4.0218234735360646e-05,66287.480560872209,-36447.488734930477,155.25016843690997,-85.421679518503154
0.075653410721866737,-0.041948727410395022,0.22704185962165485,4.0218234735360646e-05,66287.480560872209,-36447.488734930477,155.25016843690997,-85.421679518503154
-0.075653410721866737,-0.041948727410395022,0.22704185962165485,4.0218234735360646e-05,66287.480560872209,-36447.488734930477,155.25016843690997,-85.421679518503154
0.076252214438266672,0.073704941621789075,0.22695415160716689,4.0139507502931284e-05,31079.022206458005,-56275.005361722266,68.485714604610209,-127.7643243885162
-0.076252214438266672,0.073704941621789075,0.22695415160716689,4.0139507502931284e-05,31079.022206458005,-56275.005361722266,68.485714604610209,-127.7643243885162
0.076252214438266672,-0.073704941621789075,0.22695415160716689,4.0139507502931284e-05,31079.022206458005,-56275.005361722266,68.485714604610209,-127.7643243885162
-0.076252214438266672,-0.073704941621789075,0.22695415160716689,4.0139507502931284e-05,31079.022206458005,-56275.005361722266,68.485714604610209,-127.7643243885162
0.076963341967008103,0.099750019577122317,0.22684886548035002,3.3948595486645008e-05,-16113.104680147802,-43147.10544108117,-34.276093858033335,-84.193011449639627
-0.076963341967008103,0.099750019577122317,0.22684886548035002,3.3948595486645008e-05,-16113.104680147802,-43147.10544108117,-34.276093858033335,-84.193011449639627
0.076963341967008103,-0.099750019577122317,0.22684886548035002,3.3948595486645008e-05,-16113.104680147802,-43147.10544108117,-34.276093858033335,-84.193011449639627
-0.076963341967008103,-0.099750019577122317,0.22684886548035002,3.3948595486645008e-05,-16113.104680147802,-43147.10544108117,-34.276093858033335,-84.193011449639627
0.078470686794285108,0.06250304112458073,0.22662571635424364,3.641126245677585e-05,45603.515193305262,-52418.485017714149,95.317937605765295,-121.3120751691017
-0.078470686794285108,0.06250304112458073,0.22662571635424364,3.641126245677585e-05,45603.515193305262,-52418.485017714149,95.317937605765295,-121.3120751691017
0.078470686794285108,-0.06250304112458073,0.22662571635424364,3.641126245677585e-05,45603.515193305262,-52418.485017714149,95.317937605765295,-121.3120751691017
-0.078470686794285108,-0.06250304112458073,0.22662571635424364,3.641126245677585e-05,45603.515193305262,-52418.485017714149,95.317937605765295,-121.3120751691017
0.081164845323037069,0.080987019312212444,0.22622684229738874,4.4437319890914886e-05,15186.654322880255,-56408.856316100915,34.219801270506238,-125.53550533293271
-0.081164845323037069,0.080987019312212444,0.22622684229738874,4.4437319890914886e-05,15186.654322880255,-56408.856316100915,34.219801270506238,-125.53550533293271
0.081164845323037069,-0.080987019312212444,0.22622684229738874,4.4437319890914886e-05,15186.654322880255,-56408.856316100915,34.219801270506238,-125.53550533293271
-0.081164845323037069,-0.080987019312212444,0.22622684229738874,4.4437319890914886e-05,15186.654322880255,-56408.856316100915,34.219801270506238,-125.53550533293271
0.081443657013964221,0.10546162393901942,0.22618556625228814,4.1611595614306836e-05,-26793.281946614232,-31418.721101610223,-50.756810743600965,-59.753431212216178
-0.081443657013964221,0.10546162393901942,0.22618556625228814,4.1611595614306836e-05,-26793.281946614232,-31418.721101610223,-50.756810743600965,-59.753431212216178
0.081443657013964221,-0.10546162393901942,0.22618556625228814,4.1611595614306836e-05,-26793.281946614232,-31418.721101610223,-50.756810743600965,-59.753431212216178
-0.081443657013964221,-0.10546162393901942,0.22618556625228814,4.1611595614306836e-05,-26793.281946614232,-31418.721101610223,-50.756810743600965,-59.753431212216178
0.083101059813915454,0.12971631557422816,0.22581211133049917,5.0598695866287848e-06,-16810.15386090532,19834.981928453752,-9.5162205499790868,17.301577644233291
-0.083101059813915454,0.12971631557422816,0.22581211133049917,5.0598695866287848e-06,-16810.15386090532,19834.981928453752,-9.5162205499790868,17.301577644233291
0.083101059813915454,-0.12971631557422816,0.22581211133049917,5.0598695866287848e-06,-16810.15386090532,19834.981928453752,-9.5162205499790868,17.301577644233291
-0.083101059813915454,-0.12971631557422816,0.22581211133049917,5.0598695866287848e-06,-16810.15386090532,19834.981928453752,-9.5162205499790868,17.301577644233291
0.083563875447198968,0.06757325838195892,0.22587167411906667,3.2509130113897517e-05,34228.914543950923,-56297.915139579578,69.814797086389234,-129.46547709270911
-0.083563875447198968,0.06757325838195892,0.22587167411906667,3.2509130113897517e-05,34228.914543950923,-56297.915139579578,69.814797086389234,-129.46547709270911
0.083563875447198968,-0.06757325838195892,0.22587167411906667,3.2509130113897517e-05,34228.914543950923,-56297.915139579578,69.814797086389234,-129.46547709270911
-0.083563875447198968,-0.06757325838195892,0.22587167411906667,3.2509130113897517e-05,34228.914543950923,-56297.915139579578,69.814797086389234,-129.46547709270911
0.085437375315887187,0.086500533202843538,0.22559430951000389,3.7971910704696415e-05,1991.7404641880364,-54063.594416332278,-2.927653145463569,-117.51997275667982
-0.085437375315887187,0.086500533202843538,0.22559430951000389,3.7971910704696415e-05,1991.7404641880364,-54063.594416332278,-2.927653145463569,-117.51997275667982
0.085437375315887187,-0.086500533202843538,0.22559430951000389,3.7971910704696415e-05,1991.7404641880364,-54063.594416332278,-2.927653145463569,-117.51997275667982
-0.085437375315887187,-0.086500533202843538,0.22559430951000389,3.7971910704696415e-05,1991.7404641880364,-54063.594416332278,-2.927653145463569,-117.51997275667982
0.085663873926606154,0.054962029835674234,0.22556077532675992,3.3670841192053054e-05,47184.905518835003,-51605.021867226882,105.80321768991001,-119.89333222735542
-0.085663873926606154,0.054962029835674234,0.22556077532675992,3.3670841192053054e-05,47184.905518835003,-51605.021867226882,105.80321768991001,-119.89333222735542
0.085663873926606154,-0.054962029835674234,0.22556077532675992,3.3670841192053054e-05,47184.905518835003,-51605.021867226882,105.80321768991001,-119.89333222735542
-0.085663873926606154,-0.054962029835674234,0.22556077532675992,3.3670841192053054e-05,47184.905518835003,-51605.021867226882,105.80321768991001,-119.89333222735542
0.084758288335391313,0.007490637373939661,0.22569483897878595,2.8987451691962864e-05,72217.476932592006,-26117.181741809862,175.92578218397722,-69.896781614275383
-0.084758288335391313,0.007490637373939661,0.22569483897878595,2.8987451691962864e-05,72217.476932592006,-26117.181741809862,175.92578218397722,-69.896781614275383
0.084758288335391313,-0.007490637373939661,0.22569483897878595,2.8987451691962864e-05,72217.476932592006,-26117.181741809862,175.92578218397722,-69.896781614275383
-0.084758288335391313,-0.007490637373939661,0.22569483897878595,2.8987451691962864e-05,72217.476932592006,-26117.181741809862,175.92578218397722,-69.896781614275383
0.086130693234504063,0.017848390565186639,0.22549165614274649,2.4404291897813597e-05,69638.450368619437,-30544.697787270012,162.28266007078884,-80.772997503177947
-0.086130693234504063,0.017848390565186639,0.22549165614274649,2.4404291897813597e-05,69638.450368619437,-30544.697787270012,162.28266007078884,-80.772997503177947
0.086130693234504063,-0.017848390565186639,0.22549165614274649,2.4404291897813597e-05,69638.450368619437,-30544.697787270012,162.28266007078884,-80.772997503177947
-0.086130693234504063,-0.017848390565186639,0.22549165614274649,2.4404291897813597e-05,69638.450368619437,-30544.697787270012,162.28266007078884,-80.772997503177947
0.085730206612583681,0.027790819818322588,0.22555094725184346,2.5773145927266099e-05,66477.419116404271,-34665.949015244078,153.37542545770472,-83.76756385576158
-0.085730206612583681,0.027790819818322588,0.22555094725184346,2.5773145927266099e-05,66477.419116404271,-34665.949015244078,153.37542545770472,-83.76756385576158
0.085730206612583681,-0.027790819818322588,0.22555094725184346,2.5773145927266099e-05,66477.419116404271,-34665.949015244078,153.37542545770472,-83.76756385576158
-0.085730206612583681,-0.027790819818322588,0.22555094725184346,2.5773145927266099e-05,66477.419116404271,-34665.949015244078,153.37542545770472,-83.76756385576158
0.085656515928897475,0.037154845208048272,0.22556185707586085,3.0500873492328008e-05,61626.780704877048,-40738.066035805947,142.13567823353125,-97.501326161509752
-0.085656515928897475,0.037154845208048272,0.22556185707586085,3.0500873492328008e-05,61626.780704877048,-40738.066035805947,142.13567823353125,-97.501326161509752
0.085656515928897475,-0.037154845208048272,0.22556185707586085,3.0500873492328008e-05,61626.780704877048,-40738.066035805947,142.13567823353125,-97.501326161509752
-0.085656515928897475,-0.037154845208048272,0.22556185707586085,3.0500873492328008e-05,61626.780704877048,-40738.066035805947,142.13567823353125,-97.501326161509752
0.085268994446112203,0.044095378838673156,0.2256192293327117,3.2032956796655903e-05,57225.05781472518,-44734.883336344014,133.25439717433187,-103.90492459267874
-0.085268994446112203,0.044095378838673156,0.2256192293327117,3.2032956796655903e-05,57225.05781472518,-44734.883336344014,133.25439717433187,-103.90492459267874
0.085268994446112203,-0.044095378838673156,0.2256192293327117,3.2032956796655903e-05,57225.05781472518,-44734.883336344014,133.25439717433187,-103.90492459267874
-0.085268994446112203,-0.044095378838673156,0.2256192293327117,3.2032956796655903e-05,57225.05781472518,-44734.883336344014,133.25439717433187,-103.90492459267874
0.085883763086245457,0.11117789425178909,0.22552822448872306,4.7341258257098805e-05,-33041.865431867402,-16922.329017940203,-51.942274911896824,-24.82612838381878
-0.085883763086245457,0.11117789425178909,0.22552822448872306,4.7341258257098805e-05,-33041.865431867402,-16922.329017940203,-51.942274911896824,-24.82612838381878
0.085883763086245457,-0.11117789425178909,0.22552822448872306,4.7341258257098805e-05,-33041.865431867402,-16922.329017940203,-51.942274911896824,-24.82612838381878
-0.085883763086245457,-0.11117789425178909,0.22552822448872306,4.7341258257098805e-05,-33041.865431867402,-16922.329017940203,-51.942274911896824,-24.82612838381878
0.086487888305992605,0.062605774430135486,0.22543878454339844,3.7417685927453974e-05,37646.677374849009,-55456.965832089474,83.180150464877286,-127.94538407654724
-0.086487888305992605,0.062605774430135486,0.22543878454339844,3.7417685927453974e-05,37646.677374849009,-55456.965832089474,83.180150464877286,-127.94538407654724
0.086487888305992605,-0.062605774430135486,0.22543878454339844,3.7417685927453974e-05,37646.677374849009,-55456.965832089474,83.180150464877286,-127.94538407654724
-0.086487888305992605,-0.062605774430135486,0.22543878454339844,3.7417685927453974e-05,37646.677374849009,-55456.965832089474,83.180150464877286,-127.94538407654724
0.088309663240518532,0.073189836790631457,0.22516907159459187,3.9176497185703522e-05,21170.15129069809,-57844.824929195071,39.836961235103963,-130.92445594901858
-0.088309663240518532,0.073189836790631457,0.22516907159459187,3.9176497185703522e-05,21170.15129069809,-57844.824929195071,39.836961235103963,-130.92445594901858
0.088309663240518532,-0.073189836790631457,0.22516907159459187,3.9176497185703522e-05,21170.15129069809,-57844.824929195071,39.836961235103963,-130.92445594901858
-0.088309663240518532,-0.073189836790631457,0.22516907159459187,3.9176497185703522e-05,21170.15129069809,-57844.824929195071,39.836961235103963,-130.92445594901858
0.089791610836982727,0.092857144773006439,0.2249496728181839,4.305847929442333e-05,-12045.364165347264,-46962.409477948182,-25.449934394866428,-98.457049512040768
-0.089791610836982727,0.092857144773006439,0.2249496728181839,4.305847929442333e-05,-12045.364165347264,-46962.409477948182,-25.449934394866428,-98.457049512040768
0.089791610836982727,-0.092857144773006439,0.2249496728181839,4.305847929442333e-05,-12045.364165347264,-46962.409477948182,-25.449934394866428,-98.457049512040768
-0.089791610836982727,-0.092857144773006439,0.2249496728181839,4.305847929442333e-05,-12045.364165347264,-46962.409477948182,-25.449934394866428,-98.457049512040768
0.090618739847800736,0.11783118314317256,0.22472602522947799,3.1712184586784318e-05,-32614.451442797159,613.10594990948903,-39.081298653549851,3.758941196829781
-0.090618739847800736,0.11783118314317256,0.22472602522947799,3.1712184586784318e-05,-32614.451442797159,613.10594990948903,-39.081298653549851,3.758941196829781
0.090618739847800736,-0.11783118314317256,0.22472602522947799,3.1712184586784318e-05,-32614.451442797159,613.10594990948903,-39.081298653549851,3.758941196829781
-0.090618739847800736,-0.11783118314317256,0.22472602522947799,3.1712184586784318e-05,-32614.451442797159,613.10594990948903,-39.081298653549851,3.758941196829781
0.092506485258740626,0.099887600293710646,0.22454263742331457,3.3782030633424592e-05,-23876.161747851285,-36165.166493546691,-46.184159365619145,-70.370451730371258
-0.092506485258740626,0.099887600293710646,0.22454263742331457,3.3782030633424592e-05,-23876.161747851285,-36165.166493546691,-46.184159365619145,-70.370451730371258
0.092506485258740626,-0.099887600293710646,0.22454263742331457,3.3782030633424592e-05,-23876.161747851285,-36165.166493546691,-46.184159365619145,-70.370451730371258
-0.092506485258740626,-0.099887600293710646,0.22454263742331457,3.3782030633424592e-05,-23876.161747851285,-36165.166493546691,-46.184159365619145,-70.370451730371258
0.093803999828906845,0.069040917743759408,0.22435564781370201,3.4351985426879884e-05,21101.322713090271,-58168.125138211057,45.141729114161805,-131.04096644571769
-0.093803999828906845,0.069040917743759408,0.22435564781370201,3.4351985426879884e-05,21101.322713090271,-58168.125138211057,45.141729114161805,-131.04096644571769
0.093803999828906845,-0.069040917743759408,0.22435564781370201,3.4351985426879884e-05,21101.322713090271,-58168.125138211057,45.141729114161805,-131.04096644571769
-0.093803999828906845,-0.069040917743759408,0.22435564781370201,3.4351985426879884e-05,21101.322713090271,-58168.125138211057,45.141729114161805,-131.04096644571769
0.093342754712671575,0.079153155594472654,0.22442392936679051,3.4582910889973524e-05,6707.3538646717407,-56244.071260239754,13.35254438162357,-124.77587999488023
-0.093342754712671575,0.079153155594472654,0.22442392936679051,3.4582910889973524e-05,6707.3538646717407,-56244.071260239754,13.35254438162357,-124.77587999488023
0.093342754712671575,-0.079153155594472654,0.22442392936679051,3.4582910889973524e-05,6707.3538646717407,-56244.071260239754,13.35254438162357,-124.77587999488023
-0.093342754712671575,-0.079153155594472654,0.22442392936679051,3.4582910889973524e-05,6707.3538646717407,-56244.071260239754,13.35254438162357,-124.77587999488023
0.093229863301755353,0.062686317854704868,0.22444064986388992,3.7709149371505732e-05,30220.630350626714,-57620.765809951801,64.550517588256199,-131.0725599776323
-0.093229863301755353,0.062686317854704868,0.22444064986388992,3.7709149371505732e-05,30220.630350626714,-57620.765809951801,64.550517588256199,-131.0725599776323
0.093229863301755353,-0.062686317854704868,0.22444064986388992,3.7709149371505732e-05,30220.630350626714,-57620.765809951801,64.550517588256199,-131.0725599776323
-0.093229863301755353,-0.062686317854704868,0.22444064986388992,3.7709149371505732e-05,30220.630350626714,-57620.765809951801,64.550517588256199,-131.0725599776323
0.093686219313440844,0.12340329980194575,0.22406143162933631,4.0280562032894787e-05,-26006.871595617053,12920.153923342792,-22.338794774387253,15.873905545615303
-0.093686219313440844,0.12340329980194575,0.22406143162933631,4.0280562032894787e-05,-26006.871595617053,12920.153923342792,-22.338794774387253,15.873905545615303
0.093686219313440844,-0.12340329980194575,0.22406143162933631,4.0280562032894787e-05,-26006.871595617053,12920.153923342792,-22.338794774387253,15.873905545615303
-0.093686219313440844,-0.12340329980194575,0.22406143162933631,4.0280562032894787e-05,-26006.871595617053,12920.153923342792,-22.338794774387253,15.873905545615303
0.095326689436666862,0,0.224019733692363,1.5472836950481674e-05,65336.843183898192,-34994.377546364733,125.22099033827227,-75.735537589225842
-0.095326689436666862,0,0.224019733692363,1.5472836950481674e-05,65336.843183898192,-34994.377546364733,125.22099033827227,-75.735537589225842
0.095326689436666862,-0,0.224019733692363,1.5472836950481674e-05,65336.843183898192,-34994.377546364733,125.22099033827227,-75.735537589225842
-0.095326689436666862,-0,0.224019733692363,1.5472836950481674e-05,65336.843183898192,-34994.377546364733,125.22099033827227,-75.735537589225842
0.094959935611541299,0.0092993629717734779,0.22418450742823995,2.7947702322853071e-05,63501.47522196643,-38233.49246480436,145.48696992341476,-94.305531106513726
-0.094959935611541299,0.0092993629717734779,0.22418450742823995,2.7947702322853071e-05,63501.47522196643,-38233.49246480436,145.48696992341476,-94.305531106513726
0.094959935611541299,-0.0092993629717734779,0.22418450742823995,2.7947702322853071e-05,63501.47522196643,-38233.49246480436,145.48696992341476,-94.305531106513726
-0.094959935611541299,-0.0092993629717734779,0.22418450742823995,2.7947702322853071e-05,63501.47522196643,-38233.49246480436,145.48696992341476,-94.305531106513726
0.094629838905536501,0.02093014439191004,0.22423337747467101,2.4247306481473575e-05,61048.088970716533,-41097.799344545696,135.42131061111044,-102.00033871705432
-0.094629838905536501,0.02093014439191004,0.22423337747467101,2.4247306481473575e-05,61048.088970716533,-41097.799344545696,135.42131061111044,-102.00033871705432
0.094629838905536501,-0.02093014439191004,0.22423337747467101,2.4247306481473575e-05,61048.088970716533,-41097.799344545696,135.42131061111044,-102.00033871705432
-0.094629838905536501,-0.02093014439191004,0.22423337747467101,2.4247306481473575e-05,61048.088970716533,-41097.799344545696,135.42131061111044,-102.00033871705432
0.095544984813515227,0.032124134853735324,0.22409789226018517,3.7035909476408938e-05,54680.435699724272,-46980.520530601752,123.88206383913645,-112.11767263880367
-0.095544984813515227,0.032124134853735324,0.22409789226018517,3.7035909476408938e-05,54680.435699724272,-46980.520530601752,123.88206383913645,-112.11767263880367
0.095544984813515227,-0.032124134853735324,0.22409789226018517,3.7035909476408938e-05,54680.435699724272,-46980.520530601752,123.88206383913645,-112.11767263880367
-0.095544984813515227,-0.032124134853735324,0.22409789226018517,3.7035909476408938e-05,54680.435699724272,-46980.520530601752,123.88206383913645,-112.11767263880367
0.095497780650607281,0.040440101840922706,0.22410488072626522,3.5970381251902569e-05,49282.495327450262,-50557.694881596399,111.73989019737891,-116.47779637870893
-0.095497780650607281,0.040440101840922706,0.22410488072626522,3.5970381251902569e-05,49282.495327450262,-50557.694881596399,111.73989019737891,-116.47779637870893
0.095497780650607281,-0.040440101840922706,0.22410488072626522,3.5970381251902569e-05,49282.495327450262,-50557.694881596399,111.73989019737891,-116.47779637870893
-0.095497780650607281,-0.040440101840922706,0.22410488072626522,3.5970381251902569e-05,49282.495327450262,-50557.694881596399,111.73989019737891,-116.47779637870893
0.094725802739355908,0.046982291022945752,0.22421917025318364,3.5240586599337296e-05,44979.258786640763,-52914.517963463433,99.900790221883128,-122.54440001811244
-0.094725802739355908,0.046982291022945752,0.22421917025318364,3.5240586599337296e-05,44979.258786640763,-52914.517963463433,99.900790221883128,-122.54440001811244
0.094725802739355908,-0.046982291022945752,0.22421917025318364,3.5240586599337296e-05,44979.258786640763,-52914.517963463433,99.900790221883128,-122.54440001811244
-0.094725802739355908,-0.046982291022945752,0.22421917025318364,3.5240586599337296e-05,44979.258786640763,-52914.517963463433,99.900790221883128,-122.54440001811244
0.094983816615278618,0.054693305848491462,0.22418097254343949,4.0192767859577765e-05,37060.762618350498,-56265.614135489908,81.688817675825902,-129.2324885264224
-0.094983816615278618,0.054693305848491462,0.22418097254343949,4.0192767859577765e-05,37060.762618350498,-56265.614135489908,81.688817675825902,-129.2324885264224
0.094983816615278618,-0.054693305848491462,0.22418097254343949,4.0192767859577765e-05,37060.762618350498,-56265.614135489908,81.688817675825902,-129.2324885264224
-0.094983816615278618,-0.054693305848491462,0.22418097254343949,4.0192767859577765e-05,37060.762618350498,-56265.614135489908,81.688817675825902,-129.2324885264224
0.095859348773956299,0.10523809492588043,0.22402399778366089,3.5175554128051361e-05,-31450.81206755415,-24660.196674233426,-57.151088249098827,-40.453964339717587
-0.095859348773956299,0.10523809492588043,0.22402399778366089,3.5175554128051361e-05,-31450.81206755415,-24660.196674233426,-57.151088249098827,-40.453964339717587
0.095859348773956299,-0.10523809492588043,0.22402399778366089,3.5175554128051361e-05,-31450.81206755415,-24660.196674233426,-57.151088249098827,-40.453964339717587
-0.095859348773956299,-0.10523809492588043,0.22402399778366089,3.5175554128051361e-05,-31450.81206755415,-24660.196674233426,-57.151088249098827,-40.453964339717587
0.098125623102900808,0.086429442034459306,0.22371583912062742,3.8970734214261771e-05,-9346.5333275950106,-50652.454636211027,-23.774340756119926,-109.54483000618276
-0.098125623102900808,0.086429442034459306,0.22371583912062742,3.8970734214261771e-05,-9346.5333275950106,-50652.454636211027,-23.774340756119926,-109.54483000618276
0.098125623102900808,-0.086429442034459306,0.22371583912062742,3.8970734214261771e-05,-9346.5333275950106,-50652.454636211027,-23.774340756119926,-109.54483000618276
-0.098125623102900808,-0.086429442034459306,0.22371583912062742,3.8970734214261771e-05,-9346.5333275950106,-50652.454636211027,-23.774340756119926,-109.54483000618276
0.098474130034446716,0.12999999523162842,0.22289399802684784,2.6072475623796807e-05,-12650.420311251111,21534.324066588033,-7.3201341327037799,20.249758872369611
-0.098474130034446716,0.12999999523162842,0.22289399802684784,2.6072475623796807e-05,-12650.420311251111,21534.324066588033,-7.3201341327037799,20.249758872369611
0.098474130034446716,-0.12999999523162842,0.22289399802684784,2.6072475623796807e-05,-12650.420311251111,21534.324066588033,-7.3201341327037799,20.249758872369611
-0.098474130034446716,-0.12999999523162842,0.22289399802684784,2.6072475623796807e-05,-12650.420311251111,21534.324066588033,-7.3201341327037799,20.249758872369611
0.098668816040336518,0.073755246094957316,0.22363541814578691,3.4505313617458706e-05,8859.1061936771566,-58029.484865113722,13.653302775271261,-129.0846194895571
-0.098668816040336518,0.073755246094957316,0.22363541814578691,3.4505313617458706e-05,8859.1061936771566,-58029.484865113722,13.653302775271261,-129.0846194895571
0.098668816040336518,-0.073755246094957316,0.22363541814578691,3.4505313617458706e-05,8859.1061936771566,-58029.484865113722,13.653302775271261,-129.0846194895571
-0.098668816040336518,-0.073755246094957316,0.22363541814578691,3.4505313617458706e-05,8859.1061936771566,-58029.484865113722,13.653302775271261,-129.0846194895571
0.099497991253269247,0.11132491731534469,0.22340302177645185,3.8311629849760204e-05,-34755.246206736207,-9800.7598249877065,-55.745521664495008,-14.516833017974497
-0.099497991253269247,0.11132491731534469,0.22340302177645185,3.8311629849760204e-05,-34755.246206736207,-9800.7598249877065,-55.745521664495008,-14.516833017974497
0.099497991253269247,-0.11132491731534469,0.22340302177645185,3.8311629849760204e-05,-34755.246206736207,-9800.7598249877065,-55.745521664495008,-14.516833017974497
-0.099497991253269247,-0.11132491731534469,0.22340302177645185,3.8311629849760204e-05,-34755.246206736207,-9800.7598249877065,-55.745521664495008,-14.516833017974497
0.10107821545539618,0.067407561169938748,0.22327871004042585,4.081342672811464e-05,14375.413190057954,-59272.196625461132,28.40362340289488,-131.99907222508162
-0.10107821545539618,0.067407561169938748,0.22327871004042585,4.081342672811464e-05,14375.413190057954,-59272.196625461132,28.40362340289488,-131.99907222508162
0.10107821545539618,-0.067407561169938748,0.22327871004042585,4.081342672811464e-05,14375.413190057954,-59272.196625461132,28.40362340289488,-131.99907222508162
-0.10107821545539618,-0.067407561169938748,0.22327871004042585,4.081342672811464e-05,14375.413190057954,-59272.196625461132,28.40362340289488,-131.99907222508162
0.10086987962551197,0.092669143633910392,0.2233095569388811,3.6782671839779787e-05,-20371.885920704735,-42476.454892342677,-43.460452192800474,-89.97408340037137
-0.10086987962551197,0.092669143633910392,0.2233095569388811,3.6782671839779787e-05,-20371.885920704735,-42476.454892342677,-43.460452192800474,-89.97408340037137
0.10086987962551197,-0.092669143633910392,0.2233095569388811,3.6782671839779787e-05,-20371.885920704735,-42476.454892342677,-43.460452192800474,-89.97408340037137
-0.10086987962551197,-0.092669143633910392,0.2233095569388811,3.6782671839779787e-05,-20371.885920704735,-42476.454892342677,-43.460452192800474,-89.97408340037137
0.1046350716122382,0.081177336980997772,0.22275212957752602,4.0049177556352124e-05,-8252.973560438917,-52838.676281648084,-21.164107030691795,-112.70835268848349
-0.1046350716122382,0.081177336980997772,0.22275212957752602,4.0049177556352124e-05,-8252.973560438917,-52838.676281648084,-21.164107030691795,-112.70835268848349
0.1046350716122382,-0.081177336980997772,0.22275212957752602,4.0049177556352124e-05,-8252.973560438917,-52838.676281648084,-21.164107030691795,-112.70835268848349
-0.1046350716122382,-0.081177336980997772,0.22275212957752602,4.0049177556352124e-05,-8252.973560438917,-52838.676281648084,-21.164107030691795,-112.70835268848349
0.10415925361937216,0.11671849372564548,0.22236171513910197,3.9064786413364859e-05,-32497.044929086482,3753.6457000934438,-42.664327975801221,9.0552604929205742
-0.10415925361937216,0.11671849372564548,0.22236171513910197,3.9064786413364859e-05,-32497.044929086482,3753.6457000934438,-42.664327975801221,9.0552604929205742
0.10415925361937216,-0.11671849372564548,0.22236171513910197,3.9064786413364859e-05,-32497.044929086482,3753.6457000934438,-42.664327975801221,9.0552604929205742
-0.10415925361937216,-0.11671849372564548,0.22236171513910197,3.9064786413364859e-05,-32497.044929086482,3753.6457000934438,-42.664327975801221,9.0552604929205742
0.10513848301103033,0.097937298200056699,0.22263286430855009,2.5793318114224417e-05,-29002.257079043306,-32490.51468521553,-57.344682753098276,-64.120715764419799
-0.10513848301103033,0.097937298200056699,0.22263286430855009,2.5793318114224417e-05,-29002.257079043306,-32490.51468521553,-57.344682753098276,-64.120715764419799
0.10513848301103033,-0.097937298200056699,0.22263286430855009,2.5793318114224417e-05,-29002.257079043306,-32490.51468521553,-57.344682753098276,-64.120715764419799
-0.10513848301103033,-0.097937298200056699,0.22263286430855009,2.5793318114224417e-05,-29002.257079043306,-32490.51468521553,-57.344682753098276,-64.120715764419799
0.10457534123500924,0.0030818686223522272,0.2227609690810694,1.8926702279863401e-05,53059.021698864795,-48908.270163792564,123.44208768340938,-124.97623139212141
-0.10457534123500924,0.0030818686223522272,0.2227609690810694,1.8926702279863401e-05,53059.021698864795,-48908.270163792564,123.44208768340938,-124.97623139212141
0.10457534123500924,-0.0030818686223522272,0.2227609690810694,1.8926702279863401e-05,53059.021698864795,-48908.270163792564,123.44208768340938,-124.97623139212141
-0.10457534123500924,-0.0030818686223522272,0.2227609690810694,1.8926702279863401e-05,53059.021698864795,-48908.270163792564,123.44208768340938,-124.97623139212141
0.10534200554354632,0.011586129655225402,0.2226474662206237,2.6235917918995037e-05,50446.913844760056,-50428.018824746854,116.05038917778931,-117.20089799338132
-0.10534200554354632,0.011586129655225402,0.2226474662206237,2.6235917918995037e-05,50446.913844760056,-50428.018824746854,116.05038917778931,-117.20089799338132
0.10534200554354632,-0.011586129655225402,0.2226474662206237,2.6235917918995037e-05,50446.913844760056,-50428.018824746854,116.05038917778931,-117.20089799338132
-0.10534200554354632,-0.011586129655225402,0.2226474662206237,2.6235917918995037e-05,50446.913844760056,-50428.018824746854,116.05038917778931,-117.20089799338132
0.10566721127448114,0.022617679076703562,0.22259932027162957,3.186999526943716e-05,46359.255994798288,-53203.0255206191,101.76326576608909,-124.08724257306521
-0.10566721127448114,0.022617679076703562,0.22259932027162957,3.186999526943716e-05,46359.255994798288,-53203.0255206191,101.76326576608909,-124.08724257306521
0.10566721127448114,-0.022617679076703562,0.22259932027162957,3.186999526943716e-05,46359.255994798288,-53203.0255206191,101.76326576608909,-124.08724257306521
-0.10566721127448114,-0.022617679076703562,0.22259932027162957,3.186999526943716e-05,46359.255994798288,-53203.0255206191,101.76326576608909,-124.08724257306521
0.10528389102231965,0.033590014966466478,0.22265606993977327,2.82323808386104e-05,40989.066035398639,-55836.135310108264,89.568219707616763,-127.35339170562411
-0.10528389102231965,0.033590014966466478,0.22265606993977327,2.82323808386104e-05,40989.066035398639,-55836.135310108264,89.568219707616763,-127.35339170562411
0.10528389102231965,-0.033590014966466478,0.22265606993977327,2.82323808386104e-05,40989.066035398639,-55836.135310108264,89.568219707616763,-127.35339170562411
-0.10528389102231965,-0.033590014966466478,0.22265606993977327,2.82323808386104e-05,40989.066035398639,-55836.135310108264,89.568219707616763,-127.35339170562411
0.10481096950883111,0.043151609717315888,0.22272608486540571,2.9488641361583393e-05,34777.135448715453,-57831.251422342582,76.419881880117586,-130.34704233606388
-0.10481096950883111,0.043151609717315888,0.22272608486540571,2.9488641361583393e-05,34777.135448715453,-57831.251422342582,76.419881880117586,-130.34704233606388
0.10481096950883111,-0.043151609717315888,0.22272608486540571,2.9488641361583393e-05,34777.135448715453,-57831.251422342582,76.419881880117586,-130.34704233606388
-0.10481096950883111,-0.043151609717315888,0.22272608486540571,2.9488641361583393e-05,34777.135448715453,-57831.251422342582,76.419881880117586,-130.34704233606388
0.10548210472571155,0.050152266235148124,0.22262672486388543,3.9674200007551706e-05,27419.02578444895,-59568.472186230472,60.936137957988549,-132.6842117366956
-0.10548210472571155,0.050152266235148124,0.22262672486388543,3.9674200007551706e-05,27419.02578444895,-59568.472186230472,60.936137957988549,-132.6842117366956
0.10548210472571155,-0.050152266235148124,0.22262672486388543,3.9674200007551706e-05,27419.02578444895,-59568.472186230472,60.936137957988549,-132.6842117366956
-0.10548210472571155,-0.050152266235148124,0.22262672486388543,3.9674200007551706e-05,27419.02578444895,-59568.472186230472,60.936137957988549,-132.6842117366956
0.10513157895301656,0.056600147922844971,0.22267861938593086,2.7485662518318444e-05,21215.549009580642,-60529.734449987605,43.521735353175742,-137.7934840248154
-0.10513157895301656,0.056600147922844971,0.22267861938593086,2.7485662518318444e-05,21215.549009580642,-60529.734449987605,43.521735353175742,-137.7934840248154
0.10513157895301656,-0.056600147922844971,0.22267861938593086,2.7485662518318444e-05,21215.549009580642,-60529.734449987605,43.521735353175742,-137.7934840248154
-0.10513157895301656,-0.056600147922844971,0.22267861938593086,2.7485662518318444e-05,21215.549009580642,-60529.734449987605,43.521735353175742,-137.7934840248154
0.10477708974872034,0.073863315147426584,0.22273110272621746,3.092473232062648e-05,1236.1849441546592,-57038.005532720927,2.3731739771706715,-125.46902180413254
-0.10477708974872034,0.073863315147426584,0.22273110272621746,3.092473232062648e-05,1236.1849441546592,-57038.005532720927,2.3731739771706715,-125.46902180413254
0.10477708974872034,-0.073863315147426584,0.22273110272621746,3.092473232062648e-05,1236.1849441546592,-57038.005532720927,2.3731739771706715,-125.46902180413254
-0.10477708974872034,-0.073863315147426584,0.22273110272621746,3.092473232062648e-05,1236.1849441546592,-57038.005532720927,2.3731739771706715,-125.46902180413254
0.10879121372866292,0.12415583896393187,0.22102928383113729,3.5311986594444712e-05,-21305.069784764823,17379.075170254593,-18.985623814215227,21.553528968571371
-0.10879121372866292,0.12415583896393187,0.22102928383113729,3.5311986594444712e-05,-21305.069784764823,17379.075170254593,-18.985623814215227,21.553528968571371
0.10879121372866292,-0.12415583896393187,0.22102928383113729,3.5311986594444712e-05,-21305.069784764823,17379.075170254593,-18.985623814215227,21.553528968571371
-0.10879121372866292,-0.12415583896393187,0.22102928383113729,3.5311986594444712e-05,-21305.069784764823,17379.075170254593,-18.985623814215227,21.553528968571371
0.10941299136713885,0.10605559757208741,0.2218083610131818,3.1154448257231816e-05,-35596.951806016383,-15129.726409782224,-62.060533279418429,-24.726659822023237
-0.10941299136713885,0.10605559757208741,0.2218083610131818,3.1154448257231816e-05,-35596.951806016383,-15129.726409782224,-62.060533279418429,-24.726659822023237
0.10941299136713885,-0.10605559757208741,0.2218083610131818,3.1154448257231816e-05,-35596.951806016383,-15129.726409782224,-62.060533279418429,-24.726659822023237
-0.10941299136713885,-0.10605559757208741,0.2218083610131818,3.1154448257231816e-05,-35596.951806016383,-15129.726409782224,-62.060533279418429,-24.726659822023237
0.10968854321216029,0.086688418053351798,0.22200084037887649,3.2675395072739573e-05,-20486.616345974122,-45267.631124946543,-43.85425748703954,-92.966174149795123
-0.10968854321216029,0.086688418053351798,0.22200084037887649,3.2675395072739573e-05,-20486.616345974122,-45267.631124946543,-43.85425748703954,-92.966174149795123
0.10968854321216029,-0.086688418053351798,0.22200084037887649,3.2675395072739573e-05,-20486.616345974122,-45267.631124946543,-43.85425748703954,-92.966174149795123
-0.10968854321216029,-0.086688418053351798,0.22200084037887649,3.2675395072739573e-05,-20486.616345974122,-45267.631124946543,-43.85425748703954,-92.966174149795123
0.11302378479689119,0.071889060319101514,0.2215101980312254,2.8820966678953863e-05,-7136.5544428211297,-55956.009065712395,-15.453199298130059,-120.36547467939415
-0.11302378479689119,0.071889060319101514,0.2215101980312254,2.8820966678953863e-05,-7136.5544428211297,-55956.009065712395,-15.453199298130059,-120.36547467939415
0.11302378479689119,-0.071889060319101514,0.2215101980312254,2.8820966678953863e-05,-7136.5544428211297,-55956.009065712395,-15.453199298130059,-120.36547467939415
-0.11302378479689119,-0.071889060319101514,0.2215101980312254,2.8820966678953863e-05,-7136.5544428211297,-55956.009065712395,-15.453199298130059,-120.36547467939415
0.11372945625681656,0.081915567378330598,0.22139560550696083,3.1312524199151853e-05,-19214.7135820441,-47962.173986127367,-42.000625525063825,-99.244358178896604
-0.11372945625681656,0.081915567378330598,0.22139560550696083,3.1312524199151853e-05,-19214.7135820441,-47962.173986127367,-42.000625525063825,-99.244358178896604
0.11372945625681656,-0.081915567378330598,0.22139560550696083,3.1312524199151853e-05,-19214.7135820441,-47962.173986127367,-42.000625525063825,-99.244358178896604
-0.11372945625681656,-0.081915567378330598,0.22139560550696083,3.1312524199151853e-05,-19214.7135820441,-47962.173986127367,-42.000625525063825,-99.244358178896604
0.113061565521587,0.12986000204120512,0.21961431862017983,2.1413413232125648e-05,-8654.3786792954852,21732.157183731408,-5.8936786064062163,23.442130575533412
-0.113061565521587,0.12986000204120512,0.21961431862017983,2.1413413232125648e-05,-8654.3786792954852,21732.157183731408,-5.8936786064062163,23.442130575533412
0.113061565521587,-0.12986000204120512,0.21961431862017983,2.1413413232125648e-05,-8654.3786792954852,21732.157183731408,-5.8936786064062163,23.442130575533412
-0.113061565521587,-0.12986000204120512,0.21961431862017983,2.1413413232125648e-05,-8654.3786792954852,21732.157183731408,-5.8936786064062163,23.442130575533412
0.11317398269573055,0.11102621408917929,0.22089152955149005,4.2175826077694993e-05,-35448.429634628847,-3128.8023995813733,-55.180639443313339,-0.99270056121062966
-0.11317398269573055,0.11102621408917929,0.22089152955149005,4.2175826077694993e-05,-35448.429634628847,-3128.8023995813733,-55.180639443313339,-0.99270056121062966
0.11317398269573055,-0.11102621408917929,0.22089152955149005,4.2175826077694993e-05,-35448.429634628847,-3128.8023995813733,-55.180639443313339,-0.99270056121062966
-0.11317398269573055,-0.11102621408917929,0.22089152955149005,4.2175826077694993e-05,-35448.429634628847,-3128.8023995813733,-55.180639443313339,-0.99270056121062966
0.11357134700975738,0.092383371861974845,0.22136227081008433,3.7712737043595997e-05,-29461.608808226225,-35476.872845677477,-59.324104010343049,-70.352344221394603
-0.11357134700975738,0.092383371861974845,0.22136227081008433,3.7712737043595997e-05,-29461.608808226225,-35476.872845677477,-59.324104010343049,-70.352344221394603
0.11357134700975738,-0.092383371861974845,0.22136227081008433,3.7712737043595997e-05,-29461.608808226225,-35476.872845677477,-59.324104010343049,-70.352344221394603
-0.11357134700975738,-0.092383371861974845,0.22136227081008433,3.7712737043595997e-05,-29461.608808226225,-35476.872845677477,-59.324104010343049,-70.352344221394603
0.1134781589359319,0.0049418628977155026,0.22144292771168608,2.4889791465840822e-05,39701.984812467148,-57927.330122367028,81.745853304195279,-141.55186701438944
-0.1134781589359319,0.0049418628977155026,0.22144292771168608,2.4889791465840822e-05,39701.984812467148,-57927.330122367028,81.745853304195279,-141.55186701438944
0.1134781589359319,-0.0049418628977155026,0.22144292771168608,2.4889791465840822e-05,39701.984812467148,-57927.330122367028,81.745853304195279,-141.55186701438944
-0.1134781589359319,-0.0049418628977155026,0.22144292771168608,2.4889791465840822e-05,39701.984812467148,-57927.330122367028,81.745853304195279,-141.55186701438944
0.11457854172008626,0.015473454751081884,0.22128001861027627,2.3559505678579315e-05,35253.041779206855,-59175.072621677631,76.232849217034868,-132.50402401812948
-0.11457854172008626,0.015473454751081884,0.22128001861027627,2.3559505678579315e-05,35253.041779206855,-59175.072621677631,76.232849217034868,-132.50402401812948
0.11457854172008626,-0.015473454751081884,0.22128001861027627,2.3559505678579315e-05,35253.041779206855,-59175.072621677631,76.232849217034868,-132.50402401812948
-0.11457854172008626,-0.015473454751081884,0.22128001861027627,2.3559505678579315e-05,35253.041779206855,-59175.072621677631,76.232849217034868,-132.50402401812948
0.11483270758566555,0.025665465326188876,0.22124238994744475,2.3016617784378217e-05,30450.918727871449,-60503.297123957593,64.096965080416197,-136.37800138076329
-0.11483270758566555,0.025665465326188876,0.22124238994744475,2.3016617784378217e-05,30450.918727871449,-60503.297123957593,64.096965080416197,-136.37800138076329
0.11483270758566555,-0.025665465326188876,0.22124238994744475,2.3016617784378217e-05,30450.918727871449,-60503.297123957593,64.096965080416197,-136.37800138076329
-0.11483270758566555,-0.025665465326188876,0.22124238994744475,2.3016617784378217e-05,30450.918727871449,-60503.297123957593,64.096965080416197,-136.37800138076329
0.11439871015676335,0.035500217743046229,0.22130664225325572,2.2533503381894683e-05,25228.26937232917,-61213.696644489428,55.0697106373213,-134.21392960226262
-0.11439871015676335,0.035500217743046229,0.22130664225325572,2.2533503381894683e-05,25228.26937232917,-61213.696644489428,55.0697106373213,-134.21392960226262
0.11439871015676335,-0.035500217743046229,0.22130664225325572,2.2533503381894683e-05,25228.26937232917,-61213.696644489428,55.0697106373213,-134.21392960226262
-0.11439871015676335,-0.035500217743046229,0.22130664225325572,2.2533503381894683e-05,25228.26937232917,-61213.696644489428,55.0697106373213,-134.21392960226262
0.1137807876637556,0.045937251118134036,0.22139812423527724,3.1876397163212912e-05,18059.833885633307,-62117.557722331338,33.241221837272775,-138.23442683783617
-0.1137807876637556,0.045937251118134036,0.22139812423527724,3.1876397163212912e-05,18059.833885633307,-62117.557722331338,33.241221837272775,-138.23442683783617
0.1137807876637556,-0.045937251118134036,0.22139812423527724,3.1876397163212912e-05,18059.833885633307,-62117.557722331338,33.241221837272775,-138.23442683783617
-0.1137807876637556,-0.045937251118134036,0.22139812423527724,3.1876397163212912e-05,18059.833885633307,-62117.557722331338,33.241221837272775,-138.23442683783617
0.11609118545655644,0.053706080459071208,0.22105607523765172,4.0484440561549184e-05,7011.1228823000238,-61764.404659135755,11.577154026388518,-135.06936121573523
-0.11609118545655644,0.053706080459071208,0.22105607523765172,4.0484440561549184e-05,7011.1228823000238,-61764.404659135755,11.577154026388518,-135.06936121573523
0.11609118545655644,-0.053706080459071208,0.22105607523765172,4.0484440561549184e-05,7011.1228823000238,-61764.404659135755,11.577154026388518,-135.06936121573523
-0.11609118545655644,-0.053706080459071208,0.22105607523765172,4.0484440561549184e-05,7011.1228823000238,-61764.404659135755,11.577154026388518,-135.06936121573523
0.11382943621332281,0.060142806579194831,0.22139092193112545,3.5167746444166904e-05,4129.7624003688834,-60549.518378313544,8.0837430430502177,-134.20098172686002
-0.11382943621332281,0.060142806579194831,0.22139092193112545,3.5167746444166904e-05,4129.7624003688834,-60549.518378313544,8.0837430430502177,-134.20098172686002
0.11382943621332281,-0.060142806579194831,0.22139092193112545,3.5167746444166904e-05,4129.7624003688834,-60549.518378313544,8.0837430430502177,-134.20098172686002
-0.11382943621332281,-0.060142806579194831,0.22139092193112545,3.5167746444166904e-05,4129.7624003688834,-60549.518378313544,8.0837430430502177,-134.20098172686002
0.11321957474482694,0.066071438123859835,0.22148121025033446,3.355940015127865e-05,-1202.5380323248471,-58669.002291979821,-2.6257360296233196,-128.85404241882097
-0.11321957474482694,0.066071438123859835,0.22148121025033446,3.355940015127865e-05,-1202.5380323248471,-58669.002291979821,-2.6257360296233196,-128.85404241882097
0.11321957474482694,-0.066071438123859835,0.22148121025033446,3.355940015127865e-05,-1202.5380323248471,-58669.002291979821,-2.6257360296233196,-128.85404241882097
-0.11321957474482694,-0.066071438123859835,0.22148121025033446,3.355940015127865e-05,-1202.5380323248471,-58669.002291979821,-2.6257360296233196,-128.85404241882097
0.11630347386769345,0.098744091147128732,0.22079134296366917,3.6002925864275064e-05,-35490.199310063479,-23525.498783785431,-69.0437878902043,-41.001648474686327
-0.11630347386769345,0.098744091147128732,0.22079134296366917,3.6002925864275064e-05,-35490.199310063479,-23525.498783785431,-69.0437878902043,-41.001648474686327
0.11630347386769345,-0.098744091147128732,0.22079134296366917,3.6002925864275064e-05,-35490.199310063479,-23525.498783785431,-69.0437878902043,-41.001648474686327
-0.11630347386769345,-0.098744091147128732,0.22079134296366917,3.6002925864275064e-05,-35490.199310063479,-23525.498783785431,-69.0437878902043,-41.001648474686327
0.11819833803113777,0.11758862519768973,0.21941902911599009,3.8515543720368879e-05,-28946.22365678291,10947.657758990399,-37.513940180066591,18.879908267521945
-0.11819833803113777,0.11758862519768973,0.21941902911599009,3.8515543720368879e-05,-28946.22365678291,10947.657758990399,-37.513940180066591,18.879908267521945
0.11819833803113777,-0.11758862519768973,0.21941902911599009,3.8515543720368879e-05,-28946.22365678291,10947.657758990399,-37.513940180066591,18.879908267521945
-0.11819833803113777,-0.11758862519768973,0.21941902911599009,3.8515543720368879e-05,-28946.22365678291,10947.657758990399,-37.513940180066591,18.879908267521945
0.11810438085168468,0.086541914596776043,0.22070312216854512,3.343110004560283e-05,-27976.055605930349,-39844.485997470605,-57.308772540343028,-80.917984892555793
-0.11810438085168468,0.086541914596776043,0.22070312216854512,3.343110004560283e-05,-27976.055605930349,-39844.485997470605,-57.308772540343028,-80.917984892555793
0.11810438085168468,-0.086541914596776043,0.22070312216854512,3.343110004560283e-05,-27976.055605930349,-39844.485997470605,-57.308772540343028,-80.917984892555793
-0.11810438085168468,-0.086541914596776043,0.22070312216854512,3.343110004560283e-05,-27976.055605930349,-39844.485997470605,-57.308772540343028,-80.917984892555793
0.12029092745428005,0.080086517965829593,0.22041725636597509,4.4749499839240291e-05,-24840.888885686418,-45385.979215136889,-54.916899025054789,-92.332071922516675
-0.12029092745428005,0.080086517965829593,0.22041725636597509,4.4749499839240291e-05,-24840.888885686418,-45385.979215136889,-54.916899025054789,-92.332071922516675
0.12029092745428005,-0.080086517965829593,0.22041725636597509,4.4749499839240291e-05,-24840.888885686418,-45385.979215136889,-54.916899025054789,-92.332071922516675
-0.12029092745428005,-0.080086517965829593,0.22041725636597509,4.4749499839240291e-05,-24840.888885686418,-45385.979215136889,-54.916899025054789,-92.332071922516675
0.1214726107606999,0.10532108163146872,0.21955005543047204,3.5889056476046965e-05,-37095.229570780772,-8198.8317366614247,-65.88060122428459,-14.723554709037296
-0.1214726107606999,0.10532108163146872,0.21955005543047204,3.5889056476046965e-05,-37095.229570780772,-8198.8317366614247,-65.88060122428459,-14.723554709037296
0.1214726107606999,-0.10532108163146872,0.21955005543047204,3.5889056476046965e-05,-37095.229570780772,-8198.8317366614247,-65.88060122428459,-14.723554709037296
-0.1214726107606999,-0.10532108163146872,0.21955005543047204,3.5889056476046965e-05,-37095.229570780772,-8198.8317366614247,-65.88060122428459,-14.723554709037296
0.12166193980997039,0.12338987890167338,0.21812865634186634,4.3204641664852357e-05,-18505.591621821583,19112.551225881172,-18.250128565839162,26.132156690774728
-0.12166193980997039,0.12338987890167338,0.21812865634186634,4.3204641664852357e-05,-18505.591621821583,19112.551225881172,-18.250128565839162,26.132156690774728
0.12166193980997039,-0.12338987890167338,0.21812865634186634,4.3204641664852357e-05,-18505.591621821583,19112.551225881172,-18.250128565839162,26.132156690774728
-0.12166193980997039,-0.12338987890167338,0.21812865634186634,4.3204641664852357e-05,-18505.591621821583,19112.551225881172,-18.250128565839162,26.132156690774728
0.1237721650598349,0.0072456522039222012,0.21991892414519912,2.8845818189301557e-05,20499.763430629482,-63915.476705432673,39.784503452448149,-147.66037231951785
-0.1237721650598349,0.0072456522039222012,0.21991892414519912,2.8845818189301557e-05,20499.763430629482,-63915.476705432673,39.784503452448149,-147.66037231951785
0.1237721650598349,-0.0072456522039222012,0.21991892414519912,2.8845818189301557e-05,20499.763430629482,-63915.476705432673,39.784503452448149,-147.66037231951785
-0.1237721650598349,-0.0072456522039222012,0.21991892414519912,2.8845818189301557e-05,20499.763430629482,-63915.476705432673,39.784503452448149,-147.66037231951785
0.12368681503993839,0.018123475184414244,0.21993156001632222,2.6264201411169624e-05,17779.487001484988,-63529.163286210867,37.94724250286346,-138.90324096117658
-0.12368681503993839,0.018123475184414244,0.21993156001632222,2.6264201411169624e-05,17779.487001484988,-63529.163286210867,37.94724250286346,-138.90324096117658
0.12368681503993839,-0.018123475184414244,0.21993156001632222,2.6264201411169624e-05,17779.487001484988,-63529.163286210867,37.94724250286346,-138.90324096117658
-0.12368681503993839,-0.018123475184414244,0.21993156001632222,2.6264201411169624e-05,17779.487001484988,-63529.163286210867,37.94724250286346,-138.90324096117658
0.12373379201385921,0.028108177436969257,0.21992460518504114,2.4701396793510673e-05,12945.671170322628,-63505.837974789843,23.72080150726066,-136.86313092578183
-0.12373379201385921,0.028108177436969257,0.21992460518504114,2.4701396793510673e-05,12945.671170322628,-63505.837974789843,23.72080150726066,-136.86313092578183
0.12373379201385921,-0.028108177436969257,0.21992460518504114,2.4701396793510673e-05,12945.671170322628,-63505.837974789843,23.72080150726066,-136.86313092578183
-0.12373379201385921,-0.028108177436969257,0.21992460518504114,2.4701396793510673e-05,12945.671170322628,-63505.837974789843,23.72080150726066,-136.86313092578183
0.12360923401176441,0.039020390447696111,0.21994304570636414,2.6931766945730973e-05,5961.5045940646705,-62755.617727467034,11.029229288369814,-134.95584986965255
-0.12360923401176441,0.039020390447696111,0.21994304570636414,2.6931766945730973e-05,5961.5045940646705,-62755.617727467034,11.029229288369814,-134.95584986965255
0.12360923401176441,-0.039020390447696111,0.21994304570636414,2.6931766945730973e-05,5961.5045940646705,-62755.617727467034,11.029229288369814,-134.95584986965255
-0.12360923401176441,-0.039020390447696111,0.21994304570636414,2.6931766945730973e-05,5961.5045940646705,-62755.617727467034,11.029229288369814,-134.95584986965255
0.12480860849724892,0.050212611181214638,0.2197654796672778,2.6256728916207782e-05,-5130.0515233149636,-60327.776789819967,-13.660194316474175,-131.48475137654262
-0.12480860849724892,0.050212611181214638,0.2197654796672778,2.6256728916207782e-05,-5130.0515233149636,-60327.776789819967,-13.660194316474175,-131.48475137654262
0.12480860849724892,-0.050212611181214638,0.2197654796672778,2.6256728916207782e-05,-5130.0515233149636,-60327.776789819967,-13.660194316474175,-131.48475137654262
-0.12480860849724892,-0.050212611181214638,0.2197654796672778,2.6256728916207782e-05,-5130.0515233149636,-60327.776789819967,-13.660194316474175,-131.48475137654262
0.12336501239135939,0.056349956635429452,0.21997920214692096,3.5792128203761889e-05,-7331.5560644590196,-58853.259497351777,-16.383936351081847,-124.11595815134517
-0.12336501239135939,0.056349956635429452,0.21997920214692096,3.5792128203761889e-05,-7331.5560644590196,-58853.259497351777,-16.383936351081847,-124.11595815134517
0.12336501239135939,-0.056349956635429452,0.21997920214692096,3.5792128203761889e-05,-7331.5560644590196,-58853.259497351777,-16.383936351081847,-124.11595815134517
-0.12336501239135939,-0.056349956635429452,0.21997920214692096,3.5792128203761889e-05,-7331.5560644590196,-58853.259497351777,-16.383936351081847,-124.11595815134517
0.12356203920521201,0.062885613264361359,0.21995003278725761,3.5885377349877412e-05,-13432.197220501947,-55885.117738775523,-31.346655326474689,-116.20753368073841
-0.12356203920521201,0.062885613264361359,0.21995003278725761,3.5885377349877412e-05,-13432.197220501947,-55885.117738775523,-31.346655326474689,-116.20753368073841
0.12356203920521201,-0.062885613264361359,0.21995003278725761,3.5885377349877412e-05,-13432.197220501947,-55885.117738775523,-31.346655326474689,-116.20753368073841
-0.12356203920521201,-0.062885613264361359,0.21995003278725761,3.5885377349877412e-05,-13432.197220501947,-55885.117738775523,-31.346655326474689,-116.20753368073841
0.12376058962059584,0.069282210631171431,0.21992063786194571,2.8163710426280271e-05,-19520.42709414622,-51706.810176899548,-42.379168183063022,-108.797333715978
-0.12376058962059584,0.069282210631171431,0.21992063786194571,2.8163710426280271e-05,-19520.42709414622,-51706.810176899548,-42.379168183063022,-108.797333715978
0.12376058962059584,-0.069282210631171431,0.21992063786194571,2.8163710426280271e-05,-19520.42709414622,-51706.810176899548,-42.379168183063022,-108.797333715978
-0.12376058962059584,-0.069282210631171431,0.21992063786194571,2.8163710426280271e-05,-19520.42709414622,-51706.810176899548,-42.379168183063022,-108.797333715978
0.12421760503890578,0.092618766662144816,0.21955931794796296,3.2859202132495575e-05,-36426.733054505916,-26210.676038309408,-74.508890306515269,-49.72389224264672
-0.12421760503890578,0.092618766662144816,0.21955931794796296,3.2859202132495575e-05,-36426.733054505916,-26210.676038309408,-74.508890306515269,-49.72389224264672
0.12421760503890578,-0.092618766662144816,0.21955931794796296,3.2859202132495575e-05,-36426.733054505916,-26210.676038309408,-74.508890306515269,-49.72389224264672
-0.12421760503890578,-0.092618766662144816,0.21955931794796296,3.2859202132495575e-05,-36426.733054505916,-26210.676038309408,-74.508890306515269,-49.72389224264672
0.1265893118661047,0.11204900714894923,0.21794233527492821,3.2601517547411836e-05,-32710.743621120506,6431.9917588865928,-51.203183475260474,13.141537768730617
-0.1265893118661047,0.11204900714894923,0.21794233527492821,3.2601517547411836e-05,-32710.743621120506,6431.9917588865928,-51.203183475260474,13.141537768730617
0.1265893118661047,-0.11204900714894923,0.21794233527492821,3.2601517547411836e-05,-32710.743621120506,6431.9917588865928,-51.203183475260474,13.141537768730617
-0.1265893118661047,-0.11204900714894923,0.21794233527492821,3.2601517547411836e-05,-32710.743621120506,6431.9917588865928,-51.203183475260474,13.141537768730617
0.12492852683676382,0.086473537676640455,0.21961361222121173,4.1654233737444186e-05,-33799.492033110742,-33984.117692532527,-69.632631741823843,-65.513871986140444
-0.12492852683676382,0.086473537676640455,0.21961361222121173,4.1654233737444186e-05,-33799.492033110742,-33984.117692532527,-69.632631741823843,-65.513871986140444
0.12492852683676382,-0.086473537676640455,0.21961361222121173,4.1654233737444186e-05,-33799.492033110742,-33984.117692532527,-69.632631741823843,-65.513871986140444
-0.12492852683676382,-0.086473537676640455,0.21961361222121173,4.1654233737444186e-05,-33799.492033110742,-33984.117692532527,-69.632631741823843,-65.513871986140444
0.12692388892173767,0.12999999523162842,0.21612511575222015,2.156603797377086e-05,-3443.543564833355,21302.400937265527,-0.1968280675393726,25.505658040496805
-0.12692388892173767,0.12999999523162842,0.21612511575222015,2.156603797377086e-05,-3443.543564833355,21302.400937265527,-0.1968280675393726,25.505658040496805
0.12692388892173767,-0.12999999523162842,0.21612511575222015,2.156603797377086e-05,-3443.543564833355,21302.400937265527,-0.1968280675393726,25.505658040496805
-0.12692388892173767,-0.12999999523162842,0.21612511575222015,2.156603797377086e-05,-3443.543564833355,21302.400937265527,-0.1968280675393726,25.505658040496805
0.1282592560890487,0.098310335662570303,0.21854559195897694,2.8786603956373576e-05,-38573.76744462939,-13808.64040507418,-74.396616319884188,-27.70926088999288
-0.1282592560890487,0.098310335662570303,0.21854559195897694,2.8786603956373576e-05,-38573.76744462939,-13808.64040507418,-74.396616319884188,-27.70926088999288
0.1282592560890487,-0.098310335662570303,0.21854559195897694,2.8786603956373576e-05,-38573.76744462939,-13808.64040507418,-74.396616319884188,-27.70926088999288
-0.1282592560890487,-0.098310335662570303,0.21854559195897694,2.8786603956373576e-05,-38573.76744462939,-13808.64040507418,-74.396616319884188,-27.70926088999288
0.132265587921432,0.085970057349083584,0.21830649250531453,3.4536705605597506e-05,-38282.197372493727,-26685.797205015715,-79.596013495945243,-53.960028961733386
-0.132265587921432,0.085970057349083584,0.21830649250531453,3.4536705605597506e-05,-38282.197372493727,-26685.797205015715,-79.596013495945243,-53.960028961733386
0.132265587921432,-0.085970057349083584,0.21830649250531453,3.4536705605597506e-05,-38282.197372493727,-26685.797205015715,-79.596013495945243,-53.960028961733386
-0.132265587921432,-0.085970057349083584,0.21830649250531453,3.4536705605597506e-05,-38282.197372493727,-26685.797205015715,-79.596013495945243,-53.960028961733386
0.13160136525814206,0.092837286860153787,0.21814959359079164,4.9387157625263204e-05,-39483.042413921939,-18372.789096730055,-81.382674678252926,-35.331860398506443
-0.13160136525814206,0.092837286860153787,0.21814959359079164,4.9387157625263204e-05,-39483.042413921939,-18372.789096730055,-81.382674678252926,-35.331860398506443
0.13160136525814206,-0.092837286860153787,0.21814959359079164,4.9387157625263204e-05,-39483.042413921939,-18372.789096730055,-81.382674678252926,-35.331860398506443
-0.13160136525814206,-0.092837286860153787,0.21814959359079164,4.9387157625263204e-05,-39483.042413921939,-18372.789096730055,-81.382674678252926,-35.331860398506443
0.13338918306448824,0.10491903361966429,0.21696116345345501,3.2411879172123867e-05,-36319.766485931621,759.56078412080126,-68.530907116951028,3.0654399788428921
-0.13338918306448824,0.10491903361966429,0.21696116345345501,3.2411879172123867e-05,-36319.766485931621,759.56078412080126,-68.530907116951028,3.0654399788428921
0.13338918306448824,-0.10491903361966429,0.21696116345345501,3.2411879172123867e-05,-36319.766485931621,759.56078412080126,-68.530907116951028,3.0654399788428921
-0.13338918306448824,-0.10491903361966429,0.21696116345345501,3.2411879172123867e-05,-36319.766485931621,759.56078412080126,-68.530907116951028,3.0654399788428921
0.1327771414032865,0.080528130737691633,0.21841709389633915,2.9974489096624486e-05,-36683.290768042651,-32421.817684834237,-74.523082469642276,-66.438976432014201
-0.1327771414032865,0.080528130737691633,0.21841709389633915,2.9974489096624486e-05,-36683.290768042651,-32421.817684834237,-74.523082469642276,-66.438976432014201
0.1327771414032865,-0.080528130737691633,0.21841709389633915,2.9974489096624486e-05,-36683.290768042651,-32421.817684834237,-74.523082469642276,-66.438976432014201
-0.1327771414032865,-0.080528130737691633,0.21841709389633915,2.9974489096624486e-05,-36683.290768042651,-32421.817684834237,-74.523082469642276,-66.438976432014201
0.13329889872929729,8.1642588041132784e-05,0.21850849972551753,1.7887958034141879e-05,10714.863705550686,-63716.707430458802,-0.35262941900165196,-33.57447503879461
-0.13329889872929729,8.1642588041132784e-05,0.21850849972551753,1.7887958034141879e-05,10714.863705550686,-63716.707430458802,-0.35262941900165196,-33.57447503879461
0.13329889872929729,-8.1642588041132784e-05,0.21850849972551753,1.7887958034141879e-05,10714.863705550686,-63716.707430458802,-0.35262941900165196,-33.57447503879461
-0.13329889872929729,-8.1642588041132784e-05,0.21850849972551753,1.7887958034141879e-05,10714.863705550686,-63716.707430458802,-0.35262941900165196,-33.57447503879461
0.13258482219558465,0.0090403419729104088,0.21861421812326678,2.8299055362666028e-05,3026.1143017261174,-63720.687542358319,-0.4744094482293813,-137.5103234212952
-0.13258482219558465,0.0090403419729104088,0.21861421812326678,2.8299055362666028e-05,3026.1143017261174,-63720.687542358319,-0.4744094482293813,-137.5103234212952
0.13258482219558465,-0.0090403419729104088,0.21861421812326678,2.8299055362666028e-05,3026.1143017261174,-63720.687542358319,-0.4744094482293813,-137.5103234212952
-0.13258482219558465,-0.0090403419729104088,0.21861421812326678,2.8299055362666028e-05,3026.1143017261174,-63720.687542358319,-0.4744094482293813,-137.5103234212952
0.13362631397840219,0.020422116446655918,0.21846002661261932,2.591707150338608e-05,-2772.5813294829741,-62350.066150597027,-9.7289554960460727,-132.23191524980476
-0.13362631397840219,0.020422116446655918,0.21846002661261932,2.591707150338608e-05,-2772.5813294829741,-62350.066150597027,-9.7289554960460727,-132.23191524980476
0.13362631397840219,-0.020422116446655918,0.21846002661261932,2.591707150338608e-05,-2772.5813294829741,-62350.066150597027,-9.7289554960460727,-132.23191524980476
-0.13362631397840219,-0.020422116446655918,0.21846002661261932,2.591707150338608e-05,-2772.5813294829741,-62350.066150597027,-9.7289554960460727,-132.23191524980476
0.13377284138627266,0.031811135269938014,0.21843833357207759,3.2214834979205651e-05,-8719.7625522880571,-60455.794387258633,-23.503635107891235,-126.37796274354388
-0.13377284138627266,0.031811135269938014,0.21843833357207759,3.2214834979205651e-05,-8719.7625522880571,-60455.794387258633,-23.503635107891235,-126.37796274354388
0.13377284138627266,-0.031811135269938014,0.21843833357207759,3.2214834979205651e-05,-8719.7625522880571,-60455.794387258633,-23.503635107891235,-126.37796274354388
-0.13377284138627266,-0.031811135269938014,0.21843833357207759,3.2214834979205651e-05,-8719.7625522880571,-60455.794387258633,-23.503635107891235,-126.37796274354388
0.1337496087150383,0.0427553627788635,0.21844177311479732,3.8129219467103481e-05,-15527.873728052882,-57213.141541216835,-35.687396012171931,-119.18131037029612
-0.1337496087150383,0.0427553627788635,0.21844177311479732,3.8129219467103481e-05,-15527.873728052882,-57213.141541216835,-35.687396012171931,-119.18131037029612
0.1337496087150383,-0.0427553627788635,0.21844177311479732,3.8129219467103481e-05,-15527.873728052882,-57213.141541216835,-35.687396012171931,-119.18131037029612
-0.1337496087150383,-0.0427553627788635,0.21844177311479732,3.8129219467103481e-05,-15527.873728052882,-57213.141541216835,-35.687396012171931,-119.18131037029612
0.13351833721419853,0.049801744193322263,0.21847601232039562,3.1663819425196654e-05,-19902.786032466254,-54911.003299831849,-47.385069658482536,-115.6802858587983
-0.13351833721419853,0.049801744193322263,0.21847601232039562,3.1663819425196654e-05,-19902.786032466254,-54911.003299831849,-47.385069658482536,-115.6802858587983
0.13351833721419853,-0.049801744193322263,0.21847601232039562,3.1663819425196654e-05,-19902.786032466254,-54911.003299831849,-47.385069658482536,-115.6802858587983
-0.13351833721419853,-0.049801744193322263,0.21847601232039562,3.1663819425196654e-05,-19902.786032466254,-54911.003299831849,-47.385069658482536,-115.6802858587983
0.13355176422702056,0.060499560601965825,0.2184681547531955,3.3293791111526977e-05,-26653.016661725462,-48969.731482856696,-57.746302095372123,-98.751005365162015
-0.13355176422702056,0.060499560601965825,0.2184681547531955,3.3293791111526977e-05,-26653.016661725462,-48969.731482856696,-57.746302095372123,-98.751005365162015
0.13355176422702056,-0.060499560601965825,0.2184681547531955,3.3293791111526977e-05,-26653.016661725462,-48969.731482856696,-57.746302095372123,-98.751005365162015
-0.13355176422702056,-0.060499560601965825,0.2184681547531955,3.3293791111526977e-05,-26653.016661725462,-48969.731482856696,-57.746302095372123,-98.751005365162015
0.13338032013601855,0.068456725694832507,0.21846911284468817,3.7308740620918993e-05,-31334.141292209632,-43173.768858996387,-65.682404044454756,-88.885489044590614
-0.13338032013601855,0.068456725694832507,0.21846911284468817,3.7308740620918993e-05,-31334.141292209632,-43173.768858996387,-65.682404044454756,-88.885489044590614
0.13338032013601855,-0.068456725694832507,0.21846911284468817,3.7308740620918993e-05,-31334.141292209632,-43173.768858996387,-65.682404044454756,-88.885489044590614
-0.13338032013601855,-0.068456725694832507,0.21846911284468817,3.7308740620918993e-05,-31334.141292209632,-43173.768858996387,-65.682404044454756,-88.885489044590614
0.13340727679363329,0.074284035291786274,0.2184136571905349,3.0962123142760325e-05,-34436.519341600891,-38031.609140823566,-70.764723777467083,-77.937659813145061
-0.13340727679363329,0.074284035291786274,0.2184136571905349,3.0962123142760325e-05,-34436.519341600891,-38031.609140823566,-70.764723777467083,-77.937659813145061
0.13340727679363329,-0.074284035291786274,0.2184136571905349,3.0962123142760325e-05,-34436.519341600891,-38031.609140823566,-70.764723777467083,-77.937659813145061
-0.13340727679363329,-0.074284035291786274,0.2184136571905349,3.0962123142760325e-05,-34436.519341600891,-38031.609140823566,-70.764723777467083,-77.937659813145061
0.13526259362697601,0.12380952388048172,0.21458263695240021,4.2340348722048746e-05,-11522.006676978435,21839.260535551726,-10.20402446474943,30.699319633616621
-0.13526259362697601,0.12380952388048172,0.21458263695240021,4.2340348722048746e-05,-11522.006676978435,21839.260535551726,-10.20402446474943,30.699319633616621
0.13526259362697601,-0.12380952388048172,0.21458263695240021,4.2340348722048746e-05,-11522.006676978435,21839.260535551726,-10.20402446474943,30.699319633616621
-0.13526259362697601,-0.12380952388048172,0.21458263695240021,4.2340348722048746e-05,-11522.006676978435,21839.260535551726,-10.20402446474943,30.699319633616621
0.13840045258015948,0.099611254440054364,0.21622968523739433,2.8915615049765502e-05,-38286.613970103441,-1672.4452351624327,-76.155261339848749,-2.2673611531909503
-0.13840045258015948,0.099611254440054364,0.21622968523739433,2.8915615049765502e-05,-38286.613970103441,-1672.4452351624327,-76.155261339848749,-2.2673611531909503
0.13840045258015948,-0.099611254440054364,0.21622968523739433,2.8915615049765502e-05,-38286.613970103441,-1672.4452351624327,-76.155261339848749,-2.2673611531909503
-0.13840045258015948,-0.099611254440054364,0.21622968523739433,2.8915615049765502e-05,-38286.613970103441,-1672.4452351624327,-76.155261339848749,-2.2673611531909503
0.13664861920367402,0.11000367221097516,0.21571183961551046,3.0749383570655957e-05,-31272.100770859015,10440.773394639489,-54.006013693430951,20.999578554156667
-0.13664861920367402,0.11000367221097516,0.21571183961551046,3.0749383570655957e-05,-31272.100770859015,10440.773394639489,-54.006013693430951,20.999578554156667
0.13664861920367402,-0.11000367221097516,0.21571183961551046,3.0749383570655957e-05,-31272.100770859015,10440.773394639489,-54.006013693430951,20.999578554156667
-0.13664861920367402,-0.11000367221097516,0.21571183961551046,3.0749383570655957e-05,-31272.100770859015,10440.773394639489,-54.006013693430951,20.999578554156667
0.13936849653764877,0.09304078984761506,0.21651846213508835,4.3229592504625437e-05,-40697.232935850123,-9326.0508328016222,-81.257766667842532,-14.912201325326276
-0.13936849653764877,0.09304078984761506,0.21651846213508835,4.3229592504625437e-05,-40697.232935850123,-9326.0508328016222,-81.257766667842532,-14.912201325326276
0.13936849653764877,-0.09304078984761506,0.21651846213508835,4.3229592504625437e-05,-40697.232935850123,-9326.0508328016222,-81.257766667842532,-14.912201325326276
-0.13936849653764877,-0.09304078984761506,0.21651846213508835,4.3229592504625437e-05,-40697.232935850123,-9326.0508328016222,-81.257766667842532,-14.912201325326276
0.13941153355197794,0.12994000696810507,0.2125772032309293,2.0144058850862638e-05,1872.2711156993523,20352.462309795919,6.1991138372516694,26.892083390102197
-0.13941153355197794,0.12994000696810507,0.2125772032309293,2.0144058850862638e-05,1872.2711156993523,20352.462309795919,6.1991138372516694,26.892083390102197
0.13941153355197794,-0.12994000696810507,0.2125772032309293,2.0144058850862638e-05,1872.2711156993523,20352.462309795919,6.1991138372516694,26.892083390102197
-0.13941153355197794,-0.12994000696810507,0.2125772032309293,2.0144058850862638e-05,1872.2711156993523,20352.462309795919,6.1991138372516694,26.892083390102197
0.14030293911773545,0.10507193429599512,0.21529567569598507,3.4584693449418282e-05,-34211.470372607175,7124.2152615738451,-66.271728386184691,13.392310643981343
-0.14030293911773545,0.10507193429599512,0.21529567569598507,3.4584693449418282e-05,-34211.470372607175,7124.2152615738451,-66.271728386184691,13.392310643981343
0.14030293911773545,-0.10507193429599512,0.21529567569598507,3.4584693449418282e-05,-34211.470372607175,7124.2152615738451,-66.271728386184691,13.392310643981343
-0.14030293911773545,-0.10507193429599512,0.21529567569598507,3.4584693449418282e-05,-34211.470372607175,7124.2152615738451,-66.271728386184691,13.392310643981343
0.14321886346500001,0.11728478004345134,0.21319217731671861,4.2832913203676252e-05,-17977.979400644806,21083.905639941146,-27.284454665111046,35.183631909780765
-0.14321886346500001,0.11728478004345134,0.21319217731671861,4.2832913203676252e-05,-17977.979400644806,21083.905639941146,-27.284454665111046,35.183631909780765
0.14321886346500001,-0.11728478004345134,0.21319217731671861,4.2832913203676252e-05,-17977.979400644806,21083.905639941146,-27.284454665111046,35.183631909780765
-0.14321886346500001,-0.11728478004345134,0.21319217731671861,4.2832913203676252e-05,-17977.979400644806,21083.905639941146,-27.284454665111046,35.183631909780765
0.14230329353014581,0.087644988625684483,0.21623973534477739,2.7992404975008164e-05,-41562.211533766254,-12297.625968347929,-82.114104010226882,-25.369414019491892
-0.14230329353014581,0.087644988625684483,0.21623973534477739,2.7992404975008164e-05,-41562.211533766254,-12297.625968347929,-82.114104010226882,-25.369414019491892
0.14230329353014581,-0.087644988625684483,0.21623973534477739,2.7992404975008164e-05,-41562.211533766254,-12297.625968347929,-82.114104010226882,-25.369414019491892
-0.14230329353014581,-0.087644988625684483,0.21623973534477739,2.7992404975008164e-05,-41562.211533766254,-12297.625968347929,-82.114104010226882,-25.369414019491892
0.14227943601765494,0.0031485796271749781,0.21717895210281826,1.7312540988286594e-05,-15018.257062949377,-57943.529122153413,-43.14569055771652,-133.87001420339718
-0.14227943601765494,0.0031485796271749781,0.21717895210281826,1.7312540988286594e-05,-15018.257062949377,-57943.529122153413,-43.14569055771652,-133.87001420339718
0.14227943601765494,-0.0031485796271749781,0.21717895210281826,1.7312540988286594e-05,-15018.257062949377,-57943.529122153413,-43.14569055771652,-133.87001420339718
-0.14227943601765494,-0.0031485796271749781,0.21717895210281826,1.7312540988286594e-05,-15018.257062949377,-57943.529122153413,-43.14569055771652,-133.87001420339718
0.14330914004746634,0.013012238093008895,0.21702650682592894,2.652837962118091e-05,-19020.788552897164,-55690.896268041492,-44.330712780482891,-118.19288390527147
-0.14330914004746634,0.013012238093008895,0.21702650682592894,2.652837962118091e-05,-19020.788552897164,-55690.896268041492,-44.330712780482891,-118.19288390527147
0.14330914004746634,-0.013012238093008895,0.21702650682592894,2.652837962118091e-05,-19020.788552897164,-55690.896268041492,-44.330712780482891,-118.19288390527147
-0.14330914004746634,-0.013012238093008895,0.21702650682592894,2.652837962118091e-05,-19020.788552897164,-55690.896268041492,-44.330712780482891,-118.19288390527147
0.14306377452982921,0.023139354035717666,0.21706283261779957,2.6665149056872134e-05,-22002.470160685971,-54085.86146322258,-52.61939043350484,-111.05112430661731
-0.14306377452982921,0.023139354035717666,0.21706283261779957,2.6665149056872134e-05,-22002.470160685971,-54085.86146322258,-52.61939043350484,-111.05112430661731
0.14306377452982921,-0.023139354035717666,0.21706283261779957,2.6665149056872134e-05,-22002.470160685971,-54085.86146322258,-52.61939043350484,-111.05112430661731
-0.14306377452982921,-0.023139354035717666,0.21706283261779957,2.6665149056872134e-05,-22002.470160685971,-54085.86146322258,-52.61939043350484,-111.05112430661731
0.14273316351189003,0.033815183655294616,0.21711177880691146,2.5573564235355131e-05,-26210.398990146779,-51044.509616294286,-58.954920258015242,-104.1711542409269
-0.14273316351189003,0.033815183655294616,0.21711177880691146,2.5573564235355131e-05,-26210.398990146779,-51044.509616294286,-58.954920258015242,-104.1711542409269
0.14273316351189003,-0.033815183655294616,0.21711177880691146,2.5573564235355131e-05,-26210.398990146779,-51044.509616294286,-58.954920258015242,-104.1711542409269
-0.14273316351189003,-0.033815183655294616,0.21711177880691146,2.5573564235355131e-05,-26210.398990146779,-51044.509616294286,-58.954920258015242,-104.1711542409269
0.1434742082336643,0.04399119974184254,0.21700206886645512,1.7936958246718898e-05,-32070.332285595086,-45597.762898621993,-63.943505459061143,-93.949254686450047
-0.1434742082336643,0.04399119974184254,0.21700206886645512,1.7936958246718898e-05,-32070.332285595086,-45597.762898621993,-63.943505459061143,-93.949254686450047
0.1434742082336643,-0.04399119974184254,0.21700206886645512,1.7936958246718898e-05,-32070.332285595086,-45597.762898621993,-63.943505459061143,-93.949254686450047
-0.1434742082336643,-0.04399119974184254,0.21700206886645512,1.7936958246718898e-05,-32070.332285595086,-45597.762898621993,-63.943505459061143,-93.949254686450047
0.14265547933211475,0.054919536299408968,0.21711724470137414,2.7260937428769589e-05,-35877.897823168241,-40702.970661152052,-70.44216587733348,-84.89126273064916
-0.14265547933211475,0.054919536299408968,0.21711724470137414,2.7260937428769589e-05,-35877.897823168241,-40702.970661152052,-70.44216587733348,-84.89126273064916
0.14265547933211475,-0.054919536299408968,0.21711724470137414,2.7260937428769589e-05,-35877.897823168241,-40702.970661152052,-70.44216587733348,-84.89126273064916
-0.14265547933211475,-0.054919536299408968,0.21711724470137414,2.7260937428769589e-05,-35877.897823168241,-40702.970661152052,-70.44216587733348,-84.89126273064916
0.14227232136309209,0.061538952348138512,0.21713322184073949,3.1034697978224901e-05,-38353.995601617382,-36803.352568173636,-79.405043348479069,-74.403233313925853
-0.14227232136309209,0.061538952348138512,0.21713322184073949,3.1034697978224901e-05,-38353.995601617382,-36803.352568173636,-79.405043348479069,-74.403233313925853
0.14227232136309209,-0.061538952348138512,0.21713322184073949,3.1034697978224901e-05,-38353.995601617382,-36803.352568173636,-79.405043348479069,-74.403233313925853
-0.14227232136309209,-0.061538952348138512,0.21713322184073949,3.1034697978224901e-05,-38353.995601617382,-36803.352568173636,-79.405043348479069,-74.403233313925853
0.14218992666103386,0.076735175244408912,0.21679497587079841,3.6615808064330531e-05,-41590.902365198031,-23954.254627786584,-84.672251687579646,-51.049201289101646
-0.14218992666103386,0.076735175244408912,0.21679497587079841,3.6615808064330531e-05,-41590.902365198031,-23954.254627786584,-84.672251687579646,-51.049201289101646
0.14218992666103386,-0.076735175244408912,0.21679497587079841,3.6615808064330531e-05,-41590.902365198031,-23954.254627786584,-84.672251687579646,-51.049201289101646
-0.14218992666103386,-0.076735175244408912,0.21679497587079841,3.6615808064330531e-05,-41590.902365198031,-23954.254627786584,-84.672251687579646,-51.049201289101646
0.14380143418898336,0.082417579457467277,0.21623447984835867,2.8732529661055289e-05,-42704.711433265613,-15919.231060558159,-89.572742275669953,-30.613584034435501
-0.14380143418898336,0.082417579457467277,0.21623447984835867,2.8732529661055289e-05,-42704.711433265613,-15919.231060558159,-89.572742275669953,-30.613584034435501
0.14380143418898336,-0.082417579457467277,0.21623447984835867,2.8732529661055289e-05,-42704.711433265613,-15919.231060558159,-89.572742275669953,-30.613584034435501
-0.14380143418898336,-0.082417579457467277,0.21623447984835867,2.8732529661055289e-05,-42704.711433265613,-15919.231060558159,-89.572742275669953,-30.613584034435501
0.14404397151394646,0.098402199901643658,0.21504817697002271,3.798742462660043e-05,-37542.10422121048,2793.4633964538093,-75.185169410641834,4.9922416990242011
-0.14404397151394646,0.098402199901643658,0.21504817697002271,3.798742462660043e-05,-37542.10422121048,2793.4633964538093,-75.185169410641834,4.9922416990242011
0.14404397151394646,-0.098402199901643658,0.21504817697002271,3.798742462660043e-05,-37542.10422121048,2793.4633964538093,-75.185169410641834,4.9922416990242011
-0.14404397151394646,-0.098402199901643658,0.21504817697002271,3.798742462660043e-05,-37542.10422121048,2793.4633964538093,-75.185169410641834,4.9922416990242011
0.14727589508241876,0.1236101489186688,0.21115357133722687,3.9150087159368186e-05,-4991.7594010820067,23264.84183393931,-2.2137395847175565,33.269921729261505
-0.14727589508241876,0.1236101489186688,0.21115357133722687,3.9150087159368186e-05,-4991.7594010820067,23264.84183393931,-2.2137395847175565,33.269921729261505
0.14727589508241876,-0.1236101489186688,0.21115357133722687,3.9150087159368186e-05,-4991.7594010820067,23264.84183393931,-2.2137395847175565,33.269921729261505
-0.14727589508241876,-0.1236101489186688,0.21115357133722687,3.9150087159368186e-05,-4991.7594010820067,23264.84183393931,-2.2137395847175565,33.269921729261505
0.14710960540380619,0.11079074584518057,0.21293865329699005,3.855310356587973e-05,-24644.883575905256,18396.578388582817,-42.489547999492089,33.675352726677815
-0.14710960540380619,0.11079074584518057,0.21293865329699005,3.855310356587973e-05,-24644.883575905256,18396.578388582817,-42.489547999492089,33.675352726677815
0.14710960540380619,-0.11079074584518057,0.21293865329699005,3.855310356587973e-05,-24644.883575905256,18396.578388582817,-42.489547999492089,33.675352726677815
-0.14710960540380619,-0.11079074584518057,0.21293865329699005,3.855310356587973e-05,-24644.883575905256,18396.578388582817,-42.489547999492089,33.675352726677815
0.15021537716563438,0.099123408568354679,0.21341479984267478,3.884894492331229e-05,-34634.757726880343,10185.668208482439,-71.409856061235089,19.953767900810028
-0.15021537716563438,0.099123408568354679,0.21341479984267478,3.884894492331229e-05,-34634.757726880343,10185.668208482439,-71.409856061235089,19.953767900810028
0.15021537716563438,-0.099123408568354679,0.21341479984267478,3.884894492331229e-05,-34634.757726880343,10185.668208482439,-71.409856061235089,19.953767900810028
-0.15021537716563438,-0.099123408568354679,0.21341479984267478,3.884894492331229e-05,-34634.757726880343,10185.668208482439,-71.409856061235089,19.953767900810028
0.15061825040527888,0.10535450269581091,0.21265283445406843,3.4208752348117408e-05,-28670.240233659009,16265.154592913354,-53.212584147675777,30.171759089133161
-0.15061825040527888,0.10535450269581091,0.21265283445406843,3.4208752348117408e-05,-28670.240233659009,16265.154592913354,-53.212584147675777,30.171759089133161
0.15061825040527888,-0.10535450269581091,0.21265283445406843,3.4208752348117408e-05,-28670.240233659009,16265.154592913354,-53.212584147675777,30.171759089133161
-0.15061825040527888,-0.10535450269581091,0.21265283445406843,3.4208752348117408e-05,-28670.240233659009,16265.154592913354,-53.212584147675777,30.171759089133161
0.15184104442596436,0.12999999523162842,0.2086813896894455,2.2747675732061121e-05,7560.5987986417485,18495.114980745355,14.484076779775023,25.050761573369797
-0.15184104442596436,0.12999999523162842,0.2086813896894455,2.2747675732061121e-05,7560.5987986417485,18495.114980745355,14.484076779775023,25.050761573369797
0.15184104442596436,-0.12999999523162842,0.2086813896894455,2.2747675732061121e-05,7560.5987986417485,18495.114980745355,14.484076779775023,25.050761573369797
-0.15184104442596436,-0.12999999523162842,0.2086813896894455,2.2747675732061121e-05,7560.5987986417485,18495.114980745355,14.484076779775023,25.050761573369797
0.15221828993050165,0.093218405339055066,0.2135267587759232,3.5769545407825839e-05,-38061.837184488511,6673.0735772310445,-76.497038319572113,16.293148186563929
-0.15221828993050165,0.093218405339055066,0.2135267587759232,3.5769545407825839e-05,-38061.837184488511,6673.0735772310445,-76.497038319572113,16.293148186563929
0.15221828993050165,-0.093218405339055066,0.2135267587759232,3.5769545407825839e-05,-38061.837184488511,6673.0735772310445,-76.497038319572113,16.293148186563929
-0.15221828993050165,-0.093218405339055066,0.2135267587759232,3.5769545407825839e-05,-38061.837184488511,6673.0735772310445,-76.497038319572113,16.293148186563929
0.15238095819950104,0,0.21568344533443451,1.9813366975877568e-05,-31190.302479215999,-45263.321302152886,-59.117962081497708,-73.080829295611821
-0.15238095819950104,0,0.21568344533443451,1.9813366975877568e-05,-31190.302479215999,-45263.321302152886,-59.117962081497708,-73.080829295611821
0.15238095819950104,-0,0.21568344533443451,1.9813366975877568e-05,-31190.302479215999,-45263.321302152886,-59.117962081497708,-73.080829295611821
-0.15238095819950104,-0,0.21568344533443451,1.9813366975877568e-05,-31190.302479215999,-45263.321302152886,-59.117962081497708,-73.080829295611821
0.15259150628108656,0.0084317682648573488,0.21565227418266025,2.3184811337069709e-05,-33597.834849774139,-43140.027606839481,-72.027515566171516,-87.331366020780962
-0.15259150628108656,0.0084317682648573488,0.21565227418266025,2.3184811337069709e-05,-33597.834849774139,-43140.027606839481,-72.027515566171516,-87.331366020780962
0.15259150628108656,-0.0084317682648573488,0.21565227418266025,2.3184811337069709e-05,-33597.834849774139,-43140.027606839481,-72.027515566171516,-87.331366020780962
-0.15259150628108656,-0.0084317682648573488,0.21565227418266025,2.3184811337069709e-05,-33597.834849774139,-43140.027606839481,-72.027515566171516,-87.331366020780962
0.15160230682431422,0.019142638786913312,0.21579872285210366,2.3418287212832014e-05,-34350.73864383225,-42551.148453246737,-71.459397535323802,-85.866902432750024
-0.15160230682431422,0.019142638786913312,0.21579872285210366,2.3418287212832014e-05,-34350.73864383225,-42551.148453246737,-71.459397535323802,-85.866902432750024
0.15160230682431422,-0.019142638786913312,0.21579872285210366,2.3418287212832014e-05,-34350.73864383225,-42551.148453246737,-71.459397535323802,-85.866902432750024
-0.15160230682431422,-0.019142638786913312,0.21579872285210366,2.3418287212832014e-05,-34350.73864383225,-42551.148453246737,-71.459397535323802,-85.866902432750024
0.1525998026246416,0.029347430337555321,0.21565104592837184,2.5235699753841441e-05,-39083.040916808182,-37542.113751274599,-82.618714842758266,-75.612706338009502
-0.1525998026246416,0.029347430337555321,0.21565104592837184,2.5235699753841441e-05,-39083.040916808182,-37542.113751274599,-82.618714842758266,-75.612706338009502
0.1525998026246416,-0.029347430337555321,0.21565104592837184,2.5235699753841441e-05,-39083.040916808182,-37542.113751274599,-82.618714842758266,-75.612706338009502
-0.1525998026246416,-0.029347430337555321,0.21565104592837184,2.5235699753841441e-05,-39083.040916808182,-37542.113751274599,-82.618714842758266,-75.612706338009502
0.15223447677534352,0.039473461035697058,0.21570513156719492,2.3676734974938947e-05,-41670.219878273485,-33474.690948642346,-81.673919446382541,-68.46269735574424
-0.15223447677534352,0.039473461035697058,0.21570513156719492,2.3676734974938947e-05,-41670.219878273485,-33474.690948642346,-81.673919446382541,-68.46269735574424
0.15223447677534352,-0.039473461035697058,0.21570513156719492,2.3676734974938947e-05,-41670.219878273485,-33474.690948642346,-81.673919446382541,-68.46269735574424
-0.15223447677534352,-0.039473461035697058,0.21570513156719492,2.3676734974938947e-05,-41670.219878273485,-33474.690948642346,-81.673919446382541,-68.46269735574424
0.15288243869477139,0.050425203279947449,0.21556715550188887,3.1532497245061636e-05,-45570.597552771731,-26484.573265279229,-91.034304341604127,-49.712920176549098
-0.15288243869477139,0.050425203279947449,0.21556715550188887,3.1532497245061636e-05,-45570.597552771731,-26484.573265279229,-91.034304341604127,-49.712920176549098
0.15288243869477139,-0.050425203279947449,0.21556715550188887,3.1532497245061636e-05,-45570.597552771731,-26484.573265279229,-91.034304341604127,-49.712920176549098
-0.15288243869477139,-0.050425203279947449,0.21556715550188887,3.1532497245061636e-05,-45570.597552771731,-26484.573265279229,-91.034304341604127,-49.712920176549098
0.15223241986304648,0.060682233664760214,0.2155329484184213,3.2041306700835207e-05,-46656.155335904878,-20814.489714560747,-94.028589774104773,-39.175602656856093
-0.15223241986304648,0.060682233664760214,0.2155329484184213,3.2041306700835207e-05,-46656.155335904878,-20814.489714560747,-94.028589774104773,-39.175602656856093
0.15223241986304648,-0.060682233664760214,0.2155329484184213,3.2041306700835207e-05,-46656.155335904878,-20814.489714560747,-94.028589774104773,-39.175602656856093
-0.15223241986304648,-0.060682233664760214,0.2155329484184213,3.2041306700835207e-05,-46656.155335904878,-20814.489714560747,-94.028589774104773,-39.175602656856093
0.15229109207703403,0.068300782397313839,0.21524004708742828,3.9014556257451182e-05,-46271.442138785002,-15209.33348982883,-92.088482295994226,-30.632250440682146
-0.15229109207703403,0.068300782397313839,0.21524004708742828,3.9014556257451182e-05,-46271.442138785002,-15209.33348982883,-92.088482295994226,-30.632250440682146
0.15229109207703403,-0.068300782397313839,0.21524004708742828,3.9014556257451182e-05,-46271.442138785002,-15209.33348982883,-92.088482295994226,-30.632250440682146
-0.15229109207703403,-0.068300782397313839,0.21524004708742828,3.9014556257451182e-05,-46271.442138785002,-15209.33348982883,-92.088482295994226,-30.632250440682146
0.15238342041461225,0.075827468807780907,0.21485497451743241,2.955712978092384e-05,-44956.77880774346,-8890.6641016026479,-91.235955740289157,-21.367261276554601
-0.15238342041461225,0.075827468807780907,0.21485497451743241,2.955712978092384e-05,-44956.77880774346,-8890.6641016026479,-91.235955740289157,-21.367261276554601
0.15238342041461225,-0.075827468807780907,0.21485497451743241,2.955712978092384e-05,-44956.77880774346,-8890.6641016026479,-91.235955740289157,-21.367261276554601
-0.15238342041461225,-0.075827468807780907,0.21485497451743241,2.955712978092384e-05,-44956.77880774346,-8890.6641016026479,-91.235955740289157,-21.367261276554601
0.15297985562194152,0.082359498060264019,0.21427609382637314,2.6476840363614402e-05,-43005.092766989408,-2461.1358966638863,-87.59067412932724,-8.1707187036709321
-0.15297985562194152,0.082359498060264019,0.21427609382637314,2.6476840363614402e-05,-43005.092766989408,-2461.1358966638863,-87.59067412932724,-8.1707187036709321
0.15297985562194152,-0.082359498060264019,0.21427609382637314,2.6476840363614402e-05,-43005.092766989408,-2461.1358966638863,-87.59067412932724,-8.1707187036709321
-0.15297985562194152,-0.082359498060264019,0.21427609382637314,2.6476840363614402e-05,-43005.092766989408,-2461.1358966638863,-87.59067412932724,-8.1707187036709321
0.15140335652366815,0.08824529259167474,0.21417026163117875,3.115326361518144e-05,-40708.212743851393,556.32186769884981,-82.47550414118831,-2.644812321876683
-0.15140335652366815,0.08824529259167474,0.21417026163117875,3.115326361518144e-05,-40708.212743851393,556.32186769884981,-82.47550414118831,-2.644812321876683
0.15140335652366815,-0.08824529259167474,0.21417026163117875,3.115326361518144e-05,-40708.212743851393,556.32186769884981,-82.47550414118831,-2.644812321876683
-0.15140335652366815,-0.08824529259167474,0.21417026163117875,3.115326361518144e-05,-40708.212743851393,556.32186769884981,-82.47550414118831,-2.644812321876683
0.15048606090038386,0.11785707859646927,0.21102808780129936,4.0638709315454862e-05,-12258.275413536438,23647.951962501993,-20.544847930410459,38.719345931507291
-0.15048606090038386,0.11785707859646927,0.21102808780129936,4.0638709315454862e-05,-12258.275413536438,23647.951962501993,-20.544847930410459,38.719345931507291
0.15048606090038386,-0.11785707859646927,0.21102808780129936,4.0638709315454862e-05,-12258.275413536438,23647.951962501993,-20.544847930410459,38.719345931507291
-0.15048606090038386,-0.11785707859646927,0.21102808780129936,4.0638709315454862e-05,-12258.275413536438,23647.951962501993,-20.544847930410459,38.719345931507291
0.15353595332921757,0.1117909964142101,0.21099293343036638,3.4905624322619826e-05,-18954.47967456816,22701.654334723611,-32.364519346926571,40.61098161846698
-0.15353595332921757,0.1117909964142101,0.21099293343036638,3.4905624322619826e-05,-18954.47967456816,22701.654334723611,-32.364519346926571,40.61098161846698
0.15353595332921757,-0.1117909964142101,0.21099293343036638,3.4905624322619826e-05,-18954.47967456816,22701.654334723611,-32.364519346926571,40.61098161846698
-0.15353595332921757,-0.1117909964142101,0.21099293343036638,3.4905624322619826e-05,-18954.47967456816,22701.654334723611,-32.364519346926571,40.61098161846698
0.15610010501356372,0.10700058072527258,0.21090586194541611,2.6965479394938463e-05,-22842.591736346054,21217.33268624144,-46.068217751472183,36.282025276403104
-0.15610010501356372,0.10700058072527258,0.21090586194541611,2.6965479394938463e-05,-22842.591736346054,21217.33268624144,-46.068217751472183,36.282025276403104
0.15610010501356372,-0.10700058072527258,0.21090586194541611,2.6965479394938463e-05,-22842.591736346054,21217.33268624144,-46.068217751472183,36.282025276403104
-0.15610010501356372,-0.10700058072527258,0.21090586194541611,2.6965479394938463e-05,-22842.591736346054,21217.33268624144,-46.068217751472183,36.282025276403104
0.15635757794810234,0.12481262329879252,0.20810388028300569,2.5621691699640999e-05,2377.1232496567195,22551.557970810511,8.0919958084806769,31.107683311923203
-0.15635757794810234,0.12481262329879252,0.20810388028300569,2.5621691699640999e-05,2377.1232496567195,22551.557970810511,8.0919958084806769,31.107683311923203
0.15635757794810234,-0.12481262329879252,0.20810388028300569,2.5621691699640999e-05,2377.1232496567195,22551.557970810511,8.0919958084806769,31.107683311923203
-0.15635757794810234,-0.12481262329879252,0.20810388028300569,2.5621691699640999e-05,2377.1232496567195,22551.557970810511,8.0919958084806769,31.107683311923203
0.16132481901176068,0.10469594531505524,0.20972917908409242,3.4791985075297116e-05,-21184.790563637187,23236.602555593734,-43.887364392528632,40.362982649272297
-0.16132481901176068,0.10469594531505524,0.20972917908409242,3.4791985075297116e-05,-21184.790563637187,23236.602555593734,-43.887364392528632,40.362982649272297
0.16132481901176068,-0.10469594531505524,0.20972917908409242,3.4791985075297116e-05,-21184.790563637187,23236.602555593734,-43.887364392528632,40.362982649272297
-0.16132481901176068,-0.10469594531505524,0.20972917908409242,3.4791985075297116e-05,-21184.790563637187,23236.602555593734,-43.887364392528632,40.362982649272297
0.16174520851060326,0.11793751339876343,0.20752548467212775,3.1209812750372543e-05,-4139.7665505811556,25328.411858809148,-7.4607147479564269,40.886303815114601
-0.16174520851060326,0.11793751339876343,0.20752548467212775,3.1209812750372543e-05,-4139.7665505811556,25328.411858809148,-7.4607147479564269,40.886303815114601
0.16174520851060326,-0.11793751339876343,0.20752548467212775,3.1209812750372543e-05,-4139.7665505811556,25328.411858809148,-7.4607147479564269,40.886303815114601
-0.16174520851060326,-0.11793751339876343,0.20752548467212775,3.1209812750372543e-05,-4139.7665505811556,25328.411858809148,-7.4607147479564269,40.886303815114601
0.16255061359598119,0.097368866840570431,0.21036038569348942,3.2788182907384698e-05,-27488.342625240795,20495.250516341504,-57.727845253485171,35.138809067201301
-0.16255061359598119,0.097368866840570431,0.21036038569348942,3.2788182907384698e-05,-27488.342625240795,20495.250516341504,-57.727845253485171,35.138809067201301
0.16255061359598119,-0.097368866840570431,0.21036038569348942,3.2788182907384698e-05,-27488.342625240795,20495.250516341504,-57.727845253485171,35.138809067201301
-0.16255061359598119,-0.097368866840570431,0.21036038569348942,3.2788182907384698e-05,-27488.342625240795,20495.250516341504,-57.727845253485171,35.138809067201301
0.16258121658367583,0.011715499983654429,0.21417331984349239,3.2029341562511755e-05,-44947.392917319281,-22585.874414931688,-91.451160076820003,-47.427459209665543
-0.16258121658367583,0.011715499983654429,0.21417331984349239,3.2029341562511755e-05,-44947.392917319281,-22585.874414931688,-91.451160076820003,-47.427459209665543
0.16258121658367583,-0.011715499983654429,0.21417331984349239,3.2029341562511755e-05,-44947.392917319281,-22585.874414931688,-91.451160076820003,-47.427459209665543
-0.16258121658367583,-0.011715499983654429,0.21417331984349239,3.2029341562511755e-05,-44947.392917319281,-22585.874414931688,-91.451160076820003,-47.427459209665543
0.16236240811491354,0.021559059262532758,0.21420571426864979,2.4739620664448799e-05,-46141.642688063759,-20539.86927844911,-88.813448323685577,-44.043331031953151
-0.16236240811491354,0.021559059262532758,0.21420571426864979,2.4739620664448799e-05,-46141.642688063759,-20539.86927844911,-88.813448323685577,-44.043331031953151
0.16236240811491354,-0.021559059262532758,0.21420571426864979,2.4739620664448799e-05,-46141.642688063759,-20539.86927844911,-88.813448323685577,-44.043331031953151
-0.16236240811491354,-0.021559059262532758,0.21420571426864979,2.4739620664448799e-05,-46141.642688063759,-20539.86927844911,-88.813448323685577,-44.043331031953151
0.16168630396243133,0.032004108598297769,0.21430581062551682,2.6681336277334216e-05,-48143.290352033524,-18093.789445810748,-93.14201245324054,-33.921525767439455
-0.16168630396243133,0.032004108598297769,0.21430581062551682,2.6681336277334216e-05,-48143.290352033524,-18093.789445810748,-93.14201245324054,-33.921525767439455
0.16168630396243133,-0.032004108598297769,0.21430581062551682,2.6681336277334216e-05,-48143.290352033524,-18093.789445810748,-93.14201245324054,-33.921525767439455
-0.16168630396243133,-0.032004108598297769,0.21430581062551682,2.6681336277334216e-05,-48143.290352033524,-18093.789445810748,-93.14201245324054,-33.921525767439455
0.16221187475436508,0.043134437842528024,0.21416902497799944,2.6186658265754784e-05,-49391.444878866256,-11475.017531704507,-94.12011830260326,-29.719304582970953
-0.16221187475436508,0.043134437842528024,0.21416902497799944,2.6186658265754784e-05,-49391.444878866256,-11475.017531704507,-94.12011830260326,-29.719304582970953
0.16221187475436508,-0.043134437842528024,0.21416902497799944,2.6186658265754784e-05,-49391.444878866256,-11475.017531704507,-94.12011830260326,-29.719304582970953
-0.16221187475436508,-0.043134437842528024,0.21416902497799944,2.6186658265754784e-05,-49391.444878866256,-11475.017531704507,-94.12011830260326,-29.719304582970953
0.1617587629077514,0.054180187178760254,0.21400969371516368,2.9769853338375858e-05,-49468.196926672303,-6713.7033377516054,-92.51108489337291,-13.443588514727788
-0.1617587629077514,0.054180187178760254,0.21400969371516368,2.9769853338375858e-05,-49468.196926672303,-6713.7033377516054,-92.51108489337291,-13.443588514727788
0.1617587629077514,-0.054180187178760254,0.21400969371516368,2.9769853338375858e-05,-49468.196926672303,-6713.7033377516054,-92.51108489337291,-13.443588514727788
-0.1617587629077514,-0.054180187178760254,0.21400969371516368,2.9769853338375858e-05,-49468.196926672303,-6713.7033377516054,-92.51108489337291,-13.443588514727788
0.16262144758193994,0.063169735515900313,0.21345859341192802,3.7774453614374871e-05,-47787.537683252704,246.00866908399624,-93.968339813141142,-2.1274231006285782
-0.16262144758193994,0.063169735515900313,0.21345859341192802,3.7774453614374871e-05,-47787.537683252704,246.00866908399624,-93.968339813141142,-2.1274231006285782
0.16262144758193994,-0.063169735515900313,0.21345859341192802,3.7774453614374871e-05,-47787.537683252704,246.00866908399624,-93.968339813141142,-2.1274231006285782
-0.16262144758193994,-0.063169735515900313,0.21345859341192802,3.7774453614374871e-05,-47787.537683252704,246.00866908399624,-93.968339813141142,-2.1274231006285782
0.16192823295165379,0.070975941093236697,0.2131267041548455,3.2298026191082263e-05,-45283.63753748731,3529.4051306406109,-90.442495886954418,1.0605354146508683
-0.16192823295165379,0.070975941093236697,0.2131267041548455,3.2298026191082263e-05,-45283.63753748731,3529.4051306406109,-90.442495886954418,1.0605354146508683
0.16192823295165379,-0.070975941093236697,0.2131267041548455,3.2298026191082263e-05,-45283.63753748731,3529.4051306406109,-90.442495886954418,1.0605354146508683
-0.16192823295165379,-0.070975941093236697,0.2131267041548455,3.2298026191082263e-05,-45283.63753748731,3529.4051306406109,-90.442495886954418,1.0605354146508683
0.16156044919742002,0.080160331500698179,0.21247429979598678,2.7104940035040518e-05,-41214.208969290448,8733.8963259349075,-83.977765757898595,15.809584758277587
-0.16156044919742002,0.080160331500698179,0.21247429979598678,2.7104940035040518e-05,-41214.208969290448,8733.8963259349075,-83.977765757898595,15.809584758277587
0.16156044919742002,-0.080160331500698179,0.21247429979598678,2.7104940035040518e-05,-41214.208969290448,8733.8963259349075,-83.977765757898595,15.809584758277587
-0.16156044919742002,-0.080160331500698179,0.21247429979598678,2.7104940035040518e-05,-41214.208969290448,8733.8963259349075,-83.977765757898595,15.809584758277587
0.16147035956832234,0.085760995129015721,0.21194776604137747,2.2344816570335913e-05,-37758.710628864857,12368.20858863914,-79.222779087742609,21.491709975324849
-0.16147035956832234,0.085760995129015721,0.21194776604137747,2.2344816570335913e-05,-37758.710628864857,12368.20858863914,-79.222779087742609,21.491709975324849
0.16147035956832234,-0.085760995129015721,0.21194776604137747,2.2344816570335913e-05,-37758.710628864857,12368.20858863914,-79.222779087742609,21.491709975324849
-0.16147035956832234,-0.085760995129015721,0.21194776604137747,2.2344816570335913e-05,-37758.710628864857,12368.20858863914,-79.222779087742609,21.491709975324849
0.16233641909660648,0.091322467312254393,0.21114943261787253,3.0398528197079224e-05,-33006.182470208711,16778.659724126661,-67.984884239880259,28.497215325184264
-0.16233641909660648,0.091322467312254393,0.21114943261787253,3.0398528197079224e-05,-33006.182470208711,16778.659724126661,-67.984884239880259,28.497215325184264
0.16233641909660648,-0.091322467312254393,0.21114943261787253,3.0398528197079224e-05,-33006.182470208711,16778.659724126661,-67.984884239880259,28.497215325184264
-0.16233641909660648,-0.091322467312254393,0.21114943261787253,3.0398528197079224e-05,-33006.182470208711,16778.659724126661,-67.984884239880259,28.497215325184264
0.16231093907466157,0.12997906510840154,0.20511252293764268,1.9378388468056852e-05,11668.412671827906,15642.69135446464,21.198734080431596,21.611377143573616
-0.16231093907466157,0.12997906510840154,0.20511252293764268,1.9378388468056852e-05,11668.412671827906,15642.69135446464,21.198734080431596,21.611377143573616
0.16231093907466157,-0.12997906510840154,0.20511252293764268,1.9378388468056852e-05,11668.412671827906,15642.69135446464,21.198734080431596,21.611377143573616
-0.16231093907466157,-0.12997906510840154,0.20511252293764268,1.9378388468056852e-05,11668.412671827906,15642.69135446464,21.198734080431596,21.611377143573616
0.1626514267954233,0.1114598190296666,0.20830131377003236,2.6701664447365412e-05,-12089.273444882232,25754.562705353175,-22.581966201025036,43.297692647088617
-0.1626514267954233,0.1114598190296666,0.20830131377003236,2.6701664447365412e-05,-12089.273444882232,25754.562705353175,-22.581966201025036,43.297692647088617
0.1626514267954233,-0.1114598190296666,0.20830131377003236,2.6701664447365412e-05,-12089.273444882232,25754.562705353175,-22.581966201025036,43.297692647088617
-0.1626514267954233,-0.1114598190296666,0.20830131377003236,2.6701664447365412e-05,-12089.273444882232,25754.562705353175,-22.581966201025036,43.297692647088617
0.16882430849141439,0.12410846405718962,0.20395536603861236,4.3087126450250867e-05,8120.285861697791,20469.437290869329,16.390807689033288,26.806667118081968
-0.16882430849141439,0.12410846405718962,0.20395536603861236,4.3087126450250867e-05,8120.285861697791,20469.437290869329,16.390807689033288,26.806667118081968
0.16882430849141439,-0.12410846405718962,0.20395536603861236,4.3087126450250867e-05,8120.285861697791,20469.437290869329,16.390807689033288,26.806667118081968
-0.16882430849141439,-0.12410846405718962,0.20395536603861236,4.3087126450250867e-05,8120.285861697791,20469.437290869329,16.390807689033288,26.806667118081968
0.16902239552904447,0.11161428263510131,0.20625742489623536,2.8344395394416405e-05,-6419.135137189508,26769.309138396511,-14.863690584337569,45.012072096801298
-0.16902239552904447,0.11161428263510131,0.20625742489623536,2.8344395394416405e-05,-6419.135137189508,26769.309138396511,-14.863690584337569,45.012072096801298
0.16902239552904447,-0.11161428263510131,0.20625742489623536,2.8344395394416405e-05,-6419.135137189508,26769.309138396511,-14.863690584337569,45.012072096801298
-0.16902239552904447,-0.11161428263510131,0.20625742489623536,2.8344395394416405e-05,-6419.135137189508,26769.309138396511,-14.863690584337569,45.012072096801298
0.16838821392130907,0.11715368993291446,0.20544029126947397,2.7092301499958352e-05,-287.36295845900992,25515.276167568158,2.7957491409058313,38.634378800722203
-0.16838821392130907,0.11715368993291446,0.20544029126947397,2.7092301499958352e-05,-287.36295845900992,25515.276167568158,2.7957491409058313,38.634378800722203
0.16838821392130907,-0.11715368993291446,0.20544029126947397,2.7092301499958352e-05,-287.36295845900992,25515.276167568158,2.7957491409058313,38.634378800722203
-0.16838821392130907,-0.11715368993291446,0.20544029126947397,2.7092301499958352e-05,-287.36295845900992,25515.276167568158,2.7957491409058313,38.634378800722203
0.1721557865002061,0.10176084649549617,0.20688894311212913,2.5596023179940376e-05,-14151.955714033036,27537.595874957875,-29.273494052686587,46.65423673415043
-0.1721557865002061,0.10176084649549617,0.20688894311212913,2.5596023179940376e-05,-14151.955714033036,27537.595874957875,-29.273494052686587,46.65423673415043
0.1721557865002061,-0.10176084649549617,0.20688894311212913,2.5596023179940376e-05,-14151.955714033036,27537.595874957875,-29.273494052686587,46.65423673415043
-0.1721557865002061,-0.10176084649549617,0.20688894311212913,2.5596023179940376e-05,-14151.955714033036,27537.595874957875,-29.273494052686587,46.65423673415043
0.16996555526137755,0.0037033062948270833,0.21308007241739793,2.0001735689295522e-05,-46587.519389839938,-7111.387054650947,-99.456782343544106,-15.055497923980907
-0.16996555526137755,0.0037033062948270833,0.21308007241739793,2.0001735689295522e-05,-46587.519389839938,-7111.387054650947,-99.456782343544106,-15.055497923980907
0.16996555526137755,-0.0037033062948270833,0.21308007241739793,2.0001735689295522e-05,-46587.519389839938,-7111.387054650947,-99.456782343544106,-15.055497923980907
-0.16996555526137755,-0.0037033062948270833,0.21308007241739793,2.0001735689295522e-05,-46587.519389839938,-7111.387054650947,-99.456782343544106,-15.055497923980907
0.1720360006977576,0.013434582538214095,0.21277354729290476,2.696069630579248e-05,-46606.06941433352,-1028.9149013134672,-87.693925733765013,-3.5654084679575813
-0.1720360006977576,0.013434582538214095,0.21277354729290476,2.696069630579248e-05,-46606.06941433352,-1028.9149013134672,-87.693925733765013,-3.5654084679575813
0.1720360006977576,-0.013434582538214095,0.21277354729290476,2.696069630579248e-05,-46606.06941433352,-1028.9149013134672,-87.693925733765013,-3.5654084679575813
-0.1720360006977576,-0.013434582538214095,0.21277354729290476,2.696069630579248e-05,-46606.06941433352,-1028.9149013134672,-87.693925733765013,-3.5654084679575813
0.17210357006805335,0.024308493736522132,0.21276253720248986,2.8158231776871578e-05,-47537.796832605025,2052.4534731689387,-86.289453048878002,2.655944926974438
-0.17210357006805335,0.024308493736522132,0.21276253720248986,2.8158231776871578e-05,-47537.796832605025,2052.4534731689387,-86.289453048878002,2.655944926974438
0.17210357006805335,-0.024308493736522132,0.21276253720248986,2.8158231776871578e-05,-47537.796832605025,2052.4534731689387,-86.289453048878002,2.655944926974438
-0.17210357006805335,-0.024308493736522132,0.21276253720248986,2.8158231776871578e-05,-47537.796832605025,2052.4534731689387,-86.289453048878002,2.655944926974438
0.17185320866491061,0.036057604613858263,0.21269780643111674,2.3055055617288263e-05,-47880.195478018351,5571.4607000611732,-84.105529508644068,4.985595400679153
-0.17185320866491061,0.036057604613858263,0.21269780643111674,2.3055055617288263e-05,-47880.195478018351,5571.4607000611732,-84.105529508644068,4.985595400679153
0.17185320866491061,-0.036057604613858263,0.21269780643111674,2.3055055617288263e-05,-47880.195478018351,5571.4607000611732,-84.105529508644068,4.985595400679153
-0.17185320866491061,-0.036057604613858263,0.21269780643111674,2.3055055617288263e-05,-47880.195478018351,5571.4607000611732,-84.105529508644068,4.985595400679153
0.17079322596009994,0.044503009839753395,0.21266913689522962,2.930908129688734e-05,-48094.479148289734,6844.6997797659433,-86.078874509468818,8.0221280241258093
-0.17079322596009994,0.044503009839753395,0.21266913689522962,2.930908129688734e-05,-48094.479148289734,6844.6997797659433,-86.078874509468818,8.0221280241258093
0.17079322596009994,-0.044503009839753395,0.21266913689522962,2.930908129688734e-05,-48094.479148289734,6844.6997797659433,-86.078874509468818,8.0221280241258093
-0.17079322596009994,-0.044503009839753395,0.21266913689522962,2.930908129688734e-05,-48094.479148289734,6844.6997797659433,-86.078874509468818,8.0221280241258093
0.17193898119116563,0.055312765648778919,0.2119901737472058,2.3749149574277611e-05,-45082.895692091995,13338.103206906315,-81.802378998091157,19.068798540374058
-0.17193898119116563,0.055312765648778919,0.2119901737472058,2.3749149574277611e-05,-45082.895692091995,13338.103206906315,-81.802378998091157,19.068798540374058
0.17193898119116563,-0.055312765648778919,0.2119901737472058,2.3749149574277611e-05,-45082.895692091995,13338.103206906315,-81.802378998091157,19.068798540374058
-0.17193898119116563,-0.055312765648778919,0.2119901737472058,2.3749149574277611e-05,-45082.895692091995,13338.103206906315,-81.802378998091157,19.068798540374058
0.16966194112697394,0.064450813921917968,0.21186532986172071,2.7138617158645948e-05,-43700.103682181631,13074.558488389133,-82.760884518085646,19.268834608911977
-0.16966194112697394,0.064450813921917968,0.21186532986172071,2.7138617158645948e-05,-43700.103682181631,13074.558488389133,-82.760884518085646,19.268834608911977
0.16966194112697394,-0.064450813921917968,0.21186532986172071,2.7138617158645948e-05,-43700.103682181631,13074.558488389133,-82.760884518085646,19.268834608911977
-0.16966194112697394,-0.064450813921917968,0.21186532986172071,2.7138617158645948e-05,-43700.103682181631,13074.558488389133,-82.760884518085646,19.268834608911977
0.17102212746992523,0.074961655649112224,0.21065966485971402,3.1847925955660625e-05,-37010.119294584547,19176.2199098235,-71.210880274449451,30.96520056548988
-0.17102212746992523,0.074961655649112224,0.21065966485971402,3.1847925955660625e-05,-37010.119294584547,19176.2199098235,-71.210880274449451,30.96520056548988
0.17102212746992523,-0.074961655649112224,0.21065966485971402,3.1847925955660625e-05,-37010.119294584547,19176.2199098235,-71.210880274449451,30.96520056548988
-0.17102212746992523,-0.074961655649112224,0.21065966485971402,3.1847925955660625e-05,-37010.119294584547,19176.2199098235,-71.210880274449451,30.96520056548988
0.17055151372677185,0.081575178521141864,0.21007911055990316,3.335964905623415e-05,-33239.463132216399,21430.380557269742,-67.292061469402881,38.68639430085905
-0.17055151372677185,0.081575178521141864,0.21007911055990316,3.335964905623415e-05,-33239.463132216399,21430.380557269742,-67.292061469402881,38.68639430085905
0.17055151372677185,-0.081575178521141864,0.21007911055990316,3.335964905623415e-05,-33239.463132216399,21430.380557269742,-67.292061469402881,38.68639430085905
-0.17055151372677185,-0.081575178521141864,0.21007911055990316,3.335964905623415e-05,-33239.463132216399,21430.380557269742,-67.292061469402881,38.68639430085905
0.1716768578109017,0.08900506941669159,0.20888658197089019,3.3579115822562287e-05,-26132.195773578453,24611.005919693926,-55.548817506499724,40.843993816416784
-0.1716768578109017,0.08900506941669159,0.20888658197089019,3.3579115822562287e-05,-26132.195773578453,24611.005919693926,-55.548817506499724,40.843993816416784
0.1716768578109017,-0.08900506941669159,0.20888658197089019,3.3579115822562287e-05,-26132.195773578453,24611.005919693926,-55.548817506499724,40.843993816416784
-0.1716768578109017,-0.08900506941669159,0.20888658197089019,3.3579115822562287e-05,-26132.195773578453,24611.005919693926,-55.548817506499724,40.843993816416784
0.17139058779823271,0.096360099810828534,0.20796724595457683,3.2781719060655315e-05,-20108.627345643294,26559.498017913473,-42.60306006380118,48.126963700358182
-0.17139058779823271,0.096360099810828534,0.20796724595457683,3.2781719060655315e-05,-20108.627345643294,26559.498017913473,-42.60306006380118,48.126963700358182
0.17139058779823271,-0.096360099810828534,0.20796724595457683,3.2781719060655315e-05,-20108.627345643294,26559.498017913473,-42.60306006380118,48.126963700358182
-0.17139058779823271,-0.096360099810828534,0.20796724595457683,3.2781719060655315e-05,-20108.627345643294,26559.498017913473,-42.60306006380118,48.126963700358182
0.17292763483023757,0.12997105155553321,0.20122640756243876,2.0060212456102012e-05,14225.672880162265,11331.999657199614,25.822943765559032,13.50012058668052
-0.17292763483023757,0.12997105155553321,0.20122640756243876,2.0060212456102012e-05,14225.672880162265,11331.999657199614,25.822943765559032,13.50012058668052
0.17292763483023757,-0.12997105155553321,0.20122640756243876,2.0060212456102012e-05,14225.672880162265,11331.999657199614,25.822943765559032,13.50012058668052
-0.17292763483023757,-0.12997105155553321,0.20122640756243876,2.0060212456102012e-05,14225.672880162265,11331.999657199614,25.822943765559032,13.50012058668052
0.17425399213879678,0,0.21244517221058123,1.2112933454160864e-05,-45050.767412881636,1305.6817872975209,-66.84600990816844,0.60171943787172244
-0.17425399213879678,0,0.21244517221058123,1.2112933454160864e-05,-45050.767412881636,1305.6817872975209,-66.84600990816844,0.60171943787172244
0.17425399213879678,-0,0.21244517221058123,1.2112933454160864e-05,-45050.767412881636,1305.6817872975209,-66.84600990816844,0.60171943787172244
-0.17425399213879678,-0,0.21244517221058123,1.2112933454160864e-05,-45050.767412881636,1305.6817872975209,-66.84600990816844,0.60171943787172244
0.17517017563527956,0.12374112454933092,0.20173998158284853,3.0805410605647066e-05,10495.515537695181,18328.71565637791,20.707613163708828,22.662401659893128
-0.17517017563527956,0.12374112454933092,0.20173998158284853,3.0805410605647066e-05,10495.515537695181,18328.71565637791,20.707613163708828,22.662401659893128
0.17517017563527956,-0.12374112454933092,0.20173998158284853,3.0805410605647066e-05,10495.515537695181,18328.71565637791,20.707613163708828,22.662401659893128
-0.17517017563527956,-0.12374112454933092,0.20173998158284853,3.0805410605647066e-05,10495.515537695181,18328.71565637791,20.707613163708828,22.662401659893128
0.17685546317886691,0.11726152456779924,0.20250327940692045,3.2712373795621498e-05,5488.2208969684661,23063.97776853817,10.061176343159099,36.054758141649323
-0.17685546317886691,0.11726152456779924,0.20250327940692045,3.2712373795621498e-05,5488.2208969684661,23063.97776853817,10.061176343159099,36.054758141649323
0.17685546317886691,-0.11726152456779924,0.20250327940692045,3.2712373795621498e-05,5488.2208969684661,23063.97776853817,10.061176343159099,36.054758141649323
-0.17685546317886691,-0.11726152456779924,0.20250327940692045,3.2712373795621498e-05,5488.2208969684661,23063.97776853817,10.061176343159099,36.054758141649323
0.18093174193202308,0.11101201874854315,0.20231906424370885,3.9336393081284127e-05,2982.1465958873932,25092.686165401443,5.8169059013273312,42.214342144620964
-0.18093174193202308,0.11101201874854315,0.20231906424370885,3.9336393081284127e-05,2982.1465958873932,25092.686165401443,5.8169059013273312,42.214342144620964
0.18093174193202308,-0.11101201874854315,0.20231906424370885,3.9336393081284127e-05,2982.1465958873932,25092.686165401443,5.8169059013273312,42.214342144620964
-0.18093174193202308,-0.11101201874854315,0.20231906424370885,3.9336393081284127e-05,2982.1465958873932,25092.686165401443,5.8169059013273312,42.214342144620964
0.18095895972579928,0.0048865626621081119,0.21145252278510165,3.21672964131476e-05,-38784.74411099789,16770.351874589502,-66.688419521188408,32.470552371832412
-0.18095895972579928,0.0048865626621081119,0.21145252278510165,3.21672964131476e-05,-38784.74411099789,16770.351874589502,-66.688419521188408,32.470552371832412
0.18095895972579928,-0.0048865626621081119,0.21145252278510165,3.21672964131476e-05,-38784.74411099789,16770.351874589502,-66.688419521188408,32.470552371832412
-0.18095895972579928,-0.0048865626621081119,0.21145252278510165,3.21672964131476e-05,-38784.74411099789,16770.351874589502,-66.688419521188408,32.470552371832412
0.18134977727650739,0.016580676572280118,0.21139138457268983,2.428923462945053e-05,-38275.189479962195,18772.611567013326,-62.187207349314939,29.97125867462584
-0.18134977727650739,0.016580676572280118,0.21139138457268983,2.428923462945053e-05,-38275.189479962195,18772.611567013326,-62.187207349314939,29.97125867462584
0.18134977727650739,-0.016580676572280118,0.21139138457268983,2.428923462945053e-05,-38275.189479962195,18772.611567013326,-62.187207349314939,29.97125867462584
-0.18134977727650739,-0.016580676572280118,0.21139138457268983,2.428923462945053e-05,-38275.189479962195,18772.611567013326,-62.187207349314939,29.97125867462584
0.18098556293683229,0.027145611037986538,0.21135414922681353,2.6965583600921441e-05,-38896.942017658163,20576.791291177473,-63.154915322666035,33.212013362357176
-0.18098556293683229,0.027145611037986538,0.21135414922681353,2.6965583600921441e-05,-38896.942017658163,20576.791291177473,-63.154915322666035,33.212013362357176
0.18098556293683229,-0.027145611037986538,0.21135414922681353,2.6965583600921441e-05,-38896.942017658163,20576.791291177473,-63.154915322666035,33.212013362357176
-0.18098556293683229,-0.027145611037986538,0.21135414922681353,2.6965583600921441e-05,-38896.942017658163,20576.791291177473,-63.154915322666035,33.212013362357176
0.18012803185038473,0.03806381154550946,0.21119142364753135,3.0268950260566235e-05,-39652.262802673678,21902.674220031182,-63.746320436938959,35.836353196571338
-0.18012803185038473,0.03806381154550946,0.21119142364753135,3.0268950260566235e-05,-39652.262802673678,21902.674220031182,-63.746320436938959,35.836353196571338
0.18012803185038473,-0.03806381154550946,0.21119142364753135,3.0268950260566235e-05,-39652.262802673678,21902.674220031182,-63.746320436938959,35.836353196571338
-0.18012803185038473,-0.03806381154550946,0.21119142364753135,3.0268950260566235e-05,-39652.262802673678,21902.674220031182,-63.746320436938959,35.836353196571338
0.18125030001471759,0.048599324734376989,0.21043950404846543,2.267221714770182e-05,-35953.569254136986,25961.806456737704,-58.070395923502389,41.769168547668151
-0.18125030001471759,0.048599324734376989,0.21043950404846543,2.267221714770182e-05,-35953.569254136986,25961.806456737704,-58.070395923502389,41.769168547668151
0.18125030001471759,-0.048599324734376989,0.21043950404846543,2.267221714770182e-05,-35953.569254136986,25961.806456737704,-58.070395923502389,41.769168547668151
-0.18125030001471759,-0.048599324734376989,0.21043950404846543,2.267221714770182e-05,-35953.569254136986,25961.806456737704,-58.070395923502389,41.769168547668151
0.18179250409194761,0.058572936807182258,0.20955886008659119,2.963642416675279e-05,-31664.523627467672,28408.174873370321,-52.654980483020928,45.503565815242141
-0.18179250409194761,0.058572936807182258,0.20955886008659119,2.963642416675279e-05,-31664.523627467672,28408.174873370321,-52.654980483020928,45.503565815242141
0.18179250409194761,-0.058572936807182258,0.20955886008659119,2.963642416675279e-05,-31664.523627467672,28408.174873370321,-52.654980483020928,45.503565815242141
-0.18179250409194761,-0.058572936807182258,0.20955886008659119,2.963642416675279e-05,-31664.523627467672,28408.174873370321,-52.654980483020928,45.503565815242141
0.18040116937177991,0.068175158625146545,0.20898055852647562,2.9419962360053207e-05,-29391.274263522722,28594.025176652322,-51.345520534918947,50.942711059280647
-0.18040116937177991,0.068175158625146545,0.20898055852647562,2.9419962360053207e-05,-29391.274263522722,28594.025176652322,-51.345520534918947,50.942711059280647
0.18040116937177991,-0.068175158625146545,0.20898055852647562,2.9419962360053207e-05,-29391.274263522722,28594.025176652322,-51.345520534918947,50.942711059280647
-0.18040116937177991,-0.068175158625146545,0.20898055852647562,2.9419962360053207e-05,-29391.274263522722,28594.025176652322,-51.345520534918947,50.942711059280647
0.1816952530335694,0.078217714971327776,0.20746204036330232,3.443997417351942e-05,-21331.375000376989,30286.558244020973,-38.506905143307591,54.303251824720398
-0.1816952530335694,0.078217714971327776,0.20746204036330232,3.443997417351942e-05,-21331.375000376989,30286.558244020973,-38.506905143307591,54.303251824720398
0.1816952530335694,-0.078217714971327776,0.20746204036330232,3.443997417351942e-05,-21331.375000376989,30286.558244020973,-38.506905143307591,54.303251824720398
-0.1816952530335694,-0.078217714971327776,0.20746204036330232,3.443997417351942e-05,-21331.375000376989,30286.558244020973,-38.506905143307591,54.303251824720398
0.18045456503494994,0.085390901394279017,0.20687297117313308,4.7314518441423277e-05,-17902.870012323619,29790.31969075033,-37.067880452388238,52.545061962721476
-0.18045456503494994,0.085390901394279017,0.20687297117313308,4.7314518441423277e-05,-17902.870012323619,29790.31969075033,-37.067880452388238,52.545061962721476
0.18045456503494994,-0.085390901394279017,0.20687297117313308,4.7314518441423277e-05,-17902.870012323619,29790.31969075033,-37.067880452388238,52.545061962721476
-0.18045456503494994,-0.085390901394279017,0.20687297117313308,4.7314518441423277e-05,-17902.870012323619,29790.31969075033,-37.067880452388238,52.545061962721476
0.18038371436221834,0.09356482440999854,0.20564433663718293,3.1036447901284535e-05,-12014.183586316632,29490.907509964109,-24.640860127941977,52.110895814237011
-0.18038371436221834,0.09356482440999854,0.20564433663718293,3.1036447901284535e-05,-12014.183586316632,29490.907509964109,-24.640860127941977,52.110895814237011
0.18038371436221834,-0.09356482440999854,0.20564433663718293,3.1036447901284535e-05,-12014.183586316632,29490.907509964109,-24.640860127941977,52.110895814237011
-0.18038371436221834,-0.09356482440999854,0.20564433663718293,3.1036447901284535e-05,-12014.183586316632,29490.907509964109,-24.640860127941977,52.110895814237011
0.18172632784568038,0.098667866423058609,0.20436251299919148,2.4870391886886353e-05,-6388.9324733510657,28807.440918389864,-13.465613484065457,49.651069101418997
-0.18172632784568038,0.098667866423058609,0.20436251299919148,2.4870391886886353e-05,-6388.9324733510657,28807.440918389864,-13.465613484065457,49.651069101418997
0.18172632784568038,-0.098667866423058609,0.20436251299919148,2.4870391886886353e-05,-6388.9324733510657,28807.440918389864,-13.465613484065457,49.651069101418997
-0.18172632784568038,-0.098667866423058609,0.20436251299919148,2.4870391886886353e-05,-6388.9324733510657,28807.440918389864,-13.465613484065457,49.651069101418997
0.18162672742674302,0.10473998434368775,0.20327922347153118,3.3538773461025414e-05,-1598.9624802547146,27192.250017859467,-6.1955200296287991,47.714464347470908
-0.18162672742674302,0.10473998434368775,0.20327922347153118,3.3538773461025414e-05,-1598.9624802547146,27192.250017859467,-6.1955200296287991,47.714464347470908
0.18162672742674302,-0.10473998434368775,0.20327922347153118,3.3538773461025414e-05,-1598.9624802547146,27192.250017859467,-6.1955200296287991,47.714464347470908
-0.18162672742674302,-0.10473998434368775,0.20327922347153118,3.3538773461025414e-05,-1598.9624802547146,27192.250017859467,-6.1955200296287991,47.714464347470908
0.18127724528312683,0.12999999523162842,0.19796448945999146,1.7288701712152829e-05,14603.524412705159,6891.4501662780967,28.277442417528302,3.7345503940540108
-0.18127724528312683,0.12999999523162842,0.19796448945999146,1.7288701712152829e-05,14603.524412705159,6891.4501662780967,28.277442417528302,3.7345503940540108
0.18127724528312683,-0.12999999523162842,0.19796448945999146,1.7288701712152829e-05,14603.524412705159,6891.4501662780967,28.277442417528302,3.7345503940540108
-0.18127724528312683,-0.12999999523162842,0.19796448945999146,1.7288701712152829e-05,14603.524412705159,6891.4501662780967,28.277442417528302,3.7345503940540108
0.18202906809040045,0.12338582889200164,0.19922433673984161,2.5089710209599291e-05,12277.762894150617,14790.332885645774,22.652696976720694,18.026818746881869
-0.18202906809040045,0.12338582889200164,0.19922433673984161,2.5089710209599291e-05,12277.762894150617,14790.332885645774,22.652696976720694,18.026818746881869
0.18202906809040045,-0.12338582889200164,0.19922433673984161,2.5089710209599291e-05,12277.762894150617,14790.332885645774,22.652696976720694,18.026818746881869
-0.18202906809040045,-0.12338582889200164,0.19922433673984161,2.5089710209599291e-05,12277.762894150617,14790.332885645774,22.652696976720694,18.026818746881869
0.18875204026699066,0.12999996542930603,0.19489535689353943,2.5225253679569589e-05,13231.062295319787,2369.200871086181,25.510490987724634,-1.2741668010145899
-0.18875204026699066,0.12999996542930603,0.19489535689353943,2.5225253679569589e-05,13231.062295319787,2369.200871086181,25.510490987724634,-1.2741668010145899
0.18875204026699066,-0.12999996542930603,0.19489535689353943,2.5225253679569589e-05,13231.062295319787,2369.200871086181,25.510490987724634,-1.2741668010145899
-0.18875204026699066,-0.12999996542930603,0.19489535689353943,2.5225253679569589e-05,13231.062295319787,2369.200871086181,25.510490987724634,-1.2741668010145899
0.19004903821955021,0.12169196299877567,0.19648265171089202,4.1676178908748634e-05,13068.374840559365,10584.276004800269,24.949301037910274,12.225359456162423
-0.19004903821955021,0.12169196299877567,0.19648265171089202,4.1676178908748634e-05,13068.374840559365,10584.276004800269,24.949301037910274,12.225359456162423
0.19004903821955021,-0.12169196299877567,0.19648265171089202,4.1676178908748634e-05,13068.374840559365,10584.276004800269,24.949301037910274,12.225359456162423
-0.19004903821955021,-0.12169196299877567,0.19648265171089202,4.1676178908748634e-05,13068.374840559365,10584.276004800269,24.949301037910274,12.225359456162423
0.18943764777343056,0.0084287750475942006,0.21019727408237185,2.2842511098171448e-05,-22918.109405934178,29205.443228842487,-26.246838183606222,44.037319107874126
-0.18943764777343056,0.0084287750475942006,0.21019727408237185,2.2842511098171448e-05,-22918.109405934178,29205.443228842487,-26.246838183606222,44.037319107874126
0.18943764777343056,-0.0084287750475942006,0.21019727408237185,2.2842511098171448e-05,-22918.109405934178,29205.443228842487,-26.246838183606222,44.037319107874126
-0.18943764777343056,-0.0084287750475942006,0.21019727408237185,2.2842511098171448e-05,-22918.109405934178,29205.443228842487,-26.246838183606222,44.037319107874126
0.19040182737276892,0.018634230386724699,0.20994676982158736,2.4183469770002218e-05,-20656.589217472007,30995.159158333263,-23.379305528192834,45.627285374324167
-0.19040182737276892,0.018634230386724699,0.20994676982158736,2.4183469770002218e-05,-20656.589217472007,30995.159158333263,-23.379305528192834,45.627285374324167
0.19040182737276892,-0.018634230386724699,0.20994676982158736,2.4183469770002218e-05,-20656.589217472007,30995.159158333263,-23.379305528192834,45.627285374324167
-0.19040182737276892,-0.018634230386724699,0.20994676982158736,2.4183469770002218e-05,-20656.589217472007,30995.159158333263,-23.379305528192834,45.627285374324167
0.19033969023292263,0.030047017072164135,0.20960118147865919,2.7271809501962976e-05,-20590.523971490642,32562.780682707213,-22.617166241341906,49.867840590201233
-0.19033969023292263,0.030047017072164135,0.20960118147865919,2.7271809501962976e-05,-20590.523971490642,32562.780682707213,-22.617166241341906,49.867840590201233
0.19033969023292263,-0.030047017072164135,0.20960118147865919,2.7271809501962976e-05,-20590.523971490642,32562.780682707213,-22.617166241341906,49.867840590201233
-0.19033969023292263,-0.030047017072164135,0.20960118147865919,2.7271809501962976e-05,-20590.523971490642,32562.780682707213,-22.617166241341906,49.867840590201233
0.19035032567886784,0.041304931437047068,0.20897228511614915,2.5852108040359397e-05,-19570.191003299278,33964.252559793204,-17.676222040385024,53.998263379635404
-0.19035032567886784,0.041304931437047068,0.20897228511614915,2.5852108040359397e-05,-19570.191003299278,33964.252559793204,-17.676222040385024,53.998263379635404
0.19035032567886784,-0.041304931437047068,0.20897228511614915,2.5852108040359397e-05,-19570.191003299278,33964.252559793204,-17.676222040385024,53.998263379635404
-0.19035032567886784,-0.041304931437047068,0.20897228511614915,2.5852108040359397e-05,-19570.191003299278,33964.252559793204,-17.676222040385024,53.998263379635404
0.18960238610514252,0.050868461349966344,0.20838349543242726,3.1214099828870481e-05,-19104.139691482294,33803.789325242455,-25.088126801556395,54.408743828730472
-0.18960238610514252,0.050868461349966344,0.20838349543242726,3.1214099828870481e-05,-19104.139691482294,33803.789325242455,-25.088126801556395,54.408743828730472
0.18960238610514252,-0.050868461349966344,0.20838349543242726,3.1214099828870481e-05,-19104.139691482294,33803.789325242455,-25.088126801556395,54.408743828730472
-0.18960238610514252,-0.050868461349966344,0.20838349543242726,3.1214099828870481e-05,-19104.139691482294,33803.789325242455,-25.088126801556395,54.408743828730472
0.19073471743860862,0.061037378893572691,0.20709544523954806,2.3762253977688436e-05,-13470.6819096564,33836.514032876927,-15.293207236977478,54.352102248321607
-0.19073471743860862,0.061037378893572691,0.20709544523954806,2.3762253977688436e-05,-13470.6819096564,33836.514032876927,-15.293207236977478,54.352102248321607
0.19073471743860862,-0.061037378893572691,0.20709544523954806,2.3762253977688436e-05,-13470.6819096564,33836.514032876927,-15.293207236977478,54.352102248321607
-0.19073471743860862,-0.061037378893572691,0.20709544523954806,2.3762253977688436e-05,-13470.6819096564,33836.514032876927,-15.293207236977478,54.352102248321607
0.19100504349162978,0.071427256594038022,0.2057268336255936,2.8100044291131901e-05,-8740.7327102740037,32626.059632859371,-9.5812002203295208,54.154808663274792
-0.19100504349162978,0.071427256594038022,0.2057268336255936,2.8100044291131901e-05,-8740.7327102740037,32626.059632859371,-9.5812002203295208,54.154808663274792
0.19100504349162978,-0.071427256594038022,0.2057268336255936,2.8100044291131901e-05,-8740.7327102740037,32626.059632859371,-9.5812002203295208,54.154808663274792
-0.19100504349162978,-0.071427256594038022,0.2057268336255936,2.8100044291131901e-05,-8740.7327102740037,32626.059632859371,-9.5812002203295208,54.154808663274792
0.19114299492650169,0.079921201254611024,0.20445679585294696,2.268333520239325e-05,-4587.9672090074218,30757.742528220013,-5.1171198625264553,52.946558137638391
-0.19114299492650169,0.079921201254611024,0.20445679585294696,2.268333520239325e-05,-4587.9672090074218,30757.742528220013,-5.1171198625264553,52.946558137638391
0.19114299492650169,-0.079921201254611024,0.20445679585294696,2.268333520239325e-05,-4587.9672090074218,30757.742528220013,-5.1171198625264553,52.946558137638391
-0.19114299492650169,-0.079921201254611024,0.20445679585294696,2.268333520239325e-05,-4587.9672090074218,30757.742528220013,-5.1171198625264553,52.946558137638391
0.19130809543128136,0.08872480387308096,0.20294926353627257,3.2735147540397249e-05,-129.23932421637892,28259.594761460547,1.4321097288653037,48.993562547288462
-0.19130809543128136,0.08872480387308096,0.20294926353627257,3.2735147540397249e-05,-129.23932421637892,28259.594761460547,1.4321097288653037,48.993562547288462
0.19130809543128136,-0.08872480387308096,0.20294926353627257,3.2735147540397249e-05,-129.23932421637892,28259.594761460547,1.4321097288653037,48.993562547288462
-0.19130809543128136,-0.08872480387308096,0.20294926353627257,3.2735147540397249e-05,-129.23932421637892,28259.594761460547,1.4321097288653037,48.993562547288462
0.18981519807795696,0.096053124609077348,0.20212572570543352,3.4320202574105158e-05,1594.8287951198129,26797.698121249497,3.9020881428360519,46.622315253306297
-0.18981519807795696,0.096053124609077348,0.20212572570543352,3.4320202574105158e-05,1594.8287951198129,26797.698121249497,3.9020881428360519,46.622315253306297
0.18981519807795696,-0.096053124609077348,0.20212572570543352,3.4320202574105158e-05,1594.8287951198129,26797.698121249497,3.9020881428360519,46.622315253306297
-0.18981519807795696,-0.096053124609077348,0.20212572570543352,3.4320202574105158e-05,1594.8287951198129,26797.698121249497,3.9020881428360519,46.622315253306297
0.19020362617709038,0.10254322725199447,0.20073522716788594,3.1894601290122033e-05,5443.6639114030068,23852.6990527054,11.743976375375269,40.774545896249094
-0.19020362617709038,0.10254322725199447,0.20073522716788594,3.1894601290122033e-05,5443.6639114030068,23852.6990527054,11.743976375375269,40.774545896249094
0.19020362617709038,-0.10254322725199447,0.20073522716788594,3.1894601290122033e-05,5443.6639114030068,23852.6990527054,11.743976375375269,40.774545896249094
-0.19020362617709038,-0.10254322725199447,0.20073522716788594,3.1894601290122033e-05,5443.6639114030068,23852.6990527054,11.743976375375269,40.774545896249094
0.19121770913276148,0.10857525293703736,0.19908482321797277,2.7289487851229733e-05,9091.5001646798337,19763.810264692671,19.656276388417361,33.658350943305308
-0.19121770913276148,0.10857525293703736,0.19908482321797277,2.7289487851229733e-05,9091.5001646798337,19763.810264692671,19.656276388417361,33.658350943305308
0.19121770913276148,-0.10857525293703736,0.19908482321797277,2.7289487851229733e-05,9091.5001646798337,19763.810264692671,19.656276388417361,33.658350943305308
-0.19121770913276148,-0.10857525293703736,0.19908482321797277,2.7289487851229733e-05,9091.5001646798337,19763.810264692671,19.656276388417361,33.658350943305308
0.19498476386070251,0.12999050319194794,0.19222714006900787,1.3293561994566491e-05,10962.297469057685,-1896.5826980783474,21.161213068417538,-8.3106441301195346
-0.19498476386070251,0.12999050319194794,0.19222714006900787,1.3293561994566491e-05,10962.297469057685,-1896.5826980783474,21.161213068417538,-8.3106441301195346
0.19498476386070251,-0.12999050319194794,0.19222714006900787,1.3293561994566491e-05,10962.297469057685,-1896.5826980783474,21.161213068417538,-8.3106441301195346
-0.19498476386070251,-0.12999050319194794,0.19222714006900787,1.3293561994566491e-05,10962.297469057685,-1896.5826980783474,21.161213068417538,-8.3106441301195346
0.19919788837432861,0.12947861850261688,0.19051244854927063,2.0970269694345723e-06,9036.2439038402954,-4593.051547908889,10.46581760781895,-25.550738719772625
-0.19919788837432861,0.12947861850261688,0.19051244854927063,2.0970269694345723e-06,9036.2439038402954,-4593.051547908889,10.46581760781895,-25.550738719772625
0.19919788837432861,-0.12947861850261688,0.19051244854927063,2.0970269694345723e-06,9036.2439038402954,-4593.051547908889,10.46581760781895,-25.550738719772625
-0.19919788837432861,-0.12947861850261688,0.19051244854927063,2.0970269694345723e-06,9036.2439038402954,-4593.051547908889,10.46581760781895,-25.550738719772625
0.19998538494110107,0.12674009799957275,0.19094772636890411,1.1010556668179547e-05,9928.8126608783277,-2805.4903120692097,23.69590480312624,-10.558804504374921
-0.19998538494110107,0.12674009799957275,0.19094772636890411,1.1010556668179547e-05,9928.8126608783277,-2805.4903120692097,23.69590480312624,-10.558804504374921
0.19998538494110107,-0.12674009799957275,0.19094772636890411,1.1010556668179547e-05,9928.8126608783277,-2805.4903120692097,23.69590480312624,-10.558804504374921
-0.19998538494110107,-0.12674009799957275,0.19094772636890411,1.1010556668179547e-05,9928.8126608783277,-2805.4903120692097,23.69590480312624,-10.558804504374921
0.20000000298023224,0,0.20863354206085205,4.5599338361529882e-06,4010.5574139295759,28619.818189179445,11.160261596980508,29.854013726219669
-0.20000000298023224,0,0.20863354206085205,4.5599338361529882e-06,4010.5574139295759,28619.818189179445,11.160261596980508,29.854013726219669
0.20000000298023224,-0,0.20863354206085205,4.5599338361529882e-06,4010.5574139295759,28619.818189179445,11.160261596980508,29.854013726219669
-0.20000000298023224,-0,0.20863354206085205,4.5599338361529882e-06,4010.5574139295759,28619.818189179445,11.160261596980508,29.854013726219669
0.20000000298023224,0.010799449700023082,0.20850370276601005,2.0005766431201794e-05,4280.9531452587462,28625.944368219811,8.3363760930438371,34.029265123871596
-0.20000000298023224,0.010799449700023082,0.20850370276601005,2.0005766431201794e-05,4280.9531452587462,28625.944368219811,8.3363760930438371,34.029265123871596
0.20000000298023224,-0.010799449700023082,0.20850370276601005,2.0005766431201794e-05,4280.9531452587462,28625.944368219811,8.3363760930438371,34.029265123871596
-0.20000000298023224,-0.010799449700023082,0.20850370276601005,2.0005766431201794e-05,4280.9531452587462,28625.944368219811,8.3363760930438371,34.029265123871596
0.19979460744888808,0.022714708121805018,0.20811178807446476,1.3056347569238757e-05,3816.4598843083709,29563.81051324747,11.863290942640935,37.586604981150884
-0.19979460744888808,0.022714708121805018,0.20811178807446476,1.3056347569238757e-05,3816.4598843083709,29563.81051324747,11.863290942640935,37.586604981150884
0.19979460744888808,-0.022714708121805018,0.20811178807446476,1.3056347569238757e-05,3816.4598843083709,29563.81051324747,11.863290942640935,37.586604981150884
-0.19979460744888808,-0.022714708121805018,0.20811178807446476,1.3056347569238757e-05,3816.4598843083709,29563.81051324747,11.863290942640935,37.586604981150884
0.19977658493997486,0.033248403263990409,0.20748662366206833,1.3627148250238996e-05,4063.5887749406179,30028.513559875184,14.306594825692898,41.86636159144917
-0.19977658493997486,0.033248403263990409,0.20748662366206833,1.3627148250238996e-05,4063.5887749406179,30028.513559875184,14.306594825692898,41.86636159144917
0.19977658493997486,-0.033248403263990409,0.20748662366206833,1.3627148250238996e-05,4063.5887749406179,30028.513559875184,14.306594825692898,41.86636159144917
-0.19977658493997486,-0.033248403263990409,0.20748662366206833,1.3627148250238996e-05,4063.5887749406179,30028.513559875184,14.306594825692898,41.86636159144917
0.20000000298023224,0.043711751699447632,0.20656460523605347,1.338406706558306e-05,5414.2434559012663,29589.395331498068,16.792144933287286,43.303420901343195
-0.20000000298023224,0.043711751699447632,0.20656460523605347,1.338406706558306e-05,5414.2434559012663,29589.395331498068,16.792144933287286,43.303420901343195
0.20000000298023224,-0.043711751699447632,0.20656460523605347,1.338406706558306e-05,5414.2434559012663,29589.395331498068,16.792144933287286,43.303420901343195
-0.20000000298023224,-0.043711751699447632,0.20656460523605347,1.338406706558306e-05,5414.2434559012663,29589.395331498068,16.792144933287286,43.303420901343195
0.20000000298023224,0.054299582785444798,0.20543440049716444,1.2761983530165302e-05,6796.1183644420598,28442.930032975801,20.087587446453419,44.771208676788916
-0.20000000298023224,0.054299582785444798,0.20543440049716444,1.2761983530165302e-05,6796.1183644420598,28442.930032975801,20.087587446453419,44.771208676788916
0.20000000298023224,-0.054299582785444798,0.20543440049716444,1.2761983530165302e-05,6796.1183644420598,28442.930032975801,20.087587446453419,44.771208676788916
-0.20000000298023224,-0.054299582785444798,0.20543440049716444,1.2761983530165302e-05,6796.1183644420598,28442.930032975801,20.087587446453419,44.771208676788916
0.20000000298023224,0.064554955063843053,0.2041036462332344,1.2036046561125372e-05,8523.998827780506,26440.995137346024,24.299464782381754,45.578747366604958
-0.20000000298023224,0.064554955063843053,0.2041036462332344,1.2036046561125372e-05,8523.998827780506,26440.995137346024,24.299464782381754,45.578747366604958
0.20000000298023224,-0.064554955063843053,0.2041036462332344,1.2036046561125372e-05,8523.998827780506,26440.995137346024,24.299464782381754,45.578747366604958
-0.20000000298023224,-0.064554955063843053,0.2041036462332344,1.2036046561125372e-05,8523.998827780506,26440.995137346024,24.299464782381754,45.578747366604958
0.20000000298023224,0.073512479662895203,0.20275777578353882,1.2355687196563804e-05,10187.319020076178,23999.857973028687,28.90369237487841,43.756190396778649
-0.20000000298023224,0.073512479662895203,0.20275777578353882,1.2355687196563804e-05,10187.319020076178,23999.857973028687,28.90369237487841,43.756190396778649
0.20000000298023224,-0.073512479662895203,0.20275777578353882,1.2355687196563804e-05,10187.319020076178,23999.857973028687,28.90369237487841,43.756190396778649
-0.20000000298023224,-0.073512479662895203,0.20275777578353882,1.2355687196563804e-05,10187.319020076178,23999.857973028687,28.90369237487841,43.756190396778649
0.20000000298023224,0.084236949512661696,0.20088953416691099,1.5447064848390627e-05,12096.165785450441,20277.744713980308,34.291337511059325,37.519681068235414
-0.20000000298023224,0.084236949512661696,0.20088953416691099,1.5447064848390627e-05,12096.165785450441,20277.744713980308,34.291337511059325,37.519681068235414
0.20000000298023224,-0.084236949512661696,0.20088953416691099,1.5447064848390627e-05,12096.165785450441,20277.744713980308,34.291337511059325,37.519681068235414
-0.20000000298023224,-0.084236949512661696,0.20088953416691099,1.5447064848390627e-05,12096.165785450441,20277.744713980308,34.291337511059325,37.519681068235414
0.20000000298023224,0.091820452475759651,0.199426235097594,1.6901261264390374e-05,13101.21679395448,17259.789938893111,37.667444857508592,33.35991309737701
-0.20000000298023224,0.091820452475759651,0.199426235097594,1.6901261264390374e-05,13101.21679395448,17259.789938893111,37.667444857508592,33.35991309737701
0.20000000298023224,-0.091820452475759651,0.199426235097594,1.6901261264390374e-05,13101.21679395448,17259.789938893111,37.667444857508592,33.35991309737701
-0.20000000298023224,-0.091820452475759651,0.199426235097594,1.6901261264390374e-05,13101.21679395448,17259.789938893111,37.667444857508592,33.35991309737701
0.20000000298023224,0.098696678876876831,0.19798706471920013,2.3701391596975874e-05,13598.320052620473,14177.221137990233,36.912353470876937,27.369470809261482
-0.20000000298023224,0.098696678876876831,0.19798706471920013,2.3701391596975874e-05,13598.320052620473,14177.221137990233,36.912353470876937,27.369470809261482
0.20000000298023224,-0.098696678876876831,0.19798706471920013,2.3701391596975874e-05,13598.320052620473,14177.221137990233,36.912353470876937,27.369470809261482
-0.20000000298023224,-0.098696678876876831,0.19798706471920013,2.3701391596975874e-05,13598.320052620473,14177.221137990233,36.912353470876937,27.369470809261482
0.19990012612172373,0.10641166363785198,0.19626811105918471,1.9718908784026853e-05,13876.364204998699,10401.628989129065,39.210855237019288,18.356254119980328
-0.19990012612172373,0.10641166363785198,0.19626811105918471,1.9718908784026853e-05,13876.364204998699,10401.628989129065,39.210855237019288,18.356254119980328
0.19990012612172373,-0.10641166363785198,0.19626811105918471,1.9718908784026853e-05,13876.364204998699,10401.628989129065,39.210855237019288,18.356254119980328
-0.19990012612172373,-0.10641166363785198,0.19626811105918471,1.9718908784026853e-05,13876.364204998699,10401.628989129065,39.210855237019288,18.356254119980328
0.20000000298023224,0.11219281703233719,0.19482865929603577,1.4745921343938807e-05,13771.21868614877,6872.8483007318819,39.659779495386857,8.3645414490179686
-0.20000000298023224,0.11219281703233719,0.19482865929603577,1.4745921343938807e-05,13771.21868614877,6872.8483007318819,39.659779495386857,8.3645414490179686
0.20000000298023224,-0.11219281703233719,0.19482865929603577,1.4745921343938807e-05,13771.21868614877,6872.8483007318819,39.659779495386857,8.3645414490179686
-0.20000000298023224,-0.11219281703233719,0.19482865929603577,1.4745921343938807e-05,13771.21868614877,6872.8483007318819,39.659779495386857,8.3645414490179686
0.20000000298023224,0.11783020943403244,0.19338229298591614,1.1815389307767687e-05,12886.779683869026,3367.8225574326584,37.782658183256117,0.88312374799715232
-0.20000000298023224,0.11783020943403244,0.19338229298591614,1.1815389307767687e-05,12886.779683869026,3367.8225574326584,37.782658183256117,0.88312374799715232
0.20000000298023224,-0.11783020943403244,0.19338229298591614,1.1815389307767687e-05,12886.779683869026,3367.8225574326584,37.782658183256117,0.88312374799715232
-0.20000000298023224,-0.11783020943403244,0.19338229298591614,1.1815389307767687e-05,12886.779683869026,3367.8225574326584,37.782658183256117,0.88312374799715232
0.011706496588885784,0.063452380709350109,0.23269139602780342,1.800959511880164e-05,73480.908628448931,-27132.497133709512,165.86248118142169,-66.214949391954946
-0.011706496588885784,0.063452380709350109,0.23269139602780342,1.800959511880164e-05,73480.908628448931,-27132.497133709512,165.86248118142169,-66.214949391954946
0.011706496588885784,-0.063452380709350109,0.23269139602780342,1.800959511880164e-05,73480.908628448931,-27132.497133709512,165.86248118142169,-66.214949391954946
-0.011706496588885784,-0.063452380709350109,0.23269139602780342,1.800959511880164e-05,73480.908628448931,-27132.497133709512,165.86248118142169,-66.214949391954946
0.0035262801716591336,0.11793382214027048,0.23284341951579149,2.3182470040352726e-05,-29813.831926732611,-19967.107789688267,-37.083286510557897,-20.930742050302708
-0.0035262801716591336,0.11793382214027048,0.23284341951579149,2.3182470040352726e-05,-29813.831926732611,-19967.107789688267,-37.083286510557897,-20.930742050302708
0.0035262801716591336,-0.11793382214027048,0.23284341951579149,2.3182470040352726e-05,-29813.831926732611,-19967.107789688267,-37.083286510557897,-20.930742050302708
-0.0035262801716591336,-0.11793382214027048,0.23284341951579149,2.3182470040352726e-05,-29813.831926732611,-19967.107789688267,-37.083286510557897,-20.930742050302708
0.068130551142623702,0.094799880550145654,0.22808683588408474,3.5148783260822774e-05,-2300.7580923085147,-51633.599649557633,-4.4599358448826827,-107.85836801119993
-0.068130551142623702,0.094799880550145654,0.22808683588408474,3.5148783260822774e-05,-2300.7580923085147,-51633.599649557633,-4.4599358448826827,-107.85836801119993
0.068130551142623702,-0.094799880550145654,0.22808683588408474,3.5148783260822774e-05,-2300.7580923085147,-51633.599649557633,-4.4599358448826827,-107.85836801119993
-0.068130551142623702,-0.094799880550145654,0.22808683588408474,3.5148783260822774e-05,-2300.7580923085147,-51633.599649557633,-4.4599358448826827,-107.85836801119993
0.068209237447552029,0.11673384614056774,0.22810414985755029,2.3021665696096895e-05,-33384.44602688231,-11360.156509599896,-41.75326068103287,-12.135441812868327
-0.068209237447552029,0.11673384614056774,0.22810414985755029,2.3021665696096895e-05,-33384.44602688231,-11360.156509599896,-41.75326068103287,-12.135441812868327
0.068209237447552029,-0.11673384614056774,0.22810414985755029,2.3021665696096895e-05,-33384.44602688231,-11360.156509599896,-41.75326068103287,-12.135441812868327
-0.068209237447552029,-0.11673384614056774,0.22810414985755029,2.3021665696096895e-05,-33384.44602688231,-11360.156509599896,-41.75326068103287,-12.135441812868327
0.013128608127542966,0.053444749291495147,0.23270602388179473,1.7789366212731437e-05,80148.568095049792,-16163.583238529265,193.05809484058156,-35.054246171703724
-0.013128608127542966,0.053444749291495147,0.23270602388179473,1.7789366212731437e-05,80148.568095049792,-16163.583238529265,193.05809484058156,-35.054246171703724
0.013128608127542966,-0.053444749291495147,0.23270602388179473,1.7789366212731437e-05,80148.568095049792,-16163.583238529265,193.05809484058156,-35.054246171703724
-0.013128608127542966,-0.053444749291495147,0.23270602388179473,1.7789366212731437e-05,80148.568095049792,-16163.583238529265,193.05809484058156,-35.054246171703724
0.073569598202618602,0.095546250585988604,0.22732699531206424,2.0107416868259434e-05,-6343.3694120290475,-49323.524526010267,-11.646434079698434,-100.15435788916464
-0.073569598202618602,0.095546250585988604,0.22732699531206424,2.0107416868259434e-05,-6343.3694120290475,-49323.524526010267,-11.646434079698434,-100.15435788916464
0.073569598202618602,-0.095546250585988604,0.22732699531206424,2.0107416868259434e-05,-6343.3694120290475,-49323.524526010267,-11.646434079698434,-100.15435788916464
-0.073569598202618602,-0.095546250585988604,0.22732699531206424,2.0107416868259434e-05,-6343.3694120290475,-49323.524526010267,-11.646434079698434,-100.15435788916464
0.03948402797717164,0.12931401458354008,0.23128513148581967,1.6122586681204818e-06,-25721.970960837614,11523.254145938197,-15.801970007475823,13.095878005255367
-0.03948402797717164,0.12931401458354008,0.23128513148581967,1.6122586681204818e-06,-25721.970960837614,11523.254145938197,-15.801970007475823,13.095878005255367
0.03948402797717164,-0.12931401458354008,0.23128513148581967,1.6122586681204818e-06,-25721.970960837614,11523.254145938197,-15.801970007475823,13.095878005255367
-0.03948402797717164,-0.12931401458354008,0.23128513148581967,1.6122586681204818e-06,-25721.970960837614,11523.254145938197,-15.801970007475823,13.095878005255367
0.035394549973843725,0.074328223191563819,0.23159835611076793,2.3089628413875328e-05,53554.12032719476,-46306.995665107905,114.18827476247722,-96.887411674882728
-0.035394549973843725,0.074328223191563819,0.23159835611076793,2.3089628413875328e-05,53554.12032719476,-46306.995665107905,114.18827476247722,-96.887411674882728
0.035394549973843725,-0.074328223191563819,0.23159835611076793,2.3089628413875328e-05,53554.12032719476,-46306.995665107905,114.18827476247722,-96.887411674882728
-0.035394549973843725,-0.074328223191563819,0.23159835611076793,2.3089628413875328e-05,53554.12032719476,-46306.995665107905,114.18827476247722,-96.887411674882728
0.0060833326497002236,0.12229807562713958,0.23284450073690935,9.029588121442459e-06,-31607.291552078928,-8073.224965839011,-25.352584255065373,-2.747020656852182
-0.0060833326497002236,0.12229807562713958,0.23284450073690935,9.029588121442459e-06,-31607.291552078928,-8073.224965839011,-25.352584255065373,-2.747020656852182
0.0060833326497002236,-0.12229807562713958,0.23284450073690935,9.029588121442459e-06,-31607.291552078928,-8073.224965839011,-25.352584255065373,-2.747020656852182
-0.0060833326497002236,-0.12229807562713958,0.23284450073690935,9.029588121442459e-06,-31607.291552078928,-8073.224965839011,-25.352584255065373,-2.747020656852182
0.080671795873844127,0.12217110534971647,0.22625488505563796,1.0252669055973612e-05,-29771.835314018088,6521.4648967908661,-27.105589141868354,9.0522946985484332
-0.080671795873844127,0.12217110534971647,0.22625488505563796,1.0252669055973612e-05,-29771.835314018088,6521.4648967908661,-27.105589141868354,9.0522946985484332
0.080671795873844127,-0.12217110534971647,0.22625488505563796,1.0252669055973612e-05,-29771.835314018088,6521.4648967908661,-27.105589141868354,9.0522946985484332
-0.080671795873844127,-0.12217110534971647,0.22625488505563796,1.0252669055973612e-05,-29771.835314018088,6521.4648967908661,-27.105589141868354,9.0522946985484332
0.021594327094812179,0.066204756557475986,0.23239393023641608,1.3409261833347106e-05,68583.67714438618,-33143.940976913676,150.70061656559463,-74.282439337584563
-0.021594327094812179,0.066204756557475986,0.23239393023641608,1.3409261833347106e-05,68583.67714438618,-33143.940976913676,150.70061656559463,-74.282439337584563
0.021594327094812179,-0.066204756557475986,0.23239393023641608,1.3409261833347106e-05,68583.67714438618,-33143.940976913676,150.70061656559463,-74.282439337584563
-0.021594327094812179,-0.066204756557475986,0.23239393023641608,1.3409261833347106e-05,68583.67714438618,-33143.940976913676,150.70061656559463,-74.282439337584563
0.12350332716535629,0.044488969626916085,0.21995872496764479,2.9694363997553206e-05,1840.8117523737242,-62043.920979957198,2.9213026236767181,-133.98894502706139
-0.12350332716535629,0.044488969626916085,0.21995872496764479,2.9694363997553206e-05,1840.8117523737242,-62043.920979957198,2.9213026236767181,-133.98894502706139
0.12350332716535629,-0.044488969626916085,0.21995872496764479,2.9694363997553206e-05,1840.8117523737242,-62043.920979957198,2.9213026236767181,-133.98894502706139
-0.12350332716535629,-0.044488969626916085,0.21995872496764479,2.9694363997553206e-05,1840.8117523737242,-62043.920979957198,2.9213026236767181,-133.98894502706139
0.19581988222293847,0.089183075617780536,0.2013456762930573,2.3354264046467932e-05,6833.6170608031889,24242.912709569253,19.204448774680017,42.868613218666283
-0.19581988222293847,0.089183075617780536,0.2013456762930573,2.3354264046467932e-05,6833.6170608031889,24242.912709569253,19.204448774680017,42.868613218666283
0.19581988222293847,-0.089183075617780536,0.2013456762930573,2.3354264046467932e-05,6833.6170608031889,24242.912709569253,19.204448774680017,42.868613218666283
-0.19581988222293847,-0.089183075617780536,0.2013456762930573,2.3354264046467932e-05,6833.6170608031889,24242.912709569253,19.204448774680017,42.868613218666283
0.034219911172958799,0.085590560073378369,0.23167642377480563,2.0496899357720073e-05,33295.978536179289,-54037.253961238159,70.711286902168496,-119.30417981112534
-0.034219911172958799,0.085590560073378369,0.23167642377480563,2.0496899357720073e-05,33295.978536179289,-54037.253961238159,70.711286902168496,-119.30417981112534
0.034219911172958799,-0.085590560073378369,0.23167642377480563,2.0496899357720073e-05,33295.978536179289,-54037.253961238159,70.711286902168496,-119.30417981112534
-0.034219911172958799,-0.085590560073378369,0.23167642377480563,2.0496899357720073e-05,33295.978536179289,-54037.253961238159,70.711286902168496,-119.30417981112534
0.17486397460619435,0.08544663355590168,0.20843330225796206,2.4344219718518291e-05,-25454.47349390461,26504.565047392094,-50.509234184620048,47.515945806427986
-0.17486397460619435,0.08544663355590168,0.20843330225796206,2.4344219718518291e-05,-25454.47349390461,26504.565047392094,-50.509234184620048,47.515945806427986
0.17486397460619435,-0.08544663355590168,0.20843330225796206,2.4344219718518291e-05,-25454.47349390461,26504.565047392094,-50.509234184620048,47.515945806427986
-0.17486397460619435,-0.08544663355590168,0.20843330225796206,2.4344219718518291e-05,-25454.47349390461,26504.565047392094,-50.509234184620048,47.515945806427986
0.10120182395067165,0.097326172064893551,0.22324023460756695,1.2006905680062745e-05,-25859.920595890566,-35586.223514580357,-51.195514169385675,-75.112503664293484
-0.10120182395067165,0.097326172064893551,0.22324023460756695,1.2006905680062745e-05,-25859.920595890566,-35586.223514580357,-51.195514169385675,-75.112503664293484
0.10120182395067165,-0.097326172064893551,0.22324023460756695,1.2006905680062745e-05,-25859.920595890566,-35586.223514580357,-51.195514169385675,-75.112503664293484
-0.10120182395067165,-0.097326172064893551,0.22324023460756695,1.2006905680062745e-05,-25859.920595890566,-35586.223514580357,-51.195514169385675,-75.112503664293484
0.077926104646544148,0.11891580831510126,0.22669037701462036,2.1947671280861398e-05,-32752.160728362589,-1976.5280400377364,-36.772182923940314,1.1426240670677559
-0.077926104646544148,0.11891580831510126,0.22669037701462036,2.1947671280861398e-05,-32752.160728362589,-1976.5280400377364,-36.772182923940314,1.1426240670677559
0.077926104646544148,-0.11891580831510126,0.22669037701462036,2.1947671280861398e-05,-32752.160728362589,-1976.5280400377364,-36.772182923940314,1.1426240670677559
-0.077926104646544148,-0.11891580831510126,0.22669037701462036,2.1947671280861398e-05,-32752.160728362589,-1976.5280400377364,-36.772182923940314,1.1426240670677559
0.032559787357403613,0.069782421691861815,0.23179244317628941,3.1048328387056952e-05,61025.600197990905,-41356.525711322618,137.80398821315583,-93.201572577793769
-0.032559787357403613,0.069782421691861815,0.23179244317628941,3.1048328387056952e-05,61025.600197990905,-41356.525711322618,137.80398821315583,-93.201572577793769
0.032559787357403613,-0.069782421691861815,0.23179244317628941,3.1048328387056952e-05,61025.600197990905,-41356.525711322618,137.80398821315583,-93.201572577793769
-0.032559787357403613,-0.069782421691861815,0.23179244317628941,3.1048328387056952e-05,61025.600197990905,-41356.525711322618,137.80398821315583,-93.201572577793769
0.065726157893737827,0.085865460806228075,0.22845213405370074,1.601417832795073e-05,17155.829058922329,-56157.777327440148,40.64391285026641,-117.97663261811297
-0.065726157893737827,0.085865460806228075,0.22845213405370074,1.601417832795073e-05,17155.829058922329,-56157.777327440148,40.64391285026641,-117.97663261811297
0.065726157893737827,-0.085865460806228075,0.22845213405370074,1.601417832795073e-05,17155.829058922329,-56157.777327440148,40.64391285026641,-117.97663261811297
-0.065726157893737827,-0.085865460806228075,0.22845213405370074,1.601417832795073e-05,17155.829058922329,-56157.777327440148,40.64391285026641,-117.97663261811297
0.063433668980803895,0.093898275410983945,0.22871478464718664,1.4141491333685108e-05,2086.5552237044976,-53508.131736483447,2.1764617464824658,-106.48673633870095
-0.063433668980803895,0.093898275410983945,0.22871478464718664,1.4141491333685108e-05,2086.5552237044976,-53508.131736483447,2.1764617464824658,-106.48673633870095
0.063433668980803895,-0.093898275410983945,0.22871478464718664,1.4141491333685108e-05,2086.5552237044976,-53508.131736483447,2.1764617464824658,-106.48673633870095
-0.063433668980803895,-0.093898275410983945,0.22871478464718664,1.4141491333685108e-05,2086.5552237044976,-53508.131736483447,2.1764617464824658,-106.48673633870095
0.12438265050811752,0.116597339416357,0.21804635045383916,3.8117938430261404e-05,-28488.709736233708,12237.486461978559,-36.552837185705222,24.538156268951031
-0.12438265050811752,0.116597339416357,0.21804635045383916,3.8117938430261404e-05,-28488.709736233708,12237.486461978559,-36.552837185705222,24.538156268951031
0.12438265050811752,-0.116597339416357,0.21804635045383916,3.8117938430261404e-05,-28488.709736233708,12237.486461978559,-36.552837185705222,24.538156268951031
-0.12438265050811752,-0.116597339416357,0.21804635045383916,3.8117938430261404e-05,-28488.709736233708,12237.486461978559,-36.552837185705222,24.538156268951031
0.11465812123517903,0.07641943728652649,0.22126380813401803,2.2566339949814393e-05,-14276.542432446424,-52330.323586891653,-33.321849791801419,-106.58443564291443
-0.11465812123517903,0.07641943728652649,0.22126380813401803,2.2566339949814393e-05,-14276.542432446424,-52330.323586891653,-33.321849791801419,-106.58443564291443
0.11465812123517903,-0.07641943728652649,0.22126380813401803,2.2566339949814393e-05,-14276.542432446424,-52330.323586891653,-33.321849791801419,-106.58443564291443
-0.11465812123517903,-0.07641943728652649,0.22126380813401803,2.2566339949814393e-05,-14276.542432446424,-52330.323586891653,-33.321849791801419,-106.58443564291443
0.10888091062197564,0,0.22212353591690473,8.9475757112660211e-06,48459.169138334633,-52305.83243823285,82.3782722606215,-102.5817315350964
-0.10888091062197564,0,0.22212353591690473,8.9475757112660211e-06,48459.169138334633,-52305.83243823285,82.3782722606215,-102.5817315350964
0.10888091062197564,-0,0.22212353591690473,8.9475757112660211e-06,48459.169138334633,-52305.83243823285,82.3782722606215,-102.5817315350964
-0.10888091062197564,-0,0.22212353591690473,8.9475757112660211e-06,48459.169138334633,-52305.83243823285,82.3782722606215,-102.5817315350964
0.1038590751079211,0,0.22286700748592578,4.8457473551662632e-06,54776.407487661309,-46770.899303054837,107.18874782891668,-94.358892840768561
-0.1038590751079211,0,0.22286700748592578,4.8457473551662632e-06,54776.407487661309,-46770.899303054837,107.18874782891668,-94.358892840768561
0.1038590751079211,-0,0.22286700748592578,4.8457473551662632e-06,54776.407487661309,-46770.899303054837,107.18874782891668,-94.358892840768561
-0.1038590751079211,-0,0.22286700748592578,4.8457473551662632e-06,54776.407487661309,-46770.899303054837,107.18874782891668,-94.358892840768561
0.11910998496857494,0,0.22060914037345314,1.5543030263199549e-05,31993.926677764175,-60405.58774418362,56.263159014965758,-120.60679854084923
-0.11910998496857494,0,0.22060914037345314,1.5543030263199549e-05,31993.926677764175,-60405.58774418362,56.263159014965758,-120.60679854084923
0.11910998496857494,-0,0.22060914037345314,1.5543030263199549e-05,31993.926677764175,-60405.58774418362,56.263159014965758,-120.60679854084923
-0.11910998496857494,-0,0.22060914037345314,1.5543030263199549e-05,31993.926677764175,-60405.58774418362,56.263159014965758,-120.60679854084923
0.12525460024638974,0,0.21969944262731705,2.3087008974119344e-05,21172.389565653342,-63432.961940126632,29.092364898367396,-117.93839055638449
-0.12525460024638974,0,0.21969944262731705,2.3087008974119344e-05,21172.389565653342,-63432.961940126632,29.092364898367396,-117.93839055638449
0.12525460024638974,-0,0.21969944262731705,2.3087008974119344e-05,21172.389565653342,-63432.961940126632,29.092364898367396,-117.93839055638449
-0.12525460024638974,-0,0.21969944262731705,2.3087008974119344e-05,21172.389565653342,-63432.961940126632,29.092364898367396,-117.93839055638449
0.03524803026844707,0.059716165668982524,0.23161714485333421,2.5004295028740834e-05,71108.246841873537,-31452.698047227903,164.78538838664875,-67.539135280314824
-0.03524803026844707,0.059716165668982524,0.23161714485333421,2.5004295028740834e-05,71108.246841873537,-31452.698047227903,164.78538838664875,-67.539135280314824
0.03524803026844707,-0.059716165668982524,0.23161714485333421,2.5004295028740834e-05,71108.246841873537,-31452.698047227903,164.78538838664875,-67.539135280314824
-0.03524803026844707,-0.059716165668982524,0.23161714485333421,2.5004295028740834e-05,71108.246841873537,-31452.698047227903,164.78538838664875,-67.539135280314824
0.0044057684509475076,0.018075889391032211,0.23287160373243024,4.1797845685874674e-05,87702.19780485284,17580.377897830382,232.76507226086494,36.265659537099111
-0.0044057684509475076,0.018075889391032211,0.23287160373243024,4.1797845685874674e-05,87702.19780485284,17580.377897830382,232.76507226086494,36.265659537099111
0.0044057684509475076,-0.018075889391032211,0.23287160373243024,4.1797845685874674e-05,87702.19780485284,17580.377897830382,232.76507226086494,36.265659537099111
-0.0044057684509475076,-0.018075889391032211,0.23287160373243024,4.1797845685874674e-05,87702.19780485284,17580.377897830382,232.76507226086494,36.265659537099111
0.16604949928430465,0,0.21365983629327243,1.6506462983331077e-05,-45400.192646948701,-17641.048065648924,-69.294655214455247,-23.721337459429719
-0.16604949928430465,0,0.21365983629327243,1.6506462983331077e-05,-45400.192646948701,-17641.048065648924,-69.294655214455247,-23.721337459429719
0.16604949928430465,-0,0.21365983629327243,1.6506462983331077e-05,-45400.192646948701,-17641.048065648924,-69.294655214455247,-23.721337459429719
-0.16604949928430465,-0,0.21365983629327243,1.6506462983331077e-05,-45400.192646948701,-17641.048065648924,-69.294655214455247,-23.721337459429719
0.18601913636358003,0.12611755527036672,0.19697049498454178,2.2349546373010392e-05,13628.225993763997,8818.1561361402091,25.31537173951622,10.495943819547959
-0.18601913636358003,0.12611755527036672,0.19697049498454178,2.2349546373010392e-05,13628.225993763997,8818.1561361402091,25.31537173951622,10.495943819547959
0.18601913636358003,-0.12611755527036672,0.19697049498454178,2.2349546373010392e-05,13628.225993763997,8818.1561361402091,25.31537173951622,10.495943819547959
-0.18601913636358003,-0.12611755527036672,0.19697049498454178,2.2349546373010392e-05,13628.225993763997,8818.1561361402091,25.31537173951622,10.495943819547959
0.13082661950781227,0.11766346707920948,0.21641770189759099,3.7385269602083546e-05,-24269.324875002305,16357.848745792357,-32.053304778633425,28.405989471084727
-0.13082661950781227,0.11766346707920948,0.21641770189759099,3.7385269602083546e-05,-24269.324875002305,16357.848745792357,-32.053304778633425,28.405989471084727
0.13082661950781227,-0.11766346707920948,0.21641770189759099,3.7385269602083546e-05,-24269.324875002305,16357.848745792357,-32.053304778633425,28.405989471084727
-0.13082661950781227,-0.11766346707920948,0.21641770189759099,3.7385269602083546e-05,-24269.324875002305,16357.848745792357,-32.053304778633425,28.405989471084727
0.12843743463181417,0.12394792495435877,0.21634026407494825,4.3935194355012551e-05,-14588.308873299491,20766.080898008622,-14.308169199512077,29.062624311022976
-0.12843743463181417,0.12394792495435877,0.21634026407494825,4.3935194355012551e-05,-14588.308873299491,20766.080898008622,-14.308169199512077,29.062624311022976
0.12843743463181417,-0.12394792495435877,0.21634026407494825,4.3935194355012551e-05,-14588.308873299491,20766.080898008622,-14.308169199512077,29.062624311022976
-0.12843743463181417,-0.12394792495435877,0.21634026407494825,4.3935194355012551e-05,-14588.308873299491,20766.080898008622,-14.308169199512077,29.062624311022976
0.0069327941785987104,0.097239925476292122,0.2328293982756012,2.6479079762063086e-05,13481.764055013489,-52251.885598912559,19.048851481141732,-109.804098221999
-0.0069327941785987104,0.097239925476292122,0.2328293982756012,2.6479079762063086e-05,13481.764055013489,-52251.885598912559,19.048851481141732,-109.804098221999
0.0069327941785987104,-0.097239925476292122,0.2328293982756012,2.6479079762063086e-05,13481.764055013489,-52251.885598912559,19.048851481141732,-109.804098221999
-0.0069327941785987104,-0.097239925476292122,0.2328293982756012,2.6479079762063086e-05,13481.764055013489,-52251.885598912559,19.048851481141732,-109.804098221999
0.030578851612162037,0.054790858189712695,0.23192757376412645,1.471996125214008e-05,76310.714622449232,-23510.03698840837,174.61846992079842,-47.958441563232981
-0.030578851612162037,0.054790858189712695,0.23192757376412645,1.471996125214008e-05,76310.714622449232,-23510.03698840837,174.61846992079842,-47.958441563232981
0.030578851612162037,-0.054790858189712695,0.23192757376412645,1.471996125214008e-05,76310.714622449232,-23510.03698840837,174.61846992079842,-47.958441563232981
-0.030578851612162037,-0.054790858189712695,0.23192757376412645,1.471996125214008e-05,76310.714622449232,-23510.03698840837,174.61846992079842,-47.958441563232981
0.16722722662543038,0.089123927120204741,0.21006679112058549,1.4384735085222393e-05,-30486.10050801843,20693.167625970942,-66.543291229864067,34.007540074439547
-0.16722722662543038,0.089123927120204741,0.21006679112058549,1.4384735085222393e-05,-30486.10050801843,20693.167625970942,-66.543291229864067,34.007540074439547
0.16722722662543038,-0.089123927120204741,0.21006679112058549,1.4384735085222393e-05,-30486.10050801843,20693.167625970942,-66.543291229864067,34.007540074439547
-0.16722722662543038,-0.089123927120204741,0.21006679112058549,1.4384735085222393e-05,-30486.10050801843,20693.167625970942,-66.543291229864067,34.007540074439547
0.047542080714895719,0.10992770348731817,0.23057615782618865,3.2822119497913502e-05,-24875.998088981618,-35189.235976524062,-40.016543485001776,-53.244451203554036
-0.047542080714895719,0.10992770348731817,0.23057615782618865,3.2822119497913502e-05,-24875.998088981618,-35189.235976524062,-40.016543485001776,-53.244451203554036
0.047542080714895719,-0.10992770348731817,0.23057615782618865,3.2822119497913502e-05,-24875.998088981618,-35189.235976524062,-40.016543485001776,-53.244451203554036
-0.047542080714895719,-0.10992770348731817,0.23057615782618865,3.2822119497913502e-05,-24875.998088981618,-35189.235976524062,-40.016543485001776,-53.244451203554036
0.18391888445763985,-2.3600030727054505e-15,0.21101430968936194,1.0594619931556312e-05,-34644.024444621667,20916.937327244214,-44.461178770776101,30.753439816405372
-0.18391888445763985,-2.3600030727054505e-15,0.21101430968936194,1.0594619931556312e-05,-34644.024444621667,20916.937327244214,-44.461178770776101,30.753439816405372
0.18391888445763985,2.3600030727054505e-15,0.21101430968936194,1.0594619931556312e-05,-34644.024444621667,20916.937327244214,-44.461178770776101,30.753439816405372
-0.18391888445763985,2.3600030727054505e-15,0.21101430968936194,1.0594619931556312e-05,-34644.024444621667,20916.937327244214,-44.461178770776101,30.753439816405372
0.18139803334786825,0.021836148189330436,0.21133656830831782,2.4962199017119891e-05,-38271.862646674708,19961.045219651824,-62.062221431243501,32.204624375908423
-0.18139803334786825,0.021836148189330436,0.21133656830831782,2.4962199017119891e-05,-38271.862646674708,19961.045219651824,-62.062221431243501,32.204624375908423
0.18139803334786825,-0.021836148189330436,0.21133656830831782,2.4962199017119891e-05,-38271.862646674708,19961.045219651824,-62.062221431243501,32.204624375908423
-0.18139803334786825,-0.021836148189330436,0.21133656830831782,2.4962199017119891e-05,-38271.862646674708,19961.045219651824,-62.062221431243501,32.204624375908423
0.1904803729087251,0,0.21004289844845611,6.5339540971431345e-06,-21117.227240086104,29360.231319739603,-18.706197518866635,35.638507667650728
-0.1904803729087251,0,0.21004289844845611,6.5339540971431345e-06,-21117.227240086104,29360.231319739603,-18.706197518866635,35.638507667650728
0.1904803729087251,-0,0.21004289844845611,6.5339540971431345e-06,-21117.227240086104,29360.231319739603,-18.706197518866635,35.638507667650728
-0.1904803729087251,-0,0.21004289844845611,6.5339540971431345e-06,-21117.227240086104,29360.231319739603,-18.706197518866635,35.638507667650728
0.14478154825815781,0,0.21680852011780569,1.2797399045402122e-05,-18728.96683867821,-56061.745890350969,-42.089715481596528,-86.359234503369223
-0.14478154825815781,0,0.21680852011780569,1.2797399045402122e-05,-18728.96683867821,-56061.745890350969,-42.089715481596528,-86.359234503369223
0.14478154825815781,-0,0.21680852011780569,1.2797399045402122e-05,-18728.96683867821,-56061.745890350969,-42.089715481596528,-86.359234503369223
-0.14478154825815781,-0,0.21680852011780569,1.2797399045402122e-05,-18728.96683867821,-56061.745890350969,-42.089715481596528,-86.359234503369223
0.019435405369448912,0.11756412441960791,0.23247459717010141,2.825296594196861e-05,-30372.257265300661,-20555.57880006644,-35.981290211480285,-21.772253572032081
-0.019435405369448912,0.11756412441960791,0.23247459717010141,2.825296594196861e-05,-30372.257265300661,-20555.57880006644,-35.981290211480285,-21.772253572032081
0.019435405369448912,-0.11756412441960791,0.23247459717010141,2.825296594196861e-05,-30372.257265300661,-20555.57880006644,-35.981290211480285,-21.772253572032081
-0.019435405369448912,-0.11756412441960791,0.23247459717010141,2.825296594196861e-05,-30372.257265300661,-20555.57880006644,-35.981290211480285,-21.772253572032081
0.03060305053644817,0.11749890972205473,0.23189780443433125,2.0188486082201078e-05,-31456.278936347691,-19870.862978912966,-37.033206771484728,-19.126740154751115
-0.03060305053644817,0.11749890972205473,0.23189780443433125,2.0188486082201078e-05,-31456.278936347691,-19870.862978912966,-37.033206771484728,-19.126740154751115
0.03060305053644817,-0.11749890972205473,0.23189780443433125,2.0188486082201078e-05,-31456.278936347691,-19870.862978912966,-37.033206771484728,-19.126740154751115
-0.03060305053644817,-0.11749890972205473,0.23189780443433125,2.0188486082201078e-05,-31456.278936347691,-19870.862978912966,-37.033206771484728,-19.126740154751115
0.018592801328288312,0.086527137545544613,0.23250945872352655,2.3294497009687947e-05,37055.167521033494,-51098.078852153529,72.091602121766741,-108.8838971809005
-0.018592801328288312,0.086527137545544613,0.23250945872352655,2.3294497009687947e-05,37055.167521033494,-51098.078852153529,72.091602121766741,-108.8838971809005
0.018592801328288312,-0.086527137545544613,0.23250945872352655,2.3294497009687947e-05,37055.167521033494,-51098.078852153529,72.091602121766741,-108.8838971809005
-0.018592801328288312,-0.086527137545544613,0.23250945872352655,2.3294497009687947e-05,37055.167521033494,-51098.078852153529,72.091602121766741,-108.8838971809005
0.014688458848935014,0.060880331809216273,0.23265713416516129,1.6873387211605908e-05,75275.50878121893,-24834.352662009482,170.12964670905092,-58.99743683471948
-0.014688458848935014,0.060880331809216273,0.23265713416516129,1.6873387211605908e-05,75275.50878121893,-24834.352662009482,170.12964670905092,-58.99743683471948
0.014688458848935014,-0.060880331809216273,0.23265713416516129,1.6873387211605908e-05,75275.50878121893,-24834.352662009482,170.12964670905092,-58.99743683471948
-0.014688458848935014,-0.060880331809216273,0.23265713416516129,1.6873387211605908e-05,75275.50878121893,-24834.352662009482,170.12964670905092,-58.99743683471948
0.033967978689019775,0.12254498930133428,0.23167734112101993,1.0173739568761039e-05,-32690.722661363085,-5585.9117046651745,-27.051350456954719,-0.90689999481223715
-0.033967978689019775,0.12254498930133428,0.23167734112101993,1.0173739568761039e-05,-32690.722661363085,-5585.9117046651745,-27.051350456954719,-0.90689999481223715
0.033967978689019775,-0.12254498930133428,0.23167734112101993,1.0173739568761039e-05,-32690.722661363085,-5585.9117046651745,-27.051350456954719,-0.90689999481223715
-0.033967978689019775,-0.12254498930133428,0.23167734112101993,1.0173739568761039e-05,-32690.722661363085,-5585.9117046651745,-27.051350456954719,-0.90689999481223715
0.028330019144915303,0.064663349189680502,0.23205224543187633,2.4755435103960822e-05,68433.626014916532,-34057.342308545201,156.37739296582063,-77.572247263877244
-0.028330019144915303,0.064663349189680502,0.23205224543187633,2.4755435103960822e-05,68433.626014916532,-34057.342308545201,156.37739296582063,-77.572247263877244
0.028330019144915303,-0.064663349189680502,0.23205224543187633,2.4755435103960822e-05,68433.626014916532,-34057.342308545201,156.37739296582063,-77.572247263877244
-0.028330019144915303,-0.064663349189680502,0.23205224543187633,2.4755435103960822e-05,68433.626014916532,-34057.342308545201,156.37739296582063,-77.572247263877244
0.057031740074065682,0.085631542497709282,0.22953512934373921,2.6883385447354227e-05,22557.721090103525,-56231.174137744674,51.249027896699779,-118.19776446747514
-0.057031740074065682,0.085631542497709282,0.22953512934373921,2.6883385447354227e-05,22557.721090103525,-56231.174137744674,51.249027896699779,-118.19776446747514
0.057031740074065682,-0.085631542497709282,0.22953512934373921,2.6883385447354227e-05,22557.721090103525,-56231.174137744674,51.249027896699779,-118.19776446747514
-0.057031740074065682,-0.085631542497709282,0.22953512934373921,2.6883385447354227e-05,22557.721090103525,-56231.174137744674,51.249027896699779,-118.19776446747514
0.19524018794447867,0,0.20933822025465409,4.8612005876014491e-06,-8747.0176258373449,31258.976033275234,-1.9388782390888513,31.080134843129549
-0.19524018794447867,0,0.20933822025465409,4.8612005876014491e-06,-8747.0176258373449,31258.976033275234,-1.9388782390888513,31.080134843129549
0.19524018794447867,-0,0.20933822025465409,4.8612005876014491e-06,-8747.0176258373449,31258.976033275234,-1.9388782390888513,31.080134843129549
-0.19524018794447867,-0,0.20933822025465409,4.8612005876014491e-06,-8747.0176258373449,31258.976033275234,-1.9388782390888513,31.080134843129549
0.17228623374123317,0.12003206728966624,0.20351727529845351,2.065820639131402e-05,5428.8242713189784,22679.618425988258,8.3115703113313444,35.420647778509313
-0.17228623374123317,0.12003206728966624,0.20351727529845351,2.065820639131402e-05,5428.8242713189784,22679.618425988258,8.3115703113313444,35.420647778509313
0.17228623374123317,-0.12003206728966624,0.20351727529845351,2.065820639131402e-05,5428.8242713189784,22679.618425988258,8.3115703113313444,35.420647778509313
-0.17228623374123317,-0.12003206728966624,0.20351727529845351,2.065820639131402e-05,5428.8242713189784,22679.618425988258,8.3115703113313444,35.420647778509313
0.15779972877936571,0.051327538245427524,0.21473820376357297,2.04124454006912e-05,-48347.646467468374,-16170.759995677796,-93.444737552148766,-37.672397873085451
-0.15779972877936571,0.051327538245427524,0.21473820376357297,2.04124454006912e-05,-48347.646467468374,-16170.759995677796,-93.444737552148766,-37.672397873085451
0.15779972877936571,-0.051327538245427524,0.21473820376357297,2.04124454006912e-05,-48347.646467468374,-16170.759995677796,-93.444737552148766,-37.672397873085451
-0.15779972877936571,-0.051327538245427524,0.21473820376357297,2.04124454006912e-05,-48347.646467468374,-16170.759995677796,-93.444737552148766,-37.672397873085451
0.1907126222786078,0.075972377994085821,0.20516669004153185,1.3025211844166187e-05,-7188.6843679474441,31751.752511063405,-10.01781689277875,55.542650020812388
-0.1907126222786078,0.075972377994085821,0.20516669004153185,1.3025211844166187e-05,-7188.6843679474441,31751.752511063405,-10.01781689277875,55.542650020812388
0.1907126222786078,-0.075972377994085821,0.20516669004153185,1.3025211844166187e-05,-7188.6843679474441,31751.752511063405,-10.01781689277875,55.542650020812388
-0.1907126222786078,-0.075972377994085821,0.20516669004153185,1.3025211844166187e-05,-7188.6843679474441,31751.752511063405,-10.01781689277875,55.542650020812388
0.0031424623611497381,0.12574118327966655,0.23289618760886302,3.2572601828034102e-06,-30153.767536156098,1164.9619943847531,-18.445661803805869,2.4647963256493068
-0.0031424623611497381,0.12574118327966655,0.23289618760886302,3.2572601828034102e-06,-30153.767536156098,1164.9619943847531,-18.445661803805869,2.4647963256493068
0.0031424623611497381,-0.12574118327966655,0.23289618760886302,3.2572601828034102e-06,-30153.767536156098,1164.9619943847531,-18.445661803805869,2.4647963256493068
-0.0031424623611497381,-0.12574118327966655,0.23289618760886302,3.2572601828034102e-06,-30153.767536156098,1164.9619943847531,-18.445661803805869,2.4647963256493068
0.17833974576836664,0.12644164860276524,0.19991148211985388,1.77642621932525e-05,13111.396605009424,13340.698104528959,23.671800774158527,17.246046216860524
-0.17833974576836664,0.12644164860276524,0.19991148211985388,1.77642621932525e-05,13111.396605009424,13340.698104528959,23.671800774158527,17.246046216860524
0.17833974576836664,-0.12644164860276524,0.19991148211985388,1.77642621932525e-05,13111.396605009424,13340.698104528959,23.671800774158527,17.246046216860524
-0.17833974576836664,-0.12644164860276524,0.19991148211985388,1.77642621932525e-05,13111.396605009424,13340.698104528959,23.671800774158527,17.246046216860524
0.0047560408711433411,0,0.23286782950162888,1.2457722592655976e-05,86013.67134789069,27710.376725248054,223.96505984493376,50.629089799174857
-0.0047560408711433411,0,0.23286782950162888,1.2457722592655976e-05,86013.67134789069,27710.376725248054,223.96505984493376,50.629089799174857
0.0047560408711433411,-0,0.23286782950162888,1.2457722592655976e-05,86013.67134789069,27710.376725248054,223.96505984493376,50.629089799174857
-0.0047560408711433411,-0,0.23286782950162888,1.2457722592655976e-05,86013.67134789069,27710.376725248054,223.96505984493376,50.629089799174857
0.16303957684403519,0.0030878471272757953,0.21410545124409536,1.699935388048091e-05,-44364.369487512209,-23082.527488021329,-97.683116484962113,-50.522982714909915
-0.16303957684403519,0.0030878471272757953,0.21410545124409536,1.699935388048091e-05,-44364.369487512209,-23082.527488021329,-97.683116484962113,-50.522982714909915
0.16303957684403519,-0.0030878471272757953,0.21410545124409536,1.699935388048091e-05,-44364.369487512209,-23082.527488021329,-97.683116484962113,-50.522982714909915
-0.16303957684403519,-0.0030878471272757953,0.21410545124409536,1.699935388048091e-05,-44364.369487512209,-23082.527488021329,-97.683116484962113,-50.522982714909915
0.085714288055896759,0,0.22555331140756607,1.9777131175432228e-05,73922.366178269454,-23425.855806196785,140.79278935409741,-63.246830715789756
-0.085714288055896759,0,0.22555331140756607,1.9777131175432228e-05,73922.366178269454,-23425.855806196785,140.79278935409741,-63.246830715789756
0.085714288055896759,-0,0.22555331140756607,1.9777131175432228e-05,73922.366178269454,-23425.855806196785,140.79278935409741,-63.246830715789756
-0.085714288055896759,-0,0.22555331140756607,1.9777131175432228e-05,73922.366178269454,-23425.855806196785,140.79278935409741,-63.246830715789756
0.10160245083821634,0.077101490830158825,0.22320110092205711,1.4941308391394817e-05,748.1445776298807,-55875.096543672495,4.0347861892657635,-121.63645823305289
-0.10160245083821634,0.077101490830158825,0.22320110092205711,1.4941308391394817e-05,748.1445776298807,-55875.096543672495,4.0347861892657635,-121.63645823305289
0.10160245083821634,-0.077101490830158825,0.22320110092205711,1.4941308391394817e-05,748.1445776298807,-55875.096543672495,4.0347861892657635,-121.63645823305289
-0.10160245083821634,-0.077101490830158825,0.22320110092205711,1.4941308391394817e-05,748.1445776298807,-55875.096543672495,4.0347861892657635,-121.63645823305289
0.013024320489848605,0.027447096295525827,0.23272251058193019,1.5595609750820672e-05,86707.956323719976,11068.505391885315,200.24611322594092,28.304684867320368
-0.013024320489848605,0.027447096295525827,0.23272251058193019,1.5595609750820672e-05,86707.956323719976,11068.505391885315,200.24611322594092,28.304684867320368
0.013024320489848605,-0.027447096295525827,0.23272251058193019,1.5595609750820672e-05,86707.956323719976,11068.505391885315,200.24611322594092,28.304684867320368
-0.013024320489848605,-0.027447096295525827,0.23272251058193019,1.5595609750820672e-05,86707.956323719976,11068.505391885315,200.24611322594092,28.304684867320368
0.097086482662247856,0.065152644024542211,0.22386968182876391,1.5528887437299327e-05,22455.572456934606,-58597.464527291078,48.457170190016718,-128.1245182354881
-0.097086482662247856,0.065152644024542211,0.22386968182876391,1.5528887437299327e-05,22455.572456934606,-58597.464527291078,48.457170190016718,-128.1245182354881
0.097086482662247856,-0.065152644024542211,0.22386968182876391,1.5528887437299327e-05,22455.572456934606,-58597.464527291078,48.457170190016718,-128.1245182354881
-0.097086482662247856,-0.065152644024542211,0.22386968182876391,1.5528887437299327e-05,22455.572456934606,-58597.464527291078,48.457170190016718,-128.1245182354881
0.0086264200010315768,0.11092576864958181,0.23279980700672528,2.3668646319111604e-05,-19705.789697785713,-36873.304611570857,-33.596651134505144,-54.481947666822741
-0.0086264200010315768,0.11092576864958181,0.23279980700672528,2.3668646319111604e-05,-19705.789697785713,-36873.304611570857,-33.596651134505144,-54.481947666822741
0.0086264200010315768,-0.11092576864958181,0.23279980700672528,2.3668646319111604e-05,-19705.789697785713,-36873.304611570857,-33.596651134505144,-54.481947666822741
-0.0086264200010315768,-0.11092576864958181,0.23279980700672528,2.3668646319111604e-05,-19705.789697785713,-36873.304611570857,-33.596651134505144,-54.481947666822741
0.087897938442524026,0.12559198557770007,0.22504709635763021,1.8874753962886518e-05,-23641.179315050922,15094.158109228934,-16.429866752138224,16.297316188644345
-0.087897938442524026,0.12559198557770007,0.22504709635763021,1.8874753962886518e-05,-23641.179315050922,15094.158109228934,-16.429866752138224,16.297316188644345
0.087897938442524026,-0.12559198557770007,0.22504709635763021,1.8874753962886518e-05,-23641.179315050922,15094.158109228934,-16.429866752138224,16.297316188644345
-0.087897938442524026,-0.12559198557770007,0.22504709635763021,1.8874753962886518e-05,-23641.179315050922,15094.158109228934,-16.429866752138224,16.297316188644345
0.16557154914496103,0.12097793637748208,0.20567939616218039,1.5839161123803375e-05,2574.5588771039074,23741.131951424166,4.1588505297777232,36.665671288044869
-0.16557154914496103,0.12097793637748208,0.20567939616218039,1.5839161123803375e-05,2574.5588771039074,23741.131951424166,4.1588505297777232,36.665671288044869
0.16557154914496103,-0.12097793637748208,0.20567939616218039,1.5839161123803375e-05,2574.5588771039074,23741.131951424166,4.1588505297777232,36.665671288044869
-0.16557154914496103,-0.12097793637748208,0.20567939616218039,1.5839161123803375e-05,2574.5588771039074,23741.131951424166,4.1588505297777232,36.665671288044869
0.071344906017850679,0.08212947737678955,0.22767991951581434,1.7546392922487852e-05,20618.752717203228,-56597.818491227081,44.05798971261563,-121.94941731501176
-0.071344906017850679,0.08212947737678955,0.22767991951581434,1.7546392922487852e-05,20618.752717203228,-56597.818491227081,44.05798971261563,-121.94941731501176
0.071344906017850679,-0.08212947737678955,0.22767991951581434,1.7546392922487852e-05,20618.752717203228,-56597.818491227081,44.05798971261563,-121.94941731501176
-0.071344906017850679,-0.08212947737678955,0.22767991951581434,1.7546392922487852e-05,20618.752717203228,-56597.818491227081,44.05798971261563,-121.94941731501176
0.11446761190260295,0.039977145118675603,0.22129644151069419,2.0012391330134974e-05,22059.080458291301,-61637.437872542811,44.730938288583651,-132.37620567871716
-0.11446761190260295,0.039977145118675603,0.22129644151069419,2.0012391330134974e-05,22059.080458291301,-61637.437872542811,44.730938288583651,-132.37620567871716
0.11446761190260295,-0.039977145118675603,0.22129644151069419,2.0012391330134974e-05,22059.080458291301,-61637.437872542811,44.730938288583651,-132.37620567871716
-0.11446761190260295,-0.039977145118675603,0.22129644151069419,2.0012391330134974e-05,22059.080458291301,-61637.437872542811,44.730938288583651,-132.37620567871716
0.029628188567331775,0.10639852210838595,0.23198517473467595,1.9467866487329782e-05,-13473.549699831037,-44275.449200835152,-24.394744104432192,-80.107942493643733
-0.029628188567331775,0.10639852210838595,0.23198517473467595,1.9467866487329782e-05,-13473.549699831037,-44275.449200835152,-24.394744104432192,-80.107942493643733
0.029628188567331775,-0.10639852210838595,0.23198517473467595,1.9467866487329782e-05,-13473.549699831037,-44275.449200835152,-24.394744104432192,-80.107942493643733
-0.029628188567331775,-0.10639852210838595,0.23198517473467595,1.9467866487329782e-05,-13473.549699831037,-44275.449200835152,-24.394744104432192,-80.107942493643733
0.096327439829399425,0.1008861797782542,0.22396048603753776,1.0449179408239341e-05,-26907.496511175792,-32555.049601879502,-47.410604638168415,-59.966476133434718
-0.096327439829399425,0.1008861797782542,0.22396048603753776,1.0449179408239341e-05,-26907.496511175792,-32555.049601879502,-47.410604638168415,-59.966476133434718
0.096327439829399425,-0.1008861797782542,0.22396048603753776,1.0449179408239341e-05,-26907.496511175792,-32555.049601879502,-47.410604638168415,-59.966476133434718
-0.096327439829399425,-0.1008861797782542,0.22396048603753776,1.0449179408239341e-05,-26907.496511175792,-32555.049601879502,-47.410604638168415,-59.966476133434718
0.024551130684468417,0.12909640757201624,0.2322590738875048,1.1681234252263427e-06,-26693.170760267636,9732.9920220922595,-17.358977044449187,12.600146980347184
-0.024551130684468417,0.12909640757201624,0.2322590738875048,1.1681234252263427e-06,-26693.170760267636,9732.9920220922595,-17.358977044449187,12.600146980347184
0.024551130684468417,-0.12909640757201624,0.2322590738875048,1.1681234252263427e-06,-26693.170760267636,9732.9920220922595,-17.358977044449187,12.600146980347184
-0.024551130684468417,-0.12909640757201624,0.2322590738875048,1.1681234252263427e-06,-26693.170760267636,9732.9920220922595,-17.358977044449187,12.600146980347184
0.0032236349333478612,0.035284701716498015,0.23285647777116147,1.7488613388456614e-05,86825.617504168244,5426.4937050841045,243.35853136156413,7.6962171042214589
-0.0032236349333478612,0.035284701716498015,0.23285647777116147,1.7488613388456614e-05,86825.617504168244,5426.4937050841045,243.35853136156413,7.6962171042214589
0.0032236349333478612,-0.035284701716498015,0.23285647777116147,1.7488613388456614e-05,86825.617504168244,5426.4937050841045,243.35853136156413,7.6962171042214589
-0.0032236349333478612,-0.035284701716498015,0.23285647777116147,1.7488613388456614e-05,86825.617504168244,5426.4937050841045,243.35853136156413,7.6962171042214589
0.055555204476805432,0.089327790594650444,0.22968044875096638,1.1908290423097613e-05,15603.560964100192,-56035.243710182862,36.147641210346876,-120.79556656219164
-0.055555204476805432,0.089327790594650444,0.22968044875096638,1.1908290423097613e-05,15603.560964100192,-56035.243710182862,36.147641210346876,-120.79556656219164
0.055555204476805432,-0.089327790594650444,0.22968044875096638,1.1908290423097613e-05,15603.560964100192,-56035.243710182862,36.147641210346876,-120.79556656219164
-0.055555204476805432,-0.089327790594650444,0.22968044875096638,1.1908290423097613e-05,15603.560964100192,-56035.243710182862,36.147641210346876,-120.79556656219164
0.079330892021547403,0.086754597304119691,0.22649836113149413,2.4895725890581569e-05,6446.8921301857808,-54501.89409955241,14.67062861837351,-116.26549949988063
-0.079330892021547403,0.086754597304119691,0.22649836113149413,2.4895725890581569e-05,6446.8921301857808,-54501.89409955241,14.67062861837351,-116.26549949988063
0.079330892021547403,-0.086754597304119691,0.22649836113149413,2.4895725890581569e-05,6446.8921301857808,-54501.89409955241,14.67062861837351,-116.26549949988063
-0.079330892021547403,-0.086754597304119691,0.22649836113149413,2.4895725890581569e-05,6446.8921301857808,-54501.89409955241,14.67062861837351,-116.26549949988063
0.038727583171576617,0.10022165326093019,0.23134674820663043,2.6549039770445197e-05,-1928.3806756623253,-51868.637851418636,-10.905334001111221,-93.684697673614949
-0.038727583171576617,0.10022165326093019,0.23134674820663043,2.6549039770445197e-05,-1928.3806756623253,-51868.637851418636,-10.905334001111221,-93.684697673614949
0.038727583171576617,-0.10022165326093019,0.23134674820663043,2.6549039770445197e-05,-1928.3806756623253,-51868.637851418636,-10.905334001111221,-93.684697673614949
-0.038727583171576617,-0.10022165326093019,0.23134674820663043,2.6549039770445197e-05,-1928.3806756623253,-51868.637851418636,-10.905334001111221,-93.684697673614949
0.058363342398606882,0.12945887941038942,0.22937247679637715,1.4000731136301207e-06,-22882.813494274393,14980.635904679006,-12.159148132278721,14.921095835219285
-0.058363342398606882,0.12945887941038942,0.22937247679637715,1.4000731136301207e-06,-22882.813494274393,14980.635904679006,-12.159148132278721,14.921095835219285
0.058363342398606882,-0.12945887941038942,0.22937247679637715,1.4000731136301207e-06,-22882.813494274393,14980.635904679006,-12.159148132278721,14.921095835219285
-0.058363342398606882,-0.12945887941038942,0.22937247679637715,1.4000731136301207e-06,-22882.813494274393,14980.635904679006,-12.159148132278721,14.921095835219285
0.024435304249670043,0.022032397918354197,0.23226516884698611,3.6354837674854501e-05,86791.093032137273,11195.801620901482,211.15562738504818,21.134204120285411
-0.024435304249670043,0.022032397918354197,0.23226516884698611,3.6354837674854501e-05,86791.093032137273,11195.801620901482,211.15562738504818,21.134204120285411
0.024435304249670043,-0.022032397918354197,0.23226516884698611,3.6354837674854501e-05,86791.093032137273,11195.801620901482,211.15562738504818,21.134204120285411
-0.024435304249670043,-0.022032397918354197,0.23226516884698611,3.6354837674854501e-05,86791.093032137273,11195.801620901482,211.15562738504818,21.134204120285411
0.02072307939867862,0.09868969582666258,0.23242801144603623,2.9725777978030153e-05,7322.7583324042898,-52272.92200373231,11.542945582464297,-105.03672636854205
-0.02072307939867862,0.09868969582666258,0.23242801144603623,2.9725777978030153e-05,7322.7583324042898,-52272.92200373231,11.542945582464297,-105.03672636854205
0.02072307939867862,-0.09868969582666258,0.23242801144603623,2.9725777978030153e-05,7322.7583324042898,-52272.92200373231,11.542945582464297,-105.03672636854205
-0.02072307939867862,-0.09868969582666258,0.23242801144603623,2.9725777978030153e-05,7322.7583324042898,-52272.92200373231,11.542945582464297,-105.03672636854205
0.017617789897373237,0.093265155310409173,0.23253943860917717,4.0007846134928126e-05,21547.48109992559,-53212.884583426639,40.859703858286643,-114.85303305987674
-0.017617789897373237,0.093265155310409173,0.23253943860917717,4.0007846134928126e-05,21547.48109992559,-53212.884583426639,40.859703858286643,-114.85303305987674
0.017617789897373237,-0.093265155310409173,0.23253943860917717,4.0007846134928126e-05,21547.48109992559,-53212.884583426639,40.859703858286643,-114.85303305987674
-0.017617789897373237,-0.093265155310409173,0.23253943860917717,4.0007846134928126e-05,21547.48109992559,-53212.884583426639,40.859703858286643,-114.85303305987674
0.033831726128030953,0.09061613271267728,0.23167020160382157,3.4524703423754192e-05,22702.579646790928,-54848.196485321881,48.425486823808207,-113.66265992563011
-0.033831726128030953,0.09061613271267728,0.23167020160382157,3.4524703423754192e-05,22702.579646790928,-54848.196485321881,48.425486823808207,-113.66265992563011
0.033831726128030953,-0.09061613271267728,0.23167020160382157,3.4524703423754192e-05,22702.579646790928,-54848.196485321881,48.425486823808207,-113.66265992563011
-0.033831726128030953,-0.09061613271267728,0.23167020160382157,3.4524703423754192e-05,22702.579646790928,-54848.196485321881,48.425486823808207,-113.66265992563011
0.1823767930220567,0.11897657350066673,0.20005551385451709,1.8026477710949323e-05,9714.7242358738986,18824.305224432996,16.504705583281815,27.347518096614028
-0.1823767930220567,0.11897657350066673,0.20005551385451709,1.8026477710949323e-05,9714.7242358738986,18824.305224432996,16.504705583281815,27.347518096614028
0.1823767930220567,-0.11897657350066673,0.20005551385451709,1.8026477710949323e-05,9714.7242358738986,18824.305224432996,16.504705583281815,27.347518096614028
-0.1823767930220567,-0.11897657350066673,0.20005551385451709,1.8026477710949323e-05,9714.7242358738986,18824.305224432996,16.504705583281815,27.347518096614028
0.010364403466941624,0.030598422260881882,0.23276925935577969,2.858248543514923e-05,87052.342986946096,8641.8709414834175,207.3870302185106,14.692668879310036
-0.010364403466941624,0.030598422260881882,0.23276925935577969,2.858248543514923e-05,87052.342986946096,8641.8709414834175,207.3870302185106,14.692668879310036
0.010364403466941624,-0.030598422260881882,0.23276925935577969,2.858248543514923e-05,87052.342986946096,8641.8709414834175,207.3870302185106,14.692668879310036
-0.010364403466941624,-0.030598422260881882,0.23276925935577969,2.858248543514923e-05,87052.342986946096,8641.8709414834175,207.3870302185106,14.692668879310036
0.017471830818030821,0.038145824359957101,0.23251994784777652,2.080725927604254e-05,85573.094792475793,-126.69874650691651,203.79422482566659,-4.2580983651424562
-0.017471830818030821,0.038145824359957101,0.23251994784777652,2.080725927604254e-05,85573.094792475793,-126.69874650691651,203.79422482566659,-4.2580983651424562
0.017471830818030821,-0.038145824359957101,0.23251994784777652,2.080725927604254e-05,85573.094792475793,-126.69874650691651,203.79422482566659,-4.2580983651424562
-0.017471830818030821,-0.038145824359957101,0.23251994784777652,2.080725927604254e-05,85573.094792475793,-126.69874650691651,203.79422482566659,-4.2580983651424562
0.18552903085947037,0.11601973325014114,0.19944906234741211,3.090812840313745e-05,9478.4051980595614,19232.243777259209,18.849133109643766,28.743511497112806
-0.18552903085947037,0.11601973325014114,0.19944906234741211,3.090812840313745e-05,9478.4051980595614,19232.243777259209,18.849133109643766,28.743511497112806
0.18552903085947037,-0.11601973325014114,0.19944906234741211,3.090812840313745e-05,9478.4051980595614,19232.243777259209,18.849133109643766,28.743511497112806
-0.18552903085947037,-0.11601973325014114,0.19944906234741211,3.090812840313745e-05,9478.4051980595614,19232.243777259209,18.849133109643766,28.743511497112806
0.052885729441848051,0.092332113293828288,0.22994129904059868,1.8797535264193906e-05,10766.623676059911,-55307.096778070321,24.743067492159412,-114.483347168953
-0.052885729441848051,0.092332113293828288,0.22994129904059868,1.8797535264193906e-05,10766.623676059911,-55307.096778070321,24.743067492159412,-114.483347168953
0.052885729441848051,-0.092332113293828288,0.22994129904059868,1.8797535264193906e-05,10766.623676059911,-55307.096778070321,24.743067492159412,-114.483347168953
-0.052885729441848051,-0.092332113293828288,0.22994129904059868,1.8797535264193906e-05,10766.623676059911,-55307.096778070321,24.743067492159412,-114.483347168953
0.019582710444610772,0.018016246200074731,0.23245706054012708,3.2986926520082701e-05,86975.5059736478,15334.737220120163,214.68804650864769,32.06248932701449
-0.019582710444610772,0.018016246200074731,0.23245706054012708,3.2986926520082701e-05,86975.5059736478,15334.737220120163,214.68804650864769,32.06248932701449
0.019582710444610772,-0.018016246200074731,0.23245706054012708,3.2986926520082701e-05,86975.5059736478,15334.737220120163,214.68804650864769,32.06248932701449
-0.019582710444610772,-0.018016246200074731,0.23245706054012708,3.2986926520082701e-05,86975.5059736478,15334.737220120163,214.68804650864769,32.06248932701449
0.075278835132241539,0.12932042429990973,0.22703788349504783,2.0748368845752357e-06,-19513.573068845697,18014.166912693356,-13.169523145779591,17.425027800655432
-0.075278835132241539,0.12932042429990973,0.22703788349504783,2.0748368845752357e-06,-19513.573068845697,18014.166912693356,-13.169523145779591,17.425027800655432
0.075278835132241539,-0.12932042429990973,0.22703788349504783,2.0748368845752357e-06,-19513.573068845697,18014.166912693356,-13.169523145779591,17.425027800655432
-0.075278835132241539,-0.12932042429990973,0.22703788349504783,2.0748368845752357e-06,-19513.573068845697,18014.166912693356,-13.169523145779591,17.425027800655432
0.036416222443848831,0.095194437609974106,0.23147483095894583,2.3235702052459363e-05,11238.691659548456,-54927.086592632033,14.740053093981508,-109.51901254401635
-0.036416222443848831,0.095194437609974106,0.23147483095894583,2.3235702052459363e-05,11238.691659548456,-54927.086592632033,14.740053093981508,-109.51901254401635
0.036416222443848831,-0.095194437609974106,0.23147483095894583,2.3235702052459363e-05,11238.691659548456,-54927.086592632033,14.740053093981508,-109.51901254401635
-0.036416222443848831,-0.095194437609974106,0.23147483095894583,2.3235702052459363e-05,11238.691659548456,-54927.086592632033,14.740053093981508,-109.51901254401635
0.053705430402479999,0.10032814703199362,0.2298767259777417,1.5486982834299355e-05,-7245.0511937969786,-49441.178294554622,-12.592644391422104,-90.156067167177881
-0.053705430402479999,0.10032814703199362,0.2298767259777417,1.5486982834299355e-05,-7245.0511937969786,-49441.178294554622,-12.592644391422104,-90.156067167177881
0.053705430402479999,-0.10032814703199362,0.2298767259777417,1.5486982834299355e-05,-7245.0511937969786,-49441.178294554622,-12.592644391422104,-90.156067167177881
-0.053705430402479999,-0.10032814703199362,0.2298767259777417,1.5486982834299355e-05,-7245.0511937969786,-49441.178294554622,-12.592644391422104,-90.156067167177881
0.014017139484603848,0.034683609483746755,0.23262869840545597,2.4877200403294314e-05,86262.58888024342,4391.4470645309457,206.44801084081934,9.2460135420280629
-0.014017139484603848,0.034683609483746755,0.23262869840545597,2.4877200403294314e-05,86262.58888024342,4391.4470645309457,206.44801084081934,9.2460135420280629
0.014017139484603848,-0.034683609483746755,0.23262869840545597,2.4877200403294314e-05,86262.58888024342,4391.4470645309457,206.44801084081934,9.2460135420280629
-0.014017139484603848,-0.034683609483746755,0.23262869840545597,2.4877200403294314e-05,86262.58888024342,4391.4470645309457,206.44801084081934,9.2460135420280629
0.041984453375736509,0.12634549652581917,0.23106617618518918,2.9053593565493031e-06,-29699.090040630224,5409.8021938193788,-15.823699307931889,6.718937445120889
-0.041984453375736509,0.12634549652581917,0.23106617618518918,2.9053593565493031e-06,-29699.090040630224,5409.8021938193788,-15.823699307931889,6.718937445120889
0.041984453375736509,-0.12634549652581917,0.23106617618518918,2.9053593565493031e-06,-29699.090040630224,5409.8021938193788,-15.823699307931889,6.718937445120889
-0.041984453375736509,-0.12634549652581917,0.23106617618518918,2.9053593565493031e-06,-29699.090040630224,5409.8021938193788,-15.823699307931889,6.718937445120889
0.053298641385882542,0.096381732849252222,0.2299082277997051,2.0319485164744771e-05,1559.1088688868972,-53276.958768678996,0.61778121738867331,-103.02933987198956
-0.053298641385882542,0.096381732849252222,0.2299082277997051,2.0319485164744771e-05,1559.1088688868972,-53276.958768678996,0.61778121738867331,-103.02933987198956
0.053298641385882542,-0.096381732849252222,0.2299082277997051,2.0319485164744771e-05,1559.1088688868972,-53276.958768678996,0.61778121738867331,-103.02933987198956
-0.053298641385882542,-0.096381732849252222,0.2299082277997051,2.0319485164744771e-05,1559.1088688868972,-53276.958768678996,0.61778121738867331,-103.02933987198956
0.090815354138612747,0.12999999523162842,0.22434752434492111,1.6975539162580172e-05,-14437.445492894063,20940.972869305198,-9.4944593852312007,17.83757054014653
-0.090815354138612747,0.12999999523162842,0.22434752434492111,1.6975539162580172e-05,-14437.445492894063,20940.972869305198,-9.4944593852312007,17.83757054014653
0.090815354138612747,-0.12999999523162842,0.22434752434492111,1.6975539162580172e-05,-14437.445492894063,20940.972869305198,-9.4944593852312007,17.83757054014653
-0.090815354138612747,-0.12999999523162842,0.22434752434492111,1.6975539162580172e-05,-14437.445492894063,20940.972869305198,-9.4944593852312007,17.83757054014653
0.070551928734004177,0.0074382230013130997,0.2277891426798079,3.5064985777904199e-05,80453.927333031519,-10909.108034597348,194.74252066652483,-40.000689460028738
-0.070551928734004177,0.0074382230013130997,0.2277891426798079,3.5064985777904199e-05,80453.927333031519,-10909.108034597348,194.74252066652483,-40.000689460028738
0.070551928734004177,-0.0074382230013130997,0.2277891426798079,3.5064985777904199e-05,80453.927333031519,-10909.108034597348,194.74252066652483,-40.000689460028738
-0.070551928734004177,-0.0074382230013130997,0.2277891426798079,3.5064985777904199e-05,80453.927333031519,-10909.108034597348,194.74252066652483,-40.000689460028738
0.042542509893442729,0.11063888588741963,0.23101730424788283,2.5725647390989248e-05,-24908.353376949242,-34843.287316647918,-37.978307428657914,-49.109703570751513
-0.042542509893442729,0.11063888588741963,0.23101730424788283,2.5725647390989248e-05,-24908.353376949242,-34843.287316647918,-37.978307428657914,-49.109703570751513
0.042542509893442729,-0.11063888588741963,0.23101730424788283,2.5725647390989248e-05,-24908.353376949242,-34843.287316647918,-37.978307428657914,-49.109703570751513
-0.042542509893442729,-0.11063888588741963,0.23101730424788283,2.5725647390989248e-05,-24908.353376949242,-34843.287316647918,-37.978307428657914,-49.109703570751513
0.10629040850109847,0.063118337252875162,0.22250705552559655,4.7417548228931622e-05,12279.079554873777,-60413.673889702171,23.836259448659398,-135.98209641954816
-0.10629040850109847,0.063118337252875162,0.22250705552559655,4.7417548228931622e-05,12279.079554873777,-60413.673889702171,23.836259448659398,-135.98209641954816
0.10629040850109847,-0.063118337252875162,0.22250705552559655,4.7417548228931622e-05,12279.079554873777,-60413.673889702171,23.836259448659398,-135.98209641954816
-0.10629040850109847,-0.063118337252875162,0.22250705552559655,4.7417548228931622e-05,12279.079554873777,-60413.673889702171,23.836259448659398,-135.98209641954816
0.070329513873916213,0.099837855728148517,0.22777921556041722,3.3460489442986928e-05,-13235.840627334675,-45531.460797649233,-27.522473779844621,-87.534768623425947
-0.070329513873916213,0.099837855728148517,0.22777921556041722,3.3460489442986928e-05,-13235.840627334675,-45531.460797649233,-27.522473779844621,-87.534768623425947
0.070329513873916213,-0.099837855728148517,0.22777921556041722,3.3460489442986928e-05,-13235.840627334675,-45531.460797649233,-27.522473779844621,-87.534768623425947
-0.070329513873916213,-0.099837855728148517,0.22777921556041722,3.3460489442986928e-05,-13235.840627334675,-45531.460797649233,-27.522473779844621,-87.534768623425947
0.16095263254063336,0.075728735925441229,0.21297264766738888,1.9029960588516421e-05,-43649.582335642925,4748.1739093019805,-86.544774253993054,5.2941685894757917
-0.16095263254063336,0.075728735925441229,0.21297264766738888,1.9029960588516421e-05,-43649.582335642925,4748.1739093019805,-86.544774253993054,5.2941685894757917
0.16095263254063336,-0.075728735925441229,0.21297264766738888,1.9029960588516421e-05,-43649.582335642925,4748.1739093019805,-86.544774253993054,5.2941685894757917
-0.16095263254063336,-0.075728735925441229,0.21297264766738888,1.9029960588516421e-05,-43649.582335642925,4748.1739093019805,-86.544774253993054,5.2941685894757917
0.17718664717925281,0.12999999523162842,0.19955937776713065,5.4367830006945775e-06,14635.098783397521,8913.8135294419335,28.614610220822403,10.091399568616394
-0.17718664717925281,0.12999999523162842,0.19955937776713065,5.4367830006945775e-06,14635.098783397521,8913.8135294419335,28.614610220822403,10.091399568616394
0.17718664717925281,-0.12999999523162842,0.19955937776713065,5.4367830006945775e-06,14635.098783397521,8913.8135294419335,28.614610220822403,10.091399568616394
-0.17718664717925281,-0.12999999523162842,0.19955937776713065,5.4367830006945775e-06,14635.098783397521,8913.8135294419335,28.614610220822403,10.091399568616394
0.015528906792270585,0.089367783040311705,0.2326049633535939,1.4121830285837842e-05,31544.357038638012,-51830.458489052347,60.4296520909935,-105.43277000483462
-0.015528906792270585,0.089367783040311705,0.2326049633535939,1.4121830285837842e-05,31544.357038638012,-51830.458489052347,60.4296520909935,-105.43277000483462
0.015528906792270585,-0.089367783040311705,0.2326049633535939,1.4121830285837842e-05,31544.357038638012,-51830.458489052347,60.4296520909935,-105.43277000483462
-0.015528906792270585,-0.089367783040311705,0.2326049633535939,1.4121830285837842e-05,31544.357038638012,-51830.458489052347,60.4296520909935,-105.43277000483462
0.010035321649875303,0.08096924720778674,0.23277503947079858,3.7198869223480884e-05,49239.594805206958,-45992.479299413761,107.79872089488134,-107.17296492363479
-0.010035321649875303,0.08096924720778674,0.23277503947079858,3.7198869223480884e-05,49239.594805206958,-45992.479299413761,107.79872089488134,-107.17296492363479
0.010035321649875303,-0.08096924720778674,0.23277503947079858,3.7198869223480884e-05,49239.594805206958,-45992.479299413761,107.79872089488134,-107.17296492363479
-0.010035321649875303,-0.08096924720778674,0.23277503947079858,3.7198869223480884e-05,49239.594805206958,-45992.479299413761,107.79872089488134,-107.17296492363479
0.010548525520828266,0.10504871901455276,0.23276602646327743,3.2617172256533476e-05,-6701.0637176916689,-46574.542007018397,-18.782367141297179,-79.722092403375342
-0.010548525520828266,0.10504871901455276,0.23276602646327743,3.2617172256533476e-05,-6701.0637176916689,-46574.542007018397,-18.782367141297179,-79.722092403375342
0.010548525520828266,-0.10504871901455276,0.23276602646327743,3.2617172256533476e-05,-6701.0637176916689,-46574.542007018397,-18.782367141297179,-79.722092403375342
-0.010548525520828266,-0.10504871901455276,0.23276602646327743,3.2617172256533476e-05,-6701.0637176916689,-46574.542007018397,-18.782367141297179,-79.722092403375342
0.014050828368832327,0.11133488786606466,0.23268382095623211,3.7109732975617003e-05,-21209.472264651296,-35954.2592207415,-35.079138103937517,-50.439477227641262
-0.014050828368832327,0.11133488786606466,0.23268382095623211,3.7109732975617003e-05,-21209.472264651296,-35954.2592207415,-35.079138103937517,-50.439477227641262
0.014050828368832327,-0.11133488786606466,0.23268382095623211,3.7109732975617003e-05,-21209.472264651296,-35954.2592207415,-35.079138103937517,-50.439477227641262
-0.014050828368832327,-0.11133488786606466,0.23268382095623211,3.7109732975617003e-05,-21209.472264651296,-35954.2592207415,-35.079138103937517,-50.439477227641262
0.0080621411261898382,0.074919812939332919,0.23280972590436905,3.2914977928733974e-05,59553.71221307839,-40062.798013274842,135.21321936041093,-96.479198158583543
-0.0080621411261898382,0.074919812939332919,0.23280972590436905,3.2914977928733974e-05,59553.71221307839,-40062.798013274842,135.21321936041093,-96.479198158583543
0.0080621411261898382,-0.074919812939332919,0.23280972590436905,3.2914977928733974e-05,59553.71221307839,-40062.798013274842,135.21321936041093,-96.479198158583543
-0.0080621411261898382,-0.074919812939332919,0.23280972590436905,3.2914977928733974e-05,59553.71221307839,-40062.798013274842,135.21321936041093,-96.479198158583543
0.076712589512064153,0.0070335840576418764,0.2268859984884955,2.9273202520274963e-05,77548.804344835327,-16950.361992427512,184.6680431904729,-51.723130972653841
-0.076712589512064153,0.0070335840576418764,0.2268859984884955,2.9273202520274963e-05,77548.804344835327,-16950.361992427512,184.6680431904729,-51.723130972653841
0.076712589512064153,-0.0070335840576418764,0.2268859984884955,2.9273202520274963e-05,77548.804344835327,-16950.361992427512,184.6680431904729,-51.723130972653841
-0.076712589512064153,-0.0070335840576418764,0.2268859984884955,2.9273202520274963e-05,77548.804344835327,-16950.361992427512,184.6680431904729,-51.723130972653841
0.020918236252534982,0.12394397080662413,0.23244458073319307,8.9074910704564761e-06,-31698.247870025265,-3016.8773636129704,-22.043618159991169,0.85080700937178555
-0.020918236252534982,0.12394397080662413,0.23244458073319307,8.9074910704564761e-06,-31698.247870025265,-3016.8773636129704,-22.043618159991169,0.85080700937178555
0.020918236252534982,-0.12394397080662413,0.23244458073319307,8.9074910704564761e-06,-31698.247870025265,-3016.8773636129704,-22.043618159991169,0.85080700937178555
-0.020918236252534982,-0.12394397080662413,0.23244458073319307,8.9074910704564761e-06,-31698.247870025265,-3016.8773636129704,-22.043618159991169,0.85080700937178555
0.12660396099090576,0.077332723885774612,0.21945377439260483,3.0290977648267571e-05,-29434.406784105835,-42773.031830248787,-65.157935115283507,-83.153093794398444
-0.12660396099090576,0.077332723885774612,0.21945377439260483,3.0290977648267571e-05,-29434.406784105835,-42773.031830248787,-65.157935115283507,-83.153093794398444
0.12660396099090576,-0.077332723885774612,0.21945377439260483,3.0290977648267571e-05,-29434.406784105835,-42773.031830248787,-65.157935115283507,-83.153093794398444
-0.12660396099090576,-0.077332723885774612,0.21945377439260483,3.0290977648267571e-05,-29434.406784105835,-42773.031830248787,-65.157935115283507,-83.153093794398444
0.10578512772917747,0.12999999523162842,0.22126728296279907,1.7148852949368645e-05,-10570.178860131275,21817.283190182723,-5.0780112299513922,22.35600688850705
-0.10578512772917747,0.12999999523162842,0.22126728296279907,1.7148852949368645e-05,-10570.178860131275,21817.283190182723,-5.0780112299513922,22.35600688850705
0.10578512772917747,-0.12999999523162842,0.22126728296279907,1.7148852949368645e-05,-10570.178860131275,21817.283190182723,-5.0780112299513922,22.35600688850705
-0.10578512772917747,-0.12999999523162842,0.22126728296279907,1.7148852949368645e-05,-10570.178860131275,21817.283190182723,-5.0780112299513922,22.35600688850705
0.010815568789250544,0.057618979483132091,0.23274929683210366,3.2996621610973836e-05,78152.589324060347,-20274.829136365381,182.49050560639199,-50.906057447746605
-0.010815568789250544,0.057618979483132091,0.23274929683210366,3.2996621610973836e-05,78152.589324060347,-20274.829136365381,182.49050560639199,-50.906057447746605
0.010815568789250544,-0.057618979483132091,0.23274929683210366,3.2996621610973836e-05,78152.589324060347,-20274.829136365381,182.49050560639199,-50.906057447746605
-0.010815568789250544,-0.057618979483132091,0.23274929683210366,3.2996621610973836e-05,78152.589324060347,-20274.829136365381,182.49050560639199,-50.906057447746605
0.054516457812081399,0.067175915520996596,0.22981828090695583,1.8672958207361262e-05,54988.413588803451,-46404.36118351428,124.8387567104553,-95.288562127868516
-0.054516457812081399,0.067175915520996596,0.22981828090695583,1.8672958207361262e-05,54988.413588803451,-46404.36118351428,124.8387567104553,-95.288562127868516
0.054516457812081399,-0.067175915520996596,0.22981828090695583,1.8672958207361262e-05,54988.413588803451,-46404.36118351428,124.8387567104553,-95.288562127868516
-0.054516457812081399,-0.067175915520996596,0.22981828090695583,1.8672958207361262e-05,54988.413588803451,-46404.36118351428,124.8387567104553,-95.288562127868516
0.024599172577343315,0.10716553624626604,0.23225653942780827,3.5466775428876751e-05,-14194.895337252956,-43329.616937538209,-26.509945765239749,-74.49835236751791
-0.024599172577343315,0.10716553624626604,0.23225653942780827,3.5466775428876751e-05,-14194.895337252956,-43329.616937538209,-26.509945765239749,-74.49835236751791
0.024599172577343315,-0.10716553624626604,0.23225653942780827,3.5466775428876751e-05,-14194.895337252956,-43329.616937538209,-26.509945765239749,-74.49835236751791
-0.024599172577343315,-0.10716553624626604,0.23225653942780827,3.5466775428876751e-05,-14194.895337252956,-43329.616937538209,-26.509945765239749,-74.49835236751791
0.029937032874107788,0.12925082225251502,0.23185881469371489,2.3243015755077258e-06,-26328.5155913087,10415.603259268608,-16.31298542656473,11.092233250562169
-0.029937032874107788,0.12925082225251502,0.23185881469371489,2.3243015755077258e-06,-26328.5155913087,10415.603259268608,-16.31298542656473,11.092233250562169
0.029937032874107788,-0.12925082225251502,0.23185881469371489,2.3243015755077258e-06,-26328.5155913087,10415.603259268608,-16.31298542656473,11.092233250562169
-0.029937032874107788,-0.12925082225251502,0.23185881469371489,2.3243015755077258e-06,-26328.5155913087,10415.603259268608,-16.31298542656473,11.092233250562169
0.078567171567284794,0.095437978105800125,0.22661142805334641,1.9936713951786597e-05,-9116.0452196884653,-47974.357576020935,-17.176749017823042,-95.615552583049876
-0.078567171567284794,0.095437978105800125,0.22661142805334641,1.9936713951786597e-05,-9116.0452196884653,-47974.357576020935,-17.176749017823042,-95.615552583049876
0.078567171567284794,-0.095437978105800125,0.22661142805334641,1.9936713951786597e-05,-9116.0452196884653,-47974.357576020935,-17.176749017823042,-95.615552583049876
-0.078567171567284794,-0.095437978105800125,0.22661142805334641,1.9936713951786597e-05,-9116.0452196884653,-47974.357576020935,-17.176749017823042,-95.615552583049876
0.028292480677407694,0.11257894930558465,0.23206203934668748,3.8605626494641708e-05,-25447.835511468264,-32450.329950525105,-38.685374192938113,-43.89759631229677
-0.028292480677407694,0.11257894930558465,0.23206203934668748,3.8605626494641708e-05,-25447.835511468264,-32450.329950525105,-38.685374192938113,-43.89759631229677
0.028292480677407694,-0.11257894930558465,0.23206203934668748,3.8605626494641708e-05,-25447.835511468264,-32450.329950525105,-38.685374192938113,-43.89759631229677
-0.028292480677407694,-0.11257894930558465,0.23206203934668748,3.8605626494641708e-05,-25447.835511468264,-32450.329950525105,-38.685374192938113,-43.89759631229677
0.012912858401885378,0.076914491601767679,0.23272446691480075,1.9237760725479513e-05,55641.7037216018,-43389.909100927202,123.73737734610278,-106.61423766155232
-0.012912858401885378,0.076914491601767679,0.23272446691480075,1.9237760725479513e-05,55641.7037216018,-43389.909100927202,123.73737734610278,-106.61423766155232
0.012912858401885378,-0.076914491601767679,0.23272446691480075,1.9237760725479513e-05,55641.7037216018,-43389.909100927202,123.73737734610278,-106.61423766155232
-0.012912858401885378,-0.076914491601767679,0.23272446691480075,1.9237760725479513e-05,55641.7037216018,-43389.909100927202,123.73737734610278,-106.61423766155232
0.034767186713427087,0.11767655980787148,0.23163022829426583,1.8735883562318057e-05,-32026.254465464888,-18812.420607194475,-35.987160148322324,-16.400211929496422
-0.034767186713427087,0.11767655980787148,0.23163022829426583,1.8735883562318057e-05,-32026.254465464888,-18812.420607194475,-35.987160148322324,-16.400211929496422
0.034767186713427087,-0.11767655980787148,0.23163022829426583,1.8735883562318057e-05,-32026.254465464888,-18812.420607194475,-35.987160148322324,-16.400211929496422
-0.034767186713427087,-0.11767655980787148,0.23163022829426583,1.8735883562318057e-05,-32026.254465464888,-18812.420607194475,-35.987160148322324,-16.400211929496422
0.023366334287945493,0.074638113546349708,0.2323214704207564,3.6277599191020001e-05,57017.721535196601,-43309.52144487785,126.81620908897932,-101.55041806177498
-0.023366334287945493,0.074638113546349708,0.2323214704207564,3.6277599191020001e-05,57017.721535196601,-43309.52144487785,126.81620908897932,-101.55041806177498
0.023366334287945493,-0.074638113546349708,0.2323214704207564,3.6277599191020001e-05,57017.721535196601,-43309.52144487785,126.81620908897932,-101.55041806177498
-0.023366334287945493,-0.074638113546349708,0.2323214704207564,3.6277599191020001e-05,57017.721535196601,-43309.52144487785,126.81620908897932,-101.55041806177498
0.038629018489745731,0.12349271899931642,0.23136000127569975,6.0914815963601107e-06,-32331.577960360406,-2330.5306416583962,-24.279287060506878,2.0235224191814729
-0.038629018489745731,0.12349271899931642,0.23136000127569975,6.0914815963601107e-06,-32331.577960360406,-2330.5306416583962,-24.279287060506878,2.0235224191814729
0.038629018489745731,-0.12349271899931642,0.23136000127569975,6.0914815963601107e-06,-32331.577960360406,-2330.5306416583962,-24.279287060506878,2.0235224191814729
-0.038629018489745731,-0.12349271899931642,0.23136000127569975,6.0914815963601107e-06,-32331.577960360406,-2330.5306416583962,-24.279287060506878,2.0235224191814729
0.0083488161246528508,0.024026297469164286,0.23280468273800731,4.113995708170769e-05,87511.687145886302,13480.451839633615,221.40300743963809,26.574447442416332
-0.0083488161246528508,0.024026297469164286,0.23280468273800731,4.113995708170769e-05,87511.687145886302,13480.451839633615,221.40300743963809,26.574447442416332
0.0083488161246528508,-0.024026297469164286,0.23280468273800731,4.113995708170769e-05,87511.687145886302,13480.451839633615,221.40300743963809,26.574447442416332
-0.0083488161246528508,-0.024026297469164286,0.23280468273800731,4.113995708170769e-05,87511.687145886302,13480.451839633615,221.40300743963809,26.574447442416332
0.10938071422668694,0.081299389321115759,0.22204954754046544,1.5762523224818038e-05,-13706.636377404437,-50655.421120271269,-28.424465316130988,-107.28918568995397
-0.10938071422668694,0.081299389321115759,0.22204954754046544,1.5762523224818038e-05,-13706.636377404437,-50655.421120271269,-28.424465316130988,-107.28918568995397
0.10938071422668694,-0.081299389321115759,0.22204954754046544,1.5762523224818038e-05,-13706.636377404437,-50655.421120271269,-28.424465316130988,-107.28918568995397
-0.10938071422668694,-0.081299389321115759,0.22204954754046544,1.5762523224818038e-05,-13706.636377404437,-50655.421120271269,-28.424465316130988,-107.28918568995397
0.024916902515919985,0.079825655682692967,0.23223981083543035,2.7483002384490101e-05,48115.01968755378,-48544.763846373004,101.02101949643196,-112.39462275591819
-0.024916902515919985,0.079825655682692967,0.23223981083543035,2.7483002384490101e-05,48115.01968755378,-48544.763846373004,101.02101949643196,-112.39462275591819
0.024916902515919985,-0.079825655682692967,0.23223981083543035,2.7483002384490101e-05,48115.01968755378,-48544.763846373004,101.02101949643196,-112.39462275591819
-0.024916902515919985,-0.079825655682692967,0.23223981083543035,2.7483002384490101e-05,48115.01968755378,-48544.763846373004,101.02101949643196,-112.39462275591819
0.04414831798263448,0.10427082992072831,0.2308766886359862,4.2615229504166462e-05,-13146.288672355193,-46123.686790476931,-24.093529051812446,-82.493159965278338
-0.04414831798263448,0.10427082992072831,0.2308766886359862,4.2615229504166462e-05,-13146.288672355193,-46123.686790476931,-24.093529051812446,-82.493159965278338
0.04414831798263448,-0.10427082992072831,0.2308766886359862,4.2615229504166462e-05,-13146.288672355193,-46123.686790476931,-24.093529051812446,-82.493159965278338
-0.04414831798263448,-0.10427082992072831,0.2308766886359862,4.2615229504166462e-05,-13146.288672355193,-46123.686790476931,-24.093529051812446,-82.493159965278338
0.055619863438251087,0.12247577971409235,0.22970642149303605,9.2871615827258483e-06,-32322.959117805254,-986.70097441529401,-26.26834103459813,2.2972062996245515
-0.055619863438251087,0.12247577971409235,0.22970642149303605,9.2871615827258483e-06,-32322.959117805254,-986.70097441529401,-26.26834103459813,2.2972062996245515
0.055619863438251087,-0.12247577971409235,0.22970642149303605,9.2871615827258483e-06,-32322.959117805254,-986.70097441529401,-26.26834103459813,2.2972062996245515
-0.055619863438251087,-0.12247577971409235,0.22970642149303605,9.2871615827258483e-06,-32322.959117805254,-986.70097441529401,-26.26834103459813,2.2972062996245515
0.15759215445415944,0.0051823008520101594,0.21491193476935153,2.951424797940287e-05,-39738.659114839,-33853.842952425082,-87.330138622430241,-76.375577179734421
-0.15759215445415944,0.0051823008520101594,0.21491193476935153,2.951424797940287e-05,-39738.659114839,-33853.842952425082,-87.330138622430241,-76.375577179734421
0.15759215445415944,-0.0051823008520101594,0.21491193476935153,2.951424797940287e-05,-39738.659114839,-33853.842952425082,-87.330138622430241,-76.375577179734421
-0.15759215445415944,-0.0051823008520101594,0.21491193476935153,2.951424797940287e-05,-39738.659114839,-33853.842952425082,-87.330138622430241,-76.375577179734421
0.023722051873384244,0.049745961041358547,0.23230273649679287,3.384558258190142e-05,81153.779024938311,-15142.779458895448,191.97161261627275,-39.308877393005695
-0.023722051873384244,0.049745961041358547,0.23230273649679287,3.384558258190142e-05,81153.779024938311,-15142.779458895448,191.97161261627275,-39.308877393005695
0.023722051873384244,-0.049745961041358547,0.23230273649679287,3.384558258190142e-05,81153.779024938311,-15142.779458895448,191.97161261627275,-39.308877393005695
-0.023722051873384244,-0.049745961041358547,0.23230273649679287,3.384558258190142e-05,81153.779024938311,-15142.779458895448,191.97161261627275,-39.308877393005695
0.085731287691979588,0.11749654027987151,0.22550270569220934,1.7467398213652222e-05,-32916.932437777352,-2237.1253622946911,-40.86945119624626,-2.279300579613067
-0.085731287691979588,0.11749654027987151,0.22550270569220934,1.7467398213652222e-05,-32916.932437777352,-2237.1253622946911,-40.86945119624626,-2.279300579613067
0.085731287691979588,-0.11749654027987151,0.22550270569220934,1.7467398213652222e-05,-32916.932437777352,-2237.1253622946911,-40.86945119624626,-2.279300579613067
-0.085731287691979588,-0.11749654027987151,0.22550270569220934,1.7467398213652222e-05,-32916.932437777352,-2237.1253622946911,-40.86945119624626,-2.279300579613067
0.018289453107293078,0.060771673282160946,0.23253218425710306,1.3240853064643683e-05,74909.794320403773,-25920.884723728741,171.328659765883,-65.342758056316342
-0.018289453107293078,0.060771673282160946,0.23253218425710306,1.3240853064643683e-05,74909.794320403773,-25920.884723728741,171.328659765883,-65.342758056316342
0.018289453107293078,-0.060771673282160946,0.23253218425710306,1.3240853064643683e-05,74909.794320403773,-25920.884723728741,171.328659765883,-65.342758056316342
-0.018289453107293078,-0.060771673282160946,0.23253218425710306,1.3240853064643683e-05,74909.794320403773,-25920.884723728741,171.328659765883,-65.342758056316342
0.025792576707919884,0.055739575408472519,0.23219369158496794,3.4772036727767961e-05,77048.327936153873,-22593.327169065415,179.17076104260829,-53.014315167940318
-0.025792576707919884,0.055739575408472519,0.23219369158496794,3.4772036727767961e-05,77048.327936153873,-22593.327169065415,179.17076104260829,-53.014315167940318
0.025792576707919884,-0.055739575408472519,0.23219369158496794,3.4772036727767961e-05,77048.327936153873,-22593.327169065415,179.17076104260829,-53.014315167940318
-0.025792576707919884,-0.055739575408472519,0.23219369158496794,3.4772036727767961e-05,77048.327936153873,-22593.327169065415,179.17076104260829,-53.014315167940318
0.040741226310705127,0.075472422303420689,0.23117503568455813,3.5789248429238165e-05,49249.624315670393,-49205.616707331523,110.34609220673016,-106.94892860465502
-0.040741226310705127,0.075472422303420689,0.23117503568455813,3.5789248429238165e-05,49249.624315670393,-49205.616707331523,110.34609220673016,-106.94892860465502
0.040741226310705127,-0.075472422303420689,0.23117503568455813,3.5789248429238165e-05,49249.624315670393,-49205.616707331523,110.34609220673016,-106.94892860465502
-0.040741226310705127,-0.075472422303420689,0.23117503568455813,3.5789248429238165e-05,49249.624315670393,-49205.616707331523,110.34609220673016,-106.94892860465502
0.044041721150279045,0.080476190894842148,0.23088601976633072,4.3708835688575363e-05,38846.15565043487,-53413.897922997523,88.331312559846751,-116.40637171399268
-0.044041721150279045,0.080476190894842148,0.23088601976633072,4.3708835688575363e-05,38846.15565043487,-53413.897922997523,88.331312559846751,-116.40637171399268
0.044041721150279045,-0.080476190894842148,0.23088601976633072,4.3708835688575363e-05,38846.15565043487,-53413.897922997523,88.331312559846751,-116.40637171399268
-0.044041721150279045,-0.080476190894842148,0.23088601976633072,4.3708835688575363e-05,38846.15565043487,-53413.897922997523,88.331312559846751,-116.40637171399268
0.047697819259635003,0.08582916373706935,0.23054479743848008,3.4774986630672448e-05,26845.197954293733,-56081.417924745976,57.057125142637062,-119.28735395780562
-0.047697819259635003,0.08582916373706935,0.23054479743848008,3.4774986630672448e-05,26845.197954293733,-56081.417924745976,57.057125142637062,-119.28735395780562
0.047697819259635003,-0.08582916373706935,0.23054479743848008,3.4774986630672448e-05,26845.197954293733,-56081.417924745976,57.057125142637062,-119.28735395780562
-0.047697819259635003,-0.08582916373706935,0.23054479743848008,3.4774986630672448e-05,26845.197954293733,-56081.417924745976,57.057125142637062,-119.28735395780562
0.013121398815724057,0.023838993397801725,0.23272080322340838,1.2622198471792051e-05,86994.345308182339,13447.820452797114,199.23174049045772,27.247379617689912
-0.013121398815724057,0.023838993397801725,0.23272080322340838,1.2622198471792051e-05,86994.345308182339,13447.820452797114,199.23174049045772,27.247379617689912
0.013121398815724057,-0.023838993397801725,0.23272080322340838,1.2622198471792051e-05,86994.345308182339,13447.820452797114,199.23174049045772,27.247379617689912
-0.013121398815724057,-0.023838993397801725,0.23272080322340838,1.2622198471792051e-05,86994.345308182339,13447.820452797114,199.23174049045772,27.247379617689912
0.058637034447206693,0.10530361645098868,0.22933904301664543,3.0749957900597825e-05,-19540.266214030351,-41127.62959730647,-37.64728136414066,-67.009456671409211
-0.058637034447206693,0.10530361645098868,0.22933904301664543,3.0749957900597825e-05,-19540.266214030351,-41127.62959730647,-37.64728136414066,-67.009456671409211
0.058637034447206693,-0.10530361645098868,0.22933904301664543,3.0749957900597825e-05,-19540.266214030351,-41127.62959730647,-37.64728136414066,-67.009456671409211
-0.058637034447206693,-0.10530361645098868,0.22933904301664543,3.0749957900597825e-05,-19540.266214030351,-41127.62959730647,-37.64728136414066,-67.009456671409211
0.086345827355668495,0.032382067077229404,0.22545980603852261,2.053918172200079e-05,63868.71081898686,-38214.19281501251,146.10591310436737,-92.387524826643627
-0.086345827355668495,0.032382067077229404,0.22545980603852261,2.053918172200079e-05,63868.71081898686,-38214.19281501251,146.10591310436737,-92.387524826643627
0.086345827355668495,-0.032382067077229404,0.22545980603852261,2.053918172200079e-05,63868.71081898686,-38214.19281501251,146.10591310436737,-92.387524826643627
-0.086345827355668495,-0.032382067077229404,0.22545980603852261,2.053918172200079e-05,63868.71081898686,-38214.19281501251,146.10591310436737,-92.387524826643627
0.061720805601820909,0.11086623566771056,0.22896235031728165,4.0167517487267817e-05,-28880.100722750525,-28452.966454719302,-46.521020786615267,-44.273415031422999
-0.061720805601820909,0.11086623566771056,0.22896235031728165,4.0167517487267817e-05,-28880.100722750525,-28452.966454719302,-46.521020786615267,-44.273415031422999
0.061720805601820909,-0.11086623566771056,0.22896235031728165,4.0167517487267817e-05,-28880.100722750525,-28452.966454719302,-46.521020786615267,-44.273415031422999
-0.061720805601820909,-0.11086623566771056,0.22896235031728165,4.0167517487267817e-05,-28880.100722750525,-28452.966454719302,-46.521020786615267,-44.273415031422999
0.073323332308685027,0.01114762623874836,0.22738323108623118,1.3883786744600454e-05,78549.349193009009,-14604.659563614676,186.74289637569345,-42.192316482359729
-0.073323332308685027,0.01114762623874836,0.22738323108623118,1.3883786744600454e-05,78549.349193009009,-14604.659563614676,186.74289637569345,-42.192316482359729
0.073323332308685027,-0.01114762623874836,0.22738323108623118,1.3883786744600454e-05,78549.349193009009,-14604.659563614676,186.74289637569345,-42.192316482359729
-0.073323332308685027,-0.01114762623874836,0.22738323108623118,1.3883786744600454e-05,78549.349193009009,-14604.659563614676,186.74289637569345,-42.192316482359729
0.030484310143279358,0.03676107471999563,0.23189412824435224,3.2879471856035251e-05,84218.256970815637,-3698.0151949112224,200.81251125896773,-8.006952691899615
-0.030484310143279358,0.03676107471999563,0.23189412824435224,3.2879471856035251e-05,84218.256970815637,-3698.0151949112224,200.81251125896773,-8.006952691899615
0.030484310143279358,-0.03676107471999563,0.23189412824435224,3.2879471856035251e-05,84218.256970815637,-3698.0151949112224,200.81251125896773,-8.006952691899615
-0.030484310143279358,-0.03676107471999563,0.23189412824435224,3.2879471856035251e-05,84218.256970815637,-3698.0151949112224,200.81251125896773,-8.006952691899615
0.083137938372667614,0.097340901021136489,0.22593473077032228,3.8934033624436247e-05,-15297.7880164985,-44015.305239283727,-32.13552547743916,-89.07603922193627
-0.083137938372667614,0.097340901021136489,0.22593473077032228,3.8934033624436247e-05,-15297.7880164985,-44015.305239283727,-32.13552547743916,-89.07603922193627
0.083137938372667614,-0.097340901021136489,0.22593473077032228,3.8934033624436247e-05,-15297.7880164985,-44015.305239283727,-32.13552547743916,-89.07603922193627
-0.083137938372667614,-0.097340901021136489,0.22593473077032228,3.8934033624436247e-05,-15297.7880164985,-44015.305239283727,-32.13552547743916,-89.07603922193627
0.18146267161625176,0.073012980883801329,0.20815567371781005,2.6458003295586192e-05,-24876.558345153935,29582.179009505864,-46.337574067303102,47.674260162636529
-0.18146267161625176,0.073012980883801329,0.20815567371781005,2.6458003295586192e-05,-24876.558345153935,29582.179009505864,-46.337574067303102,47.674260162636529
0.18146267161625176,-0.073012980883801329,0.20815567371781005,2.6458003295586192e-05,-24876.558345153935,29582.179009505864,-46.337574067303102,47.674260162636529
-0.18146267161625176,-0.073012980883801329,0.20815567371781005,2.6458003295586192e-05,-24876.558345153935,29582.179009505864,-46.337574067303102,47.674260162636529
0.12001000717282295,0.12999999523162842,0.21788284182548523,2.2003563911092348e-05,-6067.256005571473,21642.508416412311,-2.5052124361039518,25.268905954077887
-0.12001000717282295,0.12999999523162842,0.21788284182548523,2.2003563911092348e-05,-6067.256005571473,21642.508416412311,-2.5052124361039518,25.268905954077887
0.12001000717282295,-0.12999999523162842,0.21788284182548523,2.2003563911092348e-05,-6067.256005571473,21642.508416412311,-2.5052124361039518,25.268905954077887
-0.12001000717282295,-0.12999999523162842,0.21788284182548523,2.2003563911092348e-05,-6067.256005571473,21642.508416412311,-2.5052124361039518,25.268905954077887
0.049312700372700365,0.094714224525822302,0.23033393144444905,1.4900281168627656e-05,7049.3955094572584,-54564.567944744915,17.01515492700679,-105.42033124206165
-0.049312700372700365,0.094714224525822302,0.23033393144444905,1.4900281168627656e-05,7049.3955094572584,-54564.567944744915,17.01515492700679,-105.42033124206165
0.049312700372700365,-0.094714224525822302,0.23033393144444905,1.4900281168627656e-05,7049.3955094572584,-54564.567944744915,17.01515492700679,-105.42033124206165
-0.049312700372700365,-0.094714224525822302,0.23033393144444905,1.4900281168627656e-05,7049.3955094572584,-54564.567944744915,17.01515492700679,-105.42033124206165
0.14582179319725633,0.092702836064052038,0.21505880236462965,3.8681036384626782e-05,-39989.977869327195,-1939.7090501453574,-80.475850822344,-5.0262484245132182
-0.14582179319725633,0.092702836064052038,0.21505880236462965,3.8681036384626782e-05,-39989.977869327195,-1939.7090501453574,-80.475850822344,-5.0262484245132182
0.14582179319725633,-0.092702836064052038,0.21505880236462965,3.8681036384626782e-05,-39989.977869327195,-1939.7090501453574,-80.475850822344,-5.0262484245132182
-0.14582179319725633,-0.092702836064052038,0.21505880236462965,3.8681036384626782e-05,-39989.977869327195,-1939.7090501453574,-80.475850822344,-5.0262484245132182
0.02222013619126343,0.02618529186485356,0.23238113814459813,1.5516993400195131e-05,86470.016323456497,8787.8274232024396,211.919339326364,22.700857051950461
-0.02222013619126343,0.02618529186485356,0.23238113814459813,1.5516993400195131e-05,86470.016323456497,8787.8274232024396,211.919339326364,22.700857051950461
0.02222013619126343,-0.02618529186485356,0.23238113814459813,1.5516993400195131e-05,86470.016323456497,8787.8274232024396,211.919339326364,22.700857051950461
-0.02222013619126343,-0.02618529186485356,0.23238113814459813,1.5516993400195131e-05,86470.016323456497,8787.8274232024396,211.919339326364,22.700857051950461
0.046790810863901862,0.0045164730856337458,0.23064528785269406,1.7800620875513852e-05,85771.11582406814,8671.325049459987,266.97625138842301,12.59100976654752
-0.046790810863901862,0.0045164730856337458,0.23064528785269406,1.7800620875513852e-05,85771.11582406814,8671.325049459987,266.97625138842301,12.59100976654752
0.046790810863901862,-0.0045164730856337458,0.23064528785269406,1.7800620875513852e-05,85771.11582406814,8671.325049459987,266.97625138842301,12.59100976654752
-0.046790810863901862,-0.0045164730856337458,0.23064528785269406,1.7800620875513852e-05,85771.11582406814,8671.325049459987,266.97625138842301,12.59100976654752
0.013942224470256309,0.085523916369933811,0.23267007170517698,2.6046986830473814e-05,40138.524731339596,-50012.61552218713,83.198216099257792,-115.85263257686552
-0.013942224470256309,0.085523916369933811,0.23267007170517698,2.6046986830473814e-05,40138.524731339596,-50012.61552218713,83.198216099257792,-115.85263257686552
0.013942224470256309,-0.085523916369933811,0.23267007170517698,2.6046986830473814e-05,40138.524731339596,-50012.61552218713,83.198216099257792,-115.85263257686552
-0.013942224470256309,-0.085523916369933811,0.23267007170517698,2.6046986830473814e-05,40138.524731339596,-50012.61552218713,83.198216099257792,-115.85263257686552
0.0055232537009388197,0.10226836300066822,0.23285434576955322,3.2144621896265214e-05,1100.4376149397258,-48956.032139722149,2.3202290347648966,-98.18189122900219
-0.0055232537009388197,0.10226836300066822,0.23285434576955322,3.2144621896265214e-05,1100.4376149397258,-48956.032139722149,2.3202290347648966,-98.18189122900219
0.0055232537009388197,-0.10226836300066822,0.23285434576955322,3.2144621896265214e-05,1100.4376149397258,-48956.032139722149,2.3202290347648966,-98.18189122900219
-0.0055232537009388197,-0.10226836300066822,0.23285434576955322,3.2144621896265214e-05,1100.4376149397258,-48956.032139722149,2.3202290347648966,-98.18189122900219
0.073656166340431109,0.0034406600202287574,0.22733448279368479,1.3655209342728357e-05,79335.340597831571,-13030.617401694011,226.12043272134687,-50.597080371056762
-0.073656166340431109,0.0034406600202287574,0.22733448279368479,1.3655209342728357e-05,79335.340597831571,-13030.617401694011,226.12043272134687,-50.597080371056762
0.073656166340431109,-0.0034406600202287574,0.22733448279368479,1.3655209342728357e-05,79335.340597831571,-13030.617401694011,226.12043272134687,-50.597080371056762
-0.073656166340431109,-0.0034406600202287574,0.22733448279368479,1.3655209342728357e-05,79335.340597831571,-13030.617401694011,226.12043272134687,-50.597080371056762
0.084716349904115723,0.1222873626044409,0.22562211724211556,1.5624198652459894e-05,-29046.873720311611,8054.7932755561969,-25.782174003788679,10.62253208296822
-0.084716349904115723,0.1222873626044409,0.22562211724211556,1.5624198652459894e-05,-29046.873720311611,8054.7932755561969,-25.782174003788679,10.62253208296822
0.084716349904115723,-0.1222873626044409,0.22562211724211556,1.5624198652459894e-05,-29046.873720311611,8054.7932755561969,-25.782174003788679,10.62253208296822
-0.084716349904115723,-0.1222873626044409,0.22562211724211556,1.5624198652459894e-05,-29046.873720311611,8054.7932755561969,-25.782174003788679,10.62253208296822
0.078537979342055142,0.11188177791919737,0.2266157504489453,3.4878968538561656e-05,-32499.485945296237,-18931.288880826276,-49.894750691361217,-24.110833662569991
-0.078537979342055142,0.11188177791919737,0.2266157504489453,3.4878968538561656e-05,-32499.485945296237,-18931.288880826276,-49.894750691361217,-24.110833662569991
0.078537979342055142,-0.11188177791919737,0.2266157504489453,3.4878968538561656e-05,-32499.485945296237,-18931.288880826276,-49.894750691361217,-24.110833662569991
-0.078537979342055142,-0.11188177791919737,0.2266157504489453,3.4878968538561656e-05,-32499.485945296237,-18931.288880826276,-49.894750691361217,-24.110833662569991
0.068523492080201115,0.043537349149673478,0.22808526332415716,4.999224462982225e-05,69403.491607866818,-33150.62304368343,164.28448885259616,-75.802809914585978
-0.068523492080201115,0.043537349149673478,0.22808526332415716,4.999224462982225e-05,69403.491607866818,-33150.62304368343,164.28448885259616,-75.802809914585978
0.068523492080201115,-0.043537349149673478,0.22808526332415716,4.999224462982225e-05,69403.491607866818,-33150.62304368343,164.28448885259616,-75.802809914585978
-0.068523492080201115,-0.043537349149673478,0.22808526332415716,4.999224462982225e-05,69403.491607866818,-33150.62304368343,164.28448885259616,-75.802809914585978
0.0084848282834773456,0.050885398809125022,0.23280229597744329,4.1975516242422478e-05,82173.844323952231,-12358.861326826926,196.55496852059002,-32.490497647930596
-0.0084848282834773456,0.050885398809125022,0.23280229597744329,4.1975516242422478e-05,82173.844323952231,-12358.861326826926,196.55496852059002,-32.490497647930596
0.0084848282834773456,-0.050885398809125022,0.23280229597744329,4.1975516242422478e-05,82173.844323952231,-12358.861326826926,196.55496852059002,-32.490497647930596
-0.0084848282834773456,-0.050885398809125022,0.23280229597744329,4.1975516242422478e-05,82173.844323952231,-12358.861326826926,196.55496852059002,-32.490497647930596
0.014555093723677902,0.12579757576556935,0.23268952105397575,4.3648724590152098e-06,-30370.459992917382,1525.813906504628,-17.483542865356103,4.476474715670788
-0.014555093723677902,0.12579757576556935,0.23268952105397575,4.3648724590152098e-06,-30370.459992917382,1525.813906504628,-17.483542865356103,4.476474715670788
0.014555093723677902,-0.12579757576556935,0.23268952105397575,4.3648724590152098e-06,-30370.459992917382,1525.813906504628,-17.483542865356103,4.476474715670788
-0.014555093723677902,-0.12579757576556935,0.23268952105397575,4.3648724590152098e-06,-30370.459992917382,1525.813906504628,-17.483542865356103,4.476474715670788
0.05936474541880972,0.080129747374035318,0.22925014828613233,3.0181632497064853e-05,32088.865918594369,-55647.502369285357,68.278711471615964,-119.80607666139703
-0.05936474541880972,0.080129747374035318,0.22925014828613233,3.0181632497064853e-05,32088.865918594369,-55647.502369285357,68.278711471615964,-119.80607666139703
0.05936474541880972,-0.080129747374035318,0.22925014828613233,3.0181632497064853e-05,32088.865918594369,-55647.502369285357,68.278711471615964,-119.80607666139703
-0.05936474541880972,-0.080129747374035318,0.22925014828613233,3.0181632497064853e-05,32088.865918594369,-55647.502369285357,68.278711471615964,-119.80607666139703
0.072146478876390502,0.12628439071405079,0.22754725803543624,3.6436098015556634e-06,-25744.849116797879,12363.79797912259,-14.596681108117517,12.825724248759279
-0.072146478876390502,0.12628439071405079,0.22754725803543624,3.6436098015556634e-06,-25744.849116797879,12363.79797912259,-14.596681108117517,12.825724248759279
0.072146478876390502,-0.12628439071405079,0.22754725803543624,3.6436098015556634e-06,-25744.849116797879,12363.79797912259,-14.596681108117517,12.825724248759279
-0.072146478876390502,-0.12628439071405079,0.22754725803543624,3.6436098015556634e-06,-25744.849116797879,12363.79797912259,-14.596681108117517,12.825724248759279
0.073602862471502523,0.11249006280777367,0.2273463814990101,2.2138189918783916e-05,-31923.815352658406,-19755.723754462997,-45.912905769573868,-27.137971729603525
-0.073602862471502523,0.11249006280777367,0.2273463814990101,2.2138189918783916e-05,-31923.815352658406,-19755.723754462997,-45.912905769573868,-27.137971729603525
0.073602862471502523,-0.11249006280777367,0.2273463814990101,2.2138189918783916e-05,-31923.815352658406,-19755.723754462997,-45.912905769573868,-27.137971729603525
-0.073602862471502523,-0.11249006280777367,0.2273463814990101,2.2138189918783916e-05,-31923.815352658406,-19755.723754462997,-45.912905769573868,-27.137971729603525
0.024371802397769302,0.10146093047306558,0.23226726941888656,2.5574402941080509e-05,-377.26725316723793,-50632.171326430078,-6.8893707698617499,-92.402413053133884
-0.024371802397769302,0.10146093047306558,0.23226726941888656,2.5574402941080509e-05,-377.26725316723793,-50632.171326430078,-6.8893707698617499,-92.402413053133884
0.024371802397769302,-0.10146093047306558,0.23226726941888656,2.5574402941080509e-05,-377.26725316723793,-50632.171326430078,-6.8893707698617499,-92.402413053133884
-0.024371802397769302,-0.10146093047306558,0.23226726941888656,2.5574402941080509e-05,-377.26725316723793,-50632.171326430078,-6.8893707698617499,-92.402413053133884
0.016999043524265289,0.064999999478459358,0.23254410177469254,3.2472651575716237e-05,71102.160320118419,-30311.132803331038,158.45852235167544,-74.861862382612813
-0.016999043524265289,0.064999999478459358,0.23254410177469254,3.2472651575716237e-05,71102.160320118419,-30311.132803331038,158.45852235167544,-74.861862382612813
0.016999043524265289,-0.064999999478459358,0.23254410177469254,3.2472651575716237e-05,71102.160320118419,-30311.132803331038,158.45852235167544,-74.861862382612813
-0.016999043524265289,-0.064999999478459358,0.23254410177469254,3.2472651575716237e-05,71102.160320118419,-30311.132803331038,158.45852235167544,-74.861862382612813
0.0048408568484074434,0.10682260967524575,0.2328663398673495,1.9913699105544313e-05,-10159.763457228588,-43821.796182532315,-19.821463038708401,-78.732755421303537
-0.0048408568484074434,0.10682260967524575,0.2328663398673495,1.9913699105544313e-05,-10159.763457228588,-43821.796182532315,-19.821463038708401,-78.732755421303537
0.0048408568484074434,-0.10682260967524575,0.2328663398673495,1.9913699105544313e-05,-10159.763457228588,-43821.796182532315,-19.821463038708401,-78.732755421303537
-0.0048408568484074434,-0.10682260967524575,0.2328663398673495,1.9913699105544313e-05,-10159.763457228588,-43821.796182532315,-19.821463038708401,-78.732755421303537
0.028244274241100886,0.032148757792021899,0.23204905205871768,2.6745204771430927e-05,85773.86299555286,1562.3183140307749,207.02760133264144,-2.6704052621393259
-0.028244274241100886,0.032148757792021899,0.23204905205871768,2.6745204771430927e-05,85773.86299555286,1562.3183140307749,207.02760133264144,-2.6704052621393259
0.028244274241100886,-0.032148757792021899,0.23204905205871768,2.6745204771430927e-05,85773.86299555286,1562.3183140307749,207.02760133264144,-2.6704052621393259
-0.028244274241100886,-0.032148757792021899,0.23204905205871768,2.6745204771430927e-05,85773.86299555286,1562.3183140307749,207.02760133264144,-2.6704052621393259
0.049861779520405866,0.067467990837891706,0.23032223395623544,3.5499406468835661e-05,56788.710930763751,-45673.128086350909,129.30455070015364,-100.42030871319942
-0.049861779520405866,0.067467990837891706,0.23032223395623544,3.5499406468835661e-05,56788.710930763751,-45673.128086350909,129.30455070015364,-100.42030871319942
0.049861779520405866,-0.067467990837891706,0.23032223395623544,3.5499406468835661e-05,56788.710930763751,-45673.128086350909,129.30455070015364,-100.42030871319942
-0.049861779520405866,-0.067467990837891706,0.23032223395623544,3.5499406468835661e-05,56788.710930763751,-45673.128086350909,129.30455070015364,-100.42030871319942
0.1654523768403694,0.11425212380757943,0.20690253455715057,1.3808122421354904e-05,-6124.2288973219829,26142.740293610466,-14.392709232007675,44.565471000496338
-0.1654523768403694,0.11425212380757943,0.20690253455715057,1.3808122421354904e-05,-6124.2288973219829,26142.740293610466,-14.392709232007675,44.565471000496338
0.1654523768403694,-0.11425212380757943,0.20690253455715057,1.3808122421354904e-05,-6124.2288973219829,26142.740293610466,-14.392709232007675,44.565471000496338
-0.1654523768403694,-0.11425212380757943,0.20690253455715057,1.3808122421354904e-05,-6124.2288973219829,26142.740293610466,-14.392709232007675,44.565471000496338
0.19502135273927013,0.11617676321908463,0.19579378189070445,2.6385605767221445e-05,12919.800117757159,10698.426366507165,28.928525296523652,13.689868152606508
-0.19502135273927013,0.11617676321908463,0.19579378189070445,2.6385605767221445e-05,12919.800117757159,10698.426366507165,28.928525296523652,13.689868152606508
0.19502135273927013,-0.11617676321908463,0.19579378189070445,2.6385605767221445e-05,12919.800117757159,10698.426366507165,28.928525296523652,13.689868152606508
-0.19502135273927013,-0.11617676321908463,0.19579378189070445,2.6385605767221445e-05,12919.800117757159,10698.426366507165,28.928525296523652,13.689868152606508
0.046127612303023764,0.062115624599686142,0.2307033627144893,3.6771548194516281e-05,65153.150318170774,-39226.901079771545,145.52320529517803,-88.314212748294736
-0.046127612303023764,0.062115624599686142,0.2307033627144893,3.6771548194516281e-05,65153.150318170774,-39226.901079771545,145.52320529517803,-88.314212748294736
0.046127612303023764,-0.062115624599686142,0.2307033627144893,3.6771548194516281e-05,65153.150318170774,-39226.901079771545,145.52320529517803,-88.314212748294736
-0.046127612303023764,-0.062115624599686142,0.2307033627144893,3.6771548194516281e-05,65153.150318170774,-39226.901079771545,145.52320529517803,-88.314212748294736
0.028785757646998388,0.084700507794558608,0.23201026397475211,4.9915028268243641e-05,37291.47539224651,-52347.785286113205,80.036616885124019,-114.94130252124624
-0.028785757646998388,0.084700507794558608,0.23201026397475211,4.9915028268243641e-05,37291.47539224651,-52347.785286113205,80.036616885124019,-114.94130252124624
0.028785757646998388,-0.084700507794558608,0.23201026397475211,4.9915028268243641e-05,37291.47539224651,-52347.785286113205,80.036616885124019,-114.94130252124624
-0.028785757646998388,-0.084700507794558608,0.23201026397475211,4.9915028268243641e-05,37291.47539224651,-52347.785286113205,80.036616885124019,-114.94130252124624
0.041721947561951141,0.096689483697107018,0.23108690884539534,2.9306497460496522e-05,5475.2175730110848,-53953.380311588677,11.319655049047679,-102.63676490775102
-0.041721947561951141,0.096689483697107018,0.23108690884539534,2.9306497460496522e-05,5475.2175730110848,-53953.380311588677,11.319655049047679,-102.63676490775102
0.041721947561951141,-0.096689483697107018,0.23108690884539534,2.9306497460496522e-05,5475.2175730110848,-53953.380311588677,11.319655049047679,-102.63676490775102
-0.041721947561951141,-0.096689483697107018,0.23108690884539534,2.9306497460496522e-05,5475.2175730110848,-53953.380311588677,11.319655049047679,-102.63676490775102
0.13379575306404462,0.055725684035518003,0.21843429493872335,1.9232413521781238e-05,-23955.438005127606,-51720.366534798297,-53.092082538749509,-102.54946996413142
-0.13379575306404462,0.055725684035518003,0.21843429493872335,1.9232413521781238e-05,-23955.438005127606,-51720.366534798297,-53.092082538749509,-102.54946996413142
0.13379575306404462,-0.055725684035518003,0.21843429493872335,1.9232413521781238e-05,-23955.438005127606,-51720.366534798297,-53.092082538749509,-102.54946996413142
-0.13379575306404462,-0.055725684035518003,0.21843429493872335,1.9232413521781238e-05,-23955.438005127606,-51720.366534798297,-53.092082538749509,-102.54946996413142
0.04216047215040241,0.058248460269865139,0.23105075618005752,3.3460559632875843e-05,70381.180546904288,-33160.286603131644,162.86568947398916,-72.994896384402978
-0.04216047215040241,0.058248460269865139,0.23105075618005752,3.3460559632875843e-05,70381.180546904288,-33160.286603131644,162.86568947398916,-72.994896384402978
0.04216047215040241,-0.058248460269865139,0.23105075618005752,3.3460559632875843e-05,70381.180546904288,-33160.286603131644,162.86568947398916,-72.994896384402978
-0.04216047215040241,-0.058248460269865139,0.23105075618005752,3.3460559632875843e-05,70381.180546904288,-33160.286603131644,162.86568947398916,-72.994896384402978
0.038675705856722704,0.048869996543837252,0.23135577887491793,3.4695356875021273e-05,78083.152637345396,-21012.009621791171,182.3228928979473,-45.888791716627566
-0.038675705856722704,0.048869996543837252,0.23135577887491793,3.4695356875021273e-05,78083.152637345396,-21012.009621791171,182.3228928979473,-45.888791716627566
0.038675705856722704,-0.048869996543837252,0.23135577887491793,3.4695356875021273e-05,78083.152637345396,-21012.009621791171,182.3228928979473,-45.888791716627566
-0.038675705856722704,-0.048869996543837252,0.23135577887491793,3.4695356875021273e-05,78083.152637345396,-21012.009621791171,182.3228928979473,-45.888791716627566
0.15929293172682429,0,0.21466013699191397,1.3706311271331026e-05,-40783.240444554176,-32188.555725804308,-72.074137771022407,-49.246539875601137
-0.15929293172682429,0,0.21466013699191397,1.3706311271331026e-05,-40783.240444554176,-32188.555725804308,-72.074137771022407,-49.246539875601137
0.15929293172682429,-0,0.21466013699191397,1.3706311271331026e-05,-40783.240444554176,-32188.555725804308,-72.074137771022407,-49.246539875601137
-0.15929293172682429,-0,0.21466013699191397,1.3706311271331026e-05,-40783.240444554176,-32188.555725804308,-72.074137771022407,-49.246539875601137
0.049970870417327055,0.11614484267924656,0.23029953210859652,2.5167479223713434e-05,-32359.648820158924,-19444.536832427893,-41.884813427899758,-22.125014172542635
-0.049970870417327055,0.11614484267924656,0.23029953210859652,2.5167479223713434e-05,-32359.648820158924,-19444.536832427893,-41.884813427899758,-22.125014172542635
0.049970870417327055,-0.11614484267924656,0.23029953210859652,2.5167479223713434e-05,-32359.648820158924,-19444.536832427893,-41.884813427899758,-22.125014172542635
-0.049970870417327055,-0.11614484267924656,0.23029953210859652,2.5167479223713434e-05,-32359.648820158924,-19444.536832427893,-41.884813427899758,-22.125014172542635
0.10741142581647298,0.068878313077305756,0.22234109444474962,3.477455055082062e-05,3931.7403701712974,-59014.300997090977,2.0452232801565939,-127.68061817116221
-0.10741142581647298,0.068878313077305756,0.22234109444474962,3.477455055082062e-05,3931.7403701712974,-59014.300997090977,2.0452232801565939,-127.68061817116221
0.10741142581647298,-0.068878313077305756,0.22234109444474962,3.477455055082062e-05,3931.7403701712974,-59014.300997090977,2.0452232801565939,-127.68061817116221
-0.10741142581647298,-0.068878313077305756,0.22234109444474962,3.477455055082062e-05,3931.7403701712974,-59014.300997090977,2.0452232801565939,-127.68061817116221
0.17575311401243116,0.10630257546001037,0.20494529569467285,2.9893809351845221e-05,-5948.0853020551203,27721.509420497197,-14.557648072534487,48.438656148513829
-0.17575311401243116,0.10630257546001037,0.20494529569467285,2.9893809351845221e-05,-5948.0853020551203,27721.509420497197,-14.557648072534487,48.438656148513829
0.17575311401243116,-0.10630257546001037,0.20494529569467285,2.9893809351845221e-05,-5948.0853020551203,27721.509420497197,-14.557648072534487,48.438656148513829
-0.17575311401243116,-0.10630257546001037,0.20494529569467285,2.9893809351845221e-05,-5948.0853020551203,27721.509420497197,-14.557648072534487,48.438656148513829
0.053978368039296093,0.11932298296140091,0.22985449442243586,2.425619075391646e-05,-33609.525241702941,-9767.2524094887358,-36.16880526622306,-5.8618758070158634
-0.053978368039296093,0.11932298296140091,0.22985449442243586,2.425619075391646e-05,-33609.525241702941,-9767.2524094887358,-36.16880526622306,-5.8618758070158634
0.053978368039296093,-0.11932298296140091,0.22985449442243586,2.425619075391646e-05,-33609.525241702941,-9767.2524094887358,-36.16880526622306,-5.8618758070158634
-0.053978368039296093,-0.11932298296140091,0.22985449442243586,2.425619075391646e-05,-33609.525241702941,-9767.2524094887358,-36.16880526622306,-5.8618758070158634
0.092445942618941457,0.11202376197232153,0.22450030654425682,3.8064487341267988e-05,-33953.923473202805,-11791.330045976434,-54.246927511377763,-18.900519601496047
-0.092445942618941457,0.11202376197232153,0.22450030654425682,3.8064487341267988e-05,-33953.923473202805,-11791.330045976434,-54.246927511377763,-18.900519601496047
0.092445942618941457,-0.11202376197232153,0.22450030654425682,3.8064487341267988e-05,-33953.923473202805,-11791.330045976434,-54.246927511377763,-18.900519601496047
-0.092445942618941457,-0.11202376197232153,0.22450030654425682,3.8064487341267988e-05,-33953.923473202805,-11791.330045976434,-54.246927511377763,-18.900519601496047
0.057079658312909093,0.076787136230584238,0.22952927733808992,1.7409244014630685e-05,39357.46262548933,-53717.143876893599,85.047282851402272,-110.52611585039253
-0.057079658312909093,0.076787136230584238,0.22952927733808992,1.7409244014630685e-05,39357.46262548933,-53717.143876893599,85.047282851402272,-110.52611585039253
0.057079658312909093,-0.076787136230584238,0.22952927733808992,1.7409244014630685e-05,39357.46262548933,-53717.143876893599,85.047282851402272,-110.52611585039253
-0.057079658312909093,-0.076787136230584238,0.22952927733808992,1.7409244014630685e-05,39357.46262548933,-53717.143876893599,85.047282851402272,-110.52611585039253
0.19029659325172449,0.11522881682758902,0.19792981392049427,3.0844720433929938e-05,11250.239015617632,16020.261843038983,22.367521378676052,24.952378480982695
-0.19029659325172449,0.11522881682758902,0.19792981392049427,3.0844720433929938e-05,11250.239015617632,16020.261843038983,22.367521378676052,24.952378480982695
0.19029659325172449,-0.11522881682758902,0.19792981392049427,3.0844720433929938e-05,11250.239015617632,16020.261843038983,22.367521378676052,24.952378480982695
-0.19029659325172449,-0.11522881682758902,0.19792981392049427,3.0844720433929938e-05,11250.239015617632,16020.261843038983,22.367521378676052,24.952378480982695
0.071978114799237131,0.10918516737667577,0.22758691851397711,1.0481773407071113e-05,-28670.795355914823,-28095.659878349619,-45.325751394419633,-43.665743308111566
-0.071978114799237131,0.10918516737667577,0.22758691851397711,1.0481773407071113e-05,-28670.795355914823,-28095.659878349619,-45.325751394419633,-43.665743308111566
0.071978114799237131,-0.10918516737667577,0.22758691851397711,1.0481773407071113e-05,-28670.795355914823,-28095.659878349619,-45.325751394419633,-43.665743308111566
-0.071978114799237131,-0.10918516737667577,0.22758691851397711,1.0481773407071113e-05,-28670.795355914823,-28095.659878349619,-45.325751394419633,-43.665743308111566
0.12718171092720215,0.08205739279925936,0.21930234062975754,2.6112470785666233e-05,-33027.181766489921,-37103.06663312146,-70.040823083736186,-73.294760209251734
-0.12718171092720215,0.08205739279925936,0.21930234062975754,2.6112470785666233e-05,-33027.181766489921,-37103.06663312146,-70.040823083736186,-73.294760209251734
0.12718171092720215,-0.08205739279925936,0.21930234062975754,2.6112470785666233e-05,-33027.181766489921,-37103.06663312146,-70.040823083736186,-73.294760209251734
-0.12718171092720215,-0.08205739279925936,0.21930234062975754,2.6112470785666233e-05,-33027.181766489921,-37103.06663312146,-70.040823083736186,-73.294760209251734
0.033649898291775018,0.1128160340625705,0.23169896937917239,2.208383658905061e-05,-26786.172313552397,-31321.443629419031,-39.30967663415305,-41.064266153993842
-0.033649898291775018,0.1128160340625705,0.23169896937917239,2.208383658905061e-05,-26786.172313552397,-31321.443629419031,-39.30967663415305,-41.064266153993842
0.033649898291775018,-0.1128160340625705,0.23169896937917239,2.208383658905061e-05,-26786.172313552397,-31321.443629419031,-39.30967663415305,-41.064266153993842
-0.033649898291775018,-0.1128160340625705,0.23169896937917239,2.208383658905061e-05,-26786.172313552397,-31321.443629419031,-39.30967663415305,-41.064266153993842
0.1240030516807939,0.10858228014112782,0.21876208440223999,1.6035253112566054e-05,-35686.853794410039,-870.01902713000322,-60.276441530109878,0.40149587748522658
-0.1240030516807939,0.10858228014112782,0.21876208440223999,1.6035253112566054e-05,-35686.853794410039,-870.01902713000322,-60.276441530109878,0.40149587748522658
0.1240030516807939,-0.10858228014112782,0.21876208440223999,1.6035253112566054e-05,-35686.853794410039,-870.01902713000322,-60.276441530109878,0.40149587748522658
-0.1240030516807939,-0.10858228014112782,0.21876208440223999,1.6035253112566054e-05,-35686.853794410039,-870.01902713000322,-60.276441530109878,0.40149587748522658
0.031891237128998752,0.096420970794653074,0.23182703918351205,1.9931462918310654e-05,9809.5142274665868,-53571.523347145616,24.258932475665521,-106.29541030679701
-0.031891237128998752,0.096420970794653074,0.23182703918351205,1.9931462918310654e-05,9809.5142274665868,-53571.523347145616,24.258932475665521,-106.29541030679701
0.031891237128998752,-0.096420970794653074,0.23182703918351205,1.9931462918310654e-05,9809.5142274665868,-53571.523347145616,24.258932475665521,-106.29541030679701
-0.031891237128998752,-0.096420970794653074,0.23182703918351205,1.9931462918310654e-05,9809.5142274665868,-53571.523347145616,24.258932475665521,-106.29541030679701
0.019364267564590861,0.050052591108151558,0.23249993330855048,1.7105334103290894e-05,81577.269991171444,-13263.917518863709,180.02769496035074,-28.769889519798031
-0.019364267564590861,0.050052591108151558,0.23249993330855048,1.7105334103290894e-05,81577.269991171444,-13263.917518863709,180.02769496035074,-28.769889519798031
0.019364267564590861,-0.050052591108151558,0.23249993330855048,1.7105334103290894e-05,81577.269991171444,-13263.917518863709,180.02769496035074,-28.769889519798031
-0.019364267564590861,-0.050052591108151558,0.23249993330855048,1.7105334103290894e-05,81577.269991171444,-13263.917518863709,180.02769496035074,-28.769889519798031
0.021180246411982191,0.053025076011410696,0.23243091686977629,1.1741551051903074e-05,79853.753281914513,-17412.654521097538,174.76544675681819,-41.724841150126508
-0.021180246411982191,0.053025076011410696,0.23243091686977629,1.1741551051903074e-05,79853.753281914513,-17412.654521097538,174.76544675681819,-41.724841150126508
0.021180246411982191,-0.053025076011410696,0.23243091686977629,1.1741551051903074e-05,79853.753281914513,-17412.654521097538,174.76544675681819,-41.724841150126508
-0.021180246411982191,-0.053025076011410696,0.23243091686977629,1.1741551051903074e-05,79853.753281914513,-17412.654521097538,174.76544675681819,-41.724841150126508
0.15653987899698252,0.10088652357538337,0.21151696517551308,4.2936034591501501e-05,-28975.908179519691,17639.557234448464,-59.711030569573403,31.44245126133627
-0.15653987899698252,0.10088652357538337,0.21151696517551308,4.2936034591501501e-05,-28975.908179519691,17639.557234448464,-59.711030569573403,31.44245126133627
0.15653987899698252,-0.10088652357538337,0.21151696517551308,4.2936034591501501e-05,-28975.908179519691,17639.557234448464,-59.711030569573403,31.44245126133627
-0.15653987899698252,-0.10088652357538337,0.21151696517551308,4.2936034591501501e-05,-28975.908179519691,17639.557234448464,-59.711030569573403,31.44245126133627
0.019351082639701013,0.043852978159678403,0.23249389930799894,4.7516673834209808e-05,83979.958707590471,-7169.3015024150509,200.74757919823597,-19.259457581000785
-0.019351082639701013,0.043852978159678403,0.23249389930799894,4.7516673834209808e-05,83979.958707590471,-7169.3015024150509,200.74757919823597,-19.259457581000785
0.019351082639701013,-0.043852978159678403,0.23249389930799894,4.7516673834209808e-05,83979.958707590471,-7169.3015024150509,200.74757919823597,-19.259457581000785
-0.019351082639701013,-0.043852978159678403,0.23249389930799894,4.7516673834209808e-05,83979.958707590471,-7169.3015024150509,200.74757919823597,-19.259457581000785
0.061710700793384025,0.0042963925178330304,0.22896358136291398,2.9575522197816076e-05,83321.463601604541,-2732.6590530691983,214.58760607717815,-20.177286138311377
-0.061710700793384025,0.0042963925178330304,0.22896358136291398,2.9575522197816076e-05,83321.463601604541,-2732.6590530691983,214.58760607717815,-20.177286138311377
0.061710700793384025,-0.0042963925178330304,0.22896358136291398,2.9575522197816076e-05,83321.463601604541,-2732.6590530691983,214.58760607717815,-20.177286138311377
-0.061710700793384025,-0.0042963925178330304,0.22896358136291398,2.9575522197816076e-05,83321.463601604541,-2732.6590530691983,214.58760607717815,-20.177286138311377
0.029436274667900449,0.059312130905139725,0.23198212640784402,3.1776133832717744e-05,73570.723647894585,-28129.146184990797,164.40266657143786,-66.924931927759772
-0.029436274667900449,0.059312130905139725,0.23198212640784402,3.1776133832717744e-05,73570.723647894585,-28129.146184990797,164.40266657143786,-66.924931927759772
0.029436274667900449,-0.059312130905139725,0.23198212640784402,3.1776133832717744e-05,73570.723647894585,-28129.146184990797,164.40266657143786,-66.924931927759772
-0.029436274667900449,-0.059312130905139725,0.23198212640784402,3.1776133832717744e-05,73570.723647894585,-28129.146184990797,164.40266657143786,-66.924931927759772
0.033739554635672096,0.064436186422486455,0.23168220613615587,3.0514429607364775e-05,67179.030988490151,-36150.388401402364,153.87184367599846,-84.274952644004017
-0.033739554635672096,0.064436186422486455,0.23168220613615587,3.0514429607364775e-05,67179.030988490151,-36150.388401402364,153.87184367599846,-84.274952644004017
0.033739554635672096,-0.064436186422486455,0.23168220613615587,3.0514429607364775e-05,67179.030988490151,-36150.388401402364,153.87184367599846,-84.274952644004017
-0.033739554635672096,-0.064436186422486455,0.23168220613615587,3.0514429607364775e-05,67179.030988490151,-36150.388401402364,153.87184367599846,-84.274952644004017
0.037892971973083701,0.070105703275826811,0.23138801286423344,3.1907524977374985e-05,58891.63731201562,-43666.653952871522,131.4977593749615,-100.057603884049
-0.037892971973083701,0.070105703275826811,0.23138801286423344,3.1907524977374985e-05,58891.63731201562,-43666.653952871522,131.4977593749615,-100.057603884049
0.037892971973083701,-0.070105703275826811,0.23138801286423344,3.1907524977374985e-05,58891.63731201562,-43666.653952871522,131.4977593749615,-100.057603884049
-0.037892971973083701,-0.070105703275826811,0.23138801286423344,3.1907524977374985e-05,58891.63731201562,-43666.653952871522,131.4977593749615,-100.057603884049
0.13302893489828907,0.12999999523162842,0.21438664593188142,2.0592968043651568e-05,-891.06563861876361,20919.250294339421,3.1037546943117573,26.632434948277155
-0.13302893489828907,0.12999999523162842,0.21438664593188142,2.0592968043651568e-05,-891.06563861876361,20919.250294339421,3.1037546943117573,26.632434948277155
0.13302893489828907,-0.12999999523162842,0.21438664593188142,2.0592968043651568e-05,-891.06563861876361,20919.250294339421,3.1037546943117573,26.632434948277155
-0.13302893489828907,-0.12999999523162842,0.21438664593188142,2.0592968043651568e-05,-891.06563861876361,20919.250294339421,3.1037546943117573,26.632434948277155
0.049223973798869065,0.090601514427238294,0.23035412603199026,1.6524792941938438e-05,16188.731589361256,-56257.816033753785,30.400990223039383,-117.68074265199375
-0.049223973798869065,0.090601514427238294,0.23035412603199026,1.6524792941938438e-05,16188.731589361256,-56257.816033753785,30.400990223039383,-117.68074265199375
0.049223973798869065,-0.090601514427238294,0.23035412603199026,1.6524792941938438e-05,16188.731589361256,-56257.816033753785,30.400990223039383,-117.68074265199375
-0.049223973798869065,-0.090601514427238294,0.23035412603199026,1.6524792941938438e-05,16188.731589361256,-56257.816033753785,30.400990223039383,-117.68074265199375
0.1062088048015663,0.10224577782633443,0.22240944944211782,2.1471482754770822e-05,-32892.735049874478,-24434.436339648655,-61.65723218377056,-45.306397433862635
-0.1062088048015663,0.10224577782633443,0.22240944944211782,2.1471482754770822e-05,-32892.735049874478,-24434.436339648655,-61.65723218377056,-45.306397433862635
0.1062088048015663,-0.10224577782633443,0.22240944944211782,2.1471482754770822e-05,-32892.735049874478,-24434.436339648655,-61.65723218377056,-45.306397433862635
-0.1062088048015663,-0.10224577782633443,0.22240944944211782,2.1471482754770822e-05,-32892.735049874478,-24434.436339648655,-61.65723218377056,-45.306397433862635
0.15807068129560325,0.11288414958071102,0.20947353791932366,2.4468096313263754e-05,-13951.134300799577,24702.469943144064,-24.137227207978952,40.400085610768663
-0.15807068129560325,0.11288414958071102,0.20947353791932366,2.4468096313263754e-05,-13951.134300799577,24702.469943144064,-24.137227207978952,40.400085610768663
0.15807068129560325,-0.11288414958071102,0.20947353791932366,2.4468096313263754e-05,-13951.134300799577,24702.469943144064,-24.137227207978952,40.400085610768663
-0.15807068129560325,-0.11288414958071102,0.20947353791932366,2.4468096313263754e-05,-13951.134300799577,24702.469943144064,-24.137227207978952,40.400085610768663
0.11406272424906952,0.086716260332407882,0.22132582565911216,1.4852635721517338e-05,-24467.4858327779,-42581.912934669868,-51.139181157383661,-85.94678109427592
-0.11406272424906952,0.086716260332407882,0.22132582565911216,1.4852635721517338e-05,-24467.4858327779,-42581.912934669868,-51.139181157383661,-85.94678109427592
0.11406272424906952,-0.086716260332407882,0.22132582565911216,1.4852635721517338e-05,-24467.4858327779,-42581.912934669868,-51.139181157383661,-85.94678109427592
-0.11406272424906952,-0.086716260332407882,0.22132582565911216,1.4852635721517338e-05,-24467.4858327779,-42581.912934669868,-51.139181157383661,-85.94678109427592
0,0.060871809720993042,0.23286376148462296,4.6869415094502748e-06,76832.634011361632,-21038.88853631086,154.46370958448159,-47.399246093126912
-0,0.060871809720993042,0.23286376148462296,4.6869415094502748e-06,76832.634011361632,-21038.88853631086,154.46370958448159,-47.399246093126912
0,-0.060871809720993042,0.23286376148462296,4.6869415094502748e-06,76832.634011361632,-21038.88853631086,154.46370958448159,-47.399246093126912
-0,-0.060871809720993042,0.23286376148462296,4.6869415094502748e-06,76832.634011361632,-21038.88853631086,154.46370958448159,-47.399246093126912
0.052492386653263605,0.1236974844073369,0.23004651514441307,1.1351543775274585e-05,-31684.996702401386,1235.8733691269072,-22.816338501629986,5.6315326414551166
-0.052492386653263605,0.1236974844073369,0.23004651514441307,1.1351543775274585e-05,-31684.996702401386,1235.8733691269072,-22.816338501629986,5.6315326414551166
0.052492386653263605,-0.1236974844073369,0.23004651514441307,1.1351543775274585e-05,-31684.996702401386,1235.8733691269072,-22.816338501629986,5.6315326414551166
-0.052492386653263605,-0.1236974844073369,0.23004651514441307,1.1351543775274585e-05,-31684.996702401386,1235.8733691269072,-22.816338501629986,5.6315326414551166
0.068924743316610013,0.073278948235515035,0.22801923129869545,3.8092485043086954e-05,37610.120738702492,-55206.865660378084,78.526440093914971,-126.45109872048131
-0.068924743316610013,0.073278948235515035,0.22801923129869545,3.8092485043086954e-05,37610.120738702492,-55206.865660378084,78.526440093914971,-126.45109872048131
0.068924743316610013,-0.073278948235515035,0.22801923129869545,3.8092485043086954e-05,37610.120738702492,-55206.865660378084,78.526440093914971,-126.45109872048131
-0.068924743316610013,-0.073278948235515035,0.22801923129869545,3.8092485043086954e-05,37610.120738702492,-55206.865660378084,78.526440093914971,-126.45109872048131
0.056590765587814805,0.10186107454778914,0.22957919605623608,1.5333953766168562e-05,-11508.180563417385,-46754.691076993891,-16.806282954030021,-82.247486970230028
-0.056590765587814805,0.10186107454778914,0.22957919605623608,1.5333953766168562e-05,-11508.180563417385,-46754.691076993891,-16.806282954030021,-82.247486970230028
0.056590765587814805,-0.10186107454778914,0.22957919605623608,1.5333953766168562e-05,-11508.180563417385,-46754.691076993891,-16.806282954030021,-82.247486970230028
-0.056590765587814805,-0.10186107454778914,0.22957919605623608,1.5333953766168562e-05,-11508.180563417385,-46754.691076993891,-16.806282954030021,-82.247486970230028
0.11558116227388382,0.12380952015519142,0.21954403817653656,3.9986366380675046e-05,-19972.199614586643,18306.650905271075,-17.917284004988744,24.246859470335416
-0.11558116227388382,0.12380952015519142,0.21954403817653656,3.9986366380675046e-05,-19972.199614586643,18306.650905271075,-17.917284004988744,24.246859470335416
0.11558116227388382,-0.12380952015519142,0.21954403817653656,3.9986366380675046e-05,-19972.199614586643,18306.650905271075,-17.917284004988744,24.246859470335416
-0.11558116227388382,-0.12380952015519142,0.21954403817653656,3.9986366380675046e-05,-19972.199614586643,18306.650905271075,-17.917284004988744,24.246859470335416
0.16093840724180003,0.058964750781953831,0.21397636297397885,2.1775150512433321e-05,-48586.40046932143,-5640.1595483531428,-90.197024823462044,-16.354500011230211
-0.16093840724180003,0.058964750781953831,0.21397636297397885,2.1775150512433321e-05,-48586.40046932143,-5640.1595483531428,-90.197024823462044,-16.354500011230211
0.16093840724180003,-0.058964750781953831,0.21397636297397885,2.1775150512433321e-05,-48586.40046932143,-5640.1595483531428,-90.197024823462044,-16.354500011230211
-0.16093840724180003,-0.058964750781953831,0.21397636297397885,2.1775150512433321e-05,-48586.40046932143,-5640.1595483531428,-90.197024823462044,-16.354500011230211
0.1120178772858051,0.11841564574002278,0.22069832324321914,4.0957466221757484e-05,-29387.317771436738,9956.1165268837467,-36.568703663873571,16.956423968782296
-0.1120178772858051,0.11841564574002278,0.22069832324321914,4.0957466221757484e-05,-29387.317771436738,9956.1165268837467,-36.568703663873571,16.956423968782296
0.1120178772858051,-0.11841564574002278,0.22069832324321914,4.0957466221757484e-05,-29387.317771436738,9956.1165268837467,-36.568703663873571,16.956423968782296
-0.1120178772858051,-0.11841564574002278,0.22069832324321914,4.0957466221757484e-05,-29387.317771436738,9956.1165268837467,-36.568703663873571,16.956423968782296
0.031344487907728077,0.12663105600389457,0.23190130204819409,5.1792322941584476e-06,-29738.313491324869,4666.8602751774233,-16.46847520046316,6.033156363754606
-0.031344487907728077,0.12663105600389457,0.23190130204819409,5.1792322941584476e-06,-29738.313491324869,4666.8602751774233,-16.46847520046316,6.033156363754606
0.031344487907728077,-0.12663105600389457,0.23190130204819409,5.1792322941584476e-06,-29738.313491324869,4666.8602751774233,-16.46847520046316,6.033156363754606
-0.031344487907728077,-0.12663105600389457,0.23190130204819409,5.1792322941584476e-06,-29738.313491324869,4666.8602751774233,-16.46847520046316,6.033156363754606
0.026349391660263823,0.027807550658168142,0.23216299301220669,2.7293779708759076e-05,86307.242810750715,6312.7522296034567,205.27995672661223,9.5245576444289792
-0.026349391660263823,0.027807550658168142,0.23216299301220669,2.7293779708759076e-05,86307.242810750715,6312.7522296034567,205.27995672661223,9.5245576444289792
0.026349391660263823,-0.027807550658168142,0.23216299301220669,2.7293779708759076e-05,86307.242810750715,6312.7522296034567,205.27995672661223,9.5245576444289792
-0.026349391660263823,-0.027807550658168142,0.23216299301220669,2.7293779708759076e-05,86307.242810750715,6312.7522296034567,205.27995672661223,9.5245576444289792
0.066231529788461196,0.068543380394693015,0.22838668830670553,3.3470427015906911e-05,46292.14669585559,-51441.400035103725,106.15254304531098,-112.0960614265525
-0.066231529788461196,0.068543380394693015,0.22838668830670553,3.3470427015906911e-05,46292.14669585559,-51441.400035103725,106.15254304531098,-112.0960614265525
0.066231529788461196,-0.068543380394693015,0.22838668830670553,3.3470427015906911e-05,46292.14669585559,-51441.400035103725,106.15254304531098,-112.0960614265525
-0.066231529788461196,-0.068543380394693015,0.22838668830670553,3.3470427015906911e-05,46292.14669585559,-51441.400035103725,106.15254304531098,-112.0960614265525
0.10616588686433492,0.11073643944099879,0.22222548260921357,3.1231355392695056e-05,-35256.844517255471,-7658.6215199435665,-57.374433102306767,-11.344313963459433
-0.10616588686433492,0.11073643944099879,0.22222548260921357,3.1231355392695056e-05,-35256.844517255471,-7658.6215199435665,-57.374433102306767,-11.344313963459433
0.10616588686433492,-0.11073643944099879,0.22222548260921357,3.1231355392695056e-05,-35256.844517255471,-7658.6215199435665,-57.374433102306767,-11.344313963459433
-0.10616588686433492,-0.11073643944099879,0.22222548260921357,3.1231355392695056e-05,-35256.844517255471,-7658.6215199435665,-57.374433102306767,-11.344313963459433
0.1046440285707793,0.12144324406576866,0.22204015398926871,2.398173883566595e-05,-26793.015577976214,12464.759186172174,-27.313128537388263,16.284545786360322
-0.1046440285707793,0.12144324406576866,0.22204015398926871,2.398173883566595e-05,-26793.015577976214,12464.759186172174,-27.313128537388263,16.284545786360322
0.1046440285707793,-0.12144324406576866,0.22204015398926871,2.398173883566595e-05,-26793.015577976214,12464.759186172174,-27.313128537388263,16.284545786360322
-0.1046440285707793,-0.12144324406576866,0.22204015398926871,2.398173883566595e-05,-26793.015577976214,12464.759186172174,-27.313128537388263,16.284545786360322
0.18595705197050896,0.12161964049682905,0.19808272924594675,1.7315255300230886e-05,12280.783978776126,13874.145693974226,21.156245999334178,19.635068211963539
-0.18595705197050896,0.12161964049682905,0.19808272924594675,1.7315255300230886e-05,12280.783978776126,13874.145693974226,21.156245999334178,19.635068211963539
0.18595705197050896,-0.12161964049682905,0.19808272924594675,1.7315255300230886e-05,12280.783978776126,13874.145693974226,21.156245999334178,19.635068211963539
-0.18595705197050896,-0.12161964049682905,0.19808272924594675,1.7315255300230886e-05,12280.783978776126,13874.145693974226,21.156245999334178,19.635068211963539
0.0086392498006779596,0.12619701789324575,0.23279957339606011,4.733213839805396e-06,-29870.759204400205,2328.2006098193992,-17.176509673475508,3.5471176552019927
-0.0086392498006779596,0.12619701789324575,0.23279957339606011,4.733213839805396e-06,-29870.759204400205,2328.2006098193992,-17.176509673475508,3.5471176552019927
0.0086392498006779596,-0.12619701789324575,0.23279957339606011,4.733213839805396e-06,-29870.759204400205,2328.2006098193992,-17.176509673475508,3.5471176552019927
-0.0086392498006779596,-0.12619701789324575,0.23279957339606011,4.733213839805396e-06,-29870.759204400205,2328.2006098193992,-17.176509673475508,3.5471176552019927
0.1912978452411194,0.084290598675242953,0.20370102462506151,1.2681106340718015e-05,-2271.4793917722463,29416.726067384923,-4.616577759063019,49.981359154583679
-0.1912978452411194,0.084290598675242953,0.20370102462506151,1.2681106340718015e-05,-2271.4793917722463,29416.726067384923,-4.616577759063019,49.981359154583679
0.1912978452411194,-0.084290598675242953,0.20370102462506151,1.2681106340718015e-05,-2271.4793917722463,29416.726067384923,-4.616577759063019,49.981359154583679
-0.1912978452411194,-0.084290598675242953,0.20370102462506151,1.2681106340718015e-05,-2271.4793917722463,29416.726067384923,-4.616577759063019,49.981359154583679
0.1025239218567202,0.10645928555434143,0.22296715164620035,3.0595338476281163e-05,-34250.247924813979,-18472.732456101225,-60.819372761700876,-30.25655435689702
-0.1025239218567202,0.10645928555434143,0.22296715164620035,3.0595338476281163e-05,-34250.247924813979,-18472.732456101225,-60.819372761700876,-30.25655435689702
0.1025239218567202,-0.10645928555434143,0.22296715164620035,3.0595338476281163e-05,-34250.247924813979,-18472.732456101225,-60.819372761700876,-30.25655435689702
-0.1025239218567202,-0.10645928555434143,0.22296715164620035,3.0595338476281163e-05,-34250.247924813979,-18472.732456101225,-60.819372761700876,-30.25655435689702
0.17263585911370161,0.11536375319355775,0.20432819013372061,1.8523400017305628e-05,688.21331901061433,25387.963930233847,-0.25584225770387115,40.200616559290481
-0.17263585911370161,0.11536375319355775,0.20432819013372061,1.8523400017305628e-05,688.21331901061433,25387.963930233847,-0.25584225770387115,40.200616559290481
0.17263585911370161,-0.11536375319355775,0.20432819013372061,1.8523400017305628e-05,688.21331901061433,25387.963930233847,-0.25584225770387115,40.200616559290481
-0.17263585911370161,-0.11536375319355775,0.20432819013372061,1.8523400017305628e-05,688.21331901061433,25387.963930233847,-0.25584225770387115,40.200616559290481
0.087950959589955635,0.098694924791812647,0.22522078334453544,1.713949578796991e-05,-20072.608851670557,-40097.798643304559,-40.793996006623637,-82.730442248423017
-0.087950959589955635,0.098694924791812647,0.22522078334453544,1.713949578796991e-05,-20072.608851670557,-40097.798643304559,-40.793996006623637,-82.730442248423017
0.087950959589955635,-0.098694924791812647,0.22522078334453544,1.713949578796991e-05,-20072.608851670557,-40097.798643304559,-40.793996006623637,-82.730442248423017
-0.087950959589955635,-0.098694924791812647,0.22522078334453544,1.713949578796991e-05,-20072.608851670557,-40097.798643304559,-40.793996006623637,-82.730442248423017
0.070606362598366321,0.10570223875262463,0.22777712382285722,1.8502973659587766e-05,-23421.927438987135,-35907.206256849713,-40.182534561016148,-60.458628989787947
-0.070606362598366321,0.10570223875262463,0.22777712382285722,1.8502973659587766e-05,-23421.927438987135,-35907.206256849713,-40.182534561016148,-60.458628989787947
0.070606362598366321,-0.10570223875262463,0.22777712382285722,1.8502973659587766e-05,-23421.927438987135,-35907.206256849713,-40.182534561016148,-60.458628989787947
-0.070606362598366321,-0.10570223875262463,0.22777712382285722,1.8502973659587766e-05,-23421.927438987135,-35907.206256849713,-40.182534561016148,-60.458628989787947
0.17427716420935316,0.11125292676480526,0.20454473919503988,3.0954499308530735e-05,-2293.2988183036455,26777.390933129478,-4.7088982387977207,44.806478143851187
-0.17427716420935316,0.11125292676480526,0.20454473919503988,3.0954499308530735e-05,-2293.2988183036455,26777.390933129478,-4.7088982387977207,44.806478143851187
0.17427716420935316,-0.11125292676480526,0.20454473919503988,3.0954499308530735e-05,-2293.2988183036455,26777.390933129478,-4.7088982387977207,44.806478143851187
-0.17427716420935316,-0.11125292676480526,0.20454473919503988,3.0954499308530735e-05,-2293.2988183036455,26777.390933129478,-4.7088982387977207,44.806478143851187
0.094644082167288951,0.093487398180081699,0.2242312733222725,3.3936811594199081e-05,-16236.190367497595,-44203.199038146515,-32.294886991894153,-91.567833189120023
-0.094644082167288951,0.093487398180081699,0.2242312733222725,3.3936811594199081e-05,-16236.190367497595,-44203.199038146515,-32.294886991894153,-91.567833189120023
0.094644082167288951,-0.093487398180081699,0.2242312733222725,3.3936811594199081e-05,-16236.190367497595,-44203.199038146515,-32.294886991894153,-91.567833189120023
-0.094644082167288951,-0.093487398180081699,0.2242312733222725,3.3936811594199081e-05,-16236.190367497595,-44203.199038146515,-32.294886991894153,-91.567833189120023
0.0034078958295056666,0.060259452087301608,0.23286687341078116,1.8532823742276025e-05,77064.396857867701,-22044.56188850537,185.23849461178548,-60.732879421418303
-0.0034078958295056666,0.060259452087301608,0.23286687341078116,1.8532823742276025e-05,77064.396857867701,-22044.56188850537,185.23849461178548,-60.732879421418303
0.0034078958295056666,-0.060259452087301608,0.23286687341078116,1.8532823742276025e-05,77064.396857867701,-22044.56188850537,185.23849461178548,-60.732879421418303
-0.0034078958295056666,-0.060259452087301608,0.23286687341078116,1.8532823742276025e-05,77064.396857867701,-22044.56188850537,185.23849461178548,-60.732879421418303
0.068454003693606477,0.083658037372893762,0.22809714944209497,9.9951396001533383e-06,19768.978452246869,-56531.644971670794,40.640043873382716,-118.15560999007705
-0.068454003693606477,0.083658037372893762,0.22809714944209497,9.9951396001533383e-06,19768.978452246869,-56531.644971670794,40.640043873382716,-118.15560999007705
0.068454003693606477,-0.083658037372893762,0.22809714944209497,9.9951396001533383e-06,19768.978452246869,-56531.644971670794,40.640043873382716,-118.15560999007705
-0.068454003693606477,-0.083658037372893762,0.22809714944209497,9.9951396001533383e-06,19768.978452246869,-56531.644971670794,40.640043873382716,-118.15560999007705
0.051526420640988072,0.030553645964320818,0.23014147800003373,3.1079344100893373e-05,82160.217477756159,-9423.72419880491,192.61335843070381,-26.173527967094451
-0.051526420640988072,0.030553645964320818,0.23014147800003373,3.1079344100893373e-05,82160.217477756159,-9423.72419880491,192.61335843070381,-26.173527967094451
0.051526420640988072,-0.030553645964320818,0.23014147800003373,3.1079344100893373e-05,82160.217477756159,-9423.72419880491,192.61335843070381,-26.173527967094451
-0.051526420640988072,-0.030553645964320818,0.23014147800003373,3.1079344100893373e-05,82160.217477756159,-9423.72419880491,192.61335843070381,-26.173527967094451
0.012378725176516753,0.089355048096133732,0.23271570137699243,1.1129635830841108e-05,32003.610543502389,-51748.295063106052,60.855574529900849,-112.56645548768434
-0.012378725176516753,0.089355048096133732,0.23271570137699243,1.1129635830841108e-05,32003.610543502389,-51748.295063106052,60.855574529900849,-112.56645548768434
0.012378725176516753,-0.089355048096133732,0.23271570137699243,1.1129635830841108e-05,32003.610543502389,-51748.295063106052,60.855574529900849,-112.56645548768434
-0.012378725176516753,-0.089355048096133732,0.23271570137699243,1.1129635830841108e-05,32003.610543502389,-51748.295063106052,60.855574529900849,-112.56645548768434
0.081976533569765295,0.11542374822168104,0.22609703072979581,1.8622760662018283e-05,-33531.534206783377,-8751.1736886954513,-46.3833960545523,-10.869587855787918
-0.081976533569765295,0.11542374822168104,0.22609703072979581,1.8622760662018283e-05,-33531.534206783377,-8751.1736886954513,-46.3833960545523,-10.869587855787918
0.081976533569765295,-0.11542374822168104,0.22609703072979581,1.8622760662018283e-05,-33531.534206783377,-8751.1736886954513,-46.3833960545523,-10.869587855787918
-0.081976533569765295,-0.11542374822168104,0.22609703072979581,1.8622760662018283e-05,-33531.534206783377,-8751.1736886954513,-46.3833960545523,-10.869587855787918
0.13780692164989003,0.0058123162658491783,0.21784109741005783,2.8368231713279152e-05,-6947.0500640996233,-61083.165203264231,-16.718198370360458,-138.19994146867199
-0.13780692164989003,0.0058123162658491783,0.21784109741005783,2.8368231713279152e-05,-6947.0500640996233,-61083.165203264231,-16.718198370360458,-138.19994146867199
0.13780692164989003,-0.0058123162658491783,0.21784109741005783,2.8368231713279152e-05,-6947.0500640996233,-61083.165203264231,-16.718198370360458,-138.19994146867199
-0.13780692164989003,-0.0058123162658491783,0.21784109741005783,2.8368231713279152e-05,-6947.0500640996233,-61083.165203264231,-16.718198370360458,-138.19994146867199
0.058364860324152307,0.073608628450641173,0.22936075597104705,1.1672259059982118e-05,43994.696390586629,-52404.571530154462,93.224274198243521,-106.70766531973513
-0.058364860324152307,0.073608628450641173,0.22936075597104705,1.1672259059982118e-05,43994.696390586629,-52404.571530154462,93.224274198243521,-106.70766531973513
0.058364860324152307,-0.073608628450641173,0.22936075597104705,1.1672259059982118e-05,43994.696390586629,-52404.571530154462,93.224274198243521,-106.70766531973513
-0.058364860324152307,-0.073608628450641173,0.22936075597104705,1.1672259059982118e-05,43994.696390586629,-52404.571530154462,93.224274198243521,-106.70766531973513
0.092004541869628767,0.08656864782212112,0.22462205329651813,4.5765160586874202e-05,-3708.2627980554216,-52313.03436803817,-10.648449776538392,-114.39730402330999
-0.092004541869628767,0.08656864782212112,0.22462205329651813,4.5765160586874202e-05,-3708.2627980554216,-52313.03436803817,-10.648449776538392,-114.39730402330999
0.092004541869628767,-0.08656864782212112,0.22462205329651813,4.5765160586874202e-05,-3708.2627980554216,-52313.03436803817,-10.648449776538392,-114.39730402330999
-0.092004541869628767,-0.08656864782212112,0.22462205329651813,4.5765160586874202e-05,-3708.2627980554216,-52313.03436803817,-10.648449776538392,-114.39730402330999
0.045854294002497513,0.11404071216689131,0.23070880339496158,1.7102660497483801e-05,-30109.035801260594,-25960.292233950546,-39.730879252790459,-29.261334472924386
-0.045854294002497513,0.11404071216689131,0.23070880339496158,1.7102660497483801e-05,-30109.035801260594,-25960.292233950546,-39.730879252790459,-29.261334472924386
0.045854294002497513,-0.11404071216689131,0.23070880339496158,1.7102660497483801e-05,-30109.035801260594,-25960.292233950546,-39.730879252790459,-29.261334472924386
-0.045854294002497513,-0.11404071216689131,0.23070880339496158,1.7102660497483801e-05,-30109.035801260594,-25960.292233950546,-39.730879252790459,-29.261334472924386
0.19409042275329566,0.0055733614773104557,0.20950363852601314,2.350998580300889e-05,-11288.725257921835,31537.805199516937,-5.0375924568509989,40.314880632887586
-0.19409042275329566,0.0055733614773104557,0.20950363852601314,2.350998580300889e-05,-11288.725257921835,31537.805199516937,-5.0375924568509989,40.314880632887586
0.19409042275329566,-0.0055733614773104557,0.20950363852601314,2.350998580300889e-05,-11288.725257921835,31537.805199516937,-5.0375924568509989,40.314880632887586
-0.19409042275329566,-0.0055733614773104557,0.20950363852601314,2.350998580300889e-05,-11288.725257921835,31537.805199516937,-5.0375924568509989,40.314880632887586
0.075470845015304627,0.10664899006729235,0.22706982739926607,2.8702409244919217e-05,-26474.990768389642,-32080.745776922078,-49.523622510955107,-53.926153501096088
-0.075470845015304627,0.10664899006729235,0.22706982739926607,2.8702409244919217e-05,-26474.990768389642,-32080.745776922078,-49.523622510955107,-53.926153501096088
0.075470845015304627,-0.10664899006729235,0.22706982739926607,2.8702409244919217e-05,-26474.990768389642,-32080.745776922078,-49.523622510955107,-53.926153501096088
-0.075470845015304627,-0.10664899006729235,0.22706982739926607,2.8702409244919217e-05,-26474.990768389642,-32080.745776922078,-49.523622510955107,-53.926153501096088
0.099972082484114405,0.0051216785847320451,0.22344247078889687,2.6890985287930557e-05,58487.026184574272,-43639.878660967741,139.59629968047486,-109.00955652502995
-0.099972082484114405,0.0051216785847320451,0.22344247078889687,2.6890985287930557e-05,58487.026184574272,-43639.878660967741,139.59629968047486,-109.00955652502995
0.099972082484114405,-0.0051216785847320451,0.22344247078889687,2.6890985287930557e-05,58487.026184574272,-43639.878660967741,139.59629968047486,-109.00955652502995
-0.099972082484114405,-0.0051216785847320451,0.22344247078889687,2.6890985287930557e-05,58487.026184574272,-43639.878660967741,139.59629968047486,-109.00955652502995
0,0.044358706101775169,0.23286446928977966,7.1321268110731775e-06,85624.657820226392,-1082.2261332513435,167.95098515112269,-16.028800058720115
-0,0.044358706101775169,0.23286446928977966,7.1321268110731775e-06,85624.657820226392,-1082.2261332513435,167.95098515112269,-16.028800058720115
0,-0.044358706101775169,0.23286446928977966,7.1321268110731775e-06,85624.657820226392,-1082.2261332513435,167.95098515112269,-16.028800058720115
-0,-0.044358706101775169,0.23286446928977966,7.1321268110731775e-06,85624.657820226392,-1082.2261332513435,167.95098515112269,-16.028800058720115
0.16655101887197576,0.0067907494492609136,0.2135855926011955,2.5132296228135066e-05,-46185.626956272536,-14834.455947105715,-88.900549298656415,-29.705865942839331
-0.16655101887197576,0.0067907494492609136,0.2135855926011955,2.5132296228135066e-05,-46185.626956272536,-14834.455947105715,-88.900549298656415,-29.705865942839331
0.16655101887197576,-0.0067907494492609136,0.2135855926011955,2.5132296228135066e-05,-46185.626956272536,-14834.455947105715,-88.900549298656415,-29.705865942839331
-0.16655101887197576,-0.0067907494492609136,0.2135855926011955,2.5132296228135066e-05,-46185.626956272536,-14834.455947105715,-88.900549298656415,-29.705865942839331
0.0046887599748059857,0.083769999718713337,0.23286900934783927,2.6073088862812175e-05,44357.472356337443,-47576.290225889687,101.58983360661645,-113.65663516106483
-0.0046887599748059857,0.083769999718713337,0.23286900934783927,2.6073088862812175e-05,44357.472356337443,-47576.290225889687,101.58983360661645,-113.65663516106483
0.0046887599748059857,-0.083769999718713337,0.23286900934783927,2.6073088862812175e-05,44357.472356337443,-47576.290225889687,101.58983360661645,-113.65663516106483
-0.0046887599748059857,-0.083769999718713337,0.23286900934783927,2.6073088862812175e-05,44357.472356337443,-47576.290225889687,101.58983360661645,-113.65663516106483
0.1767204219848392,0.0091226366409640717,0.2120800296611382,2.7811333059090156e-05,-43556.608312329932,8563.9533924576808,-79.480715336556671,14.716732687558723
-0.1767204219848392,0.0091226366409640717,0.2120800296611382,2.7811333059090156e-05,-43556.608312329932,8563.9533924576808,-79.480715336556671,14.716732687558723
0.1767204219848392,-0.0091226366409640717,0.2120800296611382,2.7811333059090156e-05,-43556.608312329932,8563.9533924576808,-79.480715336556671,14.716732687558723
-0.1767204219848392,-0.0091226366409640717,0.2120800296611382,2.7811333059090156e-05,-43556.608312329932,8563.9533924576808,-79.480715336556671,14.716732687558723
0.10947136123064512,0.0084321824771883807,0.22203612475465945,2.1699537365628483e-05,45336.627583699563,-54077.9026427598,100.70322440448459,-122.7318711483958
-0.10947136123064512,0.0084321824771883807,0.22203612475465945,2.1699537365628483e-05,45336.627583699563,-54077.9026427598,100.70322440448459,-122.7318711483958
0.10947136123064512,-0.0084321824771883807,0.22203612475465945,2.1699537365628483e-05,45336.627583699563,-54077.9026427598,100.70322440448459,-122.7318711483958
-0.10947136123064512,-0.0084321824771883807,0.22203612475465945,2.1699537365628483e-05,45336.627583699563,-54077.9026427598,100.70322440448459,-122.7318711483958
0.18627552055083019,0.012437885806800083,0.21066068815577238,2.2538579221743888e-05,-29672.292032409114,25831.809104943957,-45.106157342467512,40.110541250818962
-0.18627552055083019,0.012437885806800083,0.21066068815577238,2.2538579221743888e-05,-29672.292032409114,25831.809104943957,-45.106157342467512,40.110541250818962
0.18627552055083019,-0.012437885806800083,0.21066068815577238,2.2538579221743888e-05,-29672.292032409114,25831.809104943957,-45.106157342467512,40.110541250818962
-0.18627552055083019,-0.012437885806800083,0.21066068815577238,2.2538579221743888e-05,-29672.292032409114,25831.809104943957,-45.106157342467512,40.110541250818962
0.0211342626152775,0.12939886926004254,0.23243589777417945,1.3910243981537078e-06,-26295.11099851226,10244.56874051018,-15.942071324177876,13.330179587333074
-0.0211342626152775,0.12939886926004254,0.23243589777417945,1.3910243981537078e-06,-26295.11099851226,10244.56874051018,-15.942071324177876,13.330179587333074
0.0211342626152775,-0.12939886926004254,0.23243589777417945,1.3910243981537078e-06,-26295.11099851226,10244.56874051018,-15.942071324177876,13.330179587333074
-0.0211342626152775,-0.12939886926004254,0.23243589777417945,1.3910243981537078e-06,-26295.11099851226,10244.56874051018,-15.942071324177876,13.330179587333074
0.014323682945089037,0.0081863262351953674,0.23266228394792982,3.5505893368842532e-05,87025.536296141072,20606.122147700218,215.74235640561679,43.972590023385116
-0.014323682945089037,0.0081863262351953674,0.23266228394792982,3.5505893368842532e-05,87025.536296141072,20606.122147700218,215.74235640561679,43.972590023385116
0.014323682945089037,-0.0081863262351953674,0.23266228394792982,3.5505893368842532e-05,87025.536296141072,20606.122147700218,215.74235640561679,43.972590023385116
-0.014323682945089037,-0.0081863262351953674,0.23266228394792982,3.5505893368842532e-05,87025.536296141072,20606.122147700218,215.74235640561679,43.972590023385116
0.11991349676497057,0.11238374069766734,0.21938207868776818,3.3161476186443761e-05,-33741.705709872927,2915.8294181155575,-56.149329352668232,5.4410290558418914
-0.11991349676497057,0.11238374069766734,0.21938207868776818,3.3161476186443761e-05,-33741.705709872927,2915.8294181155575,-56.149329352668232,5.4410290558418914
0.11991349676497057,-0.11238374069766734,0.21938207868776818,3.3161476186443761e-05,-33741.705709872927,2915.8294181155575,-56.149329352668232,5.4410290558418914
-0.11991349676497057,-0.11238374069766734,0.21938207868776818,3.3161476186443761e-05,-33741.705709872927,2915.8294181155575,-56.149329352668232,5.4410290558418914
0.19523809850215912,0.015259166713804007,0.20921343564987183,2.6192592634895675e-05,-8240.2871299813432,31934.635643935657,-4.7900282581324385,41.372537653658355
-0.19523809850215912,0.015259166713804007,0.20921343564987183,2.6192592634895675e-05,-8240.2871299813432,31934.635643935657,-4.7900282581324385,41.372537653658355
0.19523809850215912,-0.015259166713804007,0.20921343564987183,2.6192592634895675e-05,-8240.2871299813432,31934.635643935657,-4.7900282581324385,41.372537653658355
-0.19523809850215912,-0.015259166713804007,0.20921343564987183,2.6192592634895675e-05,-8240.2871299813432,31934.635643935657,-4.7900282581324385,41.372537653658355
0.11856172870280379,0.011258352579541591,0.2206903170796399,2.7973789632085838e-05,29479.471509956325,-61643.843582314737,60.014531365172061,-138.17636238106354
-0.11856172870280379,0.011258352579541591,0.2206903170796399,2.7973789632085838e-05,29479.471509956325,-61643.843582314737,60.014531365172061,-138.17636238106354
0.11856172870280379,-0.011258352579541591,0.2206903170796399,2.7973789632085838e-05,29479.471509956325,-61643.843582314737,60.014531365172061,-138.17636238106354
-0.11856172870280379,-0.011258352579541591,0.2206903170796399,2.7973789632085838e-05,29479.471509956325,-61643.843582314737,60.014531365172061,-138.17636238106354
0.021746568741255481,0.083664338590904205,0.23240678013014171,2.2057803523384151e-05,41872.943214206738,-49893.848332650239,88.206596183564812,-106.44500446205562
-0.021746568741255481,0.083664338590904205,0.23240678013014171,2.2057803523384151e-05,41872.943214206738,-49893.848332650239,88.206596183564812,-106.44500446205562
0.021746568741255481,-0.083664338590904205,0.23240678013014171,2.2057803523384151e-05,41872.943214206738,-49893.848332650239,88.206596183564812,-106.44500446205562
-0.021746568741255481,-0.083664338590904205,0.23240678013014171,2.2057803523384151e-05,41872.943214206738,-49893.848332650239,88.206596183564812,-106.44500446205562
0.12807480206088023,0.013640202494027549,0.21928192260583673,2.5430594155441273e-05,10648.336238952057,-64113.832219080257,20.208127874326745,-139.92532899568843
-0.12807480206088023,0.013640202494027549,0.21928192260583673,2.5430594155441273e-05,10648.336238952057,-64113.832219080257,20.208127874326745,-139.92532899568843
0.12807480206088023,-0.013640202494027549,0.21928192260583673,2.5430594155441273e-05,10648.336238952057,-64113.832219080257,20.208127874326745,-139.92532899568843
-0.12807480206088023,-0.013640202494027549,0.21928192260583673,2.5430594155441273e-05,10648.336238952057,-64113.832219080257,20.208127874326745,-139.92532899568843
0.13843183761170971,0.016258304512375813,0.21774858006131095,2.5804144045921233e-05,-10612.596576643413,-59763.714567433344,-25.235751753174984,-124.93733920116395
-0.13843183761170971,0.016258304512375813,0.21774858006131095,2.5804144045921233e-05,-10612.596576643413,-59763.714567433344,-25.235751753174984,-124.93733920116395
0.13843183761170971,-0.016258304512375813,0.21774858006131095,2.5804144045921233e-05,-10612.596576643413,-59763.714567433344,-25.235751753174984,-124.93733920116395
-0.13843183761170971,-0.016258304512375813,0.21774858006131095,2.5804144045921233e-05,-10612.596576643413,-59763.714567433344,-25.235751753174984,-124.93733920116395
0.051875522988355578,0.049047306317015038,0.23007956566959667,3.8918206142153981e-05,73667.016186469496,-28257.308912328604,173.33384063425206,-62.07191805969029
-0.051875522988355578,0.049047306317015038,0.23007956566959667,3.8918206142153981e-05,73667.016186469496,-28257.308912328604,173.33384063425206,-62.07191805969029
0.051875522988355578,-0.049047306317015038,0.23007956566959667,3.8918206142153981e-05,73667.016186469496,-28257.308912328604,173.33384063425206,-62.07191805969029
-0.051875522988355578,-0.049047306317015038,0.23007956566959667,3.8918206142153981e-05,73667.016186469496,-28257.308912328604,173.33384063425206,-62.07191805969029
0.063988130810268273,0.060650365507104599,0.22868144372425284,1.9097654315142768e-05,57943.74158212528,-44630.374614623885,127.39275349799613,-92.259224591615194
-0.063988130810268273,0.060650365507104599,0.22868144372425284,1.9097654315142768e-05,57943.74158212528,-44630.374614623885,127.39275349799613,-92.259224591615194
0.063988130810268273,-0.060650365507104599,0.22868144372425284,1.9097654315142768e-05,57943.74158212528,-44630.374614623885,127.39275349799613,-92.259224591615194
-0.063988130810268273,-0.060650365507104599,0.22868144372425284,1.9097654315142768e-05,57943.74158212528,-44630.374614623885,127.39275349799613,-92.259224591615194
0.1567477511658274,0.015097421132390858,0.21503695183378091,2.3843942636407839e-05,-40218.905984097968,-34312.362239728602,-83.087066481350419,-65.205671378937126
-0.1567477511658274,0.015097421132390858,0.21503695183378091,2.3843942636407839e-05,-40218.905984097968,-34312.362239728602,-83.087066481350419,-65.205671378937126
0.1567477511658274,-0.015097421132390858,0.21503695183378091,2.3843942636407839e-05,-40218.905984097968,-34312.362239728602,-83.087066481350419,-65.205671378937126
-0.1567477511658274,-0.015097421132390858,0.21503695183378091,2.3843942636407839e-05,-40218.905984097968,-34312.362239728602,-83.087066481350419,-65.205671378937126
0.16651912353251194,0.018025582451169777,0.21359031575479129,3.2486824045959717e-05,-47363.814372883789,-12317.28756793444,-90.876600144625215,-26.248041216507186
-0.16651912353251194,0.018025582451169777,0.21359031575479129,3.2486824045959717e-05,-47363.814372883789,-12317.28756793444,-90.876600144625215,-26.248041216507186
0.16651912353251194,-0.018025582451169777,0.21359031575479129,3.2486824045959717e-05,-47363.814372883789,-12317.28756793444,-90.876600144625215,-26.248041216507186
-0.16651912353251194,-0.018025582451169777,0.21359031575479129,3.2486824045959717e-05,-47363.814372883789,-12317.28756793444,-90.876600144625215,-26.248041216507186
0.14827443196106507,0.068449092487046156,0.21596907091598738,1.2457848594155126e-05,-44269.851974616751,-22029.617551179777,-82.52797140479403,-44.780843581189544
-0.14827443196106507,0.068449092487046156,0.21596907091598738,1.2457848594155126e-05,-44269.851974616751,-22029.617551179777,-82.52797140479403,-44.780843581189544
0.14827443196106507,-0.068449092487046156,0.21596907091598738,1.2457848594155126e-05,-44269.851974616751,-22029.617551179777,-82.52797140479403,-44.780843581189544
-0.14827443196106507,-0.068449092487046156,0.21596907091598738,1.2457848594155126e-05,-44269.851974616751,-22029.617551179777,-82.52797140479403,-44.780843581189544
0.064461705780269551,0.08982160368624896,0.22859434252124303,2.5362886143310093e-05,9834.4451137218057,-55536.102115141948,19.155270088135342,-117.82440755491571
-0.064461705780269551,0.08982160368624896,0.22859434252124303,2.5362886143310093e-05,9834.4451137218057,-55536.102115141948,19.155270088135342,-117.82440755491571
0.064461705780269551,-0.08982160368624896,0.22859434252124303,2.5362886143310093e-05,9834.4451137218057,-55536.102115141948,19.155270088135342,-117.82440755491571
-0.064461705780269551,-0.08982160368624896,0.22859434252124303,2.5362886143310093e-05,9834.4451137218057,-55536.102115141948,19.155270088135342,-117.82440755491571
0.17688483655875839,0.020378984948078053,0.21205319063398259,2.6422022802507487e-05,-43866.357552380119,11105.007932672186,-76.29303587286941,18.539459971633665
-0.17688483655875839,0.020378984948078053,0.21205319063398259,2.6422022802507487e-05,-43866.357552380119,11105.007932672186,-76.29303587286941,18.539459971633665
0.17688483655875839,-0.020378984948078053,0.21205319063398259,2.6422022802507487e-05,-43866.357552380119,11105.007932672186,-76.29303587286941,18.539459971633665
-0.17688483655875839,-0.020378984948078053,0.21205319063398259,2.6422022802507487e-05,-43866.357552380119,11105.007932672186,-76.29303587286941,18.539459971633665
0.18644891230698973,0.022984754328789051,0.21052636929914373,2.3634417954572421e-05,-29429.985303826576,27572.224535136509,-43.704271694801164,41.532495823264718
-0.18644891230698973,0.022984754328789051,0.21052636929914373,2.3634417954572421e-05,-29429.985303826576,27572.224535136509,-43.704271694801164,41.532495823264718
0.18644891230698973,-0.022984754328789051,0.21052636929914373,2.3634417954572421e-05,-29429.985303826576,27572.224535136509,-43.704271694801164,41.532495823264718
-0.18644891230698973,-0.022984754328789051,0.21052636929914373,2.3634417954572421e-05,-29429.985303826576,27572.224535136509,-43.704271694801164,41.532495823264718
0.19503745921452512,0.026147568808697876,0.20887476086169149,2.5394087961575077e-05,-8765.6191337001546,33028.52354186849,-3.5493059851585471,44.07674421060775
-0.19503745921452512,0.026147568808697876,0.20887476086169149,2.5394087961575077e-05,-8765.6191337001546,33028.52354186849,-3.5493059851585471,44.07674421060775
0.19503745921452512,-0.026147568808697876,0.20887476086169149,2.5394087961575077e-05,-8765.6191337001546,33028.52354186849,-3.5493059851585471,44.07674421060775
-0.19503745921452512,-0.026147568808697876,0.20887476086169149,2.5394087961575077e-05,-8765.6191337001546,33028.52354186849,-3.5493059851585471,44.07674421060775
0.060230657990312658,0.12647763478759597,0.22914437542099442,2.680968378693438e-06,-27521.085449400623,9586.1544825973069,-13.99911365278588,8.2153288301650313
-0.060230657990312658,0.12647763478759597,0.22914437542099442,2.680968378693438e-06,-27521.085449400623,9586.1544825973069,-13.99911365278588,8.2153288301650313
0.060230657990312658,-0.12647763478759597,0.22914437542099442,2.680968378693438e-06,-27521.085449400623,9586.1544825973069,-13.99911365278588,8.2153288301650313
-0.060230657990312658,-0.12647763478759597,0.22914437542099442,2.680968378693438e-06,-27521.085449400623,9586.1544825973069,-13.99911365278588,8.2153288301650313
0.032847676220828972,0.0039287452243340487,0.23175971560580017,2.51290722651222e-05,86729.915612814453,15518.749926349308,227.78051546518606,32.030323485329902
-0.032847676220828972,0.0039287452243340487,0.23175971560580017,2.51290722651222e-05,86729.915612814453,15518.749926349308,227.78051546518606,32.030323485329902
0.032847676220828972,-0.0039287452243340487,0.23175971560580017,2.51290722651222e-05,86729.915612814453,15518.749926349308,227.78051546518606,32.030323485329902
-0.032847676220828972,-0.0039287452243340487,0.23175971560580017,2.51290722651222e-05,86729.915612814453,15518.749926349308,227.78051546518606,32.030323485329902
0.061573513421171837,0.084448018706747646,0.22898033864336656,2.8213248395453104e-05,22608.481353419749,-56555.442535896553,44.730597445694862,-120.99975605482879
-0.061573513421171837,0.084448018706747646,0.22898033864336656,2.8213248395453104e-05,22608.481353419749,-56555.442535896553,44.730597445694862,-120.99975605482879
0.061573513421171837,-0.084448018706747646,0.22898033864336656,2.8213248395453104e-05,22608.481353419749,-56555.442535896553,44.730597445694862,-120.99975605482879
-0.061573513421171837,-0.084448018706747646,0.22898033864336656,2.8213248395453104e-05,22608.481353419749,-56555.442535896553,44.730597445694862,-120.99975605482879
0.024850279592888894,0.12372071448446081,0.23223872112741709,8.140846788008865e-06,-31983.151675900401,-3428.7019714711037,-23.16108729547112,1.774465983341756
-0.024850279592888894,0.12372071448446081,0.23223872112741709,8.140846788008865e-06,-31983.151675900401,-3428.7019714711037,-23.16108729547112,1.774465983341756
0.024850279592888894,-0.12372071448446081,0.23223872112741709,8.140846788008865e-06,-31983.151675900401,-3428.7019714711037,-23.16108729547112,1.774465983341756
-0.024850279592888894,-0.12372071448446081,0.23223872112741709,8.140846788008865e-06,-31983.151675900401,-3428.7019714711037,-23.16108729547112,1.774465983341756
0.08062041674115103,0.011263226555409607,0.22630744767911984,2.6760171137707305e-05,74929.245375967308,-22095.756080678504,174.63586926099282,-63.929165794652327
-0.08062041674115103,0.011263226555409607,0.22630744767911984,2.6760171137707305e-05,74929.245375967308,-22095.756080678504,174.63586926099282,-63.929165794652327
0.08062041674115103,-0.011263226555409607,0.22630744767911984,2.6760171137707305e-05,74929.245375967308,-22095.756080678504,174.63586926099282,-63.929165794652327
-0.08062041674115103,-0.011263226555409607,0.22630744767911984,2.6760171137707305e-05,74929.245375967308,-22095.756080678504,174.63586926099282,-63.929165794652327
0.08738791158377042,0.080516142878749405,0.22530553033191042,4.0805483222261555e-05,10362.09791210054,-56251.322273822203,21.962351647926358,-126.31664544561444
-0.08738791158377042,0.080516142878749405,0.22530553033191042,4.0805483222261555e-05,10362.09791210054,-56251.322273822203,21.962351647926358,-126.31664544561444
0.08738791158377042,-0.080516142878749405,0.22530553033191042,4.0805483222261555e-05,10362.09791210054,-56251.322273822203,21.962351647926358,-126.31664544561444
-0.08738791158377042,-0.080516142878749405,0.22530553033191042,4.0805483222261555e-05,10362.09791210054,-56251.322273822203,21.962351647926358,-126.31664544561444
0.14585369825363159,0.12999999523162842,0.21056050807237625,2.0574601612175743e-05,4944.4394415115812,19520.115908845379,10.676777536989061,26.534514889361301
-0.14585369825363159,0.12999999523162842,0.21056050807237625,2.0574601612175743e-05,4944.4394415115812,19520.115908845379,10.676777536989061,26.534514889361301
0.14585369825363159,-0.12999999523162842,0.21056050807237625,2.0574601612175743e-05,4944.4394415115812,19520.115908845379,10.676777536989061,26.534514889361301
-0.14585369825363159,-0.12999999523162842,0.21056050807237625,2.0574601612175743e-05,4944.4394415115812,19520.115908845379,10.676777536989061,26.534514889361301
0.090547220697626829,0.013101952812155176,0.2248377995659899,2.3866070249303158e-05,67032.118378814645,-33946.829260248334,154.73559277432364,-88.091307741777385
-0.090547220697626829,0.013101952812155176,0.2248377995659899,2.3866070249303158e-05,67032.118378814645,-33946.829260248334,154.73559277432364,-88.091307741777385
0.090547220697626829,-0.013101952812155176,0.2248377995659899,2.3866070249303158e-05,67032.118378814645,-33946.829260248334,154.73559277432364,-88.091307741777385
-0.090547220697626829,-0.013101952812155176,0.2248377995659899,2.3866070249303158e-05,67032.118378814645,-33946.829260248334,154.73559277432364,-88.091307741777385
0.043017828761724664,0.007363913369690115,0.23097568323626841,1.9568626799014011e-05,86014.952733271624,10006.551817752219,207.7658039026274,15.164644398956668
-0.043017828761724664,0.007363913369690115,0.23097568323626841,1.9568626799014011e-05,86014.952733271624,10006.551817752219,207.7658039026274,15.164644398956668
0.043017828761724664,-0.007363913369690115,0.23097568323626841,1.9568626799014011e-05,86014.952733271624,10006.551817752219,207.7658039026274,15.164644398956668
-0.043017828761724664,-0.007363913369690115,0.23097568323626841,1.9568626799014011e-05,86014.952733271624,10006.551817752219,207.7658039026274,15.164644398956668
0.09962267380255263,0.016090831990959113,0.22349419992820882,2.7725619316972729e-05,56800.272564522435,-45279.035552187604,127.29209711697045,-109.77054383178191
-0.09962267380255263,0.016090831990959113,0.22349419992820882,2.7725619316972729e-05,56800.272564522435,-45279.035552187604,127.29209711697045,-109.77054383178191
0.09962267380255263,-0.016090831990959113,0.22349419992820882,2.7725619316972729e-05,56800.272564522435,-45279.035552187604,127.29209711697045,-109.77054383178191
-0.09962267380255263,-0.016090831990959113,0.22349419992820882,2.7725619316972729e-05,56800.272564522435,-45279.035552187604,127.29209711697045,-109.77054383178191
0.10975271025565149,0.019181861145319178,0.22199447168855704,2.4923615788921229e-05,41625.767924429449,-55971.462884676235,91.8878404522045,-128.16649584639518
-0.10975271025565149,0.019181861145319178,0.22199447168855704,2.4923615788921229e-05,41625.767924429449,-55971.462884676235,91.8878404522045,-128.16649584639518
0.10975271025565149,-0.019181861145319178,0.22199447168855704,2.4923615788921229e-05,41625.767924429449,-55971.462884676235,91.8878404522045,-128.16649584639518
-0.10975271025565149,-0.019181861145319178,0.22199447168855704,2.4923615788921229e-05,41625.767924429449,-55971.462884676235,91.8878404522045,-128.16649584639518
0.15693254845500654,0.025385732193453504,0.21500959302668518,2.4933092881195655e-05,-42739.270782930718,-30633.295928172192,-85.25068212070147,-61.175586570042178
-0.15693254845500654,0.025385732193453504,0.21500959302668518,2.4933092881195655e-05,-42739.270782930718,-30633.295928172192,-85.25068212070147,-61.175586570042178
0.15693254845500654,-0.025385732193453504,0.21500959302668518,2.4933092881195655e-05,-42739.270782930718,-30633.295928172192,-85.25068212070147,-61.175586570042178
-0.15693254845500654,-0.025385732193453504,0.21500959302668518,2.4933092881195655e-05,-42739.270782930718,-30633.295928172192,-85.25068212070147,-61.175586570042178
0.05428345370726069,0.073187394034645664,0.22984777834822756,3.5489328038544643e-05,46702.278657889037,-51550.172222017689,103.04689023683513,-115.71585195307767
-0.05428345370726069,0.073187394034645664,0.22984777834822756,3.5489328038544643e-05,46702.278657889037,-51550.172222017689,103.04689023683513,-115.71585195307767
0.05428345370726069,-0.073187394034645664,0.22984777834822756,3.5489328038544643e-05,46702.278657889037,-51550.172222017689,103.04689023683513,-115.71585195307767
-0.05428345370726069,-0.073187394034645664,0.22984777834822756,3.5489328038544643e-05,46702.278657889037,-51550.172222017689,103.04689023683513,-115.71585195307767
0.049828685393821667,0.12348368958900321,0.2303217899784801,5.0864848659279915e-06,-31954.120136354701,8.6018932963296297,-23.094327061599845,2.8790184117751529
-0.049828685393821667,0.12348368958900321,0.2303217899784801,5.0864848659279915e-06,-31954.120136354701,8.6018932963296297,-23.094327061599845,2.8790184117751529
0.049828685393821667,-0.12348368958900321,0.2303217899784801,5.0864848659279915e-06,-31954.120136354701,8.6018932963296297,-23.094327061599845,2.8790184117751529
-0.049828685393821667,-0.12348368958900321,0.2303217899784801,5.0864848659279915e-06,-31954.120136354701,8.6018932963296297,-23.094327061599845,2.8790184117751529
0.0045546178812519329,0.12739205838977574,0.2328713621114365,4.8099154393666857e-06,-28718.029214657086,5252.1347602893138,-15.389946945258407,6.1355024318376481
-0.0045546178812519329,0.12739205838977574,0.2328713621114365,4.8099154393666857e-06,-28718.029214657086,5252.1347602893138,-15.389946945258407,6.1355024318376481
0.0045546178812519329,-0.12739205838977574,0.2328713621114365,4.8099154393666857e-06,-28718.029214657086,5252.1347602893138,-15.389946945258407,6.1355024318376481
-0.0045546178812519329,-0.12739205838977574,0.2328713621114365,4.8099154393666857e-06,-28718.029214657086,5252.1347602893138,-15.389946945258407,6.1355024318376481
0.11733469842906373,0.10819743445445001,0.22021950634356097,1.6486338449323784e-05,-36330.593178880816,-5923.3818206376754,-63.002856263711045,-8.3790627408060079
-0.11733469842906373,0.10819743445445001,0.22021950634356097,1.6486338449323784e-05,-36330.593178880816,-5923.3818206376754,-63.002856263711045,-8.3790627408060079
0.11733469842906373,-0.10819743445445001,0.22021950634356097,1.6486338449323784e-05,-36330.593178880816,-5923.3818206376754,-63.002856263711045,-8.3790627408060079
-0.11733469842906373,-0.10819743445445001,0.22021950634356097,1.6486338449323784e-05,-36330.593178880816,-5923.3818206376754,-63.002856263711045,-8.3790627408060079
0.032087946220884594,0.12928146546821509,0.23179868388947333,1.8753867166634106e-06,-26220.202834943979,10711.7681372481,-14.658324919945169,12.721823502185513
-0.032087946220884594,0.12928146546821509,0.23179868388947333,1.8753867166634106e-06,-26220.202834943979,10711.7681372481,-14.658324919945169,12.721823502185513
0.032087946220884594,-0.12928146546821509,0.23179868388947333,1.8753867166634106e-06,-26220.202834943979,10711.7681372481,-14.658324919945169,12.721823502185513
-0.032087946220884594,-0.12928146546821509,0.23179868388947333,1.8753867166634106e-06,-26220.202834943979,10711.7681372481,-14.658324919945169,12.721823502185513
0.0046006889413827664,0.12430046356106934,0.23287055875668652,5.2969663095884498e-06,-31115.594081642714,-2592.4251962301519,-19.745603358055774,3.1022328522311744
-0.0046006889413827664,0.12430046356106934,0.23287055875668652,5.2969663095884498e-06,-31115.594081642714,-2592.4251962301519,-19.745603358055774,3.1022328522311744
0.0046006889413827664,-0.12430046356106934,0.23287055875668652,5.2969663095884498e-06,-31115.594081642714,-2592.4251962301519,-19.745603358055774,3.1022328522311744
-0.0046006889413827664,-0.12430046356106934,0.23287055875668652,5.2969663095884498e-06,-31115.594081642714,-2592.4251962301519,-19.745603358055774,3.1022328522311744
0.073623633243942277,0.12796784487943696,0.22730552717857194,3.2659362751456947e-06,-22537.995153060598,15649.031076182035,-12.503387787118072,13.803724642181928
-0.073623633243942277,0.12796784487943696,0.22730552717857194,3.2659362751456947e-06,-22537.995153060598,15649.031076182035,-12.503387787118072,13.803724642181928
0.073623633243942277,-0.12796784487943696,0.22730552717857194,3.2659362751456947e-06,-22537.995153060598,15649.031076182035,-12.503387787118072,13.803724642181928
-0.073623633243942277,-0.12796784487943696,0.22730552717857194,3.2659362751456947e-06,-22537.995153060598,15649.031076182035,-12.503387787118072,13.803724642181928
0.15232640900696759,0.0045018937729672292,0.21569152121499735,1.415614431984369e-05,-32836.831687667582,-43734.631272685998,-78.381664106902591,-101.17528751718187
-0.15232640900696759,0.0045018937729672292,0.21569152121499735,1.415614431984369e-05,-32836.831687667582,-43734.631272685998,-78.381664106902591,-101.17528751718187
0.15232640900696759,-0.0045018937729672292,0.21569152121499735,1.415614431984369e-05,-32836.831687667582,-43734.631272685998,-78.381664106902591,-101.17528751718187
-0.15232640900696759,-0.0045018937729672292,0.21569152121499735,1.415614431984369e-05,-32836.831687667582,-43734.631272685998,-78.381664106902591,-101.17528751718187
0.070680632737171858,0.12495154746819662,0.22777691942772138,4.1997635133945167e-06,-27934.651670030958,9311.7134607775006,-17.323635484402725,9.8432717046242892
-0.070680632737171858,0.12495154746819662,0.22777691942772138,4.1997635133945167e-06,-27934.651670030958,9311.7134607775006,-17.323635484402725,9.8432717046242892
0.070680632737171858,-0.12495154746819662,0.22777691942772138,4.1997635133945167e-06,-27934.651670030958,9311.7134607775006,-17.323635484402725,9.8432717046242892
-0.070680632737171858,-0.12495154746819662,0.22777691942772138,4.1997635133945167e-06,-27934.651670030958,9311.7134607775006,-17.323635484402725,9.8432717046242892
0.054909977077289021,0.12479811841017538,0.2297943138524336,3.0422915582302881e-06,-30374.853195569802,4543.60401842799,-17.715337043194104,6.6259063951834491
-0.054909977077289021,0.12479811841017538,0.2297943138524336,3.0422915582302881e-06,-30374.853195569802,4543.60401842799,-17.715337043194104,6.6259063951834491
0.054909977077289021,-0.12479811841017538,0.2297943138524336,3.0422915582302881e-06,-30374.853195569802,4543.60401842799,-17.715337043194104,6.6259063951834491
-0.054909977077289021,-0.12479811841017538,0.2297943138524336,3.0422915582302881e-06,-30374.853195569802,4543.60401842799,-17.715337043194104,6.6259063951834491
0.051639506185029257,0.1265682730605816,0.23016836494824916,4.0557415535131675e-06,-28555.811121075578,7837.4646876061752,-16.837770591788345,8.1927344048108655
-0.051639506185029257,0.1265682730605816,0.23016836494824916,4.0557415535131675e-06,-28555.811121075578,7837.4646876061752,-16.837770591788345,8.1927344048108655
0.051639506185029257,-0.1265682730605816,0.23016836494824916,4.0557415535131675e-06,-28555.811121075578,7837.4646876061752,-16.837770591788345,8.1927344048108655
-0.051639506185029257,-0.1265682730605816,0.23016836494824916,4.0557415535131675e-06,-28555.811121075578,7837.4646876061752,-16.837770591788345,8.1927344048108655
0.04069016734706319,0.12337069611450209,0.23117951211245036,3.3565951604860351e-06,-32394.44461556352,-2351.1881483665002,-22.337541674457494,2.2113383705190577
-0.04069016734706319,0.12337069611450209,0.23117951211245036,3.3565951604860351e-06,-32394.44461556352,-2351.1881483665002,-22.337541674457494,2.2113383705190577
0.04069016734706319,-0.12337069611450209,0.23117951211245036,3.3565951604860351e-06,-32394.44461556352,-2351.1881483665002,-22.337541674457494,2.2113383705190577
-0.04069016734706319,-0.12337069611450209,0.23117951211245036,3.3565951604860351e-06,-32394.44461556352,-2351.1881483665002,-22.337541674457494,2.2113383705190577
0.073843646398676591,0.12494194255875107,0.2272864820286104,3.0932099786726529e-06,-27395.432378208367,10177.20618828338,-18.82203367193847,10.732825607926483
-0.073843646398676591,0.12494194255875107,0.2272864820286104,3.0932099786726529e-06,-27395.432378208367,10177.20618828338,-18.82203367193847,10.732825607926483
0.073843646398676591,-0.12494194255875107,0.2272864820286104,3.0932099786726529e-06,-27395.432378208367,10177.20618828338,-18.82203367193847,10.732825607926483
-0.073843646398676591,-0.12494194255875107,0.2272864820286104,3.0932099786726529e-06,-27395.432378208367,10177.20618828338,-18.82203367193847,10.732825607926483
0.061654419358885076,0.12534908102678413,0.22897045743082373,3.0918603882322567e-06,-28817.836949792578,7583.9415579866891,-17.887300679330973,8.2295265203021835
-0.061654419358885076,0.12534908102678413,0.22897045743082373,3.0918603882322567e-06,-28817.836949792578,7583.9415579866891,-17.887300679330973,8.2295265203021835
0.061654419358885076,-0.12534908102678413,0.22897045743082373,3.0918603882322567e-06,-28817.836949792578,7583.9415579866891,-17.887300679330973,8.2295265203021835
-0.061654419358885076,-0.12534908102678413,0.22897045743082373,3.0918603882322567e-06,-28817.836949792578,7583.9415579866891,-17.887300679330973,8.2295265203021835
0.015311487905713336,0.12770480320661831,0.23266360242750472,2.5350183170417047e-06,-28535.002617110498,6226.2963294796918,-14.344935079818503,8.3329897509846198
-0.015311487905713336,0.12770480320661831,0.23266360242750472,2.5350183170417047e-06,-28535.002617110498,6226.2963294796918,-14.344935079818503,8.3329897509846198
0.015311487905713336,-0.12770480320661831,0.23266360242750472,2.5350183170417047e-06,-28535.002617110498,6226.2963294796918,-14.344935079818503,8.3329897509846198
-0.015311487905713336,-0.12770480320661831,0.23266360242750472,2.5350183170417047e-06,-28535.002617110498,6226.2963294796918,-14.344935079818503,8.3329897509846198
0.0030877945233002239,0.12750773856466452,0.23289629483038909,1.5498024604345309e-06,-28570.768104836421,5529.6768324106633,-13.257747875643933,5.2135944344006413
-0.0030877945233002239,0.12750773856466452,0.23289629483038909,1.5498024604345309e-06,-28570.768104836421,5529.6768324106633,-13.257747875643933,5.2135944344006413
0.0030877945233002239,-0.12750773856466452,0.23289629483038909,1.5498024604345309e-06,-28570.768104836421,5529.6768324106633,-13.257747875643933,5.2135944344006413
-0.0030877945233002239,-0.12750773856466452,0.23289629483038909,1.5498024604345309e-06,-28570.768104836421,5529.6768324106633,-13.257747875643933,5.2135944344006413
0.070035988683140468,0.12820013010690809,0.22786500537320586,2.6977759897315276e-06,-22827.761050421264,15238.556495648818,-13.944424207323971,12.117483250945051
-0.070035988683140468,0.12820013010690809,0.22786500537320586,2.6977759897315276e-06,-22827.761050421264,15238.556495648818,-13.944424207323971,12.117483250945051
0.070035988683140468,-0.12820013010690809,0.22786500537320586,2.6977759897315276e-06,-22827.761050421264,15238.556495648818,-13.944424207323971,12.117483250945051
-0.070035988683140468,-0.12820013010690809,0.22786500537320586,2.6977759897315276e-06,-22827.761050421264,15238.556495648818,-13.944424207323971,12.117483250945051
0.16651908295162263,0.029142262552929066,0.21358842738726108,2.9143287118916233e-05,-49021.152522592456,-8415.100177907565,-91.996006295398601,-17.749924799822388
-0.16651908295162263,0.029142262552929066,0.21358842738726108,2.9143287118916233e-05,-49021.152522592456,-8415.100177907565,-91.996006295398601,-17.749924799822388
0.16651908295162263,-0.029142262552929066,0.21358842738726108,2.9143287118916233e-05,-49021.152522592456,-8415.100177907565,-91.996006295398601,-17.749924799822388
-0.16651908295162263,-0.029142262552929066,0.21358842738726108,2.9143287118916233e-05,-49021.152522592456,-8415.100177907565,-91.996006295398601,-17.749924799822388
0.11959480758466177,0.022084702940935234,0.22053737216378658,2.2149084644759905e-05,23888.497745617537,-62406.355018708935,49.492094974416879,-136.17837232482762
-0.11959480758466177,0.022084702940935234,0.22053737216378658,2.2149084644759905e-05,23888.497745617537,-62406.355018708935,49.492094974416879,-136.17837232482762
0.11959480758466177,-0.022084702940935234,0.22053737216378658,2.2149084644759905e-05,23888.497745617537,-62406.355018708935,49.492094974416879,-136.17837232482762
-0.11959480758466177,-0.022084702940935234,0.22053737216378658,2.2149084644759905e-05,23888.497745617537,-62406.355018708935,49.492094974416879,-136.17837232482762
0.018907329932209817,0.12917057696628598,0.23255630220801904,1.2439574740741494e-06,-26606.407763925883,9649.5128045835063,-17.938630065570599,11.217820741979214
-0.018907329932209817,0.12917057696628598,0.23255630220801904,1.2439574740741494e-06,-26606.407763925883,9649.5128045835063,-17.938630065570599,11.217820741979214
0.018907329932209817,-0.12917057696628598,0.23255630220801904,1.2439574740741494e-06,-26606.407763925883,9649.5128045835063,-17.938630065570599,11.217820741979214
-0.018907329932209817,-0.12917057696628598,0.23255630220801904,1.2439574740741494e-06,-26606.407763925883,9649.5128045835063,-17.938630065570599,11.217820741979214
0.067698055520463235,0.12527597390823833,0.22818750743495314,5.147191424860255e-06,-27958.285866261318,9159.6185575822983,-17.052779069340346,9.3487974619213361
-0.067698055520463235,0.12527597390823833,0.22818750743495314,5.147191424860255e-06,-27958.285866261318,9159.6185575822983,-17.052779069340346,9.3487974619213361
0.067698055520463235,-0.12527597390823833,0.22818750743495314,5.147191424860255e-06,-27958.285866261318,9159.6185575822983,-17.052779069340346,9.3487974619213361
-0.067698055520463235,-0.12527597390823833,0.22818750743495314,5.147191424860255e-06,-27958.285866261318,9159.6185575822983,-17.052779069340346,9.3487974619213361
0.17620868488297711,0.032385913529200575,0.21204248982030799,3.0766460521684118e-05,-44570.614531085084,13180.729213660728,-76.412323851288463,19.291008190524121
-0.17620868488297711,0.032385913529200575,0.21204248982030799,3.0766460521684118e-05,-44570.614531085084,13180.729213660728,-76.412323851288463,19.291008190524121
0.17620868488297711,-0.032385913529200575,0.21204248982030799,3.0766460521684118e-05,-44570.614531085084,13180.729213660728,-76.412323851288463,19.291008190524121
-0.17620868488297711,-0.032385913529200575,0.21204248982030799,3.0766460521684118e-05,-44570.614531085084,13180.729213660728,-76.412323851288463,19.291008190524121
0.040144370013092248,0.12500240762380399,0.23122730679805484,3.6920665760238546e-06,-31184.502591861528,1773.6998796519781,-19.650127349209523,5.0031122918076347
-0.040144370013092248,0.12500240762380399,0.23122730679805484,3.6920665760238546e-06,-31184.502591861528,1773.6998796519781,-19.650127349209523,5.0031122918076347
0.040144370013092248,-0.12500240762380399,0.23122730679805484,3.6920665760238546e-06,-31184.502591861528,1773.6998796519781,-19.650127349209523,5.0031122918076347
-0.040144370013092248,-0.12500240762380399,0.23122730679805484,3.6920665760238546e-06,-31184.502591861528,1773.6998796519781,-19.650127349209523,5.0031122918076347
0.18602369895254325,0.034334432845097178,0.21023897409961809,2.7687721173215514e-05,-29745.84996588064,29260.720563884239,-44.399622622131858,46.322783346573381
-0.18602369895254325,0.034334432845097178,0.21023897409961809,2.7687721173215514e-05,-29745.84996588064,29260.720563884239,-44.399622622131858,46.322783346573381
0.18602369895254325,-0.034334432845097178,0.21023897409961809,2.7687721173215514e-05,-29745.84996588064,29260.720563884239,-44.399622622131858,46.322783346573381
-0.18602369895254325,-0.034334432845097178,0.21023897409961809,2.7687721173215514e-05,-29745.84996588064,29260.720563884239,-44.399622622131858,46.322783346573381
0.19523534758818326,0.036616455236005034,0.20823381623153858,2.6307010092887755e-05,-7694.0751141400251,33707.066573077049,-1.5569682526414281,47.41680704326852
-0.19523534758818326,0.036616455236005034,0.20823381623153858,2.6307010092887755e-05,-7694.0751141400251,33707.066573077049,-1.5569682526414281,47.41680704326852
0.19523534758818326,-0.036616455236005034,0.20823381623153858,2.6307010092887755e-05,-7694.0751141400251,33707.066573077049,-1.5569682526414281,47.41680704326852
-0.19523534758818326,-0.036616455236005034,0.20823381623153858,2.6307010092887755e-05,-7694.0751141400251,33707.066573077049,-1.5569682526414281,47.41680704326852
0.1289964040402595,0.024379869315755032,0.21914548024983888,2.5630926460179854e-05,4649.764543052941,-63557.24654539059,6.2468584626871353,-135.89782189410252
-0.1289964040402595,0.024379869315755032,0.21914548024983888,2.5630926460179854e-05,4649.764543052941,-63557.24654539059,6.2468584626871353,-135.89782189410252
0.1289964040402595,-0.024379869315755032,0.21914548024983888,2.5630926460179854e-05,4649.764543052941,-63557.24654539059,6.2468584626871353,-135.89782189410252
-0.1289964040402595,-0.024379869315755032,0.21914548024983888,2.5630926460179854e-05,4649.764543052941,-63557.24654539059,6.2468584626871353,-135.89782189410252
0.026877218783761411,0.12392026399167658,0.23213656859197371,2.8660382379254274e-06,-31936.521364423628,-2803.5555327571155,-20.915083948175944,1.6666965327712351
-0.026877218783761411,0.12392026399167658,0.23213656859197371,2.8660382379254274e-06,-31936.521364423628,-2803.5555327571155,-20.915083948175944,1.6666965327712351
0.026877218783761411,-0.12392026399167658,0.23213656859197371,2.8660382379254274e-06,-31936.521364423628,-2803.5555327571155,-20.915083948175944,1.6666965327712351
-0.026877218783761411,-0.12392026399167658,0.23213656859197371,2.8660382379254274e-06,-31936.521364423628,-2803.5555327571155,-20.915083948175944,1.6666965327712351
0.048667473655631545,0.12507981378777713,0.23046116817956722,2.98094445602347e-06,-30573.406122706652,3670.7323166665587,-20.768600436422471,3.1648704195796187
-0.048667473655631545,0.12507981378777713,0.23046116817956722,2.98094445602347e-06,-30573.406122706652,3670.7323166665587,-20.768600436422471,3.1648704195796187
0.048667473655631545,-0.12507981378777713,0.23046116817956722,2.98094445602347e-06,-30573.406122706652,3670.7323166665587,-20.768600436422471,3.1648704195796187
-0.048667473655631545,-0.12507981378777713,0.23046116817956722,2.98094445602347e-06,-30573.406122706652,3670.7323166665587,-20.768600436422471,3.1648704195796187
0.073461562325689039,0.12971373084220716,0.22726224620175287,9.0845143564889042e-07,-19072.25160323501,18286.788494391782,-11.996466117763788,17.11877489709466
-0.073461562325689039,0.12971373084220716,0.22726224620175287,9.0845143564889042e-07,-19072.25160323501,18286.788494391782,-11.996466117763788,17.11877489709466
0.073461562325689039,-0.12971373084220716,0.22726224620175287,9.0845143564889042e-07,-19072.25160323501,18286.788494391782,-11.996466117763788,17.11877489709466
-0.073461562325689039,-0.12971373084220716,0.22726224620175287,9.0845143564889042e-07,-19072.25160323501,18286.788494391782,-11.996466117763788,17.11877489709466
0.021055595445778681,0.12644566701780516,0.23244061417674627,2.946802713991676e-06,-29904.144206127086,3408.9624203384878,-17.03676415029771,4.7632639874212082
-0.021055595445778681,0.12644566701780516,0.23244061417674627,2.946802713991676e-06,-29904.144206127086,3408.9624203384878,-17.03676415029771,4.7632639874212082
0.021055595445778681,-0.12644566701780516,0.23244061417674627,2.946802713991676e-06,-29904.144206127086,3408.9624203384878,-17.03676415029771,4.7632639874212082
-0.021055595445778681,-0.12644566701780516,0.23244061417674627,2.946802713991676e-06,-29904.144206127086,3408.9624203384878,-17.03676415029771,4.7632639874212082
0.012848187571928377,0.12745100410180085,0.23272560704273729,2.2751953306620114e-06,-28729.458862408137,5490.6630731913237,-16.189679256236634,5.0718815113488844
-0.012848187571928377,0.12745100410180085,0.23272560704273729,2.2751953306620114e-06,-28729.458862408137,5490.6630731913237,-16.189679256236634,5.0718815113488844
0.012848187571928377,-0.12745100410180085,0.23272560704273729,2.2751953306620114e-06,-28729.458862408137,5490.6630731913237,-16.189679256236634,5.0718815113488844
-0.012848187571928377,-0.12745100410180085,0.23272560704273729,2.2751953306620114e-06,-28729.458862408137,5490.6630731913237,-16.189679256236634,5.0718815113488844
0.056546926178607279,0.12483316397674926,0.22959435548523566,5.0926754828952445e-06,-30121.261774368577,5085.166876273267,-21.051464881399554,7.7540734976563241
-0.056546926178607279,0.12483316397674926,0.22959435548523566,5.0926754828952445e-06,-30121.261774368577,5085.166876273267,-21.051464881399554,7.7540734976563241
0.056546926178607279,-0.12483316397674926,0.22959435548523566,5.0926754828952445e-06,-30121.261774368577,5085.166876273267,-21.051464881399554,7.7540734976563241
-0.056546926178607279,-0.12483316397674926,0.22959435548523566,5.0926754828952445e-06,-30121.261774368577,5085.166876273267,-21.051464881399554,7.7540734976563241
0.028291478947176821,0.12783129244632571,0.23206165116252295,2.497294721240928e-06,-28376.643621830677,7118.8856898986769,-15.356075455692114,7.8368188536417209
-0.028291478947176821,0.12783129244632571,0.23206165116252295,2.497294721240928e-06,-28376.643621830677,7118.8856898986769,-15.356075455692114,7.8368188536417209
0.028291478947176821,-0.12783129244632571,0.23206165116252295,2.497294721240928e-06,-28376.643621830677,7118.8856898986769,-15.356075455692114,7.8368188536417209
-0.028291478947176821,-0.12783129244632571,0.23206165116252295,2.497294721240928e-06,-28376.643621830677,7118.8856898986769,-15.356075455692114,7.8368188536417209
0.024752973295569192,0.12640766703195744,0.23224844183063822,3.0834819230030146e-06,-29994.653836106914,3469.1735710441762,-17.738899086135412,5.0485779340320738
-0.024752973295569192,0.12640766703195744,0.23224844183063822,3.0834819230030146e-06,-29994.653836106914,3469.1735710441762,-17.738899086135412,5.0485779340320738
0.024752973295569192,-0.12640766703195744,0.23224844183063822,3.0834819230030146e-06,-29994.653836106914,3469.1735710441762,-17.738899086135412,5.0485779340320738
-0.024752973295569192,-0.12640766703195744,0.23224844183063822,3.0834819230030146e-06,-29994.653836106914,3469.1735710441762,-17.738899086135412,5.0485779340320738
0.048133568128986573,0.12681315787382488,0.23052771265689165,2.4886689179140364e-06,-28661.763631756021,7615.0679626910251,-13.078116244937545,8.3191529461856337
-0.048133568128986573,0.12681315787382488,0.23052771265689165,2.4886689179140364e-06,-28661.763631756021,7615.0679626910251,-13.078116244937545,8.3191529461856337
0.048133568128986573,-0.12681315787382488,0.23052771265689165,2.4886689179140364e-06,-28661.763631756021,7615.0679626910251,-13.078116244937545,8.3191529461856337
-0.048133568128986573,-0.12681315787382488,0.23052771265689165,2.4886689179140364e-06,-28661.763631756021,7615.0679626910251,-13.078116244937545,8.3191529461856337
0.11489620548819089,0.10416462070396329,0.22084794903199895,3.0517329739549788e-05,-36374.116458116325,-15014.218307656987,-65.671109356089801,-26.138586820389069
-0.11489620548819089,0.10416462070396329,0.22084794903199895,3.0517329739549788e-05,-36374.116458116325,-15014.218307656987,-65.671109356089801,-26.138586820389069
0.11489620548819089,-0.10416462070396329,0.22084794903199895,3.0517329739549788e-05,-36374.116458116325,-15014.218307656987,-65.671109356089801,-26.138586820389069
-0.11489620548819089,-0.10416462070396329,0.22084794903199895,3.0517329739549788e-05,-36374.116458116325,-15014.218307656987,-65.671109356089801,-26.138586820389069
0.032712677383845652,0.12791756385452502,0.23182856447739669,2.3120242606323384e-06,-28144.804584624024,7784.9364177042316,-14.989068919258264,7.6408761949447204
-0.032712677383845652,0.12791756385452502,0.23182856447739669,2.3120242606323384e-06,-28144.804584624024,7784.9364177042316,-14.989068919258264,7.6408761949447204
0.032712677383845652,-0.12791756385452502,0.23182856447739669,2.3120242606323384e-06,-28144.804584624024,7784.9364177042316,-14.989068919258264,7.6408761949447204
-0.032712677383845652,-0.12791756385452502,0.23182856447739669,2.3120242606323384e-06,-28144.804584624024,7784.9364177042316,-14.989068919258264,7.6408761949447204
0.03776755340071037,0.1254226567529256,0.23143543824609744,3.3322575528293783e-06,-30884.850110211013,2477.8399824921771,-18.070389465352758,5.7502768603730052
-0.03776755340071037,0.1254226567529256,0.23143543824609744,3.3322575528293783e-06,-30884.850110211013,2477.8399824921771,-18.070389465352758,5.7502768603730052
0.03776755340071037,-0.1254226567529256,0.23143543824609744,3.3322575528293783e-06,-30884.850110211013,2477.8399824921771,-18.070389465352758,5.7502768603730052
-0.03776755340071037,-0.1254226567529256,0.23143543824609744,3.3322575528293783e-06,-30884.850110211013,2477.8399824921771,-18.070389465352758,5.7502768603730052
0.04622710586916879,0.12913070382597922,0.23069465623831223,1.2606155048951251e-06,-25347.688919356569,12119.860406395617,-18.12078378815508,14.905681026622227
-0.04622710586916879,0.12913070382597922,0.23069465623831223,1.2606155048951251e-06,-25347.688919356569,12119.860406395617,-18.12078378815508,14.905681026622227
0.04622710586916879,-0.12913070382597922,0.23069465623831223,1.2606155048951251e-06,-25347.688919356569,12119.860406395617,-18.12078378815508,14.905681026622227
-0.04622710586916879,-0.12913070382597922,0.23069465623831223,1.2606155048951251e-06,-25347.688919356569,12119.860406395617,-18.12078378815508,14.905681026622227
0.13770583789563032,0.027483191846146893,0.21785606262380955,2.7088595330573686e-05,-14001.811689652177,-58312.905571687814,-32.847635766512276,-121.49840421733134
-0.13770583789563032,0.027483191846146893,0.21785606262380955,2.7088595330573686e-05,-14001.811689652177,-58312.905571687814,-32.847635766512276,-121.49840421733134
0.13770583789563032,-0.027483191846146893,0.21785606262380955,2.7088595330573686e-05,-14001.811689652177,-58312.905571687814,-32.847635766512276,-121.49840421733134
-0.13770583789563032,-0.027483191846146893,0.21785606262380955,2.7088595330573686e-05,-14001.811689652177,-58312.905571687814,-32.847635766512276,-121.49840421733134
0.069686324102417416,0.1293336825216154,0.22778064153473157,6.6326985285305893e-07,-20804.615075410689,17008.214720747597,-16.110412488586721,26.056471417203728
-0.069686324102417416,0.1293336825216154,0.22778064153473157,6.6326985285305893e-07,-20804.615075410689,17008.214720747597,-16.110412488586721,26.056471417203728
0.069686324102417416,-0.1293336825216154,0.22778064153473157,6.6326985285305893e-07,-20804.615075410689,17008.214720747597,-16.110412488586721,26.056471417203728
-0.069686324102417416,-0.1293336825216154,0.22778064153473157,6.6326985285305893e-07,-20804.615075410689,17008.214720747597,-16.110412488586721,26.056471417203728
0.062534836996659682,0.10447373528825159,0.22886291688188815,1.6230236668337294e-05,-19333.723391629683,-41221.116428963549,-36.074028582958569,-70.677909763237423
-0.062534836996659682,0.10447373528825159,0.22886291688188815,1.6230236668337294e-05,-19333.723391629683,-41221.116428963549,-36.074028582958569,-70.677909763237423
0.062534836996659682,-0.10447373528825159,0.22886291688188815,1.6230236668337294e-05,-19333.723391629683,-41221.116428963549,-36.074028582958569,-70.677909763237423
-0.062534836996659682,-0.10447373528825159,0.22886291688188815,1.6230236668337294e-05,-19333.723391629683,-41221.116428963549,-36.074028582958569,-70.677909763237423
0.047158142540426287,0.12791120161108976,0.23060532626133248,2.1877880929344197e-06,-27191.054987334763,9772.9232525011121,-15.553570188140901,9.5311700841980009
-0.047158142540426287,0.12791120161108976,0.23060532626133248,2.1877880929344197e-06,-27191.054987334763,9772.9232525011121,-15.553570188140901,9.5311700841980009
0.047158142540426287,-0.12791120161108976,0.23060532626133248,2.1877880929344197e-06,-27191.054987334763,9772.9232525011121,-15.553570188140901,9.5311700841980009
-0.047158142540426287,-0.12791120161108976,0.23060532626133248,2.1877880929344197e-06,-27191.054987334763,9772.9232525011121,-15.553570188140901,9.5311700841980009
0.060446036174630964,0.033627591977786558,0.22911806350050076,2.7075067902735058e-05,77988.051955556395,-18129.796055405015,184.30875172684063,-37.413394541073018
-0.060446036174630964,0.033627591977786558,0.22911806350050076,2.7075067902735058e-05,77988.051955556395,-18129.796055405015,184.30875172684063,-37.413394541073018
0.060446036174630964,-0.033627591977786558,0.22911806350050076,2.7075067902735058e-05,77988.051955556395,-18129.796055405015,184.30875172684063,-37.413394541073018
-0.060446036174630964,-0.033627591977786558,0.22911806350050076,2.7075067902735058e-05,77988.051955556395,-18129.796055405015,184.30875172684063,-37.413394541073018
0.059347643169777767,0.12803109064691043,0.22925223997590155,1.8493938097249555e-06,-25209.799022302854,12505.557477390492,-12.535910815679637,8.8081384309294926
-0.059347643169777767,0.12803109064691043,0.22925223997590155,1.8493938097249555e-06,-25209.799022302854,12505.557477390492,-12.535910815679637,8.8081384309294926
0.059347643169777767,-0.12803109064691043,0.22925223997590155,1.8493938097249555e-06,-25209.799022302854,12505.557477390492,-12.535910815679637,8.8081384309294926
-0.059347643169777767,-0.12803109064691043,0.22925223997590155,1.8493938097249555e-06,-25209.799022302854,12505.557477390492,-12.535910815679637,8.8081384309294926
0.042119699636601282,0.12467446533175494,0.23105433249690036,3.5582030645447089e-06,-31395.091865154198,1304.3147144131894,-20.22810264136907,4.3838307791598599
-0.042119699636601282,0.12467446533175494,0.23105433249690036,3.5582030645447089e-06,-31395.091865154198,1304.3147144131894,-20.22810264136907,4.3838307791598599
0.042119699636601282,-0.12467446533175494,0.23105433249690036,3.5582030645447089e-06,-31395.091865154198,1304.3147144131894,-20.22810264136907,4.3838307791598599
-0.042119699636601282,-0.12467446533175494,0.23105433249690036,3.5582030645447089e-06,-31395.091865154198,1304.3147144131894,-20.22810264136907,4.3838307791598599
0.02290506291409735,0.12929936532631681,0.23234420139662934,1.2914962704482156e-06,-26393.233196344398,10099.201854240959,-16.348494125326074,11.005436666018561
-0.02290506291409735,0.12929936532631681,0.23234420139662934,1.2914962704482156e-06,-26393.233196344398,10099.201854240959,-16.348494125326074,11.005436666018561
0.02290506291409735,-0.12929936532631681,0.23234420139662934,1.2914962704482156e-06,-26393.233196344398,10099.201854240959,-16.348494125326074,11.005436666018561
-0.02290506291409735,-0.12929936532631681,0.23234420139662934,1.2914962704482156e-06,-26393.233196344398,10099.201854240959,-16.348494125326074,11.005436666018561
0.0545539880713235,0.12966792927169146,0.2297800958580096,2.7238307731292574e-06,-23129.159556199862,14632.793843180874,-13.057347770565674,12.246685129873391
-0.0545539880713235,0.12966792927169146,0.2297800958580096,2.7238307731292574e-06,-23129.159556199862,14632.793843180874,-13.057347770565674,12.246685129873391
0.0545539880713235,-0.12966792927169146,0.2297800958580096,2.7238307731292574e-06,-23129.159556199862,14632.793843180874,-13.057347770565674,12.246685129873391
-0.0545539880713235,-0.12966792927169146,0.2297800958580096,2.7238307731292574e-06,-23129.159556199862,14632.793843180874,-13.057347770565674,12.246685129873391
0.0043574063058943084,0.093033898769330534,0.23282433483639628,2.7286524364253786e-05,24230.687375661415,-51977.013120169468,54.583441549766363,-124.58953035046854
-0.0043574063058943084,0.093033898769330534,0.23282433483639628,2.7286524364253786e-05,24230.687375661415,-51977.013120169468,54.583441549766363,-124.58953035046854
0.0043574063058943084,-0.093033898769330534,0.23282433483639628,2.7286524364253786e-05,24230.687375661415,-51977.013120169468,54.583441549766363,-124.58953035046854
-0.0043574063058943084,-0.093033898769330534,0.23282433483639628,2.7286524364253786e-05,24230.687375661415,-51977.013120169468,54.583441549766363,-124.58953035046854
0.066816046729331613,0.12806656303798347,0.22832264225048102,3.1390171047557314e-06,-23769.274247560345,14303.333868948415,-12.231303837370394,12.618554258731027
-0.066816046729331613,0.12806656303798347,0.22832264225048102,3.1390171047557314e-06,-23769.274247560345,14303.333868948415,-12.231303837370394,12.618554258731027
0.066816046729331613,-0.12806656303798347,0.22832264225048102,3.1390171047557314e-06,-23769.274247560345,14303.333868948415,-12.231303837370394,12.618554258731027
-0.066816046729331613,-0.12806656303798347,0.22832264225048102,3.1390171047557314e-06,-23769.274247560345,14303.333868948415,-12.231303837370394,12.618554258731027
0.022025824393034091,0.12787904794554336,0.23239050539489986,2.7138157576595317e-06,-28350.306303792055,6846.9331875934076,-14.917344027747172,7.1607277107847631
-0.022025824393034091,0.12787904794554336,0.23239050539489986,2.7138157576595317e-06,-28350.306303792055,6846.9331875934076,-14.917344027747172,7.1607277107847631
0.022025824393034091,-0.12787904794554336,0.23239050539489986,2.7138157576595317e-06,-28350.306303792055,6846.9331875934076,-14.917344027747172,7.1607277107847631
-0.022025824393034091,-0.12787904794554336,0.23239050539489986,2.7138157576595317e-06,-28350.306303792055,6846.9331875934076,-14.917344027747172,7.1607277107847631
0.049820231027980742,0.12919650431629917,0.23038001478276718,1.6461570302866201e-06,-24762.839132113353,12852.189243702587,-15.998795211418972,13.5453207295177
-0.049820231027980742,0.12919650431629917,0.23038001478276718,1.6461570302866201e-06,-24762.839132113353,12852.189243702587,-15.998795211418972,13.5453207295177
0.049820231027980742,-0.12919650431629917,0.23038001478276718,1.6461570302866201e-06,-24762.839132113353,12852.189243702587,-15.998795211418972,13.5453207295177
-0.049820231027980742,-0.12919650431629917,0.23038001478276718,1.6461570302866201e-06,-24762.839132113353,12852.189243702587,-15.998795211418972,13.5453207295177
0.020136790966992908,0.12797397544615274,0.23249155304803204,2.7319256487255395e-06,-28213.345716516091,7002.4780619303128,-15.011090298378262,6.8223212832044098
-0.020136790966992908,0.12797397544615274,0.23249155304803204,2.7319256487255395e-06,-28213.345716516091,7002.4780619303128,-15.011090298378262,6.8223212832044098
0.020136790966992908,-0.12797397544615274,0.23249155304803204,2.7319256487255395e-06,-28213.345716516091,7002.4780619303128,-15.011090298378262,6.8223212832044098
-0.020136790966992908,-0.12797397544615274,0.23249155304803204,2.7319256487255395e-06,-28213.345716516091,7002.4780619303128,-15.011090298378262,6.8223212832044098
0.018218276552458737,0.12793969828812154,0.23258721545434208,2.1064521703556645e-06,-28265.313351089349,6848.955346448507,-14.538476662269709,7.4324033234659694
-0.018218276552458737,0.12793969828812154,0.23258721545434208,2.1064521703556645e-06,-28265.313351089349,6848.955346448507,-14.538476662269709,7.4324033234659694
0.018218276552458737,-0.12793969828812154,0.23258721545434208,2.1064521703556645e-06,-28265.313351089349,6848.955346448507,-14.538476662269709,7.4324033234659694
-0.018218276552458737,-0.12793969828812154,0.23258721545434208,2.1064521703556645e-06,-28265.313351089349,6848.955346448507,-14.538476662269709,7.4324033234659694
0.014076335469883246,0.12733028778566793,0.2327040220176704,1.6557847984350643e-06,-28908.387469820591,5246.7812362291434,-15.471195857792901,5.8643539559441722
-0.014076335469883246,0.12733028778566793,0.2327040220176704,1.6557847984350643e-06,-28908.387469820591,5246.7812362291434,-15.471195857792901,5.8643539559441722
0.014076335469883246,-0.12733028778566793,0.2327040220176704,1.6557847984350643e-06,-28908.387469820591,5246.7812362291434,-15.471195857792901,5.8643539559441722
-0.014076335469883246,-0.12733028778566793,0.2327040220176704,1.6557847984350643e-06,-28908.387469820591,5246.7812362291434,-15.471195857792901,5.8643539559441722
0.027599609478821733,0.12507507375312688,0.23209852342624293,2.2443424899174689e-06,-31142.283332329491,301.86092264317773,-20.607962535948854,1.0909895827887104
-0.027599609478821733,0.12507507375312688,0.23209852342624293,2.2443424899174689e-06,-31142.283332329491,301.86092264317773,-20.607962535948854,1.0909895827887104
0.027599609478821733,-0.12507507375312688,0.23209852342624293,2.2443424899174689e-06,-31142.283332329491,301.86092264317773,-20.607962535948854,1.0909895827887104
-0.027599609478821733,-0.12507507375312688,0.23209852342624293,2.2443424899174689e-06,-31142.283332329491,301.86092264317773,-20.607962535948854,1.0909895827887104
0.035294011391786381,0.12798219570461328,0.23164871643452162,2.2480148048521014e-06,-27998.783316443863,8189.2099028657949,-12.685836766626485,7.7932209500382186
-0.035294011391786381,0.12798219570461328,0.23164871643452162,2.2480148048521014e-06,-27998.783316443863,8189.2099028657949,-12.685836766626485,7.7932209500382186
0.035294011391786381,-0.12798219570461328,0.23164871643452162,2.2480148048521014e-06,-27998.783316443863,8189.2099028657949,-12.685836766626485,7.7932209500382186
-0.035294011391786381,-0.12798219570461328,0.23164871643452162,2.2480148048521014e-06,-27998.783316443863,8189.2099028657949,-12.685836766626485,7.7932209500382186
0.071784709933373325,0.12811694543176128,0.22759165797243741,2.4682544885217166e-06,-22649.219682408992,15477.721585100719,-13.633829463926258,13.318254752724554
-0.071784709933373325,0.12811694543176128,0.22759165797243741,2.4682544885217166e-06,-22649.219682408992,15477.721585100719,-13.633829463926258,13.318254752724554
0.071784709933373325,-0.12811694543176128,0.22759165797243741,2.4682544885217166e-06,-22649.219682408992,15477.721585100719,-13.633829463926258,13.318254752724554
-0.071784709933373325,-0.12811694543176128,0.22759165797243741,2.4682544885217166e-06,-22649.219682408992,15477.721585100719,-13.633829463926258,13.318254752724554
0.025696137571955428,0.1278669756096075,0.23219877125418223,2.2717936801822044e-06,-28357.423123059107,7017.4177243311487,-15.18115179580442,7.720674095516709
-0.025696137571955428,0.1278669756096075,0.23219877125418223,2.2717936801822044e-06,-28357.423123059107,7017.4177243311487,-15.18115179580442,7.720674095516709
0.025696137571955428,-0.1278669756096075,0.23219877125418223,2.2717936801822044e-06,-28357.423123059107,7017.4177243311487,-15.18115179580442,7.720674095516709
-0.025696137571955428,-0.1278669756096075,0.23219877125418223,2.2717936801822044e-06,-28357.423123059107,7017.4177243311487,-15.18115179580442,7.720674095516709
0.023835738952522823,0.12771419410391022,0.23229674814531767,2.5393617099372285e-06,-28555.319769830883,6542.5832967285769,-14.893477994948798,6.9167537808395601
-0.023835738952522823,0.12771419410391022,0.23229674814531767,2.5393617099372285e-06,-28555.319769830883,6542.5832967285769,-14.893477994948798,6.9167537808395601
0.023835738952522823,-0.12771419410391022,0.23229674814531767,2.5393617099372285e-06,-28555.319769830883,6542.5832967285769,-14.893477994948798,6.9167537808395601
-0.023835738952522823,-0.12771419410391022,0.23229674814531767,2.5393617099372285e-06,-28555.319769830883,6542.5832967285769,-14.893477994948798,6.9167537808395601
0.058754995032064064,0.12659817287220423,0.22932463310534196,6.7942052503370864e-06,-27545.565851190117,9513.4558696565709,-16.115930828172694,8.5642622324500461
-0.058754995032064064,0.12659817287220423,0.22932463310534196,6.7942052503370864e-06,-27545.565851190117,9513.4558696565709,-16.115930828172694,8.5642622324500461
0.058754995032064064,-0.12659817287220423,0.22932463310534196,6.7942052503370864e-06,-27545.565851190117,9513.4558696565709,-16.115930828172694,8.5642622324500461
-0.058754995032064064,-0.12659817287220423,0.22932463310534196,6.7942052503370864e-06,-27545.565851190117,9513.4558696565709,-16.115930828172694,8.5642622324500461
0.045341456938558074,0.12763734586756739,0.23077221091936617,2.242983876768479e-06,-27788.573405466919,8883.8413428624826,-15.18030106717765,9.6302749373802072
-0.045341456938558074,0.12763734586756739,0.23077221091936617,2.242983876768479e-06,-27788.573405466919,8883.8413428624826,-15.18030106717765,9.6302749373802072
0.045341456938558074,-0.12763734586756739,0.23077221091936617,2.242983876768479e-06,-27788.573405466919,8883.8413428624826,-15.18030106717765,9.6302749373802072
-0.045341456938558074,-0.12763734586756739,0.23077221091936617,2.242983876768479e-06,-27788.573405466919,8883.8413428624826,-15.18030106717765,9.6302749373802072
0.015602611105351761,0.12925957583588071,0.23267216952373859,1.2625913816456904e-06,-26470.136914121977,9765.2883218955849,-16.531242427466108,10.523237593012396
-0.015602611105351761,0.12925957583588071,0.23267216952373859,1.2625913816456904e-06,-26470.136914121977,9765.2883218955849,-16.531242427466108,10.523237593012396
0.015602611105351761,-0.12925957583588071,0.23267216952373859,1.2625913816456904e-06,-26470.136914121977,9765.2883218955849,-16.531242427466108,10.523237593012396
-0.015602611105351761,-0.12925957583588071,0.23267216952373859,1.2625913816456904e-06,-26470.136914121977,9765.2883218955849,-16.531242427466108,10.523237593012396
0.041897080422620622,0.12789063887852137,0.23107382670103005,1.3373542240215791e-06,-27684.775362922668,8873.7641770832779,-14.886656364732668,8.2103371859154919
-0.041897080422620622,0.12789063887852137,0.23107382670103005,1.3373542240215791e-06,-27684.775362922668,8873.7641770832779,-14.886656364732668,8.2103371859154919
0.041897080422620622,-0.12789063887852137,0.23107382670103005,1.3373542240215791e-06,-27684.775362922668,8873.7641770832779,-14.886656364732668,8.2103371859154919
-0.041897080422620622,-0.12789063887852137,0.23107382670103005,1.3373542240215791e-06,-27684.775362922668,8873.7641770832779,-14.886656364732668,8.2103371859154919
0.0016209711653485154,0.12530694972749734,0.23289312019673669,2.3004636442356311e-06,-30448.749292605222,15.823715939453859,-18.635568708070501,2.6945572669086864
-0.0016209711653485154,0.12530694972749734,0.23289312019673669,2.3004636442356311e-06,-30448.749292605222,15.823715939453859,-18.635568708070501,2.6945572669086864
0.0016209711653485154,-0.12530694972749734,0.23289312019673669,2.3004636442356311e-06,-30448.749292605222,15.823715939453859,-18.635568708070501,2.6945572669086864
-0.0016209711653485154,-0.12530694972749734,0.23289312019673669,2.3004636442356311e-06,-30448.749292605222,15.823715939453859,-18.635568708070501,2.6945572669086864
0.040790877685342397,0.12867269223584657,0.23095461502802023,1.2499471659411078e-07,-26665.557240295333,10303.775872244045,-32.670488807743631,21.785075074809036
-0.040790877685342397,0.12867269223584657,0.23095461502802023,1.2499471659411078e-07,-26665.557240295333,10303.775872244045,-32.670488807743631,21.785075074809036
0.040790877685342397,-0.12867269223584657,0.23095461502802023,1.2499471659411078e-07,-26665.557240295333,10303.775872244045,-32.670488807743631,21.785075074809036
-0.040790877685342397,-0.12867269223584657,0.23095461502802023,1.2499471659411078e-07,-26665.557240295333,10303.775872244045,-32.670488807743631,21.785075074809036
0.048676843180551037,0.12789849955359681,0.23048013898188574,1.8275449677775293e-06,-26984.072748291623,10002.464929087952,-16.25338393587748,5.8789364471513377
-0.048676843180551037,0.12789849955359681,0.23048013898188574,1.8275449677775293e-06,-26984.072748291623,10002.464929087952,-16.25338393587748,5.8789364471513377
0.048676843180551037,-0.12789849955359681,0.23048013898188574,1.8275449677775293e-06,-26984.072748291623,10002.464929087952,-16.25338393587748,5.8789364471513377
-0.048676843180551037,-0.12789849955359681,0.23048013898188574,1.8275449677775293e-06,-26984.072748291623,10002.464929087952,-16.25338393587748,5.8789364471513377
0.026059449523632899,0.12507386001049331,0.23217963571956299,2.0526882970352205e-06,-31160.992985167693,158.82452698690574,-18.706369041905717,2.9776282882238188
-0.026059449523632899,0.12507386001049331,0.23217963571956299,2.0526882970352205e-06,-31160.992985167693,158.82452698690574,-18.706369041905717,2.9776282882238188
0.026059449523632899,-0.12507386001049331,0.23217963571956299,2.0526882970352205e-06,-31160.992985167693,158.82452698690574,-18.706369041905717,2.9776282882238188
-0.026059449523632899,-0.12507386001049331,0.23217963571956299,2.0526882970352205e-06,-31160.992985167693,158.82452698690574,-18.706369041905717,2.9776282882238188
0.035790849480570604,0.12866166025726841,0.23139065966550293,2.6802688610206618e-07,-27061.502607335427,9651.9046386021164,-22.190000294028341,15.653154163757906
-0.035790849480570604,0.12866166025726841,0.23139065966550293,2.6802688610206618e-07,-27061.502607335427,9651.9046386021164,-22.190000294028341,15.653154163757906
0.035790849480570604,-0.12866166025726841,0.23139065966550293,2.6802688610206618e-07,-27061.502607335427,9651.9046386021164,-22.190000294028341,15.653154163757906
-0.035790849480570604,-0.12866166025726841,0.23139065966550293,2.6802688610206618e-07,-27061.502607335427,9651.9046386021164,-22.190000294028341,15.653154163757906
0.016520138515644218,0.1248433154007618,0.23260927440413393,2.3867259629252292e-06,-31094.883797145507,-834.60703136619497,-18.653153594067021,3.4648324642523853
-0.016520138515644218,0.1248433154007618,0.23260927440413393,2.3867259629252292e-06,-31094.883797145507,-834.60703136619497,-18.653153594067021,3.4648324642523853
0.016520138515644218,-0.1248433154007618,0.23260927440413393,2.3867259629252292e-06,-31094.883797145507,-834.60703136619497,-18.653153594067021,3.4648324642523853
-0.016520138515644218,-0.1248433154007618,0.23260927440413393,2.3867259629252292e-06,-31094.883797145507,-834.60703136619497,-18.653153594067021,3.4648324642523853
0.070545374499064395,0.12660482813422291,0.22778970556139463,2.2569086379813328e-06,-25490.076388392034,12570.233073164154,-14.24852355817386,11.219040452275532
-0.070545374499064395,0.12660482813422291,0.22778970556139463,2.2569086379813328e-06,-25490.076388392034,12570.233073164154,-14.24852355817386,11.219040452275532
0.070545374499064395,-0.12660482813422291,0.22778970556139463,2.2569086379813328e-06,-25490.076388392034,12570.233073164154,-14.24852355817386,11.219040452275532
-0.070545374499064395,-0.12660482813422291,0.22778970556139463,2.2569086379813328e-06,-25490.076388392034,12570.233073164154,-14.24852355817386,11.219040452275532
0.056791334165049175,0.12921380827115939,0.22956450221663005,4.0085828039928323e-06,-23631.932802340943,14250.850784371503,-12.750889093537371,13.643496030516669
-0.056791334165049175,0.12921380827115939,0.22956450221663005,4.0085828039928323e-06,-23631.932802340943,14250.850784371503,-12.750889093537371,13.643496030516669
0.056791334165049175,-0.12921380827115939,0.22956450221663005,4.0085828039928323e-06,-23631.932802340943,14250.850784371503,-12.750889093537371,13.643496030516669
-0.056791334165049175,-0.12921380827115939,0.22956450221663005,4.0085828039928323e-06,-23631.932802340943,14250.850784371503,-12.750889093537371,13.643496030516669
0.016951625184512362,0.12779251654241458,0.23262974847457801,2.1558709373631873e-06,-28429.200265325111,6481.6206900126044,-14.457698315752474,7.2594668274549559
-0.016951625184512362,0.12779251654241458,0.23262974847457801,2.1558709373631873e-06,-28429.200265325111,6481.6206900126044,-14.457698315752474,7.2594668274549559
0.016951625184512362,-0.12779251654241458,0.23262974847457801,2.1558709373631873e-06,-28429.200265325111,6481.6206900126044,-14.457698315752474,7.2594668274549559
-0.016951625184512362,-0.12779251654241458,0.23262974847457801,2.1558709373631873e-06,-28429.200265325111,6481.6206900126044,-14.457698315752474,7.2594668274549559
0.013134535268236353,0.12631293504597471,0.23272057421779196,1.7068082598273717e-06,-29880.229611550396,2712.7209694248486,-16.713366190505514,2.9393291183903103
-0.013134535268236353,0.12631293504597471,0.23272057421779196,1.7068082598273717e-06,-29880.229611550396,2712.7209694248486,-16.713366190505514,2.9393291183903103
0.013134535268236353,-0.12631293504597471,0.23272057421779196,1.7068082598273717e-06,-29880.229611550396,2712.7209694248486,-16.713366190505514,2.9393291183903103
-0.013134535268236353,-0.12631293504597471,0.23272057421779196,1.7068082598273717e-06,-29880.229611550396,2712.7209694248486,-16.713366190505514,2.9393291183903103
0.029734078016365809,0.12775491030879438,0.2319861148055854,1.6641346098942476e-06,-28403.967138762069,7082.5004835612099,-16.784052407342937,5.755262278107848
-0.029734078016365809,0.12775491030879438,0.2319861148055854,1.6641346098942476e-06,-28403.967138762069,7082.5004835612099,-16.784052407342937,5.755262278107848
0.029734078016365809,-0.12775491030879438,0.2319861148055854,1.6641346098942476e-06,-28403.967138762069,7082.5004835612099,-16.784052407342937,5.755262278107848
-0.029734078016365809,-0.12775491030879438,0.2319861148055854,1.6641346098942476e-06,-28403.967138762069,7082.5004835612099,-16.784052407342937,5.755262278107848
0.034103715411666756,0.12774305556845444,0.23172896346753324,1.3098992695261414e-06,-28338.853870766277,7517.7443493298933,-14.022303715203263,6.6327291445317433
-0.034103715411666756,0.12774305556845444,0.23172896346753324,1.3098992695261414e-06,-28338.853870766277,7517.7443493298933,-14.022303715203263,6.6327291445317433
0.034103715411666756,-0.12774305556845444,0.23172896346753324,1.3098992695261414e-06,-28338.853870766277,7517.7443493298933,-14.022303715203263,6.6327291445317433
-0.034103715411666756,-0.12774305556845444,0.23172896346753324,1.3098992695261414e-06,-28338.853870766277,7517.7443493298933,-14.022303715203263,6.6327291445317433
0.027012106507846318,0.12795746144171127,0.23212902887837672,1.5742463012125905e-06,-28218.953872358255,7311.3775594399694,-15.501743193741403,7.1367008113335748
-0.027012106507846318,0.12795746144171127,0.23212902887837672,1.5742463012125905e-06,-28218.953872358255,7311.3775594399694,-15.501743193741403,7.1367008113335748
0.027012106507846318,-0.12795746144171127,0.23212902887837672,1.5742463012125905e-06,-28218.953872358255,7311.3775594399694,-15.501743193741403,7.1367008113335748
-0.027012106507846318,-0.12795746144171127,0.23212902887837672,1.5742463012125905e-06,-28218.953872358255,7311.3775594399694,-15.501743193741403,7.1367008113335748
0,0.069124791771173477,0.23286362737417221,6.8139116911260642e-06,69252.922389212908,-31068.497328639216,138.87112276000499,-75.195142667865483
-0,0.069124791771173477,0.23286362737417221,6.8139116911260642e-06,69252.922389212908,-31068.497328639216,138.87112276000499,-75.195142667865483
0,-0.069124791771173477,0.23286362737417221,6.8139116911260642e-06,69252.922389212908,-31068.497328639216,138.87112276000499,-75.195142667865483
-0,-0.069124791771173477,0.23286362737417221,6.8139116911260642e-06,69252.922389212908,-31068.497328639216,138.87112276000499,-75.195142667865483
0.062800582446966333,0.12974500308498965,0.22878614261804581,1.0676325705904594e-06,-21410.129886270293,16304.616362166344,-12.473113489828467,15.032363379751189
-0.062800582446966333,0.12974500308498965,0.22878614261804581,1.0676325705904594e-06,-21410.129886270293,16304.616362166344,-12.473113489828467,15.032363379751189
0.062800582446966333,-0.12974500308498965,0.22878614261804581,1.0676325705904594e-06,-21410.129886270293,16304.616362166344,-12.473113489828467,15.032363379751189
-0.062800582446966333,-0.12974500308498965,0.22878614261804581,1.0676325705904594e-06,-21410.129886270293,16304.616362166344,-12.473113489828467,15.032363379751189
0.046878929282793788,0.12503858194321196,0.23062883474193235,3.9136153804977839e-06,-30870.867864040752,3231.1948195505588,-17.791342591351501,8.8078364999025283
-0.046878929282793788,0.12503858194321196,0.23062883474193235,3.9136153804977839e-06,-30870.867864040752,3231.1948195505588,-17.791342591351501,8.8078364999025283
0.046878929282793788,-0.12503858194321196,0.23062883474193235,3.9136153804977839e-06,-30870.867864040752,3231.1948195505588,-17.791342591351501,8.8078364999025283
-0.046878929282793788,-0.12503858194321196,0.23062883474193235,3.9136153804977839e-06,-30870.867864040752,3231.1948195505588,-17.791342591351501,8.8078364999025283
0,0.11824579238348706,0.23287250455330405,4.8512735597265509e-06,-29625.302381125395,-19370.544433504845,-27.722305854069443,-19.417007929344077
-0,0.11824579238348706,0.23287250455330405,4.8512735597265509e-06,-29625.302381125395,-19370.544433504845,-27.722305854069443,-19.417007929344077
0,-0.11824579238348706,0.23287250455330405,4.8512735597265509e-06,-29625.302381125395,-19370.544433504845,-27.722305854069443,-19.417007929344077
-0,-0.11824579238348706,0.23287250455330405,4.8512735597265509e-06,-29625.302381125395,-19370.544433504845,-27.722305854069443,-19.417007929344077
0,0.10936442017555237,0.23290139436721802,5.7480130333375011e-06,-15050.679418925578,-39780.526861695333,-21.144666766423985,-60.778605373161938
-0,0.10936442017555237,0.23290139436721802,5.7480130333375011e-06,-15050.679418925578,-39780.526861695333,-21.144666766423985,-60.778605373161938
0,-0.10936442017555237,0.23290139436721802,5.7480130333375011e-06,-15050.679418925578,-39780.526861695333,-21.144666766423985,-60.778605373161938
-0,-0.10936442017555237,0.23290139436721802,5.7480130333375011e-06,-15050.679418925578,-39780.526861695333,-21.144666766423985,-60.778605373161938
0.044201356517418654,0.12777057945043982,0.23086874492733339,1.1009926420716411e-06,-27688.789037694947,8958.7657059041048,-15.095737270824092,8.359497020352368
-0.044201356517418654,0.12777057945043982,0.23086874492733339,1.1009926420716411e-06,-27688.789037694947,8958.7657059041048,-15.095737270824092,8.359497020352368
0.044201356517418654,-0.12777057945043982,0.23086874492733339,1.1009926420716411e-06,-27688.789037694947,8958.7657059041048,-15.095737270824092,8.359497020352368
-0.044201356517418654,-0.12777057945043982,0.23086874492733339,1.1009926420716411e-06,-27688.789037694947,8958.7657059041048,-15.095737270824092,8.359497020352368
0.06301443897389028,0.12826451645311915,0.22878217382787755,1.300732649689678e-06,-24133.402170204696,13789.639617739826,-12.219582296522962,10.239354871359815
-0.06301443897389028,0.12826451645311915,0.22878217382787755,1.300732649689678e-06,-24133.402170204696,13789.639617739826,-12.219582296522962,10.239354871359815
0.06301443897389028,-0.12826451645311915,0.22878217382787755,1.300732649689678e-06,-24133.402170204696,13789.639617739826,-12.219582296522962,10.239354871359815
-0.06301443897389028,-0.12826451645311915,0.22878217382787755,1.300732649689678e-06,-24133.402170204696,13789.639617739826,-12.219582296522962,10.239354871359815
0.073573958825907365,0.12650880828980682,0.22732263304951278,1.5545374994031014e-06,-25076.162147844861,13131.732236369124,-14.935530706562883,11.782535877272432
-0.073573958825907365,0.12650880828980682,0.22732263304951278,1.5545374994031014e-06,-25076.162147844861,13131.732236369124,-14.935530706562883,11.782535877272432
0.073573958825907365,-0.12650880828980682,0.22732263304951278,1.5545374994031014e-06,-25076.162147844861,13131.732236369124,-14.935530706562883,11.782535877272432
-0.073573958825907365,-0.12650880828980682,0.22732263304951278,1.5545374994031014e-06,-25076.162147844861,13131.732236369124,-14.935530706562883,11.782535877272432
0.0044004700738551252,0.12937260559113392,0.23287321773490205,9.7830716394058568e-07,-26261.32628206052,9833.8497670791949,-15.330658073966609,11.613321672450544
-0.0044004700738551252,0.12937260559113392,0.23287321773490205,9.7830716394058568e-07,-26261.32628206052,9833.8497670791949,-15.330658073966609,11.613321672450544
0.0044004700738551252,-0.12937260559113392,0.23287321773490205,9.7830716394058568e-07,-26261.32628206052,9833.8497670791949,-15.330658073966609,11.613321672450544
-0.0044004700738551252,-0.12937260559113392,0.23287321773490205,9.7830716394058568e-07,-26261.32628206052,9833.8497670791949,-15.330658073966609,11.613321672450544
0.075102448869570196,0.12794595791092525,0.22707700123309021,1.8284212515198623e-06,-22225.669061324683,15932.478958362168,-12.687300348542403,12.859632901613418
-0.075102448869570196,0.12794595791092525,0.22707700123309021,1.8284212515198623e-06,-22225.669061324683,15932.478958362168,-12.687300348542403,12.859632901613418
0.075102448869570196,-0.12794595791092525,0.22707700123309021,1.8284212515198623e-06,-22225.669061324683,15932.478958362168,-12.687300348542403,12.859632901613418
-0.075102448869570196,-0.12794595791092525,0.22707700123309021,1.8284212515198623e-06,-22225.669061324683,15932.478958362168,-12.687300348542403,12.859632901613418
0.061744879693833486,0.12671943167478947,0.22895940880078722,1.437641200018778e-06,-26879.237516284975,10506.589112672604,-14.491151197425085,8.5955259886024038
-0.061744879693833486,0.12671943167478947,0.22895940880078722,1.437641200018778e-06,-26879.237516284975,10506.589112672604,-14.491151197425085,8.5955259886024038
0.061744879693833486,-0.12671943167478947,0.22895940880078722,1.437641200018778e-06,-26879.237516284975,10506.589112672604,-14.491151197425085,8.5955259886024038
-0.061744879693833486,-0.12671943167478947,0.22895940880078722,1.437641200018778e-06,-26879.237516284975,10506.589112672604,-14.491151197425085,8.5955259886024038
0.15696900187419341,0.036435084183047299,0.21500419618310623,2.3999657870099036e-05,-45597.555069148926,-25826.928912381103,-89.162213749152968,-53.177093919002246
-0.15696900187419341,0.036435084183047299,0.21500419618310623,2.3999657870099036e-05,-45597.555069148926,-25826.928912381103,-89.162213749152968,-53.177093919002246
0.15696900187419341,-0.036435084183047299,0.21500419618310623,2.3999657870099036e-05,-45597.555069148926,-25826.928912381103,-89.162213749152968,-53.177093919002246
-0.15696900187419341,-0.036435084183047299,0.21500419618310623,2.3999657870099036e-05,-45597.555069148926,-25826.928912381103,-89.162213749152968,-53.177093919002246
0.16633573853665287,0.039488138131297194,0.21355479420133067,2.8971178959132348e-05,-50089.656967341427,-4514.7496457383604,-91.184694039077954,-6.3167936757606453
-0.16633573853665287,0.039488138131297194,0.21355479420133067,2.8971178959132348e-05,-50089.656967341427,-4514.7496457383604,-91.184694039077954,-6.3167936757606453
0.16633573853665287,-0.039488138131297194,0.21355479420133067,2.8971178959132348e-05,-50089.656967341427,-4514.7496457383604,-91.184694039077954,-6.3167936757606453
-0.16633573853665287,-0.039488138131297194,0.21355479420133067,2.8971178959132348e-05,-50089.656967341427,-4514.7496457383604,-91.184694039077954,-6.3167936757606453
0.17590160404189412,0.042631986680687316,0.21181075303948166,2.2101553392237072e-05,-44216.608589445554,15858.149783055698,-75.769031033276121,23.583408017602064
-0.17590160404189412,0.042631986680687316,0.21181075303948166,2.2101553392237072e-05,-44216.608589445554,15858.149783055698,-75.769031033276121,23.583408017602064
0.17590160404189412,-0.042631986680687316,0.21181075303948166,2.2101553392237072e-05,-44216.608589445554,15858.149783055698,-75.769031033276121,23.583408017602064
-0.17590160404189412,-0.042631986680687316,0.21181075303948166,2.2101553392237072e-05,-44216.608589445554,15858.149783055698,-75.769031033276121,23.583408017602064
0.18571428954601288,0.044773217290639877,0.20973937958478928,3.1900874000242516e-05,-28789.71939320823,30537.518738450555,-44.363947510613279,49.681134247667678
-0.18571428954601288,0.044773217290639877,0.20973937958478928,3.1900874000242516e-05,-28789.71939320823,30537.518738450555,-44.363947510613279,49.681134247667678
0.18571428954601288,-0.044773217290639877,0.20973937958478928,3.1900874000242516e-05,-28789.71939320823,30537.518738450555,-44.363947510613279,49.681134247667678
-0.18571428954601288,-0.044773217290639877,0.20973937958478928,3.1900874000242516e-05,-28789.71939320823,30537.518738450555,-44.363947510613279,49.681134247667678
0.19475090131166525,0.047711680579864968,0.20745450695039266,2.5229286451257258e-05,-7521.3645744059804,34035.240931483218,0.11137945486826441,49.240147923189333
-0.19475090131166525,0.047711680579864968,0.20745450695039266,2.5229286451257258e-05,-7521.3645744059804,34035.240931483218,0.11137945486826441,49.240147923189333
0.19475090131166525,-0.047711680579864968,0.20745450695039266,2.5229286451257258e-05,-7521.3645744059804,34035.240931483218,0.11137945486826441,49.240147923189333
-0.19475090131166525,-0.047711680579864968,0.20745450695039266,2.5229286451257258e-05,-7521.3645744059804,34035.240931483218,0.11137945486826441,49.240147923189333
0.064201901847117826,0.12961563478431737,0.22859226023582563,6.3202795973283399e-07,-21389.628042776087,16367.16517828163,-13.297131100946888,17.728743000732894
-0.064201901847117826,0.12961563478431737,0.22859226023582563,6.3202795973283399e-07,-21389.628042776087,16367.16517828163,-13.297131100946888,17.728743000732894
0.064201901847117826,-0.12961563478431737,0.22859226023582563,6.3202795973283399e-07,-21389.628042776087,16367.16517828163,-13.297131100946888,17.728743000732894
-0.064201901847117826,-0.12961563478431737,0.22859226023582563,6.3202795973283399e-07,-21389.628042776087,16367.16517828163,-13.297131100946888,17.728743000732894
0.037772704815991341,0.12669446417234198,0.2314349877131946,1.3697416425941382e-06,-29509.978151028885,5525.6732544718052,-15.507274423482839,4.9606795077117116
-0.037772704815991341,0.12669446417234198,0.2314349877131946,1.3697416425941382e-06,-29509.978151028885,5525.6732544718052,-15.507274423482839,4.9606795077117116
0.037772704815991341,-0.12669446417234198,0.2314349877131946,1.3697416425941382e-06,-29509.978151028885,5525.6732544718052,-15.507274423482839,4.9606795077117116
-0.037772704815991341,-0.12669446417234198,0.2314349877131946,1.3697416425941382e-06,-29509.978151028885,5525.6732544718052,-15.507274423482839,4.9606795077117116
0.15944326574840326,0.10906322661437377,0.20960989617361148,1.1967250690304182e-05,-17735.989387222213,23999.352198219196,-34.240021802141918,40.750131430786794
-0.15944326574840326,0.10906322661437377,0.20960989617361148,1.1967250690304182e-05,-17735.989387222213,23999.352198219196,-34.240021802141918,40.750131430786794
0.15944326574840326,-0.10906322661437377,0.20960989617361148,1.1967250690304182e-05,-17735.989387222213,23999.352198219196,-34.240021802141918,40.750131430786794
-0.15944326574840326,-0.10906322661437377,0.20960989617361148,1.1967250690304182e-05,-17735.989387222213,23999.352198219196,-34.240021802141918,40.750131430786794
0.065805418373407754,0.12805830833473475,0.22846340279226426,9.5633063364116022e-07,-23986.173290763531,13992.305852921019,-13.151776177893261,9.050063315734338
-0.065805418373407754,0.12805830833473475,0.22846340279226426,9.5633063364116022e-07,-23986.173290763531,13992.305852921019,-13.151776177893261,9.050063315734338
0.065805418373407754,-0.12805830833473475,0.22846340279226426,9.5633063364116022e-07,-23986.173290763531,13992.305852921019,-13.151776177893261,9.050063315734338
-0.065805418373407754,-0.12805830833473475,0.22846340279226426,9.5633063364116022e-07,-23986.173290763531,13992.305852921019,-13.151776177893261,9.050063315734338
0.026055757904131067,0.12932933842157146,0.23217939606508822,9.9053555753690835e-07,-26290.973687675287,10327.922256689697,-17.172432954876637,11.435185060000958
-0.026055757904131067,0.12932933842157146,0.23217939606508822,9.9053555753690835e-07,-26290.973687675287,10327.922256689697,-17.172432954876637,11.435185060000958
0.026055757904131067,-0.12932933842157146,0.23217939606508822,9.9053555753690835e-07,-26290.973687675287,10327.922256689697,-17.172432954876637,11.435185060000958
-0.026055757904131067,-0.12932933842157146,0.23217939606508822,9.9053555753690835e-07,-26290.973687675287,10327.922256689697,-17.172432954876637,11.435185060000958
0.14424477840400066,0.068881217206362033,0.21668917137878349,3.6739020166525712e-05,-41977.785049836777,-28070.84633739357,-85.320198181039288,-57.556280122899381
-0.14424477840400066,0.068881217206362033,0.21668917137878349,3.6739020166525712e-05,-41977.785049836777,-28070.84633739357,-85.320198181039288,-57.556280122899381
0.14424477840400066,-0.068881217206362033,0.21668917137878349,3.6739020166525712e-05,-41977.785049836777,-28070.84633739357,-85.320198181039288,-57.556280122899381
-0.14424477840400066,-0.068881217206362033,0.21668917137878349,3.6739020166525712e-05,-41977.785049836777,-28070.84633739357,-85.320198181039288,-57.556280122899381
0.059363276034146081,0.1285689754525097,0.22900165201492118,1.6232612106069945e-07,-24341.364722192295,13458.016538969956,-33.839367730709711,25.288344673413384
-0.059363276034146081,0.1285689754525097,0.22900165201492118,1.6232612106069945e-07,-24341.364722192295,13458.016538969956,-33.839367730709711,25.288344673413384
0.059363276034146081,-0.1285689754525097,0.22900165201492118,1.6232612106069945e-07,-24341.364722192295,13458.016538969956,-33.839367730709711,25.288344673413384
-0.059363276034146081,-0.1285689754525097,0.22900165201492118,1.6232612106069945e-07,-24341.364722192295,13458.016538969956,-33.839367730709711,25.288344673413384
0.035677991420715101,0.12923237358919901,0.23161841709198699,8.72255285613494e-07,-26117.425330592585,10946.842152185629,-12.110593532460424,11.273613903822451
-0.035677991420715101,0.12923237358919901,0.23161841709198699,8.72255285613494e-07,-26117.425330592585,10946.842152185629,-12.110593532460424,11.273613903822451
0.035677991420715101,-0.12923237358919901,0.23161841709198699,8.72255285613494e-07,-26117.425330592585,10946.842152185629,-12.110593532460424,11.273613903822451
-0.035677991420715101,-0.12923237358919901,0.23161841709198699,8.72255285613494e-07,-26117.425330592585,10946.842152185629,-12.110593532460424,11.273613903822451
0.0016032287325004925,0.12937409126111243,0.23292324031570161,7.6496237747604129e-07,-26217.334516516727,9828.9762328709385,-17.134805147249811,10.64335605869049
-0.0016032287325004925,0.12937409126111243,0.23292324031570161,7.6496237747604129e-07,-26217.334516516727,9828.9762328709385,-17.134805147249811,10.64335605869049
0.0016032287325004925,-0.12937409126111243,0.23292324031570161,7.6496237747604129e-07,-26217.334516516727,9828.9762328709385,-17.134805147249811,10.64335605869049
-0.0016032287325004925,-0.12937409126111243,0.23292324031570161,7.6496237747604129e-07,-26217.334516516727,9828.9762328709385,-17.134805147249811,10.64335605869049
0.04045998727869779,0.12647055388990816,0.23119966971544031,1.3981729255469207e-06,-29633.164250744907,5455.3187666319773,-15.633197384254508,6.7465139837194767
-0.04045998727869779,0.12647055388990816,0.23119966971544031,1.3981729255469207e-06,-29633.164250744907,5455.3187666319773,-15.633197384254508,6.7465139837194767
0.04045998727869779,-0.12647055388990816,0.23119966971544031,1.3981729255469207e-06,-29633.164250744907,5455.3187666319773,-15.633197384254508,6.7465139837194767
-0.04045998727869779,-0.12647055388990816,0.23119966971544031,1.3981729255469207e-06,-29633.164250744907,5455.3187666319773,-15.633197384254508,6.7465139837194767
0.00097686538163819169,0.12823004211659556,0.23292994752342477,1.3959064623063574e-06,-27745.694130735799,7232.4060627097806,-13.231101601047271,7.8178250442232224
-0.00097686538163819169,0.12823004211659556,0.23292994752342477,1.3959064623063574e-06,-27745.694130735799,7232.4060627097806,-13.231101601047271,7.8178250442232224
0.00097686538163819169,-0.12823004211659556,0.23292994752342477,1.3959064623063574e-06,-27745.694130735799,7232.4060627097806,-13.231101601047271,7.8178250442232224
-0.00097686538163819169,-0.12823004211659556,0.23292994752342477,1.3959064623063574e-06,-27745.694130735799,7232.4060627097806,-13.231101601047271,7.8178250442232224
0.017830377326809449,0.12541061018056299,0.2325702832819824,1.6436737152453932e-06,-30740.1276978756,684.32057547452723,-16.623258485125248,4.1262723717089509
-0.017830377326809449,0.12541061018056299,0.2325702832819824,1.6436737152453932e-06,-30740.1276978756,684.32057547452723,-16.623258485125248,4.1262723717089509
0.017830377326809449,-0.12541061018056299,0.2325702832819824,1.6436737152453932e-06,-30740.1276978756,684.32057547452723,-16.623258485125248,4.1262723717089509
-0.017830377326809449,-0.12541061018056299,0.2325702832819824,1.6436737152453932e-06,-30740.1276978756,684.32057547452723,-16.623258485125248,4.1262723717089509
0.0022822597490779932,0.12832131037694805,0.232907524856414,1.3916180361991848e-06,-27637.788633567983,7432.7668433385206,-13.92976099260645,7.5940855924707176
-0.0022822597490779932,0.12832131037694805,0.232907524856414,1.3916180361991848e-06,-27637.788633567983,7432.7668433385206,-13.92976099260645,7.5940855924707176
0.0022822597490779932,-0.12832131037694805,0.232907524856414,1.3916180361991848e-06,-27637.788633567983,7432.7668433385206,-13.92976099260645,7.5940855924707176
-0.0022822597490779932,-0.12832131037694805,0.232907524856414,1.3916180361991848e-06,-27637.788633567983,7432.7668433385206,-13.92976099260645,7.5940855924707176
0.19509762722108967,0.1246179634918211,0.19360677783552221,3.2309578753166524e-05,12802.833342064161,3228.0928691227568,25.186564442377009,-1.1620382284103323
-0.19509762722108967,0.1246179634918211,0.19360677783552221,3.2309578753166524e-05,12802.833342064161,3228.0928691227568,25.186564442377009,-1.1620382284103323
0.19509762722108967,-0.1246179634918211,0.19360677783552221,3.2309578753166524e-05,12802.833342064161,3228.0928691227568,25.186564442377009,-1.1620382284103323
-0.19509762722108967,-0.1246179634918211,0.19360677783552221,3.2309578753166524e-05,12802.833342064161,3228.0928691227568,25.186564442377009,-1.1620382284103323
0.0072003631490935071,0.12917284973364784,0.23282486261146429,7.2364298975815392e-07,-26550.416424317671,9389.3531497451586,-18.511503859837809,11.258863810335722
-0.0072003631490935071,0.12917284973364784,0.23282486261146429,7.2364298975815392e-07,-26550.416424317671,9389.3531497451586,-18.511503859837809,11.258863810335722
0.0072003631490935071,-0.12917284973364784,0.23282486261146429,7.2364298975815392e-07,-26550.416424317671,9389.3531497451586,-18.511503859837809,11.258863810335722
-0.0072003631490935071,-0.12917284973364784,0.23282486261146429,7.2364298975815392e-07,-26550.416424317671,9389.3531497451586,-18.511503859837809,11.258863810335722
0.036189547117605705,0.12653313345651718,0.23156950090702039,2.9753850697022279e-06,-29764.248846561291,4960.7905569357035,-16.078816686481549,5.9732863272900687
-0.036189547117605705,0.12653313345651718,0.23156950090702039,2.9753850697022279e-06,-29764.248846561291,4960.7905569357035,-16.078816686481549,5.9732863272900687
0.036189547117605705,-0.12653313345651718,0.23156950090702039,2.9753850697022279e-06,-29764.248846561291,4960.7905569357035,-16.078816686481549,5.9732863272900687
-0.036189547117605705,-0.12653313345651718,0.23156950090702039,2.9753850697022279e-06,-29764.248846561291,4960.7905569357035,-16.078816686481549,5.9732863272900687
0.065799709585012287,0.0067835803084562926,0.22846409617126545,2.3035641971333371e-05,81695.380245764623,-6773.6470475960232,203.66769378271479,-22.261268012281818
-0.065799709585012287,0.0067835803084562926,0.22846409617126545,2.3035641971333371e-05,81695.380245764623,-6773.6470475960232,203.66769378271479,-22.261268012281818
0.065799709585012287,-0.0067835803084562926,0.22846409617126545,2.3035641971333371e-05,81695.380245764623,-6773.6470475960232,203.66769378271479,-22.261268012281818
-0.065799709585012287,-0.0067835803084562926,0.22846409617126545,2.3035641971333371e-05,81695.380245764623,-6773.6470475960232,203.66769378271479,-22.261268012281818
0.0035958511041072911,0.12846605772691036,0.23288821932821022,1.1525377141802071e-06,-27459.949425878709,7747.6174621551063,-14.215282342105134,6.5291134591021303
-0.0035958511041072911,0.12846605772691036,0.23288821932821022,1.1525377141802071e-06,-27459.949425878709,7747.6174621551063,-14.215282342105134,6.5291134591021303
0.0035958511041072911,-0.12846605772691036,0.23288821932821022,1.1525377141802071e-06,-27459.949425878709,7747.6174621551063,-14.215282342105134,6.5291134591021303
-0.0035958511041072911,-0.12846605772691036,0.23288821932821022,1.1525377141802071e-06,-27459.949425878709,7747.6174621551063,-14.215282342105134,6.5291134591021303
0.038080005590481115,0.12885673710626261,0.2312219612701954,3.0882882741976811e-07,-26647.90266067925,10295.630900988994,-34.292233716105024,27.179348660313359
-0.038080005590481115,0.12885673710626261,0.2312219612701954,3.0882882741976811e-07,-26647.90266067925,10295.630900988994,-34.292233716105024,27.179348660313359
0.038080005590481115,-0.12885673710626261,0.2312219612701954,3.0882882741976811e-07,-26647.90266067925,10295.630900988994,-34.292233716105024,27.179348660313359
-0.038080005590481115,-0.12885673710626261,0.2312219612701954,3.0882882741976811e-07,-26647.90266067925,10295.630900988994,-34.292233716105024,27.179348660313359
0.040607504106272056,0.12930373480704443,0.2311867513539953,7.0370930734151746e-07,-25634.627615322253,11667.789778422781,-13.785189951605853,13.437194767783375
-0.040607504106272056,0.12930373480704443,0.2311867513539953,7.0370930734151746e-07,-25634.627615322253,11667.789778422781,-13.785189951605853,13.437194767783375
0.040607504106272056,-0.12930373480704443,0.2311867513539953,7.0370930734151746e-07,-25634.627615322253,11667.789778422781,-13.785189951605853,13.437194767783375
-0.040607504106272056,-0.12930373480704443,0.2311867513539953,7.0370930734151746e-07,-25634.627615322253,11667.789778422781,-13.785189951605853,13.437194767783375
0.060620218826508213,0.12789105753382488,0.22909679078316048,1.2194924977703745e-06,-25228.461199977079,12522.907699856469,-14.108544147148214,10.403256025235626
-0.060620218826508213,0.12789105753382488,0.22909679078316048,1.2194924977703745e-06,-25228.461199977079,12522.907699856469,-14.108544147148214,10.403256025235626
0.060620218826508213,-0.12789105753382488,0.22909679078316048,1.2194924977703745e-06,-25228.461199977079,12522.907699856469,-14.108544147148214,10.403256025235626
-0.060620218826508213,-0.12789105753382488,0.22909679078316048,1.2194924977703745e-06,-25228.461199977079,12522.907699856469,-14.108544147148214,10.403256025235626
0.017819580604277005,0.12662194409483041,0.23258526976932067,1.4405944382017698e-06,-29692.621603140593,3723.8639233245494,-14.053354217686897,4.2504595650448991
-0.017819580604277005,0.12662194409483041,0.23258526976932067,1.4405944382017698e-06,-29692.621603140593,3723.8639233245494,-14.053354217686897,4.2504595650448991
0.017819580604277005,-0.12662194409483041,0.23258526976932067,1.4405944382017698e-06,-29692.621603140593,3723.8639233245494,-14.053354217686897,4.2504595650448991
-0.017819580604277005,-0.12662194409483041,0.23258526976932067,1.4405944382017698e-06,-29692.621603140593,3723.8639233245494,-14.053354217686897,4.2504595650448991
0.043272146437179283,0.12938028814128782,0.23095341493001834,6.694915798436579e-07,-25235.302807288845,12187.188281088083,-17.019785176785888,15.069587708765907
-0.043272146437179283,0.12938028814128782,0.23095341493001834,6.694915798436579e-07,-25235.302807288845,12187.188281088083,-17.019785176785888,15.069587708765907
0.043272146437179283,-0.12938028814128782,0.23095341493001834,6.694915798436579e-07,-25235.302807288845,12187.188281088083,-17.019785176785888,15.069587708765907
-0.043272146437179283,-0.12938028814128782,0.23095341493001834,6.694915798436579e-07,-25235.302807288845,12187.188281088083,-17.019785176785888,15.069587708765907
0.065626862839049366,0.12664720139990202,0.22847710080947389,5.5695598501891101e-06,-26313.197833246821,11378.048415563037,-15.560903996901112,9.9190297521554349
-0.065626862839049366,0.12664720139990202,0.22847710080947389,5.5695598501891101e-06,-26313.197833246821,11378.048415563037,-15.560903996901112,9.9190297521554349
0.065626862839049366,-0.12664720139990202,0.22847710080947389,5.5695598501891101e-06,-26313.197833246821,11378.048415563037,-15.560903996901112,9.9190297521554349
-0.065626862839049366,-0.12664720139990202,0.22847710080947389,5.5695598501891101e-06,-26313.197833246821,11378.048415563037,-15.560903996901112,9.9190297521554349
0.041466847440272549,0.052931446555920407,0.23111149468308612,2.7576251430763337e-05,74799.495969555515,-26961.714270064844,171.88682649077117,-61.12577803692804
-0.041466847440272549,0.052931446555920407,0.23111149468308612,2.7576251430763337e-05,74799.495969555515,-26961.714270064844,171.88682649077117,-61.12577803692804
0.041466847440272549,-0.052931446555920407,0.23111149468308612,2.7576251430763337e-05,74799.495969555515,-26961.714270064844,171.88682649077117,-61.12577803692804
-0.041466847440272549,-0.052931446555920407,0.23111149468308612,2.7576251430763337e-05,74799.495969555515,-26961.714270064844,171.88682649077117,-61.12577803692804
0.19467909732408659,0.0026053225566318844,0.20942092277411312,4.1777911029825592e-06,-9868.1266230178317,31291.407248656975,-6.332026403824849,38.519574452016478
-0.19467909732408659,0.0026053225566318844,0.20942092277411312,4.1777911029825592e-06,-9868.1266230178317,31291.407248656975,-6.332026403824849,38.519574452016478
0.19467909732408659,-0.0026053225566318844,0.20942092277411312,4.1777911029825592e-06,-9868.1266230178317,31291.407248656975,-6.332026403824849,38.519574452016478
-0.19467909732408659,-0.0026053225566318844,0.20942092277411312,4.1777911029825592e-06,-9868.1266230178317,31291.407248656975,-6.332026403824849,38.519574452016478
0.059498546350612767,0.12932476534407691,0.2292338079881332,6.7598552418204196e-07,-22869.930446842645,14970.507179843793,-11.868203625222032,13.166958162532252
-0.059498546350612767,0.12932476534407691,0.2292338079881332,6.7598552418204196e-07,-22869.930446842645,14970.507179843793,-11.868203625222032,13.166958162532252
0.059498546350612767,-0.12932476534407691,0.2292338079881332,6.7598552418204196e-07,-22869.930446842645,14970.507179843793,-11.868203625222032,13.166958162532252
-0.059498546350612767,-0.12932476534407691,0.2292338079881332,6.7598552418204196e-07,-22869.930446842645,14970.507179843793,-11.868203625222032,13.166958162532252
0.14113149791955948,0.12380952388048172,0.21289524435997009,4.0649406613003355e-05,-8316.788076461502,22698.834437970527,-5.3296017993848803,32.435766022598543
-0.14113149791955948,0.12380952388048172,0.21289524435997009,4.0649406613003355e-05,-8316.788076461502,22698.834437970527,-5.3296017993848803,32.435766022598543
0.14113149791955948,-0.12380952388048172,0.21289524435997009,4.0649406613003355e-05,-8316.788076461502,22698.834437970527,-5.3296017993848803,32.435766022598543
-0.14113149791955948,-0.12380952388048172,0.21289524435997009,4.0649406613003355e-05,-8316.788076461502,22698.834437970527,-5.3296017993848803,32.435766022598543
0.063731180822244854,0.12894744841175476,0.22871677821862763,7.0643922475209168e-07,-22752.426766827281,15152.450964639551,-12.152197775353297,11.635098684184289
-0.063731180822244854,0.12894744841175476,0.22871677821862763,7.0643922475209168e-07,-22752.426766827281,15152.450964639551,-12.152197775353297,11.635098684184289
0.063731180822244854,-0.12894744841175476,0.22871677821862763,7.0643922475209168e-07,-22752.426766827281,15152.450964639551,-12.152197775353297,11.635098684184289
-0.063731180822244854,-0.12894744841175476,0.22871677821862763,7.0643922475209168e-07,-22752.426766827281,15152.450964639551,-12.152197775353297,11.635098684184289
0.061028601533932192,0.12719602261890836,0.22904690487283885,6.8958214631681982e-07,-26279.840007156155,11264.454016907186,-13.518309350930531,8.3149929780674867
-0.061028601533932192,0.12719602261890836,0.22904690487283885,6.8958214631681982e-07,-26279.840007156155,11264.454016907186,-13.518309350930531,8.3149929780674867
0.061028601533932192,-0.12719602261890836,0.22904690487283885,6.8958214631681982e-07,-26279.840007156155,11264.454016907186,-13.518309350930531,8.3149929780674867
-0.061028601533932192,-0.12719602261890836,0.22904690487283885,6.8958214631681982e-07,-26279.840007156155,11264.454016907186,-13.518309350930531,8.3149929780674867
7.9321641211964637e-05,0.12822275628911692,0.23292985356263882,3.9251754083504202e-07,-27773.537946407141,7143.9187231418837,-9.5202177917402491,4.7532542735360881
-7.9321641211964637e-05,0.12822275628911692,0.23292985356263882,3.9251754083504202e-07,-27773.537946407141,7143.9187231418837,-9.5202177917402491,4.7532542735360881
7.9321641211964637e-05,-0.12822275628911692,0.23292985356263882,3.9251754083504202e-07,-27773.537946407141,7143.9187231418837,-9.5202177917402491,4.7532542735360881
-7.9321641211964637e-05,-0.12822275628911692,0.23292985356263882,3.9251754083504202e-07,-27773.537946407141,7143.9187231418837,-9.5202177917402491,4.7532542735360881
0.082365981817178247,0.12430828454713218,0.2259723490518214,6.4297585226909425e-06,-26720.394338749797,11347.88389168046,-20.200854437628276,10.589087079383768
-0.082365981817178247,0.12430828454713218,0.2259723490518214,6.4297585226909425e-06,-26720.394338749797,11347.88389168046,-20.200854437628276,10.589087079383768
0.082365981817178247,-0.12430828454713218,0.2259723490518214,6.4297585226909425e-06,-26720.394338749797,11347.88389168046,-20.200854437628276,10.589087079383768
-0.082365981817178247,-0.12430828454713218,0.2259723490518214,6.4297585226909425e-06,-26720.394338749797,11347.88389168046,-20.200854437628276,10.589087079383768
0.082614794373512268,0.074285715818405151,0.22601218521595001,3.8843722373437042e-05,24813.448597303664,-57155.945441911492,53.91391723816033,-131.82992837562759
-0.082614794373512268,0.074285715818405151,0.22601218521595001,3.8843722373437042e-05,24813.448597303664,-57155.945441911492,53.91391723816033,-131.82992837562759
0.082614794373512268,-0.074285715818405151,0.22601218521595001,3.8843722373437042e-05,24813.448597303664,-57155.945441911492,53.91391723816033,-131.82992837562759
-0.082614794373512268,-0.074285715818405151,0.22601218521595001,3.8843722373437042e-05,24813.448597303664,-57155.945441911492,53.91391723816033,-131.82992837562759
0.041239683601399152,0.12870299133103896,0.23113139310215536,6.8341648914734422e-07,-26527.515888380534,10495.609453679284,-13.162096286956684,8.6142723891014725
-0.041239683601399152,0.12870299133103896,0.23113139310215536,6.8341648914734422e-07,-26527.515888380534,10495.609453679284,-13.162096286956684,8.6142723891014725
0.041239683601399152,-0.12870299133103896,0.23113139310215536,6.8341648914734422e-07,-26527.515888380534,10495.609453679284,-13.162096286956684,8.6142723891014725
-0.041239683601399152,-0.12870299133103896,0.23113139310215536,6.8341648914734422e-07,-26527.515888380534,10495.609453679284,-13.162096286956684,8.6142723891014725
0.078960304929576036,0.12518512847727967,0.22649730642548282,6.7722049372467938e-06,-26019.675598341022,12087.737925132702,-19.165076513690636,11.239578577975442
-0.078960304929576036,0.12518512847727967,0.22649730642548282,6.7722049372467938e-06,-26019.675598341022,12087.737925132702,-19.165076513690636,11.239578577975442
0.078960304929576036,-0.12518512847727967,0.22649730642548282,6.7722049372467938e-06,-26019.675598341022,12087.737925132702,-19.165076513690636,11.239578577975442
-0.078960304929576036,-0.12518512847727967,0.22649730642548282,6.7722049372467938e-06,-26019.675598341022,12087.737925132702,-19.165076513690636,11.239578577975442
0.037139974540776673,0.12748088906388455,0.23149039450249648,1.5000060235079529e-06,-28594.194669066292,7260.0780339863277,-14.040261563687409,8.1904235766587359
-0.037139974540776673,0.12748088906388455,0.23149039450249648,1.5000060235079529e-06,-28594.194669066292,7260.0780339863277,-14.040261563687409,8.1904235766587359
0.037139974540776673,-0.12748088906388455,0.23149039450249648,1.5000060235079529e-06,-28594.194669066292,7260.0780339863277,-14.040261563687409,8.1904235766587359
-0.037139974540776673,-0.12748088906388455,0.23149039450249648,1.5000060235079529e-06,-28594.194669066292,7260.0780339863277,-14.040261563687409,8.1904235766587359
0.036205546647481872,0.12848421243051572,0.23157222021434637,7.5881557271357326e-07,-27246.686904780017,9378.1840485426146,-12.496943873028819,8.0275083856549099
-0.036205546647481872,0.12848421243051572,0.23157222021434637,7.5881557271357326e-07,-27246.686904780017,9378.1840485426146,-12.496943873028819,8.0275083856549099
0.036205546647481872,-0.12848421243051572,0.23157222021434637,7.5881557271357326e-07,-27246.686904780017,9378.1840485426146,-12.496943873028819,8.0275083856549099
-0.036205546647481872,-0.12848421243051572,0.23157222021434637,7.5881557271357326e-07,-27246.686904780017,9378.1840485426146,-12.496943873028819,8.0275083856549099
0.049799392512137393,0.12069608946120235,0.23031912780140257,1.3628849909174316e-05,-33417.34424880796,-7267.6266029131984,-30.878853023938433,-1.9275798152049759
-0.049799392512137393,0.12069608946120235,0.23031912780140257,1.3628849909174316e-05,-33417.34424880796,-7267.6266029131984,-30.878853023938433,-1.9275798152049759
0.049799392512137393,-0.12069608946120235,0.23031912780140257,1.3628849909174316e-05,-33417.34424880796,-7267.6266029131984,-30.878853023938433,-1.9275798152049759
-0.049799392512137393,-0.12069608946120235,0.23031912780140257,1.3628849909174316e-05,-33417.34424880796,-7267.6266029131984,-30.878853023938433,-1.9275798152049759
0.072198323350663618,0.12910251177848059,0.2273812739045028,9.0703069133916026e-07,-20684.68165577063,17115.417202599707,-14.676054456675953,18.723280077614223
-0.072198323350663618,0.12910251177848059,0.2273812739045028,9.0703069133916026e-07,-20684.68165577063,17115.417202599707,-14.676054456675953,18.723280077614223
0.072198323350663618,-0.12910251177848059,0.2273812739045028,9.0703069133916026e-07,-20684.68165577063,17115.417202599707,-14.676054456675953,18.723280077614223
-0.072198323350663618,-0.12910251177848059,0.2273812739045028,9.0703069133916026e-07,-20684.68165577063,17115.417202599707,-14.676054456675953,18.723280077614223
0.04380610411944872,0.12851630097797181,0.23090614036013762,6.134920132655665e-07,-26586.740921264885,10472.145188640601,-16.511532722672197,9.1257542186471472
-0.04380610411944872,0.12851630097797181,0.23090614036013762,6.134920132655665e-07,-26586.740921264885,10472.145188640601,-16.511532722672197,9.1257542186471472
0.04380610411944872,-0.12851630097797181,0.23090614036013762,6.134920132655665e-07,-26586.740921264885,10472.145188640601,-16.511532722672197,9.1257542186471472
-0.04380610411944872,-0.12851630097797181,0.23090614036013762,6.134920132655665e-07,-26586.740921264885,10472.145188640601,-16.511532722672197,9.1257542186471472
0.00022938263691217944,0.12846596804639593,0.23271342064792699,5.0303618928229482e-08,-27485.578537907735,7673.0986679113985,-55.340538576922498,24.170966406702686
-0.00022938263691217944,0.12846596804639593,0.23271342064792699,5.0303618928229482e-08,-27485.578537907735,7673.0986679113985,-55.340538576922498,24.170966406702686
0.00022938263691217944,-0.12846596804639593,0.23271342064792699,5.0303618928229482e-08,-27485.578537907735,7673.0986679113985,-55.340538576922498,24.170966406702686
-0.00022938263691217944,-0.12846596804639593,0.23271342064792699,5.0303618928229482e-08,-27485.578537907735,7673.0986679113985,-55.340538576922498,24.170966406702686
0.10276530722566782,0.1260822214574962,0.22219709496955017,2.3054962928230814e-05,-19254.608827316246,18271.547635886374,-18.834609528255662,18.609220924785493
-0.10276530722566782,0.1260822214574962,0.22219709496955017,2.3054962928230814e-05,-19254.608827316246,18271.547635886374,-18.834609528255662,18.609220924785493
0.10276530722566782,-0.1260822214574962,0.22219709496955017,2.3054962928230814e-05,-19254.608827316246,18271.547635886374,-18.834609528255662,18.609220924785493
-0.10276530722566782,-0.1260822214574962,0.22219709496955017,2.3054962928230814e-05,-19254.608827316246,18271.547635886374,-18.834609528255662,18.609220924785493
0.027524038604769766,0.12923756401356631,0.2321025071795261,1.1759586171391323e-06,-26413.582099756441,10225.515380644689,-16.606632618790304,12.320032404450505
-0.027524038604769766,0.12923756401356631,0.2321025071795261,1.1759586171391323e-06,-26413.582099756441,10225.515380644689,-16.606632618790304,12.320032404450505
0.027524038604769766,-0.12923756401356631,0.2321025071795261,1.1759586171391323e-06,-26413.582099756441,10225.515380644689,-16.606632618790304,12.320032404450505
-0.027524038604769766,-0.12923756401356631,0.2321025071795261,1.1759586171391323e-06,-26413.582099756441,10225.515380644689,-16.606632618790304,12.320032404450505
0.13817174855763417,0.037822990829131528,0.2177870856383666,3.1657331284269486e-05,-20228.439259189279,-54559.605541284895,-40.47943014857146,-114.90033488353397
-0.13817174855763417,0.037822990829131528,0.2177870856383666,3.1657331284269486e-05,-20228.439259189279,-54559.605541284895,-40.47943014857146,-114.90033488353397
0.13817174855763417,-0.037822990829131528,0.2177870856383666,3.1657331284269486e-05,-20228.439259189279,-54559.605541284895,-40.47943014857146,-114.90033488353397
-0.13817174855763417,-0.037822990829131528,0.2177870856383666,3.1657331284269486e-05,-20228.439259189279,-54559.605541284895,-40.47943014857146,-114.90033488353397
0.12843305744475272,0.035289687370257651,0.21922888321386688,2.6843637272940724e-05,-603.38587109656987,-62146.525591949146,-2.890220015195482,-132.21044574353581
-0.12843305744475272,0.035289687370257651,0.21922888321386688,2.6843637272940724e-05,-603.38587109656987,-62146.525591949146,-2.890220015195482,-132.21044574353581
0.12843305744475272,-0.035289687370257651,0.21922888321386688,2.6843637272940724e-05,-603.38587109656987,-62146.525591949146,-2.890220015195482,-132.21044574353581
-0.12843305744475272,-0.035289687370257651,0.21922888321386688,2.6843637272940724e-05,-603.38587109656987,-62146.525591949146,-2.890220015195482,-132.21044574353581
0.11926313409188091,0.031940852112598526,0.22058647564981748,2.4711482153426903e-05,18796.396300234981,-62594.192555642199,41.944222305579224,-138.47652024228435
-0.11926313409188091,0.031940852112598526,0.22058647564981748,2.4711482153426903e-05,18796.396300234981,-62594.192555642199,41.944222305579224,-138.47652024228435
0.11926313409188091,-0.031940852112598526,0.22058647564981748,2.4711482153426903e-05,18796.396300234981,-62594.192555642199,41.944222305579224,-138.47652024228435
-0.11926313409188091,-0.031940852112598526,0.22058647564981748,2.4711482153426903e-05,18796.396300234981,-62594.192555642199,41.944222305579224,-138.47652024228435
0.10911016526079412,0.028533206725110557,0.22208959897447514,3.0053727881404311e-05,38110.83063135494,-57283.471602356949,84.565179441372962,-129.85484620625431
-0.10911016526079412,0.028533206725110557,0.22208959897447514,3.0053727881404311e-05,38110.83063135494,-57283.471602356949,84.565179441372962,-129.85484620625431
0.10911016526079412,-0.028533206725110557,0.22208959897447514,3.0053727881404311e-05,38110.83063135494,-57283.471602356949,84.565179441372962,-129.85484620625431
-0.10911016526079412,-0.028533206725110557,0.22208959897447514,3.0053727881404311e-05,38110.83063135494,-57283.471602356949,84.565179441372962,-129.85484620625431
0.099725048336262487,0.026869917938515939,0.22347904361757395,2.7930710145105788e-05,52515.322647942688,-48960.334329658268,116.4689863663987,-119.2338334908596
-0.099725048336262487,0.026869917938515939,0.22347904361757395,2.7930710145105788e-05,52515.322647942688,-48960.334329658268,116.4689863663987,-119.2338334908596
0.099725048336262487,-0.026869917938515939,0.22347904361757395,2.7930710145105788e-05,52515.322647942688,-48960.334329658268,116.4689863663987,-119.2338334908596
-0.099725048336262487,-0.026869917938515939,0.22347904361757395,2.7930710145105788e-05,52515.322647942688,-48960.334329658268,116.4689863663987,-119.2338334908596
0.04551132275083989,0.11936888226953865,0.23074211590538449,2.0906164008027136e-05,-33429.233129033193,-11945.714670159452,-34.774532870223794,-7.6493381272601271
-0.04551132275083989,0.11936888226953865,0.23074211590538449,2.0906164008027136e-05,-33429.233129033193,-11945.714670159452,-34.774532870223794,-7.6493381272601271
0.04551132275083989,-0.11936888226953865,0.23074211590538449,2.0906164008027136e-05,-33429.233129033193,-11945.714670159452,-34.774532870223794,-7.6493381272601271
-0.04551132275083989,-0.11936888226953865,0.23074211590538449,2.0906164008027136e-05,-33429.233129033193,-11945.714670159452,-34.774532870223794,-7.6493381272601271
0.090353244091886095,0.024120239836606345,0.22486651734946561,2.2530952210906332e-05,63897.635939822787,-37571.970099244711,146.82450462993941,-89.889076265147253
-0.090353244091886095,0.024120239836606345,0.22486651734946561,2.2530952210906332e-05,63897.635939822787,-37571.970099244711,146.82450462993941,-89.889076265147253
0.090353244091886095,-0.024120239836606345,0.22486651734946561,2.2530952210906332e-05,63897.635939822787,-37571.970099244711,146.82450462993941,-89.889076265147253
-0.090353244091886095,-0.024120239836606345,0.22486651734946561,2.2530952210906332e-05,63897.635939822787,-37571.970099244711,146.82450462993941,-89.889076265147253
0.0070932795196840415,0.12755133603441146,0.23282675099930308,3.8449779523536897e-06,-28571.578422904564,5646.938072125261,-15.904778605217883,7.05301298034908
-0.0070932795196840415,0.12755133603441146,0.23282675099930308,3.8449779523536897e-06,-28571.578422904564,5646.938072125261,-15.904778605217883,7.05301298034908
0.0070932795196840415,-0.12755133603441146,0.23282675099930308,3.8449779523536897e-06,-28571.578422904564,5646.938072125261,-15.904778605217883,7.05301298034908
-0.0070932795196840415,-0.12755133603441146,0.23282675099930308,3.8449779523536897e-06,-28571.578422904564,5646.938072125261,-15.904778605217883,7.05301298034908
0.010027301485460809,0.12489927057566542,0.23277518441498862,2.7482428622126358e-06,-30844.189358705822,-960.76827483380202,-20.273114723319669,2.4398503805699212
-0.010027301485460809,0.12489927057566542,0.23277518441498862,2.7482428622126358e-06,-30844.189358705822,-960.76827483380202,-20.273114723319669,2.4398503805699212
0.010027301485460809,-0.12489927057566542,0.23277518441498862,2.7482428622126358e-06,-30844.189358705822,-960.76827483380202,-20.273114723319669,2.4398503805699212
-0.010027301485460809,-0.12489927057566542,0.23277518441498862,2.7482428622126358e-06,-30844.189358705822,-960.76827483380202,-20.273114723319669,2.4398503805699212
0.082373766698280046,0.02262637926115818,0.22604786556933124,2.8754433443301389e-05,71012.489112513125,-28551.170745458418,164.63910732788705,-72.601659530236375
-0.082373766698280046,0.02262637926115818,0.22604786556933124,2.8754433443301389e-05,71012.489112513125,-28551.170745458418,164.63910732788705,-72.601659530236375
0.082373766698280046,-0.02262637926115818,0.22604786556933124,2.8754433443301389e-05,71012.489112513125,-28551.170745458418,164.63910732788705,-72.601659530236375
-0.082373766698280046,-0.02262637926115818,0.22604786556933124,2.8754433443301389e-05,71012.489112513125,-28551.170745458418,164.63910732788705,-72.601659530236375
0.086497773585991769,0.12951119121488255,0.22518723189540893,7.1536061608193899e-06,-16469.97711228357,20024.077630820906,-10.489860131909047,17.918383832916845
-0.086497773585991769,0.12951119121488255,0.22518723189540893,7.1536061608193899e-06,-16469.97711228357,20024.077630820906,-10.489860131909047,17.918383832916845
0.086497773585991769,-0.12951119121488255,0.22518723189540893,7.1536061608193899e-06,-16469.97711228357,20024.077630820906,-10.489860131909047,17.918383832916845
-0.086497773585991769,-0.12951119121488255,0.22518723189540893,7.1536061608193899e-06,-16469.97711228357,20024.077630820906,-10.489860131909047,17.918383832916845
0.071620909090049395,0.019182471378571899,0.2276325752553488,3.0724019068804227e-05,78118.752422315971,-16708.997096625299,186.06460780803502,-48.737084472321307
-0.071620909090049395,0.019182471378571899,0.2276325752553488,3.0724019068804227e-05,78118.752422315971,-16708.997096625299,186.06460780803502,-48.737084472321307
0.071620909090049395,-0.019182471378571899,0.2276325752553488,3.0724019068804227e-05,78118.752422315971,-16708.997096625299,186.06460780803502,-48.737084472321307
-0.071620909090049395,-0.019182471378571899,0.2276325752553488,3.0724019068804227e-05,78118.752422315971,-16708.997096625299,186.06460780803502,-48.737084472321307
0.034387612740897334,0.045093917625267765,0.2316715124726402,3.1705150305910644e-05,80971.427961677793,-14668.13615704047,190.99127092434517,-34.293467073656117
-0.034387612740897334,0.045093917625267765,0.2316715124726402,3.1705150305910644e-05,80971.427961677793,-14668.13615704047,190.99127092434517,-34.293467073656117
0.034387612740897334,-0.045093917625267765,0.2316715124726402,3.1705150305910644e-05,80971.427961677793,-14668.13615704047,190.99127092434517,-34.293467073656117
-0.034387612740897334,-0.045093917625267765,0.2316715124726402,3.1705150305910644e-05,80971.427961677793,-14668.13615704047,190.99127092434517,-34.293467073656117
0.064543724923039392,0.12819288570104778,0.22861752268435362,2.1911451275706643e-06,-23985.837382054127,14001.499129162537,-12.250428869048568,11.614011759419716
-0.064543724923039392,0.12819288570104778,0.22861752268435362,2.1911451275706643e-06,-23985.837382054127,14001.499129162537,-12.250428869048568,11.614011759419716
0.064543724923039392,-0.12819288570104778,0.22861752268435362,2.1911451275706643e-06,-23985.837382054127,14001.499129162537,-12.250428869048568,11.614011759419716
-0.064543724923039392,-0.12819288570104778,0.22861752268435362,2.1911451275706643e-06,-23985.837382054127,14001.499129162537,-12.250428869048568,11.614011759419716
0.11072968293253063,0.099746368301227989,0.22169429931193124,3.7215330991254731e-05,-33088.391858965653,-25898.823044454566,-62.596580581310683,-52.054347860883055
-0.11072968293253063,0.099746368301227989,0.22169429931193124,3.7215330991254731e-05,-33088.391858965653,-25898.823044454566,-62.596580581310683,-52.054347860883055
0.11072968293253063,-0.099746368301227989,0.22169429931193124,3.7215330991254731e-05,-33088.391858965653,-25898.823044454566,-62.596580581310683,-52.054347860883055
-0.11072968293253063,-0.099746368301227989,0.22169429931193124,3.7215330991254731e-05,-33088.391858965653,-25898.823044454566,-62.596580581310683,-52.054347860883055
0.063657342919056933,0.11651335310485834,0.22869587873588179,2.283961582664967e-05,-33287.569121757711,-13793.027253697323,-41.362882318945616,-14.181196590976482
-0.063657342919056933,0.11651335310485834,0.22869587873588179,2.283961582664967e-05,-33287.569121757711,-13793.027253697323,-41.362882318945616,-14.181196590976482
0.063657342919056933,-0.11651335310485834,0.22869587873588179,2.283961582664967e-05,-33287.569121757711,-13793.027253697323,-41.362882318945616,-14.181196590976482
-0.063657342919056933,-0.11651335310485834,0.22869587873588179,2.283961582664967e-05,-33287.569121757711,-13793.027253697323,-41.362882318945616,-14.181196590976482
0.082552116721235955,0.1193738149250006,0.22598380398341888,1.1856508732125321e-05,-32034.406107166837,939.06281724498285,-34.297186680349519,2.4526265746881686
-0.082552116721235955,0.1193738149250006,0.22598380398341888,1.1856508732125321e-05,-32034.406107166837,939.06281724498285,-34.297186680349519,2.4526265746881686
0.082552116721235955,-0.1193738149250006,0.22598380398341888,1.1856508732125321e-05,-32034.406107166837,939.06281724498285,-34.297186680349519,2.4526265746881686
-0.082552116721235955,-0.1193738149250006,0.22598380398341888,1.1856508732125321e-05,-32034.406107166837,939.06281724498285,-34.297186680349519,2.4526265746881686
0.046887879627416744,0.042926414927435236,0.23059913411004204,3.5844299924150299e-05,78932.014250369233,-18683.161902699929,183.58420104822702,-41.873235900011828
-0.046887879627416744,0.042926414927435236,0.23059913411004204,3.5844299924150299e-05,78932.014250369233,-18683.161902699929,183.58420104822702,-41.873235900011828
0.046887879627416744,-0.042926414927435236,0.23059913411004204,3.5844299924150299e-05,78932.014250369233,-18683.161902699929,183.58420104822702,-41.873235900011828
-0.046887879627416744,-0.042926414927435236,0.23059913411004204,3.5844299924150299e-05,78932.014250369233,-18683.161902699929,183.58420104822702,-41.873235900011828
0.079772511784615557,0.05134114797240872,0.22643297725665296,2.8965989729225718e-05,56378.897342603042,-45768.083884335159,122.52353428993342,-104.87686436703439
-0.079772511784615557,0.05134114797240872,0.22643297725665296,2.8965989729225718e-05,56378.897342603042,-45768.083884335159,122.52353428993342,-104.87686436703439
0.079772511784615557,-0.05134114797240872,0.22643297725665296,2.8965989729225718e-05,56378.897342603042,-45768.083884335159,122.52353428993342,-104.87686436703439
-0.079772511784615557,-0.05134114797240872,0.22643297725665296,2.8965989729225718e-05,56378.897342603042,-45768.083884335159,122.52353428993342,-104.87686436703439
0.071424394681982362,0.11943720626083708,0.22763848456230584,1.2779467072297022e-05,-32983.441114954199,-3113.4140093538454,-34.581609666913906,2.0362892092729661
-0.071424394681982362,0.11943720626083708,0.22763848456230584,1.2779467072297022e-05,-32983.441114954199,-3113.4140093538454,-34.581609666913906,2.0362892092729661
0.071424394681982362,-0.11943720626083708,0.22763848456230584,1.2779467072297022e-05,-32983.441114954199,-3113.4140093538454,-34.581609666913906,2.0362892092729661
-0.071424394681982362,-0.11943720626083708,0.22763848456230584,1.2779467072297022e-05,-32983.441114954199,-3113.4140093538454,-34.581609666913906,2.0362892092729661
0.033968571255672111,0.12617400245299371,0.23171937384983471,6.8010868872868286e-06,-30214.746255896109,3848.8309787100447,-17.064238838149471,6.093477925169962
-0.033968571255672111,0.12617400245299371,0.23171937384983471,6.8010868872868286e-06,-30214.746255896109,3848.8309787100447,-17.064238838149471,6.093477925169962
0.033968571255672111,-0.12617400245299371,0.23171937384983471,6.8010868872868286e-06,-30214.746255896109,3848.8309787100447,-17.064238838149471,6.093477925169962
-0.033968571255672111,-0.12617400245299371,0.23171937384983471,6.8010868872868286e-06,-30214.746255896109,3848.8309787100447,-17.064238838149471,6.093477925169962
0.061367948625028708,0.016692356647378333,0.22900544961050723,2.3851117599696558e-05,82089.294830523897,-5978.3889074161862,189.44628559876261,-19.582437412526541
-0.061367948625028708,0.016692356647378333,0.22900544961050723,2.3851117599696558e-05,82089.294830523897,-5978.3889074161862,189.44628559876261,-19.582437412526541
0.061367948625028708,-0.016692356647378333,0.22900544961050723,2.3851117599696558e-05,82089.294830523897,-5978.3889074161862,189.44628559876261,-19.582437412526541
-0.061367948625028708,-0.016692356647378333,0.22900544961050723,2.3851117599696558e-05,82089.294830523897,-5978.3889074161862,189.44628559876261,-19.582437412526541
0.099454320807971786,0.1221237543693993,0.22303494456531978,3.2882784228731313e-05,-26809.497411600856,12230.423465563044,-25.95856087972728,15.530766984695205
-0.099454320807971786,0.1221237543693993,0.22303494456531978,3.2882784228731313e-05,-26809.497411600856,12230.423465563044,-25.95856087972728,15.530766984695205
0.099454320807971786,-0.1221237543693993,0.22303494456531978,3.2882784228731313e-05,-26809.497411600856,12230.423465563044,-25.95856087972728,15.530766984695205
-0.099454320807971786,-0.1221237543693993,0.22303494456531978,3.2882784228731313e-05,-26809.497411600856,12230.423465563044,-25.95856087972728,15.530766984695205
0.08417650560144456,0.12638018706184098,0.22567208280628265,1.0613431356710889e-05,-23033.653712504802,15431.236985640833,-15.897428222353245,13.977408915243645
-0.08417650560144456,0.12638018706184098,0.22567208280628265,1.0613431356710889e-05,-23033.653712504802,15431.236985640833,-15.897428222353245,13.977408915243645
0.08417650560144456,-0.12638018706184098,0.22567208280628265,1.0613431356710889e-05,-23033.653712504802,15431.236985640833,-15.897428222353245,13.977408915243645
-0.08417650560144456,-0.12638018706184098,0.22567208280628265,1.0613431356710889e-05,-23033.653712504802,15431.236985640833,-15.897428222353245,13.977408915243645
0.042604561630554996,0.12279935565923188,0.23101187364300968,6.6961608239616054e-06,-32704.455360859934,-3458.1228629344832,-26.389725086941844,1.7231934493208845
-0.042604561630554996,0.12279935565923188,0.23101187364300968,6.6961608239616054e-06,-32704.455360859934,-3458.1228629344832,-26.389725086941844,1.7231934493208845
0.042604561630554996,-0.12279935565923188,0.23101187364300968,6.6961608239616054e-06,-32704.455360859934,-3458.1228629344832,-26.389725086941844,1.7231934493208845
-0.042604561630554996,-0.12279935565923188,0.23101187364300968,6.6961608239616054e-06,-32704.455360859934,-3458.1228629344832,-26.389725086941844,1.7231934493208845
0.059649942770673779,0.12392312645391289,0.22921531028276373,1.0841383821612651e-05,-30767.594510612747,3785.1976281016941,-22.774026803566798,7.0993766733172885
-0.059649942770673779,0.12392312645391289,0.22921531028276373,1.0841383821612651e-05,-30767.594510612747,3785.1976281016941,-22.774026803566798,7.0993766733172885
0.059649942770673779,-0.12392312645391289,0.22921531028276373,1.0841383821612651e-05,-30767.594510612747,3785.1976281016941,-22.774026803566798,7.0993766733172885
-0.059649942770673779,-0.12392312645391289,0.22921531028276373,1.0841383821612651e-05,-30767.594510612747,3785.1976281016941,-22.774026803566798,7.0993766733172885
0.079400268320210188,0.055786132746747992,0.22648808915367685,2.3113673961408268e-05,52174.871764314252,-48692.331673716166,116.44637302105586,-111.83275965031865
-0.079400268320210188,0.055786132746747992,0.22648808915367685,2.3113673961408268e-05,52174.871764314252,-48692.331673716166,116.44637302105586,-111.83275965031865
0.079400268320210188,-0.055786132746747992,0.22648808915367685,2.3113673961408268e-05,52174.871764314252,-48692.331673716166,116.44637302105586,-111.83275965031865
-0.079400268320210188,-0.055786132746747992,0.22648808915367685,2.3113673961408268e-05,52174.871764314252,-48692.331673716166,116.44637302105586,-111.83275965031865
0.079936870870179588,0.12942815810050093,0.22630902764710562,4.2620771196631988e-06,-18123.107440741616,19019.685400207436,-11.49204701155027,16.639810698271923
-0.079936870870179588,0.12942815810050093,0.22630902764710562,4.2620771196631988e-06,-18123.107440741616,19019.685400207436,-11.49204701155027,16.639810698271923
0.079936870870179588,-0.12942815810050093,0.22630902764710562,4.2620771196631988e-06,-18123.107440741616,19019.685400207436,-11.49204701155027,16.639810698271923
-0.079936870870179588,-0.12942815810050093,0.22630902764710562,4.2620771196631988e-06,-18123.107440741616,19019.685400207436,-11.49204701155027,16.639810698271923
0.19520933385758918,0.057507653424763758,0.20632455429906721,2.4064415272138595e-05,-4241.7972372721233,33068.387868895079,3.7791728857080815,50.298066049977912
-0.19520933385758918,0.057507653424763758,0.20632455429906721,2.4064415272138595e-05,-4241.7972372721233,33068.387868895079,3.7791728857080815,50.298066049977912
0.19520933385758918,-0.057507653424763758,0.20632455429906721,2.4064415272138595e-05,-4241.7972372721233,33068.387868895079,3.7791728857080815,50.298066049977912
-0.19520933385758918,-0.057507653424763758,0.20632455429906721,2.4064415272138595e-05,-4241.7972372721233,33068.387868895079,3.7791728857080815,50.298066049977912
0.19694389665441953,0.0024926296362172144,0.20908599140792611,9.4222362225883386e-06,-3664.094965947475,30657.442670745182,-1.1645435152942512,39.39563434067405
-0.19694389665441953,0.0024926296362172144,0.20908599140792611,9.4222362225883386e-06,-3664.094965947475,30657.442670745182,-1.1645435152942512,39.39563434067405
0.19694389665441953,-0.0024926296362172144,0.20908599140792611,9.4222362225883386e-06,-3664.094965947475,30657.442670745182,-1.1645435152942512,39.39563434067405
-0.19694389665441953,-0.0024926296362172144,0.20908599140792611,9.4222362225883386e-06,-3664.094965947475,30657.442670745182,-1.1645435152942512,39.39563434067405
0.061740646650508303,0.12038623501643037,0.22895430916480281,1.2953081160650003e-05,-33056.591528832192,-4432.1735210421466,-31.315078051977427,-0.42452881563869765
-0.061740646650508303,0.12038623501643037,0.22895430916480281,1.2953081160650003e-05,-33056.591528832192,-4432.1735210421466,-31.315078051977427,-0.42452881563869765
0.061740646650508303,-0.12038623501643037,0.22895430916480281,1.2953081160650003e-05,-33056.591528832192,-4432.1735210421466,-31.315078051977427,-0.42452881563869765
-0.061740646650508303,-0.12038623501643037,0.22895430916480281,1.2953081160650003e-05,-33056.591528832192,-4432.1735210421466,-31.315078051977427,-0.42452881563869765
0.090142591363575816,0.051320054840551382,0.22489770340378556,2.8749218817704389e-05,46275.544789830565,-52203.605513374103,101.50903746875908,-121.66601401463981
-0.090142591363575816,0.051320054840551382,0.22489770340378556,2.8749218817704389e-05,46275.544789830565,-52203.605513374103,101.50903746875908,-121.66601401463981
0.090142591363575816,-0.051320054840551382,0.22489770340378556,2.8749218817704389e-05,46275.544789830565,-52203.605513374103,101.50903746875908,-121.66601401463981
-0.090142591363575816,-0.051320054840551382,0.22489770340378556,2.8749218817704389e-05,46275.544789830565,-52203.605513374103,101.50903746875908,-121.66601401463981
0.18505657660747868,0.054706567399516272,0.20912644874338718,2.1867872802844798e-05,-27494.419260184903,31200.55633204303,-38.350054740491956,51.842342596686464
-0.18505657660747868,0.054706567399516272,0.20912644874338718,2.1867872802844798e-05,-27494.419260184903,31200.55633204303,-38.350054740491956,51.842342596686464
0.18505657660747868,-0.054706567399516272,0.20912644874338718,2.1867872802844798e-05,-27494.419260184903,31200.55633204303,-38.350054740491956,51.842342596686464
-0.18505657660747868,-0.054706567399516272,0.20912644874338718,2.1867872802844798e-05,-27494.419260184903,31200.55633204303,-38.350054740491956,51.842342596686464
0.058531492947275221,0.12040990239413972,0.22935193209324173,1.1358944888562079e-05,-33268.070229351579,-5369.0683976196333,-31.726891250962375,0.018840727659654034
-0.058531492947275221,0.12040990239413972,0.22935193209324173,1.1358944888562079e-05,-33268.070229351579,-5369.0683976196333,-31.726891250962375,0.018840727659654034
0.058531492947275221,-0.12040990239413972,0.22935193209324173,1.1358944888562079e-05,-33268.070229351579,-5369.0683976196333,-31.726891250962375,0.018840727659654034
-0.058531492947275221,-0.12040990239413972,0.22935193209324173,1.1358944888562079e-05,-33268.070229351579,-5369.0683976196333,-31.726891250962375,0.018840727659654034
0.1766151902079714,0.05203220176612619,0.21120622217241317,2.1692411151920319e-05,-41289.227068280343,19811.973600402103,-72.059482806681984,27.750958556795197
-0.1766151902079714,0.05203220176612619,0.21120622217241317,2.1692411151920319e-05,-41289.227068280343,19811.973600402103,-72.059482806681984,27.750958556795197
0.1766151902079714,-0.05203220176612619,0.21120622217241317,2.1692411151920319e-05,-41289.227068280343,19811.973600402103,-72.059482806681984,27.750958556795197
-0.1766151902079714,-0.05203220176612619,0.21120622217241317,2.1692411151920319e-05,-41289.227068280343,19811.973600402103,-72.059482806681984,27.750958556795197
0.049833630146796884,0.12664756632975302,0.23035756137155236,5.7771574373068911e-06,-28715.799893020368,7612.5568566731172,-14.333460594656591,9.4954584966173705
-0.049833630146796884,0.12664756632975302,0.23035756137155236,5.7771574373068911e-06,-28715.799893020368,7612.5568566731172,-14.333460594656591,9.4954584966173705
0.049833630146796884,-0.12664756632975302,0.23035756137155236,5.7771574373068911e-06,-28715.799893020368,7612.5568566731172,-14.333460594656591,9.4954584966173705
-0.049833630146796884,-0.12664756632975302,0.23035756137155236,5.7771574373068911e-06,-28715.799893020368,7612.5568566731172,-14.333460594656591,9.4954584966173705
0.079751399530948133,0.04714162029375632,0.22643609997557645,2.63806038055244e-05,59935.390774528969,-42899.144641607651,132.62111021860821,-98.718041475829466
-0.079751399530948133,0.04714162029375632,0.22643609997557645,2.63806038055244e-05,59935.390774528969,-42899.144641607651,132.62111021860821,-98.718041475829466
0.079751399530948133,-0.04714162029375632,0.22643609997557645,2.63806038055244e-05,59935.390774528969,-42899.144641607651,132.62111021860821,-98.718041475829466
-0.079751399530948133,-0.04714162029375632,0.22643609997557645,2.63806038055244e-05,59935.390774528969,-42899.144641607651,132.62111021860821,-98.718041475829466
0.087334368600080661,0.11994654442338197,0.22523265240236995,7.1422482642667914e-06,-31083.237817897811,3877.1998485201702,-31.19140655367071,5.3325544071691811
-0.087334368600080661,0.11994654442338197,0.22523265240236995,7.1422482642667914e-06,-31083.237817897811,3877.1998485201702,-31.19140655367071,5.3325544071691811
0.087334368600080661,-0.11994654442338197,0.22523265240236995,7.1422482642667914e-06,-31083.237817897811,3877.1998485201702,-31.19140655367071,5.3325544071691811
-0.087334368600080661,-0.11994654442338197,0.22523265240236995,7.1422482642667914e-06,-31083.237817897811,3877.1998485201702,-31.19140655367071,5.3325544071691811
0.16703447893926271,0.049664292342930863,0.21319590036293889,2.4585889996453572e-05,-49371.284070983507,1641.8990242157356,-90.628656777754813,0.98593856047562545
-0.16703447893926271,0.049664292342930863,0.21319590036293889,2.4585889996453572e-05,-49371.284070983507,1641.8990242157356,-90.628656777754813,0.98593856047562545
0.16703447893926271,-0.049664292342930863,0.21319590036293889,2.4585889996453572e-05,-49371.284070983507,1641.8990242157356,-90.628656777754813,0.98593856047562545
-0.16703447893926271,-0.049664292342930863,0.21319590036293889,2.4585889996453572e-05,-49371.284070983507,1641.8990242157356,-90.628656777754813,0.98593856047562545
0.097048948136901708,0.11680003887347072,0.22367436605323385,3.7562577497192133e-05,-32860.410544713857,1061.4935859406894,-42.30470582272207,3.2724918705051329
-0.097048948136901708,0.11680003887347072,0.22367436605323385,3.7562577497192133e-05,-32860.410544713857,1061.4935859406894,-42.30470582272207,3.2724918705051329
0.097048948136901708,-0.11680003887347072,0.22367436605323385,3.7562577497192133e-05,-32860.410544713857,1061.4935859406894,-42.30470582272207,3.2724918705051329
-0.097048948136901708,-0.11680003887347072,0.22367436605323385,3.7562577497192133e-05,-32860.410544713857,1061.4935859406894,-42.30470582272207,3.2724918705051329
0.040592558197638046,0.12076937565407649,0.23118805832580841,1.3560718734790719e-05,-33287.285602227217,-9285.3965611234489,-31.479570627898688,-4.0553817135184351
-0.040592558197638046,0.12076937565407649,0.23118805832580841,1.3560718734790719e-05,-33287.285602227217,-9285.3965611234489,-31.479570627898688,-4.0553817135184351
0.040592558197638046,-0.12076937565407649,0.23118805832580841,1.3560718734790719e-05,-33287.285602227217,-9285.3965611234489,-31.479570627898688,-4.0553817135184351
-0.040592558197638046,-0.12076937565407649,0.23118805832580841,1.3560718734790719e-05,-33287.285602227217,-9285.3965611234489,-31.479570627898688,-4.0553817135184351
0.064959623118656856,0.12031756329920822,0.22854369479881698,1.222968137435302e-05,-32885.530073827038,-3467.5833415416714,-31.268344168459755,0.62049704235252856
-0.064959623118656856,0.12031756329920822,0.22854369479881698,1.222968137435302e-05,-32885.530073827038,-3467.5833415416714,-31.268344168459755,0.62049704235252856
0.064959623118656856,-0.12031756329920822,0.22854369479881698,1.222968137435302e-05,-32885.530073827038,-3467.5833415416714,-31.268344168459755,0.62049704235252856
-0.064959623118656856,-0.12031756329920822,0.22854369479881698,1.222968137435302e-05,-32885.530073827038,-3467.5833415416714,-31.268344168459755,0.62049704235252856
0.048101456045179729,0.12927166493750217,0.23041195490579455,1.1432044109859737e-06,-24926.515061400096,12702.415051350017,-17.682546535440412,19.416406723383194
-0.048101456045179729,0.12927166493750217,0.23041195490579455,1.1432044109859737e-06,-24926.515061400096,12702.415051350017,-17.682546535440412,19.416406723383194
0.048101456045179729,-0.12927166493750217,0.23041195490579455,1.1432044109859737e-06,-24926.515061400096,12702.415051350017,-17.682546535440412,19.416406723383194
-0.048101456045179729,-0.12927166493750217,0.23041195490579455,1.1432044109859737e-06,-24926.515061400096,12702.415051350017,-17.682546535440412,19.416406723383194
0.15717876804643816,0.04637320224710112,0.21493301646532278,2.548656839931926e-05,-47536.75179707745,-20080.907359957429,-90.631707209898707,-44.79760137582727
-0.15717876804643816,0.04637320224710112,0.21493301646532278,2.548656839931926e-05,-47536.75179707745,-20080.907359957429,-90.631707209898707,-44.79760137582727
0.15717876804643816,-0.04637320224710112,0.21493301646532278,2.548656839931926e-05,-47536.75179707745,-20080.907359957429,-90.631707209898707,-44.79760137582727
-0.15717876804643816,-0.04637320224710112,0.21493301646532278,2.548656839931926e-05,-47536.75179707745,-20080.907359957429,-90.631707209898707,-44.79760137582727
0.010988331952850781,0.11448780197289225,0.23275317143327193,1.0079373535274119e-05,-25837.381026526182,-28770.785226664539,-34.035762468344679,-38.267117929837632
-0.010988331952850781,0.11448780197289225,0.23275317143327193,1.0079373535274119e-05,-25837.381026526182,-28770.785226664539,-34.035762468344679,-38.267117929837632
0.010988331952850781,-0.11448780197289225,0.23275317143327193,1.0079373535274119e-05,-25837.381026526182,-28770.785226664539,-34.035762468344679,-38.267117929837632
-0.010988331952850781,-0.11448780197289225,0.23275317143327193,1.0079373535274119e-05,-25837.381026526182,-28770.785226664539,-34.035762468344679,-38.267117929837632
0.054162767469443485,0.12654128062696393,0.22988558848913673,9.7968695699002209e-06,-28286.287556229327,8355.411335965744,-15.665992819361973,8.9452965132920017
-0.054162767469443485,0.12654128062696393,0.22988558848913673,9.7968695699002209e-06,-28286.287556229327,8355.411335965744,-15.665992819361973,8.9452965132920017
0.054162767469443485,-0.12654128062696393,0.22988558848913673,9.7968695699002209e-06,-28286.287556229327,8355.411335965744,-15.665992819361973,8.9452965132920017
-0.054162767469443485,-0.12654128062696393,0.22988558848913673,9.7968695699002209e-06,-28286.287556229327,8355.411335965744,-15.665992819361973,8.9452965132920017
0.032043196260915945,0.040785651764979183,0.23181505817616549,2.09063785426087e-05,82636.580012154285,-8461.0435007580327,191.34160978555335,-13.990446006397528
-0.032043196260915945,0.040785651764979183,0.23181505817616549,2.09063785426087e-05,82636.580012154285,-8461.0435007580327,191.34160978555335,-13.990446006397528
0.032043196260915945,-0.040785651764979183,0.23181505817616549,2.09063785426087e-05,82636.580012154285,-8461.0435007580327,191.34160978555335,-13.990446006397528
-0.032043196260915945,-0.040785651764979183,0.23181505817616549,2.09063785426087e-05,82636.580012154285,-8461.0435007580327,191.34160978555335,-13.990446006397528
0.19044719373616287,0.0041131144298934188,0.21004781182777951,1.0622767962853973e-05,-20586.928581715554,29606.511761959679,-25.0278106944683,41.864355323758161
-0.19044719373616287,0.0041131144298934188,0.21004781182777951,1.0622767962853973e-05,-20586.928581715554,29606.511761959679,-25.0278106944683,41.864355323758161
0.19044719373616287,-0.0041131144298934188,0.21004781182777951,1.0622767962853973e-05,-20586.928581715554,29606.511761959679,-25.0278106944683,41.864355323758161
-0.19044719373616287,-0.0041131144298934188,0.21004781182777951,1.0622767962853973e-05,-20586.928581715554,29606.511761959679,-25.0278106944683,41.864355323758161
0.090607592223798994,0.10629023210623685,0.22481960012456198,2.7791018792563993e-05,-30544.140336980738,-25193.675859909883,-55.112275755278802,-45.062960397170137
-0.090607592223798994,0.10629023210623685,0.22481960012456198,2.7791018792563993e-05,-30544.140336980738,-25193.675859909883,-55.112275755278802,-45.062960397170137
0.090607592223798994,-0.10629023210623685,0.22481960012456198,2.7791018792563993e-05,-30544.140336980738,-25193.675859909883,-55.112275755278802,-45.062960397170137
-0.090607592223798994,-0.10629023210623685,0.22481960012456198,2.7791018792563993e-05,-30544.140336980738,-25193.675859909883,-55.112275755278802,-45.062960397170137
0.02274562524488228,0.12110469421529185,0.23234641585474547,1.2665455042516598e-05,-32329.971242914067,-10731.469907490611,-28.321711845683904,-5.173106809648095
-0.02274562524488228,0.12110469421529185,0.23234641585474547,1.2665455042516598e-05,-32329.971242914067,-10731.469907490611,-28.321711845683904,-5.173106809648095
0.02274562524488228,-0.12110469421529185,0.23234641585474547,1.2665455042516598e-05,-32329.971242914067,-10731.469907490611,-28.321711845683904,-5.173106809648095
-0.02274562524488228,-0.12110469421529185,0.23234641585474547,1.2665455042516598e-05,-32329.971242914067,-10731.469907490611,-28.321711845683904,-5.173106809648095
0.037023570741094233,0.12051005564017836,0.23143997963932092,1.0851139391849178e-05,-33037.775544712247,-10664.612595788494,-31.678399410800864,-7.330899334811491
-0.037023570741094233,0.12051005564017836,0.23143997963932092,1.0851139391849178e-05,-33037.775544712247,-10664.612595788494,-31.678399410800864,-7.330899334811491
0.037023570741094233,-0.12051005564017836,0.23143997963932092,1.0851139391849178e-05,-33037.775544712247,-10664.612595788494,-31.678399410800864,-7.330899334811491
-0.037023570741094233,-0.12051005564017836,0.23143997963932092,1.0851139391849178e-05,-33037.775544712247,-10664.612595788494,-31.678399410800864,-7.330899334811491
0.13745007652955768,0.11700828457947415,0.21475465973979241,4.3868498329464459e-05,-21933.650110349961,18470.898471752924,-31.993126188750736,31.458547655659341
-0.13745007652955768,0.11700828457947415,0.21475465973979241,4.3868498329464459e-05,-21933.650110349961,18470.898471752924,-31.993126188750736,31.458547655659341
0.13745007652955768,-0.11700828457947415,0.21475465973979241,4.3868498329464459e-05,-21933.650110349961,18470.898471752924,-31.993126188750736,31.458547655659341
-0.13745007652955768,-0.11700828457947415,0.21475465973979241,4.3868498329464459e-05,-21933.650110349961,18470.898471752924,-31.993126188750736,31.458547655659341
0.12912265819153343,0.0039191996881533572,0.21912678843467379,2.4815582342381309e-05,10612.922961717026,-64302.743222535537,21.434075654522633,-165.06221267318841
-0.12912265819153343,0.0039191996881533572,0.21912678843467379,2.4815582342381309e-05,10612.922961717026,-64302.743222535537,21.434075654522633,-165.06221267318841
0.12912265819153343,-0.0039191996881533572,0.21912678843467379,2.4815582342381309e-05,10612.922961717026,-64302.743222535537,21.434075654522633,-165.06221267318841
-0.12912265819153343,-0.0039191996881533572,0.21912678843467379,2.4815582342381309e-05,10612.922961717026,-64302.743222535537,21.434075654522633,-165.06221267318841
0.068883854878947673,0.1268866073178139,0.22804160925154576,3.9273991739593336e-06,-25318.332104977195,12681.791525089628,-15.062135539739778,10.93526872872806
-0.068883854878947673,0.1268866073178139,0.22804160925154576,3.9273991739593336e-06,-25318.332104977195,12681.791525089628,-15.062135539739778,10.93526872872806
0.068883854878947673,-0.1268866073178139,0.22804160925154576,3.9273991739593336e-06,-25318.332104977195,12681.791525089628,-15.062135539739778,10.93526872872806
-0.068883854878947673,-0.1268866073178139,0.22804160925154576,3.9273991739593336e-06,-25318.332104977195,12681.791525089628,-15.062135539739778,10.93526872872806
0.071274471184579344,0.12966221206132983,0.2276608063409199,9.7148451236575039e-07,-19735.691542135904,17793.784566272101,-12.724237006564248,18.640058495302455
-0.071274471184579344,0.12966221206132983,0.2276608063409199,9.7148451236575039e-07,-19735.691542135904,17793.784566272101,-12.724237006564248,18.640058495302455
0.071274471184579344,-0.12966221206132983,0.2276608063409199,9.7148451236575039e-07,-19735.691542135904,17793.784566272101,-12.724237006564248,18.640058495302455
-0.071274471184579344,-0.12966221206132983,0.2276608063409199,9.7148451236575039e-07,-19735.691542135904,17793.784566272101,-12.724237006564248,18.640058495302455
0.0049527856854342991,0.07058498930061731,0.23283151893537674,3.1780566350325419e-05,66156.037312439163,-34958.939503510701,153.20575262440877,-90.726131495871186
-0.0049527856854342991,0.07058498930061731,0.23283151893537674,3.1780566350325419e-05,66156.037312439163,-34958.939503510701,153.20575262440877,-90.726131495871186
0.0049527856854342991,-0.07058498930061731,0.23283151893537674,3.1780566350325419e-05,66156.037312439163,-34958.939503510701,153.20575262440877,-90.726131495871186
-0.0049527856854342991,-0.07058498930061731,0.23283151893537674,3.1780566350325419e-05,66156.037312439163,-34958.939503510701,153.20575262440877,-90.726131495871186
0.022917386170790678,0.12635922663104418,0.23234511301562025,4.5642682538969761e-06,-30040.400226444261,3261.8466935908305,-17.712124424904967,5.5321181803985784
-0.022917386170790678,0.12635922663104418,0.23234511301562025,4.5642682538969761e-06,-30040.400226444261,3261.8466935908305,-17.712124424904967,5.5321181803985784
0.022917386170790678,-0.12635922663104418,0.23234511301562025,4.5642682538969761e-06,-30040.400226444261,3261.8466935908305,-17.712124424904967,5.5321181803985784
-0.022917386170790678,-0.12635922663104418,0.23234511301562025,4.5642682538969761e-06,-30040.400226444261,3261.8466935908305,-17.712124424904967,5.5321181803985784
0.086824896376617319,0.1029083721590016,0.22538888419635253,3.183304005807323e-05,-25370.523445329436,-33570.586540654316,-46.687828870300628,-63.588147857333666
-0.086824896376617319,0.1029083721590016,0.22538888419635253,3.183304005807323e-05,-25370.523445329436,-33570.586540654316,-46.687828870300628,-63.588147857333666
0.086824896376617319,-0.1029083721590016,0.22538888419635253,3.183304005807323e-05,-25370.523445329436,-33570.586540654316,-46.687828870300628,-63.588147857333666
-0.086824896376617319,-0.1029083721590016,0.22538888419635253,3.183304005807323e-05,-25370.523445329436,-33570.586540654316,-46.687828870300628,-63.588147857333666
0.080597446215952259,0.0045250693468902141,0.22631084984408451,2.6946412872522523e-05,75306.071251410467,-20754.163175467627,189.65397843820918,-61.750201814493103
-0.080597446215952259,0.0045250693468902141,0.22631084984408451,2.6946412872522523e-05,75306.071251410467,-20754.163175467627,189.65397843820918,-61.750201814493103
0.080597446215952259,-0.0045250693468902141,0.22631084984408451,2.6946412872522523e-05,75306.071251410467,-20754.163175467627,189.65397843820918,-61.750201814493103
-0.080597446215952259,-0.0045250693468902141,0.22631084984408451,2.6946412872522523e-05,75306.071251410467,-20754.163175467627,189.65397843820918,-61.750201814493103
0.090456061919262559,0.0047925832655497484,0.22485129541023866,2.9130313411735323e-05,68830.241490018045,-32377.472758235166,166.22305824445959,-96.381024428873872
-0.090456061919262559,0.0047925832655497484,0.22485129541023866,2.9130313411735323e-05,68830.241490018045,-32377.472758235166,166.22305824445959,-96.381024428873872
0.090456061919262559,-0.0047925832655497484,0.22485129541023866,2.9130313411735323e-05,68830.241490018045,-32377.472758235166,166.22305824445959,-96.381024428873872
-0.090456061919262559,-0.0047925832655497484,0.22485129541023866,2.9130313411735323e-05,68830.241490018045,-32377.472758235166,166.22305824445959,-96.381024428873872
0.14761905372142792,0.0048507130704820156,0.21638843417167664,2.9062102160168035e-05,-25426.39833384765,-51015.539266139625,-58.290712990130316,-111.72670886919636
-0.14761905372142792,0.0048507130704820156,0.21638843417167664,2.9062102160168035e-05,-25426.39833384765,-51015.539266139625,-58.290712990130316,-111.72670886919636
0.14761905372142792,-0.0048507130704820156,0.21638843417167664,2.9062102160168035e-05,-25426.39833384765,-51015.539266139625,-58.290712990130316,-111.72670886919636
-0.14761905372142792,-0.0048507130704820156,0.21638843417167664,2.9062102160168035e-05,-25426.39833384765,-51015.539266139625,-58.290712990130316,-111.72670886919636
0.11165203654185342,0.042077634380601067,0.22171328086748565,9.5242725598255299e-06,25238.710413919158,-60710.208837485894,51.216182839412767,-125.38261235110551
-0.11165203654185342,0.042077634380601067,0.22171328086748565,9.5242725598255299e-06,25238.710413919158,-60710.208837485894,51.216182839412767,-125.38261235110551
0.11165203654185342,-0.042077634380601067,0.22171328086748565,9.5242725598255299e-06,25238.710413919158,-60710.208837485894,51.216182839412767,-125.38261235110551
-0.11165203654185342,-0.042077634380601067,0.22171328086748565,9.5242725598255299e-06,25238.710413919158,-60710.208837485894,51.216182839412767,-125.38261235110551
0.0058672934318068342,0.12925692541624517,0.23284828501594945,1.5974189886645681e-06,-26436.225104546331,9580.0186816784535,-15.587099036346112,10.859301982806222
-0.0058672934318068342,0.12925692541624517,0.23284828501594945,1.5974189886645681e-06,-26436.225104546331,9580.0186816784535,-15.587099036346112,10.859301982806222
0.0058672934318068342,-0.12925692541624517,0.23284828501594945,1.5974189886645681e-06,-26436.225104546331,9580.0186816784535,-15.587099036346112,10.859301982806222
-0.0058672934318068342,-0.12925692541624517,0.23284828501594945,1.5974189886645681e-06,-26436.225104546331,9580.0186816784535,-15.587099036346112,10.859301982806222
0.019193804720766688,0.12653210740456614,0.23253611533787227,3.748649330727708e-06,-29823.803876150221,3554.5480509733811,-15.333253897594409,5.9303068087851374
-0.019193804720766688,0.12653210740456614,0.23253611533787227,3.748649330727708e-06,-29823.803876150221,3554.5480509733811,-15.333253897594409,5.9303068087851374
0.019193804720766688,-0.12653210740456614,0.23253611533787227,3.748649330727708e-06,-29823.803876150221,3554.5480509733811,-15.333253897594409,5.9303068087851374
-0.019193804720766688,-0.12653210740456614,0.23253611533787227,3.748649330727708e-06,-29823.803876150221,3554.5480509733811,-15.333253897594409,5.9303068087851374
0.074270538982965331,0.12036228300624596,0.22724091780396147,9.6427049386667597e-06,-32117.188126163182,137.40372597294433,-32.05488864643597,2.5418363641503867
-0.074270538982965331,0.12036228300624596,0.22724091780396147,9.6427049386667597e-06,-32117.188126163182,137.40372597294433,-32.05488864643597,2.5418363641503867
0.074270538982965331,-0.12036228300624596,0.22724091780396147,9.6427049386667597e-06,-32117.188126163182,137.40372597294433,-32.05488864643597,2.5418363641503867
-0.074270538982965331,-0.12036228300624596,0.22724091780396147,9.6427049386667597e-06,-32117.188126163182,137.40372597294433,-32.05488864643597,2.5418363641503867
0.013400510782759771,0.040341863651464374,0.23265789832758949,2.3942817950608909e-05,85399.122037747729,-1439.1918809402248,203.20732930722599,-5.4968126618018269
-0.013400510782759771,0.040341863651464374,0.23265789832758949,2.3942817950608909e-05,85399.122037747729,-1439.1918809402248,203.20732930722599,-5.4968126618018269
0.013400510782759771,-0.040341863651464374,0.23265789832758949,2.3942817950608909e-05,85399.122037747729,-1439.1918809402248,203.20732930722599,-5.4968126618018269
-0.013400510782759771,-0.040341863651464374,0.23265789832758949,2.3942817950608909e-05,85399.122037747729,-1439.1918809402248,203.20732930722599,-5.4968126618018269
0.046267514599812945,0.12658764895938734,0.23069111860760674,2.9081025535526979e-06,-29131.885485972332,6752.8922271812362,-14.909955880364656,8.1172911846079714
-0.046267514599812945,0.12658764895938734,0.23069111860760674,2.9081025535526979e-06,-29131.885485972332,6752.8922271812362,-14.909955880364656,8.1172911846079714
0.046267514599812945,-0.12658764895938734,0.23069111860760674,2.9081025535526979e-06,-29131.885485972332,6752.8922271812362,-14.909955880364656,8.1172911846079714
-0.046267514599812945,-0.12658764895938734,0.23069111860760674,2.9081025535526979e-06,-29131.885485972332,6752.8922271812362,-14.909955880364656,8.1172911846079714
0.026588560420347705,0.1264561074328707,0.2321517706456562,3.0155994164718566e-06,-29950.596836489502,3722.6276903969801,-16.368976484851295,5.3275737343940985
-0.026588560420347705,0.1264561074328707,0.2321517706456562,3.0155994164718566e-06,-29950.596836489502,3722.6276903969801,-16.368976484851295,5.3275737343940985
0.026588560420347705,-0.1264561074328707,0.2321517706456562,3.0155994164718566e-06,-29950.596836489502,3722.6276903969801,-16.368976484851295,5.3275737343940985
-0.026588560420347705,-0.1264561074328707,0.2321517706456562,3.0155994164718566e-06,-29950.596836489502,3722.6276903969801,-16.368976484851295,5.3275737343940985
0.078529840556611566,0.068390546085424095,0.22661695165313497,2.7848135103391407e-05,37178.91716187846,-54987.405650691093,84.497448379489754,-123.43963944900015
-0.078529840556611566,0.068390546085424095,0.22661695165313497,2.7848135103391407e-05,37178.91716187846,-54987.405650691093,84.497448379489754,-123.43963944900015
0.078529840556611566,-0.068390546085424095,0.22661695165313497,2.7848135103391407e-05,37178.91716187846,-54987.405650691093,84.497448379489754,-123.43963944900015
-0.078529840556611566,-0.068390546085424095,0.22661695165313497,2.7848135103391407e-05,37178.91716187846,-54987.405650691093,84.497448379489754,-123.43963944900015
0.19524934367594202,0.067509544389695003,0.20506001729931708,2.228868943006609e-05,-1305.8425184400446,31370.21262608076,7.5271872182623101,49.6006486606856
-0.19524934367594202,0.067509544389695003,0.20506001729931708,2.228868943006609e-05,-1305.8425184400446,31370.21262608076,7.5271872182623101,49.6006486606856
0.19524934367594202,-0.067509544389695003,0.20506001729931708,2.228868943006609e-05,-1305.8425184400446,31370.21262608076,7.5271872182623101,49.6006486606856
-0.19524934367594202,-0.067509544389695003,0.20506001729931708,2.228868943006609e-05,-1305.8425184400446,31370.21262608076,7.5271872182623101,49.6006486606856
0.099098412508321507,0.060482115720451535,0.223571818312433,3.9333457401508506e-05,25373.284311505773,-59017.39301761712,54.010712979952956,-132.65191682019889
-0.099098412508321507,0.060482115720451535,0.223571818312433,3.9333457401508506e-05,25373.284311505773,-59017.39301761712,54.010712979952956,-132.65191682019889
0.099098412508321507,-0.060482115720451535,0.223571818312433,3.9333457401508506e-05,25373.284311505773,-59017.39301761712,54.010712979952956,-132.65191682019889
-0.099098412508321507,-0.060482115720451535,0.223571818312433,3.9333457401508506e-05,25373.284311505773,-59017.39301761712,54.010712979952956,-132.65191682019889
0.01647410830452321,0.12626685993372583,0.23262805265724465,2.322471587317881e-06,-29991.386047998185,2806.2381433820256,-15.69026122217139,3.9348384930038112
-0.01647410830452321,0.12626685993372583,0.23262805265724465,2.322471587317881e-06,-29991.386047998185,2806.2381433820256,-15.69026122217139,3.9348384930038112
0.01647410830452321,-0.12626685993372583,0.23262805265724465,2.322471587317881e-06,-29991.386047998185,2806.2381433820256,-15.69026122217139,3.9348384930038112
-0.01647410830452321,-0.12626685993372583,0.23262805265724465,2.322471587317881e-06,-29991.386047998185,2806.2381433820256,-15.69026122217139,3.9348384930038112
0.0051830358535476483,0.044864994318142004,0.23283186239698822,3.6100124229244923e-05,84967.991582417599,-4864.4769279678248,220.2269387794577,-19.781058975122782
-0.0051830358535476483,0.044864994318142004,0.23283186239698822,3.6100124229244923e-05,84967.991582417599,-4864.4769279678248,220.2269387794577,-19.781058975122782
0.0051830358535476483,-0.044864994318142004,0.23283186239698822,3.6100124229244923e-05,84967.991582417599,-4864.4769279678248,220.2269387794577,-19.781058975122782
-0.0051830358535476483,-0.044864994318142004,0.23283186239698822,3.6100124229244923e-05,84967.991582417599,-4864.4769279678248,220.2269387794577,-19.781058975122782
0.044632026868559715,0.1249794703512698,0.23083433492996097,4.3340326978575656e-06,-30986.049020790168,2583.4763630073162,-20.978778100440174,4.6242432601485035
-0.044632026868559715,0.1249794703512698,0.23083433492996097,4.3340326978575656e-06,-30986.049020790168,2583.4763630073162,-20.978778100440174,4.6242432601485035
0.044632026868559715,-0.1249794703512698,0.23083433492996097,4.3340326978575656e-06,-30986.049020790168,2583.4763630073162,-20.978778100440174,4.6242432601485035
-0.044632026868559715,-0.1249794703512698,0.23083433492996097,4.3340326978575656e-06,-30986.049020790168,2583.4763630073162,-20.978778100440174,4.6242432601485035
0.18723485248003296,0,0.21052338927771294,3.9722360790610922e-06,-28129.440314872802,25821.865392794647,-36.526297534324783,34.978834535180901
-0.18723485248003296,0,0.21052338927771294,3.9722360790610922e-06,-28129.440314872802,25821.865392794647,-36.526297534324783,34.978834535180901
0.18723485248003296,-0,0.21052338927771294,3.9722360790610922e-06,-28129.440314872802,25821.865392794647,-36.526297534324783,34.978834535180901
-0.18723485248003296,-0,0.21052338927771294,3.9722360790610922e-06,-28129.440314872802,25821.865392794647,-36.526297534324783,34.978834535180901
0.14014001604641069,0.048469691994686599,0.21749568823325621,4.12577154478591e-05,-29536.205105809851,-47823.217167391565,-60.173669496613769,-99.512396787804079
-0.14014001604641069,0.048469691994686599,0.21749568823325621,4.12577154478591e-05,-29536.205105809851,-47823.217167391565,-60.173669496613769,-99.512396787804079
0.14014001604641069,-0.048469691994686599,0.21749568823325621,4.12577154478591e-05,-29536.205105809851,-47823.217167391565,-60.173669496613769,-99.512396787804079
-0.14014001604641069,-0.048469691994686599,0.21749568823325621,4.12577154478591e-05,-29536.205105809851,-47823.217167391565,-60.173669496613769,-99.512396787804079
0.18632771556055197,0.064376938378703577,0.20786525716634149,3.1318187896539684e-05,-20992.214139401975,32470.077574988998,-34.061873830017213,54.299563947169446
-0.18632771556055197,0.064376938378703577,0.20786525716634149,3.1318187896539684e-05,-20992.214139401975,32470.077574988998,-34.061873830017213,54.299563947169446
0.18632771556055197,-0.064376938378703577,0.20786525716634149,3.1318187896539684e-05,-20992.214139401975,32470.077574988998,-34.061873830017213,54.299563947169446
-0.18632771556055197,-0.064376938378703577,0.20786525716634149,3.1318187896539684e-05,-20992.214139401975,32470.077574988998,-34.061873830017213,54.299563947169446
0,0.10126453638076782,0.2328978106379509,7.3167126483272172e-06,4952.7280748422381,-49926.749743226101,1.0156488165270237,-85.654346731894108
-0,0.10126453638076782,0.2328978106379509,7.3167126483272172e-06,4952.7280748422381,-49926.749743226101,1.0156488165270237,-85.654346731894108
0,-0.10126453638076782,0.2328978106379509,7.3167126483272172e-06,4952.7280748422381,-49926.749743226101,1.0156488165270237,-85.654346731894108
-0,-0.10126453638076782,0.2328978106379509,7.3167126483272172e-06,4952.7280748422381,-49926.749743226101,1.0156488165270237,-85.654346731894108
0.14746040190827484,0.016010953499619632,0.21641192220210567,2.3837845710655161e-05,-27154.693120869706,-50075.850529954034,-63.099670099917702,-100.1701622042095
-0.14746040190827484,0.016010953499619632,0.21641192220210567,2.3837845710655161e-05,-27154.693120869706,-50075.850529954034,-63.099670099917702,-100.1701622042095
0.14746040190827484,-0.016010953499619632,0.21641192220210567,2.3837845710655161e-05,-27154.693120869706,-50075.850529954034,-63.099670099917702,-100.1701622042095
-0.14746040190827484,-0.016010953499619632,0.21641192220210567,2.3837845710655161e-05,-27154.693120869706,-50075.850529954034,-63.099670099917702,-100.1701622042095
0.027307445861387059,0.12121721588106971,0.2321139131660569,1.3128838217079284e-05,-32733.499229643057,-10056.666168998283,-28.198757345901974,-1.7167175022525618
-0.027307445861387059,0.12121721588106971,0.2321139131660569,1.3128838217079284e-05,-32733.499229643057,-10056.666168998283,-28.198757345901974,-1.7167175022525618
0.027307445861387059,-0.12121721588106971,0.2321139131660569,1.3128838217079284e-05,-32733.499229643057,-10056.666168998283,-28.198757345901974,-1.7167175022525618
-0.027307445861387059,-0.12121721588106971,0.2321139131660569,1.3128838217079284e-05,-32733.499229643057,-10056.666168998283,-28.198757345901974,-1.7167175022525618
0.063238379462810246,0.1266893662012881,0.22877697315526438,4.0053570045413761e-06,-26649.508315707615,10853.275444014893,-15.840808129001434,9.3109103051358648
-0.063238379462810246,0.1266893662012881,0.22877697315526438,4.0053570045413761e-06,-26649.508315707615,10853.275444014893,-15.840808129001434,9.3109103051358648
0.063238379462810246,-0.1266893662012881,0.22877697315526438,4.0053570045413761e-06,-26649.508315707615,10853.275444014893,-15.840808129001434,9.3109103051358648
-0.063238379462810246,-0.1266893662012881,0.22877697315526438,4.0053570045413761e-06,-26649.508315707615,10853.275444014893,-15.840808129001434,9.3109103051358648
0.011463517193481317,0.12641418310257091,0.23274994279300137,4.8662241493594879e-06,-29800.479290692692,2962.0191815304283,-16.369725056004434,6.5235889111911289
-0.011463517193481317,0.12641418310257091,0.23274994279300137,4.8662241493594879e-06,-29800.479290692692,2962.0191815304283,-16.369725056004434,6.5235889111911289
0.011463517193481317,-0.12641418310257091,0.23274994279300137,4.8662241493594879e-06,-29800.479290692692,2962.0191815304283,-16.369725056004434,6.5235889111911289
-0.011463517193481317,-0.12641418310257091,0.23274994279300137,4.8662241493594879e-06,-29800.479290692692,2962.0191815304283,-16.369725056004434,6.5235889111911289
0.12879542726072551,0.046865141918196344,0.21917523468387226,3.1490212243771933e-05,-9498.563432306184,-59170.986798664599,-19.299242050890236,-125.68242214046242
-0.12879542726072551,0.046865141918196344,0.21917523468387226,3.1490212243771933e-05,-9498.563432306184,-59170.986798664599,-19.299242050890236,-125.68242214046242
0.12879542726072551,-0.046865141918196344,0.21917523468387226,3.1490212243771933e-05,-9498.563432306184,-59170.986798664599,-19.299242050890236,-125.68242214046242
-0.12879542726072551,-0.046865141918196344,0.21917523468387226,3.1490212243771933e-05,-9498.563432306184,-59170.986798664599,-19.299242050890236,-125.68242214046242
0.17571633881846052,0.063187083536229108,0.21059078136458417,4.2083332183021619e-05,-38259.71238290811,21974.502273528844,-70.456030416232764,37.599708894408607
-0.17571633881846052,0.063187083536229108,0.21059078136458417,4.2083332183021619e-05,-38259.71238290811,21974.502273528844,-70.456030416232764,37.599708894408607
0.17571633881846052,-0.063187083536229108,0.21059078136458417,4.2083332183021619e-05,-38259.71238290811,21974.502273528844,-70.456030416232764,37.599708894408607
-0.17571633881846052,-0.063187083536229108,0.21059078136458417,4.2083332183021619e-05,-38259.71238290811,21974.502273528844,-70.456030416232764,37.599708894408607
0.039134770295270599,0.12682605311677858,0.23131571546152008,3.0012604932256505e-06,-29289.550637419678,6062.0301857406594,-15.593676049126941,7.1036823489368706
-0.039134770295270599,0.12682605311677858,0.23131571546152008,3.0012604932256505e-06,-29289.550637419678,6062.0301857406594,-15.593676049126941,7.1036823489368706
0.039134770295270599,-0.12682605311677858,0.23131571546152008,3.0012604932256505e-06,-29289.550637419678,6062.0301857406594,-15.593676049126941,7.1036823489368706
-0.039134770295270599,-0.12682605311677858,0.23131571546152008,3.0012604932256505e-06,-29289.550637419678,6062.0301857406594,-15.593676049126941,7.1036823489368706
0.12134366162340773,0.089547443212427927,0.22010625727050401,1.3366351166676874e-05,-32820.78473768165,-33331.993625626543,-63.081411472376274,-64.844073717812563
-0.12134366162340773,0.089547443212427927,0.22010625727050401,1.3366351166676874e-05,-32820.78473768165,-33331.993625626543,-63.081411472376274,-64.844073717812563
0.12134366162340773,-0.089547443212427927,0.22010625727050401,1.3366351166676874e-05,-32820.78473768165,-33331.993625626543,-63.081411472376274,-64.844073717812563
-0.12134366162340773,-0.089547443212427927,0.22010625727050401,1.3366351166676874e-05,-32820.78473768165,-33331.993625626543,-63.081411472376274,-64.844073717812563
0.052301193412768787,0.0056083242788749401,0.23005596246012938,3.3882481371337659e-05,85198.800740890001,4067.9162690722064,217.89681291128355,-0.83238013334386574
-0.052301193412768787,0.0056083242788749401,0.23005596246012938,3.3882481371337659e-05,85198.800740890001,4067.9162690722064,217.89681291128355,-0.83238013334386574
0.052301193412768787,-0.0056083242788749401,0.23005596246012938,3.3882481371337659e-05,85198.800740890001,4067.9162690722064,217.89681291128355,-0.83238013334386574
-0.052301193412768787,-0.0056083242788749401,0.23005596246012938,3.3882481371337659e-05,85198.800740890001,4067.9162690722064,217.89681291128355,-0.83238013334386574
0.081764597341404691,0.091376247958139159,0.22613805905733714,3.4656333550539648e-05,-3944.5081171858565,-51181.18039898327,-12.334336264999406,-109.55842532350205
-0.081764597341404691,0.091376247958139159,0.22613805905733714,3.4656333550539648e-05,-3944.5081171858565,-51181.18039898327,-12.334336264999406,-109.55842532350205
0.081764597341404691,-0.091376247958139159,0.22613805905733714,3.4656333550539648e-05,-3944.5081171858565,-51181.18039898327,-12.334336264999406,-109.55842532350205
-0.081764597341404691,-0.091376247958139159,0.22613805905733714,3.4656333550539648e-05,-3944.5081171858565,-51181.18039898327,-12.334336264999406,-109.55842532350205
0.11844342037463673,0.042712876191465049,0.22070783235133309,2.9264977392027179e-05,12541.492855751923,-62759.503101375551,23.501037421761147,-138.10700997219297
-0.11844342037463673,0.042712876191465049,0.22070783235133309,2.9264977392027179e-05,12541.492855751923,-62759.503101375551,23.501037421761147,-138.10700997219297
0.11844342037463673,-0.042712876191465049,0.22070783235133309,2.9264977392027179e-05,12541.492855751923,-62759.503101375551,23.501037421761147,-138.10700997219297
-0.11844342037463673,-0.042712876191465049,0.22070783235133309,2.9264977392027179e-05,12541.492855751923,-62759.503101375551,23.501037421761147,-138.10700997219297
0.0064243437341283335,0.12533001791352288,0.2328385075201363,5.4106819630878208e-06,-30481.756850988724,77.641169845495241,-19.831483414723841,1.8127862279048232
-0.0064243437341283335,0.12533001791352288,0.2328385075201363,5.4106819630878208e-06,-30481.756850988724,77.641169845495241,-19.831483414723841,1.8127862279048232
0.0064243437341283335,-0.12533001791352288,0.2328385075201363,5.4106819630878208e-06,-30481.756850988724,77.641169845495241,-19.831483414723841,1.8127862279048232
-0.0064243437341283335,-0.12533001791352288,0.2328385075201363,5.4106819630878208e-06,-30481.756850988724,77.641169845495241,-19.831483414723841,1.8127862279048232
0.11812787323992208,0.073628400658756421,0.22074984812146853,2.6704037112506106e-05,-15844.92094562435,-52610.993626936943,-37.952211820862452,-106.54637858192704
-0.11812787323992208,0.073628400658756421,0.22074984812146853,2.6704037112506106e-05,-15844.92094562435,-52610.993626936943,-37.952211820862452,-106.54637858192704
0.11812787323992208,-0.073628400658756421,0.22074984812146853,2.6704037112506106e-05,-15844.92094562435,-52610.993626936943,-37.952211820862452,-106.54637858192704
-0.11812787323992208,-0.073628400658756421,0.22074984812146853,2.6704037112506106e-05,-15844.92094562435,-52610.993626936943,-37.952211820862452,-106.54637858192704
0.1673810289104255,0.059078768071555668,0.21271283036407676,3.1244446683174689e-05,-46975.327185705428,6695.692300030255,-89.122831358700623,5.5133119050804664
-0.1673810289104255,0.059078768071555668,0.21271283036407676,3.1244446683174689e-05,-46975.327185705428,6695.692300030255,-89.122831358700623,5.5133119050804664
0.1673810289104255,-0.059078768071555668,0.21271283036407676,3.1244446683174689e-05,-46975.327185705428,6695.692300030255,-89.122831358700623,5.5133119050804664
-0.1673810289104255,-0.059078768071555668,0.21271283036407676,3.1244446683174689e-05,-46975.327185705428,6695.692300030255,-89.122831358700623,5.5133119050804664
0.067948241587836786,0.12039375549342742,0.2281239074347205,9.335600067360296e-06,-32653.344995689054,-2098.6408265656601,-31.24842127670215,2.2080902936058062
-0.067948241587836786,0.12039375549342742,0.2281239074347205,9.335600067360296e-06,-32653.344995689054,-2098.6408265656601,-31.24842127670215,2.2080902936058062
0.067948241587836786,-0.12039375549342742,0.2281239074347205,9.335600067360296e-06,-32653.344995689054,-2098.6408265656601,-31.24842127670215,2.2080902936058062
-0.067948241587836786,-0.12039375549342742,0.2281239074347205,9.335600067360296e-06,-32653.344995689054,-2098.6408265656601,-31.24842127670215,2.2080902936058062
0.019384564228636991,0.12102532417835894,0.23246303010398722,1.0796245231803622e-05,-32190.700784696361,-11110.47606057938,-27.879851173225703,-3.1469701014952798
-0.019384564228636991,0.12102532417835894,0.23246303010398722,1.0796245231803622e-05,-32190.700784696361,-11110.47606057938,-27.879851173225703,-3.1469701014952798
0.019384564228636991,-0.12102532417835894,0.23246303010398722,1.0796245231803622e-05,-32190.700784696361,-11110.47606057938,-27.879851173225703,-3.1469701014952798
-0.019384564228636991,-0.12102532417835894,0.23246303010398722,1.0796245231803622e-05,-32190.700784696361,-11110.47606057938,-27.879851173225703,-3.1469701014952798
0.0094682289294980501,0.12082459667531097,0.2327850100746629,1.1185682213522033e-05,-31547.141245239884,-12098.203252102408,-29.196192723318664,-6.2050703983092266
-0.0094682289294980501,0.12082459667531097,0.2327850100746629,1.1185682213522033e-05,-31547.141245239884,-12098.203252102408,-29.196192723318664,-6.2050703983092266
0.0094682289294980501,-0.12082459667531097,0.2327850100746629,1.1185682213522033e-05,-31547.141245239884,-12098.203252102408,-29.196192723318664,-6.2050703983092266
-0.0094682289294980501,-0.12082459667531097,0.2327850100746629,1.1185682213522033e-05,-31547.141245239884,-12098.203252102408,-29.196192723318664,-6.2050703983092266
0.014805085166427447,0.12016391453042403,0.2326345687613432,1.2525584868063227e-05,-31663.209526037364,-13649.680969185476,-29.976688799039273,-8.2753369277159017
-0.014805085166427447,0.12016391453042403,0.2326345687613432,1.2525584868063227e-05,-31663.209526037364,-13649.680969185476,-29.976688799039273,-8.2753369277159017
0.014805085166427447,-0.12016391453042403,0.2326345687613432,1.2525584868063227e-05,-31663.209526037364,-13649.680969185476,-29.976688799039273,-8.2753369277159017
-0.014805085166427447,-0.12016391453042403,0.2326345687613432,1.2525584868063227e-05,-31663.209526037364,-13649.680969185476,-29.976688799039273,-8.2753369277159017
0.10973878016867381,0.038888387541190804,0.2219965340054024,2.6649261270155167e-05,30797.723768195654,-59503.6604503251,65.180427298721824,-129.85331857794569
-0.10973878016867381,0.038888387541190804,0.2219965340054024,2.6649261270155167e-05,30797.723768195654,-59503.6604503251,65.180427298721824,-129.85331857794569
0.10973878016867381,-0.038888387541190804,0.2219965340054024,2.6649261270155167e-05,30797.723768195654,-59503.6604503251,65.180427298721824,-129.85331857794569
-0.10973878016867381,-0.038888387541190804,0.2219965340054024,2.6649261270155167e-05,30797.723768195654,-59503.6604503251,65.180427298721824,-129.85331857794569
0.15714286267757416,0.056251619011163712,0.21479005366563797,3.1222811205691379e-05,-48144.380416128064,-14524.856686954987,-90.434730831661582,-34.84289863875911
-0.15714286267757416,0.056251619011163712,0.21479005366563797,3.1222811205691379e-05,-48144.380416128064,-14524.856686954987,-90.434730831661582,-34.84289863875911
0.15714286267757416,-0.056251619011163712,0.21479005366563797,3.1222811205691379e-05,-48144.380416128064,-14524.856686954987,-90.434730831661582,-34.84289863875911
-0.15714286267757416,-0.056251619011163712,0.21479005366563797,3.1222811205691379e-05,-48144.380416128064,-14524.856686954987,-90.434730831661582,-34.84289863875911
0.038342210793584797,0.11727155468113828,0.23135147068949941,1.256125311943567e-05,-32105.069241748464,-19218.870303749609,-36.736854105380537,-17.7142921663945
-0.038342210793584797,0.11727155468113828,0.23135147068949941,1.256125311943567e-05,-32105.069241748464,-19218.870303749609,-36.736854105380537,-17.7142921663945
0.038342210793584797,-0.11727155468113828,0.23135147068949941,1.256125311943567e-05,-32105.069241748464,-19218.870303749609,-36.736854105380537,-17.7142921663945
-0.038342210793584797,-0.11727155468113828,0.23135147068949941,1.256125311943567e-05,-32105.069241748464,-19218.870303749609,-36.736854105380537,-17.7142921663945
0.19254163803843849,0.0022654182684847301,0.20973773423570896,6.9804887443584662e-06,-15500.892311182302,30802.175273627647,-16.842806852144054,43.475947451891891
-0.19254163803843849,0.0022654182684847301,0.20973773423570896,6.9804887443584662e-06,-15500.892311182302,30802.175273627647,-16.842806852144054,43.475947451891891
0.19254163803843849,-0.0022654182684847301,0.20973773423570896,6.9804887443584662e-06,-15500.892311182302,30802.175273627647,-16.842806852144054,43.475947451891891
-0.19254163803843849,-0.0022654182684847301,0.20973773423570896,6.9804887443584662e-06,-15500.892311182302,30802.175273627647,-16.842806852144054,43.475947451891891
0.10789861950921968,0.092866673376035422,0.22223516516365557,3.6776579102867508e-05,-25860.266973872167,-38311.291067827013,-52.820082204718844,-81.054153734080998
-0.10789861950921968,0.092866673376035422,0.22223516516365557,3.6776579102867508e-05,-25860.266973872167,-38311.291067827013,-52.820082204718844,-81.054153734080998
0.10789861950921968,-0.092866673376035422,0.22223516516365557,3.6776579102867508e-05,-25860.266973872167,-38311.291067827013,-52.820082204718844,-81.054153734080998
-0.10789861950921968,-0.092866673376035422,0.22223516516365557,3.6776579102867508e-05,-25860.266973872167,-38311.291067827013,-52.820082204718844,-81.054153734080998
0.066425061870754615,0.12381332888775705,0.22834634685111277,8.7978874297528388e-06,-29948.203067103022,5576.9125286633798,-23.612266037638644,7.0532782471349984
-0.066425061870754615,0.12381332888775705,0.22834634685111277,8.7978874297528388e-06,-29948.203067103022,5576.9125286633798,-23.612266037638644,7.0532782471349984
0.066425061870754615,-0.12381332888775705,0.22834634685111277,8.7978874297528388e-06,-29948.203067103022,5576.9125286633798,-23.612266037638644,7.0532782471349984
-0.066425061870754615,-0.12381332888775705,0.22834634685111277,8.7978874297528388e-06,-29948.203067103022,5576.9125286633798,-23.612266037638644,7.0532782471349984
0.075185128570502274,0.12638900648119186,0.22707716634320602,4.3358113180471491e-06,-24938.725591273222,13324.167291507478,-15.030542458308881,12.282072208412881
-0.075185128570502274,0.12638900648119186,0.22707716634320602,4.3358113180471491e-06,-24938.725591273222,13324.167291507478,-15.030542458308881,12.282072208412881
0.075185128570502274,-0.12638900648119186,0.22707716634320602,4.3358113180471491e-06,-24938.725591273222,13324.167291507478,-15.030542458308881,12.282072208412881
-0.075185128570502274,-0.12638900648119186,0.22707716634320602,4.3358113180471491e-06,-24938.725591273222,13324.167291507478,-15.030542458308881,12.282072208412881
0.029056723196043667,0.12633869183416246,0.23202178582891125,4.8342455356457804e-06,-30089.884448633817,3694.1984470200568,-16.458130692080278,6.1681777041842372
-0.029056723196043667,0.12633869183416246,0.23202178582891125,4.8342455356457804e-06,-30089.884448633817,3694.1984470200568,-16.458130692080278,6.1681777041842372
0.029056723196043667,-0.12633869183416246,0.23202178582891125,4.8342455356457804e-06,-30089.884448633817,3694.1984470200568,-16.458130692080278,6.1681777041842372
-0.029056723196043667,-0.12633869183416246,0.23202178582891125,4.8342455356457804e-06,-30089.884448633817,3694.1984470200568,-16.458130692080278,6.1681777041842372
0.012376893135682744,0.12028527959984901,0.2327126975002318,5.3249928023375653e-06,-31431.532569055511,-13430.992773609116,-29.883521384345311,-11.209411241852264
-0.012376893135682744,0.12028527959984901,0.2327126975002318,5.3249928023375653e-06,-31431.532569055511,-13430.992773609116,-29.883521384345311,-11.209411241852264
0.012376893135682744,-0.12028527959984901,0.2327126975002318,5.3249928023375653e-06,-31431.532569055511,-13430.992773609116,-29.883521384345311,-11.209411241852264
-0.012376893135682744,-0.12028527959984901,0.2327126975002318,5.3249928023375653e-06,-31431.532569055511,-13430.992773609116,-29.883521384345311,-11.209411241852264
0.0029526260119787681,0.12232569489795865,0.23284944127481855,7.3227389858001027e-06,-31542.088543873891,-8000.8041958230142,-29.027566008878413,-4.4882787268710924
-0.0029526260119787681,0.12232569489795865,0.23284944127481855,7.3227389858001027e-06,-31542.088543873891,-8000.8041958230142,-29.027566008878413,-4.4882787268710924
0.0029526260119787681,-0.12232569489795865,0.23284944127481855,7.3227389858001027e-06,-31542.088543873891,-8000.8041958230142,-29.027566008878413,-4.4882787268710924
-0.0029526260119787681,-0.12232569489795865,0.23284944127481855,7.3227389858001027e-06,-31542.088543873891,-8000.8041958230142,-29.027566008878413,-4.4882787268710924
0.14787417100423975,0.026570049419730686,0.21635066465374572,2.6120983280173359e-05,-31368.444931353504,-46344.702210382537,-67.991329136661747,-96.325264351903115
-0.14787417100423975,0.026570049419730686,0.21635066465374572,2.6120983280173359e-05,-31368.444931353504,-46344.702210382537,-67.991329136661747,-96.325264351903115
0.14787417100423975,-0.026570049419730686,0.21635066465374572,2.6120983280173359e-05,-31368.444931353504,-46344.702210382537,-67.991329136661747,-96.325264351903115
-0.14787417100423975,-0.026570049419730686,0.21635066465374572,2.6120983280173359e-05,-31368.444931353504,-46344.702210382537,-67.991329136661747,-96.325264351903115
0.1004281919511017,0.036748353057125226,0.22337494484748685,3.0036537957581396e-05,45884.878896542526,-53354.606324538989,98.704540029246488,-126.7302527623596
-0.1004281919511017,0.036748353057125226,0.22337494484748685,3.0036537957581396e-05,45884.878896542526,-53354.606324538989,98.704540029246488,-126.7302527623596
0.1004281919511017,-0.036748353057125226,0.22337494484748685,3.0036537957581396e-05,45884.878896542526,-53354.606324538989,98.704540029246488,-126.7302527623596
-0.1004281919511017,-0.036748353057125226,0.22337494484748685,3.0036537957581396e-05,45884.878896542526,-53354.606324538989,98.704540029246488,-126.7302527623596
0.13905744427268318,0,0.21765596040060436,1.2477162824591245e-05,-6775.1932946495963,-60910.321650025093,-19.815635561767479,-120.36298988542724
-0.13905744427268318,0,0.21765596040060436,1.2477162824591245e-05,-6775.1932946495963,-60910.321650025093,-19.815635561767479,-120.36298988542724
0.13905744427268318,-0,0.21765596040060436,1.2477162824591245e-05,-6775.1932946495963,-60910.321650025093,-19.815635561767479,-120.36298988542724
-0.13905744427268318,-0,0.21765596040060436,1.2477162824591245e-05,-6775.1932946495963,-60910.321650025093,-19.815635561767479,-120.36298988542724
0.0030306492215157223,0.12937598170046691,0.23280298038405747,6.736745254919736e-07,-26264.951763508332,9797.0691586521716,-20.03520541122246,14.060863637063902
-0.0030306492215157223,0.12937598170046691,0.23280298038405747,6.736745254919736e-07,-26264.951763508332,9797.0691586521716,-20.03520541122246,14.060863637063902
0.0030306492215157223,-0.12937598170046691,0.23280298038405747,6.736745254919736e-07,-26264.951763508332,9797.0691586521716,-20.03520541122246,14.060863637063902
-0.0030306492215157223,-0.12937598170046691,0.23280298038405747,6.736745254919736e-07,-26264.951763508332,9797.0691586521716,-20.03520541122246,14.060863637063902
0.15730790793895721,0.12999999523162842,0.20681585371494293,1.5691034765089783e-05,9894.7406882618016,17161.004669826179,18.73615933450909,23.379661727452145
-0.15730790793895721,0.12999999523162842,0.20681585371494293,1.5691034765089783e-05,9894.7406882618016,17161.004669826179,18.73615933450909,23.379661727452145
0.15730790793895721,-0.12999999523162842,0.20681585371494293,1.5691034765089783e-05,9894.7406882618016,17161.004669826179,18.73615933450909,23.379661727452145
-0.15730790793895721,-0.12999999523162842,0.20681585371494293,1.5691034765089783e-05,9894.7406882618016,17161.004669826179,18.73615933450909,23.379661727452145
0.013962473826552737,0.12917186250008444,0.2327060234766653,1.9130911949190909e-06,-26615.836234796541,9511.3246300114588,-16.701673100048925,11.676060562825855
-0.013962473826552737,0.12917186250008444,0.2327060234766653,1.9130911949190909e-06,-26615.836234796541,9511.3246300114588,-16.701673100048925,11.676060562825855
0.013962473826552737,-0.12917186250008444,0.2327060234766653,1.9130911949190909e-06,-26615.836234796541,9511.3246300114588,-16.701673100048925,11.676060562825855
-0.013962473826552737,-0.12917186250008444,0.2327060234766653,1.9130911949190909e-06,-26615.836234796541,9511.3246300114588,-16.701673100048925,11.676060562825855
0.072455622080593099,0.12359706658500047,0.22750881931046832,8.0703201419452555e-06,-29338.280066180272,6926.1998715026539,-24.26154965771671,7.4358647774514752
-0.072455622080593099,0.12359706658500047,0.22750881931046832,8.0703201419452555e-06,-29338.280066180272,6926.1998715026539,-24.26154965771671,7.4358647774514752
0.072455622080593099,-0.12359706658500047,0.22750881931046832,8.0703201419452555e-06,-29338.280066180272,6926.1998715026539,-24.26154965771671,7.4358647774514752
-0.072455622080593099,-0.12359706658500047,0.22750881931046832,8.0703201419452555e-06,-29338.280066180272,6926.1998715026539,-24.26154965771671,7.4358647774514752
0.076247933317112659,0.083805466336929382,0.22695478162712349,3.0222266844798038e-05,14063.547184589019,-56499.755516362151,24.617137117340885,-124.83051865948006
-0.076247933317112659,0.083805466336929382,0.22695478162712349,3.0222266844798038e-05,14063.547184589019,-56499.755516362151,24.617137117340885,-124.83051865948006
0.076247933317112659,-0.083805466336929382,0.22695478162712349,3.0222266844798038e-05,14063.547184589019,-56499.755516362151,24.617137117340885,-124.83051865948006
-0.076247933317112659,-0.083805466336929382,0.22695478162712349,3.0222266844798038e-05,14063.547184589019,-56499.755516362151,24.617137117340885,-124.83051865948006
0.0070169548422164153,0.1203742103062751,0.23282578769795026,6.4391091825282931e-06,-31256.275746602874,-13374.547024850408,-29.67744615501282,-10.919806470116198
-0.0070169548422164153,0.1203742103062751,0.23282578769795026,6.4391091825282931e-06,-31256.275746602874,-13374.547024850408,-29.67744615501282,-10.919806470116198
0.0070169548422164153,-0.1203742103062751,0.23282578769795026,6.4391091825282931e-06,-31256.275746602874,-13374.547024850408,-29.67744615501282,-10.919806470116198
-0.0070169548422164153,-0.1203742103062751,0.23282578769795026,6.4391091825282931e-06,-31256.275746602874,-13374.547024850408,-29.67744615501282,-10.919806470116198
0.0084025501479349559,0.12376113565677312,0.23280373985693961,6.0750666951788752e-06,-31359.34405575191,-4036.1637387257674,-22.323759406664934,0.57595487476041485
-0.0084025501479349559,0.12376113565677312,0.23280373985693961,6.0750666951788752e-06,-31359.34405575191,-4036.1637387257674,-22.323759406664934,0.57595487476041485
0.0084025501479349559,-0.12376113565677312,0.23280373985693961,6.0750666951788752e-06,-31359.34405575191,-4036.1637387257674,-22.323759406664934,0.57595487476041485
-0.0084025501479349559,-0.12376113565677312,0.23280373985693961,6.0750666951788752e-06,-31359.34405575191,-4036.1637387257674,-22.323759406664934,0.57595487476041485
0.0085334328663801799,0.12908877405105049,0.23280144020697915,2.3424337432370993e-06,-26709.504641018942,9191.9126985600524,-16.929859418574253,11.520868785272048
-0.0085334328663801799,0.12908877405105049,0.23280144020697915,2.3424337432370993e-06,-26709.504641018942,9191.9126985600524,-16.929859418574253,11.520868785272048
0.0085334328663801799,-0.12908877405105049,0.23280144020697915,2.3424337432370993e-06,-26709.504641018942,9191.9126985600524,-16.929859418574253,11.520868785272048
-0.0085334328663801799,-0.12908877405105049,0.23280144020697915,2.3424337432370993e-06,-26709.504641018942,9191.9126985600524,-16.929859418574253,11.520868785272048
0.090774956215481539,0.035308606527651089,0.22480408385441475,3.1232790739970188e-05,58260.41937206118,-44556.688332363054,130.17041123444557,-114.42317154408688
-0.090774956215481539,0.035308606527651089,0.22480408385441475,3.1232790739970188e-05,58260.41937206118,-44556.688332363054,130.17041123444557,-114.42317154408688
0.090774956215481539,-0.035308606527651089,0.22480408385441475,3.1232790739970188e-05,58260.41937206118,-44556.688332363054,130.17041123444557,-114.42317154408688
-0.090774956215481539,-0.035308606527651089,0.22480408385441475,3.1232790739970188e-05,58260.41937206118,-44556.688332363054,130.17041123444557,-114.42317154408688
0.13723596597358287,0.087869787216917294,0.21722057585523083,2.6504796743503566e-05,-40542.903385551428,-18534.209263948538,-82.084528948245193,-36.746682659624582
-0.13723596597358287,0.087869787216917294,0.21722057585523083,2.6504796743503566e-05,-40542.903385551428,-18534.209263948538,-82.084528948245193,-36.746682659624582
0.13723596597358287,-0.087869787216917294,0.21722057585523083,2.6504796743503566e-05,-40542.903385551428,-18534.209263948538,-82.084528948245193,-36.746682659624582
-0.13723596597358287,-0.087869787216917294,0.21722057585523083,2.6504796743503566e-05,-40542.903385551428,-18534.209263948538,-82.084528948245193,-36.746682659624582
0.036866423106604852,0.12920107174805515,0.23151434896354181,9.0890054077179148e-07,-26104.690994388584,10965.902484705446,-18.292182208082256,14.114041081868866
-0.036866423106604852,0.12920107174805515,0.23151434896354181,9.0890054077179148e-07,-26104.690994388584,10965.902484705446,-18.292182208082256,14.114041081868866
0.036866423106604852,-0.12920107174805515,0.23151434896354181,9.0890054077179148e-07,-26104.690994388584,10965.902484705446,-18.292182208082256,14.114041081868866
-0.036866423106604852,-0.12920107174805515,0.23151434896354181,9.0890054077179148e-07,-26104.690994388584,10965.902484705446,-18.292182208082256,14.114041081868866
0.031552604885494849,0.12092063251619518,0.23185951745140712,1.1316738640620456e-05,-32831.770999683453,-10351.880745258479,-29.463066451662819,-5.5712439774960156
-0.031552604885494849,0.12092063251619518,0.23185951745140712,1.1316738640620456e-05,-32831.770999683453,-10351.880745258479,-29.463066451662819,-5.5712439774960156
0.031552604885494849,-0.12092063251619518,0.23185951745140712,1.1316738640620456e-05,-32831.770999683453,-10351.880745258479,-29.463066451662819,-5.5712439774960156
-0.031552604885494849,-0.12092063251619518,0.23185951745140712,1.1316738640620456e-05,-32831.770999683453,-10351.880745258479,-29.463066451662819,-5.5712439774960156
0.19529347455430809,0.076769899116746448,0.20368546680821589,2.9296093337920538e-05,1905.9549462367393,29010.078646331491,11.17305721599374,48.426766989573572
-0.19529347455430809,0.076769899116746448,0.20368546680821589,2.9296093337920538e-05,1905.9549462367393,29010.078646331491,11.17305721599374,48.426766989573572
0.19529347455430809,-0.076769899116746448,0.20368546680821589,2.9296093337920538e-05,1905.9549462367393,29010.078646331491,11.17305721599374,48.426766989573572
-0.19529347455430809,-0.076769899116746448,0.20368546680821589,2.9296093337920538e-05,1905.9549462367393,29010.078646331491,11.17305721599374,48.426766989573572
0.045094382960372326,0.12284664034775682,0.23079384689086613,5.4136851125822629e-06,-32576.349572464853,-2722.7024126904184,-25.866486843290826,0.97875962586712328
-0.045094382960372326,0.12284664034775682,0.23079384689086613,5.4136851125822629e-06,-32576.349572464853,-2722.7024126904184,-25.866486843290826,0.97875962586712328
0.045094382960372326,-0.12284664034775682,0.23079384689086613,5.4136851125822629e-06,-32576.349572464853,-2722.7024126904184,-25.866486843290826,0.97875962586712328
-0.045094382960372326,-0.12284664034775682,0.23079384689086613,5.4136851125822629e-06,-32576.349572464853,-2722.7024126904184,-25.866486843290826,0.97875962586712328
0.14809010694600064,0.037260698915341145,0.21631869584185506,2.2742749251346421e-05,-35612.236662895652,-41664.334591643317,-69.272288226100258,-87.109818246755495
-0.14809010694600064,0.037260698915341145,0.21631869584185506,2.2742749251346421e-05,-35612.236662895652,-41664.334591643317,-69.272288226100258,-87.109818246755495
0.14809010694600064,-0.037260698915341145,0.21631869584185506,2.2742749251346421e-05,-35612.236662895652,-41664.334591643317,-69.272288226100258,-87.109818246755495
-0.14809010694600064,-0.037260698915341145,0.21631869584185506,2.2742749251346421e-05,-35612.236662895652,-41664.334591643317,-69.272288226100258,-87.109818246755495
0.056622385941348316,0.064497203595075908,0.22958513649389123,1.2705696669844978e-05,57699.654203273902,-44722.287518550846,119.43331871424742,-87.833741786601877
-0.056622385941348316,0.064497203595075908,0.22958513649389123,1.2705696669844978e-05,57699.654203273902,-44722.287518550846,119.43331871424742,-87.833741786601877
0.056622385941348316,-0.064497203595075908,0.22958513649389123,1.2705696669844978e-05,57699.654203273902,-44722.287518550846,119.43331871424742,-87.833741786601877
-0.056622385941348316,-0.064497203595075908,0.22958513649389123,1.2705696669844978e-05,57699.654203273902,-44722.287518550846,119.43331871424742,-87.833741786601877
0.077310474599048717,0.12762651717598938,0.22673461941332157,7.4519621605846026e-06,-22296.809846922355,15940.844663116668,-12.837561749588408,13.591936741568107
-0.077310474599048717,0.12762651717598938,0.22673461941332157,7.4519621605846026e-06,-22296.809846922355,15940.844663116668,-12.837561749588408,13.591936741568107
0.077310474599048717,-0.12762651717598938,0.22673461941332157,7.4519621605846026e-06,-22296.809846922355,15940.844663116668,-12.837561749588408,13.591936741568107
-0.077310474599048717,-0.12762651717598938,0.22673461941332157,7.4519621605846026e-06,-22296.809846922355,15940.844663116668,-12.837561749588408,13.591936741568107
0.077884831616973418,0.12292266728463454,0.226677093358857,6.399541381098025e-06,-29310.646213576634,7240.2907804312181,-24.459081717789349,8.9979613365820033
-0.077884831616973418,0.12292266728463454,0.226677093358857,6.399541381098025e-06,-29310.646213576634,7240.2907804312181,-24.459081717789349,8.9979613365820033
0.077884831616973418,-0.12292266728463454,0.226677093358857,6.399541381098025e-06,-29310.646213576634,7240.2907804312181,-24.459081717789349,8.9979613365820033
-0.077884831616973418,-0.12292266728463454,0.226677093358857,6.399541381098025e-06,-29310.646213576634,7240.2907804312181,-24.459081717789349,8.9979613365820033
0.07693973591260235,0.12510697703829318,0.22681373456939499,4.2551129972220401e-06,-26544.119634910301,11383.057435621806,-18.272787394009139,10.309782485326348
-0.07693973591260235,0.12510697703829318,0.22681373456939499,4.2551129972220401e-06,-26544.119634910301,11383.057435621806,-18.272787394009139,10.309782485326348
0.07693973591260235,-0.12510697703829318,0.22681373456939499,4.2551129972220401e-06,-26544.119634910301,11383.057435621806,-18.272787394009139,10.309782485326348
-0.07693973591260235,-0.12510697703829318,0.22681373456939499,4.2551129972220401e-06,-26544.119634910301,11383.057435621806,-18.272787394009139,10.309782485326348
0.031292979810872625,0.12398995453037052,0.23188115373528931,7.6203957598755546e-06,-31990.98695453765,-2002.6489685135366,-21.698443856490364,2.7610990120349785
-0.031292979810872625,0.12398995453037052,0.23188115373528931,7.6203957598755546e-06,-31990.98695453765,-2002.6489685135366,-21.698443856490364,2.7610990120349785
0.031292979810872625,-0.12398995453037052,0.23188115373528931,7.6203957598755546e-06,-31990.98695453765,-2002.6489685135366,-21.698443856490364,2.7610990120349785
-0.031292979810872625,-0.12398995453037052,0.23188115373528931,7.6203957598755546e-06,-31990.98695453765,-2002.6489685135366,-21.698443856490364,2.7610990120349785
0.081139429291716372,0.031465123400177153,0.22623060827102864,3.1172119586251369e-05,68659.262681459324,-32684.669543543747,155.24691016595673,-81.041075302309295
-0.081139429291716372,0.031465123400177153,0.22623060827102864,3.1172119586251369e-05,68659.262681459324,-32684.669543543747,155.24691016595673,-81.041075302309295
0.081139429291716372,-0.031465123400177153,0.22623060827102864,3.1172119586251369e-05,68659.262681459324,-32684.669543543747,155.24691016595673,-81.041075302309295
-0.081139429291716372,-0.031465123400177153,0.22623060827102864,3.1172119586251369e-05,68659.262681459324,-32684.669543543747,155.24691016595673,-81.041075302309295
0.089248501674517505,0.12200828815385237,0.22487990266476271,1.2651217897373545e-05,-28501.177651940474,8760.2554754520697,-29.811983970984887,6.9298893290521697
-0.089248501674517505,0.12200828815385237,0.22487990266476271,1.2651217897373545e-05,-28501.177651940474,8760.2554754520697,-29.811983970984887,6.9298893290521697
0.089248501674517505,-0.12200828815385237,0.22487990266476271,1.2651217897373545e-05,-28501.177651940474,8760.2554754520697,-29.811983970984887,6.9298893290521697
-0.089248501674517505,-0.12200828815385237,0.22487990266476271,1.2651217897373545e-05,-28501.177651940474,8760.2554754520697,-29.811983970984887,6.9298893290521697
0.18653796328028088,0.076058105547481172,0.20635982266108693,3.2883077701823745e-05,-14694.772033544261,31992.076528956935,-23.989754211412194,54.637219033841319
-0.18653796328028088,0.076058105547481172,0.20635982266108693,3.2883077701823745e-05,-14694.772033544261,31992.076528956935,-23.989754211412194,54.637219033841319
0.18653796328028088,-0.076058105547481172,0.20635982266108693,3.2883077701823745e-05,-14694.772033544261,31992.076528956935,-23.989754211412194,54.637219033841319
-0.18653796328028088,-0.076058105547481172,0.20635982266108693,3.2883077701823745e-05,-14694.772033544261,31992.076528956935,-23.989754211412194,54.637219033841319
0.0016308727822525698,0.12715433498787346,0.23291689925897338,2.1876338035060005e-06,-28902.161179733364,4684.761280948358,-15.807684602557421,4.0857299208792455
-0.0016308727822525698,0.12715433498787346,0.23291689925897338,2.1876338035060005e-06,-28902.161179733364,4684.761280948358,-15.807684602557421,4.0857299208792455
0.0016308727822525698,-0.12715433498787346,0.23291689925897338,2.1876338035060005e-06,-28902.161179733364,4684.761280948358,-15.807684602557421,4.0857299208792455
-0.0016308727822525698,-0.12715433498787346,0.23291689925897338,2.1876338035060005e-06,-28902.161179733364,4684.761280948358,-15.807684602557421,4.0857299208792455
0.042009761018064126,0.12933693709447089,0.23095601615695191,9.441894200416422e-07,-25446.880652286698,11893.165181878017,-18.173450752059967,14.329761114496991
-0.042009761018064126,0.12933693709447089,0.23095601615695191,9.441894200416422e-07,-25446.880652286698,11893.165181878017,-18.173450752059967,14.329761114496991
0.042009761018064126,-0.12933693709447089,0.23095601615695191,9.441894200416422e-07,-25446.880652286698,11893.165181878017,-18.173450752059967,14.329761114496991
-0.042009761018064126,-0.12933693709447089,0.23095601615695191,9.441894200416422e-07,-25446.880652286698,11893.165181878017,-18.173450752059967,14.329761114496991
0.081440428684653593,0.12646874130819574,0.22609560324877181,8.411115572313065e-06,-23444.673671575423,15009.07707334726,-14.191338879784178,13.511286861395924
-0.081440428684653593,0.12646874130819574,0.22609560324877181,8.411115572313065e-06,-23444.673671575423,15009.07707334726,-14.191338879784178,13.511286861395924
0.081440428684653593,-0.12646874130819574,0.22609560324877181,8.411115572313065e-06,-23444.673671575423,15009.07707334726,-14.191338879784178,13.511286861395924
-0.081440428684653593,-0.12646874130819574,0.22609560324877181,8.411115572313065e-06,-23444.673671575423,15009.07707334726,-14.191338879784178,13.511286861395924
0.060696346402150561,0.12918672599912981,0.22908749286880847,1.4513349316337858e-06,-22923.923009136794,14932.407288097562,-13.747054372507556,14.554628160200123
-0.060696346402150561,0.12918672599912981,0.22908749286880847,1.4513349316337858e-06,-22923.923009136794,14932.407288097562,-13.747054372507556,14.554628160200123
0.060696346402150561,-0.12918672599912981,0.22908749286880847,1.4513349316337858e-06,-22923.923009136794,14932.407288097562,-13.747054372507556,14.554628160200123
-0.060696346402150561,-0.12918672599912981,0.22908749286880847,1.4513349316337858e-06,-22923.923009136794,14932.407288097562,-13.747054372507556,14.554628160200123
0.036038053732024317,0.1242797692059549,0.23155339616844692,6.5189042654188392e-06,-31861.485830691137,-640.2830658599346,-21.606379933970135,4.2063921747063633
-0.036038053732024317,0.1242797692059549,0.23155339616844692,6.5189042654188392e-06,-31861.485830691137,-640.2830658599346,-21.606379933970135,4.2063921747063633
0.036038053732024317,-0.1242797692059549,0.23155339616844692,6.5189042654188392e-06,-31861.485830691137,-640.2830658599346,-21.606379933970135,4.2063921747063633
-0.036038053732024317,-0.1242797692059549,0.23155339616844692,6.5189042654188392e-06,-31861.485830691137,-640.2830658599346,-21.606379933970135,4.2063921747063633
0.013987871098776829,0.12308645165687883,0.23267955646327754,4.578690425359276e-06,-31700.006461593275,-5645.3911664112902,-24.671064808964935,-2.6209798404949742
-0.013987871098776829,0.12308645165687883,0.23267955646327754,4.578690425359276e-06,-31700.006461593275,-5645.3911664112902,-24.671064808964935,-2.6209798404949742
0.013987871098776829,-0.12308645165687883,0.23267955646327754,4.578690425359276e-06,-31700.006461593275,-5645.3911664112902,-24.671064808964935,-2.6209798404949742
-0.013987871098776829,-0.12308645165687883,0.23267955646327754,4.578690425359276e-06,-31700.006461593275,-5645.3911664112902,-24.671064808964935,-2.6209798404949742
0.065598443900786715,0.12914105019298519,0.22833671999637775,1.1934930225919481e-06,-22086.778968875587,15819.835586765545,-16.40205477171498,19.994118350385023
-0.065598443900786715,0.12914105019298519,0.22833671999637775,1.1934930225919481e-06,-22086.778968875587,15819.835586765545,-16.40205477171498,19.994118350385023
0.065598443900786715,-0.12914105019298519,0.22833671999637775,1.1934930225919481e-06,-22086.778968875587,15819.835586765545,-16.40205477171498,19.994118350385023
-0.065598443900786715,-0.12914105019298519,0.22833671999637775,1.1934930225919481e-06,-22086.778968875587,15819.835586765545,-16.40205477171498,19.994118350385023
0.18549273856216547,0.070193405617619956,0.20738757657264603,2.9163998955793985e-05,-19736.578452632381,32031.20664715477,-32.267627417979512,55.033113049860297
-0.18549273856216547,0.070193405617619956,0.20738757657264603,2.9163998955793985e-05,-19736.578452632381,32031.20664715477,-32.267627417979512,55.033113049860297
0.18549273856216547,-0.070193405617619956,0.20738757657264603,2.9163998955793985e-05,-19736.578452632381,32031.20664715477,-32.267627417979512,55.033113049860297
-0.18549273856216547,-0.070193405617619956,0.20738757657264603,2.9163998955793985e-05,-19736.578452632381,32031.20664715477,-32.267627417979512,55.033113049860297
0.19286028042660189,0,0.20969055935155512,1.8167503615521994e-06,-14935.175531615729,30822.860564739567,-12.133700218364307,36.298524149427919
-0.19286028042660189,0,0.20969055935155512,1.8167503615521994e-06,-14935.175531615729,30822.860564739567,-12.133700218364307,36.298524149427919
0.19286028042660189,-0,0.20969055935155512,1.8167503615521994e-06,-14935.175531615729,30822.860564739567,-12.133700218364307,36.298524149427919
-0.19286028042660189,-0,0.20969055935155512,1.8167503615521994e-06,-14935.175531615729,30822.860564739567,-12.133700218364307,36.298524149427919
0.0015779844488985713,0.12388180037214443,0.23287719096053985,4.1860027904402559e-06,-31171.077704534691,-3808.7795626494167,-22.753120171831689,-0.91080803995873583
-0.0015779844488985713,0.12388180037214443,0.23287719096053985,4.1860027904402559e-06,-31171.077704534691,-3808.7795626494167,-22.753120171831689,-0.91080803995873583
0.0015779844488985713,-0.12388180037214443,0.23287719096053985,4.1860027904402559e-06,-31171.077704534691,-3808.7795626494167,-22.753120171831689,-0.91080803995873583
-0.0015779844488985713,-0.12388180037214443,0.23287719096053985,4.1860027904402559e-06,-31171.077704534691,-3808.7795626494167,-22.753120171831689,-0.91080803995873583
0.018433752794588257,0.12404630289214418,0.23253272324279498,4.9891423694499948e-06,-31562.933295949151,-2876.0426657868106,-22.71788727628304,0.093835747386209672
-0.018433752794588257,0.12404630289214418,0.23253272324279498,4.9891423694499948e-06,-31562.933295949151,-2876.0426657868106,-22.71788727628304,0.093835747386209672
0.018433752794588257,-0.12404630289214418,0.23253272324279498,4.9891423694499948e-06,-31562.933295949151,-2876.0426657868106,-22.71788727628304,0.093835747386209672
-0.018433752794588257,-0.12404630289214418,0.23253272324279498,4.9891423694499948e-06,-31562.933295949151,-2876.0426657868106,-22.71788727628304,0.093835747386209672
0,0.12711717356691399,0.23291643825649005,1.5537646192764622e-06,-28988.165962550498,4474.2603000701238,-13.104320723756175,4.0710492471665054
-0,0.12711717356691399,0.23291643825649005,1.5537646192764622e-06,-28988.165962550498,4474.2603000701238,-13.104320723756175,4.0710492471665054
0,-0.12711717356691399,0.23291643825649005,1.5537646192764622e-06,-28988.165962550498,4474.2603000701238,-13.104320723756175,4.0710492471665054
-0,-0.12711717356691399,0.23291643825649005,1.5537646192764622e-06,-28988.165962550498,4474.2603000701238,-13.104320723756175,4.0710492471665054
0.042619870521221619,0.037101856740645242,0.23101052986441847,3.6599518791193564e-05,82379.258367400835,-10036.223450808968,191.67354890382666,-24.853405361068152
-0.042619870521221619,0.037101856740645242,0.23101052986441847,3.6599518791193564e-05,82379.258367400835,-10036.223450808968,191.67354890382666,-24.853405361068152
0.042619870521221619,-0.037101856740645242,0.23101052986441847,3.6599518791193564e-05,82379.258367400835,-10036.223450808968,191.67354890382666,-24.853405361068152
-0.042619870521221619,-0.037101856740645242,0.23101052986441847,3.6599518791193564e-05,82379.258367400835,-10036.223450808968,191.67354890382666,-24.853405361068152
0.17571672400405844,0.071054908215691048,0.20987273300524489,3.0057333058538377e-05,-33977.938869826256,23843.616050895118,-66.715004601972979,38.159597121545069
-0.17571672400405844,0.071054908215691048,0.20987273300524489,3.0057333058538377e-05,-33977.938869826256,23843.616050895118,-66.715004601972979,38.159597121545069
0.17571672400405844,-0.071054908215691048,0.20987273300524489,3.0057333058538377e-05,-33977.938869826256,23843.616050895118,-66.715004601972979,38.159597121545069
-0.17571672400405844,-0.071054908215691048,0.20987273300524489,3.0057333058538377e-05,-33977.938869826256,23843.616050895118,-66.715004601972979,38.159597121545069
0.077367278789314473,0.12956904160962163,0.22662461080007407,1.5278991718264901e-06,-18498.438449981346,18769.888218606349,-11.937781759486715,20.71736656941475
-0.077367278789314473,0.12956904160962163,0.22662461080007407,1.5278991718264901e-06,-18498.438449981346,18769.888218606349,-11.937781759486715,20.71736656941475
0.077367278789314473,-0.12956904160962163,0.22662461080007407,1.5278991718264901e-06,-18498.438449981346,18769.888218606349,-11.937781759486715,20.71736656941475
-0.077367278789314473,-0.12956904160962163,0.22662461080007407,1.5278991718264901e-06,-18498.438449981346,18769.888218606349,-11.937781759486715,20.71736656941475
0.072752221455879368,0.078029687398459363,0.22747144998875682,3.4056524772606982e-05,26907.732501765669,-56724.937482818779,55.764990042031279,-125.77782347142053
-0.072752221455879368,0.078029687398459363,0.22747144998875682,3.4056524772606982e-05,26907.732501765669,-56724.937482818779,55.764990042031279,-125.77782347142053
0.072752221455879368,-0.078029687398459363,0.22747144998875682,3.4056524772606982e-05,26907.732501765669,-56724.937482818779,55.764990042031279,-125.77782347142053
-0.072752221455879368,-0.078029687398459363,0.22747144998875682,3.4056524772606982e-05,26907.732501765669,-56724.937482818779,55.764990042031279,-125.77782347142053
0.03795236444220515,0.12818775658889842,0.23141887337232267,1.6647723249428621e-06,-27584.695863494431,8911.9856509686997,-16.175549786174571,9.7348943895733768
-0.03795236444220515,0.12818775658889842,0.23141887337232267,1.6647723249428621e-06,-27584.695863494431,8911.9856509686997,-16.175549786174571,9.7348943895733768
0.03795236444220515,-0.12818775658889842,0.23141887337232267,1.6647723249428621e-06,-27584.695863494431,8911.9856509686997,-16.175549786174571,9.7348943895733768
-0.03795236444220515,-0.12818775658889842,0.23141887337232267,1.6647723249428621e-06,-27584.695863494431,8911.9856509686997,-16.175549786174571,9.7348943895733768
0.0097309835365412163,0.12754943402172686,0.23278039269521414,2.5911880434018106e-06,-28569.018368844692,5668.5150114027301,-17.62376493454834,5.9367629163721825
-0.0097309835365412163,0.12754943402172686,0.23278039269521414,2.5911880434018106e-06,-28569.018368844692,5668.5150114027301,-17.62376493454834,5.9367629163721825
0.0097309835365412163,-0.12754943402172686,0.23278039269521414,2.5911880434018106e-06,-28569.018368844692,5668.5150114027301,-17.62376493454834,5.9367629163721825
-0.0097309835365412163,-0.12754943402172686,0.23278039269521414,2.5911880434018106e-06,-28569.018368844692,5668.5150114027301,-17.62376493454834,5.9367629163721825
0.04380060223314039,0.12637396906357157,0.23090714033509549,3.182927344629233e-06,-29569.32899910185,5791.8827403060923,-15.380353794147998,7.5311831010859462
-0.04380060223314039,0.12637396906357157,0.23090714033509549,3.182927344629233e-06,-29569.32899910185,5791.8827403060923,-15.380353794147998,7.5311831010859462
0.04380060223314039,-0.12637396906357157,0.23090714033509549,3.182927344629233e-06,-29569.32899910185,5791.8827403060923,-15.380353794147998,7.5311831010859462
-0.04380060223314039,-0.12637396906357157,0.23090714033509549,3.182927344629233e-06,-29569.32899910185,5791.8827403060923,-15.380353794147998,7.5311831010859462
0.012831321209292486,0.12473266186015777,0.2327245651211346,2.9260576142738398e-06,-31059.75434561248,-1289.3870844766402,-19.480046021589846,4.1908400335867757
-0.012831321209292486,0.12473266186015777,0.2327245651211346,2.9260576142738398e-06,-31059.75434561248,-1289.3870844766402,-19.480046021589846,4.1908400335867757
0.012831321209292486,-0.12473266186015777,0.2327245651211346,2.9260576142738398e-06,-31059.75434561248,-1289.3870844766402,-19.480046021589846,4.1908400335867757
-0.012831321209292486,-0.12473266186015777,0.2327245651211346,2.9260576142738398e-06,-31059.75434561248,-1289.3870844766402,-19.480046021589846,4.1908400335867757
0.037559635743345601,0.040568334859996426,0.23143972748117136,2.1919300095211018e-05,82080.771481542106,-11098.05163454383,191.88404828841945,-24.137303392955225
-0.037559635743345601,0.040568334859996426,0.23143972748117136,2.1919300095211018e-05,82080.771481542106,-11098.05163454383,191.88404828841945,-24.137303392955225
0.037559635743345601,-0.040568334859996426,0.23143972748117136,2.1919300095211018e-05,82080.771481542106,-11098.05163454383,191.88404828841945,-24.137303392955225
-0.037559635743345601,-0.040568334859996426,0.23143972748117136,2.1919300095211018e-05,82080.771481542106,-11098.05163454383,191.88404828841945,-24.137303392955225
0.062014558848427735,0.12827077946893267,0.22892490726875703,2.048029208006829e-06,-24330.173904518433,13579.232065256359,-12.434939096737192,11.837360376092333
-0.062014558848427735,0.12827077946893267,0.22892490726875703,2.048029208006829e-06,-24330.173904518433,13579.232065256359,-12.434939096737192,11.837360376092333
0.062014558848427735,-0.12827077946893267,0.22892490726875703,2.048029208006829e-06,-24330.173904518433,13579.232065256359,-12.434939096737192,11.837360376092333
-0.062014558848427735,-0.12827077946893267,0.22892490726875703,2.048029208006829e-06,-24330.173904518433,13579.232065256359,-12.434939096737192,11.837360376092333
0.043082394267008675,0.12779702432030743,0.23096899669887166,1.9322060280524434e-06,-27749.132669576535,8845.9362194484402,-14.101841283170208,8.836661421198194
-0.043082394267008675,0.12779702432030743,0.23096899669887166,1.9322060280524434e-06,-27749.132669576535,8845.9362194484402,-14.101841283170208,8.836661421198194
0.043082394267008675,-0.12779702432030743,0.23096899669887166,1.9322060280524434e-06,-27749.132669576535,8845.9362194484402,-14.101841283170208,8.836661421198194
-0.043082394267008675,-0.12779702432030743,0.23096899669887166,1.9322060280524434e-06,-27749.132669576535,8845.9362194484402,-14.101841283170208,8.836661421198194
0.04046488830032851,0.12788098401513848,0.2311992403656776,2.1634225413740661e-06,-27789.215900291256,8635.6507841813109,-14.48809171775043,6.7822904068998451
-0.04046488830032851,0.12788098401513848,0.2311992403656776,2.1634225413740661e-06,-27789.215900291256,8635.6507841813109,-14.48809171775043,6.7822904068998451
0.04046488830032851,-0.12788098401513848,0.2311992403656776,2.1634225413740661e-06,-27789.215900291256,8635.6507841813109,-14.48809171775043,6.7822904068998451
-0.04046488830032851,-0.12788098401513848,0.2311992403656776,2.1634225413740661e-06,-27789.215900291256,8635.6507841813109,-14.48809171775043,6.7822904068998451
0.071955010676980194,0.030810581222930608,0.22758364131126121,2.8515330067578863e-05,74536.089028888251,-24818.26529322721,175.71672952065859,-63.73912801986372
-0.071955010676980194,0.030810581222930608,0.22758364131126121,2.8515330067578863e-05,74536.089028888251,-24818.26529322721,175.71672952065859,-63.73912801986372
0.071955010676980194,-0.030810581222930608,0.22758364131126121,2.8515330067578863e-05,74536.089028888251,-24818.26529322721,175.71672952065859,-63.73912801986372
-0.071955010676980194,-0.030810581222930608,0.22758364131126121,2.8515330067578863e-05,74536.089028888251,-24818.26529322721,175.71672952065859,-63.73912801986372
0.14662918121769233,0.047553186466394129,0.21652295460702453,2.6728802592693683e-05,-38070.297254138197,-39013.2562535057,-77.616302292009848,-79.398644571476311
-0.14662918121769233,0.047553186466394129,0.21652295460702453,2.6728802592693683e-05,-38070.297254138197,-39013.2562535057,-77.616302292009848,-79.398644571476311
0.14662918121769233,-0.047553186466394129,0.21652295460702453,2.6728802592693683e-05,-38070.297254138197,-39013.2562535057,-77.616302292009848,-79.398644571476311
-0.14662918121769233,-0.047553186466394129,0.21652295460702453,2.6728802592693683e-05,-38070.297254138197,-39013.2562535057,-77.616302292009848,-79.398644571476311
0.1666666716337204,0.068044416606426239,0.21228785067796707,2.1050101505336468e-05,-44562.231637439771,9956.9913168786079,-86.929333513121705,17.834365549848034
-0.1666666716337204,0.068044416606426239,0.21228785067796707,2.1050101505336468e-05,-44562.231637439771,9956.9913168786079,-86.929333513121705,17.834365549848034
0.1666666716337204,-0.068044416606426239,0.21228785067796707,2.1050101505336468e-05,-44562.231637439771,9956.9913168786079,-86.929333513121705,17.834365549848034
-0.1666666716337204,-0.068044416606426239,0.21228785067796707,2.1050101505336468e-05,-44562.231637439771,9956.9913168786079,-86.929333513121705,17.834365549848034
0.042847871463871617,0.016548692485981068,0.23099056618696756,2.6519884045097284e-05,85635.637444462322,6351.8945415329172,202.50692891436501,8.4752292858944394
-0.042847871463871617,0.016548692485981068,0.23099056618696756,2.6519884045097284e-05,85635.637444462322,6351.8945415329172,202.50692891436501,8.4752292858944394
0.042847871463871617,-0.016548692485981068,0.23099056618696756,2.6519884045097284e-05,85635.637444462322,6351.8945415329172,202.50692891436501,8.4752292858944394
-0.042847871463871617,-0.016548692485981068,0.23099056618696756,2.6519884045097284e-05,85635.637444462322,6351.8945415329172,202.50692891436501,8.4752292858944394
0.073460030913275673,0.061582937035296118,0.22736753177558502,2.0891417166307714e-05,50351.78238516015,-49851.580229489489,114.54436652058318,-112.06446517897285
-0.073460030913275673,0.061582937035296118,0.22736753177558502,2.0891417166307714e-05,50351.78238516015,-49851.580229489489,114.54436652058318,-112.06446517897285
0.073460030913275673,-0.061582937035296118,0.22736753177558502,2.0891417166307714e-05,50351.78238516015,-49851.580229489489,114.54436652058318,-112.06446517897285
-0.073460030913275673,-0.061582937035296118,0.22736753177558502,2.0891417166307714e-05,50351.78238516015,-49851.580229489489,114.54436652058318,-112.06446517897285
0.10420357144793845,0.086986934327794044,0.22281600922958664,2.993417006309709e-05,-16060.908495319918,-47767.245626860691,-38.332036525565854,-100.94622106743942
-0.10420357144793845,0.086986934327794044,0.22281600922958664,2.993417006309709e-05,-16060.908495319918,-47767.245626860691,-38.332036525565854,-100.94622106743942
0.10420357144793845,-0.086986934327794044,0.22281600922958664,2.993417006309709e-05,-16060.908495319918,-47767.245626860691,-38.332036525565854,-100.94622106743942
-0.10420357144793845,-0.086986934327794044,0.22281600922958664,2.993417006309709e-05,-16060.908495319918,-47767.245626860691,-38.332036525565854,-100.94622106743942
0.13844534150248988,0.057785809534636259,0.21773890249627881,2.6661445846116402e-05,-31834.401535058769,-44761.254326762748,-64.569609056705801,-91.798884643241621
-0.13844534150248988,0.057785809534636259,0.21773890249627881,2.6661445846116402e-05,-31834.401535058769,-44761.254326762748,-64.569609056705801,-91.798884643241621
0.13844534150248988,-0.057785809534636259,0.21773890249627881,2.6661445846116402e-05,-31834.401535058769,-44761.254326762748,-64.569609056705801,-91.798884643241621
-0.13844534150248988,-0.057785809534636259,0.21773890249627881,2.6661445846116402e-05,-31834.401535058769,-44761.254326762748,-64.569609056705801,-91.798884643241621
0.016125183462735639,0.12307870327142745,0.23260180870768099,6.6180805761270609e-06,-31844.843165244925,-5561.6991634013239,-24.873089526166421,-1.4126680688030138
-0.016125183462735639,0.12307870327142745,0.23260180870768099,6.6180805761270609e-06,-31844.843165244925,-5561.6991634013239,-24.873089526166421,-1.4126680688030138
0.016125183462735639,-0.12307870327142745,0.23260180870768099,6.6180805761270609e-06,-31844.843165244925,-5561.6991634013239,-24.873089526166421,-1.4126680688030138
-0.016125183462735639,-0.12307870327142745,0.23260180870768099,6.6180805761270609e-06,-31844.843165244925,-5561.6991634013239,-24.873089526166421,-1.4126680688030138
0.052390696222117582,0.016543421510942041,0.23004608347474684,2.5123751403761132e-05,84691.377138163472,-86.820198491923534,207.1702998785984,-12.506803920329352
-0.052390696222117582,0.016543421510942041,0.23004608347474684,2.5123751403761132e-05,84691.377138163472,-86.820198491923534,207.1702998785984,-12.506803920329352
0.052390696222117582,-0.016543421510942041,0.23004608347474684,2.5123751403761132e-05,84691.377138163472,-86.820198491923534,207.1702998785984,-12.506803920329352
-0.052390696222117582,-0.016543421510942041,0.23004608347474684,2.5123751403761132e-05,84691.377138163472,-86.820198491923534,207.1702998785984,-12.506803920329352
8.6736173798840355e-19,0.12493390594370599,0.23288994713029879,1.8110291153049352e-06,-30703.896009685144,-1113.4905576366559,-16.495013476220695,1.9590850515061868
-8.6736173798840355e-19,0.12493390594370599,0.23288994713029879,1.8110291153049352e-06,-30703.896009685144,-1113.4905576366559,-16.495013476220695,1.9590850515061868
8.6736173798840355e-19,-0.12493390594370599,0.23288994713029879,1.8110291153049352e-06,-30703.896009685144,-1113.4905576366559,-16.495013476220695,1.9590850515061868
-8.6736173798840355e-19,-0.12493390594370599,0.23288994713029879,1.8110291153049352e-06,-30703.896009685144,-1113.4905576366559,-16.495013476220695,1.9590850515061868
0.073055341226072948,0.10308305907545522,0.22742102166426201,1.2441722251238907e-05,-20005.271097623689,-39408.633766419989,-34.406798676911308,-76.313479005895772
-0.073055341226072948,0.10308305907545522,0.22742102166426201,1.2441722251238907e-05,-20005.271097623689,-39408.633766419989,-34.406798676911308,-76.313479005895772
0.073055341226072948,-0.10308305907545522,0.22742102166426201,1.2441722251238907e-05,-20005.271097623689,-39408.633766419989,-34.406798676911308,-76.313479005895772
-0.073055341226072948,-0.10308305907545522,0.22742102166426201,1.2441722251238907e-05,-20005.271097623689,-39408.633766419989,-34.406798676911308,-76.313479005895772
0.12935042840030919,0.054383829520694718,0.21909306725719496,3.389485384573796e-05,-15783.538063159605,-56108.802688648815,-33.309901703077038,-117.48153548297012
-0.12935042840030919,0.054383829520694718,0.21909306725719496,3.389485384573796e-05,-15783.538063159605,-56108.802688648815,-33.309901703077038,-117.48153548297012
0.12935042840030919,-0.054383829520694718,0.21909306725719496,3.389485384573796e-05,-15783.538063159605,-56108.802688648815,-33.309901703077038,-117.48153548297012
-0.12935042840030919,-0.054383829520694718,0.21909306725719496,3.389485384573796e-05,-15783.538063159605,-56108.802688648815,-33.309901703077038,-117.48153548297012
0.059664843812450866,0.064263580285497682,0.22921348661930929,9.5028810269158168e-06,56241.184314306382,-46002.926726641097,124.97147326788287,-97.467373608731634
-0.059664843812450866,0.064263580285497682,0.22921348661930929,9.5028810269158168e-06,56241.184314306382,-46002.926726641097,124.97147326788287,-97.467373608731634
0.059664843812450866,-0.064263580285497682,0.22921348661930929,9.5028810269158168e-06,56241.184314306382,-46002.926726641097,124.97147326788287,-97.467373608731634
-0.059664843812450866,-0.064263580285497682,0.22921348661930929,9.5028810269158168e-06,56241.184314306382,-46002.926726641097,124.97147326788287,-97.467373608731634
0.1276392704885449,0.10422036149206132,0.21827944150133166,4.0425391828186948e-05,-37449.169233387576,-5238.8573489339933,-67.577149217446561,-7.2491071025083782
-0.1276392704885449,0.10422036149206132,0.21827944150133166,4.0425391828186948e-05,-37449.169233387576,-5238.8573489339933,-67.577149217446561,-7.2491071025083782
0.1276392704885449,-0.10422036149206132,0.21827944150133166,4.0425391828186948e-05,-37449.169233387576,-5238.8573489339933,-67.577149217446561,-7.2491071025083782
-0.1276392704885449,-0.10422036149206132,0.21827944150133166,4.0425391828186948e-05,-37449.169233387576,-5238.8573489339933,-67.577149217446561,-7.2491071025083782
0.14658555518834709,0.057685095505171056,0.2164794970612193,2.7226453218755399e-05,-41535.8751627163,-32875.006568438534,-84.989024884453301,-64.224548584281507
-0.14658555518834709,0.057685095505171056,0.2164794970612193,2.7226453218755399e-05,-41535.8751627163,-32875.006568438534,-84.989024884453301,-64.224548584281507
0.14658555518834709,-0.057685095505171056,0.2164794970612193,2.7226453218755399e-05,-41535.8751627163,-32875.006568438534,-84.989024884453301,-64.224548584281507
-0.14658555518834709,-0.057685095505171056,0.2164794970612193,2.7226453218755399e-05,-41535.8751627163,-32875.006568438534,-84.989024884453301,-64.224548584281507
0.19502396577427011,0.083289014966602168,0.20267701963857654,3.0319161062623947e-05,3582.5657592501443,27182.121769857684,13.486910312722731,46.908170498593428
-0.19502396577427011,0.083289014966602168,0.20267701963857654,3.0319161062623947e-05,3582.5657592501443,27182.121769857684,13.486910312722731,46.908170498593428
0.19502396577427011,-0.083289014966602168,0.20267701963857654,3.0319161062623947e-05,3582.5657592501443,27182.121769857684,13.486910312722731,46.908170498593428
-0.19502396577427011,-0.083289014966602168,0.20267701963857654,3.0319161062623947e-05,3582.5657592501443,27182.121769857684,13.486910312722731,46.908170498593428
0.061904763802886009,0.025223189033567905,0.22893987596035004,2.7793172479245455e-05,80681.745941446803,-12264.313392954964,189.06144942797158,-35.351238383353731
-0.061904763802886009,0.025223189033567905,0.22893987596035004,2.7793172479245455e-05,80681.745941446803,-12264.313392954964,189.06144942797158,-35.351238383353731
0.061904763802886009,-0.025223189033567905,0.22893987596035004,2.7793172479245455e-05,80681.745941446803,-12264.313392954964,189.06144942797158,-35.351238383353731
-0.061904763802886009,-0.025223189033567905,0.22893987596035004,2.7793172479245455e-05,80681.745941446803,-12264.313392954964,189.06144942797158,-35.351238383353731
0.10929335638511962,0.11432963619129241,0.22149117905135038,1.7433447471343854e-05,-33540.149235223347,1222.9101493888479,-51.118904404704359,1.0780191985354772
-0.10929335638511962,0.11432963619129241,0.22149117905135038,1.7433447471343854e-05,-33540.149235223347,1222.9101493888479,-51.118904404704359,1.0780191985354772
0.10929335638511962,-0.11432963619129241,0.22149117905135038,1.7433447471343854e-05,-33540.149235223347,1222.9101493888479,-51.118904404704359,1.0780191985354772
-0.10929335638511962,-0.11432963619129241,0.22149117905135038,1.7433447471343854e-05,-33540.149235223347,1222.9101493888479,-51.118904404704359,1.0780191985354772
0.14257831104400609,0.0072974544093118397,0.21713470435314622,2.5641595867880144e-05,-16452.123607553869,-57165.838237492077,-40.557627335441275,-119.51057279242768
-0.14257831104400609,0.0072974544093118397,0.21713470435314622,2.5641595867880144e-05,-16452.123607553869,-57165.838237492077,-40.557627335441275,-119.51057279242768
0.14257831104400609,-0.0072974544093118397,0.21713470435314622,2.5641595867880144e-05,-16452.123607553869,-57165.838237492077,-40.557627335441275,-119.51057279242768
-0.14257831104400609,-0.0072974544093118397,0.21713470435314622,2.5641595867880144e-05,-16452.123607553869,-57165.838237492077,-40.557627335441275,-119.51057279242768
0.15235316631637838,0.12327007347762935,0.20961280855747752,2.5970195814508072e-05,-2468.3372407366824,23488.372039701302,-0.19967828820987177,33.576282855576849
-0.15235316631637838,0.12327007347762935,0.20961280855747752,2.5970195814508072e-05,-2468.3372407366824,23488.372039701302,-0.19967828820987177,33.576282855576849
0.15235316631637838,-0.12327007347762935,0.20961280855747752,2.5970195814508072e-05,-2468.3372407366824,23488.372039701302,-0.19967828820987177,33.576282855576849
-0.15235316631637838,-0.12327007347762935,0.20961280855747752,2.5970195814508072e-05,-2468.3372407366824,23488.372039701302,-0.19967828820987177,33.576282855576849
0.0045894771603007456,0.065378597925293491,0.23285214792448375,2.0691143009181417e-05,72158.888189793448,-28640.51342812819,174.04740362857063,-75.273249484310028
-0.0045894771603007456,0.065378597925293491,0.23285214792448375,2.0691143009181417e-05,72158.888189793448,-28640.51342812819,174.04740362857063,-75.273249484310028
0.0045894771603007456,-0.065378597925293491,0.23285214792448375,2.0691143009181417e-05,72158.888189793448,-28640.51342812819,174.04740362857063,-75.273249484310028
-0.0045894771603007456,-0.065378597925293491,0.23285214792448375,2.0691143009181417e-05,72158.888189793448,-28640.51342812819,174.04740362857063,-75.273249484310028
0.19597203235438579,0.1200005266604284,0.19444267422124137,1.9777939775363632e-05,13039.372902369225,6459.2165480305412,27.008925889450975,7.6396618105452596
-0.19597203235438579,0.1200005266604284,0.19444267422124137,1.9777939775363632e-05,13039.372902369225,6459.2165480305412,27.008925889450975,7.6396618105452596
0.19597203235438579,-0.1200005266604284,0.19444267422124137,1.9777939775363632e-05,13039.372902369225,6459.2165480305412,27.008925889450975,7.6396618105452596
-0.19597203235438579,-0.1200005266604284,0.19444267422124137,1.9777939775363632e-05,13039.372902369225,6459.2165480305412,27.008925889450975,7.6396618105452596
0.11950890657025566,0.049751647049830677,0.22055008960836003,3.4773130164502658e-05,4572.2477099474227,-61809.332180308091,10.975681664977824,-134.62080115754017
-0.11950890657025566,0.049751647049830677,0.22055008960836003,3.4773130164502658e-05,4572.2477099474227,-61809.332180308091,10.975681664977824,-134.62080115754017
0.11950890657025566,-0.049751647049830677,0.22055008960836003,3.4773130164502658e-05,4572.2477099474227,-61809.332180308091,10.975681664977824,-134.62080115754017
-0.11950890657025566,-0.049751647049830677,0.22055008960836003,3.4773130164502658e-05,4572.2477099474227,-61809.332180308091,10.975681664977824,-134.62080115754017
0.19982330707371912,0.0051101996402675301,0.20860012262311359,1.0836541013246956e-05,4119.9962451784941,28647.942705999307,10.569939750215813,33.843102366190926
-0.19982330707371912,0.0051101996402675301,0.20860012262311359,1.0836541013246956e-05,4119.9962451784941,28647.942705999307,10.569939750215813,33.843102366190926
0.19982330707371912,-0.0051101996402675301,0.20860012262311359,1.0836541013246956e-05,4119.9962451784941,28647.942705999307,10.569939750215813,33.843102366190926
-0.19982330707371912,-0.0051101996402675301,0.20860012262311359,1.0836541013246956e-05,4119.9962451784941,28647.942705999307,10.569939750215813,33.843102366190926
0.14749833748948601,0.063574103408076038,0.21622180793272194,2.8696112681996273e-05,-43612.298713989985,-26927.759794203852,-90.242730147916717,-57.222175683385721
-0.14749833748948601,0.063574103408076038,0.21622180793272194,2.8696112681996273e-05,-43612.298713989985,-26927.759794203852,-90.242730147916717,-57.222175683385721
0.14749833748948601,-0.063574103408076038,0.21622180793272194,2.8696112681996273e-05,-43612.298713989985,-26927.759794203852,-90.242730147916717,-57.222175683385721
-0.14749833748948601,-0.063574103408076038,0.21622180793272194,2.8696112681996273e-05,-43612.298713989985,-26927.759794203852,-90.242730147916717,-57.222175683385721
0.18688241945542275,0.083460905954700626,0.2052054248483674,3.9896177707826718e-05,-9693.4702068750412,31055.625348786023,-18.27645486924003,54.426446682480581
-0.18688241945542275,0.083460905954700626,0.2052054248483674,3.9896177707826718e-05,-9693.4702068750412,31055.625348786023,-18.27645486924003,54.426446682480581
0.18688241945542275,-0.083460905954700626,0.2052054248483674,3.9896177707826718e-05,-9693.4702068750412,31055.625348786023,-18.27645486924003,54.426446682480581
-0.18688241945542275,-0.083460905954700626,0.2052054248483674,3.9896177707826718e-05,-9693.4702068750412,31055.625348786023,-18.27645486924003,54.426446682480581
0.10447201283011079,0.0072464038089954629,0.22277626661010613,2.2660649344600561e-05,53000.068409129824,-49155.879672637318,111.77134835295186,-120.14496014402977
-0.10447201283011079,0.0072464038089954629,0.22277626661010613,2.2660649344600561e-05,53000.068409129824,-49155.879672637318,111.77134835295186,-120.14496014402977
0.10447201283011079,-0.0072464038089954629,0.22277626661010613,2.2660649344600561e-05,53000.068409129824,-49155.879672637318,111.77134835295186,-120.14496014402977
-0.10447201283011079,-0.0072464038089954629,0.22277626661010613,2.2660649344600561e-05,53000.068409129824,-49155.879672637318,111.77134835295186,-120.14496014402977
0.14766568215194983,0.07269596474803354,0.21590070271768619,2.5871482695171963e-05,-44066.87605068837,-19413.056235597698,-88.124435391095986,-41.059349943000754
-0.14766568215194983,0.07269596474803354,0.21590070271768619,2.5871482695171963e-05,-44066.87605068837,-19413.056235597698,-88.124435391095986,-41.059349943000754
0.14766568215194983,-0.07269596474803354,0.21590070271768619,2.5871482695171963e-05,-44066.87605068837,-19413.056235597698,-88.124435391095986,-41.059349943000754
-0.14766568215194983,-0.07269596474803354,0.21590070271768619,2.5871482695171963e-05,-44066.87605068837,-19413.056235597698,-88.124435391095986,-41.059349943000754
0.17078151253836144,0.00870871883295944,0.21295927234763831,2.36793481170237e-05,-46681.730545365295,-4708.4999367962891,-87.124824947111804,-8.6744673707712465
-0.17078151253836144,0.00870871883295944,0.21295927234763831,2.36793481170237e-05,-46681.730545365295,-4708.4999367962891,-87.124824947111804,-8.6744673707712465
0.17078151253836144,-0.00870871883295944,0.21295927234763831,2.36793481170237e-05,-46681.730545365295,-4708.4999367962891,-87.124824947111804,-8.6744673707712465
-0.17078151253836144,-0.00870871883295944,0.21295927234763831,2.36793481170237e-05,-46681.730545365295,-4708.4999367962891,-87.124824947111804,-8.6744673707712465
0.18145738886279997,0.0115133021877185,0.21137873277735456,2.4812365032975217e-05,-38040.24285351771,18247.22363709853,-62.013230796699418,30.944481600277157
-0.18145738886279997,0.0115133021877185,0.21137873277735456,2.4812365032975217e-05,-38040.24285351771,18247.22363709853,-62.013230796699418,30.944481600277157
0.18145738886279997,-0.0115133021877185,0.21137873277735456,2.4812365032975217e-05,-38040.24285351771,18247.22363709853,-62.013230796699418,30.944481600277157
-0.18145738886279997,-0.0115133021877185,0.21137873277735456,2.4812365032975217e-05,-38040.24285351771,18247.22363709853,-62.013230796699418,30.944481600277157
0.190476194024086,0.013865134678781033,0.20998530834913254,2.284946745885553e-05,-20509.282161934756,30538.40940762153,-22.262270146920713,45.439789977573419
-0.190476194024086,0.013865134678781033,0.20998530834913254,2.284946745885553e-05,-20509.282161934756,30538.40940762153,-22.262270146920713,45.439789977573419
0.190476194024086,-0.013865134678781033,0.20998530834913254,2.284946745885553e-05,-20509.282161934756,30538.40940762153,-22.262270146920713,45.439789977573419
-0.190476194024086,-0.013865134678781033,0.20998530834913254,2.284946745885553e-05,-20509.282161934756,30538.40940762153,-22.262270146920713,45.439789977573419
0.20000000298023224,0.016649415250867605,0.20830093324184418,1.3931489970750248e-05,4328.7342436976842,29114.389781869901,14.079822589128529,35.216785989121711
-0.20000000298023224,0.016649415250867605,0.20830093324184418,1.3931489970750248e-05,4328.7342436976842,29114.389781869901,14.079822589128529,35.216785989121711
0.20000000298023224,-0.016649415250867605,0.20830093324184418,1.3931489970750248e-05,4328.7342436976842,29114.389781869901,14.079822589128529,35.216785989121711
-0.20000000298023224,-0.016649415250867605,0.20830093324184418,1.3931489970750248e-05,4328.7342436976842,29114.389781869901,14.079822589128529,35.216785989121711
0.11384855375147379,0.010434265573561436,0.22138809162424841,2.4774833927043587e-05,38017.112245168566,-58253.113049435087,80.192539253285858,-131.6545121701528
-0.11384855375147379,0.010434265573561436,0.22138809162424841,2.4774833927043587e-05,38017.112245168566,-58253.113049435087,80.192539253285858,-131.6545121701528
0.11384855375147379,-0.010434265573561436,0.22138809162424841,2.4774833927043587e-05,38017.112245168566,-58253.113049435087,80.192539253285858,-131.6545121701528
-0.11384855375147379,-0.010434265573561436,0.22138809162424841,2.4774833927043587e-05,38017.112245168566,-58253.113049435087,80.192539253285858,-131.6545121701528
0.16691774900047704,0.10130744852357262,0.20853572590216243,3.6877347677031655e-05,-19774.622094025599,25316.555318282964,-41.774056669725987,44.489643882073743
-0.16691774900047704,0.10130744852357262,0.20853572590216243,3.6877347677031655e-05,-19774.622094025599,25316.555318282964,-41.774056669725987,44.489643882073743
0.16691774900047704,-0.10130744852357262,0.20853572590216243,3.6877347677031655e-05,-19774.622094025599,25316.555318282964,-41.774056669725987,44.489643882073743
-0.16691774900047704,-0.10130744852357262,0.20853572590216243,3.6877347677031655e-05,-19774.622094025599,25316.555318282964,-41.774056669725987,44.489643882073743
0.11019531482706743,0.049739231948707899,0.22192894511539765,2.5263059710144332e-05,20533.188392957098,-61101.102080024524,43.185129382379536,-136.5379373948353
-0.11019531482706743,0.049739231948707899,0.22192894511539765,2.5263059710144332e-05,20533.188392957098,-61101.102080024524,43.185129382379536,-136.5379373948353
0.11019531482706743,-0.049739231948707899,0.22192894511539765,2.5263059710144332e-05,20533.188392957098,-61101.102080024524,43.185129382379536,-136.5379373948353
-0.11019531482706743,-0.049739231948707899,0.22192894511539765,2.5263059710144332e-05,20533.188392957098,-61101.102080024524,43.185129382379536,-136.5379373948353
0.17572476709369511,0.080242920306517085,0.20885732314301605,3.1081747827093141e-05,-28173.774455849139,26115.228766372511,-54.831068210445181,44.070621081148069
-0.17572476709369511,0.080242920306517085,0.20885732314301605,3.1081747827093141e-05,-28173.774455849139,26115.228766372511,-54.831068210445181,44.070621081148069
0.17572476709369511,-0.080242920306517085,0.20885732314301605,3.1081747827093141e-05,-28173.774455849139,26115.228766372511,-54.831068210445181,44.070621081148069
-0.17572476709369511,-0.080242920306517085,0.20885732314301605,3.1081747827093141e-05,-28173.774455849139,26115.228766372511,-54.831068210445181,44.070621081148069
0.12400374641461601,0.01207647103079448,0.21988463878505851,2.1484754401174101e-05,19164.815164626376,-63778.251374786349,37.410628978997252,-138.11947780053814
-0.12400374641461601,0.01207647103079448,0.21988463878505851,2.1484754401174101e-05,19164.815164626376,-63778.251374786349,37.410628978997252,-138.11947780053814
0.12400374641461601,-0.01207647103079448,0.21988463878505851,2.1484754401174101e-05,19164.815164626376,-63778.251374786349,37.410628978997252,-138.11947780053814
-0.12400374641461601,-0.01207647103079448,0.21988463878505851,2.1484754401174101e-05,19164.815164626376,-63778.251374786349,37.410628978997252,-138.11947780053814
0.13330654127183819,0.015116102060020689,0.21850736825386985,2.8620698691377792e-05,-294.24411457976987,-63056.975875536511,-4.8514315142810958,-136.93298556810365
-0.13330654127183819,0.015116102060020689,0.21850736825386985,2.8620698691377792e-05,-294.24411457976987,-63056.975875536511,-4.8514315142810958,-136.93298556810365
0.13330654127183819,-0.015116102060020689,0.21850736825386985,2.8620698691377792e-05,-294.24411457976987,-63056.975875536511,-4.8514315142810958,-136.93298556810365
-0.13330654127183819,-0.015116102060020689,0.21850736825386985,2.8620698691377792e-05,-294.24411457976987,-63056.975875536511,-4.8514315142810958,-136.93298556810365
0.033310960382950047,0.013957706888583474,0.23172855368270082,2.9335843324373929e-05,86059.399499298219,12435.584234705726,206.54609447878835,28.976394913765283
-0.033310960382950047,0.013957706888583474,0.23172855368270082,2.9335843324373929e-05,86059.399499298219,12435.584234705726,206.54609447878835,28.976394913765283
0.033310960382950047,-0.013957706888583474,0.23172855368270082,2.9335843324373929e-05,86059.399499298219,12435.584234705726,206.54609447878835,28.976394913765283
-0.033310960382950047,-0.013957706888583474,0.23172855368270082,2.9335843324373929e-05,86059.399499298219,12435.584234705726,206.54609447878835,28.976394913765283
0.14332811197481601,0.018097176125585323,0.21702369807639102,2.3981681682970955e-05,-20292.94482469335,-54538.207295755659,-40.981130560850445,-113.67277330604058
-0.14332811197481601,0.018097176125585323,0.21702369807639102,2.3981681682970955e-05,-20292.94482469335,-54538.207295755659,-40.981130560850445,-113.67277330604058
0.14332811197481601,-0.018097176125585323,0.21702369807639102,2.3981681682970955e-05,-20292.94482469335,-54538.207295755659,-40.981130560850445,-113.67277330604058
-0.14332811197481601,-0.018097176125585323,0.21702369807639102,2.3981681682970955e-05,-20292.94482469335,-54538.207295755659,-40.981130560850445,-113.67277330604058
0.1950963414507548,0.10304418343959489,0.19881591142065155,2.6355652811272247e-05,10213.657070614985,18993.152542268301,26.306028522963746,30.835805770795787
-0.1950963414507548,0.10304418343959489,0.19881591142065155,2.6355652811272247e-05,10213.657070614985,18993.152542268301,26.306028522963746,30.835805770795787
0.1950963414507548,-0.10304418343959489,0.19881591142065155,2.6355652811272247e-05,10213.657070614985,18993.152542268301,26.306028522963746,30.835805770795787
-0.1950963414507548,-0.10304418343959489,0.19881591142065155,2.6355652811272247e-05,10213.657070614985,18993.152542268301,26.306028522963746,30.835805770795787
0.052273046043326478,0.025092320143143308,0.23005906926150579,2.4151668534787049e-05,83073.444915638524,-5691.1003410895864,201.57653356278342,-17.304467907946545
-0.052273046043326478,0.025092320143143308,0.23005906926150579,2.4151668534787049e-05,83073.444915638524,-5691.1003410895864,201.57653356278342,-17.304467907946545
0.052273046043326478,-0.025092320143143308,0.23005906926150579,2.4151668534787049e-05,83073.444915638524,-5691.1003410895864,201.57653356278342,-17.304467907946545
-0.052273046043326478,-0.025092320143143308,0.23005906926150579,2.4151668534787049e-05,83073.444915638524,-5691.1003410895864,201.57653356278342,-17.304467907946545
0.15226463309093416,0.014337132751959065,0.21570066699509743,2.369913259815307e-05,-34136.149360088319,-42601.098166136711,-71.139154008139741,-89.309988412997669
-0.15226463309093416,0.014337132751959065,0.21570066699509743,2.369913259815307e-05,-34136.149360088319,-42601.098166136711,-71.139154008139741,-89.309988412997669
0.15226463309093416,-0.014337132751959065,0.21570066699509743,2.369913259815307e-05,-34136.149360088319,-42601.098166136711,-71.139154008139741,-89.309988412997669
-0.15226463309093416,-0.014337132751959065,0.21570066699509743,2.369913259815307e-05,-34136.149360088319,-42601.098166136711,-71.139154008139741,-89.309988412997669
0.063560833913693576,0.065093706067930954,0.22873236999724378,2.0035288294428115e-05,52890.102516646824,-48046.724719668789,117.88212444920077,-103.9177900767953
-0.063560833913693576,0.065093706067930954,0.22873236999724378,2.0035288294428115e-05,52890.102516646824,-48046.724719668789,117.88212444920077,-103.9177900767953
0.063560833913693576,-0.065093706067930954,0.22873236999724378,2.0035288294428115e-05,52890.102516646824,-48046.724719668789,117.88212444920077,-103.9177900767953
-0.063560833913693576,-0.065093706067930954,0.22873236999724378,2.0035288294428115e-05,52890.102516646824,-48046.724719668789,117.88212444920077,-103.9177900767953
0.16088340257698744,0.017217617601980133,0.21442467830057216,2.1065853190710467e-05,-44609.8636291164,-24969.128701691676,-91.06998370849449,-50.078656712714974
-0.16088340257698744,0.017217617601980133,0.21442467830057216,2.1065853190710467e-05,-44609.8636291164,-24969.128701691676,-91.06998370849449,-50.078656712714974
0.16088340257698744,-0.017217617601980133,0.21442467830057216,2.1065853190710467e-05,-44609.8636291164,-24969.128701691676,-91.06998370849449,-50.078656712714974
-0.16088340257698744,-0.017217617601980133,0.21442467830057216,2.1065853190710467e-05,-44609.8636291164,-24969.128701691676,-91.06998370849449,-50.078656712714974
0.16602861196961508,0.076958674391444964,0.21169364413456956,3.4091269464943695e-05,-40051.807828155695,13222.275836139837,-80.550922870086609,19.779079582165966
-0.16602861196961508,0.076958674391444964,0.21169364413456956,3.4091269464943695e-05,-40051.807828155695,13222.275836139837,-80.550922870086609,19.779079582165966
0.16602861196961508,-0.076958674391444964,0.21169364413456956,3.4091269464943695e-05,-40051.807828155695,13222.275836139837,-80.550922870086609,19.779079582165966
-0.16602861196961508,-0.076958674391444964,0.21169364413456956,3.4091269464943695e-05,-40051.807828155695,13222.275836139837,-80.550922870086609,19.779079582165966
0.17183348090122541,0.018908040096598824,0.21280352987582576,2.8754640034073429e-05,-47053.933653503067,-131.98502080576327,-87.32897504911783,-2.8341298104604902
-0.17183348090122541,0.018908040096598824,0.21280352987582576,2.8754640034073429e-05,-47053.933653503067,-131.98502080576327,-87.32897504911783,-2.8341298104604902
0.17183348090122541,-0.018908040096598824,0.21280352987582576,2.8754640034073429e-05,-47053.933653503067,-131.98502080576327,-87.32897504911783,-2.8341298104604902
-0.17183348090122541,-0.018908040096598824,0.21280352987582576,2.8754640034073429e-05,-47053.933653503067,-131.98502080576327,-87.32897504911783,-2.8341298104604902
0.038120072766576259,0.0057787846968595123,0.23140457368070941,2.4305165093601115e-05,86639.275620478104,12532.693049322887,220.17185941302412,20.670941279778795
-0.038120072766576259,0.0057787846968595123,0.23140457368070941,2.4305165093601115e-05,86639.275620478104,12532.693049322887,220.17185941302412,20.670941279778795
0.038120072766576259,-0.0057787846968595123,0.23140457368070941,2.4305165093601115e-05,86639.275620478104,12532.693049322887,220.17185941302412,20.670941279778795
-0.038120072766576259,-0.0057787846968595123,0.23140457368070941,2.4305165093601115e-05,86639.275620478104,12532.693049322887,220.17185941302412,20.670941279778795
0.1002441888892235,0.10172407546964725,0.22336524932364771,2.480315559031407e-05,-29876.717746582923,-28942.88007402432,-57.630842179231969,-54.987536151607934
-0.1002441888892235,0.10172407546964725,0.22336524932364771,2.480315559031407e-05,-29876.717746582923,-28942.88007402432,-57.630842179231969,-54.987536151607934
0.1002441888892235,-0.10172407546964725,0.22336524932364771,2.480315559031407e-05,-29876.717746582923,-28942.88007402432,-57.630842179231969,-54.987536151607934
-0.1002441888892235,-0.10172407546964725,0.22336524932364771,2.480315559031407e-05,-29876.717746582923,-28942.88007402432,-57.630842179231969,-54.987536151607934
0.19044639839893052,0.024166249347863798,0.20977547723111975,2.4916512041105903e-05,-20525.62203053249,31713.951593982885,-22.031893768135291,46.555704253948889
-0.19044639839893052,0.024166249347863798,0.20977547723111975,2.4916512041105903e-05,-20525.62203053249,31713.951593982885,-22.031893768135291,46.555704253948889
0.19044639839893052,-0.024166249347863798,0.20977547723111975,2.4916512041105903e-05,-20525.62203053249,31713.951593982885,-22.031893768135291,46.555704253948889
-0.19044639839893052,-0.024166249347863798,0.20977547723111975,2.4916512041105903e-05,-20525.62203053249,31713.951593982885,-22.031893768135291,46.555704253948889
0.20000000298023224,0.027616468258202076,0.20777664333581924,1.3043755580428857e-05,4403.8082958656569,29542.406322037612,12.81372919382923,39.348152204352225
-0.20000000298023224,0.027616468258202076,0.20777664333581924,1.3043755580428857e-05,4403.8082958656569,29542.406322037612,12.81372919382923,39.348152204352225
0.20000000298023224,-0.027616468258202076,0.20777664333581924,1.3043755580428857e-05,4403.8082958656569,29542.406322037612,12.81372919382923,39.348152204352225
-0.20000000298023224,-0.027616468258202076,0.20777664333581924,1.3043755580428857e-05,4403.8082958656569,29542.406322037612,12.81372919382923,39.348152204352225
0.099997932567660999,0.045356457309203541,0.22343864374439693,2.6754367771201542e-05,39640.895014368274,-55615.595286687785,86.924955715043069,-124.8431430519546
-0.099997932567660999,0.045356457309203541,0.22343864374439693,2.6754367771201542e-05,39640.895014368274,-55615.595286687785,86.924955715043069,-124.8431430519546
0.099997932567660999,-0.045356457309203541,0.22343864374439693,2.6754367771201542e-05,39640.895014368274,-55615.595286687785,86.924955715043069,-124.8431430519546
-0.099997932567660999,-0.045356457309203541,0.22343864374439693,2.6754367771201542e-05,39640.895014368274,-55615.595286687785,86.924955715043069,-124.8431430519546
0.060296035243129473,0.037717632054959885,0.2291363871943132,1.5587726863997395e-05,76871.837189598911,-21984.647734082162,175.85439637321369,-53.028327448848017
-0.060296035243129473,0.037717632054959885,0.2291363871943132,1.5587726863997395e-05,76871.837189598911,-21984.647734082162,175.85439637321369,-53.028327448848017
0.060296035243129473,-0.037717632054959885,0.2291363871943132,1.5587726863997395e-05,76871.837189598911,-21984.647734082162,175.85439637321369,-53.028327448848017
-0.060296035243129473,-0.037717632054959885,0.2291363871943132,1.5587726863997395e-05,76871.837189598911,-21984.647734082162,175.85439637321369,-53.028327448848017
0.090126677516369172,0.057565620586369264,0.22490006712732741,2.6659129314019294e-05,39705.99779173392,-55250.029557871727,85.336013899818326,-130.39699877434913
-0.090126677516369172,0.057565620586369264,0.22490006712732741,2.6659129314019294e-05,39705.99779173392,-55250.029557871727,85.336013899818326,-130.39699877434913
0.090126677516369172,-0.057565620586369264,0.22490006712732741,2.6659129314019294e-05,39705.99779173392,-55250.029557871727,85.336013899818326,-130.39699877434913
-0.090126677516369172,-0.057565620586369264,0.22490006712732741,2.6659129314019294e-05,39705.99779173392,-55250.029557871727,85.336013899818326,-130.39699877434913
0.17700001347042385,0.10177018885634735,0.20532700806598486,2.0785236668991166e-05,-9000.0544354554895,28393.099796420553,-19.633382889516731,49.62369020626091
-0.17700001347042385,0.10177018885634735,0.20532700806598486,2.0785236668991166e-05,-9000.0544354554895,28393.099796420553,-19.633382889516731,49.62369020626091
0.17700001347042385,-0.10177018885634735,0.20532700806598486,2.0785236668991166e-05,-9000.0544354554895,28393.099796420553,-19.633382889516731,49.62369020626091
-0.17700001347042385,-0.10177018885634735,0.20532700806598486,2.0785236668991166e-05,-9000.0544354554895,28393.099796420553,-19.633382889516731,49.62369020626091
0.19426793407356002,0.09373329762237631,0.20104402931874471,3.003642305939853e-05,6334.6924140253823,24426.161675042767,21.060409375639388,39.813464583468566
-0.19426793407356002,0.09373329762237631,0.20104402931874471,3.003642305939853e-05,6334.6924140253823,24426.161675042767,21.060409375639388,39.813464583468566
0.19426793407356002,-0.09373329762237631,0.20104402931874471,3.003642305939853e-05,6334.6924140253823,24426.161675042767,21.060409375639388,39.813464583468566
-0.19426793407356002,-0.09373329762237631,0.20104402931874471,3.003642305939853e-05,6334.6924140253823,24426.161675042767,21.060409375639388,39.813464583468566
0.15676240536445432,0.073679833817027598,0.21405660645140295,2.6019104364422733e-05,-45419.757733461891,-3409.5299149078983,-90.258118878039639,-12.273540551141499
-0.15676240536445432,0.073679833817027598,0.21405660645140295,2.6019104364422733e-05,-45419.757733461891,-3409.5299149078983,-90.258118878039639,-12.273540551141499
0.15676240536445432,-0.073679833817027598,0.21405660645140295,2.6019104364422733e-05,-45419.757733461891,-3409.5299149078983,-90.258118878039639,-12.273540551141499
-0.15676240536445432,-0.073679833817027598,0.21405660645140295,2.6019104364422733e-05,-45419.757733461891,-3409.5299149078983,-90.258118878039639,-12.273540551141499
0.04712908581507249,0.009050797778958718,0.23061566553294302,2.2343324989371446e-05,85365.471324488462,6912.8196072397877,204.55526391146117,12.29317865865781
-0.04712908581507249,0.009050797778958718,0.23061566553294302,2.2343324989371446e-05,85365.471324488462,6912.8196072397877,204.55526391146117,12.29317865865781
0.04712908581507249,-0.009050797778958718,0.23061566553294302,2.2343324989371446e-05,85365.471324488462,6912.8196072397877,204.55526391146117,12.29317865865781
-0.04712908581507249,-0.009050797778958718,0.23061566553294302,2.2343324989371446e-05,85365.471324488462,6912.8196072397877,204.55526391146117,12.29317865865781
0.085810136636644219,0.012651526478222049,0.22553911379844627,2.4504868252406056e-05,70893.139435317644,-28304.826892857331,166.15990055869514,-73.88231180473511
-0.085810136636644219,0.012651526478222049,0.22553911379844627,2.4504868252406056e-05,70893.139435317644,-28304.826892857331,166.15990055869514,-73.88231180473511
0.085810136636644219,-0.012651526478222049,0.22553911379844627,2.4504868252406056e-05,70893.139435317644,-28304.826892857331,166.15990055869514,-73.88231180473511
-0.085810136636644219,-0.012651526478222049,0.22553911379844627,2.4504868252406056e-05,70893.139435317644,-28304.826892857331,166.15990055869514,-73.88231180473511
0.18580720210317347,0.099800365057288509,0.20276016324774546,2.3895432609555113e-05,-918.04914650441413,27479.572719753221,-1.7471108067361876,47.963288573961151
-0.18580720210317347,0.099800365057288509,0.20276016324774546,2.3895432609555113e-05,-918.04914650441413,27479.572719753221,-1.7471108067361876,47.963288573961151
0.18580720210317347,-0.099800365057288509,0.20276016324774546,2.3895432609555113e-05,-918.04914650441413,27479.572719753221,-1.7471108067361876,47.963288573961151
-0.18580720210317347,-0.099800365057288509,0.20276016324774546,2.3895432609555113e-05,-918.04914650441413,27479.572719753221,-1.7471108067361876,47.963288573961151
0.094684322120648506,0.015628739971871454,0.22422531136191132,2.5369938291025189e-05,62433.779397723527,-39502.06102851504,143.35328971243121,-98.853924927337147
-0.094684322120648506,0.015628739971871454,0.22422531136191132,2.5369938291025189e-05,62433.779397723527,-39502.06102851504,143.35328971243121,-98.853924927337147
0.094684322120648506,-0.015628739971871454,0.22422531136191132,2.5369938291025189e-05,62433.779397723527,-39502.06102851504,143.35328971243121,-98.853924927337147
-0.094684322120648506,-0.015628739971871454,0.22422531136191132,2.5369938291025189e-05,62433.779397723527,-39502.06102851504,143.35328971243121,-98.853924927337147
0.13809524476528168,0.065048400312662125,0.21776121109724045,3.5848516583330663e-05,-35211.155462392628,-39971.56775553646,-74.097498333684115,-82.305012195393829
-0.13809524476528168,0.065048400312662125,0.21776121109724045,3.5848516583330663e-05,-35211.155462392628,-39971.56775553646,-74.097498333684115,-82.305012195393829
0.13809524476528168,-0.065048400312662125,0.21776121109724045,3.5848516583330663e-05,-35211.155462392628,-39971.56775553646,-74.097498333684115,-82.305012195393829
-0.13809524476528168,-0.065048400312662125,0.21776121109724045,3.5848516583330663e-05,-35211.155462392628,-39971.56775553646,-74.097498333684115,-82.305012195393829
0.18595310593005812,0.090078133228770757,0.20445636158534905,3.6193999600336021e-05,-7005.8268693142245,29965.988602518635,-14.362723343939273,53.702856583669906
-0.18595310593005812,0.090078133228770757,0.20445636158534905,3.6193999600336021e-05,-7005.8268693142245,29965.988602518635,-14.362723343939273,53.702856583669906
0.18595310593005812,-0.090078133228770757,0.20445636158534905,3.6193999600336021e-05,-7005.8268693142245,29965.988602518635,-14.362723343939273,53.702856583669906
-0.18595310593005812,-0.090078133228770757,0.20445636158534905,3.6193999600336021e-05,-7005.8268693142245,29965.988602518635,-14.362723343939273,53.702856583669906
0.090665001988287836,0.04190395901569597,0.22482036232096864,2.9776433751353808e-05,53762.919933209159,-47555.680918177095,121.59927663667723,-111.92032707659277
-0.090665001988287836,0.04190395901569597,0.22482036232096864,2.9776433751353808e-05,53762.919933209159,-47555.680918177095,121.59927663667723,-111.92032707659277
0.090665001988287836,-0.04190395901569597,0.22482036232096864,2.9776433751353808e-05,53762.919933209159,-47555.680918177095,121.59927663667723,-111.92032707659277
-0.090665001988287836,-0.04190395901569597,0.22482036232096864,2.9776433751353808e-05,53762.919933209159,-47555.680918177095,121.59927663667723,-111.92032707659277
0.098122929130440406,0.08044926690719871,0.22371623624580877,3.2219773726006005e-05,-179.19053722128871,-54986.043879147641,-4.0592098137509636,-119.1467354963406
-0.098122929130440406,0.08044926690719871,0.22371623624580877,3.2219773726006005e-05,-179.19053722128871,-54986.043879147641,-4.0592098137509636,-119.1467354963406
0.098122929130440406,-0.08044926690719871,0.22371623624580877,3.2219773726006005e-05,-179.19053722128871,-54986.043879147641,-4.0592098137509636,-119.1467354963406
-0.098122929130440406,-0.08044926690719871,0.22371623624580877,3.2219773726006005e-05,-179.19053722128871,-54986.043879147641,-4.0592098137509636,-119.1467354963406
0.10473024844358811,0.016970964321799543,0.22273803543060261,2.6913473591995682e-05,49851.963611351151,-51036.969339013536,110.66242858681665,-122.01064981709142
-0.10473024844358811,0.016970964321799543,0.22273803543060261,2.6913473591995682e-05,49851.963611351151,-51036.969339013536,110.66242858681665,-122.01064981709142
0.10473024844358811,-0.016970964321799543,0.22273803543060261,2.6913473591995682e-05,49851.963611351151,-51036.969339013536,110.66242858681665,-122.01064981709142
-0.10473024844358811,-0.016970964321799543,0.22273803543060261,2.6913473591995682e-05,49851.963611351151,-51036.969339013536,110.66242858681665,-122.01064981709142
0.068344421684741974,0.055714286863803864,0.22807015478610992,2.3265938582116052e-05,60124.732491530202,-43200.620020880662,140.06011120999338,-97.401111319047388
-0.068344421684741974,0.055714286863803864,0.22807015478610992,2.3265938582116052e-05,60124.732491530202,-43200.620020880662,140.06011120999338,-97.401111319047388
0.068344421684741974,-0.055714286863803864,0.22807015478610992,2.3265938582116052e-05,60124.732491530202,-43200.620020880662,140.06011120999338,-97.401111319047388
-0.068344421684741974,-0.055714286863803864,0.22807015478610992,2.3265938582116052e-05,60124.732491530202,-43200.620020880662,140.06011120999338,-97.401111319047388
0.15276496496657216,0.024499004883900832,0.21562659402936168,2.3197432108279783e-05,-37436.42724776765,-38787.232737757869,-73.601690093509347,-81.026263415496075
-0.15276496496657216,0.024499004883900832,0.21562659402936168,2.3197432108279783e-05,-37436.42724776765,-38787.232737757869,-73.601690093509347,-81.026263415496075
0.15276496496657216,-0.024499004883900832,0.21562659402936168,2.3197432108279783e-05,-37436.42724776765,-38787.232737757869,-73.601690093509347,-81.026263415496075
-0.15276496496657216,-0.024499004883900832,0.21562659402936168,2.3197432108279783e-05,-37436.42724776765,-38787.232737757869,-73.601690093509347,-81.026263415496075
0.11428145435549465,0.021009720184329998,0.22132400170079966,2.136459269812465e-05,33591.810320963181,-59526.640471336119,72.473272827822768,-132.85787661147828
-0.11428145435549465,0.021009720184329998,0.22132400170079966,2.136459269812465e-05,33591.810320963181,-59526.640471336119,72.473272827822768,-132.85787661147828
0.11428145435549465,-0.021009720184329998,0.22132400170079966,2.136459269812465e-05,33591.810320963181,-59526.640471336119,72.473272827822768,-132.85787661147828
-0.11428145435549465,-0.021009720184329998,0.22132400170079966,2.136459269812465e-05,33591.810320963181,-59526.640471336119,72.473272827822768,-132.85787661147828
0.16152844773326033,0.026537264721297707,0.21432918087159528,2.6281845126919105e-05,-46848.067799723627,-20526.020842372272,-91.15284217483304,-41.473734102649281
-0.16152844773326033,0.026537264721297707,0.21432918087159528,2.6281845126919105e-05,-46848.067799723627,-20526.020842372272,-91.15284217483304,-41.473734102649281
0.16152844773326033,-0.026537264721297707,0.21432918087159528,2.6281845126919105e-05,-46848.067799723627,-20526.020842372272,-91.15284217483304,-41.473734102649281
-0.16152844773326033,-0.026537264721297707,0.21432918087159528,2.6281845126919105e-05,-46848.067799723627,-20526.020842372272,-91.15284217483304,-41.473734102649281
0.12278138140078237,0.098969560359514666,0.21956899502215568,3.6781841026939212e-05,-37586.918382679229,-17700.281926575943,-73.927216750230343,-34.170806573890495
-0.12278138140078237,0.098969560359514666,0.21956899502215568,3.6781841026939212e-05,-37586.918382679229,-17700.281926575943,-73.927216750230343,-34.170806573890495
0.12278138140078237,-0.098969560359514666,0.21956899502215568,3.6781841026939212e-05,-37586.918382679229,-17700.281926575943,-73.927216750230343,-34.170806573890495
-0.12278138140078237,-0.098969560359514666,0.21956899502215568,3.6781841026939212e-05,-37586.918382679229,-17700.281926575943,-73.927216750230343,-34.170806573890495
0.17203393749138432,0.029998147882109,0.21273163471125056,2.7574137951287299e-05,-47751.370177999139,3922.3924057178106,-86.043825352172306,3.0946666128884703
-0.17203393749138432,0.029998147882109,0.21273163471125056,2.7574137951287299e-05,-47751.370177999139,3922.3924057178106,-86.043825352172306,3.0946666128884703
0.17203393749138432,-0.029998147882109,0.21273163471125056,2.7574137951287299e-05,-47751.370177999139,3922.3924057178106,-86.043825352172306,3.0946666128884703
-0.17203393749138432,-0.029998147882109,0.21273163471125056,2.7574137951287299e-05,-47751.370177999139,3922.3924057178106,-86.043825352172306,3.0946666128884703
0.15827180999025203,0.095519039117623022,0.21170322363736901,2.5241779915788037e-05,-32414.905492994072,15282.364736213873,-70.900602043221113,24.471550441339964
-0.15827180999025203,0.095519039117623022,0.21170322363736901,2.5241779915788037e-05,-32414.905492994072,15282.364736213873,-70.900602043221113,24.471550441339964
0.15827180999025203,-0.095519039117623022,0.21170322363736901,2.5241779915788037e-05,-32414.905492994072,15282.364736213873,-70.900602043221113,24.471550441339964
-0.15827180999025203,-0.095519039117623022,0.21170322363736901,2.5241779915788037e-05,-32414.905492994072,15282.364736213873,-70.900602043221113,24.471550441339964
0.18137791174518283,0.032611976903560443,0.21113071849961035,2.3880425706513614e-05,-38325.271973102856,22779.512113059438,-61.372191230995504,42.034037711679069
-0.18137791174518283,0.032611976903560443,0.21113071849961035,2.3880425706513614e-05,-38325.271973102856,22779.512113059438,-61.372191230995504,42.034037711679069
0.18137791174518283,-0.032611976903560443,0.21113071849961035,2.3880425706513614e-05,-38325.271973102856,22779.512113059438,-61.372191230995504,42.034037711679069
-0.18137791174518283,-0.032611976903560443,0.21113071849961035,2.3880425706513614e-05,-38325.271973102856,22779.512113059438,-61.372191230995504,42.034037711679069
0.12387681339136225,0.023312421544984897,0.21990343110661834,2.3196658154196205e-05,15282.367965608981,-63721.378914929381,27.145924541200962,-137.89237747212738
-0.12387681339136225,0.023312421544984897,0.21990343110661834,2.3196658154196205e-05,15282.367965608981,-63721.378914929381,27.145924541200962,-137.89237747212738
0.12387681339136225,-0.023312421544984897,0.21990343110661834,2.3196658154196205e-05,15282.367965608981,-63721.378914929381,27.145924541200962,-137.89237747212738
-0.12387681339136225,-0.023312421544984897,0.21990343110661834,2.3196658154196205e-05,15282.367965608981,-63721.378914929381,27.145924541200962,-137.89237747212738
0.1997819923073885,0.039114132206517167,0.20699714441796227,1.2793280428336969e-05,4454.1411757656488,30036.059871598787,15.510890701465197,43.511703091951908
-0.1997819923073885,0.039114132206517167,0.20699714441796227,1.2793280428336969e-05,4454.1411757656488,30036.059871598787,15.510890701465197,43.511703091951908
0.1997819923073885,-0.039114132206517167,0.20699714441796227,1.2793280428336969e-05,4454.1411757656488,30036.059871598787,15.510890701465197,43.511703091951908
-0.1997819923073885,-0.039114132206517167,0.20699714441796227,1.2793280428336969e-05,4454.1411757656488,30036.059871598787,15.510890701465197,43.511703091951908
0.17666458359483284,0.097482795819220064,0.20614129152753599,2.6434506082094815e-05,-13230.190562149965,28497.718074550983,-30.054906229164846,49.490815920086384
-0.17666458359483284,0.097482795819220064,0.20614129152753599,2.6434506082094815e-05,-13230.190562149965,28497.718074550983,-30.054906229164846,49.490815920086384
0.17666458359483284,-0.097482795819220064,0.20614129152753599,2.6434506082094815e-05,-13230.190562149965,28497.718074550983,-30.054906229164846,49.490815920086384
-0.17666458359483284,-0.097482795819220064,0.20614129152753599,2.6434506082094815e-05,-13230.190562149965,28497.718074550983,-30.054906229164846,49.490815920086384
0.19049886079589953,0.036147477351469677,0.20923615873044379,2.6521735096971845e-05,-19718.463737742815,33201.326796250658,-23.382961336079532,50.124512137589896
-0.19049886079589953,0.036147477351469677,0.20923615873044379,2.6521735096971845e-05,-19718.463737742815,33201.326796250658,-23.382961336079532,50.124512137589896
0.19049886079589953,-0.036147477351469677,0.20923615873044379,2.6521735096971845e-05,-19718.463737742815,33201.326796250658,-23.382961336079532,50.124512137589896
-0.19049886079589953,-0.036147477351469677,0.20923615873044379,2.6521735096971845e-05,-19718.463737742815,33201.326796250658,-23.382961336079532,50.124512137589896
0.18495174761429919,0.094799681459672061,0.20394452899806689,1.9814471320043537e-05,-5284.43301318876,28994.85262277017,-13.099818228473005,50.921598029456057
-0.18495174761429919,0.094799681459672061,0.20394452899806689,1.9814471320043537e-05,-5284.43301318876,28994.85262277017,-13.099818228473005,50.921598029456057
0.18495174761429919,-0.094799681459672061,0.20394452899806689,1.9814471320043537e-05,-5284.43301318876,28994.85262277017,-13.099818228473005,50.921598029456057
-0.18495174761429919,-0.094799681459672061,0.20394452899806689,1.9814471320043537e-05,-5284.43301318876,28994.85262277017,-13.099818228473005,50.921598029456057
0.059509509649779573,0.060184231531508384,0.22923246503824166,2.9017611997571286e-05,61095.540561267459,-42858.089348650356,136.69167110289902,-98.032629710239917
-0.059509509649779573,0.060184231531508384,0.22923246503824166,2.9017611997571286e-05,61095.540561267459,-42858.089348650356,136.69167110289902,-98.032629710239917
0.059509509649779573,-0.060184231531508384,0.22923246503824166,2.9017611997571286e-05,61095.540561267459,-42858.089348650356,136.69167110289902,-98.032629710239917
-0.059509509649779573,-0.060184231531508384,0.22923246503824166,2.9017611997571286e-05,61095.540561267459,-42858.089348650356,136.69167110289902,-98.032629710239917
0.12938540405474983,0.063321006785257553,0.21908391093120538,2.0485448691174978e-05,-22467.207424094497,-51096.523590621058,-47.522913456825989,-105.42631031810912
-0.12938540405474983,0.063321006785257553,0.21908391093120538,2.0485448691174978e-05,-22467.207424094497,-51096.523590621058,-47.522913456825989,-105.42631031810912
0.12938540405474983,-0.063321006785257553,0.21908391093120538,2.0485448691174978e-05,-22467.207424094497,-51096.523590621058,-47.522913456825989,-105.42631031810912
-0.12938540405474983,-0.063321006785257553,0.21908391093120538,2.0485448691174978e-05,-22467.207424094497,-51096.523590621058,-47.522913456825989,-105.42631031810912
0.13348054813110272,0.02564267341228478,0.21848160690589702,2.6728166475656342e-05,-4739.4714688357044,-61744.970823779717,-14.427202068636602,-128.59115550576655
-0.13348054813110272,0.02564267341228478,0.21848160690589702,2.6728166475656342e-05,-4739.4714688357044,-61744.970823779717,-14.427202068636602,-128.59115550576655
0.13348054813110272,-0.02564267341228478,0.21848160690589702,2.6728166475656342e-05,-4739.4714688357044,-61744.970823779717,-14.427202068636602,-128.59115550576655
-0.13348054813110272,-0.02564267341228478,0.21848160690589702,2.6728166475656342e-05,-4739.4714688357044,-61744.970823779717,-14.427202068636602,-128.59115550576655
0.18724834087177461,0.0035931545909427187,0.21052139348293308,2.0886176997181305e-05,-27854.334808869662,26379.968199345072,-42.523255795043035,44.977771690712373
-0.18724834087177461,0.0035931545909427187,0.21052139348293308,2.0886176997181305e-05,-27854.334808869662,26379.968199345072,-42.523255795043035,44.977771690712373
0.18724834087177461,-0.0035931545909427187,0.21052139348293308,2.0886176997181305e-05,-27854.334808869662,26379.968199345072,-42.523255795043035,44.977771690712373
-0.18724834087177461,-0.0035931545909427187,0.21052139348293308,2.0886176997181305e-05,-27854.334808869662,26379.968199345072,-42.523255795043035,44.977771690712373
0.16684607928507386,0.093662807820602295,0.20960391198683254,2.9686466737850598e-05,-27188.08067761872,22427.310560479047,-56.432003055350094,40.765111914989809
-0.16684607928507386,0.093662807820602295,0.20960391198683254,2.9686466737850598e-05,-27188.08067761872,22427.310560479047,-56.432003055350094,40.765111914989809
0.16684607928507386,-0.093662807820602295,0.20960391198683254,2.9686466737850598e-05,-27188.08067761872,22427.310560479047,-56.432003055350094,40.765111914989809
-0.16684607928507386,-0.093662807820602295,0.20960391198683254,2.9686466737850598e-05,-27188.08067761872,22427.310560479047,-56.432003055350094,40.765111914989809
0.1429653797641951,0.028603974428091077,0.21707739973306503,2.6485486008764844e-05,-24164.61825921508,-52246.900388236005,-50.206136691949681,-111.00982769491604
-0.1429653797641951,0.028603974428091077,0.21707739973306503,2.6485486008764844e-05,-24164.61825921508,-52246.900388236005,-50.206136691949681,-111.00982769491604
0.1429653797641951,-0.028603974428091077,0.21707739973306503,2.6485486008764844e-05,-24164.61825921508,-52246.900388236005,-50.206136691949681,-111.00982769491604
-0.1429653797641951,-0.028603974428091077,0.21707739973306503,2.6485486008764844e-05,-24164.61825921508,-52246.900388236005,-50.206136691949681,-111.00982769491604
0.080918608769095637,0.037735197370839725,0.22626330057920901,2.8311054353333477e-05,65416.439131690786,-37134.963259165459,148.61683211409104,-90.182783660184967
-0.080918608769095637,0.037735197370839725,0.22626330057920901,2.8311054353333477e-05,65416.439131690786,-37134.963259165459,148.61683211409104,-90.182783660184967
0.080918608769095637,-0.037735197370839725,0.22626330057920901,2.8311054353333477e-05,65416.439131690786,-37134.963259165459,148.61683211409104,-90.182783660184967
-0.080918608769095637,-0.037735197370839725,0.22626330057920901,2.8311054353333477e-05,65416.439131690786,-37134.963259165459,148.61683211409104,-90.182783660184967
0.19419414513291761,0.099064355305163943,0.19998882010756738,2.2385344143296488e-05,8019.9869360114581,21900.81822932553,19.718132144265628,39.002837049300851
-0.19419414513291761,0.099064355305163943,0.19998882010756738,2.2385344143296488e-05,8019.9869360114581,21900.81822932553,19.718132144265628,39.002837049300851
0.19419414513291761,-0.099064355305163943,0.19998882010756738,2.2385344143296488e-05,8019.9869360114581,21900.81822932553,19.718132144265628,39.002837049300851
-0.19419414513291761,-0.099064355305163943,0.19998882010756738,2.2385344143296488e-05,8019.9869360114581,21900.81822932553,19.718132144265628,39.002837049300851
0.013555171327094478,0.014038137447403495,0.23268848067481018,2.5949592099225347e-05,87264.172473072686,18730.205403537799,213.54563823997213,36.503679251514725
-0.013555171327094478,0.014038137447403495,0.23268848067481018,2.5949592099225347e-05,87264.172473072686,18730.205403537799,213.54563823997213,36.503679251514725
0.013555171327094478,-0.014038137447403495,0.23268848067481018,2.5949592099225347e-05,87264.172473072686,18730.205403537799,213.54563823997213,36.503679251514725
-0.013555171327094478,-0.014038137447403495,0.23268848067481018,2.5949592099225347e-05,87264.172473072686,18730.205403537799,213.54563823997213,36.503679251514725
0.16606674417561929,0.084998944901235135,0.21085387884975668,3.5053688662937004e-05,-34875.730688129748,17582.742628104264,-71.349732930161764,30.042834665649693
-0.16606674417561929,0.084998944901235135,0.21085387884975668,3.5053688662937004e-05,-34875.730688129748,17582.742628104264,-71.349732930161764,30.042834665649693
0.16606674417561929,-0.084998944901235135,0.21085387884975668,3.5053688662937004e-05,-34875.730688129748,17582.742628104264,-71.349732930161764,30.042834665649693
-0.16606674417561929,-0.084998944901235135,0.21085387884975668,3.5053688662937004e-05,-34875.730688129748,17582.742628104264,-71.349732930161764,30.042834665649693
0.12245840610690799,0.074663288127237798,0.22010557943503078,2.1627090709647348e-05,-22287.448973870356,-48361.482042083364,-42.849495635025761,-103.13713887576586
-0.12245840610690799,0.074663288127237798,0.22010557943503078,2.1627090709647348e-05,-22287.448973870356,-48361.482042083364,-42.849495635025761,-103.13713887576586
0.12245840610690799,-0.074663288127237798,0.22010557943503078,2.1627090709647348e-05,-22287.448973870356,-48361.482042083364,-42.849495635025761,-103.13713887576586
-0.12245840610690799,-0.074663288127237798,0.22010557943503078,2.1627090709647348e-05,-22287.448973870356,-48361.482042083364,-42.849495635025761,-103.13713887576586
0.11346066976237736,0,0.22135125359236407,1.1039883427730064e-05,41315.210243224778,-56116.7149583926,76.611686394979387,-111.72428099829919
-0.11346066976237736,0,0.22135125359236407,1.1039883427730064e-05,41315.210243224778,-56116.7149583926,76.611686394979387,-111.72428099829919
0.11346066976237736,-0,0.22135125359236407,1.1039883427730064e-05,41315.210243224778,-56116.7149583926,76.611686394979387,-111.72428099829919
-0.11346066976237736,-0,0.22135125359236407,1.1039883427730064e-05,41315.210243224778,-56116.7149583926,76.611686394979387,-111.72428099829919
0.17590862601202242,0.091516262147169722,0.20728499595340921,3.1842460900896148e-05,-19123.466517082128,27867.287321094063,-42.517972199373013,48.660009892395905
-0.17590862601202242,0.091516262147169722,0.20728499595340921,3.1842460900896148e-05,-19123.466517082128,27867.287321094063,-42.517972199373013,48.660009892395905
0.17590862601202242,-0.091516262147169722,0.20728499595340921,3.1842460900896148e-05,-19123.466517082128,27867.287321094063,-42.517972199373013,48.660009892395905
-0.17590862601202242,-0.091516262147169722,0.20728499595340921,3.1842460900896148e-05,-19123.466517082128,27867.287321094063,-42.517972199373013,48.660009892395905
0.15736689830144079,0.089993892248815613,0.21253804897944098,2.8489545900439637e-05,-37188.964577530176,10085.644433377951,-78.063914672506982,15.273378886356573
-0.15736689830144079,0.089993892248815613,0.21253804897944098,2.8489545900439637e-05,-37188.964577530176,10085.644433377951,-78.063914672506982,15.273378886356573
0.15736689830144079,-0.089993892248815613,0.21253804897944098,2.8489545900439637e-05,-37188.964577530176,10085.644433377951,-78.063914672506982,15.273378886356573
-0.15736689830144079,-0.089993892248815613,0.21253804897944098,2.8489545900439637e-05,-37188.964577530176,10085.644433377951,-78.063914672506982,15.273378886356573
0.11954426237746113,0.058540384031455311,0.22054485526367162,2.1585769031718783e-05,-2971.2591135279022,-59562.273831785569,-5.3568206825023514,-124.62838391046206
-0.11954426237746113,0.058540384031455311,0.22054485526367162,2.1585769031718783e-05,-2971.2591135279022,-59562.273831785569,-5.3568206825023514,-124.62838391046206
0.11954426237746113,-0.058540384031455311,0.22054485526367162,2.1585769031718783e-05,-2971.2591135279022,-59562.273831785569,-5.3568206825023514,-124.62838391046206
-0.11954426237746113,-0.058540384031455311,0.22054485526367162,2.1585769031718783e-05,-2971.2591135279022,-59562.273831785569,-5.3568206825023514,-124.62838391046206
0.14805336770808705,0.021610232612702601,0.21632413500022901,2.3705929275071523e-05,-29660.374147618055,-47519.622236576884,-60.82860683584763,-97.915503796831885
-0.14805336770808705,0.021610232612702601,0.21632413500022901,2.3705929275071523e-05,-29660.374147618055,-47519.622236576884,-60.82860683584763,-97.915503796831885
0.14805336770808705,-0.021610232612702601,0.21632413500022901,2.3705929275071523e-05,-29660.374147618055,-47519.622236576884,-60.82860683584763,-97.915503796831885
-0.14805336770808705,-0.021610232612702601,0.21632413500022901,2.3705929275071523e-05,-29660.374147618055,-47519.622236576884,-60.82860683584763,-97.915503796831885
0.14802067013830936,0.010204140460330927,0.21632897579907417,2.7173867530880438e-05,-26957.513766609394,-50350.12284152615,-65.244461894792309,-103.13309654674393
-0.14802067013830936,0.010204140460330927,0.21632897579907417,2.7173867530880438e-05,-26957.513766609394,-50350.12284152615,-65.244461894792309,-103.13309654674393
0.14802067013830936,-0.010204140460330927,0.21632897579907417,2.7173867530880438e-05,-26957.513766609394,-50350.12284152615,-65.244461894792309,-103.13309654674393
-0.14802067013830936,-0.010204140460330927,0.21632897579907417,2.7173867530880438e-05,-26957.513766609394,-50350.12284152615,-65.244461894792309,-103.13309654674393
0.1478794224568932,0.032453644984850004,0.21634988718844439,2.6308376739896278e-05,-33633.226440757076,-43966.353814747308,-69.142373385514347,-93.515717167817087
-0.1478794224568932,0.032453644984850004,0.21634988718844439,2.6308376739896278e-05,-33633.226440757076,-43966.353814747308,-69.142373385514347,-93.515717167817087
0.1478794224568932,-0.032453644984850004,0.21634988718844439,2.6308376739896278e-05,-33633.226440757076,-43966.353814747308,-69.142373385514347,-93.515717167817087
-0.1478794224568932,-0.032453644984850004,0.21634988718844439,2.6308376739896278e-05,-33633.226440757076,-43966.353814747308,-69.142373385514347,-93.515717167817087
0.16768955439329147,0.12999999523162842,0.20314814895391464,1.1308993352030803e-05,13438.633843707237,13528.053065413591,27.098831249297628,17.199896162456987
-0.16768955439329147,0.12999999523162842,0.20314814895391464,1.1308993352030803e-05,13438.633843707237,13528.053065413591,27.098831249297628,17.199896162456987
0.16768955439329147,-0.12999999523162842,0.20314814895391464,1.1308993352030803e-05,13438.633843707237,13528.053065413591,27.098831249297628,17.199896162456987
-0.16768955439329147,-0.12999999523162842,0.20314814895391464,1.1308993352030803e-05,13438.633843707237,13528.053065413591,27.098831249297628,17.199896162456987
0.023791367096250543,0.010542786647645078,0.23229908462781004,3.0465567847228085e-05,86890.123252572754,17320.657419351628,213.86469352799932,36.524940857860585
-0.023791367096250543,0.010542786647645078,0.23229908462781004,3.0465567847228085e-05,86890.123252572754,17320.657419351628,213.86469352799932,36.524940857860585
0.023791367096250543,-0.010542786647645078,0.23229908462781004,3.0465567847228085e-05,86890.123252572754,17320.657419351628,213.86469352799932,36.524940857860585
-0.023791367096250543,-0.010542786647645078,0.23229908462781004,3.0465567847228085e-05,86890.123252572754,17320.657419351628,213.86469352799932,36.524940857860585
0.19524334157420523,0.071662241186182529,0.20443784267552353,1.8290863857734074e-05,71.315853860577121,30475.698202269072,10.244762313118473,49.729185471014517
-0.19524334157420523,0.071662241186182529,0.20443784267552353,1.8290863857734074e-05,71.315853860577121,30475.698202269072,10.244762313118473,49.729185471014517
0.19524334157420523,-0.071662241186182529,0.20443784267552353,1.8290863857734074e-05,71.315853860577121,30475.698202269072,10.244762313118473,49.729185471014517
-0.19524334157420523,-0.071662241186182529,0.20443784267552353,1.8290863857734074e-05,71.315853860577121,30475.698202269072,10.244762313118473,49.729185471014517
0.051462212052876766,0.011146287703189326,0.23014856608509823,2.7512838266425329e-05,84815.602256271828,3051.2070212699496,204.09004251190851,1.867809529997539
-0.051462212052876766,0.011146287703189326,0.23014856608509823,2.7512838266425329e-05,84815.602256271828,3051.2070212699496,204.09004251190851,1.867809529997539
0.051462212052876766,-0.011146287703189326,0.23014856608509823,2.7512838266425329e-05,84815.602256271828,3051.2070212699496,204.09004251190851,1.867809529997539
-0.051462212052876766,-0.011146287703189326,0.23014856608509823,2.7512838266425329e-05,84815.602256271828,3051.2070212699496,204.09004251190851,1.867809529997539
0.023482729471258207,0.01560533702574019,0.23231533564410631,2.1908284387896405e-05,87065.05180163098,15725.651883891021,205.17190303655963,26.656479174159539
-0.023482729471258207,0.01560533702574019,0.23231533564410631,2.1908284387896405e-05,87065.05180163098,15725.651883891021,205.17190303655963,26.656479174159539
0.023482729471258207,-0.01560533702574019,0.23231533564410631,2.1908284387896405e-05,87065.05180163098,15725.651883891021,205.17190303655963,26.656479174159539
-0.023482729471258207,-0.01560533702574019,0.23231533564410631,2.1908284387896405e-05,87065.05180163098,15725.651883891021,205.17190303655963,26.656479174159539
0.13802515853597347,0.082630567398276317,0.21734256054102111,3.4166798274519306e-05,-40287.887822374178,-23682.836452665666,-81.365934876477539,-47.150138489744215
-0.13802515853597347,0.082630567398276317,0.21734256054102111,3.4166798274519306e-05,-40287.887822374178,-23682.836452665666,-81.365934876477539,-47.150138489744215
0.13802515853597347,-0.082630567398276317,0.21734256054102111,3.4166798274519306e-05,-40287.887822374178,-23682.836452665666,-81.365934876477539,-47.150138489744215
-0.13802515853597347,-0.082630567398276317,0.21734256054102111,3.4166798274519306e-05,-40287.887822374178,-23682.836452665666,-81.365934876477539,-47.150138489744215
0.15661969338005324,0.084940162587383974,0.21318501168930798,2.6608623495757472e-05,-40575.88432561628,4999.7005395523684,-84.317726078170836,4.6366791700145766
-0.15661969338005324,0.084940162587383974,0.21318501168930798,2.6608623495757472e-05,-40575.88432561628,4999.7005395523684,-84.317726078170836,4.6366791700145766
0.15661969338005324,-0.084940162587383974,0.21318501168930798,2.6608623495757472e-05,-40575.88432561628,4999.7005395523684,-84.317726078170836,4.6366791700145766
-0.15661969338005324,-0.084940162587383974,0.21318501168930798,2.6608623495757472e-05,-40575.88432561628,4999.7005395523684,-84.317726078170836,4.6366791700145766
0.15697234208838473,0.079111564488227412,0.21360469871369503,2.4595026591917861e-05,-43484.024530541174,997.550368598555,-89.392974192919141,-1.2131676414776842
-0.15697234208838473,0.079111564488227412,0.21360469871369503,2.4595026591917861e-05,-43484.024530541174,997.550368598555,-89.392974192919141,-1.2131676414776842
0.15697234208838473,-0.079111564488227412,0.21360469871369503,2.4595026591917861e-05,-43484.024530541174,997.550368598555,-89.392974192919141,-1.2131676414776842
-0.15697234208838473,-0.079111564488227412,0.21360469871369503,2.4595026591917861e-05,-43484.024530541174,997.550368598555,-89.392974192919141,-1.2131676414776842
0.14761905372142792,0.042345914989709854,0.21638843417167664,2.3072141224197455e-05,-37398.054603318764,-40259.390402032943,-79.272584188055902,-78.779176167725339
-0.14761905372142792,0.042345914989709854,0.21638843417167664,2.3072141224197455e-05,-37398.054603318764,-40259.390402032943,-79.272584188055902,-78.779176167725339
0.14761905372142792,-0.042345914989709854,0.21638843417167664,2.3072141224197455e-05,-37398.054603318764,-40259.390402032943,-79.272584188055902,-78.779176167725339
-0.14761905372142792,-0.042345914989709854,0.21638843417167664,2.3072141224197455e-05,-37398.054603318764,-40259.390402032943,-79.272584188055902,-78.779176167725339
0.10991182193227894,0.055543755139485639,0.22197091557641457,3.4938521862919357e-05,15083.289534136122,-61210.085681755336,31.476375526370017,-135.67585904696205
-0.10991182193227894,0.055543755139485639,0.22197091557641457,3.4938521862919357e-05,15083.289534136122,-61210.085681755336,31.476375526370017,-135.67585904696205
0.10991182193227894,-0.055543755139485639,0.22197091557641457,3.4938521862919357e-05,15083.289534136122,-61210.085681755336,31.476375526370017,-135.67585904696205
-0.10991182193227894,-0.055543755139485639,0.22197091557641457,3.4938521862919357e-05,15083.289534136122,-61210.085681755336,31.476375526370017,-135.67585904696205
0.20000000298023224,0.048881763592362404,0.20601543784141541,1.3555488962237752e-05,6061.7999993734129,29148.424153992401,18.314624649041559,44.32408610705513
-0.20000000298023224,0.048881763592362404,0.20601543784141541,1.3555488962237752e-05,6061.7999993734129,29148.424153992401,18.314624649041559,44.32408610705513
0.20000000298023224,-0.048881763592362404,0.20601543784141541,1.3555488962237752e-05,6061.7999993734129,29148.424153992401,18.314624649041559,44.32408610705513
-0.20000000298023224,-0.048881763592362404,0.20601543784141541,1.3555488962237752e-05,6061.7999993734129,29148.424153992401,18.314624649041559,44.32408610705513
0.15238095819950104,0.035185100510716438,0.21568344533443451,2.2876663264721963e-05,-40304.46254667129,-35173.56042465473,-76.888960026883538,-74.248223242556136
-0.15238095819950104,0.035185100510716438,0.21568344533443451,2.2876663264721963e-05,-40304.46254667129,-35173.56042465473,-76.888960026883538,-74.248223242556136
0.15238095819950104,-0.035185100510716438,0.21568344533443451,2.2876663264721963e-05,-40304.46254667129,-35173.56042465473,-76.888960026883538,-74.248223242556136
-0.15238095819950104,-0.035185100510716438,0.21568344533443451,2.2876663264721963e-05,-40304.46254667129,-35173.56042465473,-76.888960026883538,-74.248223242556136
0.19139630646241915,0.046027541784322154,0.20835879771718727,1.9731641904730153e-05,-16126.479745677607,34281.205231927306,-18.519415417690361,52.256214903588919
-0.19139630646241915,0.046027541784322154,0.20835879771718727,1.9731641904730153e-05,-16126.479745677607,34281.205231927306,-18.519415417690361,52.256214903588919
0.19139630646241915,-0.046027541784322154,0.20835879771718727,1.9731641904730153e-05,-16126.479745677607,34281.205231927306,-18.519415417690361,52.256214903588919
-0.19139630646241915,-0.046027541784322154,0.20835879771718727,1.9731641904730153e-05,-16126.479745677607,34281.205231927306,-18.519415417690361,52.256214903588919
0.16207348557969484,0.036924885723035684,0.21422660169211344,2.7359187864813858e-05,-48894.055101367165,-14897.926904694017,-92.912447200153991,-32.649151209255336
-0.16207348557969484,0.036924885723035684,0.21422660169211344,2.7359187864813858e-05,-48894.055101367165,-14897.926904694017,-92.912447200153991,-32.649151209255336
0.16207348557969484,-0.036924885723035684,0.21422660169211344,2.7359187864813858e-05,-48894.055101367165,-14897.926904694017,-92.912447200153991,-32.649151209255336
-0.16207348557969484,-0.036924885723035684,0.21422660169211344,2.7359187864813858e-05,-48894.055101367165,-14897.926904694017,-92.912447200153991,-32.649151209255336
0.071301656681783274,0.036807448212364299,0.2276793343253653,3.7667628871329018e-05,71879.876080545742,-29034.572057265639,169.46404143724291,-67.509246380019334
-0.071301656681783274,0.036807448212364299,0.2276793343253653,3.7667628871329018e-05,71879.876080545742,-29034.572057265639,169.46404143724291,-67.509246380019334
0.071301656681783274,-0.036807448212364299,0.2276793343253653,3.7667628871329018e-05,71879.876080545742,-29034.572057265639,169.46404143724291,-67.509246380019334
-0.071301656681783274,-0.036807448212364299,0.2276793343253653,3.7667628871329018e-05,71879.876080545742,-29034.572057265639,169.46404143724291,-67.509246380019334
0.18058842147639459,0.043318370302833663,0.21085116216394298,2.5528437474464471e-05,-38297.461579129886,24027.795477561882,-59.527318986674317,41.212478942887699
-0.18058842147639459,0.043318370302833663,0.21085116216394298,2.5528437474464471e-05,-38297.461579129886,24027.795477561882,-59.527318986674317,41.212478942887699
0.18058842147639459,-0.043318370302833663,0.21085116216394298,2.5528437474464471e-05,-38297.461579129886,24027.795477561882,-59.527318986674317,41.212478942887699
-0.18058842147639459,-0.043318370302833663,0.21085116216394298,2.5528437474464471e-05,-38297.461579129886,24027.795477561882,-59.527318986674317,41.212478942887699
0.055946801325153908,0.053957747745975115,0.22965573080983334,3.9912045654266493e-05,68338.269480211093,-35446.836860718322,156.97149489580926,-79.648201246387501
-0.055946801325153908,0.053957747745975115,0.22965573080983334,3.9912045654266493e-05,68338.269480211093,-35446.836860718322,156.97149489580926,-79.648201246387501
0.055946801325153908,-0.053957747745975115,0.22965573080983334,3.9912045654266493e-05,68338.269480211093,-35446.836860718322,156.97149489580926,-79.648201246387501
-0.055946801325153908,-0.053957747745975115,0.22965573080983334,3.9912045654266493e-05,68338.269480211093,-35446.836860718322,156.97149489580926,-79.648201246387501
0.17219144205215492,0.040305887262765155,0.2125317009706493,1.7517336413896789e-05,-47512.082862812487,7900.7685110311077,-84.881011272944349,7.7605691277861473
-0.17219144205215492,0.040305887262765155,0.2125317009706493,1.7517336413896789e-05,-47512.082862812487,7900.7685110311077,-84.881011272944349,7.7605691277861473
0.17219144205215492,-0.040305887262765155,0.2125317009706493,1.7517336413896789e-05,-47512.082862812487,7900.7685110311077,-84.881011272944349,7.7605691277861473
-0.17219144205215492,-0.040305887262765155,0.2125317009706493,1.7517336413896789e-05,-47512.082862812487,7900.7685110311077,-84.881011272944349,7.7605691277861473
0.19523809850215912,0.10720710456371307,0.19786931574344635,1.3829362882937088e-05,11489.684783813436,16362.244593812165,28.315568706031232,27.545973982202213
-0.19523809850215912,0.10720710456371307,0.19786931574344635,1.3829362882937088e-05,11489.684783813436,16362.244593812165,28.315568706031232,27.545973982202213
0.19523809850215912,-0.10720710456371307,0.19786931574344635,1.3829362882937088e-05,11489.684783813436,16362.244593812165,28.315568706031232,27.545973982202213
-0.19523809850215912,-0.10720710456371307,0.19786931574344635,1.3829362882937088e-05,11489.684783813436,16362.244593812165,28.315568706031232,27.545973982202213
0.0937759168446064,0.074285715818405151,0.22435980290174484,1.7693273956012011e-05,13397.74512708301,-57644.406889071899,32.013451458201914,-132.70548879739044
-0.0937759168446064,0.074285715818405151,0.22435980290174484,1.7693273956012011e-05,13397.74512708301,-57644.406889071899,32.013451458201914,-132.70548879739044
0.0937759168446064,-0.074285715818405151,0.22435980290174484,1.7693273956012011e-05,13397.74512708301,-57644.406889071899,32.013451458201914,-132.70548879739044
-0.0937759168446064,-0.074285715818405151,0.22435980290174484,1.7693273956012011e-05,13397.74512708301,-57644.406889071899,32.013451458201914,-132.70548879739044
0.14171510610210211,0.1105050246857581,0.21437365772357053,3.4063317832050171e-05,-28356.992771871563,14650.413788653459,-45.481849101694912,28.235715393138666
-0.14171510610210211,0.1105050246857581,0.21437365772357053,3.4063317832050171e-05,-28356.992771871563,14650.413788653459,-45.481849101694912,28.235715393138666
0.14171510610210211,-0.1105050246857581,0.21437365772357053,3.4063317832050171e-05,-28356.992771871563,14650.413788653459,-45.481849101694912,28.235715393138666
-0.14171510610210211,-0.1105050246857581,0.21437365772357053,3.4063317832050171e-05,-28356.992771871563,14650.413788653459,-45.481849101694912,28.235715393138666
0.19528497525125305,0.062423440458712384,0.20567619825713945,2.4093318431902531e-05,-2747.083869109068,32261.324806869692,5.1221591180693693,51.57963311038506
-0.19528497525125305,0.062423440458712384,0.20567619825713945,2.4093318431902531e-05,-2747.083869109068,32261.324806869692,5.1221591180693693,51.57963311038506
0.19528497525125305,-0.062423440458712384,0.20567619825713945,2.4093318431902531e-05,-2747.083869109068,32261.324806869692,5.1221591180693693,51.57963311038506
-0.19528497525125305,-0.062423440458712384,0.20567619825713945,2.4093318431902531e-05,-2747.083869109068,32261.324806869692,5.1221591180693693,51.57963311038506
0.17656094920666587,0.075804656654598387,0.20912314488335784,2.2106993380049017e-05,-30151.258597926426,25857.540202367778,-59.064544774660376,44.778008701336745
-0.17656094920666587,0.075804656654598387,0.20912314488335784,2.2106993380049017e-05,-30151.258597926426,25857.540202367778,-59.064544774660376,44.778008701336745
0.17656094920666587,-0.075804656654598387,0.20912314488335784,2.2106993380049017e-05,-30151.258597926426,25857.540202367778,-59.064544774660376,44.778008701336745
-0.17656094920666587,-0.075804656654598387,0.20912314488335784,2.2106993380049017e-05,-30151.258597926426,25857.540202367778,-59.064544774660376,44.778008701336745
0.19483077682162672,0.11184933768666573,0.19693008121844291,2.5455804186629584e-05,12270.143491097089,14031.098517989734,29.203320959875761,20.6864091380512
-0.19483077682162672,0.11184933768666573,0.19693008121844291,2.5455804186629584e-05,12270.143491097089,14031.098517989734,29.203320959875761,20.6864091380512
0.19483077682162672,-0.11184933768666573,0.19693008121844291,2.5455804186629584e-05,12270.143491097089,14031.098517989734,29.203320959875761,20.6864091380512
-0.19483077682162672,-0.11184933768666573,0.19693008121844291,2.5455804186629584e-05,12270.143491097089,14031.098517989734,29.203320959875761,20.6864091380512
0.16550578182824888,0.1074354734900385,0.2080179401514646,2.3050589966378086e-05,-14401.063608621875,26065.342932293916,-29.748691042524012,45.541099781250509
-0.16550578182824888,0.1074354734900385,0.2080179401514646,2.3050589966378086e-05,-14401.063608621875,26065.342932293916,-29.748691042524012,45.541099781250509
0.16550578182824888,-0.1074354734900385,0.2080179401514646,2.3050589966378086e-05,-14401.063608621875,26065.342932293916,-29.748691042524012,45.541099781250509
-0.16550578182824888,-0.1074354734900385,0.2080179401514646,2.3050589966378086e-05,-14401.063608621875,26065.342932293916,-29.748691042524012,45.541099781250509
0.18143270894617794,0.11556044789359389,0.2011799377779902,1.2901986033718355e-05,6904.8728795741417,22046.35985811377,11.962718382590635,35.775897673253631
-0.18143270894617794,0.11556044789359389,0.2011799377779902,1.2901986033718355e-05,6904.8728795741417,22046.35985811377,11.962718382590635,35.775897673253631
0.18143270894617794,-0.11556044789359389,0.2011799377779902,1.2901986033718355e-05,6904.8728795741417,22046.35985811377,11.962718382590635,35.775897673253631
-0.18143270894617794,-0.11556044789359389,0.2011799377779902,1.2901986033718355e-05,6904.8728795741417,22046.35985811377,11.962718382590635,35.775897673253631
0.13901226900201907,0.071914470897515639,0.21752573855538843,3.2777696939827431e-05,-38628.778783407484,-32960.060596001676,-79.902761014342957,-67.602138161945632
-0.13901226900201907,0.071914470897515639,0.21752573855538843,3.2777696939827431e-05,-38628.778783407484,-32960.060596001676,-79.902761014342957,-67.602138161945632
0.13901226900201907,-0.071914470897515639,0.21752573855538843,3.2777696939827431e-05,-38628.778783407484,-32960.060596001676,-79.902761014342957,-67.602138161945632
-0.13901226900201907,-0.071914470897515639,0.21752573855538843,3.2777696939827431e-05,-38628.778783407484,-32960.060596001676,-79.902761014342957,-67.602138161945632
0.14678169289606885,0.052112103438845092,0.21649988929527064,2.8011448796423591e-05,-39828.654872706458,-36097.103400041342,-78.965237784272375,-72.936422739593453
-0.14678169289606885,0.052112103438845092,0.21649988929527064,2.8011448796423591e-05,-39828.654872706458,-36097.103400041342,-78.965237784272375,-72.936422739593453
0.14678169289606885,-0.052112103438845092,0.21649988929527064,2.8011448796423591e-05,-39828.654872706458,-36097.103400041342,-78.965237784272375,-72.936422739593453
-0.14678169289606885,-0.052112103438845092,0.21649988929527064,2.8011448796423591e-05,-39828.654872706458,-36097.103400041342,-78.965237784272375,-72.936422739593453
0,0.01132423710078001,0.23284997791051865,2.4589725200314884e-05,86213.113317588475,25994.554695641604,182.0346993122472,37.595948390710788
-0,0.01132423710078001,0.23284997791051865,2.4589725200314884e-05,86213.113317588475,25994.554695641604,182.0346993122472,37.595948390710788
0,-0.01132423710078001,0.23284997791051865,2.4589725200314884e-05,86213.113317588475,25994.554695641604,182.0346993122472,37.595948390710788
-0,-0.01132423710078001,0.23284997791051865,2.4589725200314884e-05,86213.113317588475,25994.554695641604,182.0346993122472,37.595948390710788
0.17008010798319717,0.10585048805477697,0.20687368065260953,2.7558506313531231e-05,-11933.060577019025,27216.944531875841,-24.407824067736449,45.950929042868275
-0.17008010798319717,0.10585048805477697,0.20687368065260953,2.7558506313531231e-05,-11933.060577019025,27216.944531875841,-24.407824067736449,45.950929042868275
0.17008010798319717,-0.10585048805477697,0.20687368065260953,2.7558506313531231e-05,-11933.060577019025,27216.944531875841,-24.407824067736449,45.950929042868275
-0.17008010798319717,-0.10585048805477697,0.20687368065260953,2.7558506313531231e-05,-11933.060577019025,27216.944531875841,-24.407824067736449,45.950929042868275
0.11833203416311082,0.068048320148672362,0.22072432281982318,3.0168173906650036e-05,-10664.125650758608,-55847.162713077218,-24.754759696561063,-119.82164415596715
-0.11833203416311082,0.068048320148672362,0.22072432281982318,3.0168173906650036e-05,-10664.125650758608,-55847.162713077218,-24.754759696561063,-119.82164415596715
0.11833203416311082,-0.068048320148672362,0.22072432281982318,3.0168173906650036e-05,-10664.125650758608,-55847.162713077218,-24.754759696561063,-119.82164415596715
-0.11833203416311082,-0.068048320148672362,0.22072432281982318,3.0168173906650036e-05,-10664.125650758608,-55847.162713077218,-24.754759696561063,-119.82164415596715
0.19523809850215912,0.052684109658002853,0.20680899918079376,2.6649666370835151e-05,-5282.5706855039034,33503.673627694872,1.5201234424990211,50.843027149558594
-0.19523809850215912,0.052684109658002853,0.20680899918079376,2.6649666370835151e-05,-5282.5706855039034,33503.673627694872,1.5201234424990211,50.843027149558594
0.19523809850215912,-0.052684109658002853,0.20680899918079376,2.6649666370835151e-05,-5282.5706855039034,33503.673627694872,1.5201234424990211,50.843027149558594
-0.19523809850215912,-0.052684109658002853,0.20680899918079376,2.6649666370835151e-05,-5282.5706855039034,33503.673627694872,1.5201234424990211,50.843027149558594
0.18600857167570911,0.059240255363223637,0.20844849859501363,1.8570820404824201e-05,-23753.124227810098,31985.072868955649,-39.760654836319837,52.23369118424251
-0.18600857167570911,0.059240255363223637,0.20844849859501363,1.8570820404824201e-05,-23753.124227810098,31985.072868955649,-39.760654836319837,52.23369118424251
0.18600857167570911,-0.059240255363223637,0.20844849859501363,1.8570820404824201e-05,-23753.124227810098,31985.072868955649,-39.760654836319837,52.23369118424251
-0.18600857167570911,-0.059240255363223637,0.20844849859501363,1.8570820404824201e-05,-23753.124227810098,31985.072868955649,-39.760654836319837,52.23369118424251
0.12787596641393345,0.072543262014165596,0.21927863157715846,2.7501190288266501e-05,-27362.684280146561,-45702.091532426195,-59.443102038598617,-93.974699252470288
-0.12787596641393345,0.072543262014165596,0.21927863157715846,2.7501190288266501e-05,-27362.684280146561,-45702.091532426195,-59.443102038598617,-93.974699252470288
0.12787596641393345,-0.072543262014165596,0.21927863157715846,2.7501190288266501e-05,-27362.684280146561,-45702.091532426195,-59.443102038598617,-93.974699252470288
-0.12787596641393345,-0.072543262014165596,0.21927863157715846,2.7501190288266501e-05,-27362.684280146561,-45702.091532426195,-59.443102038598617,-93.974699252470288
0.18566798091253531,0.10434004716915767,0.20194825739124861,1.5225654179936303e-05,2137.5744518352385,25889.892541153793,5.2827309965426963,45.068307395191084
-0.18566798091253531,0.10434004716915767,0.20194825739124861,1.5225654179936303e-05,2137.5744518352385,25889.892541153793,5.2827309965426963,45.068307395191084
0.18566798091253531,-0.10434004716915767,0.20194825739124861,1.5225654179936303e-05,2137.5744518352385,25889.892541153793,5.2827309965426963,45.068307395191084
-0.18566798091253531,-0.10434004716915767,0.20194825739124861,1.5225654179936303e-05,2137.5744518352385,25889.892541153793,5.2827309965426963,45.068307395191084
0.16672721978297403,0.072143765636867405,0.21191344978393808,1.8160124297414079e-05,-42420.157831842509,11789.573034490584,-80.876380563048258,18.864369176005312
-0.16672721978297403,0.072143765636867405,0.21191344978393808,1.8160124297414079e-05,-42420.157831842509,11789.573034490584,-80.876380563048258,18.864369176005312
0.16672721978297403,-0.072143765636867405,0.21191344978393808,1.8160124297414079e-05,-42420.157831842509,11789.573034490584,-80.876380563048258,18.864369176005312
-0.16672721978297403,-0.072143765636867405,0.21191344978393808,1.8160124297414079e-05,-42420.157831842509,11789.573034490584,-80.876380563048258,18.864369176005312
0.10050313169590025,0.055242631593434795,0.22336385019328031,2.4489161264394703e-05,29295.610671632185,-58789.567523152618,64.413187244178758,-134.93787710289462
-0.10050313169590025,0.055242631593434795,0.22336385019328031,2.4489161264394703e-05,29295.610671632185,-58789.567523152618,64.413187244178758,-134.93787710289462
0.10050313169590025,-0.055242631593434795,0.22336385019328031,2.4489161264394703e-05,29295.610671632185,-58789.567523152618,64.413187244178758,-134.93787710289462
-0.10050313169590025,-0.055242631593434795,0.22336385019328031,2.4489161264394703e-05,29295.610671632185,-58789.567523152618,64.413187244178758,-134.93787710289462
0.19503796770994844,0.042113686742477625,0.20783221995574561,2.4469585500102807e-05,-7603.7236415981488,33966.280314911695,-1.2551533116504909,49.323740577366991
-0.19503796770994844,0.042113686742477625,0.20783221995574561,2.4469585500102807e-05,-7603.7236415981488,33966.280314911695,-1.2551533116504909,49.323740577366991
0.19503796770994844,-0.042113686742477625,0.20783221995574561,2.4469585500102807e-05,-7603.7236415981488,33966.280314911695,-1.2551533116504909,49.323740577366991
-0.19503796770994844,-0.042113686742477625,0.20783221995574561,2.4469585500102807e-05,-7603.7236415981488,33966.280314911695,-1.2551533116504909,49.323740577366991
0.18476417901928718,0.050578200945337604,0.20949808190433228,1.7908064471025946e-05,-29211.222126124667,30290.922035178537,-46.091722335088143,48.857060796002237
-0.18476417901928718,0.050578200945337604,0.20949808190433228,1.7908064471025946e-05,-29211.222126124667,30290.922035178537,-46.091722335088143,48.857060796002237
0.18476417901928718,-0.050578200945337604,0.20949808190433228,1.7908064471025946e-05,-29211.222126124667,30290.922035178537,-46.091722335088143,48.857060796002237
-0.18476417901928718,-0.050578200945337604,0.20949808190433228,1.7908064471025946e-05,-29211.222126124667,30290.922035178537,-46.091722335088143,48.857060796002237
0.085290375663682291,0.049170353377749512,0.22561606270779855,2.6416621688425091e-05,53186.34356684333,-47788.560398802292,119.93233226317291,-110.27775304122146
-0.085290375663682291,0.049170353377749512,0.22561606270779855,2.6416621688425091e-05,53186.34356684333,-47788.560398802292,119.93233226317291,-110.27775304122146
0.085290375663682291,-0.049170353377749512,0.22561606270779855,2.6416621688425091e-05,53186.34356684333,-47788.560398802292,119.93233226317291,-110.27775304122146
-0.085290375663682291,-0.049170353377749512,0.22561606270779855,2.6416621688425091e-05,53186.34356684333,-47788.560398802292,119.93233226317291,-110.27775304122146
0.17672498308604745,0.056517656927839291,0.21085014352191156,2.70708589947493e-05,-39776.88576170936,21478.260177917276,-70.861455296863781,35.449238874902036
-0.17672498308604745,0.056517656927839291,0.21085014352191156,2.70708589947493e-05,-39776.88576170936,21478.260177917276,-70.861455296863781,35.449238874902036
0.17672498308604745,-0.056517656927839291,0.21085014352191156,2.70708589947493e-05,-39776.88576170936,21478.260177917276,-70.861455296863781,35.449238874902036
-0.17672498308604745,-0.056517656927839291,0.21085014352191156,2.70708589947493e-05,-39776.88576170936,21478.260177917276,-70.861455296863781,35.449238874902036
0.15727200323923585,0.068551946410428541,0.21421705045045147,2.5714605541646693e-05,-47086.890423809469,-6127.3814736116237,-96.53778131369846,-13.318352135592955
-0.15727200323923585,0.068551946410428541,0.21421705045045147,2.5714605541646693e-05,-47086.890423809469,-6127.3814736116237,-96.53778131369846,-13.318352135592955
0.15727200323923585,-0.068551946410428541,0.21421705045045147,2.5714605541646693e-05,-47086.890423809469,-6127.3814736116237,-96.53778131369846,-13.318352135592955
-0.15727200323923585,-0.068551946410428541,0.21421705045045147,2.5714605541646693e-05,-47086.890423809469,-6127.3814736116237,-96.53778131369846,-13.318352135592955
0.080201094108298662,0.042645136144358053,0.22636952807172792,1.5660952645342785e-05,63003.728358316359,-40528.277253963119,144.14872872016272,-107.75500407065584
-0.080201094108298662,0.042645136144358053,0.22636952807172792,1.5660952645342785e-05,63003.728358316359,-40528.277253963119,144.14872872016272,-107.75500407065584
0.080201094108298662,-0.042645136144358053,0.22636952807172792,1.5660952645342785e-05,63003.728358316359,-40528.277253963119,144.14872872016272,-107.75500407065584
-0.080201094108298662,-0.042645136144358053,0.22636952807172792,1.5660952645342785e-05,63003.728358316359,-40528.277253963119,144.14872872016272,-107.75500407065584
0.14360080053441748,0.039386260822620242,0.21698332717196656,2.3484518415974243e-05,-30123.549809648423,-47477.146633467826,-61.55765133098005,-99.436524469320929
-0.14360080053441748,0.039386260822620242,0.21698332717196656,2.3484518415974243e-05,-30123.549809648423,-47477.146633467826,-61.55765133098005,-99.436524469320929
0.14360080053441748,-0.039386260822620242,0.21698332717196656,2.3484518415974243e-05,-30123.549809648423,-47477.146633467826,-61.55765133098005,-99.436524469320929
-0.14360080053441748,-0.039386260822620242,0.21698332717196656,2.3484518415974243e-05,-30123.549809648423,-47477.146633467826,-61.55765133098005,-99.436524469320929
0.13288374867732647,0.037239541240928639,0.21856996232265916,2.2928413768132636e-05,-10369.745715203844,-59524.99622327472,-24.290490716726136,-125.27669129060739
-0.13288374867732647,0.037239541240928639,0.21856996232265916,2.2928413768132636e-05,-10369.745715203844,-59524.99622327472,-24.290490716726136,-125.27669129060739
0.13288374867732647,-0.037239541240928639,0.21856996232265916,2.2928413768132636e-05,-10369.745715203844,-59524.99622327472,-24.290490716726136,-125.27669129060739
-0.13288374867732647,-0.037239541240928639,0.21856996232265916,2.2928413768132636e-05,-10369.745715203844,-59524.99622327472,-24.290490716726136,-125.27669129060739
0.12380952388048172,0.033762039616703987,0.21991339325904846,2.5742217486063852e-05,9210.3663498171263,-63049.140775680775,20.000961836879899,-136.02210268969446
-0.12380952388048172,0.033762039616703987,0.21991339325904846,2.5742217486063852e-05,9210.3663498171263,-63049.140775680775,20.000961836879899,-136.02210268969446
0.12380952388048172,-0.033762039616703987,0.21991339325904846,2.5742217486063852e-05,9210.3663498171263,-63049.140775680775,20.000961836879899,-136.02210268969446
-0.12380952388048172,-0.033762039616703987,0.21991339325904846,2.5742217486063852e-05,9210.3663498171263,-63049.140775680775,20.000961836879899,-136.02210268969446
0.11433948960923605,0.030506711982030525,0.22131540971701616,2.4947256133695596e-05,28438.200523203617,-60954.058386737808,59.3351325923921,-137.60725135467013
-0.11433948960923605,0.030506711982030525,0.22131540971701616,2.4947256133695596e-05,28438.200523203617,-60954.058386737808,59.3351325923921,-137.60725135467013
0.11433948960923605,-0.030506711982030525,0.22131540971701616,2.4947256133695596e-05,28438.200523203617,-60954.058386737808,59.3351325923921,-137.60725135467013
-0.11433948960923605,-0.030506711982030525,0.22131540971701616,2.4947256133695596e-05,28438.200523203617,-60954.058386737808,59.3351325923921,-137.60725135467013
0.10428980995745554,0.028234274792916642,0.2228032413198944,2.1331414993495476e-05,45464.955817436407,-53614.218774308196,102.50538591416405,-127.01601053067294
-0.10428980995745554,0.028234274792916642,0.2228032413198944,2.1331414993495476e-05,45464.955817436407,-53614.218774308196,102.50538591416405,-127.01601053067294
0.10428980995745554,-0.028234274792916642,0.2228032413198944,2.1331414993495476e-05,45464.955817436407,-53614.218774308196,102.50538591416405,-127.01601053067294
-0.10428980995745554,-0.028234274792916642,0.2228032413198944,2.1331414993495476e-05,45464.955817436407,-53614.218774308196,102.50538591416405,-127.01601053067294
0.11842287911252819,0.062695991454320726,0.22071087343721713,2.1460959450676508e-05,-5339.4437890654845,-58487.325372855601,-13.884795025532657,-124.01142952808145
-0.11842287911252819,0.062695991454320726,0.22071087343721713,2.1460959450676508e-05,-5339.4437890654845,-58487.325372855601,-13.884795025532657,-124.01142952808145
0.11842287911252819,-0.062695991454320726,0.22071087343721713,2.1460959450676508e-05,-5339.4437890654845,-58487.325372855601,-13.884795025532657,-124.01142952808145
-0.11842287911252819,-0.062695991454320726,0.22071087343721713,2.1460959450676508e-05,-5339.4437890654845,-58487.325372855601,-13.884795025532657,-124.01142952808145
0.095135292491594942,0.025400316850358554,0.22415854625166853,2.6953523278062405e-05,58696.991602138791,-43350.654519273659,130.71387818183311,-104.46733580577971
-0.095135292491594942,0.025400316850358554,0.22415854625166853,2.6953523278062405e-05,58696.991602138791,-43350.654519273659,130.71387818183311,-104.46733580577971
0.095135292491594942,-0.025400316850358554,0.22415854625166853,2.6953523278062405e-05,58696.991602138791,-43350.654519273659,130.71387818183311,-104.46733580577971
-0.095135292491594942,-0.025400316850358554,0.22415854625166853,2.6953523278062405e-05,58696.991602138791,-43350.654519273659,130.71387818183311,-104.46733580577971
0.19497295969749429,0.031168123822863394,0.20859478010580637,2.6454508114758938e-05,-8768.5869171930044,33478.488539014943,-2.8228618797865583,45.949278065948121
-0.19497295969749429,0.031168123822863394,0.20859478010580637,2.6454508114758938e-05,-8768.5869171930044,33478.488539014943,-2.8228618797865583,45.949278065948121
0.19497295969749429,-0.031168123822863394,0.20859478010580637,2.6454508114758938e-05,-8768.5869171930044,33478.488539014943,-2.8228618797865583,45.949278065948121
-0.19497295969749429,-0.031168123822863394,0.20859478010580637,2.6454508114758938e-05,-8768.5869171930044,33478.488539014943,-2.8228618797865583,45.949278065948121
0.086486446599322642,0.022622170616430733,0.22543898768789544,1.7822349118737842e-05,67961.731103003811,-32846.560726698968,153.77660030172839,-83.702932183128695
-0.086486446599322642,0.022622170616430733,0.22543898768789544,1.7822349118737842e-05,67961.731103003811,-32846.560726698968,153.77660030172839,-83.702932183128695
0.086486446599322642,-0.022622170616430733,0.22543898768789544,1.7822349118737842e-05,67961.731103003811,-32846.560726698968,153.77660030172839,-83.702932183128695
-0.086486446599322642,-0.022622170616430733,0.22543898768789544,1.7822349118737842e-05,67961.731103003811,-32846.560726698968,153.77660030172839,-83.702932183128695
0.1865682362943672,0.10949805217346847,0.20058691509493695,3.7066425153664133e-05,6238.074189953797,22791.816083645728,11.740769481103772,37.580727321117337
-0.1865682362943672,0.10949805217346847,0.20058691509493695,3.7066425153664133e-05,6238.074189953797,22791.816083645728,11.740769481103772,37.580727321117337
0.1865682362943672,-0.10949805217346847,0.20058691509493695,3.7066425153664133e-05,6238.074189953797,22791.816083645728,11.740769481103772,37.580727321117337
-0.1865682362943672,-0.10949805217346847,0.20058691509493695,3.7066425153664133e-05,6238.074189953797,22791.816083645728,11.740769481103772,37.580727321117337
0.089630190066075657,0.046280509141247671,0.22497356374380437,1.9398031314327521e-05,51593.11736540735,-49073.88850478884,109.25689751263982,-113.57085820083316
-0.089630190066075657,0.046280509141247671,0.22497356374380437,1.9398031314327521e-05,51593.11736540735,-49073.88850478884,109.25689751263982,-113.57085820083316
0.089630190066075657,-0.046280509141247671,0.22497356374380437,1.9398031314327521e-05,51593.11736540735,-49073.88850478884,109.25689751263982,-113.57085820083316
-0.089630190066075657,-0.046280509141247671,0.22497356374380437,1.9398031314327521e-05,51593.11736540735,-49073.88850478884,109.25689751263982,-113.57085820083316
0.12805541812725002,0.06706338040062132,0.21927660793984788,2.1006086357471523e-05,-23470.071746252819,-49706.738226757669,-49.385860000152498,-103.54808730510148
-0.12805541812725002,0.06706338040062132,0.21927660793984788,2.1006086357471523e-05,-23470.071746252819,-49706.738226757669,-49.385860000152498,-103.54808730510148
0.12805541812725002,-0.06706338040062132,0.21927660793984788,2.1006086357471523e-05,-23470.071746252819,-49706.738226757669,-49.385860000152498,-103.54808730510148
-0.12805541812725002,-0.06706338040062132,0.21927660793984788,2.1006086357471523e-05,-23470.071746252819,-49706.738226757669,-49.385860000152498,-103.54808730510148
0.1186226842515436,0.093146266648848439,0.22050110934942743,2.9289866241920859e-05,-33536.779514064052,-30623.970823857133,-68.158985791675789,-56.262241664550707
-0.1186226842515436,0.093146266648848439,0.22050110934942743,2.9289866241920859e-05,-33536.779514064052,-30623.970823857133,-68.158985791675789,-56.262241664550707
0.1186226842515436,-0.093146266648848439,0.22050110934942743,2.9289866241920859e-05,-33536.779514064052,-30623.970823857133,-68.158985791675789,-56.262241664550707
-0.1186226842515436,-0.093146266648848439,0.22050110934942743,2.9289866241920859e-05,-33536.779514064052,-30623.970823857133,-68.158985791675789,-56.262241664550707
0.076927665417035981,0.021003584197211534,0.2268541566665305,3.1825912432463096e-05,74786.242903459133,-22616.252080798513,179.30877620287805,-59.683157596401728
-0.076927665417035981,0.021003584197211534,0.2268541566665305,3.1825912432463096e-05,74786.242903459133,-22616.252080798513,179.30877620287805,-59.683157596401728
0.076927665417035981,-0.021003584197211534,0.2268541566665305,3.1825912432463096e-05,74786.242903459133,-22616.252080798513,179.30877620287805,-59.683157596401728
-0.076927665417035981,-0.021003584197211534,0.2268541566665305,3.1825912432463096e-05,74786.242903459133,-22616.252080798513,179.30877620287805,-59.683157596401728
0.1852089072738996,0.039278387577808736,0.21012603475352123,2.6780578151625801e-05,-30827.754270701305,29185.840705514631,-46.062730612635256,46.676310618241665
-0.1852089072738996,0.039278387577808736,0.21012603475352123,2.6780578151625801e-05,-30827.754270701305,29185.840705514631,-46.062730612635256,46.676310618241665
0.1852089072738996,-0.039278387577808736,0.21012603475352123,2.6780578151625801e-05,-30827.754270701305,29185.840705514631,-46.062730612635256,46.676310618241665
-0.1852089072738996,-0.039278387577808736,0.21012603475352123,2.6780578151625801e-05,-30827.754270701305,29185.840705514631,-46.062730612635256,46.676310618241665
0.17637347070221424,0.047223478296179844,0.2114808153297881,2.5025703774707841e-05,-43080.675876613284,18184.866094390069,-74.963115493937593,31.567891039044596
-0.17637347070221424,0.047223478296179844,0.2114808153297881,2.5025703774707841e-05,-43080.675876613284,18184.866094390069,-74.963115493937593,31.567891039044596
0.17637347070221424,-0.047223478296179844,0.2114808153297881,2.5025703774707841e-05,-43080.675876613284,18184.866094390069,-74.963115493937593,31.567891039044596
-0.17637347070221424,-0.047223478296179844,0.2114808153297881,2.5025703774707841e-05,-43080.675876613284,18184.866094390069,-74.963115493937593,31.567891039044596
0.066423958033460087,0.017786927187076737,0.22838784227409906,2.5696094683889993e-05,80528.735365702654,-11377.586817009775,190.16657063976422,-35.633344358658
-0.066423958033460087,0.017786927187076737,0.22838784227409906,2.5696094683889993e-05,80528.735365702654,-11377.586817009775,190.16657063976422,-35.633344358658
0.066423958033460087,-0.017786927187076737,0.22838784227409906,2.5696094683889993e-05,80528.735365702654,-11377.586817009775,190.16657063976422,-35.633344358658
-0.066423958033460087,-0.017786927187076737,0.22838784227409906,2.5696094683889993e-05,80528.735365702654,-11377.586817009775,190.16657063976422,-35.633344358658
0.15674168933097318,0.062791138841294517,0.21461393232570478,3.0028409459387679e-05,-47750.596027990818,-10890.426083663519,-94.482005970642419,-28.245006061473223
-0.15674168933097318,0.062791138841294517,0.21461393232570478,3.0028409459387679e-05,-47750.596027990818,-10890.426083663519,-94.482005970642419,-28.245006061473223
0.15674168933097318,-0.062791138841294517,0.21461393232570478,3.0028409459387679e-05,-47750.596027990818,-10890.426083663519,-94.482005970642419,-28.245006061473223
-0.15674168933097318,-0.062791138841294517,0.21461393232570478,3.0028409459387679e-05,-47750.596027990818,-10890.426083663519,-94.482005970642419,-28.245006061473223
0.099601807237975987,0.049995052105261062,0.22349728917436357,2.4793155577193799e-05,35926.203435530588,-57321.156662903093,75.840060254947034,-135.78797614151839
-0.099601807237975987,0.049995052105261062,0.22349728917436357,2.4793155577193799e-05,35926.203435530588,-57321.156662903093,75.840060254947034,-135.78797614151839
0.099601807237975987,-0.049995052105261062,0.22349728917436357,2.4793155577193799e-05,35926.203435530588,-57321.156662903093,75.840060254947034,-135.78797614151839
-0.099601807237975987,-0.049995052105261062,0.22349728917436357,2.4793155577193799e-05,35926.203435530588,-57321.156662903093,75.840060254947034,-135.78797614151839
0.16708297926573201,0.054263849635569017,0.21297507905384108,2.0059673257407309e-05,-48593.262213632726,3986.2723957218586,-92.708852199200848,4.8652907062833348
-0.16708297926573201,0.054263849635569017,0.21297507905384108,2.0059673257407309e-05,-48593.262213632726,3986.2723957218586,-92.708852199200848,4.8652907062833348
0.16708297926573201,-0.054263849635569017,0.21297507905384108,2.0059673257407309e-05,-48593.262213632726,3986.2723957218586,-92.708852199200848,4.8652907062833348
-0.16708297926573201,-0.054263849635569017,0.21297507905384108,2.0059673257407309e-05,-48593.262213632726,3986.2723957218586,-92.708852199200848,4.8652907062833348
0.033188114154437183,0.019174261415992832,0.23174067429339507,2.3051903195772994e-05,86383.775343035391,9482.6757367898554,210.52394539726518,15.079357796244397
-0.033188114154437183,0.019174261415992832,0.23174067429339507,2.3051903195772994e-05,86383.775343035391,9482.6757367898554,210.52394539726518,15.079357796244397
0.033188114154437183,-0.019174261415992832,0.23174067429339507,2.3051903195772994e-05,86383.775343035391,9482.6757367898554,210.52394539726518,15.079357796244397
-0.033188114154437183,-0.019174261415992832,0.23174067429339507,2.3051903195772994e-05,86383.775343035391,9482.6757367898554,210.52394539726518,15.079357796244397
0.19523809850215912,0.020782383158802986,0.20901459455490112,2.670316058161604e-05,-8260.2521440078963,32513.194615330951,-2.997516831644095,43.014364755349256
-0.19523809850215912,0.020782383158802986,0.20901459455490112,2.670316058161604e-05,-8260.2521440078963,32513.194615330951,-2.997516831644095,43.014364755349256
0.19523809850215912,-0.020782383158802986,0.20901459455490112,2.670316058161604e-05,-8260.2521440078963,32513.194615330951,-2.997516831644095,43.014364755349256
-0.19523809850215912,-0.020782383158802986,0.20901459455490112,2.670316058161604e-05,-8260.2521440078963,32513.194615330951,-2.997516831644095,43.014364755349256
0.057531264146759922,0.014822446043188546,0.22947411259940725,2.6392983889706531e-05,83272.009751550868,-2293.5773464822482,194.77876979551212,-10.05700206543151
-0.057531264146759922,0.014822446043188546,0.22947411259940725,2.6392983889706531e-05,83272.009751550868,-2293.5773464822482,194.77876979551212,-10.05700206543151
0.057531264146759922,-0.014822446043188546,0.22947411259940725,2.6392983889706531e-05,83272.009751550868,-2293.5773464822482,194.77876979551212,-10.05700206543151
-0.057531264146759922,-0.014822446043188546,0.22947411259940725,2.6392983889706531e-05,83272.009751550868,-2293.5773464822482,194.77876979551212,-10.05700206543151
0.18591821579667225,0.027796671140299059,0.21046273042273717,2.6380846064460274e-05,-30454.10749798,28021.540876116404,-44.341692633374969,46.518556943074088
-0.18591821579667225,0.027796671140299059,0.21046273042273717,2.6380846064460274e-05,-30454.10749798,28021.540876116404,-44.341692633374969,46.518556943074088
0.18591821579667225,-0.027796671140299059,0.21046273042273717,2.6380846064460274e-05,-30454.10749798,28021.540876116404,-44.341692633374969,46.518556943074088
-0.18591821579667225,-0.027796671140299059,0.21046273042273717,2.6380846064460274e-05,-30454.10749798,28021.540876116404,-44.341692633374969,46.518556943074088
0.17566514908303246,0.037458352514564086,0.21199190839420765,1.6992021874937208e-05,-44984.877376099656,13675.922667516208,-78.119149708691367,21.719878796599737
-0.17566514908303246,0.037458352514564086,0.21199190839420765,1.6992021874937208e-05,-44984.877376099656,13675.922667516208,-78.119149708691367,21.719878796599737
0.17566514908303246,-0.037458352514564086,0.21199190839420765,1.6992021874937208e-05,-44984.877376099656,13675.922667516208,-78.119149708691367,21.719878796599737
-0.17566514908303246,-0.037458352514564086,0.21199190839420765,1.6992021874937208e-05,-44984.877376099656,13675.922667516208,-78.119149708691367,21.719878796599737
0.12805129957931063,0.059160873160616231,0.21928540212739692,2.1713213189393727e-05,-17202.339071567698,-54673.901281514976,-36.038537359699625,-113.27265885545269
-0.12805129957931063,0.059160873160616231,0.21928540212739692,2.1713213189393727e-05,-17202.339071567698,-54673.901281514976,-36.038537359699625,-113.27265885545269
0.12805129957931063,-0.059160873160616231,0.21928540212739692,2.1713213189393727e-05,-17202.339071567698,-54673.901281514976,-36.038537359699625,-113.27265885545269
-0.12805129957931063,-0.059160873160616231,0.21928540212739692,2.1713213189393727e-05,-17202.339071567698,-54673.901281514976,-36.038537359699625,-113.27265885545269
0.061123977249165171,0.029219056254748705,0.2290352514758589,1.3834693988731297e-05,79531.340793013791,-14823.968455466371,184.3960556753905,-35.301934141971479
-0.061123977249165171,0.029219056254748705,0.2290352514758589,1.3834693988731297e-05,79531.340793013791,-14823.968455466371,184.3960556753905,-35.301934141971479
0.061123977249165171,-0.029219056254748705,0.2290352514758589,1.3834693988731297e-05,79531.340793013791,-14823.968455466371,184.3960556753905,-35.301934141971479
-0.061123977249165171,-0.029219056254748705,0.2290352514758589,1.3834693988731297e-05,79531.340793013791,-14823.968455466371,184.3960556753905,-35.301934141971479
0.16648752580460432,0.0448058664915593,0.21339896125643212,1.8476362029250685e-05,-49617.290059477316,-1841.2891092228026,-92.482468190324965,-10.102179357303068
-0.16648752580460432,0.0448058664915593,0.21339896125643212,1.8476362029250685e-05,-49617.290059477316,-1841.2891092228026,-92.482468190324965,-10.102179357303068
0.16648752580460432,-0.0448058664915593,0.21339896125643212,1.8476362029250685e-05,-49617.290059477316,-1841.2891092228026,-92.482468190324965,-10.102179357303068
-0.16648752580460432,-0.0448058664915593,0.21339896125643212,1.8476362029250685e-05,-49617.290059477316,-1841.2891092228026,-92.482468190324965,-10.102179357303068
0.19396554910502908,0.01029370286218834,0.20946808093100991,2.0928784023504254e-05,-11484.360698105847,31655.257555890184,-8.9301843489555868,42.785097270515571
-0.19396554910502908,0.01029370286218834,0.20946808093100991,2.0928784023504254e-05,-11484.360698105847,31655.257555890184,-8.9301843489555868,42.785097270515571
0.19396554910502908,-0.01029370286218834,0.20946808093100991,2.0928784023504254e-05,-11484.360698105847,31655.257555890184,-8.9301843489555868,42.785097270515571
-0.19396554910502908,-0.01029370286218834,0.20946808093100991,2.0928784023504254e-05,-11484.360698105847,31655.257555890184,-8.9301843489555868,42.785097270515571
0.19989072755776691,0.059561620211181651,0.20478747945843115,1.2365177248726102e-05,7407.9343591777442,27699.777461947382,22.255666885841599,46.032278069843571
-0.19989072755776691,0.059561620211181651,0.20478747945843115,1.2365177248726102e-05,7407.9343591777442,27699.777461947382,22.255666885841599,46.032278069843571
0.19989072755776691,-0.059561620211181651,0.20478747945843115,1.2365177248726102e-05,7407.9343591777442,27699.777461947382,22.255666885841599,46.032278069843571
-0.19989072755776691,-0.059561620211181651,0.20478747945843115,1.2365177248726102e-05,7407.9343591777442,27699.777461947382,22.255666885841599,46.032278069843571
0.099846202011856428,0.04109941444784658,0.22346110709883907,1.3703680286375018e-05,43371.879327851435,-54345.399964058393,93.269919634226341,-128.15330941982381
-0.099846202011856428,0.04109941444784658,0.22346110709883907,1.3703680286375018e-05,43371.879327851435,-54345.399964058393,93.269919634226341,-128.15330941982381
0.099846202011856428,-0.04109941444784658,0.22346110709883907,1.3703680286375018e-05,43371.879327851435,-54345.399964058393,93.269919634226341,-128.15330941982381
-0.099846202011856428,-0.04109941444784658,0.22346110709883907,1.3703680286375018e-05,43371.879327851435,-54345.399964058393,93.269919634226341,-128.15330941982381
0.18574029320098467,0.018069707896919411,0.21068560445401172,2.3916230163344014e-05,-31009.774530182644,26120.952708288871,-43.182878278826834,45.061358190200899
-0.18574029320098467,0.018069707896919411,0.21068560445401172,2.3916230163344014e-05,-31009.774530182644,26120.952708288871,-43.182878278826834,45.061358190200899
0.18574029320098467,-0.018069707896919411,0.21068560445401172,2.3916230163344014e-05,-31009.774530182644,26120.952708288871,-43.182878278826834,45.061358190200899
-0.18574029320098467,-0.018069707896919411,0.21068560445401172,2.3916230163344014e-05,-31009.774530182644,26120.952708288871,-43.182878278826834,45.061358190200899
0.042193596225306398,0.02090032564943739,0.2310478602616689,2.1403155680279511e-05,85332.849029820747,3959.9603868815702,203.19028337432309,4.1394476117039707
-0.042193596225306398,0.02090032564943739,0.2310478602616689,2.1403155680279511e-05,85332.849029820747,3959.9603868815702,203.19028337432309,4.1394476117039707
0.042193596225306398,-0.02090032564943739,0.2310478602616689,2.1403155680279511e-05,85332.849029820747,3959.9603868815702,203.19028337432309,4.1394476117039707
-0.042193596225306398,-0.02090032564943739,0.2310478602616689,2.1403155680279511e-05,85332.849029820747,3959.9603868815702,203.19028337432309,4.1394476117039707
0.17651205597937464,0.02596709115896198,0.21206129252053377,2.6493636254671062e-05,-44426.891521343299,11890.77738444977,-74.915249445503918,19.61881915065333
-0.17651205597937464,0.02596709115896198,0.21206129252053377,2.6493636254671062e-05,-44426.891521343299,11890.77738444977,-74.915249445503918,19.61881915065333
0.17651205597937464,-0.02596709115896198,0.21206129252053377,2.6493636254671062e-05,-44426.891521343299,11890.77738444977,-74.915249445503918,19.61881915065333
-0.17651205597937464,-0.02596709115896198,0.21206129252053377,2.6493636254671062e-05,-44426.891521343299,11890.77738444977,-74.915249445503918,19.61881915065333
0.10891440159923246,0.044278389416442708,0.22211858132739173,2.1890433850882709e-05,27724.227257570645,-59836.339923459818,59.862739285116561,-128.74592337093014
-0.10891440159923246,0.044278389416442708,0.22211858132739173,2.1890433850882709e-05,27724.227257570645,-59836.339923459818,59.862739285116561,-128.74592337093014
0.10891440159923246,-0.044278389416442708,0.22211858132739173,2.1890433850882709e-05,27724.227257570645,-59836.339923459818,59.862739285116561,-128.74592337093014
-0.10891440159923246,-0.044278389416442708,0.22211858132739173,2.1890433850882709e-05,27724.227257570645,-59836.339923459818,59.862739285116561,-128.74592337093014
0.13748847551734567,0.052792761153976617,0.21788824261629633,2.0348806581399323e-05,-27900.967072537052,-49027.561587104094,-58.549406440645122,-99.352230106672735
-0.13748847551734567,0.052792761153976617,0.21788824261629633,2.0348806581399323e-05,-27900.967072537052,-49027.561587104094,-58.549406440645122,-99.352230106672735
0.13748847551734567,-0.052792761153976617,0.21788824261629633,2.0348806581399323e-05,-27900.967072537052,-49027.561587104094,-58.549406440645122,-99.352230106672735
-0.13748847551734567,-0.052792761153976617,0.21788824261629633,2.0348806581399323e-05,-27900.967072537052,-49027.561587104094,-58.549406440645122,-99.352230106672735
0.11889633082236815,0.0055576353553436573,0.22064078001725307,3.155014190007203e-05,29626.695386150106,-61654.72244223579,66.680401735886221,-145.31581959022412
-0.11889633082236815,0.0055576353553436573,0.22064078001725307,3.155014190007203e-05,29626.695386150106,-61654.72244223579,66.680401735886221,-145.31581959022412
0.11889633082236815,-0.0055576353553436573,0.22064078001725307,3.155014190007203e-05,29626.695386150106,-61654.72244223579,66.680401735886221,-145.31581959022412
-0.11889633082236815,-0.0055576353553436573,0.22064078001725307,3.155014190007203e-05,29626.695386150106,-61654.72244223579,66.680401735886221,-145.31581959022412
0.10956648666442584,0.0039907150941034244,0.22202204165633985,1.9817324712754647e-05,46009.330677543177,-53918.771988162451,105.34869939526506,-129.89116294085909
-0.10956648666442584,0.0039907150941034244,0.22202204165633985,1.9817324712754647e-05,46009.330677543177,-53918.771988162451,105.34869939526506,-129.89116294085909
0.10956648666442584,-0.0039907150941034244,0.22202204165633985,1.9817324712754647e-05,46009.330677543177,-53918.771988162451,105.34869939526506,-129.89116294085909
-0.10956648666442584,-0.0039907150941034244,0.22202204165633985,1.9817324712754647e-05,46009.330677543177,-53918.771988162451,105.34869939526506,-129.89116294085909
0.1378925252662753,0.01102526626718861,0.21782842399456681,2.7975265748620852e-05,-8229.9086430883362,-61027.663233555366,-25.269705037621453,-129.22380460717176
-0.1378925252662753,0.01102526626718861,0.21782842399456681,2.7975265748620852e-05,-8229.9086430883362,-61027.663233555366,-25.269705037621453,-129.22380460717176
0.1378925252662753,-0.01102526626718861,0.21782842399456681,2.7975265748620852e-05,-8229.9086430883362,-61027.663233555366,-25.269705037621453,-129.22380460717176
-0.1378925252662753,-0.01102526626718861,0.21782842399456681,2.7975265748620852e-05,-8229.9086430883362,-61027.663233555366,-25.269705037621453,-129.22380460717176
0.18513789570452352,0.0081344397165573085,0.2108338423347268,1.8517568272124184e-05,-31882.541170611239,23827.420458041295,-51.658076417696265,39.433261338638069
-0.18513789570452352,0.0081344397165573085,0.2108338423347268,1.8517568272124184e-05,-31882.541170611239,23827.420458041295,-51.658076417696265,39.433261338638069
0.18513789570452352,-0.0081344397165573085,0.2108338423347268,1.8517568272124184e-05,-31882.541170611239,23827.420458041295,-51.658076417696265,39.433261338638069
-0.18513789570452352,-0.0081344397165573085,0.2108338423347268,1.8517568272124184e-05,-31882.541170611239,23827.420458041295,-51.658076417696265,39.433261338638069
0.16760729305626232,0.034300264852881089,0.21338403590589078,2.6899518053031623e-05,-49256.559094870827,-4059.3394690093519,-91.134920144473227,-13.903346264198388
-0.16760729305626232,0.034300264852881089,0.21338403590589078,2.6899518053031623e-05,-49256.559094870827,-4059.3394690093519,-91.134920144473227,-13.903346264198388
0.16760729305626232,-0.034300264852881089,0.21338403590589078,2.6899518053031623e-05,-49256.559094870827,-4059.3394690093519,-91.134920144473227,-13.903346264198388
-0.16760729305626232,-0.034300264852881089,0.21338403590589078,2.6899518053031623e-05,-49256.559094870827,-4059.3394690093519,-91.134920144473227,-13.903346264198388
0.12836202239784145,0.0087381612175507408,0.21923939988958574,1.8002920713559099e-05,11370.213529283648,-64252.121134993104,22.61412682178517,-140.82124983646435
-0.12836202239784145,0.0087381612175507408,0.21923939988958574,1.8002920713559099e-05,11370.213529283648,-64252.121134993104,22.61412682178517,-140.82124983646435
0.12836202239784145,-0.0087381612175507408,0.21923939988958574,1.8002920713559099e-05,11370.213529283648,-64252.121134993104,22.61412682178517,-140.82124983646435
-0.12836202239784145,-0.0087381612175507408,0.21923939988958574,1.8002920713559099e-05,11370.213529283648,-64252.121134993104,22.61412682178517,-140.82124983646435
0.17473929808105124,0.0043983252167992745,0.21237333042846673,2.5259854894858368e-05,-45091.220323677087,3730.8209263854778,-86.710387207471598,9.8182456479932974
-0.17473929808105124,0.0043983252167992745,0.21237333042846673,2.5259854894858368e-05,-45091.220323677087,3730.8209263854778,-86.710387207471598,9.8182456479932974
0.17473929808105124,-0.0043983252167992745,0.21237333042846673,2.5259854894858368e-05,-45091.220323677087,3730.8209263854778,-86.710387207471598,9.8182456479932974
-0.17473929808105124,-0.0043983252167992745,0.21237333042846673,2.5259854894858368e-05,-45091.220323677087,3730.8209263854778,-86.710387207471598,9.8182456479932974
0.089717403645210386,0.0087135082476410448,0.2249606520426829,1.8293604578246979e-05,68402.125467416627,-31767.827086954876,158.70343012573522,-77.514398238511845
-0.089717403645210386,0.0087135082476410448,0.2249606520426829,1.8293604578246979e-05,68402.125467416627,-31767.827086954876,158.70343012573522,-77.514398238511845
0.089717403645210386,-0.0087135082476410448,0.2249606520426829,1.8293604578246979e-05,68402.125467416627,-31767.827086954876,158.70343012573522,-77.514398238511845
-0.089717403645210386,-0.0087135082476410448,0.2249606520426829,1.8293604578246979e-05,68402.125467416627,-31767.827086954876,158.70343012573522,-77.514398238511845
0.17706056409926235,0.014537487266349153,0.21202967241545037,2.6373436254537652e-05,-43504.78380078484,10177.685668391397,-75.559143614357495,17.955999084346868
-0.17706056409926235,0.014537487266349153,0.21202967241545037,2.6373436254537652e-05,-43504.78380078484,10177.685668391397,-75.559143614357495,17.955999084346868
0.17706056409926235,-0.014537487266349153,0.21202967241545037,2.6373436254537652e-05,-43504.78380078484,10177.685668391397,-75.559143614357495,17.955999084346868
-0.17706056409926235,-0.014537487266349153,0.21202967241545037,2.6373436254537652e-05,-43504.78380078484,10177.685668391397,-75.559143614357495,17.955999084346868
0.16732189570104633,0.012325282466999434,0.21347146595396263,2.0869087308124275e-05,-47066.572299511237,-11913.354330700649,-92.940334901240092,-22.587115369844732
-0.16732189570104633,0.012325282466999434,0.21347146595396263,2.0869087308124275e-05,-47066.572299511237,-11913.354330700649,-92.940334901240092,-22.587115369844732
0.16732189570104633,-0.012325282466999434,0.21347146595396263,2.0869087308124275e-05,-47066.572299511237,-11913.354330700649,-92.940334901240092,-22.587115369844732
-0.16732189570104633,-0.012325282466999434,0.21347146595396263,2.0869087308124275e-05,-47066.572299511237,-11913.354330700649,-92.940334901240092,-22.587115369844732
0.13853048300728055,0.021180643634906089,0.21773397584086868,2.6183609288848829e-05,-12619.173586647014,-58884.876555493676,-29.389576725380262,-124.66772597906794
-0.13853048300728055,0.021180643634906089,0.21773397584086868,2.6183609288848829e-05,-12619.173586647014,-58884.876555493676,-29.389576725380262,-124.66772597906794
0.13853048300728055,-0.021180643634906089,0.21773397584086868,2.6183609288848829e-05,-12619.173586647014,-58884.876555493676,-29.389576725380262,-124.66772597906794
-0.13853048300728055,-0.021180643634906089,0.21773397584086868,2.6183609288848829e-05,-12619.173586647014,-58884.876555493676,-29.389576725380262,-124.66772597906794
0.099314221606783021,0.010660759975284692,0.22353986555544722,2.7588386782747693e-05,58308.91738712589,-43738.148308706346,134.23701556519796,-107.15201846901915
-0.099314221606783021,0.010660759975284692,0.22353986555544722,2.7588386782747693e-05,58308.91738712589,-43738.148308706346,134.23701556519796,-107.15201846901915
0.099314221606783021,-0.010660759975284692,0.22353986555544722,2.7588386782747693e-05,58308.91738712589,-43738.148308706346,134.23701556519796,-107.15201846901915
-0.099314221606783021,-0.010660759975284692,0.22353986555544722,2.7588386782747693e-05,58308.91738712589,-43738.148308706346,134.23701556519796,-107.15201846901915
0.12843860807530813,0.01913065122777562,0.21922806144793408,2.6667314880816046e-05,8037.1298490040663,-64098.728357684682,10.920911858914137,-138.83178891707328
-0.12843860807530813,0.01913065122777562,0.21922806144793408,2.6667314880816046e-05,8037.1298490040663,-64098.728357684682,10.920911858914137,-138.83178891707328
0.12843860807530813,-0.01913065122777562,0.21922806144793408,2.6667314880816046e-05,8037.1298490040663,-64098.728357684682,10.920911858914137,-138.83178891707328
-0.12843860807530813,-0.01913065122777562,0.21922806144793408,2.6667314880816046e-05,8037.1298490040663,-64098.728357684682,10.920911858914137,-138.83178891707328
0.15643983556997296,0.010623869966498459,0.21508253801865498,2.5754330285350638e-05,-39115.718619423162,-35742.289429317578,-83.090522892982477,-69.67461325934201
-0.15643983556997296,0.010623869966498459,0.21508253801865498,2.5754330285350638e-05,-39115.718619423162,-35742.289429317578,-83.090522892982477,-69.67461325934201
0.15643983556997296,-0.010623869966498459,0.21508253801865498,2.5754330285350638e-05,-39115.718619423162,-35742.289429317578,-83.090522892982477,-69.67461325934201
-0.15643983556997296,-0.010623869966498459,0.21508253801865498,2.5754330285350638e-05,-39115.718619423162,-35742.289429317578,-83.090522892982477,-69.67461325934201
0.1178919059286633,0.01801406529170009,0.22078948277707755,2.1010157735918542e-05,28655.677028706221,-61495.53492148123,57.739747022723186,-136.29817668738642
-0.1178919059286633,0.01801406529170009,0.22078948277707755,2.1010157735918542e-05,28655.677028706221,-61495.53492148123,57.739747022723186,-136.29817668738642
0.1178919059286633,-0.01801406529170009,0.22078948277707755,2.1010157735918542e-05,28655.677028706221,-61495.53492148123,57.739747022723186,-136.29817668738642
-0.1178919059286633,-0.01801406529170009,0.22078948277707755,2.1010157735918542e-05,28655.677028706221,-61495.53492148123,57.739747022723186,-136.29817668738642
0.10995237155128658,0.013662759173549092,0.22196491230001825,2.4799013537988358e-05,43406.0810846206,-55414.201118669349,93.080000262903141,-129.95264937029398
-0.10995237155128658,0.013662759173549092,0.22196491230001825,2.4799013537988358e-05,43406.0810846206,-55414.201118669349,93.080000262903141,-129.95264937029398
0.10995237155128658,-0.013662759173549092,0.22196491230001825,2.4799013537988358e-05,43406.0810846206,-55414.201118669349,93.080000262903141,-129.95264937029398
-0.10995237155128658,-0.013662759173549092,0.22196491230001825,2.4799013537988358e-05,43406.0810846206,-55414.201118669349,93.080000262903141,-129.95264937029398
0.15699330002104711,0.041419676111987325,0.21497708854460573,2.7127718806696842e-05,-46824.713542237499,-23242.070114853592,-92.436106145293166,-46.788059703405509
-0.15699330002104711,0.041419676111987325,0.21497708854460573,2.7127718806696842e-05,-46824.713542237499,-23242.070114853592,-92.436106145293166,-46.788059703405509
0.15699330002104711,-0.041419676111987325,0.21497708854460573,2.7127718806696842e-05,-46824.713542237499,-23242.070114853592,-92.436106145293166,-46.788059703405509
-0.15699330002104711,-0.041419676111987325,0.21497708854460573,2.7127718806696842e-05,-46824.713542237499,-23242.070114853592,-92.436106145293166,-46.788059703405509
0.16683360891492127,0.023493962929243307,0.2135437564363098,2.7592524119090609e-05,-48124.809040135558,-9909.0326510392606,-90.731007537615085,-21.526530360515608
-0.16683360891492127,0.023493962929243307,0.2135437564363098,2.7592524119090609e-05,-48124.809040135558,-9909.0326510392606,-90.731007537615085,-21.526530360515608
0.16683360891492127,-0.023493962929243307,0.2135437564363098,2.7592524119090609e-05,-48124.809040135558,-9909.0326510392606,-90.731007537615085,-21.526530360515608
-0.16683360891492127,-0.023493962929243307,0.2135437564363098,2.7592524119090609e-05,-48124.809040135558,-9909.0326510392606,-90.731007537615085,-21.526530360515608
0.1567108381003057,0.020078667714802257,0.21504241672692631,2.4660521551690661e-05,-41232.508208223684,-32804.004657629266,-85.728278945711438,-67.637685220635291
-0.1567108381003057,0.020078667714802257,0.21504241672692631,2.4660521551690661e-05,-41232.508208223684,-32804.004657629266,-85.728278945711438,-67.637685220635291
0.1567108381003057,-0.020078667714802257,0.21504241672692631,2.4660521551690661e-05,-41232.508208223684,-32804.004657629266,-85.728278945711438,-67.637685220635291
-0.1567108381003057,-0.020078667714802257,0.21504241672692631,2.4660521551690661e-05,-41232.508208223684,-32804.004657629266,-85.728278945711438,-67.637685220635291
0.081262073616541086,0.026908929246950451,0.22621245087326436,1.3480903619662951e-05,70364.155858846047,-30084.261935049824,163.44846185895526,-77.670725402615957
-0.081262073616541086,0.026908929246950451,0.22621245087326436,1.3480903619662951e-05,70364.155858846047,-30084.261935049824,163.44846185895526,-77.670725402615957
0.081262073616541086,-0.026908929246950451,0.22621245087326436,1.3480903619662951e-05,70364.155858846047,-30084.261935049824,163.44846185895526,-77.670725402615957
-0.081262073616541086,-0.026908929246950451,0.22621245087326436,1.3480903619662951e-05,70364.155858846047,-30084.261935049824,163.44846185895526,-77.670725402615957
0.090761770710336781,0.029065497532139398,0.2248060359376586,2.6645073850508062e-05,61506.689151294006,-40731.909184656019,138.97846252703181,-100.51470674279157
-0.090761770710336781,0.029065497532139398,0.2248060359376586,2.6645073850508062e-05,61506.689151294006,-40731.909184656019,138.97846252703181,-100.51470674279157
0.090761770710336781,-0.029065497532139398,0.2248060359376586,2.6645073850508062e-05,61506.689151294006,-40731.909184656019,138.97846252703181,-100.51470674279157
-0.090761770710336781,-0.029065497532139398,0.2248060359376586,2.6645073850508062e-05,61506.689151294006,-40731.909184656019,138.97846252703181,-100.51470674279157
0.07172338216017371,0.02521605785610892,0.22761756661222918,3.129949573600105e-05,76564.845416400567,-20348.581101898282,179.76177385188615,-53.366859419858287
-0.07172338216017371,0.02521605785610892,0.22761756661222918,3.129949573600105e-05,76564.845416400567,-20348.581101898282,179.76177385188615,-53.366859419858287
0.07172338216017371,-0.02521605785610892,0.22761756661222918,3.129949573600105e-05,76564.845416400567,-20348.581101898282,179.76177385188615,-53.366859419858287
-0.07172338216017371,-0.02521605785610892,0.22761756661222918,3.129949573600105e-05,76564.845416400567,-20348.581101898282,179.76177385188615,-53.366859419858287
0.090748937883270514,0.018586684904378946,0.22480793580773656,2.2617233251075e-05,65515.058978943984,-35869.264525366321,150.05580211049062,-89.548408673273627
-0.090748937883270514,0.018586684904378946,0.22480793580773656,2.2617233251075e-05,65515.058978943984,-35869.264525366321,150.05580211049062,-89.548408673273627
0.090748937883270514,-0.018586684904378946,0.22480793580773656,2.2617233251075e-05,65515.058978943984,-35869.264525366321,150.05580211049062,-89.548408673273627
-0.090748937883270514,-0.018586684904378946,0.22480793580773656,2.2617233251075e-05,65515.058978943984,-35869.264525366321,150.05580211049062,-89.548408673273627
0.10043485326596137,0.031864524388128049,0.2233739586553784,1.9925813558848849e-05,48732.838315543377,-51247.609813513103,109.84589584733141,-117.84870658098244
-0.10043485326596137,0.031864524388128049,0.2233739586553784,1.9925813558848849e-05,48732.838315543377,-51247.609813513103,109.84589584733141,-117.84870658098244
0.10043485326596137,-0.031864524388128049,0.2233739586553784,1.9925813558848849e-05,48732.838315543377,-51247.609813513103,109.84589584733141,-117.84870658098244
-0.10043485326596137,-0.031864524388128049,0.2233739586553784,1.9925813558848849e-05,48732.838315543377,-51247.609813513103,109.84589584733141,-117.84870658098244
0.081231332241928342,0.016421394271250458,0.22621700211008239,2.8284684901421648e-05,73414.388014474825,-24670.248812832731,172.3045164045696,-66.7768757570757
-0.081231332241928342,0.016421394271250458,0.22621700211008239,2.8284684901421648e-05,73414.388014474825,-24670.248812832731,172.3045164045696,-66.7768757570757
0.081231332241928342,-0.016421394271250458,0.22621700211008239,2.8284684901421648e-05,73414.388014474825,-24670.248812832731,172.3045164045696,-66.7768757570757
-0.081231332241928342,-0.016421394271250458,0.22621700211008239,2.8284684901421648e-05,73414.388014474825,-24670.248812832731,172.3045164045696,-66.7768757570757
0.15697473980880638,0.031219607162900138,0.2150033466952869,2.5660581049044977e-05,-44509.678312547105,-28343.616402528307,-89.689861529257627,-55.85178511664369
-0.15697473980880638,0.031219607162900138,0.2150033466952869,2.5660581049044977e-05,-44509.678312547105,-28343.616402528307,-89.689861529257627,-55.85178511664369
0.15697473980880638,-0.031219607162900138,0.2150033466952869,2.5660581049044977e-05,-44509.678312547105,-28343.616402528307,-89.689861529257627,-55.85178511664369
-0.15697473980880638,-0.031219607162900138,0.2150033466952869,2.5660581049044977e-05,-44509.678312547105,-28343.616402528307,-89.689861529257627,-55.85178511664369
0.10046589437086365,0.020828800029202232,0.22336936309228961,2.8067725889663933e-05,53940.324701998259,-47475.295473045757,124.84498696369256,-112.59704326148781
-0.10046589437086365,0.020828800029202232,0.22336936309228961,2.8067725889663933e-05,53940.324701998259,-47475.295473045757,124.84498696369256,-112.59704326148781
0.10046589437086365,-0.020828800029202232,0.22336936309228961,2.8067725889663933e-05,53940.324701998259,-47475.295473045757,124.84498696369256,-112.59704326148781
-0.10046589437086365,-0.020828800029202232,0.22336936309228961,2.8067725889663933e-05,53940.324701998259,-47475.295473045757,124.84498696369256,-112.59704326148781
0.11006310052940753,0.03392834370779356,0.22194851913339889,2.0079939152757815e-05,33411.159202695337,-59146.713458192047,71.609384789060002,-135.39709027031688
-0.11006310052940753,0.03392834370779356,0.22194851913339889,2.0079939152757815e-05,33411.159202695337,-59146.713458192047,71.609384789060002,-135.39709027031688
0.11006310052940753,-0.03392834370779356,0.22194851913339889,2.0079939152757815e-05,33411.159202695337,-59146.713458192047,71.609384789060002,-135.39709027031688
-0.11006310052940753,-0.03392834370779356,0.22194851913339889,2.0079939152757815e-05,33411.159202695337,-59146.713458192047,71.609384789060002,-135.39709027031688
0.11895580722904917,0.037158588378267944,0.22063197467414244,2.4258846380222639e-05,15940.888133972547,-62772.994663334277,31.850089619803381,-137.40481365876175
-0.11895580722904917,0.037158588378267944,0.22063197467414244,2.4258846380222639e-05,15940.888133972547,-62772.994663334277,31.850089619803381,-137.40481365876175
0.11895580722904917,-0.037158588378267944,0.22063197467414244,2.4258846380222639e-05,15940.888133972547,-62772.994663334277,31.850089619803381,-137.40481365876175
-0.11895580722904917,-0.037158588378267944,0.22063197467414244,2.4258846380222639e-05,15940.888133972547,-62772.994663334277,31.850089619803381,-137.40481365876175
0.12858447271055704,0.041040835352297508,0.21920646631800225,2.8318479961992299e-05,-4789.4403003772932,-61019.308320524797,-11.804341796387925,-128.63512990778079
-0.12858447271055704,0.041040835352297508,0.21920646631800225,2.8318479961992299e-05,-4789.4403003772932,-61019.308320524797,-11.804341796387925,-128.63512990778079
0.12858447271055704,-0.041040835352297508,0.21920646631800225,2.8318479961992299e-05,-4789.4403003772932,-61019.308320524797,-11.804341796387925,-128.63512990778079
-0.12858447271055704,-0.041040835352297508,0.21920646631800225,2.8318479961992299e-05,-4789.4403003772932,-61019.308320524797,-11.804341796387925,-128.63512990778079
0.13941681122965954,0.042616834322330051,0.21760275701743637,2.1279572172311118e-05,-25197.874938819728,-51369.855314274377,-51.779912873009749,-108.8170970965147
-0.13941681122965954,0.042616834322330051,0.21760275701743637,2.1279572172311118e-05,-25197.874938819728,-51369.855314274377,-51.779912873009749,-108.8170970965147
0.13941681122965954,-0.042616834322330051,0.21760275701743637,2.1279572172311118e-05,-25197.874938819728,-51369.855314274377,-51.779912873009749,-108.8170970965147
-0.13941681122965954,-0.042616834322330051,0.21760275701743637,2.1279572172311118e-05,-25197.874938819728,-51369.855314274377,-51.779912873009749,-108.8170970965147
0.13864912496954801,0.03238305921191624,0.21771641117542606,2.011404886824112e-05,-18144.756417706725,-56012.113522648775,-37.988060175058202,-117.12737680561504
-0.13864912496954801,0.03238305921191624,0.21771641117542606,2.011404886824112e-05,-18144.756417706725,-56012.113522648775,-37.988060175058202,-117.12737680561504
0.13864912496954801,-0.03238305921191624,0.21771641117542606,2.011404886824112e-05,-18144.756417706725,-56012.113522648775,-37.988060175058202,-117.12737680561504
-0.13864912496954801,-0.03238305921191624,0.21771641117542606,2.011404886824112e-05,-18144.756417706725,-56012.113522648775,-37.988060175058202,-117.12737680561504
0.12860790276814815,0.029714670816477575,0.21920299751874786,2.7787369900824821e-05,2427.7318772322728,-63003.384147555167,2.3817021499572393,-135.82466551130057
-0.12860790276814815,0.029714670816477575,0.21920299751874786,2.7787369900824821e-05,2427.7318772322728,-63003.384147555167,2.3817021499572393,-135.82466551130057
0.12860790276814815,-0.029714670816477575,0.21920299751874786,2.7787369900824821e-05,2427.7318772322728,-63003.384147555167,2.3817021499572393,-135.82466551130057
-0.12860790276814815,-0.029714670816477575,0.21920299751874786,2.7787369900824821e-05,2427.7318772322728,-63003.384147555167,2.3817021499572393,-135.82466551130057
0.11955917265380135,0.026752251240444773,0.22054264783208025,2.2542314985853666e-05,21526.05158126483,-62505.063587390621,46.36210659550143,-135.50183081999555
-0.11955917265380135,0.026752251240444773,0.22054264783208025,2.2542314985853666e-05,21526.05158126483,-62505.063587390621,46.36210659550143,-135.50183081999555
0.11955917265380135,-0.026752251240444773,0.22054264783208025,2.2542314985853666e-05,21526.05158126483,-62505.063587390621,46.36210659550143,-135.50183081999555
-0.11955917265380135,-0.026752251240444773,0.22054264783208025,2.2542314985853666e-05,21526.05158126483,-62505.063587390621,46.36210659550143,-135.50183081999555
0.070483361177788487,0.014080754790773907,0.22779918537668015,2.4301736293883526e-05,79166.318282518725,-12913.967548924904,187.50925910649752,-33.922946613798224
-0.070483361177788487,0.014080754790773907,0.22779918537668015,2.4301736293883526e-05,79166.318282518725,-12913.967548924904,187.50925910649752,-33.922946613798224
0.070483361177788487,-0.014080754790773907,0.22779918537668015,2.4301736293883526e-05,79166.318282518725,-12913.967548924904,187.50925910649752,-33.922946613798224
-0.070483361177788487,-0.014080754790773907,0.22779918537668015,2.4301736293883526e-05,79166.318282518725,-12913.967548924904,187.50925910649752,-33.922946613798224
0.11065146401921333,0.023886299177486119,0.22186141329277068,1.8153252167797176e-05,38150.624069366175,-57417.813275754983,84.438780175951251,-129.09661501660756
-0.11065146401921333,0.023886299177486119,0.22186141329277068,1.8153252167797176e-05,38150.624069366175,-57417.813275754983,84.438780175951251,-129.09661501660756
0.11065146401921333,-0.023886299177486119,0.22186141329277068,1.8153252167797176e-05,38150.624069366175,-57417.813275754983,84.438780175951251,-129.09661501660756
-0.11065146401921333,-0.023886299177486119,0.22186141329277068,1.8153252167797176e-05,38150.624069366175,-57417.813275754983,84.438780175951251,-129.09661501660756
0.16158296440356851,0.12373178369583727,0.20653451622038063,3.80595807690112e-05,3888.2938442628574,22678.888717123009,10.80447327675617,30.41042685424063
-0.16158296440356851,0.12373178369583727,0.20653451622038063,3.80595807690112e-05,3888.2938442628574,22678.888717123009,10.80447327675617,30.41042685424063
0.16158296440356851,-0.12373178369583727,0.20653451622038063,3.80595807690112e-05,3888.2938442628574,22678.888717123009,10.80447327675617,30.41042685424063
-0.16158296440356851,-0.12373178369583727,0.20653451622038063,3.80595807690112e-05,3888.2938442628574,22678.888717123009,10.80447327675617,30.41042685424063
0.1903608631171832,0.056336025697882409,0.20766854333485624,2.5365413250934437e-05,-15874.193097498859,34044.489755068236,-19.594727867150386,55.750086899020452
-0.1903608631171832,0.056336025697882409,0.20766854333485624,2.5365413250934437e-05,-15874.193097498859,34044.489755068236,-19.594727867150386,55.750086899020452
0.1903608631171832,-0.056336025697882409,0.20766854333485624,2.5365413250934437e-05,-15874.193097498859,34044.489755068236,-19.594727867150386,55.750086899020452
-0.1903608631171832,-0.056336025697882409,0.20766854333485624,2.5365413250934437e-05,-15874.193097498859,34044.489755068236,-19.594727867150386,55.750086899020452
0.062292647909094903,0.020754412516373191,0.22889249470562545,1.9664960194292749e-05,81600.853823041049,-9352.7817361177913,190.59373438314631,-32.97168789972649
-0.062292647909094903,0.020754412516373191,0.22889249470562545,1.9664960194292749e-05,81600.853823041049,-9352.7817361177913,190.59373438314631,-32.97168789972649
0.062292647909094903,-0.020754412516373191,0.22889249470562545,1.9664960194292749e-05,81600.853823041049,-9352.7817361177913,190.59373438314631,-32.97168789972649
-0.062292647909094903,-0.020754412516373191,0.22889249470562545,1.9664960194292749e-05,81600.853823041049,-9352.7817361177913,190.59373438314631,-32.97168789972649
0.061904763802886009,0.01089334674179554,0.22893987596035004,2.5539541855612528e-05,82345.610000387955,-4386.9255572679167,197.74902486171041,-13.111316768189569
-0.061904763802886009,0.01089334674179554,0.22893987596035004,2.5539541855612528e-05,82345.610000387955,-4386.9255572679167,197.74902486171041,-13.111316768189569
0.061904763802886009,-0.01089334674179554,0.22893987596035004,2.5539541855612528e-05,82345.610000387955,-4386.9255572679167,197.74902486171041,-13.111316768189569
-0.061904763802886009,-0.01089334674179554,0.22893987596035004,2.5539541855612528e-05,82345.610000387955,-4386.9255572679167,197.74902486171041,-13.111316768189569
0.04206234558569262,0.0035325642923297301,0.23105935371810341,1.8637711542602058e-05,85955.73791092282,10952.395804164205,220.94829372204745,24.438304675702323
-0.04206234558569262,0.0035325642923297301,0.23105935371810341,1.8637711542602058e-05,85955.73791092282,10952.395804164205,220.94829372204745,24.438304675702323
0.04206234558569262,-0.0035325642923297301,0.23105935371810341,1.8637711542602058e-05,85955.73791092282,10952.395804164205,220.94829372204745,24.438304675702323
-0.04206234558569262,-0.0035325642923297301,0.23105935371810341,1.8637711542602058e-05,85955.73791092282,10952.395804164205,220.94829372204745,24.438304675702323
0.18080536537783432,0.053158995924742714,0.21020142921519325,2.0406257073541827e-05,-35412.686327192874,26269.788346794154,-56.544163132195948,43.709676619488697
-0.18080536537783432,0.053158995924742714,0.21020142921519325,2.0406257073541827e-05,-35412.686327192874,26269.788346794154,-56.544163132195948,43.709676619488697
0.18080536537783432,-0.053158995924742714,0.21020142921519325,2.0406257073541827e-05,-35412.686327192874,26269.788346794154,-56.544163132195948,43.709676619488697
-0.18080536537783432,-0.053158995924742714,0.21020142921519325,2.0406257073541827e-05,-35412.686327192874,26269.788346794154,-56.544163132195948,43.709676619488697
0.043388908370916968,0.011983322539595212,0.23094318825312365,1.7384052927918994e-05,85830.340751339187,8024.4470033697125,208.7408846903661,12.439496077453565
-0.043388908370916968,0.011983322539595212,0.23094318825312365,1.7384052927918994e-05,85830.340751339187,8024.4470033697125,208.7408846903661,12.439496077453565
0.043388908370916968,-0.011983322539595212,0.23094318825312365,1.7384052927918994e-05,85830.340751339187,8024.4470033697125,208.7408846903661,12.439496077453565
-0.043388908370916968,-0.011983322539595212,0.23094318825312365,1.7384052927918994e-05,85830.340751339187,8024.4470033697125,208.7408846903661,12.439496077453565
0.034346094230482425,0.0094140584259590245,0.23165892738421764,2.0438493413120244e-05,86352.739547099874,13441.28725284127,213.60887754963343,29.473496578438219
-0.034346094230482425,0.0094140584259590245,0.23165892738421764,2.0438493413120244e-05,86352.739547099874,13441.28725284127,213.60887754963343,29.473496578438219
0.034346094230482425,-0.0094140584259590245,0.23165892738421764,2.0438493413120244e-05,86352.739547099874,13441.28725284127,213.60887754963343,29.473496578438219
-0.034346094230482425,-0.0094140584259590245,0.23165892738421764,2.0438493413120244e-05,86352.739547099874,13441.28725284127,213.60887754963343,29.473496578438219
0.13695545252017388,0.077267417014591708,0.21772385309281236,2.2134621198054474e-05,-38618.803498092035,-30837.102039464982,-79.322760258145365,-58.440485028151947
-0.13695545252017388,0.077267417014591708,0.21772385309281236,2.2134621198054474e-05,-38618.803498092035,-30837.102039464982,-79.322760258145365,-58.440485028151947
0.13695545252017388,-0.077267417014591708,0.21772385309281236,2.2134621198054474e-05,-38618.803498092035,-30837.102039464982,-79.322760258145365,-58.440485028151947
-0.13695545252017388,-0.077267417014591708,0.21772385309281236,2.2134621198054474e-05,-38618.803498092035,-30837.102039464982,-79.322760258145365,-58.440485028151947
0.024559883193995786,0.0053031701917642541,0.23225861169434336,2.4134658401253937e-05,86908.152010800244,18364.454238828243,228.01226598677587,40.785195202038118
-0.024559883193995786,0.0053031701917642541,0.23225861169434336,2.4134658401253937e-05,86908.152010800244,18364.454238828243,228.01226598677587,40.785195202038118
0.024559883193995786,-0.0053031701917642541,0.23225861169434336,2.4134658401253937e-05,86908.152010800244,18364.454238828243,228.01226598677587,40.785195202038118
-0.024559883193995786,-0.0053031701917642541,0.23225861169434336,2.4134658401253937e-05,86908.152010800244,18364.454238828243,228.01226598677587,40.785195202038118
0.17188512124025609,0.05064112563978701,0.21221569528647952,2.5379143867188177e-05,-46385.58545070573,11424.17538916274,-84.423573916571101,15.794662379992822
-0.17188512124025609,0.05064112563978701,0.21221569528647952,2.5379143867188177e-05,-46385.58545070573,11424.17538916274,-84.423573916571101,15.794662379992822
0.17188512124025609,-0.05064112563978701,0.21221569528647952,2.5379143867188177e-05,-46385.58545070573,11424.17538916274,-84.423573916571101,15.794662379992822
-0.17188512124025609,-0.05064112563978701,0.21221569528647952,2.5379143867188177e-05,-46385.58545070573,11424.17538916274,-84.423573916571101,15.794662379992822
0.063251803494625058,0.048576720786370937,0.22876479464158037,3.1367540994259962e-05,68917.126930742728,-34263.764519244294,161.92339636082778,-76.279617903311021
-0.063251803494625058,0.048576720786370937,0.22876479464158037,3.1367540994259962e-05,68917.126930742728,-34263.764519244294,161.92339636082778,-76.279617903311021
0.063251803494625058,-0.048576720786370937,0.22876479464158037,3.1367540994259962e-05,68917.126930742728,-34263.764519244294,161.92339636082778,-76.279617903311021
-0.063251803494625058,-0.048576720786370937,0.22876479464158037,3.1367540994259962e-05,68917.126930742728,-34263.764519244294,161.92339636082778,-76.279617903311021
0.042660264096677732,0.0261467208455929,0.23100699099367344,2.9989663405708413e-05,84648.079226752394,-347.65597782175018,202.89816684618305,-4.2592278155486518
-0.042660264096677732,0.0261467208455929,0.23100699099367344,2.9989663405708413e-05,84648.079226752394,-347.65597782175018,202.89816684618305,-4.2592278155486518
0.042660264096677732,-0.0261467208455929,0.23100699099367344,2.9989663405708413e-05,84648.079226752394,-347.65597782175018,202.89816684618305,-4.2592278155486518
-0.042660264096677732,-0.0261467208455929,0.23100699099367344,2.9989663405708413e-05,84648.079226752394,-347.65597782175018,202.89816684618305,-4.2592278155486518
0.1625430417084715,0.048322656832636687,0.21400999496222348,2.5034374941379598e-05,-49879.918847511923,-8173.0537437709663,-95.991315908717169,-18.339206359883754
-0.1625430417084715,0.048322656832636687,0.21400999496222348,2.5034374941379598e-05,-49879.918847511923,-8173.0537437709663,-95.991315908717169,-18.339206359883754
0.1625430417084715,-0.048322656832636687,0.21400999496222348,2.5034374941379598e-05,-49879.918847511923,-8173.0537437709663,-95.991315908717169,-18.339206359883754
-0.1625430417084715,-0.048322656832636687,0.21400999496222348,2.5034374941379598e-05,-49879.918847511923,-8173.0537437709663,-95.991315908717169,-18.339206359883754
0.15210463404011226,0.045540003252464156,0.21570882045512538,2.7087744915714094e-05,-43472.731233818951,-30383.167394773995,-84.34681066588692,-65.522777952534867
-0.15210463404011226,0.045540003252464156,0.21570882045512538,2.7087744915714094e-05,-43472.731233818951,-30383.167394773995,-84.34681066588692,-65.522777952534867
0.15210463404011226,-0.045540003252464156,0.21570882045512538,2.7087744915714094e-05,-43472.731233818951,-30383.167394773995,-84.34681066588692,-65.522777952534867
-0.15210463404011226,-0.045540003252464156,0.21570882045512538,2.7087744915714094e-05,-43472.731233818951,-30383.167394773995,-84.34681066588692,-65.522777952534867
0.082344506329764269,0.059156058837379739,0.2260522035193577,1.7270005231515635e-05,45581.694089114193,-52422.207120396357,107.17448008108951,-126.9674398384753
-0.082344506329764269,0.059156058837379739,0.2260522035193577,1.7270005231515635e-05,45581.694089114193,-52422.207120396357,107.17448008108951,-126.9674398384753
0.082344506329764269,-0.059156058837379739,0.2260522035193577,1.7270005231515635e-05,45581.694089114193,-52422.207120396357,107.17448008108951,-126.9674398384753
-0.082344506329764269,-0.059156058837379739,0.2260522035193577,1.7270005231515635e-05,45581.694089114193,-52422.207120396357,107.17448008108951,-126.9674398384753
0.14781363685367727,0.077453060960627415,0.21566064590575953,2.80739048166244e-05,-44225.16461079986,-14849.988113724137,-91.315492729929204,-27.318659550554575
-0.14781363685367727,0.077453060960627415,0.21566064590575953,2.80739048166244e-05,-44225.16461079986,-14849.988113724137,-91.315492729929204,-27.318659550554575
0.14781363685367727,-0.077453060960627415,0.21566064590575953,2.80739048166244e-05,-44225.16461079986,-14849.988113724137,-91.315492729929204,-27.318659550554575
-0.14781363685367727,-0.077453060960627415,0.21566064590575953,2.80739048166244e-05,-44225.16461079986,-14849.988113724137,-91.315492729929204,-27.318659550554575
0.14685680376543783,0.087427372600181741,0.2152453232935557,1.9572435230216421e-05,-41800.41775535755,-6427.8775736267371,-84.159790855165355,-15.092778832427333
-0.14685680376543783,0.087427372600181741,0.2152453232935557,1.9572435230216421e-05,-41800.41775535755,-6427.8775736267371,-84.159790855165355,-15.092778832427333
0.14685680376543783,-0.087427372600181741,0.2152453232935557,1.9572435230216421e-05,-41800.41775535755,-6427.8775736267371,-84.159790855165355,-15.092778832427333
-0.14685680376543783,-0.087427372600181741,0.2152453232935557,1.9572435230216421e-05,-41800.41775535755,-6427.8775736267371,-84.159790855165355,-15.092778832427333
0.14885601772449902,0.083396667649017875,0.21509691900943834,2.0425271296196549e-05,-43372.700169554257,-7593.6538661958375,-90.777328041345115,-11.957104951988283
-0.14885601772449902,0.083396667649017875,0.21509691900943834,2.0425271296196549e-05,-43372.700169554257,-7593.6538661958375,-90.777328041345115,-11.957104951988283
0.14885601772449902,-0.083396667649017875,0.21509691900943834,2.0425271296196549e-05,-43372.700169554257,-7593.6538661958375,-90.777328041345115,-11.957104951988283
-0.14885601772449902,-0.083396667649017875,0.21509691900943834,2.0425271296196549e-05,-43372.700169554257,-7593.6538661958375,-90.777328041345115,-11.957104951988283
0.13333334028720856,0.0048783551901578903,0.21850340068340302,1.3335711415410297e-05,2387.4694492129101,-63365.647704468225,1.4992378328085225,-177.97537481827402
-0.13333334028720856,0.0048783551901578903,0.21850340068340302,1.3335711415410297e-05,2387.4694492129101,-63365.647704468225,1.4992378328085225,-177.97537481827402
0.13333334028720856,-0.0048783551901578903,0.21850340068340302,1.3335711415410297e-05,2387.4694492129101,-63365.647704468225,1.4992378328085225,-177.97537481827402
-0.13333334028720856,-0.0048783551901578903,0.21850340068340302,1.3335711415410297e-05,2387.4694492129101,-63365.647704468225,1.4992378328085225,-177.97537481827402
0.039600147459389293,0.0314466317126154,0.23127496063728789,3.53650929161505e-05,84259.195405722421,-3309.5305797990495,202.49017357257077,-10.385638030907593
-0.039600147459389293,0.0314466317126154,0.23127496063728789,3.53650929161505e-05,84259.195405722421,-3309.5305797990495,202.49017357257077,-10.385638030907593
0.039600147459389293,-0.0314466317126154,0.23127496063728789,3.53650929161505e-05,84259.195405722421,-3309.5305797990495,202.49017357257077,-10.385638030907593
-0.039600147459389293,-0.0314466317126154,0.23127496063728789,3.53650929161505e-05,84259.195405722421,-3309.5305797990495,202.49017357257077,-10.385638030907593
0.17879388342508237,0.12101260425182048,0.20097881758096006,1.2502088145169284e-05,9685.0108051224688,19056.724699766761,17.313582466670059,28.235968089466716
-0.17879388342508237,0.12101260425182048,0.20097881758096006,1.2502088145169284e-05,9685.0108051224688,19056.724699766761,17.313582466670059,28.235968089466716
0.17879388342508237,-0.12101260425182048,0.20097881758096006,1.2502088145169284e-05,9685.0108051224688,19056.724699766761,17.313582466670059,28.235968089466716
-0.17879388342508237,-0.12101260425182048,0.20097881758096006,1.2502088145169284e-05,9685.0108051224688,19056.724699766761,17.313582466670059,28.235968089466716
0.0097465093820552802,0.0077367713797934761,0.23277459804470294,1.5158572913594064e-05,87121.872304688251,21342.903431329523,220.34112249088594,47.912479926945771
-0.0097465093820552802,0.0077367713797934761,0.23277459804470294,1.5158572913594064e-05,87121.872304688251,21342.903431329523,220.34112249088594,47.912479926945771
0.0097465093820552802,-0.0077367713797934761,0.23277459804470294,1.5158572913594064e-05,87121.872304688251,21342.903431329523,220.34112249088594,47.912479926945771
-0.0097465093820552802,-0.0077367713797934761,0.23277459804470294,1.5158572913594064e-05,87121.872304688251,21342.903431329523,220.34112249088594,47.912479926945771
0.095325799280893395,0.0048418397504516415,0.22413034216641384,1.493278190143713e-05,63951.888031106217,-38351.913002057328,159.83230940719142,-112.10885519627158
-0.095325799280893395,0.0048418397504516415,0.22413034216641384,1.493278190143713e-05,63951.888031106217,-38351.913002057328,159.83230940719142,-112.10885519627158
0.095325799280893395,-0.0048418397504516415,0.22413034216641384,1.493278190143713e-05,63951.888031106217,-38351.913002057328,159.83230940719142,-112.10885519627158
-0.095325799280893395,-0.0048418397504516415,0.22413034216641384,1.493278190143713e-05,63951.888031106217,-38351.913002057328,159.83230940719142,-112.10885519627158
0.088589970555318295,0.067715075321207255,0.22512757281548712,2.5020555033292585e-05,28785.23475090936,-57079.480249580483,63.594094920204519,-126.59602003501411
-0.088589970555318295,0.067715075321207255,0.22512757281548712,2.5020555033292585e-05,28785.23475090936,-57079.480249580483,63.594094920204519,-126.59602003501411
0.088589970555318295,-0.067715075321207255,0.22512757281548712,2.5020555033292585e-05,28785.23475090936,-57079.480249580483,63.594094920204519,-126.59602003501411
-0.088589970555318295,-0.067715075321207255,0.22512757281548712,2.5020555033292585e-05,28785.23475090936,-57079.480249580483,63.594094920204519,-126.59602003501411
0.16248322486144551,0.0067135342318842559,0.21418782164140704,1.8989393510033577e-05,-44438.713281044176,-23982.310659062885,-91.075860774243722,-44.430938542345586
-0.16248322486144551,0.0067135342318842559,0.21418782164140704,1.8989393510033577e-05,-44438.713281044176,-23982.310659062885,-91.075860774243722,-44.430938542345586
0.16248322486144551,-0.0067135342318842559,0.21418782164140704,1.8989393510033577e-05,-44438.713281044176,-23982.310659062885,-91.075860774243722,-44.430938542345586
-0.16248322486144551,-0.0067135342318842559,0.21418782164140704,1.8989393510033577e-05,-44438.713281044176,-23982.310659062885,-91.075860774243722,-44.430938542345586
0.081001638102971243,0,0.22625101191414482,7.2609385462123623e-06,75477.172562928434,-18896.587545183273,165.0507656617981,-48.554050675314286
-0.081001638102971243,0,0.22625101191414482,7.2609385462123623e-06,75477.172562928434,-18896.587545183273,165.0507656617981,-48.554050675314286
0.081001638102971243,-0,0.22625101191414482,7.2609385462123623e-06,75477.172562928434,-18896.587545183273,165.0507656617981,-48.554050675314286
-0.081001638102971243,-0,0.22625101191414482,7.2609385462123623e-06,75477.172562928434,-18896.587545183273,165.0507656617981,-48.554050675314286
0.090295368178439139,-4.3368086899420177e-19,0.22487508961004182,7.7755872988674117e-06,69434.753663121213,-30252.358329762021,143.97211692086316,-72.449623449135942
-0.090295368178439139,-4.3368086899420177e-19,0.22487508961004182,7.7755872988674117e-06,69434.753663121213,-30252.358329762021,143.97211692086316,-72.449623449135942
0.090295368178439139,4.3368086899420177e-19,0.22487508961004182,7.7755872988674117e-06,69434.753663121213,-30252.358329762021,143.97211692086316,-72.449623449135942
-0.090295368178439139,4.3368086899420177e-19,0.22487508961004182,7.7755872988674117e-06,69434.753663121213,-30252.358329762021,143.97211692086316,-72.449623449135942
0.0711459024608634,0,0.22770214675318978,1.2025236997499202e-05,81322.979235468243,-7748.7585989181471,159.98822874837839,-34.140617479528238
-0.0711459024608634,0,0.22770214675318978,1.2025236997499202e-05,81322.979235468243,-7748.7585989181471,159.98822874837839,-34.140617479528238
0.0711459024608634,-0,0.22770214675318978,1.2025236997499202e-05,81322.979235468243,-7748.7585989181471,159.98822874837839,-34.140617479528238
-0.0711459024608634,-0,0.22770214675318978,1.2025236997499202e-05,81322.979235468243,-7748.7585989181471,159.98822874837839,-34.140617479528238
0.20000000298023224,0.069093162392181426,0.20342177937702183,1.0940048471791473e-05,9406.4377608196774,25223.231562375029,25.553532390759663,44.80095287139325
-0.20000000298023224,0.069093162392181426,0.20342177937702183,1.0940048471791473e-05,9406.4377608196774,25223.231562375029,25.553532390759663,44.80095287139325
0.20000000298023224,-0.069093162392181426,0.20342177937702183,1.0940048471791473e-05,9406.4377608196774,25223.231562375029,25.553532390759663,44.80095287139325
-0.20000000298023224,-0.069093162392181426,0.20342177937702183,1.0940048471791473e-05,9406.4377608196774,25223.231562375029,25.553532390759663,44.80095287139325
0.061904763802886009,0,0.22893987596035004,7.0399540299277064e-06,83050.220706451903,-365.7341225343734,173.64561332653142,-8.3247245040335702
-0.061904763802886009,0,0.22893987596035004,7.0399540299277064e-06,83050.220706451903,-365.7341225343734,173.64561332653142,-8.3247245040335702
0.061904763802886009,-0,0.22893987596035004,7.0399540299277064e-06,83050.220706451903,-365.7341225343734,173.64561332653142,-8.3247245040335702
-0.061904763802886009,-0,0.22893987596035004,7.0399540299277064e-06,83050.220706451903,-365.7341225343734,173.64561332653142,-8.3247245040335702
0.05238095298409462,0,0.23004715889692307,9.0041648885747252e-06,85150.2895752271,7845.6800174354685,213.86968614433471,2.5798981170344386
-0.05238095298409462,0,0.23004715889692307,9.0041648885747252e-06,85150.2895752271,7845.6800174354685,213.86968614433471,2.5798981170344386
0.05238095298409462,-0,0.23004715889692307,9.0041648885747252e-06,85150.2895752271,7845.6800174354685,213.86968614433471,2.5798981170344386
-0.05238095298409462,-0,0.23004715889692307,9.0041648885747252e-06,85150.2895752271,7845.6800174354685,213.86968614433471,2.5798981170344386
0.042626666915150511,0,0.2310099367961419,5.4667352678604057e-06,86149.503802693449,13883.074138498108,217.46527020072946,13.332461801286954
-0.042626666915150511,0,0.2310099367961419,5.4667352678604057e-06,86149.503802693449,13883.074138498108,217.46527020072946,13.332461801286954
0.042626666915150511,-0,0.2310099367961419,5.4667352678604057e-06,86149.503802693449,13883.074138498108,217.46527020072946,13.332461801286954
-0.042626666915150511,-0,0.2310099367961419,5.4667352678604057e-06,86149.503802693449,13883.074138498108,217.46527020072946,13.332461801286954
0.033501600003562927,0,0.23164624543499093,6.2518473938561854e-06,86464.86168142005,18016.95318577065,189.43261877590314,25.04954320054016
-0.033501600003562927,0,0.23164624543499093,6.2518473938561854e-06,86464.86168142005,18016.95318577065,189.43261877590314,25.04954320054016
0.033501600003562927,-0,0.23164624543499093,6.2518473938561854e-06,86464.86168142005,18016.95318577065,189.43261877590314,25.04954320054016
-0.033501600003562927,-0,0.23164624543499093,6.2518473938561854e-06,86464.86168142005,18016.95318577065,189.43261877590314,25.04954320054016
0.039472946446511468,0.091355071378285996,0.23125378870530472,2.1751226644601425e-05,18676.434500152587,-55614.561477596151,38.738104433567571,-113.59426713606162
-0.039472946446511468,0.091355071378285996,0.23125378870530472,2.1751226644601425e-05,18676.434500152587,-55614.561477596151,38.738104433567571,-113.59426713606162
0.039472946446511468,-0.091355071378285996,0.23125378870530472,2.1751226644601425e-05,18676.434500152587,-55614.561477596151,38.738104433567571,-113.59426713606162
-0.039472946446511468,-0.091355071378285996,0.23125378870530472,2.1751226644601425e-05,18676.434500152587,-55614.561477596151,38.738104433567571,-113.59426713606162
0.034146779911552343,0.10023150882751058,0.23168367986743632,2.0423931033202459e-05,-226.17570544255469,-51359.078595064595,2.5154163417309152,-96.534580358174537
-0.034146779911552343,0.10023150882751058,0.23168367986743632,2.0423931033202459e-05,-226.17570544255469,-51359.078595064595,2.5154163417309152,-96.534580358174537
0.034146779911552343,-0.10023150882751058,0.23168367986743632,2.0423931033202459e-05,-226.17570544255469,-51359.078595064595,2.5154163417309152,-96.534580358174537
-0.034146779911552343,-0.10023150882751058,0.23168367986743632,2.0423931033202459e-05,-226.17570544255469,-51359.078595064595,2.5154163417309152,-96.534580358174537
0.014279850758612156,0,0.23266657441854477,1.9521949615501632e-05,85774.528055163726,26063.412110976795,176.98077843056689,41.181965737362148
-0.014279850758612156,0,0.23266657441854477,1.9521949615501632e-05,85774.528055163726,26063.412110976795,176.98077843056689,41.181965737362148
0.014279850758612156,-0,0.23266657441854477,1.9521949615501632e-05,85774.528055163726,26063.412110976795,176.98077843056689,41.181965737362148
-0.014279850758612156,-0,0.23266657441854477,1.9521949615501632e-05,85774.528055163726,26063.412110976795,176.98077843056689,41.181965737362148
0.02380952425301075,0,0.23229812830686569,1.345606134426946e-05,86124.199565809467,22933.061129121586,184.14664891412232,35.499132911771277
-0.02380952425301075,0,0.23229812830686569,1.345606134426946e-05,86124.199565809467,22933.061129121586,184.14664891412232,35.499132911771277
0.02380952425301075,-0,0.23229812830686569,1.345606134426946e-05,86124.199565809467,22933.061129121586,184.14664891412232,35.499132911771277
-0.02380952425301075,-0,0.23229812830686569,1.345606134426946e-05,86124.199565809467,22933.061129121586,184.14664891412232,35.499132911771277
0.056791798726204726,0.005221737739645794,0.2295603062391354,1.5051191754561281e-05,83809.899009657267,634.4805112307846,219.67678317087066,2.6762412660151371
-0.056791798726204726,0.005221737739645794,0.2295603062391354,1.5051191754561281e-05,83809.899009657267,634.4805112307846,219.67678317087066,2.6762412660151371
0.056791798726204726,-0.005221737739645794,0.2295603062391354,1.5051191754561281e-05,83809.899009657267,634.4805112307846,219.67678317087066,2.6762412660151371
-0.056791798726204726,-0.005221737739645794,0.2295603062391354,1.5051191754561281e-05,83809.899009657267,634.4805112307846,219.67678317087066,2.6762412660151371
0.15640286611914439,0.11832750688340506,0.2091449036399062,3.7841005512652393e-05,-7418.0868811076198,25025.908168503393,-8.5361727789505935,38.670275116706158
-0.15640286611914439,0.11832750688340506,0.2091449036399062,3.7841005512652393e-05,-7418.0868811076198,25025.908168503393,-8.5361727789505935,38.670275116706158
0.15640286611914439,-0.11832750688340506,0.2091449036399062,3.7841005512652393e-05,-7418.0868811076198,25025.908168503393,-8.5361727789505935,38.670275116706158
-0.15640286611914439,-0.11832750688340506,0.2091449036399062,3.7841005512652393e-05,-7418.0868811076198,25025.908168503393,-8.5361727789505935,38.670275116706158
0.19088468082933646,0.066281007575090409,0.20641365674085282,2.5767672815614748e-05,-11175.419830323088,33200.988568295201,-14.972186957104867,54.688783995848191
-0.19088468082933646,0.066281007575090409,0.20641365674085282,2.5767672815614748e-05,-11175.419830323088,33200.988568295201,-14.972186957104867,54.688783995848191
0.19088468082933646,-0.066281007575090409,0.20641365674085282,2.5767672815614748e-05,-11175.419830323088,33200.988568295201,-14.972186957104867,54.688783995848191
-0.19088468082933646,-0.066281007575090409,0.20641365674085282,2.5767672815614748e-05,-11175.419830323088,33200.988568295201,-14.972186957104867,54.688783995848191
0.18100119308973486,0.063171736268504142,0.20931259651570042,1.7849963476149179e-05,-30821.939053488728,28359.106673775248,-58.705665922360012,51.311351130893271
-0.18100119308973486,0.063171736268504142,0.20931259651570042,1.7849963476149179e-05,-30821.939053488728,28359.106673775248,-58.705665922360012,51.311351130893271
0.18100119308973486,-0.063171736268504142,0.20931259651570042,1.7849963476149179e-05,-30821.939053488728,28359.106673775248,-58.705665922360012,51.311351130893271
-0.18100119308973486,-0.063171736268504142,0.20931259651570042,1.7849963476149179e-05,-30821.939053488728,28359.106673775248,-58.705665922360012,51.311351130893271
0.016132903803391652,0.030105024710490449,0.23261221549478486,2.0924368300206137e-05,87581.974620825669,8471.9030861795873,205.86787499739924,-1.8394444901217113
-0.016132903803391652,0.030105024710490449,0.23261221549478486,2.0924368300206137e-05,87581.974620825669,8471.9030861795873,205.86787499739924,-1.8394444901217113
0.016132903803391652,-0.030105024710490449,0.23261221549478486,2.0924368300206137e-05,87581.974620825669,8471.9030861795873,205.86787499739924,-1.8394444901217113
-0.016132903803391652,-0.030105024710490449,0.23261221549478486,2.0924368300206137e-05,87581.974620825669,8471.9030861795873,205.86787499739924,-1.8394444901217113
0.17899467154245616,0,0.2117433265601654,1.2526268517001001e-05,-41255.905074656577,11372.277325235134,-60.644654450077766,15.848310051392701
-0.17899467154245616,0,0.2117433265601654,1.2526268517001001e-05,-41255.905074656577,11372.277325235134,-60.644654450077766,15.848310051392701
0.17899467154245616,-0,0.2117433265601654,1.2526268517001001e-05,-41255.905074656577,11372.277325235134,-60.644654450077766,15.848310051392701
-0.17899467154245616,-0,0.2117433265601654,1.2526268517001001e-05,-41255.905074656577,11372.277325235134,-60.644654450077766,15.848310051392701
0.17155709015156595,0.06079395421590348,0.21170476094711316,2.0298765473841249e-05,-43499.729596429766,14566.909857195682,-78.860885563624379,20.013215634884869
-0.17155709015156595,0.06079395421590348,0.21170476094711316,2.0298765473841249e-05,-43499.729596429766,14566.909857195682,-78.860885563624379,20.013215634884869
0.17155709015156595,-0.06079395421590348,0.21170476094711316,2.0298765473841249e-05,-43499.729596429766,14566.909857195682,-78.860885563624379,20.013215634884869
-0.17155709015156595,-0.06079395421590348,0.21170476094711316,2.0298765473841249e-05,-43499.729596429766,14566.909857195682,-78.860885563624379,20.013215634884869
0.13347180872262113,0.099014295366624386,0.21737320617400196,3.5186180360528445e-05,-38819.021567700423,-7761.8015418823288,-75.085407099697349,-14.706513321879715
-0.13347180872262113,0.099014295366624386,0.21737320617400196,3.5186180360528445e-05,-38819.021567700423,-7761.8015418823288,-75.085407099697349,-14.706513321879715
0.13347180872262113,-0.099014295366624386,0.21737320617400196,3.5186180360528445e-05,-38819.021567700423,-7761.8015418823288,-75.085407099697349,-14.706513321879715
-0.13347180872262113,-0.099014295366624386,0.21737320617400196,3.5186180360528445e-05,-38819.021567700423,-7761.8015418823288,-75.085407099697349,-14.706513321879715
0.10534227972296344,0.038417661255393587,0.22264742562900131,1.5169583761850523e-05,37683.912339339317,-57405.025090508883,83.011862380928463,-140.06311188820916
-0.10534227972296344,0.038417661255393587,0.22264742562900131,1.5169583761850523e-05,37683.912339339317,-57405.025090508883,83.011862380928463,-140.06311188820916
0.10534227972296344,-0.038417661255393587,0.22264742562900131,1.5169583761850523e-05,37683.912339339317,-57405.025090508883,83.011862380928463,-140.06311188820916
-0.10534227972296344,-0.038417661255393587,0.22264742562900131,1.5169583761850523e-05,37683.912339339317,-57405.025090508883,83.011862380928463,-140.06311188820916
0.15119101415680569,0.055320948346666204,0.21578238176262179,2.3806139912645789e-05,-44943.307360715939,-26101.002576571896,-88.583145854500629,-57.133368053525295
-0.15119101415680569,0.055320948346666204,0.21578238176262179,2.3806139912645789e-05,-44943.307360715939,-26101.002576571896,-88.583145854500629,-57.133368053525295
0.15119101415680569,-0.055320948346666204,0.21578238176262179,2.3806139912645789e-05,-44943.307360715939,-26101.002576571896,-88.583145854500629,-57.133368053525295
-0.15119101415680569,-0.055320948346666204,0.21578238176262179,2.3806139912645789e-05,-44943.307360715939,-26101.002576571896,-88.583145854500629,-57.133368053525295
0.19999994689042752,0.12240231377642666,0.19215196311926236,1.1223253540860553e-05,11700.071735305688,233.5940842640062,30.822965516302727,-6.2036956262980238
-0.19999994689042752,0.12240231377642666,0.19215196311926236,1.1223253540860553e-05,11700.071735305688,233.5940842640062,30.822965516302727,-6.2036956262980238
0.19999994689042752,-0.12240231377642666,0.19215196311926236,1.1223253540860553e-05,11700.071735305688,233.5940842640062,30.822965516302727,-6.2036956262980238
-0.19999994689042752,-0.12240231377642666,0.19215196311926236,1.1223253540860553e-05,11700.071735305688,233.5940842640062,30.822965516302727,-6.2036956262980238
0.13270479338231517,0.11339546306335864,0.21635226534604132,2.2980733921425214e-05,-29111.931749858082,12054.233416763591,-47.682254968647626,21.785479336321028
-0.13270479338231517,0.11339546306335864,0.21635226534604132,2.2980733921425214e-05,-29111.931749858082,12054.233416763591,-47.682254968647626,21.785479336321028
0.13270479338231517,-0.11339546306335864,0.21635226534604132,2.2980733921425214e-05,-29111.931749858082,12054.233416763591,-47.682254968647626,21.785479336321028
-0.13270479338231517,-0.11339546306335864,0.21635226534604132,2.2980733921425214e-05,-29111.931749858082,12054.233416763591,-47.682254968647626,21.785479336321028
0.1998716522412205,0.078901689737302272,0.20187666043872454,1.4500687676117964e-05,10819.005743337488,22360.841008836938,29.253728492006029,43.911912343402349
-0.1998716522412205,0.078901689737302272,0.20187666043872454,1.4500687676117964e-05,10819.005743337488,22360.841008836938,29.253728492006029,43.911912343402349
0.1998716522412205,-0.078901689737302272,0.20187666043872454,1.4500687676117964e-05,10819.005743337488,22360.841008836938,29.253728492006029,43.911912343402349
-0.1998716522412205,-0.078901689737302272,0.20187666043872454,1.4500687676117964e-05,10819.005743337488,22360.841008836938,29.253728492006029,43.911912343402349
0.018310696726829633,0.033750248345304185,0.23250785629492068,1.6370325010320835e-05,85885.177403305119,4712.1848497379269,193.3085106612269,13.289354628016488
-0.018310696726829633,0.033750248345304185,0.23250785629492068,1.6370325010320835e-05,85885.177403305119,4712.1848497379269,193.3085106612269,13.289354628016488
0.018310696726829633,-0.033750248345304185,0.23250785629492068,1.6370325010320835e-05,85885.177403305119,4712.1848497379269,193.3085106612269,13.289354628016488
-0.018310696726829633,-0.033750248345304185,0.23250785629492068,1.6370325010320835e-05,85885.177403305119,4712.1848497379269,193.3085106612269,13.289354628016488
0.076471912716187654,0.030739235436387621,0.22692163050262754,1.3331871437154012e-05,72096.249464995461,-28345.812643781785,167.32756328328463,-72.069887096884912
-0.076471912716187654,0.030739235436387621,0.22692163050262754,1.3331871437154012e-05,72096.249464995461,-28345.812643781785,167.32756328328463,-72.069887096884912
0.076471912716187654,-0.030739235436387621,0.22692163050262754,1.3331871437154012e-05,72096.249464995461,-28345.812643781785,167.32756328328463,-72.069887096884912
-0.076471912716187654,-0.030739235436387621,0.22692163050262754,1.3331871437154012e-05,72096.249464995461,-28345.812643781785,167.32756328328463,-72.069887096884912
0.13066038264711211,0.1091150685781417,0.21723214526331872,2.2259086138952418e-05,-33981.725293900025,4747.3692296046802,-59.322088111078614,9.2749480525681278
-0.13066038264711211,0.1091150685781417,0.21723214526331872,2.2259086138952418e-05,-33981.725293900025,4747.3692296046802,-59.322088111078614,9.2749480525681278
0.13066038264711211,-0.1091150685781417,0.21723214526331872,2.2259086138952418e-05,-33981.725293900025,4747.3692296046802,-59.322088111078614,9.2749480525681278
-0.13066038264711211,-0.1091150685781417,0.21723214526331872,2.2259086138952418e-05,-33981.725293900025,4747.3692296046802,-59.322088111078614,9.2749480525681278
0.013239017611139483,0.11703001987593679,0.23267484277706146,1.9534859542773481e-05,-29315.649456485124,-22284.058759491185,-35.952046233650421,-23.235212503044007
-0.013239017611139483,0.11703001987593679,0.23267484277706146,1.9534859542773481e-05,-29315.649456485124,-22284.058759491185,-35.952046233650421,-23.235212503044007
0.013239017611139483,-0.11703001987593679,0.23267484277706146,1.9534859542773481e-05,-29315.649456485124,-22284.058759491185,-35.952046233650421,-23.235212503044007
-0.013239017611139483,-0.11703001987593679,0.23267484277706146,1.9534859542773481e-05,-29315.649456485124,-22284.058759491185,-35.952046233650421,-23.235212503044007
0.17104988992005304,0.069925017940564438,0.21110815108991257,2.6824274207262873e-05,-39904.872453538548,17309.53615113649,-75.809709856406712,27.376865074897637
-0.17104988992005304,0.069925017940564438,0.21110815108991257,2.6824274207262873e-05,-39904.872453538548,17309.53615113649,-75.809709856406712,27.376865074897637
0.17104988992005304,-0.069925017940564438,0.21110815108991257,2.6824274207262873e-05,-39904.872453538548,17309.53615113649,-75.809709856406712,27.376865074897637
-0.17104988992005304,-0.069925017940564438,0.21110815108991257,2.6824274207262873e-05,-39904.872453538548,17309.53615113649,-75.809709856406712,27.376865074897637
0.038286187877087374,0.015222703257525363,0.23139002718561125,1.3021503025839811e-05,86201.686318406093,9194.7604486261625,210.91160666279416,14.043687539262148
-0.038286187877087374,0.015222703257525363,0.23139002718561125,1.3021503025839811e-05,86201.686318406093,9194.7604486261625,210.91160666279416,14.043687539262148
0.038286187877087374,-0.015222703257525363,0.23139002718561125,1.3021503025839811e-05,86201.686318406093,9194.7604486261625,210.91160666279416,14.043687539262148
-0.038286187877087374,-0.015222703257525363,0.23139002718561125,1.3021503025839811e-05,86201.686318406093,9194.7604486261625,210.91160666279416,14.043687539262148
0.099548586059982042,0,0.22350516688421351,9.9865118246838577e-06,60750.724853355867,-41384.216458905372,111.48085983391415,-90.743534554283571
-0.099548586059982042,0,0.22350516688421351,9.9865118246838577e-06,60750.724853355867,-41384.216458905372,111.48085983391415,-90.743534554283571
0.099548586059982042,-0,0.22350516688421351,9.9865118246838577e-06,60750.724853355867,-41384.216458905372,111.48085983391415,-90.743534554283571
-0.099548586059982042,-0,0.22350516688421351,9.9865118246838577e-06,60750.724853355867,-41384.216458905372,111.48085983391415,-90.743534554283571
0.047670766672728758,0.02715437718214277,0.23056705079205395,2.083316947536207e-05,83785.680337336089,-4010.583386799618,192.99605999496663,-14.591997193859511
-0.047670766672728758,0.02715437718214277,0.23056705079205395,2.083316947536207e-05,83785.680337336089,-4010.583386799618,192.99605999496663,-14.591997193859511
0.047670766672728758,-0.02715437718214277,0.23056705079205395,2.083316947536207e-05,83785.680337336089,-4010.583386799618,192.99605999496663,-14.591997193859511
-0.047670766672728758,-0.02715437718214277,0.23056705079205395,2.083316947536207e-05,83785.680337336089,-4010.583386799618,192.99605999496663,-14.591997193859511
0.10958709319088838,0.076394655797777183,0.22201899337254424,3.326181067362879e-05,-7903.6115919304757,-54525.682637936647,-19.855755731754918,-114.59655607266635
-0.10958709319088838,0.076394655797777183,0.22201899337254424,3.326181067362879e-05,-7903.6115919304757,-54525.682637936647,-19.855755731754918,-114.59655607266635
0.10958709319088838,-0.076394655797777183,0.22201899337254424,3.326181067362879e-05,-7903.6115919304757,-54525.682637936647,-19.855755731754918,-114.59655607266635
-0.10958709319088838,-0.076394655797777183,0.22201899337254424,3.326181067362879e-05,-7903.6115919304757,-54525.682637936647,-19.855755731754918,-114.59655607266635
0.011331503770495219,0.12904473451959061,0.23275226340783728,2.8049805063691379e-06,-26774.208063294158,9143.8244178953228,-17.657203286911834,11.055703762164308
-0.011331503770495219,0.12904473451959061,0.23275226340783728,2.8049805063691379e-06,-26774.208063294158,9143.8244178953228,-17.657203286911834,11.055703762164308
0.011331503770495219,-0.12904473451959061,0.23275226340783728,2.8049805063691379e-06,-26774.208063294158,9143.8244178953228,-17.657203286911834,11.055703762164308
-0.011331503770495219,-0.12904473451959061,0.23275226340783728,2.8049805063691379e-06,-26774.208063294158,9143.8244178953228,-17.657203286911834,11.055703762164308
0.044529813971888765,0.1292355776356362,0.23084328402140356,1.0330320143591496e-06,-25363.288596714425,12067.286362173734,-17.430253091780372,15.003372557709881
-0.044529813971888765,0.1292355776356362,0.23084328402140356,1.0330320143591496e-06,-25363.288596714425,12067.286362173734,-17.430253091780372,15.003372557709881
0.044529813971888765,-0.1292355776356362,0.23084328402140356,1.0330320143591496e-06,-25363.288596714425,12067.286362173734,-17.430253091780372,15.003372557709881
-0.044529813971888765,-0.1292355776356362,0.23084328402140356,1.0330320143591496e-06,-25363.288596714425,12067.286362173734,-17.430253091780372,15.003372557709881
0.12111853969552906,0.014859902833583625,0.2203117871832278,1.219637253769495e-05,23648.64744227695,-62980.382791954238,49.687165109515405,-145.20439733975405
-0.12111853969552906,0.014859902833583625,0.2203117871832278,1.219637253769495e-05,23648.64744227695,-62980.382791954238,49.687165109515405,-145.20439733975405
0.12111853969552906,-0.014859902833583625,0.2203117871832278,1.219637253769495e-05,23648.64744227695,-62980.382791954238,49.687165109515405,-145.20439733975405
-0.12111853969552906,-0.014859902833583625,0.2203117871832278,1.219637253769495e-05,23648.64744227695,-62980.382791954238,49.687165109515405,-145.20439733975405
0.14594704657793045,0.10523808747529984,0.21387083828449249,3.3538100731138867e-05,-31443.097586785028,12093.888295045186,-60.405923349904953,19.901102498359538
-0.14594704657793045,0.10523808747529984,0.21387083828449249,3.3538100731138867e-05,-31443.097586785028,12093.888295045186,-60.405923349904953,19.901102498359538
0.14594704657793045,-0.10523808747529984,0.21387083828449249,3.3538100731138867e-05,-31443.097586785028,12093.888295045186,-60.405923349904953,19.901102498359538
-0.14594704657793045,-0.10523808747529984,0.21387083828449249,3.3538100731138867e-05,-31443.097586785028,12093.888295045186,-60.405923349904953,19.901102498359538
0.075401022456949768,0.12308845210662568,0.2270580803819657,8.4880859966711564e-06,-29501.923670319626,6764.4814351205878,-24.549156690561901,8.5946723259054263
-0.075401022456949768,0.12308845210662568,0.2270580803819657,8.4880859966711564e-06,-29501.923670319626,6764.4814351205878,-24.549156690561901,8.5946723259054263
0.075401022456949768,-0.12308845210662568,0.2270580803819657,8.4880859966711564e-06,-29501.923670319626,6764.4814351205878,-24.549156690561901,8.5946723259054263
-0.075401022456949768,-0.12308845210662568,0.2270580803819657,8.4880859966711564e-06,-29501.923670319626,6764.4814351205878,-24.549156690561901,8.5946723259054263
0.024235825751958019,0.095417266613071053,0.23225431254722098,3.1021157404649488e-05,14718.754730727152,-53630.655167823228,27.859704289933422,-106.8116292004253
-0.024235825751958019,0.095417266613071053,0.23225431254722098,3.1021157404649488e-05,14718.754730727152,-53630.655167823228,27.859704289933422,-106.8116292004253
0.024235825751958019,-0.095417266613071053,0.23225431254722098,3.1021157404649488e-05,14718.754730727152,-53630.655167823228,27.859704289933422,-106.8116292004253
-0.024235825751958019,-0.095417266613071053,0.23225431254722098,3.1021157404649488e-05,14718.754730727152,-53630.655167823228,27.859704289933422,-106.8116292004253
0.076342171441121084,0.058949208343780972,0.22694083603501208,1.1896840436001367e-05,51348.528675425245,-49052.866677178114,114.0855930733715,-105.14721313106701
-0.076342171441121084,0.058949208343780972,0.22694083603501208,1.1896840436001367e-05,51348.528675425245,-49052.866677178114,114.0855930733715,-105.14721313106701
0.076342171441121084,-0.058949208343780972,0.22694083603501208,1.1896840436001367e-05,51348.528675425245,-49052.866677178114,114.0855930733715,-105.14721313106701
-0.076342171441121084,-0.058949208343780972,0.22694083603501208,1.1896840436001367e-05,51348.528675425245,-49052.866677178114,114.0855930733715,-105.14721313106701
0.052267193794250488,0.086666665971279144,0.23006154969334602,2.1927601352926299e-05,23099.514582123018,-56221.182264531948,48.178651478458093,-115.77050371687706
-0.052267193794250488,0.086666665971279144,0.23006154969334602,2.1927601352926299e-05,23099.514582123018,-56221.182264531948,48.178651478458093,-115.77050371687706
0.052267193794250488,-0.086666665971279144,0.23006154969334602,2.1927601352926299e-05,23099.514582123018,-56221.182264531948,48.178651478458093,-115.77050371687706
-0.052267193794250488,-0.086666665971279144,0.23006154969334602,2.1927601352926299e-05,23099.514582123018,-56221.182264531948,48.178651478458093,-115.77050371687706
0.057089887545676891,0.098160493993236481,0.22947903658162502,1.6314992880979978e-05,-3949.9736539044434,-50918.371687321851,-3.7618168100245772,-98.832527993867686
-0.057089887545676891,0.098160493993236481,0.22947903658162502,1.6314992880979978e-05,-3949.9736539044434,-50918.371687321851,-3.7618168100245772,-98.832527993867686
0.057089887545676891,-0.098160493993236481,0.22947903658162502,1.6314992880979978e-05,-3949.9736539044434,-50918.371687321851,-3.7618168100245772,-98.832527993867686
-0.057089887545676891,-0.098160493993236481,0.22947903658162502,1.6314992880979978e-05,-3949.9736539044434,-50918.371687321851,-3.7618168100245772,-98.832527993867686
